,equity
2000-01-03 00:00:00+00:00,10000000.0
2000-01-04 00:00:00+00:00,10000000.0
2000-01-05 00:00:00+00:00,10000000.0
2000-01-06 00:00:00+00:00,10000000.0
2000-01-07 00:00:00+00:00,10000000.0
2000-01-10 00:00:00+00:00,10000000.0
2000-01-11 00:00:00+00:00,10000000.0
2000-01-12 00:00:00+00:00,10000000.0
2000-01-13 00:00:00+00:00,10000000.0
2000-01-14 00:00:00+00:00,10000000.0
2000-01-17 00:00:00+00:00,10000000.0
2000-01-18 00:00:00+00:00,10000000.0
2000-01-19 00:00:00+00:00,10000000.0
2000-01-20 00:00:00+00:00,10000000.0
2000-01-21 00:00:00+00:00,10000000.0
2000-01-24 00:00:00+00:00,10000000.0
2000-01-25 00:00:00+00:00,10000000.0
2000-01-26 00:00:00+00:00,10000000.0
2000-01-27 00:00:00+00:00,10000000.0
2000-01-28 00:00:00+00:00,10000000.0
2000-01-31 00:00:00+00:00,10000000.0
2000-02-01 00:00:00+00:00,10000000.0
2000-02-02 00:00:00+00:00,10000000.0
2000-02-03 00:00:00+00:00,10000000.0
2000-02-04 00:00:00+00:00,10000000.0
2000-02-07 00:00:00+00:00,10000000.0
2000-02-08 00:00:00+00:00,10000000.0
2000-02-09 00:00:00+00:00,10000000.0
2000-02-10 00:00:00+00:00,10000000.0
2000-02-11 00:00:00+00:00,10000000.0
2000-02-14 00:00:00+00:00,10000000.0
2000-02-15 00:00:00+00:00,10000000.0
2000-02-16 00:00:00+00:00,10000000.0
2000-02-17 00:00:00+00:00,10000000.0
2000-02-18 00:00:00+00:00,10000000.0
2000-02-21 00:00:00+00:00,10000000.0
2000-02-22 00:00:00+00:00,10000000.0
2000-02-23 00:00:00+00:00,10000000.0
2000-02-24 00:00:00+00:00,10000000.0
2000-02-25 00:00:00+00:00,10000000.0
2000-02-28 00:00:00+00:00,10000000.0
2000-02-29 00:00:00+00:00,10000000.0
2000-03-01 00:00:00+00:00,10000000.0
2000-03-02 00:00:00+00:00,10000000.0
2000-03-03 00:00:00+00:00,10000000.0
2000-03-06 00:00:00+00:00,10000000.0
2000-03-07 00:00:00+00:00,10000000.0
2000-03-08 00:00:00+00:00,10000000.0
2000-03-09 00:00:00+00:00,10000000.0
2000-03-10 00:00:00+00:00,10000000.0
2000-03-13 00:00:00+00:00,10000000.0
2000-03-14 00:00:00+00:00,10000000.0
2000-03-15 00:00:00+00:00,10000000.0
2000-03-16 00:00:00+00:00,10000000.0
2000-03-17 00:00:00+00:00,10000000.0
2000-03-20 00:00:00+00:00,10000000.0
2000-03-21 00:00:00+00:00,10000000.0
2000-03-22 00:00:00+00:00,10000000.0
2000-03-23 00:00:00+00:00,10000000.0
2000-03-24 00:00:00+00:00,10000000.0
2000-03-27 00:00:00+00:00,10000000.0
2000-03-28 00:00:00+00:00,10000000.0
2000-03-29 00:00:00+00:00,10000000.0
2000-03-30 00:00:00+00:00,10000000.0
2000-03-31 00:00:00+00:00,10000000.0
2000-04-03 00:00:00+00:00,10000000.0
2000-04-04 00:00:00+00:00,10000000.0
2000-04-05 00:00:00+00:00,10000000.0
2000-04-06 00:00:00+00:00,10000000.0
2000-04-07 00:00:00+00:00,10000000.0
2000-04-10 00:00:00+00:00,10000000.0
2000-04-11 00:00:00+00:00,10000000.0
2000-04-12 00:00:00+00:00,10000000.0
2000-04-13 00:00:00+00:00,10000000.0
2000-04-14 00:00:00+00:00,10000000.0
2000-04-17 00:00:00+00:00,10000000.0
2000-04-18 00:00:00+00:00,10000000.0
2000-04-19 00:00:00+00:00,10000000.0
2000-04-20 00:00:00+00:00,10000000.0
2000-04-21 00:00:00+00:00,10000000.0
2000-04-24 00:00:00+00:00,10000000.0
2000-04-25 00:00:00+00:00,10000000.0
2000-04-26 00:00:00+00:00,10000000.0
2000-04-27 00:00:00+00:00,10000000.0
2000-04-28 00:00:00+00:00,10000000.0
2000-05-01 00:00:00+00:00,10000000.0
2000-05-02 00:00:00+00:00,10000000.0
2000-05-03 00:00:00+00:00,10000000.0
2000-05-04 00:00:00+00:00,10000000.0
2000-05-05 00:00:00+00:00,10000000.0
2000-05-08 00:00:00+00:00,10000000.0
2000-05-09 00:00:00+00:00,10000000.0
2000-05-10 00:00:00+00:00,10000000.0
2000-05-11 00:00:00+00:00,10000000.0
2000-05-12 00:00:00+00:00,10000000.0
2000-05-15 00:00:00+00:00,10000000.0
2000-05-16 00:00:00+00:00,10000000.0
2000-05-17 00:00:00+00:00,10000000.0
2000-05-18 00:00:00+00:00,10000000.0
2000-05-19 00:00:00+00:00,10000000.0
2000-05-22 00:00:00+00:00,10000000.0
2000-05-23 00:00:00+00:00,10000000.0
2000-05-24 00:00:00+00:00,10000000.0
2000-05-25 00:00:00+00:00,10000000.0
2000-05-26 00:00:00+00:00,10000000.0
2000-05-29 00:00:00+00:00,10000000.0
2000-05-30 00:00:00+00:00,10000000.0
2000-05-31 00:00:00+00:00,10000000.0
2000-06-01 00:00:00+00:00,10000000.0
2000-06-02 00:00:00+00:00,10000000.0
2000-06-05 00:00:00+00:00,10000000.0
2000-06-06 00:00:00+00:00,10000000.0
2000-06-07 00:00:00+00:00,10000000.0
2000-06-08 00:00:00+00:00,10000000.0
2000-06-09 00:00:00+00:00,10000000.0
2000-06-12 00:00:00+00:00,10000000.0
2000-06-13 00:00:00+00:00,10000000.0
2000-06-14 00:00:00+00:00,10000000.0
2000-06-15 00:00:00+00:00,10000000.0
2000-06-16 00:00:00+00:00,10000000.0
2000-06-19 00:00:00+00:00,10000000.0
2000-06-20 00:00:00+00:00,10000000.0
2000-06-21 00:00:00+00:00,10000000.0
2000-06-22 00:00:00+00:00,10000000.0
2000-06-23 00:00:00+00:00,10000000.0
2000-06-26 00:00:00+00:00,10000000.0
2000-06-27 00:00:00+00:00,10000000.0
2000-06-28 00:00:00+00:00,10000000.0
2000-06-29 00:00:00+00:00,10000000.0
2000-06-30 00:00:00+00:00,10000000.0
2000-07-03 00:00:00+00:00,10000000.0
2000-07-04 00:00:00+00:00,10000000.0
2000-07-05 00:00:00+00:00,10000000.0
2000-07-06 00:00:00+00:00,10000000.0
2000-07-07 00:00:00+00:00,10000000.0
2000-07-10 00:00:00+00:00,10000000.0
2000-07-11 00:00:00+00:00,10000000.0
2000-07-12 00:00:00+00:00,10000000.0
2000-07-13 00:00:00+00:00,10000000.0
2000-07-14 00:00:00+00:00,10000000.0
2000-07-17 00:00:00+00:00,10000000.0
2000-07-18 00:00:00+00:00,10000000.0
2000-07-19 00:00:00+00:00,10000000.0
2000-07-20 00:00:00+00:00,10000000.0
2000-07-21 00:00:00+00:00,10000000.0
2000-07-24 00:00:00+00:00,10000000.0
2000-07-25 00:00:00+00:00,10000000.0
2000-07-26 00:00:00+00:00,10000000.0
2000-07-27 00:00:00+00:00,10000000.0
2000-07-28 00:00:00+00:00,10000000.0
2000-07-31 00:00:00+00:00,10000000.0
2000-08-01 00:00:00+00:00,10000000.0
2000-08-02 00:00:00+00:00,10000000.0
2000-08-03 00:00:00+00:00,10000000.0
2000-08-04 00:00:00+00:00,10000000.0
2000-08-07 00:00:00+00:00,10000000.0
2000-08-08 00:00:00+00:00,10000000.0
2000-08-09 00:00:00+00:00,10000000.0
2000-08-10 00:00:00+00:00,10000000.0
2000-08-11 00:00:00+00:00,10000000.0
2000-08-14 00:00:00+00:00,10000000.0
2000-08-15 00:00:00+00:00,10000000.0
2000-08-16 00:00:00+00:00,10000000.0
2000-08-17 00:00:00+00:00,10000000.0
2000-08-18 00:00:00+00:00,10000000.0
2000-08-21 00:00:00+00:00,10000000.0
2000-08-22 00:00:00+00:00,10000000.0
2000-08-23 00:00:00+00:00,10000000.0
2000-08-24 00:00:00+00:00,10000000.0
2000-08-25 00:00:00+00:00,10000000.0
2000-08-28 00:00:00+00:00,10000000.0
2000-08-29 00:00:00+00:00,10000000.0
2000-08-30 00:00:00+00:00,10000000.0
2000-08-31 00:00:00+00:00,10000000.0
2000-09-01 00:00:00+00:00,10000000.0
2000-09-04 00:00:00+00:00,10000000.0
2000-09-05 00:00:00+00:00,10000000.0
2000-09-06 00:00:00+00:00,10000000.0
2000-09-07 00:00:00+00:00,10000000.0
2000-09-08 00:00:00+00:00,10000000.0
2000-09-11 00:00:00+00:00,10000000.0
2000-09-12 00:00:00+00:00,10000000.0
2000-09-13 00:00:00+00:00,10000000.0
2000-09-14 00:00:00+00:00,10000000.0
2000-09-15 00:00:00+00:00,10000000.0
2000-09-18 00:00:00+00:00,10000000.0
2000-09-19 00:00:00+00:00,10000000.0
2000-09-20 00:00:00+00:00,10000000.0
2000-09-21 00:00:00+00:00,10000000.0
2000-09-22 00:00:00+00:00,10000000.0
2000-09-25 00:00:00+00:00,10000000.0
2000-09-26 00:00:00+00:00,10000000.0
2000-09-27 00:00:00+00:00,10000000.0
2000-09-28 00:00:00+00:00,10000000.0
2000-09-29 00:00:00+00:00,10000000.0
2000-10-02 00:00:00+00:00,10000000.0
2000-10-03 00:00:00+00:00,10000000.0
2000-10-04 00:00:00+00:00,10000000.0
2000-10-05 00:00:00+00:00,10000000.0
2000-10-06 00:00:00+00:00,10000000.0
2000-10-09 00:00:00+00:00,10000000.0
2000-10-10 00:00:00+00:00,10000000.0
2000-10-11 00:00:00+00:00,10000000.0
2000-10-12 00:00:00+00:00,10000000.0
2000-10-13 00:00:00+00:00,10000000.0
2000-10-16 00:00:00+00:00,10000000.0
2000-10-17 00:00:00+00:00,10000000.0
2000-10-18 00:00:00+00:00,10000000.0
2000-10-19 00:00:00+00:00,10000000.0
2000-10-20 00:00:00+00:00,10000000.0
2000-10-23 00:00:00+00:00,10000000.0
2000-10-24 00:00:00+00:00,10000000.0
2000-10-25 00:00:00+00:00,10000000.0
2000-10-26 00:00:00+00:00,10000000.0
2000-10-27 00:00:00+00:00,10000000.0
2000-10-30 00:00:00+00:00,10000000.0
2000-10-31 00:00:00+00:00,10000000.0
2000-11-01 00:00:00+00:00,10000000.0
2000-11-02 00:00:00+00:00,10000000.0
2000-11-03 00:00:00+00:00,10000000.0
2000-11-06 00:00:00+00:00,10000000.0
2000-11-07 00:00:00+00:00,10000000.0
2000-11-08 00:00:00+00:00,10000000.0
2000-11-09 00:00:00+00:00,10000000.0
2000-11-10 00:00:00+00:00,10000000.0
2000-11-13 00:00:00+00:00,10000000.0
2000-11-14 00:00:00+00:00,10000000.0
2000-11-15 00:00:00+00:00,10000000.0
2000-11-16 00:00:00+00:00,10000000.0
2000-11-17 00:00:00+00:00,10000000.0
2000-11-20 00:00:00+00:00,10000000.0
2000-11-21 00:00:00+00:00,10000000.0
2000-11-22 00:00:00+00:00,10000000.0
2000-11-23 00:00:00+00:00,10000000.0
2000-11-24 00:00:00+00:00,10000000.0
2000-11-27 00:00:00+00:00,10000000.0
2000-11-28 00:00:00+00:00,10000000.0
2000-11-29 00:00:00+00:00,10000000.0
2000-11-30 00:00:00+00:00,10000000.0
2000-12-01 00:00:00+00:00,10000000.0
2000-12-04 00:00:00+00:00,10000000.0
2000-12-05 00:00:00+00:00,10000000.0
2000-12-06 00:00:00+00:00,10000000.0
2000-12-07 00:00:00+00:00,10000000.0
2000-12-08 00:00:00+00:00,10000000.0
2000-12-11 00:00:00+00:00,10000000.0
2000-12-12 00:00:00+00:00,10000000.0
2000-12-13 00:00:00+00:00,10000000.0
2000-12-14 00:00:00+00:00,10000000.0
2000-12-15 00:00:00+00:00,10000000.0
2000-12-18 00:00:00+00:00,10000000.0
2000-12-19 00:00:00+00:00,10000000.0
2000-12-20 00:00:00+00:00,10000000.0
2000-12-21 00:00:00+00:00,9978609.453757197
2000-12-22 00:00:00+00:00,9950652.899069697
2000-12-25 00:00:00+00:00,9950547.900757443
2000-12-26 00:00:00+00:00,9929595.951702245
2000-12-27 00:00:00+00:00,9967597.117321141
2000-12-28 00:00:00+00:00,9972160.666019566
2000-12-29 00:00:00+00:00,9984571.799099095
2001-01-01 00:00:00+00:00,9989484.946564868
2001-01-02 00:00:00+00:00,9989484.946564868
2001-01-03 00:00:00+00:00,9989484.946564868
2001-01-04 00:00:00+00:00,9989484.946564868
2001-01-05 00:00:00+00:00,9989484.946564868
2001-01-08 00:00:00+00:00,9989484.946564868
2001-01-09 00:00:00+00:00,9989484.946564868
2001-01-10 00:00:00+00:00,9989484.946564868
2001-01-11 00:00:00+00:00,9989484.946564868
2001-01-12 00:00:00+00:00,9989484.946564868
2001-01-15 00:00:00+00:00,9989484.946564868
2001-01-16 00:00:00+00:00,9989484.946564868
2001-01-17 00:00:00+00:00,9989484.946564868
2001-01-18 00:00:00+00:00,9989484.946564868
2001-01-19 00:00:00+00:00,9989484.946564868
2001-01-22 00:00:00+00:00,9989484.946564868
2001-01-23 00:00:00+00:00,9989484.946564868
2001-01-24 00:00:00+00:00,9989484.946564868
2001-01-25 00:00:00+00:00,9989484.946564868
2001-01-26 00:00:00+00:00,9989484.946564868
2001-01-29 00:00:00+00:00,9989484.946564868
2001-01-30 00:00:00+00:00,9989484.946564868
2001-01-31 00:00:00+00:00,9989484.946564868
2001-02-01 00:00:00+00:00,9989484.946564868
2001-02-02 00:00:00+00:00,9989484.946564868
2001-02-05 00:00:00+00:00,9989484.946564868
2001-02-06 00:00:00+00:00,9989484.946564868
2001-02-07 00:00:00+00:00,9989484.946564868
2001-02-08 00:00:00+00:00,9998538.119372146
2001-02-09 00:00:00+00:00,9995751.005331771
2001-02-12 00:00:00+00:00,9995624.303957717
2001-02-13 00:00:00+00:00,9990151.39180638
2001-02-14 00:00:00+00:00,9993014.526671188
2001-02-15 00:00:00+00:00,10000083.695456283
2001-02-16 00:00:00+00:00,9995751.005331771
2001-02-19 00:00:00+00:00,9986806.836889999
2001-02-20 00:00:00+00:00,9978977.55020024
2001-02-21 00:00:00+00:00,9984627.799105423
2001-02-22 00:00:00+00:00,9990557.975246117
2001-02-23 00:00:00+00:00,9975231.110447047
2001-02-26 00:00:00+00:00,9986304.818925021
2001-02-27 00:00:00+00:00,9978794.531338809
2001-02-28 00:00:00+00:00,10061069.086395599
2001-03-01 00:00:00+00:00,10037746.454754386
2001-03-02 00:00:00+00:00,9960873.822215201
2001-03-05 00:00:00+00:00,9913460.077799665
2001-03-06 00:00:00+00:00,9913222.161884965
2001-03-07 00:00:00+00:00,9970236.598182382
2001-03-08 00:00:00+00:00,9977514.863907803
2001-03-09 00:00:00+00:00,9913730.408620296
2001-03-12 00:00:00+00:00,9813255.124864133
2001-03-13 00:00:00+00:00,9727873.693140268
2001-03-14 00:00:00+00:00,9934452.850092165
2001-03-15 00:00:00+00:00,10036255.063827507
2001-03-16 00:00:00+00:00,9954957.837352507
2001-03-19 00:00:00+00:00,9998029.112775318
2001-03-20 00:00:00+00:00,9949594.074607126
2001-03-21 00:00:00+00:00,10018269.070143215
2001-03-22 00:00:00+00:00,10000756.417213526
2001-03-23 00:00:00+00:00,9932461.370082576
2001-03-26 00:00:00+00:00,9946824.61168452
2001-03-27 00:00:00+00:00,9945150.380837876
2001-03-28 00:00:00+00:00,9972559.624197204
2001-03-29 00:00:00+00:00,9951098.824985914
2001-03-30 00:00:00+00:00,9916379.349603824
2001-04-02 00:00:00+00:00,9892800.979862146
2001-04-03 00:00:00+00:00,9902545.95158904
2001-04-04 00:00:00+00:00,9919069.95930522
2001-04-05 00:00:00+00:00,9918976.05465836
2001-04-06 00:00:00+00:00,9926427.304809041
2001-04-09 00:00:00+00:00,9922730.459830014
2001-04-10 00:00:00+00:00,9927523.863236157
2001-04-11 00:00:00+00:00,9900928.520868849
2001-04-12 00:00:00+00:00,9828568.792143296
2001-04-13 00:00:00+00:00,9449356.479740296
2001-04-16 00:00:00+00:00,9889397.815846596
2001-04-17 00:00:00+00:00,9950175.803312454
2001-04-18 00:00:00+00:00,10139046.278307367
2001-04-19 00:00:00+00:00,10200878.905555414
2001-04-20 00:00:00+00:00,10188151.945953079
2001-04-23 00:00:00+00:00,10179420.144366927
2001-04-24 00:00:00+00:00,10148235.144366927
2001-04-25 00:00:00+00:00,10207278.74753923
2001-04-26 00:00:00+00:00,10220180.302853217
2001-04-27 00:00:00+00:00,10222804.052853217
2001-04-30 00:00:00+00:00,10215982.302853217
2001-05-01 00:00:00+00:00,10228995.713083956
2001-05-02 00:00:00+00:00,10215768.617747996
2001-05-03 00:00:00+00:00,10222222.008696768
2001-05-04 00:00:00+00:00,10218476.874091838
2001-05-07 00:00:00+00:00,10203977.093400214
2001-05-08 00:00:00+00:00,10208697.566626087
2001-05-09 00:00:00+00:00,10208697.566626087
2001-05-10 00:00:00+00:00,10208697.566626087
2001-05-11 00:00:00+00:00,10208697.566626087
2001-05-14 00:00:00+00:00,10208697.566626087
2001-05-15 00:00:00+00:00,10208697.566626087
2001-05-16 00:00:00+00:00,10208697.566626087
2001-05-17 00:00:00+00:00,10208697.566626087
2001-05-18 00:00:00+00:00,10208697.566626087
2001-05-21 00:00:00+00:00,10203000.464095907
2001-05-22 00:00:00+00:00,10203256.589958029
2001-05-23 00:00:00+00:00,10205817.799728232
2001-05-24 00:00:00+00:00,10205443.339944864
2001-05-25 00:00:00+00:00,10194361.213510538
2001-05-28 00:00:00+00:00,10191245.448858285
2001-05-29 00:00:00+00:00,10192184.216959024
2001-05-30 00:00:00+00:00,10218896.740694538
2001-05-31 00:00:00+00:00,10206264.025871292
2001-06-01 00:00:00+00:00,10197717.567828432
2001-06-04 00:00:00+00:00,10212142.106900524
2001-06-05 00:00:00+00:00,10206400.751124678
2001-06-06 00:00:00+00:00,10196103.996042887
2001-06-07 00:00:00+00:00,10196103.996042887
2001-06-08 00:00:00+00:00,10197267.345870877
2001-06-11 00:00:00+00:00,10227264.174107457
2001-06-12 00:00:00+00:00,10234452.360272313
2001-06-13 00:00:00+00:00,10228731.84829215
2001-06-14 00:00:00+00:00,10211441.43096713
2001-06-15 00:00:00+00:00,10172880.615208767
2001-06-18 00:00:00+00:00,10189073.753007144
2001-06-19 00:00:00+00:00,10212259.53683588
2001-06-20 00:00:00+00:00,10213974.156994157
2001-06-21 00:00:00+00:00,10213974.156994157
2001-06-22 00:00:00+00:00,10211988.57125336
2001-06-25 00:00:00+00:00,10218449.012426913
2001-06-26 00:00:00+00:00,10245337.204471098
2001-06-27 00:00:00+00:00,10233195.29326676
2001-06-28 00:00:00+00:00,10225218.96030994
2001-06-29 00:00:00+00:00,10192258.23511856
2001-07-02 00:00:00+00:00,10166654.71996563
2001-07-03 00:00:00+00:00,10157263.972019285
2001-07-04 00:00:00+00:00,9331605.809649635
2001-07-05 00:00:00+00:00,10145035.494876783
2001-07-06 00:00:00+00:00,10123255.731393706
2001-07-09 00:00:00+00:00,10096463.009398352
2001-07-10 00:00:00+00:00,10137040.672608113
2001-07-11 00:00:00+00:00,10134385.981584286
2001-07-12 00:00:00+00:00,10180286.196509691
2001-07-13 00:00:00+00:00,10196937.462264247
2001-07-16 00:00:00+00:00,10200270.100997157
2001-07-17 00:00:00+00:00,10209808.935599692
2001-07-18 00:00:00+00:00,10212205.07924579
2001-07-19 00:00:00+00:00,10207394.632529845
2001-07-20 00:00:00+00:00,10210568.099960309
2001-07-23 00:00:00+00:00,10237545.528221112
2001-07-24 00:00:00+00:00,10217359.999995776
2001-07-25 00:00:00+00:00,10209685.366429873
2001-07-26 00:00:00+00:00,10186324.051273892
2001-07-27 00:00:00+00:00,10189186.32836156
2001-07-30 00:00:00+00:00,10181046.718820766
2001-07-31 00:00:00+00:00,10163803.585568622
2001-08-01 00:00:00+00:00,10154429.73732316
2001-08-02 00:00:00+00:00,10157329.123584146
2001-08-03 00:00:00+00:00,10157309.696749257
2001-08-06 00:00:00+00:00,10153306.50751619
2001-08-07 00:00:00+00:00,10155988.399056718
2001-08-08 00:00:00+00:00,10147885.69501619
2001-08-09 00:00:00+00:00,10149597.549386308
2001-08-10 00:00:00+00:00,10153106.80225496
2001-08-13 00:00:00+00:00,10150310.800729081
2001-08-14 00:00:00+00:00,10148228.076119706
2001-08-15 00:00:00+00:00,10148228.076119706
2001-08-16 00:00:00+00:00,10141123.949532792
2001-08-17 00:00:00+00:00,10148143.644992262
2001-08-20 00:00:00+00:00,10150380.307620436
2001-08-21 00:00:00+00:00,10151106.081424147
2001-08-22 00:00:00+00:00,10151106.081424147
2001-08-23 00:00:00+00:00,10147388.428487094
2001-08-24 00:00:00+00:00,10141214.558304852
2001-08-27 00:00:00+00:00,10137712.254921978
2001-08-28 00:00:00+00:00,10130099.2610789
2001-08-29 00:00:00+00:00,10120106.988560742
2001-08-30 00:00:00+00:00,10117660.431389626
2001-08-31 00:00:00+00:00,10113524.31171067
2001-09-03 00:00:00+00:00,9684124.643874148
2001-09-04 00:00:00+00:00,10097633.031514863
2001-09-05 00:00:00+00:00,10088630.813860213
2001-09-06 00:00:00+00:00,10079337.024496928
2001-09-07 00:00:00+00:00,10091510.604523882
2001-09-10 00:00:00+00:00,10093228.508757532
2001-09-11 00:00:00+00:00,9654975.868394077
2001-09-12 00:00:00+00:00,9562211.55727236
2001-09-13 00:00:00+00:00,9528217.478403335
2001-09-14 00:00:00+00:00,9790305.035944408
2001-09-17 00:00:00+00:00,9678185.375950053
2001-09-18 00:00:00+00:00,9741456.45152218
2001-09-19 00:00:00+00:00,9750372.498576948
2001-09-20 00:00:00+00:00,9714769.350563357
2001-09-21 00:00:00+00:00,9648261.046389326
2001-09-24 00:00:00+00:00,9682424.627151236
2001-09-25 00:00:00+00:00,9622819.611420833
2001-09-26 00:00:00+00:00,9662279.54498776
2001-09-27 00:00:00+00:00,9753374.757567555
2001-09-28 00:00:00+00:00,9767482.697801938
2001-10-01 00:00:00+00:00,9765031.07884416
2001-10-02 00:00:00+00:00,9756409.042871565
2001-10-03 00:00:00+00:00,9752533.829248518
2001-10-04 00:00:00+00:00,9758135.970077604
2001-10-05 00:00:00+00:00,9754286.288613409
2001-10-08 00:00:00+00:00,9748582.857710298
2001-10-09 00:00:00+00:00,9756962.557315644
2001-10-10 00:00:00+00:00,9753261.016715791
2001-10-11 00:00:00+00:00,9769664.308442857
2001-10-12 00:00:00+00:00,9770925.045439085
2001-10-15 00:00:00+00:00,9770310.610349795
2001-10-16 00:00:00+00:00,9773382.822419902
2001-10-17 00:00:00+00:00,9772605.161344513
2001-10-18 00:00:00+00:00,9776918.161344513
2001-10-19 00:00:00+00:00,9773059.161344513
2001-10-22 00:00:00+00:00,9765677.790296745
2001-10-23 00:00:00+00:00,9768058.85962398
2001-10-24 00:00:00+00:00,9761250.020846087
2001-10-25 00:00:00+00:00,9763140.067064244
2001-10-26 00:00:00+00:00,9769125.188387353
2001-10-29 00:00:00+00:00,9765305.806085238
2001-10-30 00:00:00+00:00,9765305.806085238
2001-10-31 00:00:00+00:00,9765305.806085238
2001-11-01 00:00:00+00:00,9765305.806085238
2001-11-02 00:00:00+00:00,9764001.731280826
2001-11-05 00:00:00+00:00,9760936.614203952
2001-11-06 00:00:00+00:00,9759020.906896137
2001-11-07 00:00:00+00:00,9762277.5983577
2001-11-08 00:00:00+00:00,9782967.156896137
2001-11-09 00:00:00+00:00,9797831.33120642
2001-11-12 00:00:00+00:00,9797831.33120642
2001-11-13 00:00:00+00:00,9797831.33120642
2001-11-14 00:00:00+00:00,9797831.33120642
2001-11-15 00:00:00+00:00,9797831.33120642
2001-11-16 00:00:00+00:00,9806976.99726704
2001-11-19 00:00:00+00:00,9800014.676424297
2001-11-20 00:00:00+00:00,9832131.05327824
2001-11-21 00:00:00+00:00,9827863.83128384
2001-11-22 00:00:00+00:00,9402041.211845668
2001-11-23 00:00:00+00:00,9402041.211845668
2001-11-26 00:00:00+00:00,9821799.933840068
2001-11-27 00:00:00+00:00,9839542.521564754
2001-11-28 00:00:00+00:00,9830840.120852474
2001-11-29 00:00:00+00:00,9830840.120852474
2001-11-30 00:00:00+00:00,9830840.120852474
2001-12-03 00:00:00+00:00,9830840.120852474
2001-12-04 00:00:00+00:00,9830840.120852474
2001-12-05 00:00:00+00:00,9830840.120852474
2001-12-06 00:00:00+00:00,9830840.120852474
2001-12-07 00:00:00+00:00,9830840.120852474
2001-12-10 00:00:00+00:00,9830840.120852474
2001-12-11 00:00:00+00:00,9830840.120852474
2001-12-12 00:00:00+00:00,9830840.120852474
2001-12-13 00:00:00+00:00,9830840.120852474
2001-12-14 00:00:00+00:00,9830840.120852474
2001-12-17 00:00:00+00:00,9830722.151247138
2001-12-18 00:00:00+00:00,9838647.056261176
2001-12-19 00:00:00+00:00,9827127.870095935
2001-12-20 00:00:00+00:00,9837812.172782494
2001-12-21 00:00:00+00:00,9830911.927356316
2001-12-24 00:00:00+00:00,9839662.345058192
2001-12-25 00:00:00+00:00,9839313.50252681
2001-12-26 00:00:00+00:00,9829575.638178641
2001-12-27 00:00:00+00:00,9786064.521227414
2001-12-28 00:00:00+00:00,9837089.180638844
2001-12-31 00:00:00+00:00,9910080.465088133
2002-01-01 00:00:00+00:00,9906110.86540826
2002-01-02 00:00:00+00:00,9898888.565463165
2002-01-03 00:00:00+00:00,9900066.350550273
2002-01-04 00:00:00+00:00,9906308.428340057
2002-01-07 00:00:00+00:00,9903603.465041252
2002-01-08 00:00:00+00:00,9896887.573229404
2002-01-09 00:00:00+00:00,9905149.691137088
2002-01-10 00:00:00+00:00,9895705.189673675
2002-01-11 00:00:00+00:00,9895705.189673675
2002-01-14 00:00:00+00:00,9930048.797861828
2002-01-15 00:00:00+00:00,9920373.644495266
2002-01-16 00:00:00+00:00,9920373.644495266
2002-01-17 00:00:00+00:00,9920373.644495266
2002-01-18 00:00:00+00:00,9920373.644495266
2002-01-21 00:00:00+00:00,9920373.644495266
2002-01-22 00:00:00+00:00,9920373.644495266
2002-01-23 00:00:00+00:00,9920373.644495266
2002-01-24 00:00:00+00:00,9920373.644495266
2002-01-25 00:00:00+00:00,9920373.644495266
2002-01-28 00:00:00+00:00,9920373.644495266
2002-01-29 00:00:00+00:00,9920373.644495266
2002-01-30 00:00:00+00:00,9920373.644495266
2002-01-31 00:00:00+00:00,9920373.644495266
2002-02-01 00:00:00+00:00,9907053.543901177
2002-02-04 00:00:00+00:00,9904863.043451043
2002-02-05 00:00:00+00:00,9913071.184158102
2002-02-06 00:00:00+00:00,9913071.184158102
2002-02-07 00:00:00+00:00,9931986.427468628
2002-02-08 00:00:00+00:00,9931082.863208
2002-02-11 00:00:00+00:00,9931082.863208
2002-02-12 00:00:00+00:00,9931082.863208
2002-02-13 00:00:00+00:00,9931082.863208
2002-02-14 00:00:00+00:00,9931082.863208
2002-02-15 00:00:00+00:00,9931082.863208
2002-02-18 00:00:00+00:00,9931082.863208
2002-02-19 00:00:00+00:00,9931082.863208
2002-02-20 00:00:00+00:00,9931082.863208
2002-02-21 00:00:00+00:00,9931082.863208
2002-02-22 00:00:00+00:00,9931082.863208
2002-02-25 00:00:00+00:00,9931082.863208
2002-02-26 00:00:00+00:00,9931082.863208
2002-02-27 00:00:00+00:00,9931082.863208
2002-02-28 00:00:00+00:00,9931082.863208
2002-03-01 00:00:00+00:00,9929324.390054945
2002-03-04 00:00:00+00:00,9934164.446878675
2002-03-05 00:00:00+00:00,9929572.017908338
2002-03-06 00:00:00+00:00,9944648.124918226
2002-03-07 00:00:00+00:00,9944184.039217237
2002-03-08 00:00:00+00:00,9939938.483324293
2002-03-11 00:00:00+00:00,9937803.003702406
2002-03-12 00:00:00+00:00,9934943.218652967
2002-03-13 00:00:00+00:00,9937537.646329165
2002-03-14 00:00:00+00:00,9945894.564868212
2002-03-15 00:00:00+00:00,9952704.573968172
2002-03-18 00:00:00+00:00,9962114.141507635
2002-03-19 00:00:00+00:00,9958378.294169912
2002-03-20 00:00:00+00:00,9951547.464359231
2002-03-21 00:00:00+00:00,9956672.353184648
2002-03-22 00:00:00+00:00,9944945.8958034
2002-03-25 00:00:00+00:00,9944945.8958034
2002-03-26 00:00:00+00:00,9929831.839359231
2002-03-27 00:00:00+00:00,9936354.054101367
2002-03-28 00:00:00+00:00,9930793.144044096
2002-03-29 00:00:00+00:00,9930793.144044096
2002-04-01 00:00:00+00:00,9947527.928084547
2002-04-02 00:00:00+00:00,9954512.566616774
2002-04-03 00:00:00+00:00,9954512.566616774
2002-04-04 00:00:00+00:00,9947452.213708699
2002-04-05 00:00:00+00:00,9939068.322369397
2002-04-08 00:00:00+00:00,9924757.919586003
2002-04-09 00:00:00+00:00,9923058.852875728
2002-04-10 00:00:00+00:00,9923058.852875728
2002-04-11 00:00:00+00:00,9923058.852875728
2002-04-12 00:00:00+00:00,9923058.852875728
2002-04-15 00:00:00+00:00,9923058.852875728
2002-04-16 00:00:00+00:00,9923058.852875728
2002-04-17 00:00:00+00:00,9911110.851080522
2002-04-18 00:00:00+00:00,9906606.033896074
2002-04-19 00:00:00+00:00,9902288.956808671
2002-04-22 00:00:00+00:00,9902466.375678677
2002-04-23 00:00:00+00:00,9915826.353910107
2002-04-24 00:00:00+00:00,9922592.128759999
2002-04-25 00:00:00+00:00,9922124.151255269
2002-04-26 00:00:00+00:00,9916213.65279736
2002-04-29 00:00:00+00:00,9898961.529118199
2002-04-30 00:00:00+00:00,9907300.230497995
2002-05-01 00:00:00+00:00,9522789.493031198
2002-05-02 00:00:00+00:00,9924163.5950486
2002-05-03 00:00:00+00:00,9934740.422737772
2002-05-06 00:00:00+00:00,9934947.888047272
2002-05-07 00:00:00+00:00,9948788.935091065
2002-05-08 00:00:00+00:00,9949051.99276747
2002-05-09 00:00:00+00:00,9949051.99276747
2002-05-10 00:00:00+00:00,9949051.99276747
2002-05-13 00:00:00+00:00,9949051.99276747
2002-05-14 00:00:00+00:00,9949051.99276747
2002-05-15 00:00:00+00:00,9949051.99276747
2002-05-16 00:00:00+00:00,9949051.99276747
2002-05-17 00:00:00+00:00,9945693.131635468
2002-05-20 00:00:00+00:00,9867382.058222327
2002-05-21 00:00:00+00:00,9836235.01120561
2002-05-22 00:00:00+00:00,9866418.941010093
2002-05-23 00:00:00+00:00,9833489.234906768
2002-05-24 00:00:00+00:00,10000702.063533163
2002-05-27 00:00:00+00:00,9991091.314093342
2002-05-28 00:00:00+00:00,9928931.61328434
2002-05-29 00:00:00+00:00,9975437.921087256
2002-05-30 00:00:00+00:00,9963228.406024996
2002-05-31 00:00:00+00:00,9970756.407674853
2002-06-03 00:00:00+00:00,9978421.870439429
2002-06-04 00:00:00+00:00,9983259.865097655
2002-06-05 00:00:00+00:00,10004822.768173745
2002-06-06 00:00:00+00:00,9999982.30704767
2002-06-07 00:00:00+00:00,9992174.905426806
2002-06-10 00:00:00+00:00,9997665.0232876
2002-06-11 00:00:00+00:00,10002691.696101015
2002-06-12 00:00:00+00:00,10009500.897134608
2002-06-13 00:00:00+00:00,10012245.956065005
2002-06-14 00:00:00+00:00,10014150.968543401
2002-06-17 00:00:00+00:00,10014150.968543401
2002-06-18 00:00:00+00:00,10014150.968543401
2002-06-19 00:00:00+00:00,10009478.181949992
2002-06-20 00:00:00+00:00,9999564.291386027
2002-06-21 00:00:00+00:00,10000824.52016868
2002-06-24 00:00:00+00:00,10001471.918138497
2002-06-25 00:00:00+00:00,10000984.205671303
2002-06-26 00:00:00+00:00,9996350.220552437
2002-06-27 00:00:00+00:00,9997693.161420815
2002-06-28 00:00:00+00:00,10004580.233587258
2002-07-01 00:00:00+00:00,10027882.912745785
2002-07-02 00:00:00+00:00,10025677.81327374
2002-07-03 00:00:00+00:00,10028763.691363644
2002-07-04 00:00:00+00:00,10042707.141733214
2002-07-05 00:00:00+00:00,10042363.490378091
2002-07-08 00:00:00+00:00,10043339.615378091
2002-07-09 00:00:00+00:00,10048181.21682615
2002-07-10 00:00:00+00:00,10050277.179699145
2002-07-11 00:00:00+00:00,10050277.179699145
2002-07-12 00:00:00+00:00,10046577.756871348
2002-07-15 00:00:00+00:00,10022961.931585882
2002-07-16 00:00:00+00:00,10020698.113463245
2002-07-17 00:00:00+00:00,10023457.263359033
2002-07-18 00:00:00+00:00,10028368.309119359
2002-07-19 00:00:00+00:00,10002723.15627493
2002-07-22 00:00:00+00:00,9960296.275671259
2002-07-23 00:00:00+00:00,9947886.753795855
2002-07-24 00:00:00+00:00,9944808.222414248
2002-07-25 00:00:00+00:00,9952051.815506212
2002-07-26 00:00:00+00:00,9930597.064835748
2002-07-29 00:00:00+00:00,9914360.015312558
2002-07-30 00:00:00+00:00,9880375.83921932
2002-07-31 00:00:00+00:00,9929558.254223522
2002-08-01 00:00:00+00:00,9877674.338838514
2002-08-02 00:00:00+00:00,9877892.37795585
2002-08-05 00:00:00+00:00,9910689.247617688
2002-08-06 00:00:00+00:00,9931795.77428576
2002-08-07 00:00:00+00:00,9947029.380565371
2002-08-08 00:00:00+00:00,9855418.727293696
2002-08-09 00:00:00+00:00,9908353.748569693
2002-08-12 00:00:00+00:00,9917443.661230596
2002-08-13 00:00:00+00:00,9921469.958644422
2002-08-14 00:00:00+00:00,9904114.309919389
2002-08-15 00:00:00+00:00,9904114.309919389
2002-08-16 00:00:00+00:00,9908973.813293966
2002-08-19 00:00:00+00:00,9900176.028635534
2002-08-20 00:00:00+00:00,9897854.91397575
2002-08-21 00:00:00+00:00,9894370.863041239
2002-08-22 00:00:00+00:00,9904147.475273067
2002-08-23 00:00:00+00:00,9907754.1535415
2002-08-26 00:00:00+00:00,9896747.510028316
2002-08-27 00:00:00+00:00,9920386.726825215
2002-08-28 00:00:00+00:00,9920386.726825215
2002-08-29 00:00:00+00:00,9920386.726825215
2002-08-30 00:00:00+00:00,9928819.401735894
2002-09-02 00:00:00+00:00,9943025.151735894
2002-09-03 00:00:00+00:00,9944300.320677476
2002-09-04 00:00:00+00:00,9944300.320677476
2002-09-05 00:00:00+00:00,9944300.320677476
2002-09-06 00:00:00+00:00,9944300.320677476
2002-09-09 00:00:00+00:00,9880904.925794654
2002-09-10 00:00:00+00:00,9880572.511348834
2002-09-11 00:00:00+00:00,9853332.560218444
2002-09-12 00:00:00+00:00,9869901.61937677
2002-09-13 00:00:00+00:00,9860500.369123569
2002-09-16 00:00:00+00:00,9827356.729317544
2002-09-17 00:00:00+00:00,9817726.75481808
2002-09-18 00:00:00+00:00,9793585.288757041
2002-09-19 00:00:00+00:00,9745824.270422569
2002-09-20 00:00:00+00:00,9739650.590351406
2002-09-23 00:00:00+00:00,9769134.420438308
2002-09-24 00:00:00+00:00,9764712.632214487
2002-09-25 00:00:00+00:00,9751180.16254896
2002-09-26 00:00:00+00:00,9778473.452225547
2002-09-27 00:00:00+00:00,9794499.556769352
2002-09-30 00:00:00+00:00,9776929.586872574
2002-10-01 00:00:00+00:00,9768421.69412851
2002-10-02 00:00:00+00:00,9768307.90032981
2002-10-03 00:00:00+00:00,9772133.060967188
2002-10-04 00:00:00+00:00,9777625.240720568
2002-10-07 00:00:00+00:00,9789351.603008583
2002-10-08 00:00:00+00:00,9821976.838997187
2002-10-09 00:00:00+00:00,9833289.581267435
2002-10-10 00:00:00+00:00,9825401.90663756
2002-10-11 00:00:00+00:00,9823981.36817621
2002-10-14 00:00:00+00:00,9836206.308010805
2002-10-15 00:00:00+00:00,9837280.83789768
2002-10-16 00:00:00+00:00,9844267.205210801
2002-10-17 00:00:00+00:00,9839459.080572337
2002-10-18 00:00:00+00:00,9837751.083030486
2002-10-21 00:00:00+00:00,9833919.523546243
2002-10-22 00:00:00+00:00,9842187.239448572
2002-10-23 00:00:00+00:00,9825740.337061897
2002-10-24 00:00:00+00:00,9788399.634814452
2002-10-25 00:00:00+00:00,9813039.884076556
2002-10-28 00:00:00+00:00,9837452.711797277
2002-10-29 00:00:00+00:00,9833157.286242153
2002-10-30 00:00:00+00:00,9831849.001530211
2002-10-31 00:00:00+00:00,9828401.759668872
2002-11-01 00:00:00+00:00,9814157.144261613
2002-11-04 00:00:00+00:00,9845819.87750087
2002-11-05 00:00:00+00:00,9850355.997135807
2002-11-06 00:00:00+00:00,9850355.997135807
2002-11-07 00:00:00+00:00,9855413.161864925
2002-11-08 00:00:00+00:00,9850327.836826969
2002-11-11 00:00:00+00:00,9856335.970285252
2002-11-12 00:00:00+00:00,9858512.489368929
2002-11-13 00:00:00+00:00,9863124.483345367
2002-11-14 00:00:00+00:00,9891856.329569994
2002-11-15 00:00:00+00:00,9901347.046639932
2002-11-18 00:00:00+00:00,9916363.046529306
2002-11-19 00:00:00+00:00,9916112.483769925
2002-11-20 00:00:00+00:00,9916112.483769925
2002-11-21 00:00:00+00:00,9916112.483769925
2002-11-22 00:00:00+00:00,9916112.483769925
2002-11-25 00:00:00+00:00,9916112.483769925
2002-11-26 00:00:00+00:00,9916112.483769925
2002-11-27 00:00:00+00:00,9916112.483769925
2002-11-28 00:00:00+00:00,9916112.483769925
2002-11-29 00:00:00+00:00,9916112.483769925
2002-12-02 00:00:00+00:00,9916112.483769925
2002-12-03 00:00:00+00:00,9916112.483769925
2002-12-04 00:00:00+00:00,9916112.483769925
2002-12-05 00:00:00+00:00,9916112.483769925
2002-12-06 00:00:00+00:00,9915992.725944925
2002-12-09 00:00:00+00:00,9914563.975944925
2002-12-10 00:00:00+00:00,9890825.532680208
2002-12-11 00:00:00+00:00,9888328.997275492
2002-12-12 00:00:00+00:00,9889416.408457896
2002-12-13 00:00:00+00:00,9894542.502458712
2002-12-16 00:00:00+00:00,9897493.862979075
2002-12-17 00:00:00+00:00,9894387.132608553
2002-12-18 00:00:00+00:00,9847494.492297519
2002-12-19 00:00:00+00:00,9896095.815318216
2002-12-20 00:00:00+00:00,9889669.741470378
2002-12-23 00:00:00+00:00,9892597.896003764
2002-12-24 00:00:00+00:00,9896860.442853015
2002-12-25 00:00:00+00:00,9896860.442853015
2002-12-26 00:00:00+00:00,9911137.113664668
2002-12-27 00:00:00+00:00,9901381.489248691
2002-12-30 00:00:00+00:00,9889731.239248691
2002-12-31 00:00:00+00:00,9890968.167590048
2003-01-01 00:00:00+00:00,9890968.167590048
2003-01-02 00:00:00+00:00,9894408.933882548
2003-01-03 00:00:00+00:00,9896538.683882548
2003-01-06 00:00:00+00:00,9897755.683882548
2003-01-07 00:00:00+00:00,9893191.933882548
2003-01-08 00:00:00+00:00,9904449.183882548
2003-01-09 00:00:00+00:00,9903421.272975672
2003-01-10 00:00:00+00:00,9903421.272975672
2003-01-13 00:00:00+00:00,9902978.983632574
2003-01-14 00:00:00+00:00,9924920.433987908
2003-01-15 00:00:00+00:00,9941829.06762178
2003-01-16 00:00:00+00:00,9937810.423612164
2003-01-17 00:00:00+00:00,9937810.423612164
2003-01-20 00:00:00+00:00,9937810.423612164
2003-01-21 00:00:00+00:00,9937810.423612164
2003-01-22 00:00:00+00:00,9937810.423612164
2003-01-23 00:00:00+00:00,9937810.423612164
2003-01-24 00:00:00+00:00,9937810.423612164
2003-01-27 00:00:00+00:00,9937810.423612164
2003-01-28 00:00:00+00:00,10016825.427550497
2003-01-29 00:00:00+00:00,9946766.430116307
2003-01-30 00:00:00+00:00,9927959.75134181
2003-01-31 00:00:00+00:00,9933042.573815987
2003-02-03 00:00:00+00:00,9992100.748500034
2003-02-04 00:00:00+00:00,9988221.080728933
2003-02-05 00:00:00+00:00,9976679.356914923
2003-02-06 00:00:00+00:00,10010796.46938353
2003-02-07 00:00:00+00:00,10027820.308176968
2003-02-10 00:00:00+00:00,10017005.380270349
2003-02-11 00:00:00+00:00,10016520.892164972
2003-02-12 00:00:00+00:00,10005674.60661941
2003-02-13 00:00:00+00:00,10005674.60661941
2003-02-14 00:00:00+00:00,9962360.502063565
2003-02-17 00:00:00+00:00,9997857.329145951
2003-02-18 00:00:00+00:00,10015389.915704902
2003-02-19 00:00:00+00:00,10034582.255605873
2003-02-20 00:00:00+00:00,10027792.424035445
2003-02-21 00:00:00+00:00,9999611.680730872
2003-02-24 00:00:00+00:00,10011203.940348677
2003-02-25 00:00:00+00:00,10008882.944996381
2003-02-26 00:00:00+00:00,10001695.87505427
2003-02-27 00:00:00+00:00,10003962.055900723
2003-02-28 00:00:00+00:00,10027359.744721562
2003-03-03 00:00:00+00:00,10043150.070600076
2003-03-04 00:00:00+00:00,10026270.402818525
2003-03-05 00:00:00+00:00,10005449.628873019
2003-03-06 00:00:00+00:00,10018998.964347223
2003-03-07 00:00:00+00:00,9996337.814824915
2003-03-10 00:00:00+00:00,9980113.796668777
2003-03-11 00:00:00+00:00,9968558.067862552
2003-03-12 00:00:00+00:00,9948867.738853496
2003-03-13 00:00:00+00:00,9940458.334695857
2003-03-14 00:00:00+00:00,9545711.855936091
2003-03-17 00:00:00+00:00,9941079.32013325
2003-03-18 00:00:00+00:00,9549178.49155786
2003-03-19 00:00:00+00:00,9952506.804904724
2003-03-20 00:00:00+00:00,9983283.738889672
2003-03-21 00:00:00+00:00,9998471.781541348
2003-03-24 00:00:00+00:00,9966564.730045319
2003-03-25 00:00:00+00:00,9958831.957417011
2003-03-26 00:00:00+00:00,9964095.047550224
2003-03-27 00:00:00+00:00,9962888.694991611
2003-03-28 00:00:00+00:00,9948183.050604843
2003-03-31 00:00:00+00:00,9906644.165009884
2003-04-01 00:00:00+00:00,9529351.32014849
2003-04-02 00:00:00+00:00,9972037.630693741
2003-04-03 00:00:00+00:00,9994910.991044112
2003-04-04 00:00:00+00:00,9997219.313431311
2003-04-07 00:00:00+00:00,10016344.159144977
2003-04-08 00:00:00+00:00,9984911.406033123
2003-04-09 00:00:00+00:00,9965885.567402923
2003-04-10 00:00:00+00:00,9910991.02974757
2003-04-11 00:00:00+00:00,9903230.168562658
2003-04-14 00:00:00+00:00,9468940.545516314
2003-04-15 00:00:00+00:00,9893305.020832758
2003-04-16 00:00:00+00:00,9887845.388705323
2003-04-17 00:00:00+00:00,9887845.388705323
2003-04-18 00:00:00+00:00,9887845.388705323
2003-04-21 00:00:00+00:00,9887845.388705323
2003-04-22 00:00:00+00:00,9887845.388705323
2003-04-23 00:00:00+00:00,9887845.388705323
2003-04-24 00:00:00+00:00,9887845.388705323
2003-04-25 00:00:00+00:00,9887845.388705323
2003-04-28 00:00:00+00:00,9887845.388705323
2003-04-29 00:00:00+00:00,9887845.388705323
2003-04-30 00:00:00+00:00,9887845.388705323
2003-05-01 00:00:00+00:00,9887845.388705323
2003-05-02 00:00:00+00:00,9882734.017365633
2003-05-05 00:00:00+00:00,9879795.946381746
2003-05-06 00:00:00+00:00,9879795.946381746
2003-05-07 00:00:00+00:00,9880938.510516344
2003-05-08 00:00:00+00:00,9893670.242770372
2003-05-09 00:00:00+00:00,9898119.847252501
2003-05-12 00:00:00+00:00,9905736.756947173
2003-05-13 00:00:00+00:00,9906460.920701688
2003-05-14 00:00:00+00:00,9913703.390357679
2003-05-15 00:00:00+00:00,9914999.424533552
2003-05-16 00:00:00+00:00,9910049.562100146
2003-05-19 00:00:00+00:00,9929071.451687548
2003-05-20 00:00:00+00:00,9916036.223180145
2003-05-21 00:00:00+00:00,9916036.223180145
2003-05-22 00:00:00+00:00,9916036.223180145
2003-05-23 00:00:00+00:00,9916036.223180145
2003-05-26 00:00:00+00:00,9916036.223180145
2003-05-27 00:00:00+00:00,9916036.223180145
2003-05-28 00:00:00+00:00,9916036.223180145
2003-05-29 00:00:00+00:00,9916036.223180145
2003-05-30 00:00:00+00:00,9916036.223180145
2003-06-02 00:00:00+00:00,9916036.223180145
2003-06-03 00:00:00+00:00,9916036.223180145
2003-06-04 00:00:00+00:00,9916036.223180145
2003-06-05 00:00:00+00:00,9916036.223180145
2003-06-06 00:00:00+00:00,9916036.223180145
2003-06-09 00:00:00+00:00,9916036.223180145
2003-06-10 00:00:00+00:00,9916036.223180145
2003-06-11 00:00:00+00:00,9916036.223180145
2003-06-12 00:00:00+00:00,9916036.223180145
2003-06-13 00:00:00+00:00,9916036.223180145
2003-06-16 00:00:00+00:00,9916036.223180145
2003-06-17 00:00:00+00:00,9916036.223180145
2003-06-18 00:00:00+00:00,9916036.223180145
2003-06-19 00:00:00+00:00,9916036.223180145
2003-06-20 00:00:00+00:00,9916036.223180145
2003-06-23 00:00:00+00:00,9916036.223180145
2003-06-24 00:00:00+00:00,9916036.223180145
2003-06-25 00:00:00+00:00,9916036.223180145
2003-06-26 00:00:00+00:00,9916036.223180145
2003-06-27 00:00:00+00:00,9916036.223180145
2003-06-30 00:00:00+00:00,9916036.223180145
2003-07-01 00:00:00+00:00,9916036.223180145
2003-07-02 00:00:00+00:00,9916036.223180145
2003-07-03 00:00:00+00:00,9916036.223180145
2003-07-04 00:00:00+00:00,9916036.223180145
2003-07-07 00:00:00+00:00,9916036.223180145
2003-07-08 00:00:00+00:00,9916036.223180145
2003-07-09 00:00:00+00:00,9916036.223180145
2003-07-10 00:00:00+00:00,9916036.223180145
2003-07-11 00:00:00+00:00,9916036.223180145
2003-07-14 00:00:00+00:00,9916036.223180145
2003-07-15 00:00:00+00:00,9916036.223180145
2003-07-16 00:00:00+00:00,9914859.233483896
2003-07-17 00:00:00+00:00,9913432.733483896
2003-07-18 00:00:00+00:00,9902355.499443896
2003-07-21 00:00:00+00:00,9887007.290862624
2003-07-22 00:00:00+00:00,9899737.453608068
2003-07-23 00:00:00+00:00,9910888.521716487
2003-07-24 00:00:00+00:00,9924622.264214795
2003-07-25 00:00:00+00:00,9938914.497760301
2003-07-28 00:00:00+00:00,9961789.26935222
2003-07-29 00:00:00+00:00,9944774.93610032
2003-07-30 00:00:00+00:00,9940495.43610032
2003-07-31 00:00:00+00:00,9937166.93610032
2003-08-01 00:00:00+00:00,9938593.43610032
2003-08-04 00:00:00+00:00,9943823.93610032
2003-08-05 00:00:00+00:00,9943930.190141572
2003-08-06 00:00:00+00:00,9949953.779552976
2003-08-07 00:00:00+00:00,9953095.613194028
2003-08-08 00:00:00+00:00,9961288.223484555
2003-08-11 00:00:00+00:00,9962441.557125608
2003-08-12 00:00:00+00:00,9958086.737270871
2003-08-13 00:00:00+00:00,9958345.251980344
2003-08-14 00:00:00+00:00,9963873.279552976
2003-08-15 00:00:00+00:00,9963746.381436247
2003-08-18 00:00:00+00:00,9963746.381436247
2003-08-19 00:00:00+00:00,9963746.381436247
2003-08-20 00:00:00+00:00,9963746.381436247
2003-08-21 00:00:00+00:00,9963746.381436247
2003-08-22 00:00:00+00:00,9963746.381436247
2003-08-25 00:00:00+00:00,9963746.381436247
2003-08-26 00:00:00+00:00,9963746.381436247
2003-08-27 00:00:00+00:00,9963746.381436247
2003-08-28 00:00:00+00:00,9963746.381436247
2003-08-29 00:00:00+00:00,9963746.381436247
2003-09-01 00:00:00+00:00,9963746.381436247
2003-09-02 00:00:00+00:00,9963746.381436247
2003-09-03 00:00:00+00:00,9963746.381436247
2003-09-04 00:00:00+00:00,9963746.381436247
2003-09-05 00:00:00+00:00,9964263.453084068
2003-09-08 00:00:00+00:00,9963850.909871178
2003-09-09 00:00:00+00:00,9968389.068821983
2003-09-10 00:00:00+00:00,9970726.909871178
2003-09-11 00:00:00+00:00,9963438.340428429
2003-09-12 00:00:00+00:00,9955874.750920372
2003-09-15 00:00:00+00:00,9954086.976231651
2003-09-16 00:00:00+00:00,9960530.335581677
2003-09-17 00:00:00+00:00,9971713.467972653
2003-09-18 00:00:00+00:00,9954650.70917485
2003-09-19 00:00:00+00:00,9956536.081456697
2003-09-22 00:00:00+00:00,9944992.740116632
2003-09-23 00:00:00+00:00,9963478.540981805
2003-09-24 00:00:00+00:00,9983134.446423532
2003-09-25 00:00:00+00:00,9978558.828104975
2003-09-26 00:00:00+00:00,9995614.122082712
2003-09-29 00:00:00+00:00,9996806.61036273
2003-09-30 00:00:00+00:00,9993696.864949785
2003-10-01 00:00:00+00:00,9993696.864949785
2003-10-02 00:00:00+00:00,9993696.864949785
2003-10-03 00:00:00+00:00,9993696.864949785
2003-10-06 00:00:00+00:00,9993696.864949785
2003-10-07 00:00:00+00:00,9993696.864949785
2003-10-08 00:00:00+00:00,9993696.864949785
2003-10-09 00:00:00+00:00,9993696.864949785
2003-10-10 00:00:00+00:00,9993696.864949785
2003-10-13 00:00:00+00:00,9996210.472969785
2003-10-14 00:00:00+00:00,9998058.472969785
2003-10-15 00:00:00+00:00,9994362.472969785
2003-10-16 00:00:00+00:00,9991128.472969785
2003-10-17 00:00:00+00:00,9990204.472969785
2003-10-20 00:00:00+00:00,9989280.472969785
2003-10-21 00:00:00+00:00,9992976.472969785
2003-10-22 00:00:00+00:00,10001292.472969785
2003-10-23 00:00:00+00:00,10000685.411899785
2003-10-24 00:00:00+00:00,10009289.764948156
2003-10-27 00:00:00+00:00,10000792.546377447
2003-10-28 00:00:00+00:00,9999949.853878286
2003-10-29 00:00:00+00:00,10000652.093162801
2003-10-30 00:00:00+00:00,10000441.426735189
2003-10-31 00:00:00+00:00,9988152.051735189
2003-11-03 00:00:00+00:00,9999107.134590413
2003-11-04 00:00:00+00:00,10005497.608518865
2003-11-05 00:00:00+00:00,10016312.264948156
2003-11-06 00:00:00+00:00,10018031.067068955
2003-11-07 00:00:00+00:00,10018031.067068955
2003-11-10 00:00:00+00:00,10018031.067068955
2003-11-11 00:00:00+00:00,10018031.067068955
2003-11-12 00:00:00+00:00,10018031.067068955
2003-11-13 00:00:00+00:00,10018031.067068955
2003-11-14 00:00:00+00:00,10018031.067068955
2003-11-17 00:00:00+00:00,10018031.067068955
2003-11-18 00:00:00+00:00,10031399.74935974
2003-11-19 00:00:00+00:00,10027135.022978503
2003-11-20 00:00:00+00:00,10023763.116362292
2003-11-21 00:00:00+00:00,10015421.303026935
2003-11-24 00:00:00+00:00,10042915.314257404
2003-11-25 00:00:00+00:00,10045132.738848468
2003-11-26 00:00:00+00:00,10045132.738848468
2003-11-27 00:00:00+00:00,10046560.765993854
2003-11-28 00:00:00+00:00,10064253.636355182
2003-12-01 00:00:00+00:00,10071911.17821677
2003-12-02 00:00:00+00:00,10068539.27160056
2003-12-03 00:00:00+00:00,10065167.393121555
2003-12-04 00:00:00+00:00,10060109.589471653
2003-12-05 00:00:00+00:00,10056737.682855442
2003-12-08 00:00:00+00:00,10056737.682855442
2003-12-09 00:00:00+00:00,10066853.34642966
2003-12-10 00:00:00+00:00,10070275.93069765
2003-12-11 00:00:00+00:00,10070275.93069765
2003-12-12 00:00:00+00:00,10070275.93069765
2003-12-15 00:00:00+00:00,10070275.93069765
2003-12-16 00:00:00+00:00,10070275.93069765
2003-12-17 00:00:00+00:00,10070275.93069765
2003-12-18 00:00:00+00:00,10070275.93069765
2003-12-19 00:00:00+00:00,10070275.93069765
2003-12-22 00:00:00+00:00,10070275.93069765
2003-12-23 00:00:00+00:00,10070275.93069765
2003-12-24 00:00:00+00:00,10070275.93069765
2003-12-25 00:00:00+00:00,10070275.93069765
2003-12-26 00:00:00+00:00,10070275.93069765
2003-12-29 00:00:00+00:00,10070275.93069765
2003-12-30 00:00:00+00:00,10070275.93069765
2003-12-31 00:00:00+00:00,10070275.93069765
2004-01-01 00:00:00+00:00,10070275.93069765
2004-01-02 00:00:00+00:00,10070275.93069765
2004-01-05 00:00:00+00:00,10070275.93069765
2004-01-06 00:00:00+00:00,10070275.93069765
2004-01-07 00:00:00+00:00,10070275.93069765
2004-01-08 00:00:00+00:00,10070275.93069765
2004-01-09 00:00:00+00:00,10070275.93069765
2004-01-12 00:00:00+00:00,10070275.93069765
2004-01-13 00:00:00+00:00,10070275.93069765
2004-01-14 00:00:00+00:00,10070275.93069765
2004-01-15 00:00:00+00:00,10070275.93069765
2004-01-16 00:00:00+00:00,10070275.93069765
2004-01-19 00:00:00+00:00,10060750.864828343
2004-01-20 00:00:00+00:00,10062614.05615067
2004-01-21 00:00:00+00:00,10028166.719373936
2004-01-22 00:00:00+00:00,10032755.725022532
2004-01-23 00:00:00+00:00,10068708.689222764
2004-01-26 00:00:00+00:00,10068708.689222764
2004-01-27 00:00:00+00:00,10094114.638523709
2004-01-28 00:00:00+00:00,10081897.59580302
2004-01-29 00:00:00+00:00,10074281.961074648
2004-01-30 00:00:00+00:00,10062128.08197832
2004-02-02 00:00:00+00:00,10062128.08197832
2004-02-03 00:00:00+00:00,10045905.757591484
2004-02-04 00:00:00+00:00,10129775.475572998
2004-02-05 00:00:00+00:00,10134742.091993116
2004-02-06 00:00:00+00:00,10126814.26816398
2004-02-09 00:00:00+00:00,10158563.259443583
2004-02-10 00:00:00+00:00,10140970.897918643
2004-02-11 00:00:00+00:00,10128482.849979343
2004-02-12 00:00:00+00:00,10134978.551258506
2004-02-13 00:00:00+00:00,10155383.898505153
2004-02-16 00:00:00+00:00,10166608.283015056
2004-02-17 00:00:00+00:00,10210365.122302232
2004-02-18 00:00:00+00:00,10211782.01048315
2004-02-19 00:00:00+00:00,10211782.01048315
2004-02-20 00:00:00+00:00,10211782.01048315
2004-02-23 00:00:00+00:00,10126036.065885063
2004-02-24 00:00:00+00:00,10164364.50017802
2004-02-25 00:00:00+00:00,10161901.899592083
2004-02-26 00:00:00+00:00,10094547.001286607
2004-02-27 00:00:00+00:00,10150705.099839311
2004-03-01 00:00:00+00:00,10170380.113127947
2004-03-02 00:00:00+00:00,10170135.01662194
2004-03-03 00:00:00+00:00,10188357.070220344
2004-03-04 00:00:00+00:00,10148828.237041388
2004-03-05 00:00:00+00:00,10127051.004964624
2004-03-08 00:00:00+00:00,10185914.286336694
2004-03-09 00:00:00+00:00,10207960.492748719
2004-03-10 00:00:00+00:00,10207840.287640076
2004-03-11 00:00:00+00:00,10216056.279987404
2004-03-12 00:00:00+00:00,10201336.182720253
2004-03-15 00:00:00+00:00,10193759.353389809
2004-03-16 00:00:00+00:00,10156922.861837476
2004-03-17 00:00:00+00:00,10165030.930905432
2004-03-18 00:00:00+00:00,10136826.409735685
2004-03-19 00:00:00+00:00,10144510.594808303
2004-03-22 00:00:00+00:00,10122120.340629544
2004-03-23 00:00:00+00:00,10116314.776207905
2004-03-24 00:00:00+00:00,10119749.53206442
2004-03-25 00:00:00+00:00,10198942.353051167
2004-03-26 00:00:00+00:00,10312016.559154589
2004-03-29 00:00:00+00:00,10312618.92543495
2004-03-30 00:00:00+00:00,10318591.211991195
2004-03-31 00:00:00+00:00,10376638.488919143
2004-04-01 00:00:00+00:00,10405280.003520729
2004-04-02 00:00:00+00:00,10422111.33760803
2004-04-05 00:00:00+00:00,10424231.922405362
2004-04-06 00:00:00+00:00,10424231.922405362
2004-04-07 00:00:00+00:00,10424231.922405362
2004-04-08 00:00:00+00:00,10424231.922405362
2004-04-09 00:00:00+00:00,10424231.922405362
2004-04-12 00:00:00+00:00,10424231.922405362
2004-04-13 00:00:00+00:00,10424231.922405362
2004-04-14 00:00:00+00:00,10424231.922405362
2004-04-15 00:00:00+00:00,10424231.922405362
2004-04-16 00:00:00+00:00,10419397.228708956
2004-04-19 00:00:00+00:00,10418980.330332492
2004-04-20 00:00:00+00:00,10418308.705881808
2004-04-21 00:00:00+00:00,10419489.85315964
2004-04-22 00:00:00+00:00,10422077.415256115
2004-04-23 00:00:00+00:00,10440606.925075145
2004-04-26 00:00:00+00:00,10009001.594684215
2004-04-27 00:00:00+00:00,10422783.109751714
2004-04-28 00:00:00+00:00,10348567.281374224
2004-04-29 00:00:00+00:00,10351967.481287355
2004-04-30 00:00:00+00:00,10355801.449534813
2004-05-03 00:00:00+00:00,10360342.339018503
2004-05-04 00:00:00+00:00,10369673.819798745
2004-05-05 00:00:00+00:00,10378061.734275497
2004-05-06 00:00:00+00:00,10402157.00421402
2004-05-07 00:00:00+00:00,10396667.833628388
2004-05-10 00:00:00+00:00,10349615.337184846
2004-05-11 00:00:00+00:00,10308068.199171007
2004-05-12 00:00:00+00:00,10341494.459394723
2004-05-13 00:00:00+00:00,10365595.376352578
2004-05-14 00:00:00+00:00,10185233.751533646
2004-05-17 00:00:00+00:00,10042070.172051251
2004-05-18 00:00:00+00:00,10366443.296436759
2004-05-19 00:00:00+00:00,10373022.235456325
2004-05-20 00:00:00+00:00,10388190.587852364
2004-05-21 00:00:00+00:00,10344162.60654271
2004-05-24 00:00:00+00:00,10452740.144471291
2004-05-25 00:00:00+00:00,10437513.362863233
2004-05-26 00:00:00+00:00,10458079.156950194
2004-05-27 00:00:00+00:00,10458931.235888759
2004-05-28 00:00:00+00:00,10379299.32217721
2004-05-31 00:00:00+00:00,10305661.942626277
2004-06-01 00:00:00+00:00,10313356.32609109
2004-06-02 00:00:00+00:00,10371378.925296107
2004-06-03 00:00:00+00:00,10379879.755877834
2004-06-04 00:00:00+00:00,10367774.20212875
2004-06-07 00:00:00+00:00,10389126.136172634
2004-06-08 00:00:00+00:00,10415867.226177437
2004-06-09 00:00:00+00:00,10427365.980051195
2004-06-10 00:00:00+00:00,10420785.044116337
2004-06-11 00:00:00+00:00,10430478.536876041
2004-06-14 00:00:00+00:00,10418461.989372518
2004-06-15 00:00:00+00:00,10421557.094620015
2004-06-16 00:00:00+00:00,10420009.528877523
2004-06-17 00:00:00+00:00,10417430.278877523
2004-06-18 00:00:00+00:00,10417602.239372518
2004-06-21 00:00:00+00:00,10417258.344620015
2004-06-22 00:00:00+00:00,10416398.594620015
2004-06-23 00:00:00+00:00,10396159.359568434
2004-06-24 00:00:00+00:00,10399587.10186957
2004-06-25 00:00:00+00:00,10467532.904977702
2004-06-28 00:00:00+00:00,10517195.534529667
2004-06-29 00:00:00+00:00,10497184.48723708
2004-06-30 00:00:00+00:00,10484024.854020221
2004-07-01 00:00:00+00:00,10495166.528123004
2004-07-02 00:00:00+00:00,10512364.682866676
2004-07-05 00:00:00+00:00,10507777.504659278
2004-07-06 00:00:00+00:00,10512172.77045594
2004-07-07 00:00:00+00:00,10511848.775851829
2004-07-08 00:00:00+00:00,10496415.692009075
2004-07-09 00:00:00+00:00,10494810.436899938
2004-07-12 00:00:00+00:00,10503988.283549108
2004-07-13 00:00:00+00:00,10498790.11595551
2004-07-14 00:00:00+00:00,10474221.65831495
2004-07-15 00:00:00+00:00,10522331.950783905
2004-07-16 00:00:00+00:00,10534615.585050127
2004-07-19 00:00:00+00:00,10537891.690718517
2004-07-20 00:00:00+00:00,10541512.328630982
2004-07-21 00:00:00+00:00,10551359.466281632
2004-07-22 00:00:00+00:00,10526818.332958875
2004-07-23 00:00:00+00:00,10530637.226757703
2004-07-26 00:00:00+00:00,10521538.16328224
2004-07-27 00:00:00+00:00,10502331.478628004
2004-07-28 00:00:00+00:00,10486618.600919569
2004-07-29 00:00:00+00:00,10487190.273996545
2004-07-30 00:00:00+00:00,10496254.398859216
2004-08-02 00:00:00+00:00,10525472.211633874
2004-08-03 00:00:00+00:00,10532397.77008906
2004-08-04 00:00:00+00:00,10532397.77008906
2004-08-05 00:00:00+00:00,10532397.77008906
2004-08-06 00:00:00+00:00,10532397.77008906
2004-08-09 00:00:00+00:00,10532397.77008906
2004-08-10 00:00:00+00:00,10532397.77008906
2004-08-11 00:00:00+00:00,10532397.77008906
2004-08-12 00:00:00+00:00,10532397.77008906
2004-08-13 00:00:00+00:00,10527948.802615883
2004-08-16 00:00:00+00:00,10534488.912936928
2004-08-17 00:00:00+00:00,10544065.784267189
2004-08-18 00:00:00+00:00,10510643.757529162
2004-08-19 00:00:00+00:00,10532689.340101035
2004-08-20 00:00:00+00:00,10498042.418631816
2004-08-23 00:00:00+00:00,10456133.998679424
2004-08-24 00:00:00+00:00,10442941.221686643
2004-08-25 00:00:00+00:00,10398413.727598118
2004-08-26 00:00:00+00:00,10460618.4397278
2004-08-27 00:00:00+00:00,10457075.611000078
2004-08-30 00:00:00+00:00,10486323.47258017
2004-08-31 00:00:00+00:00,10486334.563646525
2004-09-01 00:00:00+00:00,10469206.401902407
2004-09-02 00:00:00+00:00,10447915.16100046
2004-09-03 00:00:00+00:00,10434306.399615496
2004-09-06 00:00:00+00:00,10053350.61285898
2004-09-07 00:00:00+00:00,10435010.453478608
2004-09-08 00:00:00+00:00,10441990.885115419
2004-09-09 00:00:00+00:00,10426206.91351584
2004-09-10 00:00:00+00:00,10445041.477457842
2004-09-13 00:00:00+00:00,10450346.00773822
2004-09-14 00:00:00+00:00,10451713.339456664
2004-09-15 00:00:00+00:00,10457292.442418505
2004-09-16 00:00:00+00:00,10458512.27494948
2004-09-17 00:00:00+00:00,10456479.220731188
2004-09-20 00:00:00+00:00,10456004.846799303
2004-09-21 00:00:00+00:00,10462375.061807085
2004-09-22 00:00:00+00:00,10462584.758881228
2004-09-23 00:00:00+00:00,10462584.758881228
2004-09-24 00:00:00+00:00,10462584.758881228
2004-09-27 00:00:00+00:00,10462584.758881228
2004-09-28 00:00:00+00:00,10462584.758881228
2004-09-29 00:00:00+00:00,10462584.758881228
2004-09-30 00:00:00+00:00,10462584.758881228
2004-10-01 00:00:00+00:00,10462584.758881228
2004-10-04 00:00:00+00:00,10462584.758881228
2004-10-05 00:00:00+00:00,10462584.758881228
2004-10-06 00:00:00+00:00,10462584.758881228
2004-10-07 00:00:00+00:00,10462584.758881228
2004-10-08 00:00:00+00:00,10463659.570929224
2004-10-11 00:00:00+00:00,10459440.054953272
2004-10-12 00:00:00+00:00,10453140.062397808
2004-10-13 00:00:00+00:00,10031058.687397808
2004-10-14 00:00:00+00:00,10386169.35215228
2004-10-15 00:00:00+00:00,10391749.251732187
2004-10-18 00:00:00+00:00,10386606.037489252
2004-10-19 00:00:00+00:00,10390269.55409463
2004-10-20 00:00:00+00:00,10393549.553716974
2004-10-21 00:00:00+00:00,10398972.22751649
2004-10-22 00:00:00+00:00,10398844.93975535
2004-10-25 00:00:00+00:00,10401717.193686396
2004-10-26 00:00:00+00:00,10414421.89186675
2004-10-27 00:00:00+00:00,10410113.32787511
2004-10-28 00:00:00+00:00,10457283.647675984
2004-10-29 00:00:00+00:00,10477463.800777625
2004-11-01 00:00:00+00:00,10475351.765317442
2004-11-02 00:00:00+00:00,10473020.571193807
2004-11-03 00:00:00+00:00,10488309.39731609
2004-11-04 00:00:00+00:00,10487564.41212818
2004-11-05 00:00:00+00:00,10500845.97501728
2004-11-08 00:00:00+00:00,10503622.663295478
2004-11-09 00:00:00+00:00,10495933.34988758
2004-11-10 00:00:00+00:00,10505040.16212818
2004-11-11 00:00:00+00:00,10512399.381591529
2004-11-12 00:00:00+00:00,10516444.450824251
2004-11-15 00:00:00+00:00,10516444.450824251
2004-11-16 00:00:00+00:00,10516444.450824251
2004-11-17 00:00:00+00:00,10516444.450824251
2004-11-18 00:00:00+00:00,10516444.450824251
2004-11-19 00:00:00+00:00,10516444.450824251
2004-11-22 00:00:00+00:00,10516444.450824251
2004-11-23 00:00:00+00:00,10516444.450824251
2004-11-24 00:00:00+00:00,10516444.450824251
2004-11-25 00:00:00+00:00,10516444.450824251
2004-11-26 00:00:00+00:00,10516444.450824251
2004-11-29 00:00:00+00:00,10524550.399279976
2004-11-30 00:00:00+00:00,10530945.552848566
2004-12-01 00:00:00+00:00,10532002.74873327
2004-12-02 00:00:00+00:00,10532206.786702245
2004-12-03 00:00:00+00:00,10551369.286702245
2004-12-06 00:00:00+00:00,10559403.4646303
2004-12-07 00:00:00+00:00,10535527.540088827
2004-12-08 00:00:00+00:00,10540656.115547353
2004-12-09 00:00:00+00:00,10550541.007061178
2004-12-10 00:00:00+00:00,10523688.790088827
2004-12-13 00:00:00+00:00,10535513.38630866
2004-12-14 00:00:00+00:00,10536276.066974154
2004-12-15 00:00:00+00:00,10593290.201377383
2004-12-16 00:00:00+00:00,10585338.209089816
2004-12-17 00:00:00+00:00,10590108.788567603
2004-12-20 00:00:00+00:00,10594126.140708983
2004-12-21 00:00:00+00:00,10598206.259300768
2004-12-22 00:00:00+00:00,10592431.326821864
2004-12-23 00:00:00+00:00,10597453.002032816
2004-12-24 00:00:00+00:00,10165400.21549803
2004-12-27 00:00:00+00:00,10603102.40161091
2004-12-28 00:00:00+00:00,10603802.538817897
2004-12-29 00:00:00+00:00,10603802.538817897
2004-12-30 00:00:00+00:00,10606033.133139538
2004-12-31 00:00:00+00:00,10618066.882750846
2005-01-03 00:00:00+00:00,10631614.209333595
2005-01-04 00:00:00+00:00,10638721.01977809
2005-01-05 00:00:00+00:00,10633653.124869185
2005-01-06 00:00:00+00:00,10649517.863730269
2005-01-07 00:00:00+00:00,10640537.921590753
2005-01-10 00:00:00+00:00,10633297.857953973
2005-01-11 00:00:00+00:00,10629708.806581445
2005-01-12 00:00:00+00:00,10616427.30614657
2005-01-13 00:00:00+00:00,10688750.644412054
2005-01-14 00:00:00+00:00,10670211.538486242
2005-01-17 00:00:00+00:00,10653324.158325886
2005-01-18 00:00:00+00:00,10664681.863102421
2005-01-19 00:00:00+00:00,10669729.808628544
2005-01-20 00:00:00+00:00,10664097.27265384
2005-01-21 00:00:00+00:00,8073052.012441896
2005-01-24 00:00:00+00:00,10687595.584900163
2005-01-25 00:00:00+00:00,10704927.532564424
2005-01-26 00:00:00+00:00,8073052.012441896
2005-01-27 00:00:00+00:00,10703964.337022461
2005-01-28 00:00:00+00:00,10753895.075486816
2005-01-31 00:00:00+00:00,10765699.792260492
2005-02-01 00:00:00+00:00,10761567.540215814
2005-02-02 00:00:00+00:00,10759156.929020597
2005-02-03 00:00:00+00:00,10760143.598393155
2005-02-04 00:00:00+00:00,10772448.094334317
2005-02-07 00:00:00+00:00,10770289.773538612
2005-02-08 00:00:00+00:00,10757526.09743368
2005-02-09 00:00:00+00:00,10758999.34743368
2005-02-10 00:00:00+00:00,10779330.224409694
2005-02-11 00:00:00+00:00,10772258.59743368
2005-02-14 00:00:00+00:00,10767249.556425685
2005-02-15 00:00:00+00:00,10760472.59743368
2005-02-16 00:00:00+00:00,10769901.433401698
2005-02-17 00:00:00+00:00,10767838.84743368
2005-02-18 00:00:00+00:00,10745862.837196738
2005-02-21 00:00:00+00:00,10743158.376396567
2005-02-22 00:00:00+00:00,10744103.583019644
2005-02-23 00:00:00+00:00,10745351.022411734
2005-02-24 00:00:00+00:00,10744944.954489846
2005-02-25 00:00:00+00:00,10754480.616891714
2005-02-28 00:00:00+00:00,10759520.05846581
2005-03-01 00:00:00+00:00,10765798.53551578
2005-03-02 00:00:00+00:00,10762412.92247867
2005-03-03 00:00:00+00:00,10775754.953717226
2005-03-04 00:00:00+00:00,10776424.358421322
2005-03-07 00:00:00+00:00,10771485.658416744
2005-03-08 00:00:00+00:00,10769251.983421322
2005-03-09 00:00:00+00:00,10744097.879064655
2005-03-10 00:00:00+00:00,10735381.421541309
2005-03-11 00:00:00+00:00,10730514.17511568
2005-03-14 00:00:00+00:00,10737884.965809846
2005-03-15 00:00:00+00:00,10745249.862884304
2005-03-16 00:00:00+00:00,10749490.884483982
2005-03-17 00:00:00+00:00,10742354.508132963
2005-03-18 00:00:00+00:00,10751010.768714227
2005-03-21 00:00:00+00:00,10712477.348632134
2005-03-22 00:00:00+00:00,10656884.449494498
2005-03-23 00:00:00+00:00,10579252.278556935
2005-03-24 00:00:00+00:00,10573167.179714004
2005-03-28 00:00:00+00:00,10552192.648331106
2005-03-29 00:00:00+00:00,10529720.776125738
2005-03-30 00:00:00+00:00,10561479.519049503
2005-03-31 00:00:00+00:00,10576464.114584781
2005-04-01 00:00:00+00:00,10604263.002373515
2005-04-04 00:00:00+00:00,10627891.888728729
2005-04-05 00:00:00+00:00,10634580.9258803
2005-04-06 00:00:00+00:00,10643421.700712437
2005-04-07 00:00:00+00:00,10644018.441606754
2005-04-08 00:00:00+00:00,10641452.442102665
2005-04-11 00:00:00+00:00,10637752.566606754
2005-04-12 00:00:00+00:00,10667506.395906245
2005-04-13 00:00:00+00:00,10666320.60808715
2005-04-14 00:00:00+00:00,10236038.48308715
2005-04-15 00:00:00+00:00,10636754.703088371
2005-04-18 00:00:00+00:00,10623666.390508808
2005-04-19 00:00:00+00:00,10514046.296174992
2005-04-20 00:00:00+00:00,10624983.149845112
2005-04-21 00:00:00+00:00,10676894.418061245
2005-04-22 00:00:00+00:00,10728773.366011154
2005-04-25 00:00:00+00:00,10728603.125368426
2005-04-26 00:00:00+00:00,10694673.450332751
2005-04-27 00:00:00+00:00,10664303.67377716
2005-04-28 00:00:00+00:00,10659408.465015944
2005-04-29 00:00:00+00:00,10616088.976860711
2005-05-02 00:00:00+00:00,10623614.16622274
2005-05-03 00:00:00+00:00,10642987.539944816
2005-05-04 00:00:00+00:00,10669825.917092491
2005-05-05 00:00:00+00:00,10688655.079764534
2005-05-06 00:00:00+00:00,10697275.997142127
2005-05-09 00:00:00+00:00,10699138.843829539
2005-05-10 00:00:00+00:00,10694224.127285985
2005-05-11 00:00:00+00:00,10709824.221677601
2005-05-12 00:00:00+00:00,10714530.49072057
2005-05-13 00:00:00+00:00,10711665.747922719
2005-05-16 00:00:00+00:00,10728249.5581339
2005-05-17 00:00:00+00:00,10726810.474700576
2005-05-18 00:00:00+00:00,10725955.947668873
2005-05-19 00:00:00+00:00,10726796.366904102
2005-05-20 00:00:00+00:00,10717131.754080616
2005-05-23 00:00:00+00:00,10703265.173315845
2005-05-24 00:00:00+00:00,10733099.366904102
2005-05-25 00:00:00+00:00,10734942.088069983
2005-05-26 00:00:00+00:00,10734942.088069983
2005-05-27 00:00:00+00:00,10748287.631975047
2005-05-30 00:00:00+00:00,10316570.542146556
2005-05-31 00:00:00+00:00,10778454.798507476
2005-06-01 00:00:00+00:00,10803778.323738586
2005-06-02 00:00:00+00:00,10778305.245674696
2005-06-03 00:00:00+00:00,10783256.898499098
2005-06-06 00:00:00+00:00,10779304.783951368
2005-06-07 00:00:00+00:00,10774443.658154096
2005-06-08 00:00:00+00:00,10771637.919979108
2005-06-09 00:00:00+00:00,10786826.406707777
2005-06-10 00:00:00+00:00,10775669.147094361
2005-06-13 00:00:00+00:00,10764106.928123109
2005-06-14 00:00:00+00:00,10765902.25379171
2005-06-15 00:00:00+00:00,10791359.073362252
2005-06-16 00:00:00+00:00,10772551.328038855
2005-06-17 00:00:00+00:00,10759814.703038855
2005-06-20 00:00:00+00:00,10783731.342694921
2005-06-21 00:00:00+00:00,10791064.982828338
2005-06-22 00:00:00+00:00,10791064.982828338
2005-06-23 00:00:00+00:00,10788895.355221407
2005-06-24 00:00:00+00:00,10791605.011845248
2005-06-27 00:00:00+00:00,10792658.792721407
2005-06-28 00:00:00+00:00,10790551.230969088
2005-06-29 00:00:00+00:00,10791322.240602378
2005-06-30 00:00:00+00:00,10771750.980310325
2005-07-01 00:00:00+00:00,10775695.368558768
2005-07-04 00:00:00+00:00,10781110.099790458
2005-07-05 00:00:00+00:00,10774234.695880912
2005-07-06 00:00:00+00:00,10786004.241274856
2005-07-07 00:00:00+00:00,10788382.769947967
2005-07-08 00:00:00+00:00,10791213.904747924
2005-07-11 00:00:00+00:00,10795932.44274803
2005-07-12 00:00:00+00:00,10794611.25450798
2005-07-13 00:00:00+00:00,10793667.552907905
2005-07-14 00:00:00+00:00,10789137.74322792
2005-07-15 00:00:00+00:00,10784621.306737585
2005-07-18 00:00:00+00:00,10787592.5947787
2005-07-19 00:00:00+00:00,10788426.802589102
2005-07-20 00:00:00+00:00,10793711.58554904
2005-07-21 00:00:00+00:00,10801493.38741192
2005-07-22 00:00:00+00:00,10809799.882948725
2005-07-25 00:00:00+00:00,10813374.345951904
2005-07-26 00:00:00+00:00,10813374.345951904
2005-07-27 00:00:00+00:00,10813374.345951904
2005-07-28 00:00:00+00:00,10813374.345951904
2005-07-29 00:00:00+00:00,10813374.345951904
2005-08-01 00:00:00+00:00,10813374.345951904
2005-08-02 00:00:00+00:00,10813374.345951904
2005-08-03 00:00:00+00:00,10813374.345951904
2005-08-04 00:00:00+00:00,10813374.345951904
2005-08-05 00:00:00+00:00,10813374.345951904
2005-08-08 00:00:00+00:00,10813374.345951904
2005-08-09 00:00:00+00:00,10813374.345951904
2005-08-10 00:00:00+00:00,10813374.345951904
2005-08-11 00:00:00+00:00,10813374.345951904
2005-08-12 00:00:00+00:00,10813374.345951904
2005-08-15 00:00:00+00:00,10813374.345951904
2005-08-16 00:00:00+00:00,10815597.546708154
2005-08-17 00:00:00+00:00,10814363.796708154
2005-08-18 00:00:00+00:00,10810662.546708154
2005-08-19 00:00:00+00:00,10801850.046708154
2005-08-22 00:00:00+00:00,10808900.046708154
2005-08-23 00:00:00+00:00,10809837.605939403
2005-08-24 00:00:00+00:00,10809837.605939403
2005-08-25 00:00:00+00:00,10790675.284351904
2005-08-26 00:00:00+00:00,10826847.784351904
2005-08-29 00:00:00+00:00,10814790.284351904
2005-08-30 00:00:00+00:00,10809622.784351904
2005-08-31 00:00:00+00:00,10818235.284351904
2005-09-01 00:00:00+00:00,10813067.784351904
2005-09-02 00:00:00+00:00,10818235.284351904
2005-09-05 00:00:00+00:00,10816512.784351904
2005-09-06 00:00:00+00:00,10814790.284351904
2005-09-07 00:00:00+00:00,10380720.284351904
2005-09-08 00:00:00+00:00,10818235.284351904
2005-09-09 00:00:00+00:00,10817956.261015989
2005-09-12 00:00:00+00:00,10820073.773680784
2005-09-13 00:00:00+00:00,10826409.991888143
2005-09-14 00:00:00+00:00,10835558.491006948
2005-09-15 00:00:00+00:00,10840425.872287402
2005-09-16 00:00:00+00:00,10840005.757646345
2005-09-19 00:00:00+00:00,10840005.757646345
2005-09-20 00:00:00+00:00,10840005.757646345
2005-09-21 00:00:00+00:00,10840005.757646345
2005-09-22 00:00:00+00:00,10840005.757646345
2005-09-23 00:00:00+00:00,10831892.698448073
2005-09-26 00:00:00+00:00,10862607.05017079
2005-09-27 00:00:00+00:00,10861657.006507766
2005-09-28 00:00:00+00:00,10865259.081252944
2005-09-29 00:00:00+00:00,10851123.610450637
2005-09-30 00:00:00+00:00,10845913.667770278
2005-10-03 00:00:00+00:00,10854747.152229201
2005-10-04 00:00:00+00:00,10871636.654113661
2005-10-05 00:00:00+00:00,10868850.841205968
2005-10-06 00:00:00+00:00,10858847.650745763
2005-10-07 00:00:00+00:00,10854158.650745763
2005-10-10 00:00:00+00:00,10840404.269825352
2005-10-11 00:00:00+00:00,10849469.650745763
2005-10-12 00:00:00+00:00,10418081.650745763
2005-10-13 00:00:00+00:00,10840404.269825352
2005-10-14 00:00:00+00:00,10825712.031666173
2005-10-17 00:00:00+00:00,10801407.824367492
2005-10-18 00:00:00+00:00,10786845.758423286
2005-10-19 00:00:00+00:00,10770752.97680326
2005-10-20 00:00:00+00:00,10599378.106715895
2005-10-21 00:00:00+00:00,10628597.31894006
2005-10-24 00:00:00+00:00,10613162.637803739
2005-10-25 00:00:00+00:00,10619725.967681788
2005-10-26 00:00:00+00:00,10623175.341255091
2005-10-27 00:00:00+00:00,10594298.02474203
2005-10-28 00:00:00+00:00,10591609.824108027
2005-10-31 00:00:00+00:00,10601269.201164149
2005-11-01 00:00:00+00:00,9339264.048644923
2005-11-02 00:00:00+00:00,10657196.218102269
2005-11-03 00:00:00+00:00,9738473.267243199
2005-11-04 00:00:00+00:00,10656920.601217011
2005-11-07 00:00:00+00:00,10656920.601217011
2005-11-08 00:00:00+00:00,10656920.601217011
2005-11-09 00:00:00+00:00,10656920.601217011
2005-11-10 00:00:00+00:00,10656920.601217011
2005-11-11 00:00:00+00:00,10656920.601217011
2005-11-14 00:00:00+00:00,10656920.601217011
2005-11-15 00:00:00+00:00,10656920.601217011
2005-11-16 00:00:00+00:00,10656920.601217011
2005-11-17 00:00:00+00:00,10656920.601217011
2005-11-18 00:00:00+00:00,10656920.601217011
2005-11-21 00:00:00+00:00,10657224.40711951
2005-11-22 00:00:00+00:00,10657224.40711951
2005-11-23 00:00:00+00:00,10655553.40711951
2005-11-24 00:00:00+00:00,10655553.40711951
2005-11-25 00:00:00+00:00,10653325.40711951
2005-11-28 00:00:00+00:00,10648869.40711951
2005-11-29 00:00:00+00:00,10648535.102682011
2005-11-30 00:00:00+00:00,10648535.102682011
2005-12-01 00:00:00+00:00,10648535.102682011
2005-12-02 00:00:00+00:00,10648535.102682011
2005-12-05 00:00:00+00:00,10648535.102682011
2005-12-06 00:00:00+00:00,10648535.102682011
2005-12-07 00:00:00+00:00,10648535.102682011
2005-12-08 00:00:00+00:00,10648535.102682011
2005-12-09 00:00:00+00:00,10648535.102682011
2005-12-12 00:00:00+00:00,10648535.102682011
2005-12-13 00:00:00+00:00,10648535.102682011
2005-12-14 00:00:00+00:00,10648535.102682011
2005-12-15 00:00:00+00:00,10648535.102682011
2005-12-16 00:00:00+00:00,10648535.102682011
2005-12-19 00:00:00+00:00,10648535.102682011
2005-12-20 00:00:00+00:00,10648535.102682011
2005-12-21 00:00:00+00:00,10648535.102682011
2005-12-22 00:00:00+00:00,10648535.102682011
2005-12-23 00:00:00+00:00,10648535.102682011
2005-12-26 00:00:00+00:00,10648535.102682011
2005-12-27 00:00:00+00:00,10648535.102682011
2005-12-28 00:00:00+00:00,10648535.102682011
2005-12-29 00:00:00+00:00,10648535.102682011
2005-12-30 00:00:00+00:00,10648535.102682011
2006-01-02 00:00:00+00:00,10648535.102682011
2006-01-03 00:00:00+00:00,10648535.102682011
2006-01-04 00:00:00+00:00,10648535.102682011
2006-01-05 00:00:00+00:00,10648535.102682011
2006-01-06 00:00:00+00:00,10648535.102682011
2006-01-09 00:00:00+00:00,10648535.102682011
2006-01-10 00:00:00+00:00,10648535.102682011
2006-01-11 00:00:00+00:00,10648535.102682011
2006-01-12 00:00:00+00:00,10648535.102682011
2006-01-13 00:00:00+00:00,10648535.102682011
2006-01-16 00:00:00+00:00,10648535.102682011
2006-01-17 00:00:00+00:00,10648535.102682011
2006-01-18 00:00:00+00:00,10648535.102682011
2006-01-19 00:00:00+00:00,10651839.889413958
2006-01-20 00:00:00+00:00,10656188.68526662
2006-01-23 00:00:00+00:00,10652451.449091082
2006-01-24 00:00:00+00:00,10662213.593561297
2006-01-25 00:00:00+00:00,10688487.60738576
2006-01-26 00:00:00+00:00,10214808.14632619
2006-01-27 00:00:00+00:00,10695369.40683916
2006-01-30 00:00:00+00:00,10695369.40683916
2006-01-31 00:00:00+00:00,10690600.530490229
2006-02-01 00:00:00+00:00,10688731.155490229
2006-02-02 00:00:00+00:00,10695294.733752558
2006-02-03 00:00:00+00:00,10702647.601146052
2006-02-06 00:00:00+00:00,10693591.522883723
2006-02-07 00:00:00+00:00,10693840.750064204
2006-02-08 00:00:00+00:00,10702813.765277216
2006-02-09 00:00:00+00:00,10266293.937014887
2006-02-10 00:00:00+00:00,10700787.004897272
2006-02-13 00:00:00+00:00,10700787.004897272
2006-02-14 00:00:00+00:00,10700787.004897272
2006-02-15 00:00:00+00:00,10700787.004897272
2006-02-16 00:00:00+00:00,10700787.004897272
2006-02-17 00:00:00+00:00,10700787.004897272
2006-02-20 00:00:00+00:00,10700787.004897272
2006-02-21 00:00:00+00:00,10700787.004897272
2006-02-22 00:00:00+00:00,10700787.004897272
2006-02-23 00:00:00+00:00,10700787.004897272
2006-02-24 00:00:00+00:00,10700787.004897272
2006-02-27 00:00:00+00:00,10700787.004897272
2006-02-28 00:00:00+00:00,10700787.004897272
2006-03-01 00:00:00+00:00,10700787.004897272
2006-03-02 00:00:00+00:00,10700787.004897272
2006-03-03 00:00:00+00:00,10700787.004897272
2006-03-06 00:00:00+00:00,10700787.004897272
2006-03-07 00:00:00+00:00,10700787.004897272
2006-03-08 00:00:00+00:00,10700787.004897272
2006-03-09 00:00:00+00:00,10700787.004897272
2006-03-10 00:00:00+00:00,10700787.004897272
2006-03-13 00:00:00+00:00,10700787.004897272
2006-03-14 00:00:00+00:00,10700787.004897272
2006-03-15 00:00:00+00:00,10700787.004897272
2006-03-16 00:00:00+00:00,10700787.004897272
2006-03-17 00:00:00+00:00,10700787.004897272
2006-03-20 00:00:00+00:00,10700787.004897272
2006-03-21 00:00:00+00:00,10693083.568640774
2006-03-22 00:00:00+00:00,10683819.568640774
2006-03-23 00:00:00+00:00,10672702.761572903
2006-03-24 00:00:00+00:00,10671776.375708645
2006-03-27 00:00:00+00:00,10694473.182776516
2006-03-28 00:00:00+00:00,10684745.954505032
2006-03-29 00:00:00+00:00,10674092.375708645
2006-03-30 00:00:00+00:00,10667144.375708645
2006-03-31 00:00:00+00:00,10670011.043313092
2006-04-03 00:00:00+00:00,10670011.043313092
2006-04-04 00:00:00+00:00,10670011.043313092
2006-04-05 00:00:00+00:00,10670011.043313092
2006-04-06 00:00:00+00:00,10670011.043313092
2006-04-07 00:00:00+00:00,10670011.043313092
2006-04-10 00:00:00+00:00,10670011.043313092
2006-04-11 00:00:00+00:00,10670011.043313092
2006-04-12 00:00:00+00:00,10670011.043313092
2006-04-13 00:00:00+00:00,10670011.043313092
2006-04-17 00:00:00+00:00,10668405.525659304
2006-04-18 00:00:00+00:00,10683993.056726199
2006-04-19 00:00:00+00:00,10686127.003326856
2006-04-20 00:00:00+00:00,10686127.003326856
2006-04-21 00:00:00+00:00,10686127.003326856
2006-04-24 00:00:00+00:00,10686127.003326856
2006-04-25 00:00:00+00:00,10686127.003326856
2006-04-26 00:00:00+00:00,10686127.003326856
2006-04-27 00:00:00+00:00,10686127.003326856
2006-04-28 00:00:00+00:00,10686127.003326856
2006-05-01 00:00:00+00:00,10686127.003326856
2006-05-02 00:00:00+00:00,10686127.003326856
2006-05-03 00:00:00+00:00,10686127.003326856
2006-05-04 00:00:00+00:00,10686127.003326856
2006-05-05 00:00:00+00:00,10686127.003326856
2006-05-08 00:00:00+00:00,10686127.003326856
2006-05-09 00:00:00+00:00,10686127.003326856
2006-05-10 00:00:00+00:00,10686127.003326856
2006-05-11 00:00:00+00:00,10686127.003326856
2006-05-12 00:00:00+00:00,10686127.003326856
2006-05-15 00:00:00+00:00,10686127.003326856
2006-05-16 00:00:00+00:00,10662717.37066478
2006-05-17 00:00:00+00:00,10677064.97845371
2006-05-18 00:00:00+00:00,10579854.327090338
2006-05-19 00:00:00+00:00,10531723.806891287
2006-05-22 00:00:00+00:00,10234884.656472214
2006-05-23 00:00:00+00:00,10262732.525531998
2006-05-24 00:00:00+00:00,10246896.177078547
2006-05-25 00:00:00+00:00,10235569.025131525
2006-05-26 00:00:00+00:00,10252194.056832153
2006-05-29 00:00:00+00:00,10252194.056832153
2006-05-30 00:00:00+00:00,10252194.056832153
2006-05-31 00:00:00+00:00,10252194.056832153
2006-06-01 00:00:00+00:00,10252194.056832153
2006-06-02 00:00:00+00:00,10252194.056832153
2006-06-05 00:00:00+00:00,10252194.056832153
2006-06-06 00:00:00+00:00,10252194.056832153
2006-06-07 00:00:00+00:00,10189622.332404006
2006-06-08 00:00:00+00:00,10016633.521955948
2006-06-09 00:00:00+00:00,9972017.754767127
2006-06-12 00:00:00+00:00,9883243.878594108
2006-06-13 00:00:00+00:00,9832899.773783838
2006-06-14 00:00:00+00:00,9802652.782051248
2006-06-15 00:00:00+00:00,9983184.009874506
2006-06-16 00:00:00+00:00,10120799.892099543
2006-06-19 00:00:00+00:00,10126359.799141344
2006-06-20 00:00:00+00:00,10122630.318699572
2006-06-21 00:00:00+00:00,10158886.927864764
2006-06-22 00:00:00+00:00,10170575.447411783
2006-06-23 00:00:00+00:00,10175040.013914388
2006-06-26 00:00:00+00:00,10179518.314134749
2006-06-27 00:00:00+00:00,10177714.723582419
2006-06-28 00:00:00+00:00,10176198.029687079
2006-06-29 00:00:00+00:00,10183781.381887587
2006-06-30 00:00:00+00:00,10179996.964981103
2006-07-03 00:00:00+00:00,10179996.964981103
2006-07-04 00:00:00+00:00,10179996.964981103
2006-07-05 00:00:00+00:00,10179996.964981103
2006-07-06 00:00:00+00:00,10179996.964981103
2006-07-07 00:00:00+00:00,10179996.964981103
2006-07-10 00:00:00+00:00,10179996.964981103
2006-07-11 00:00:00+00:00,10179996.964981103
2006-07-12 00:00:00+00:00,10179996.964981103
2006-07-13 00:00:00+00:00,10179996.964981103
2006-07-14 00:00:00+00:00,10179996.964981103
2006-07-17 00:00:00+00:00,10179996.964981103
2006-07-18 00:00:00+00:00,10179996.964981103
2006-07-19 00:00:00+00:00,10179996.964981103
2006-07-20 00:00:00+00:00,10185994.80397279
2006-07-21 00:00:00+00:00,10168948.92897279
2006-07-24 00:00:00+00:00,10191814.001493745
2006-07-25 00:00:00+00:00,10206975.048662476
2006-07-26 00:00:00+00:00,10317375.67849379
2006-07-27 00:00:00+00:00,10316829.343142956
2006-07-28 00:00:00+00:00,10338125.427669019
2006-07-31 00:00:00+00:00,10339234.22628217
2006-08-01 00:00:00+00:00,10339234.22628217
2006-08-02 00:00:00+00:00,10339234.22628217
2006-08-03 00:00:00+00:00,10339234.22628217
2006-08-04 00:00:00+00:00,10332499.279385353
2006-08-07 00:00:00+00:00,10332499.279385353
2006-08-08 00:00:00+00:00,10324827.401144885
2006-08-09 00:00:00+00:00,10332559.680586291
2006-08-10 00:00:00+00:00,10326518.888105823
2006-08-11 00:00:00+00:00,10341159.175970508
2006-08-14 00:00:00+00:00,10332894.872758543
2006-08-15 00:00:00+00:00,10337889.872758543
2006-08-16 00:00:00+00:00,10333824.872758543
2006-08-17 00:00:00+00:00,10328669.872758543
2006-08-18 00:00:00+00:00,10326719.872758543
2006-08-21 00:00:00+00:00,10329944.872758543
2006-08-22 00:00:00+00:00,10327924.872758543
2006-08-23 00:00:00+00:00,10337504.872758543
2006-08-24 00:00:00+00:00,10344309.872758543
2006-08-25 00:00:00+00:00,10336353.755058544
2006-08-28 00:00:00+00:00,10334804.512796044
2006-08-29 00:00:00+00:00,10334804.512796044
2006-08-30 00:00:00+00:00,10334804.512796044
2006-08-31 00:00:00+00:00,10334804.512796044
2006-09-01 00:00:00+00:00,10334804.512796044
2006-09-04 00:00:00+00:00,10334804.512796044
2006-09-05 00:00:00+00:00,10334804.512796044
2006-09-06 00:00:00+00:00,10334804.512796044
2006-09-07 00:00:00+00:00,10334804.512796044
2006-09-08 00:00:00+00:00,10334804.512796044
2006-09-11 00:00:00+00:00,10334804.512796044
2006-09-12 00:00:00+00:00,10334804.512796044
2006-09-13 00:00:00+00:00,10334915.183719963
2006-09-14 00:00:00+00:00,10330052.933719963
2006-09-15 00:00:00+00:00,10333554.708215404
2006-09-18 00:00:00+00:00,10333223.144620586
2006-09-19 00:00:00+00:00,10324755.235532451
2006-09-20 00:00:00+00:00,10310640.846696544
2006-09-21 00:00:00+00:00,10299563.04421834
2006-09-22 00:00:00+00:00,10286555.564375201
2006-09-25 00:00:00+00:00,10273717.04056386
2006-09-26 00:00:00+00:00,10278024.714552203
2006-09-27 00:00:00+00:00,10250573.930662433
2006-09-28 00:00:00+00:00,10296419.169115102
2006-09-29 00:00:00+00:00,10303094.9068092
2006-10-02 00:00:00+00:00,10303094.9068092
2006-10-03 00:00:00+00:00,10303094.9068092
2006-10-04 00:00:00+00:00,10303094.9068092
2006-10-05 00:00:00+00:00,10303094.9068092
2006-10-06 00:00:00+00:00,10303094.9068092
2006-10-09 00:00:00+00:00,10303094.9068092
2006-10-10 00:00:00+00:00,10303094.9068092
2006-10-11 00:00:00+00:00,10303094.9068092
2006-10-12 00:00:00+00:00,10303094.9068092
2006-10-13 00:00:00+00:00,10303094.9068092
2006-10-16 00:00:00+00:00,10303094.9068092
2006-10-17 00:00:00+00:00,10303094.9068092
2006-10-18 00:00:00+00:00,10303094.9068092
2006-10-19 00:00:00+00:00,10303094.9068092
2006-10-20 00:00:00+00:00,10303094.9068092
2006-10-23 00:00:00+00:00,10303094.9068092
2006-10-24 00:00:00+00:00,10303094.9068092
2006-10-25 00:00:00+00:00,10303094.9068092
2006-10-26 00:00:00+00:00,10303094.9068092
2006-10-27 00:00:00+00:00,10303094.9068092
2006-10-30 00:00:00+00:00,10303094.9068092
2006-10-31 00:00:00+00:00,10303094.9068092
2006-11-01 00:00:00+00:00,10303094.9068092
2006-11-02 00:00:00+00:00,10303094.9068092
2006-11-03 00:00:00+00:00,10303094.9068092
2006-11-06 00:00:00+00:00,10303094.9068092
2006-11-07 00:00:00+00:00,10323452.06010351
2006-11-08 00:00:00+00:00,10333829.240264032
2006-11-09 00:00:00+00:00,10347814.67090897
2006-11-10 00:00:00+00:00,10352599.67090897
2006-11-13 00:00:00+00:00,10346190.677989049
2006-11-14 00:00:00+00:00,10341463.663828893
2006-11-15 00:00:00+00:00,10345726.685069127
2006-11-16 00:00:00+00:00,10343232.692149205
2006-11-17 00:00:00+00:00,10334822.692149205
2006-11-20 00:00:00+00:00,10347095.060898947
2006-11-21 00:00:00+00:00,10369294.925460987
2006-11-22 00:00:00+00:00,10371240.97122877
2006-11-23 00:00:00+00:00,10364197.792860476
2006-11-24 00:00:00+00:00,10372200.011685817
2006-11-27 00:00:00+00:00,10376377.85350488
2006-11-28 00:00:00+00:00,10373359.372738583
2006-11-29 00:00:00+00:00,10384040.163571103
2006-11-30 00:00:00+00:00,10384959.283774082
2006-12-01 00:00:00+00:00,10387831.620710444
2006-12-04 00:00:00+00:00,10390746.932466578
2006-12-05 00:00:00+00:00,10392210.505569886
2006-12-06 00:00:00+00:00,10388866.696623247
2006-12-07 00:00:00+00:00,10388315.58154909
2006-12-08 00:00:00+00:00,10384335.134704988
2006-12-11 00:00:00+00:00,10353112.81563649
2006-12-12 00:00:00+00:00,10300842.432622993
2006-12-13 00:00:00+00:00,10293920.143648002
2006-12-14 00:00:00+00:00,10339901.36343829
2006-12-15 00:00:00+00:00,10383491.627323788
2006-12-18 00:00:00+00:00,10343256.37989692
2006-12-19 00:00:00+00:00,10325137.583504964
2006-12-20 00:00:00+00:00,10317095.816613484
2006-12-21 00:00:00+00:00,10325155.801430989
2006-12-22 00:00:00+00:00,10325466.02249496
2006-12-25 00:00:00+00:00,9920765.261233974
2006-12-26 00:00:00+00:00,10328233.52249496
2006-12-27 00:00:00+00:00,10311935.925569601
2006-12-28 00:00:00+00:00,10341212.800591536
2006-12-29 00:00:00+00:00,10337279.458357878
2007-01-01 00:00:00+00:00,9512322.466055937
2007-01-02 00:00:00+00:00,10337279.458357878
2007-01-03 00:00:00+00:00,10319970.339274473
2007-01-04 00:00:00+00:00,10316256.891652128
2007-01-05 00:00:00+00:00,10318190.089730907
2007-01-08 00:00:00+00:00,10328353.789359335
2007-01-09 00:00:00+00:00,10335167.589399397
2007-01-10 00:00:00+00:00,10331406.954253187
2007-01-11 00:00:00+00:00,10330913.3619323
2007-01-12 00:00:00+00:00,10363022.383646522
2007-01-15 00:00:00+00:00,10365654.205867471
2007-01-16 00:00:00+00:00,10365654.205867471
2007-01-17 00:00:00+00:00,10365654.205867471
2007-01-18 00:00:00+00:00,10365654.205867471
2007-01-19 00:00:00+00:00,10365654.205867471
2007-01-22 00:00:00+00:00,10365654.205867471
2007-01-23 00:00:00+00:00,10365654.205867471
2007-01-24 00:00:00+00:00,10365654.205867471
2007-01-25 00:00:00+00:00,10365654.205867471
2007-01-26 00:00:00+00:00,10365654.205867471
2007-01-29 00:00:00+00:00,10351436.872933408
2007-01-30 00:00:00+00:00,9700459.903466245
2007-01-31 00:00:00+00:00,10295283.459633641
2007-02-01 00:00:00+00:00,10298338.134209447
2007-02-02 00:00:00+00:00,10295838.85115891
2007-02-05 00:00:00+00:00,10292150.510434942
2007-02-06 00:00:00+00:00,10320261.68892272
2007-02-07 00:00:00+00:00,10308940.417498427
2007-02-08 00:00:00+00:00,10312123.30369504
2007-02-09 00:00:00+00:00,10318189.497058468
2007-02-12 00:00:00+00:00,10286402.948314965
2007-02-13 00:00:00+00:00,10284459.056789696
2007-02-14 00:00:00+00:00,10305936.890682677
2007-02-15 00:00:00+00:00,10315264.855802506
2007-02-16 00:00:00+00:00,10315264.855802506
2007-02-19 00:00:00+00:00,10315264.855802506
2007-02-20 00:00:00+00:00,10315264.855802506
2007-02-21 00:00:00+00:00,10305994.180940952
2007-02-22 00:00:00+00:00,10285710.118440952
2007-02-23 00:00:00+00:00,10214118.114597084
2007-02-26 00:00:00+00:00,10168685.244743345
2007-02-27 00:00:00+00:00,10160958.10231749
2007-02-28 00:00:00+00:00,10115533.661431793
2007-03-01 00:00:00+00:00,10101613.221755186
2007-03-02 00:00:00+00:00,10095149.15769878
2007-03-05 00:00:00+00:00,10053116.689372234
2007-03-06 00:00:00+00:00,10051596.406918764
2007-03-07 00:00:00+00:00,10001207.893658876
2007-03-08 00:00:00+00:00,10120701.555793095
2007-03-09 00:00:00+00:00,10092669.551954996
2007-03-12 00:00:00+00:00,10115210.219473407
2007-03-13 00:00:00+00:00,10133068.646886326
2007-03-14 00:00:00+00:00,10078299.472101633
2007-03-15 00:00:00+00:00,10078250.942068521
2007-03-16 00:00:00+00:00,10066891.65100712
2007-03-19 00:00:00+00:00,10100840.10211796
2007-03-20 00:00:00+00:00,10117819.418563502
2007-03-21 00:00:00+00:00,10120510.851142295
2007-03-22 00:00:00+00:00,10142271.532481141
2007-03-23 00:00:00+00:00,10141816.953528797
2007-03-26 00:00:00+00:00,10141816.953528797
2007-03-27 00:00:00+00:00,10141816.953528797
2007-03-28 00:00:00+00:00,10141816.953528797
2007-03-29 00:00:00+00:00,10130454.890113724
2007-03-30 00:00:00+00:00,10119923.201728594
2007-04-02 00:00:00+00:00,10053932.612964403
2007-04-03 00:00:00+00:00,10016729.123126736
2007-04-04 00:00:00+00:00,10015237.78912317
2007-04-05 00:00:00+00:00,10039421.635272615
2007-04-09 00:00:00+00:00,10069595.003970735
2007-04-10 00:00:00+00:00,10073942.990566319
2007-04-11 00:00:00+00:00,10065144.280616825
2007-04-12 00:00:00+00:00,10054688.88130576
2007-04-13 00:00:00+00:00,10083429.897224491
2007-04-16 00:00:00+00:00,10081678.411874093
2007-04-17 00:00:00+00:00,10062313.906976022
2007-04-18 00:00:00+00:00,10074408.637383737
2007-04-19 00:00:00+00:00,10081022.664323129
2007-04-20 00:00:00+00:00,10078243.940143807
2007-04-23 00:00:00+00:00,10081694.692592843
2007-04-24 00:00:00+00:00,10118208.436470253
2007-04-25 00:00:00+00:00,10157059.74930486
2007-04-26 00:00:00+00:00,10157059.74930486
2007-04-27 00:00:00+00:00,10157059.74930486
2007-04-30 00:00:00+00:00,10157059.74930486
2007-05-01 00:00:00+00:00,10157059.74930486
2007-05-02 00:00:00+00:00,10157059.74930486
2007-05-03 00:00:00+00:00,10157059.74930486
2007-05-04 00:00:00+00:00,10157059.74930486
2007-05-07 00:00:00+00:00,10157059.74930486
2007-05-08 00:00:00+00:00,10157059.74930486
2007-05-09 00:00:00+00:00,10157059.74930486
2007-05-10 00:00:00+00:00,10157059.74930486
2007-05-11 00:00:00+00:00,10152158.463283781
2007-05-14 00:00:00+00:00,10142907.21003167
2007-05-15 00:00:00+00:00,10142907.21003167
2007-05-16 00:00:00+00:00,10142907.21003167
2007-05-17 00:00:00+00:00,10142907.21003167
2007-05-18 00:00:00+00:00,10142907.21003167
2007-05-21 00:00:00+00:00,10142907.21003167
2007-05-22 00:00:00+00:00,10142907.21003167
2007-05-23 00:00:00+00:00,10134714.332465233
2007-05-24 00:00:00+00:00,10129293.635443749
2007-05-25 00:00:00+00:00,10129699.296454491
2007-05-28 00:00:00+00:00,10142384.260443749
2007-05-29 00:00:00+00:00,10137756.519965233
2007-05-30 00:00:00+00:00,10141333.376959862
2007-05-31 00:00:00+00:00,10149556.519965233
2007-06-01 00:00:00+00:00,10152780.398444237
2007-06-04 00:00:00+00:00,10147288.65344912
2007-06-05 00:00:00+00:00,10158000.858954491
2007-06-06 00:00:00+00:00,10147399.296454491
2007-06-07 00:00:00+00:00,10154929.61107741
2007-06-08 00:00:00+00:00,10136478.429688139
2007-06-11 00:00:00+00:00,10117221.744912306
2007-06-12 00:00:00+00:00,10097390.596116224
2007-06-13 00:00:00+00:00,10105829.689950148
2007-06-14 00:00:00+00:00,10120934.443238417
2007-06-15 00:00:00+00:00,10123029.885926405
2007-06-18 00:00:00+00:00,10113649.976304213
2007-06-19 00:00:00+00:00,10136178.535264174
2007-06-20 00:00:00+00:00,10158312.294247562
2007-06-21 00:00:00+00:00,10157753.397342553
2007-06-22 00:00:00+00:00,10155778.713809839
2007-06-25 00:00:00+00:00,10150815.830875268
2007-06-26 00:00:00+00:00,10149417.830875268
2007-06-27 00:00:00+00:00,10160862.84340453
2007-06-28 00:00:00+00:00,10168302.857442139
2007-06-29 00:00:00+00:00,10165665.260930153
2007-07-02 00:00:00+00:00,10160457.702397438
2007-07-03 00:00:00+00:00,10158063.635930153
2007-07-04 00:00:00+00:00,10154586.127995582
2007-07-05 00:00:00+00:00,10152489.127995582
2007-07-06 00:00:00+00:00,10168915.627995582
2007-07-09 00:00:00+00:00,10171744.784942511
2007-07-10 00:00:00+00:00,10171744.784942511
2007-07-11 00:00:00+00:00,10171744.784942511
2007-07-12 00:00:00+00:00,10171744.784942511
2007-07-13 00:00:00+00:00,10171744.784942511
2007-07-16 00:00:00+00:00,10171744.784942511
2007-07-17 00:00:00+00:00,10171744.784942511
2007-07-18 00:00:00+00:00,10171744.784942511
2007-07-19 00:00:00+00:00,10171744.784942511
2007-07-20 00:00:00+00:00,10171744.784942511
2007-07-23 00:00:00+00:00,10171744.784942511
2007-07-24 00:00:00+00:00,10157749.948621735
2007-07-25 00:00:00+00:00,10165172.49325532
2007-07-26 00:00:00+00:00,10200653.855638208
2007-07-27 00:00:00+00:00,10161342.73801804
2007-07-30 00:00:00+00:00,10167710.556096805
2007-07-31 00:00:00+00:00,10249759.69940365
2007-08-01 00:00:00+00:00,10179994.367810674
2007-08-02 00:00:00+00:00,10216210.710316338
2007-08-03 00:00:00+00:00,10240806.691097893
2007-08-06 00:00:00+00:00,10226092.250799812
2007-08-07 00:00:00+00:00,10245040.462897226
2007-08-08 00:00:00+00:00,10266572.9174482
2007-08-09 00:00:00+00:00,10248195.181436026
2007-08-10 00:00:00+00:00,10232623.456178153
2007-08-13 00:00:00+00:00,10253336.920537436
2007-08-14 00:00:00+00:00,10253781.398007834
2007-08-15 00:00:00+00:00,9025112.849721396
2007-08-16 00:00:00+00:00,10202396.139916861
2007-08-17 00:00:00+00:00,10200304.304060938
2007-08-20 00:00:00+00:00,10244202.497069173
2007-08-21 00:00:00+00:00,10216824.873278806
2007-08-22 00:00:00+00:00,10245284.456361594
2007-08-23 00:00:00+00:00,10244074.39881164
2007-08-24 00:00:00+00:00,10277998.158748155
2007-08-27 00:00:00+00:00,10333109.643918704
2007-08-28 00:00:00+00:00,10342580.317391861
2007-08-29 00:00:00+00:00,10342534.073792923
2007-08-30 00:00:00+00:00,10337621.258687485
2007-08-31 00:00:00+00:00,10359843.469289292
2007-09-03 00:00:00+00:00,9936403.253712233
2007-09-04 00:00:00+00:00,10385351.101852272
2007-09-05 00:00:00+00:00,10389474.138225244
2007-09-06 00:00:00+00:00,10389474.138225244
2007-09-07 00:00:00+00:00,10389474.138225244
2007-09-10 00:00:00+00:00,10389474.138225244
2007-09-11 00:00:00+00:00,10389474.138225244
2007-09-12 00:00:00+00:00,10389474.138225244
2007-09-13 00:00:00+00:00,10389474.138225244
2007-09-14 00:00:00+00:00,10389474.138225244
2007-09-17 00:00:00+00:00,10389474.138225244
2007-09-18 00:00:00+00:00,10389474.138225244
2007-09-19 00:00:00+00:00,10389474.138225244
2007-09-20 00:00:00+00:00,10389474.138225244
2007-09-21 00:00:00+00:00,10389474.138225244
2007-09-24 00:00:00+00:00,10380837.033884143
2007-09-25 00:00:00+00:00,10372853.964521503
2007-09-26 00:00:00+00:00,10381061.888296222
2007-09-27 00:00:00+00:00,10383423.082658863
2007-09-28 00:00:00+00:00,10387695.728246784
2007-10-01 00:00:00+00:00,10376002.200796222
2007-10-02 00:00:00+00:00,9961332.714521503
2007-10-03 00:00:00+00:00,10371954.478246784
2007-10-04 00:00:00+00:00,10361014.029557006
2007-10-05 00:00:00+00:00,10356994.573350446
2007-10-08 00:00:00+00:00,10364701.376535194
2007-10-09 00:00:00+00:00,10349817.967272183
2007-10-10 00:00:00+00:00,10357789.683191678
2007-10-11 00:00:00+00:00,10356404.623726055
2007-10-12 00:00:00+00:00,10333437.499656841
2007-10-15 00:00:00+00:00,10331338.234832928
2007-10-16 00:00:00+00:00,10337254.887321636
2007-10-17 00:00:00+00:00,10308214.958908245
2007-10-18 00:00:00+00:00,10319374.354090855
2007-10-19 00:00:00+00:00,10290750.40739678
2007-10-22 00:00:00+00:00,10318372.570366131
2007-10-23 00:00:00+00:00,10317452.986190306
2007-10-24 00:00:00+00:00,10349553.43266009
2007-10-25 00:00:00+00:00,10350032.08625354
2007-10-26 00:00:00+00:00,10354746.701964753
2007-10-29 00:00:00+00:00,10351299.758427756
2007-10-30 00:00:00+00:00,10342096.212861197
2007-10-31 00:00:00+00:00,10343738.64477791
2007-11-01 00:00:00+00:00,10331178.266308682
2007-11-02 00:00:00+00:00,10336061.460632296
2007-11-05 00:00:00+00:00,10331107.815808507
2007-11-06 00:00:00+00:00,10333317.502464667
2007-11-07 00:00:00+00:00,10315547.010058299
2007-11-08 00:00:00+00:00,10291328.062100306
2007-11-09 00:00:00+00:00,8673742.86556251
2007-11-12 00:00:00+00:00,10287898.759893948
2007-11-13 00:00:00+00:00,10243803.618054036
2007-11-14 00:00:00+00:00,10319081.325179122
2007-11-15 00:00:00+00:00,10342924.309256576
2007-11-16 00:00:00+00:00,10357920.907766582
2007-11-19 00:00:00+00:00,10422928.500123285
2007-11-20 00:00:00+00:00,10389108.015626816
2007-11-21 00:00:00+00:00,10370104.812761215
2007-11-22 00:00:00+00:00,10370682.773390722
2007-11-23 00:00:00+00:00,10381761.529509496
2007-11-26 00:00:00+00:00,10396691.545393895
2007-11-27 00:00:00+00:00,10397371.272878084
2007-11-28 00:00:00+00:00,10396281.060246859
2007-11-29 00:00:00+00:00,10395767.26675931
2007-11-30 00:00:00+00:00,10404601.79800931
2007-12-03 00:00:00+00:00,10403665.769942101
2007-12-04 00:00:00+00:00,10403665.769942101
2007-12-05 00:00:00+00:00,10403665.769942101
2007-12-06 00:00:00+00:00,10403665.769942101
2007-12-07 00:00:00+00:00,10403665.769942101
2007-12-10 00:00:00+00:00,10403665.769942101
2007-12-11 00:00:00+00:00,10403665.769942101
2007-12-12 00:00:00+00:00,10403665.769942101
2007-12-13 00:00:00+00:00,10403665.769942101
2007-12-14 00:00:00+00:00,10403665.769942101
2007-12-17 00:00:00+00:00,10403665.769942101
2007-12-18 00:00:00+00:00,10403665.769942101
2007-12-19 00:00:00+00:00,10403665.769942101
2007-12-20 00:00:00+00:00,10403665.769942101
2007-12-21 00:00:00+00:00,10403665.769942101
2007-12-24 00:00:00+00:00,10408724.554140313
2007-12-26 00:00:00+00:00,10421748.023752434
2007-12-27 00:00:00+00:00,10424886.211252434
2007-12-28 00:00:00+00:00,10422987.983101029
2007-12-31 00:00:00+00:00,10422987.983101029
2008-01-01 00:00:00+00:00,10422987.983101029
2008-01-02 00:00:00+00:00,10422987.983101029
2008-01-03 00:00:00+00:00,10422987.983101029
2008-01-04 00:00:00+00:00,10422987.983101029
2008-01-07 00:00:00+00:00,10422987.983101029
2008-01-08 00:00:00+00:00,10422987.983101029
2008-01-09 00:00:00+00:00,10431228.778172081
2008-01-10 00:00:00+00:00,10420845.473850792
2008-01-11 00:00:00+00:00,10407848.645295441
2008-01-14 00:00:00+00:00,10361834.659452423
2008-01-15 00:00:00+00:00,10352737.164228424
2008-01-16 00:00:00+00:00,10313600.682820998
2008-01-17 00:00:00+00:00,10284289.857432
2008-01-18 00:00:00+00:00,10223801.675425382
2008-01-21 00:00:00+00:00,9802468.598505376
2008-01-22 00:00:00+00:00,9617172.171698222
2008-01-23 00:00:00+00:00,9612763.436887305
2008-01-24 00:00:00+00:00,9472431.43266062
2008-01-25 00:00:00+00:00,9728608.60032038
2008-01-28 00:00:00+00:00,9736306.971002143
2008-01-29 00:00:00+00:00,9807130.672670478
2008-01-30 00:00:00+00:00,9686011.144751918
2008-01-31 00:00:00+00:00,9641428.956843745
2008-02-01 00:00:00+00:00,9737151.089370143
2008-02-04 00:00:00+00:00,9809328.123472624
2008-02-05 00:00:00+00:00,9812961.108529968
2008-02-06 00:00:00+00:00,9787933.153116055
2008-02-07 00:00:00+00:00,9788187.151178101
2008-02-08 00:00:00+00:00,9788187.151178101
2008-02-11 00:00:00+00:00,9788187.151178101
2008-02-12 00:00:00+00:00,9776232.535078863
2008-02-13 00:00:00+00:00,9777430.234358648
2008-02-14 00:00:00+00:00,9803850.433638433
2008-02-15 00:00:00+00:00,9808192.843001226
2008-02-18 00:00:00+00:00,9804729.545882085
2008-02-19 00:00:00+00:00,9810080.835799078
2008-02-20 00:00:00+00:00,9805549.331060963
2008-02-21 00:00:00+00:00,9805549.331060963
2008-02-22 00:00:00+00:00,9805549.331060963
2008-02-25 00:00:00+00:00,9805549.331060963
2008-02-26 00:00:00+00:00,9805549.331060963
2008-02-27 00:00:00+00:00,9805549.331060963
2008-02-28 00:00:00+00:00,9805549.331060963
2008-02-29 00:00:00+00:00,9805549.331060963
2008-03-03 00:00:00+00:00,9805549.331060963
2008-03-04 00:00:00+00:00,9767101.10721496
2008-03-05 00:00:00+00:00,9754247.878864486
2008-03-06 00:00:00+00:00,8253602.41850682
2008-03-07 00:00:00+00:00,9645356.874102546
2008-03-10 00:00:00+00:00,9658941.737934284
2008-03-11 00:00:00+00:00,9668426.71337833
2008-03-12 00:00:00+00:00,9682277.584029576
2008-03-13 00:00:00+00:00,9594534.671976894
2008-03-14 00:00:00+00:00,9616834.100326007
2008-03-17 00:00:00+00:00,9549875.349004235
2008-03-18 00:00:00+00:00,9541128.59108311
2008-03-19 00:00:00+00:00,9544243.761478007
2008-03-20 00:00:00+00:00,8262558.522616924
2008-03-24 00:00:00+00:00,9562318.907687724
2008-03-25 00:00:00+00:00,9652245.614917338
2008-03-26 00:00:00+00:00,9688795.114745762
2008-03-27 00:00:00+00:00,9681337.31713834
2008-03-28 00:00:00+00:00,9697615.114745762
2008-03-31 00:00:00+00:00,9696831.114745762
2008-04-01 00:00:00+00:00,9688687.31713834
2008-04-02 00:00:00+00:00,9688403.114745762
2008-04-03 00:00:00+00:00,9695459.114745762
2008-04-04 00:00:00+00:00,9692048.709960606
2008-04-07 00:00:00+00:00,9693891.114745762
2008-04-08 00:00:00+00:00,9692715.114745762
2008-04-09 00:00:00+00:00,9684373.899618862
2008-04-10 00:00:00+00:00,9686583.899618862
2008-04-11 00:00:00+00:00,9687233.899618862
2008-04-14 00:00:00+00:00,9302875.88692355
2008-04-15 00:00:00+00:00,9696151.880575893
2008-04-16 00:00:00+00:00,9696047.874228237
2008-04-17 00:00:00+00:00,9698335.88692355
2008-04-18 00:00:00+00:00,9302875.88692355
2008-04-21 00:00:00+00:00,9702391.880575893
2008-04-22 00:00:00+00:00,9699956.126151687
2008-04-23 00:00:00+00:00,9699956.126151687
2008-04-24 00:00:00+00:00,9699956.126151687
2008-04-25 00:00:00+00:00,9694498.642046686
2008-04-28 00:00:00+00:00,9706713.142046686
2008-04-29 00:00:00+00:00,9691385.142046686
2008-04-30 00:00:00+00:00,9688151.892046686
2008-05-01 00:00:00+00:00,9683002.642046686
2008-05-02 00:00:00+00:00,9679401.54172473
2008-05-05 00:00:00+00:00,9678603.017432738
2008-05-06 00:00:00+00:00,9681533.528174926
2008-05-07 00:00:00+00:00,9672712.449439574
2008-05-08 00:00:00+00:00,9679217.060157347
2008-05-09 00:00:00+00:00,9635471.199091602
2008-05-12 00:00:00+00:00,9596449.203088587
2008-05-13 00:00:00+00:00,9572543.149155568
2008-05-14 00:00:00+00:00,9555841.56471343
2008-05-15 00:00:00+00:00,9569867.359259384
2008-05-16 00:00:00+00:00,9593048.554343002
2008-05-19 00:00:00+00:00,9215014.460898178
2008-05-20 00:00:00+00:00,9591437.840607958
2008-05-21 00:00:00+00:00,9599868.747163134
2008-05-22 00:00:00+00:00,9560288.174276667
2008-05-23 00:00:00+00:00,9586952.38192995
2008-05-26 00:00:00+00:00,9546935.440411475
2008-05-27 00:00:00+00:00,9542256.081064275
2008-05-28 00:00:00+00:00,9559309.632087758
2008-05-29 00:00:00+00:00,9540635.63621532
2008-05-30 00:00:00+00:00,9545008.300943246
2008-06-02 00:00:00+00:00,9552540.113113165
2008-06-03 00:00:00+00:00,9552540.113113165
2008-06-04 00:00:00+00:00,9552540.113113165
2008-06-05 00:00:00+00:00,9552540.113113165
2008-06-06 00:00:00+00:00,9552540.113113165
2008-06-09 00:00:00+00:00,9552540.113113165
2008-06-10 00:00:00+00:00,9552540.113113165
2008-06-11 00:00:00+00:00,9552540.113113165
2008-06-12 00:00:00+00:00,9552540.113113165
2008-06-13 00:00:00+00:00,9552540.113113165
2008-06-16 00:00:00+00:00,9552540.113113165
2008-06-17 00:00:00+00:00,9552540.113113165
2008-06-18 00:00:00+00:00,9552540.113113165
2008-06-19 00:00:00+00:00,9552540.113113165
2008-06-20 00:00:00+00:00,9552540.113113165
2008-06-23 00:00:00+00:00,9552540.113113165
2008-06-24 00:00:00+00:00,9552540.113113165
2008-06-25 00:00:00+00:00,9552540.113113165
2008-06-26 00:00:00+00:00,9552540.113113165
2008-06-27 00:00:00+00:00,9552540.113113165
2008-06-30 00:00:00+00:00,9552540.113113165
2008-07-01 00:00:00+00:00,9552540.113113165
2008-07-02 00:00:00+00:00,9552540.113113165
2008-07-03 00:00:00+00:00,9552540.113113165
2008-07-04 00:00:00+00:00,9552540.113113165
2008-07-07 00:00:00+00:00,9552540.113113165
2008-07-08 00:00:00+00:00,9552540.113113165
2008-07-09 00:00:00+00:00,9552540.113113165
2008-07-10 00:00:00+00:00,9552540.113113165
2008-07-11 00:00:00+00:00,9552540.113113165
2008-07-14 00:00:00+00:00,9552540.113113165
2008-07-15 00:00:00+00:00,9552540.113113165
2008-07-16 00:00:00+00:00,9552540.113113165
2008-07-17 00:00:00+00:00,9552540.113113165
2008-07-18 00:00:00+00:00,9552540.113113165
2008-07-21 00:00:00+00:00,9552540.113113165
2008-07-22 00:00:00+00:00,9552540.113113165
2008-07-23 00:00:00+00:00,9552540.113113165
2008-07-24 00:00:00+00:00,9552540.113113165
2008-07-25 00:00:00+00:00,9552540.113113165
2008-07-28 00:00:00+00:00,9552540.113113165
2008-07-29 00:00:00+00:00,9552540.113113165
2008-07-30 00:00:00+00:00,9552540.113113165
2008-07-31 00:00:00+00:00,9552540.113113165
2008-08-01 00:00:00+00:00,9552540.113113165
2008-08-04 00:00:00+00:00,9552540.113113165
2008-08-05 00:00:00+00:00,9552540.113113165
2008-08-06 00:00:00+00:00,9552540.113113165
2008-08-07 00:00:00+00:00,9552540.113113165
2008-08-08 00:00:00+00:00,9552540.113113165
2008-08-11 00:00:00+00:00,9552540.113113165
2008-08-12 00:00:00+00:00,9552540.113113165
2008-08-13 00:00:00+00:00,9552540.113113165
2008-08-14 00:00:00+00:00,9552540.113113165
2008-08-15 00:00:00+00:00,9552540.113113165
2008-08-18 00:00:00+00:00,9552540.113113165
2008-08-19 00:00:00+00:00,9552540.113113165
2008-08-20 00:00:00+00:00,9552540.113113165
2008-08-21 00:00:00+00:00,9552540.113113165
2008-08-22 00:00:00+00:00,9552540.113113165
2008-08-25 00:00:00+00:00,9552540.113113165
2008-08-26 00:00:00+00:00,9552540.113113165
2008-08-27 00:00:00+00:00,9552540.113113165
2008-08-28 00:00:00+00:00,9552540.113113165
2008-08-29 00:00:00+00:00,9552540.113113165
2008-09-01 00:00:00+00:00,9552540.113113165
2008-09-02 00:00:00+00:00,9552540.113113165
2008-09-03 00:00:00+00:00,9552540.113113165
2008-09-04 00:00:00+00:00,9552540.113113165
2008-09-05 00:00:00+00:00,9552540.113113165
2008-09-08 00:00:00+00:00,9552540.113113165
2008-09-09 00:00:00+00:00,9552540.113113165
2008-09-10 00:00:00+00:00,9552540.113113165
2008-09-11 00:00:00+00:00,9552540.113113165
2008-09-12 00:00:00+00:00,9552540.113113165
2008-09-15 00:00:00+00:00,9552540.113113165
2008-09-16 00:00:00+00:00,9552540.113113165
2008-09-17 00:00:00+00:00,9552540.113113165
2008-09-18 00:00:00+00:00,9552540.113113165
2008-09-19 00:00:00+00:00,9552540.113113165
2008-09-22 00:00:00+00:00,9552540.113113165
2008-09-23 00:00:00+00:00,9552540.113113165
2008-09-24 00:00:00+00:00,9552540.113113165
2008-09-25 00:00:00+00:00,9552540.113113165
2008-09-26 00:00:00+00:00,9552540.113113165
2008-09-29 00:00:00+00:00,9552540.113113165
2008-09-30 00:00:00+00:00,9552540.113113165
2008-10-01 00:00:00+00:00,9552540.113113165
2008-10-02 00:00:00+00:00,9552540.113113165
2008-10-03 00:00:00+00:00,9552540.113113165
2008-10-06 00:00:00+00:00,9552540.113113165
2008-10-07 00:00:00+00:00,9552540.113113165
2008-10-08 00:00:00+00:00,9552540.113113165
2008-10-09 00:00:00+00:00,9552540.113113165
2008-10-10 00:00:00+00:00,9552540.113113165
2008-10-13 00:00:00+00:00,9552540.113113165
2008-10-14 00:00:00+00:00,9552540.113113165
2008-10-15 00:00:00+00:00,9552540.113113165
2008-10-16 00:00:00+00:00,9552540.113113165
2008-10-17 00:00:00+00:00,9552540.113113165
2008-10-20 00:00:00+00:00,9552540.113113165
2008-10-21 00:00:00+00:00,9552540.113113165
2008-10-22 00:00:00+00:00,9552540.113113165
2008-10-23 00:00:00+00:00,9552540.113113165
2008-10-24 00:00:00+00:00,9552540.113113165
2008-10-27 00:00:00+00:00,9552540.113113165
2008-10-28 00:00:00+00:00,9552540.113113165
2008-10-29 00:00:00+00:00,9552540.113113165
2008-10-30 00:00:00+00:00,9552540.113113165
2008-10-31 00:00:00+00:00,9552540.113113165
2008-11-03 00:00:00+00:00,9552540.113113165
2008-11-04 00:00:00+00:00,9552540.113113165
2008-11-05 00:00:00+00:00,9552540.113113165
2008-11-06 00:00:00+00:00,9552540.113113165
2008-11-07 00:00:00+00:00,9552540.113113165
2008-11-10 00:00:00+00:00,9552540.113113165
2008-11-11 00:00:00+00:00,9552540.113113165
2008-11-12 00:00:00+00:00,9552540.113113165
2008-11-13 00:00:00+00:00,9552540.113113165
2008-11-14 00:00:00+00:00,9552540.113113165
2008-11-17 00:00:00+00:00,9552540.113113165
2008-11-18 00:00:00+00:00,9552540.113113165
2008-11-19 00:00:00+00:00,9552540.113113165
2008-11-20 00:00:00+00:00,9552540.113113165
2008-11-21 00:00:00+00:00,9552540.113113165
2008-11-24 00:00:00+00:00,9552540.113113165
2008-11-25 00:00:00+00:00,9552540.113113165
2008-11-26 00:00:00+00:00,9552540.113113165
2008-11-27 00:00:00+00:00,9552540.113113165
2008-11-28 00:00:00+00:00,9552540.113113165
2008-12-01 00:00:00+00:00,9552540.113113165
2008-12-02 00:00:00+00:00,9552540.113113165
2008-12-03 00:00:00+00:00,9552540.113113165
2008-12-04 00:00:00+00:00,9552540.113113165
2008-12-05 00:00:00+00:00,9552540.113113165
2008-12-08 00:00:00+00:00,9552540.113113165
2008-12-09 00:00:00+00:00,9552540.113113165
2008-12-10 00:00:00+00:00,9552540.113113165
2008-12-11 00:00:00+00:00,9552540.113113165
2008-12-12 00:00:00+00:00,9552540.113113165
2008-12-15 00:00:00+00:00,9552540.113113165
2008-12-16 00:00:00+00:00,9552540.113113165
2008-12-17 00:00:00+00:00,9552540.113113165
2008-12-18 00:00:00+00:00,9552540.113113165
2008-12-19 00:00:00+00:00,9552540.113113165
2008-12-22 00:00:00+00:00,9552540.113113165
2008-12-23 00:00:00+00:00,9552540.113113165
2008-12-24 00:00:00+00:00,9552540.113113165
2008-12-26 00:00:00+00:00,9552540.113113165
2008-12-29 00:00:00+00:00,9552540.113113165
2008-12-30 00:00:00+00:00,9552540.113113165
2008-12-31 00:00:00+00:00,9552540.113113165
2009-01-02 00:00:00+00:00,9552540.113113165
2009-01-05 00:00:00+00:00,9552540.113113165
2009-01-06 00:00:00+00:00,9552540.113113165
2009-01-07 00:00:00+00:00,9552540.113113165
2009-01-08 00:00:00+00:00,9552540.113113165
2009-01-09 00:00:00+00:00,9552540.113113165
2009-01-12 00:00:00+00:00,9552540.113113165
2009-01-13 00:00:00+00:00,9552540.113113165
2009-01-14 00:00:00+00:00,9552540.113113165
2009-01-15 00:00:00+00:00,9552540.113113165
2009-01-16 00:00:00+00:00,9552540.113113165
2009-01-19 00:00:00+00:00,9552540.113113165
2009-01-20 00:00:00+00:00,9552540.113113165
2009-01-21 00:00:00+00:00,9552540.113113165
2009-01-22 00:00:00+00:00,9552540.113113165
2009-01-23 00:00:00+00:00,9552540.113113165
2009-01-26 00:00:00+00:00,9552540.113113165
2009-01-27 00:00:00+00:00,9552540.113113165
2009-01-28 00:00:00+00:00,9552540.113113165
2009-01-29 00:00:00+00:00,9552540.113113165
2009-01-30 00:00:00+00:00,9552540.113113165
2009-02-02 00:00:00+00:00,9552540.113113165
2009-02-03 00:00:00+00:00,9552540.113113165
2009-02-04 00:00:00+00:00,9552540.113113165
2009-02-05 00:00:00+00:00,9552540.113113165
2009-02-06 00:00:00+00:00,9552540.113113165
2009-02-09 00:00:00+00:00,9552540.113113165
2009-02-10 00:00:00+00:00,9552540.113113165
2009-02-11 00:00:00+00:00,9552540.113113165
2009-02-12 00:00:00+00:00,9552540.113113165
2009-02-13 00:00:00+00:00,9552540.113113165
2009-02-16 00:00:00+00:00,9552540.113113165
2009-02-17 00:00:00+00:00,9552540.113113165
2009-02-18 00:00:00+00:00,9552540.113113165
2009-02-19 00:00:00+00:00,9552540.113113165
2009-02-20 00:00:00+00:00,9552540.113113165
2009-02-23 00:00:00+00:00,9552540.113113165
2009-02-24 00:00:00+00:00,9552540.113113165
2009-02-25 00:00:00+00:00,9552540.113113165
2009-02-26 00:00:00+00:00,9552540.113113165
2009-02-27 00:00:00+00:00,9552540.113113165
2009-03-02 00:00:00+00:00,9552540.113113165
2009-03-03 00:00:00+00:00,9552540.113113165
2009-03-04 00:00:00+00:00,9552540.113113165
2009-03-05 00:00:00+00:00,9552540.113113165
2009-03-06 00:00:00+00:00,9552540.113113165
2009-03-09 00:00:00+00:00,9552540.113113165
2009-03-10 00:00:00+00:00,9552540.113113165
2009-03-11 00:00:00+00:00,9552540.113113165
2009-03-12 00:00:00+00:00,9552540.113113165
2009-03-13 00:00:00+00:00,9552540.113113165
2009-03-16 00:00:00+00:00,9552540.113113165
2009-03-17 00:00:00+00:00,9552540.113113165
2009-03-18 00:00:00+00:00,9552540.113113165
2009-03-19 00:00:00+00:00,9552540.113113165
2009-03-20 00:00:00+00:00,9552540.113113165
2009-03-23 00:00:00+00:00,9552540.113113165
2009-03-24 00:00:00+00:00,9552540.113113165
2009-03-25 00:00:00+00:00,9552540.113113165
2009-03-26 00:00:00+00:00,9552540.113113165
2009-03-27 00:00:00+00:00,9552540.113113165
2009-03-30 00:00:00+00:00,9552540.113113165
2009-03-31 00:00:00+00:00,9552540.113113165
2009-04-01 00:00:00+00:00,9552540.113113165
2009-04-02 00:00:00+00:00,9552540.113113165
2009-04-03 00:00:00+00:00,9552540.113113165
2009-04-06 00:00:00+00:00,9552540.113113165
2009-04-07 00:00:00+00:00,9552540.113113165
2009-04-08 00:00:00+00:00,9552540.113113165
2009-04-09 00:00:00+00:00,9552540.113113165
2009-04-13 00:00:00+00:00,9552540.113113165
2009-04-14 00:00:00+00:00,9552540.113113165
2009-04-15 00:00:00+00:00,9552540.113113165
2009-04-16 00:00:00+00:00,9552540.113113165
2009-04-17 00:00:00+00:00,9552540.113113165
2009-04-20 00:00:00+00:00,9552540.113113165
2009-04-21 00:00:00+00:00,9552540.113113165
2009-04-22 00:00:00+00:00,9552540.113113165
2009-04-23 00:00:00+00:00,9552540.113113165
2009-04-24 00:00:00+00:00,9552540.113113165
2009-04-27 00:00:00+00:00,9552540.113113165
2009-04-28 00:00:00+00:00,9552540.113113165
2009-04-29 00:00:00+00:00,9552540.113113165
2009-04-30 00:00:00+00:00,9552540.113113165
2009-05-01 00:00:00+00:00,9552540.113113165
2009-05-04 00:00:00+00:00,9552540.113113165
2009-05-05 00:00:00+00:00,9552540.113113165
2009-05-06 00:00:00+00:00,9552540.113113165
2009-05-07 00:00:00+00:00,9552540.113113165
2009-05-08 00:00:00+00:00,9552540.113113165
2009-05-11 00:00:00+00:00,9552540.113113165
2009-05-12 00:00:00+00:00,9552540.113113165
2009-05-13 00:00:00+00:00,9552540.113113165
2009-05-14 00:00:00+00:00,9552540.113113165
2009-05-15 00:00:00+00:00,9552540.113113165
2009-05-18 00:00:00+00:00,9552540.113113165
2009-05-19 00:00:00+00:00,9552540.113113165
2009-05-20 00:00:00+00:00,9552540.113113165
2009-05-21 00:00:00+00:00,9552540.113113165
2009-05-22 00:00:00+00:00,9552540.113113165
2009-05-25 00:00:00+00:00,9552540.113113165
2009-05-26 00:00:00+00:00,9552540.113113165
2009-05-27 00:00:00+00:00,9552540.113113165
2009-05-28 00:00:00+00:00,9552540.113113165
2009-05-29 00:00:00+00:00,9552540.113113165
2009-06-01 00:00:00+00:00,9552540.113113165
2009-06-02 00:00:00+00:00,9552540.113113165
2009-06-03 00:00:00+00:00,9552540.113113165
2009-06-04 00:00:00+00:00,9552540.113113165
2009-06-05 00:00:00+00:00,9552540.113113165
2009-06-08 00:00:00+00:00,9552540.113113165
2009-06-09 00:00:00+00:00,9552540.113113165
2009-06-10 00:00:00+00:00,9552540.113113165
2009-06-11 00:00:00+00:00,9552540.113113165
2009-06-12 00:00:00+00:00,9552540.113113165
2009-06-15 00:00:00+00:00,9552540.113113165
2009-06-16 00:00:00+00:00,9552540.113113165
2009-06-17 00:00:00+00:00,9552540.113113165
2009-06-18 00:00:00+00:00,9552540.113113165
2009-06-19 00:00:00+00:00,9552540.113113165
2009-06-22 00:00:00+00:00,9552540.113113165
2009-06-23 00:00:00+00:00,9552540.113113165
2009-06-24 00:00:00+00:00,9552540.113113165
2009-06-25 00:00:00+00:00,9552540.113113165
2009-06-26 00:00:00+00:00,9552540.113113165
2009-06-29 00:00:00+00:00,9552540.113113165
2009-06-30 00:00:00+00:00,9552540.113113165
2009-07-01 00:00:00+00:00,9552540.113113165
2009-07-02 00:00:00+00:00,9552540.113113165
2009-07-03 00:00:00+00:00,9552540.113113165
2009-07-06 00:00:00+00:00,9552540.113113165
2009-07-07 00:00:00+00:00,9552540.113113165
2009-07-08 00:00:00+00:00,9552540.113113165
2009-07-09 00:00:00+00:00,9552540.113113165
2009-07-10 00:00:00+00:00,9552540.113113165
2009-07-13 00:00:00+00:00,9552540.113113165
2009-07-14 00:00:00+00:00,9552540.113113165
2009-07-15 00:00:00+00:00,9552540.113113165
2009-07-16 00:00:00+00:00,9552540.113113165
2009-07-17 00:00:00+00:00,9552540.113113165
2009-07-20 00:00:00+00:00,9552540.113113165
2009-07-21 00:00:00+00:00,9552540.113113165
2009-07-22 00:00:00+00:00,9552540.113113165
2009-07-23 00:00:00+00:00,9552540.113113165
2009-07-24 00:00:00+00:00,9552540.113113165
2009-07-27 00:00:00+00:00,9552540.113113165
2009-07-28 00:00:00+00:00,9552540.113113165
2009-07-29 00:00:00+00:00,9552540.113113165
2009-07-30 00:00:00+00:00,9552540.113113165
2009-07-31 00:00:00+00:00,9552540.113113165
2009-08-03 00:00:00+00:00,9552540.113113165
2009-08-04 00:00:00+00:00,9552540.113113165
2009-08-05 00:00:00+00:00,9552540.113113165
2009-08-06 00:00:00+00:00,9552540.113113165
2009-08-07 00:00:00+00:00,9552540.113113165
2009-08-10 00:00:00+00:00,9552540.113113165
2009-08-11 00:00:00+00:00,9552540.113113165
2009-08-12 00:00:00+00:00,9552540.113113165
2009-08-13 00:00:00+00:00,9552540.113113165
2009-08-14 00:00:00+00:00,9552540.113113165
2009-08-17 00:00:00+00:00,9552540.113113165
2009-08-18 00:00:00+00:00,9552540.113113165
2009-08-19 00:00:00+00:00,9552540.113113165
2009-08-20 00:00:00+00:00,9552540.113113165
2009-08-21 00:00:00+00:00,9552540.113113165
2009-08-24 00:00:00+00:00,9552540.113113165
2009-08-25 00:00:00+00:00,9552540.113113165
2009-08-26 00:00:00+00:00,9552540.113113165
2009-08-27 00:00:00+00:00,9552540.113113165
2009-08-28 00:00:00+00:00,9552540.113113165
2009-08-31 00:00:00+00:00,9552540.113113165
2009-09-01 00:00:00+00:00,9552540.113113165
2009-09-02 00:00:00+00:00,9552540.113113165
2009-09-03 00:00:00+00:00,9552540.113113165
2009-09-04 00:00:00+00:00,9552540.113113165
2009-09-07 00:00:00+00:00,9552540.113113165
2009-09-08 00:00:00+00:00,9552540.113113165
2009-09-09 00:00:00+00:00,9552540.113113165
2009-09-10 00:00:00+00:00,9552540.113113165
2009-09-11 00:00:00+00:00,9552540.113113165
2009-09-14 00:00:00+00:00,9552540.113113165
2009-09-15 00:00:00+00:00,9552540.113113165
2009-09-16 00:00:00+00:00,9552540.113113165
2009-09-17 00:00:00+00:00,9552540.113113165
2009-09-18 00:00:00+00:00,9552540.113113165
2009-09-21 00:00:00+00:00,9552540.113113165
2009-09-22 00:00:00+00:00,9552540.113113165
2009-09-23 00:00:00+00:00,9552540.113113165
2009-09-24 00:00:00+00:00,9552540.113113165
2009-09-25 00:00:00+00:00,9552540.113113165
2009-09-28 00:00:00+00:00,9552540.113113165
2009-09-29 00:00:00+00:00,9552540.113113165
2009-09-30 00:00:00+00:00,9552540.113113165
2009-10-01 00:00:00+00:00,9552540.113113165
2009-10-02 00:00:00+00:00,9552540.113113165
2009-10-05 00:00:00+00:00,9552540.113113165
2009-10-06 00:00:00+00:00,9552540.113113165
2009-10-07 00:00:00+00:00,9552540.113113165
2009-10-08 00:00:00+00:00,9552540.113113165
2009-10-09 00:00:00+00:00,9552540.113113165
2009-10-12 00:00:00+00:00,9552540.113113165
2009-10-13 00:00:00+00:00,9552540.113113165
2009-10-14 00:00:00+00:00,9552540.113113165
2009-10-15 00:00:00+00:00,9552540.113113165
2009-10-16 00:00:00+00:00,9552540.113113165
2009-10-19 00:00:00+00:00,9552540.113113165
2009-10-20 00:00:00+00:00,9552540.113113165
2009-10-21 00:00:00+00:00,9552540.113113165
2009-10-22 00:00:00+00:00,9552540.113113165
2009-10-23 00:00:00+00:00,9552540.113113165
2009-10-26 00:00:00+00:00,9552540.113113165
2009-10-27 00:00:00+00:00,9552540.113113165
2009-10-28 00:00:00+00:00,9552540.113113165
2009-10-29 00:00:00+00:00,9552540.113113165
2009-10-30 00:00:00+00:00,9552540.113113165
2009-11-02 00:00:00+00:00,9552540.113113165
2009-11-03 00:00:00+00:00,9552540.113113165
2009-11-04 00:00:00+00:00,9552540.113113165
2009-11-05 00:00:00+00:00,9552540.113113165
2009-11-06 00:00:00+00:00,9552540.113113165
2009-11-09 00:00:00+00:00,9552540.113113165
2009-11-10 00:00:00+00:00,9552540.113113165
2009-11-11 00:00:00+00:00,9552540.113113165
2009-11-12 00:00:00+00:00,9552540.113113165
2009-11-13 00:00:00+00:00,9552540.113113165
2009-11-16 00:00:00+00:00,9552540.113113165
2009-11-17 00:00:00+00:00,9552540.113113165
2009-11-18 00:00:00+00:00,9552540.113113165
2009-11-19 00:00:00+00:00,9552540.113113165
2009-11-20 00:00:00+00:00,9552540.113113165
2009-11-23 00:00:00+00:00,9552540.113113165
2009-11-24 00:00:00+00:00,9552540.113113165
2009-11-25 00:00:00+00:00,9552540.113113165
2009-11-26 00:00:00+00:00,9552540.113113165
2009-11-27 00:00:00+00:00,9552540.113113165
2009-11-30 00:00:00+00:00,9552540.113113165
2009-12-01 00:00:00+00:00,9552540.113113165
2009-12-02 00:00:00+00:00,9552540.113113165
2009-12-03 00:00:00+00:00,9552540.113113165
2009-12-04 00:00:00+00:00,9552540.113113165
2009-12-07 00:00:00+00:00,9552540.113113165
2009-12-08 00:00:00+00:00,9552540.113113165
2009-12-09 00:00:00+00:00,9552540.113113165
2009-12-10 00:00:00+00:00,9552540.113113165
2009-12-11 00:00:00+00:00,9552540.113113165
2009-12-14 00:00:00+00:00,9552540.113113165
2009-12-15 00:00:00+00:00,9552540.113113165
2009-12-16 00:00:00+00:00,9552540.113113165
2009-12-17 00:00:00+00:00,9552540.113113165
2009-12-18 00:00:00+00:00,9552540.113113165
2009-12-21 00:00:00+00:00,9552540.113113165
2009-12-22 00:00:00+00:00,9552540.113113165
2009-12-23 00:00:00+00:00,9552540.113113165
2009-12-24 00:00:00+00:00,9552540.113113165
2009-12-28 00:00:00+00:00,9552540.113113165
2009-12-29 00:00:00+00:00,9552540.113113165
2009-12-30 00:00:00+00:00,9552540.113113165
2009-12-31 00:00:00+00:00,9552540.113113165
2010-01-04 00:00:00+00:00,9552540.113113165
2010-01-05 00:00:00+00:00,9552540.113113165
2010-01-06 00:00:00+00:00,9552540.113113165
2010-01-07 00:00:00+00:00,9552540.113113165
2010-01-08 00:00:00+00:00,9552540.113113165
2010-01-11 00:00:00+00:00,9552540.113113165
2010-01-12 00:00:00+00:00,9552540.113113165
2010-01-13 00:00:00+00:00,9552540.113113165
2010-01-14 00:00:00+00:00,9552540.113113165
2010-01-15 00:00:00+00:00,9552540.113113165
2010-01-18 00:00:00+00:00,9552540.113113165
2010-01-19 00:00:00+00:00,9552540.113113165
2010-01-20 00:00:00+00:00,9552540.113113165
2010-01-21 00:00:00+00:00,9552540.113113165
2010-01-22 00:00:00+00:00,9552540.113113165
2010-01-25 00:00:00+00:00,9552540.113113165
2010-01-26 00:00:00+00:00,9552540.113113165
2010-01-27 00:00:00+00:00,9552540.113113165
2010-01-28 00:00:00+00:00,9552540.113113165
2010-01-29 00:00:00+00:00,9552540.113113165
2010-02-01 00:00:00+00:00,9552540.113113165
2010-02-02 00:00:00+00:00,9552540.113113165
2010-02-03 00:00:00+00:00,9552540.113113165
2010-02-04 00:00:00+00:00,9552540.113113165
2010-02-05 00:00:00+00:00,9552540.113113165
2010-02-06 00:00:00+00:00,9552540.113113165
2010-02-08 00:00:00+00:00,9552540.113113165
2010-02-09 00:00:00+00:00,9552540.113113165
2010-02-10 00:00:00+00:00,9552540.113113165
2010-02-11 00:00:00+00:00,9552540.113113165
2010-02-12 00:00:00+00:00,9552540.113113165
2010-02-15 00:00:00+00:00,9552540.113113165
2010-02-16 00:00:00+00:00,9552540.113113165
2010-02-17 00:00:00+00:00,9552540.113113165
2010-02-18 00:00:00+00:00,9552540.113113165
2010-02-19 00:00:00+00:00,9552540.113113165
2010-02-22 00:00:00+00:00,9552540.113113165
2010-02-23 00:00:00+00:00,9552540.113113165
2010-02-24 00:00:00+00:00,9552540.113113165
2010-02-25 00:00:00+00:00,9552540.113113165
2010-02-26 00:00:00+00:00,9552540.113113165
2010-03-01 00:00:00+00:00,9552540.113113165
2010-03-02 00:00:00+00:00,9552540.113113165
2010-03-03 00:00:00+00:00,9552540.113113165
2010-03-04 00:00:00+00:00,9552540.113113165
2010-03-05 00:00:00+00:00,9552540.113113165
2010-03-08 00:00:00+00:00,9552540.113113165
2010-03-09 00:00:00+00:00,9552540.113113165
2010-03-10 00:00:00+00:00,9552540.113113165
2010-03-11 00:00:00+00:00,9552540.113113165
2010-03-12 00:00:00+00:00,9552540.113113165
2010-03-15 00:00:00+00:00,9552540.113113165
2010-03-16 00:00:00+00:00,9552540.113113165
2010-03-17 00:00:00+00:00,9552540.113113165
2010-03-18 00:00:00+00:00,9552540.113113165
2010-03-19 00:00:00+00:00,9552540.113113165
2010-03-22 00:00:00+00:00,9552540.113113165
2010-03-23 00:00:00+00:00,9552540.113113165
2010-03-24 00:00:00+00:00,9552540.113113165
2010-03-25 00:00:00+00:00,9552540.113113165
2010-03-26 00:00:00+00:00,9552540.113113165
2010-03-29 00:00:00+00:00,9552540.113113165
2010-03-30 00:00:00+00:00,9552540.113113165
2010-03-31 00:00:00+00:00,9552540.113113165
2010-04-01 00:00:00+00:00,9552540.113113165
2010-04-05 00:00:00+00:00,9552540.113113165
2010-04-06 00:00:00+00:00,9552540.113113165
2010-04-07 00:00:00+00:00,9552540.113113165
2010-04-08 00:00:00+00:00,9552540.113113165
2010-04-09 00:00:00+00:00,9552540.113113165
2010-04-12 00:00:00+00:00,9552540.113113165
2010-04-13 00:00:00+00:00,9552540.113113165
2010-04-14 00:00:00+00:00,9552540.113113165
2010-04-15 00:00:00+00:00,9552540.113113165
2010-04-16 00:00:00+00:00,9552540.113113165
2010-04-19 00:00:00+00:00,9552540.113113165
2010-04-20 00:00:00+00:00,9552540.113113165
2010-04-21 00:00:00+00:00,9552540.113113165
2010-04-22 00:00:00+00:00,9552540.113113165
2010-04-23 00:00:00+00:00,9552540.113113165
2010-04-26 00:00:00+00:00,9552540.113113165
2010-04-27 00:00:00+00:00,9552540.113113165
2010-04-28 00:00:00+00:00,9552540.113113165
2010-04-29 00:00:00+00:00,9552540.113113165
2010-04-30 00:00:00+00:00,9552540.113113165
2010-05-03 00:00:00+00:00,9552540.113113165
2010-05-04 00:00:00+00:00,9552540.113113165
2010-05-05 00:00:00+00:00,9552540.113113165
2010-05-06 00:00:00+00:00,9552540.113113165
2010-05-07 00:00:00+00:00,9552540.113113165
2010-05-10 00:00:00+00:00,9552540.113113165
2010-05-11 00:00:00+00:00,9552540.113113165
2010-05-12 00:00:00+00:00,9552540.113113165
2010-05-13 00:00:00+00:00,9552540.113113165
2010-05-14 00:00:00+00:00,9552540.113113165
2010-05-17 00:00:00+00:00,9552540.113113165
2010-05-18 00:00:00+00:00,9552540.113113165
2010-05-19 00:00:00+00:00,9552540.113113165
2010-05-20 00:00:00+00:00,9552540.113113165
2010-05-21 00:00:00+00:00,9552540.113113165
2010-05-24 00:00:00+00:00,9552540.113113165
2010-05-25 00:00:00+00:00,9552540.113113165
2010-05-26 00:00:00+00:00,9552540.113113165
2010-05-27 00:00:00+00:00,9552540.113113165
2010-05-28 00:00:00+00:00,9552540.113113165
2010-05-31 00:00:00+00:00,9552540.113113165
2010-06-01 00:00:00+00:00,9552540.113113165
2010-06-02 00:00:00+00:00,9552540.113113165
2010-06-03 00:00:00+00:00,9552540.113113165
2010-06-04 00:00:00+00:00,9552540.113113165
2010-06-07 00:00:00+00:00,9552540.113113165
2010-06-08 00:00:00+00:00,9552540.113113165
2010-06-09 00:00:00+00:00,9552540.113113165
2010-06-10 00:00:00+00:00,9552540.113113165
2010-06-11 00:00:00+00:00,9552540.113113165
2010-06-14 00:00:00+00:00,9552540.113113165
2010-06-15 00:00:00+00:00,9552540.113113165
2010-06-16 00:00:00+00:00,9552540.113113165
2010-06-17 00:00:00+00:00,9552540.113113165
2010-06-18 00:00:00+00:00,9552540.113113165
2010-06-21 00:00:00+00:00,9552540.113113165
2010-06-22 00:00:00+00:00,9552540.113113165
2010-06-23 00:00:00+00:00,9552540.113113165
2010-06-24 00:00:00+00:00,9552540.113113165
2010-06-25 00:00:00+00:00,9552540.113113165
2010-06-28 00:00:00+00:00,9552540.113113165
2010-06-29 00:00:00+00:00,9552540.113113165
2010-06-30 00:00:00+00:00,9552540.113113165
2010-07-01 00:00:00+00:00,9552540.113113165
2010-07-02 00:00:00+00:00,9552540.113113165
2010-07-05 00:00:00+00:00,9552540.113113165
2010-07-06 00:00:00+00:00,9552540.113113165
2010-07-07 00:00:00+00:00,9552540.113113165
2010-07-08 00:00:00+00:00,9552540.113113165
2010-07-09 00:00:00+00:00,9552540.113113165
2010-07-12 00:00:00+00:00,9552540.113113165
2010-07-13 00:00:00+00:00,9552540.113113165
2010-07-14 00:00:00+00:00,9552540.113113165
2010-07-15 00:00:00+00:00,9552540.113113165
2010-07-16 00:00:00+00:00,9552540.113113165
2010-07-19 00:00:00+00:00,9552540.113113165
2010-07-20 00:00:00+00:00,9552540.113113165
2010-07-21 00:00:00+00:00,9552540.113113165
2010-07-22 00:00:00+00:00,9552540.113113165
2010-07-23 00:00:00+00:00,9552540.113113165
2010-07-26 00:00:00+00:00,9552540.113113165
2010-07-27 00:00:00+00:00,9552540.113113165
2010-07-28 00:00:00+00:00,9552540.113113165
2010-07-29 00:00:00+00:00,9552540.113113165
2010-07-30 00:00:00+00:00,9552540.113113165
2010-08-02 00:00:00+00:00,9552540.113113165
2010-08-03 00:00:00+00:00,9552540.113113165
2010-08-04 00:00:00+00:00,9552540.113113165
2010-08-05 00:00:00+00:00,9552540.113113165
2010-08-06 00:00:00+00:00,9552540.113113165
2010-08-09 00:00:00+00:00,9552540.113113165
2010-08-10 00:00:00+00:00,9552540.113113165
2010-08-11 00:00:00+00:00,9552540.113113165
2010-08-12 00:00:00+00:00,9552540.113113165
2010-08-13 00:00:00+00:00,9552540.113113165
2010-08-16 00:00:00+00:00,9552540.113113165
2010-08-17 00:00:00+00:00,9552540.113113165
2010-08-18 00:00:00+00:00,9552540.113113165
2010-08-19 00:00:00+00:00,9552540.113113165
2010-08-20 00:00:00+00:00,9552540.113113165
2010-08-23 00:00:00+00:00,9552540.113113165
2010-08-24 00:00:00+00:00,9552540.113113165
2010-08-25 00:00:00+00:00,9552540.113113165
2010-08-26 00:00:00+00:00,9552540.113113165
2010-08-27 00:00:00+00:00,9552540.113113165
2010-08-30 00:00:00+00:00,9552540.113113165
2010-08-31 00:00:00+00:00,9552540.113113165
2010-09-01 00:00:00+00:00,9552540.113113165
2010-09-02 00:00:00+00:00,9552540.113113165
2010-09-03 00:00:00+00:00,9552540.113113165
2010-09-06 00:00:00+00:00,9552540.113113165
2010-09-07 00:00:00+00:00,9552540.113113165
2010-09-08 00:00:00+00:00,9552540.113113165
2010-09-09 00:00:00+00:00,9552540.113113165
2010-09-10 00:00:00+00:00,9552540.113113165
2010-09-13 00:00:00+00:00,9552540.113113165
2010-09-14 00:00:00+00:00,9552540.113113165
2010-09-15 00:00:00+00:00,9552540.113113165
2010-09-16 00:00:00+00:00,9552540.113113165
2010-09-17 00:00:00+00:00,9552540.113113165
2010-09-20 00:00:00+00:00,9552540.113113165
2010-09-21 00:00:00+00:00,9552540.113113165
2010-09-22 00:00:00+00:00,9552540.113113165
2010-09-23 00:00:00+00:00,9552540.113113165
2010-09-24 00:00:00+00:00,9552540.113113165
2010-09-27 00:00:00+00:00,9552540.113113165
2010-09-28 00:00:00+00:00,9552540.113113165
2010-09-29 00:00:00+00:00,9552540.113113165
2010-09-30 00:00:00+00:00,9552540.113113165
2010-10-01 00:00:00+00:00,9552540.113113165
2010-10-04 00:00:00+00:00,9552540.113113165
2010-10-05 00:00:00+00:00,9552540.113113165
2010-10-06 00:00:00+00:00,9552540.113113165
2010-10-07 00:00:00+00:00,9552540.113113165
2010-10-08 00:00:00+00:00,9552540.113113165
2010-10-11 00:00:00+00:00,9552540.113113165
2010-10-12 00:00:00+00:00,9552540.113113165
2010-10-13 00:00:00+00:00,9552540.113113165
2010-10-14 00:00:00+00:00,9552540.113113165
2010-10-15 00:00:00+00:00,9552540.113113165
2010-10-18 00:00:00+00:00,9552540.113113165
2010-10-19 00:00:00+00:00,9552540.113113165
2010-10-20 00:00:00+00:00,9552540.113113165
2010-10-21 00:00:00+00:00,9552540.113113165
2010-10-22 00:00:00+00:00,9552540.113113165
2010-10-25 00:00:00+00:00,9552540.113113165
2010-10-26 00:00:00+00:00,9552540.113113165
2010-10-27 00:00:00+00:00,9552540.113113165
2010-10-28 00:00:00+00:00,9552540.113113165
2010-10-29 00:00:00+00:00,9552540.113113165
2010-11-01 00:00:00+00:00,9552540.113113165
2010-11-02 00:00:00+00:00,9552540.113113165
2010-11-03 00:00:00+00:00,9552540.113113165
2010-11-04 00:00:00+00:00,9552540.113113165
2010-11-05 00:00:00+00:00,9552540.113113165
2010-11-08 00:00:00+00:00,9552540.113113165
2010-11-09 00:00:00+00:00,9552540.113113165
2010-11-10 00:00:00+00:00,9552540.113113165
2010-11-11 00:00:00+00:00,9552540.113113165
2010-11-12 00:00:00+00:00,9552540.113113165
2010-11-15 00:00:00+00:00,9552540.113113165
2010-11-16 00:00:00+00:00,9552540.113113165
2010-11-17 00:00:00+00:00,9552540.113113165
2010-11-18 00:00:00+00:00,9552540.113113165
2010-11-19 00:00:00+00:00,9552540.113113165
2010-11-22 00:00:00+00:00,9552540.113113165
2010-11-23 00:00:00+00:00,9552540.113113165
2010-11-24 00:00:00+00:00,9552540.113113165
2010-11-25 00:00:00+00:00,9552540.113113165
2010-11-26 00:00:00+00:00,9552540.113113165
2010-11-29 00:00:00+00:00,9552540.113113165
2010-11-30 00:00:00+00:00,9552540.113113165
2010-12-01 00:00:00+00:00,9552540.113113165
2010-12-02 00:00:00+00:00,9552540.113113165
2010-12-03 00:00:00+00:00,9552540.113113165
2010-12-06 00:00:00+00:00,9552540.113113165
2010-12-07 00:00:00+00:00,9552540.113113165
2010-12-08 00:00:00+00:00,9552540.113113165
2010-12-09 00:00:00+00:00,9552540.113113165
2010-12-10 00:00:00+00:00,9552540.113113165
2010-12-13 00:00:00+00:00,9552540.113113165
2010-12-14 00:00:00+00:00,9552540.113113165
2010-12-15 00:00:00+00:00,9552540.113113165
2010-12-16 00:00:00+00:00,9552540.113113165
2010-12-17 00:00:00+00:00,9552540.113113165
2010-12-20 00:00:00+00:00,9552540.113113165
2010-12-21 00:00:00+00:00,9552540.113113165
2010-12-22 00:00:00+00:00,9552540.113113165
2010-12-23 00:00:00+00:00,9552540.113113165
2010-12-24 00:00:00+00:00,9552540.113113165
2010-12-27 00:00:00+00:00,9552540.113113165
2010-12-28 00:00:00+00:00,9552540.113113165
2010-12-29 00:00:00+00:00,9552540.113113165
2010-12-30 00:00:00+00:00,9552540.113113165
2010-12-31 00:00:00+00:00,9552540.113113165
2011-01-03 00:00:00+00:00,9552540.113113165
2011-01-04 00:00:00+00:00,9552540.113113165
2011-01-05 00:00:00+00:00,9552540.113113165
2011-01-06 00:00:00+00:00,9552540.113113165
2011-01-07 00:00:00+00:00,9552540.113113165
2011-01-10 00:00:00+00:00,9552540.113113165
2011-01-11 00:00:00+00:00,9552540.113113165
2011-01-12 00:00:00+00:00,9552540.113113165
2011-01-13 00:00:00+00:00,9552540.113113165
2011-01-14 00:00:00+00:00,9552540.113113165
2011-01-17 00:00:00+00:00,9552540.113113165
2011-01-18 00:00:00+00:00,9552540.113113165
2011-01-19 00:00:00+00:00,9552540.113113165
2011-01-20 00:00:00+00:00,9552540.113113165
2011-01-21 00:00:00+00:00,9552540.113113165
2011-01-24 00:00:00+00:00,9552540.113113165
2011-01-25 00:00:00+00:00,9552540.113113165
2011-01-26 00:00:00+00:00,9552540.113113165
2011-01-27 00:00:00+00:00,9552540.113113165
2011-01-28 00:00:00+00:00,9552540.113113165
2011-01-31 00:00:00+00:00,9552540.113113165
2011-02-01 00:00:00+00:00,9552540.113113165
2011-02-02 00:00:00+00:00,9552540.113113165
2011-02-03 00:00:00+00:00,9552540.113113165
2011-02-04 00:00:00+00:00,9552540.113113165
2011-02-07 00:00:00+00:00,9552540.113113165
2011-02-08 00:00:00+00:00,9552540.113113165
2011-02-09 00:00:00+00:00,9552540.113113165
2011-02-10 00:00:00+00:00,9552540.113113165
2011-02-11 00:00:00+00:00,9552540.113113165
2011-02-14 00:00:00+00:00,9552540.113113165
2011-02-15 00:00:00+00:00,9552540.113113165
2011-02-16 00:00:00+00:00,9552540.113113165
2011-02-17 00:00:00+00:00,9552540.113113165
2011-02-18 00:00:00+00:00,9552540.113113165
2011-02-21 00:00:00+00:00,9552540.113113165
2011-02-22 00:00:00+00:00,9552540.113113165
2011-02-23 00:00:00+00:00,9552540.113113165
2011-02-24 00:00:00+00:00,9552540.113113165
2011-02-25 00:00:00+00:00,9552540.113113165
2011-02-28 00:00:00+00:00,9552540.113113165
2011-03-01 00:00:00+00:00,9552540.113113165
2011-03-02 00:00:00+00:00,9552540.113113165
2011-03-03 00:00:00+00:00,9552540.113113165
2011-03-04 00:00:00+00:00,9552540.113113165
2011-03-07 00:00:00+00:00,9552540.113113165
2011-03-08 00:00:00+00:00,9552540.113113165
2011-03-09 00:00:00+00:00,9552540.113113165
2011-03-10 00:00:00+00:00,9552540.113113165
2011-03-11 00:00:00+00:00,9552540.113113165
2011-03-14 00:00:00+00:00,9552540.113113165
2011-03-15 00:00:00+00:00,9552540.113113165
2011-03-16 00:00:00+00:00,9552540.113113165
2011-03-17 00:00:00+00:00,9552540.113113165
2011-03-18 00:00:00+00:00,9552540.113113165
2011-03-21 00:00:00+00:00,9552540.113113165
2011-03-22 00:00:00+00:00,9552540.113113165
2011-03-23 00:00:00+00:00,9552540.113113165
2011-03-24 00:00:00+00:00,9552540.113113165
2011-03-25 00:00:00+00:00,9552540.113113165
2011-03-28 00:00:00+00:00,9552540.113113165
2011-03-29 00:00:00+00:00,9552540.113113165
2011-03-30 00:00:00+00:00,9552540.113113165
2011-03-31 00:00:00+00:00,9552540.113113165
2011-04-01 00:00:00+00:00,9552540.113113165
2011-04-04 00:00:00+00:00,9552540.113113165
2011-04-05 00:00:00+00:00,9552540.113113165
2011-04-06 00:00:00+00:00,9552540.113113165
2011-04-07 00:00:00+00:00,9552540.113113165
2011-04-08 00:00:00+00:00,9552540.113113165
2011-04-11 00:00:00+00:00,9552540.113113165
2011-04-12 00:00:00+00:00,9552540.113113165
2011-04-13 00:00:00+00:00,9552540.113113165
2011-04-14 00:00:00+00:00,9552540.113113165
2011-04-15 00:00:00+00:00,9552540.113113165
2011-04-18 00:00:00+00:00,9552540.113113165
2011-04-19 00:00:00+00:00,9552540.113113165
2011-04-20 00:00:00+00:00,9552540.113113165
2011-04-21 00:00:00+00:00,9552540.113113165
2011-04-25 00:00:00+00:00,9552540.113113165
2011-04-26 00:00:00+00:00,9552540.113113165
2011-04-27 00:00:00+00:00,9552540.113113165
2011-04-28 00:00:00+00:00,9552540.113113165
2011-04-29 00:00:00+00:00,9552540.113113165
2011-05-02 00:00:00+00:00,9552540.113113165
2011-05-03 00:00:00+00:00,9552540.113113165
2011-05-04 00:00:00+00:00,9552540.113113165
2011-05-05 00:00:00+00:00,9552540.113113165
2011-05-06 00:00:00+00:00,9552540.113113165
2011-05-09 00:00:00+00:00,9552540.113113165
2011-05-10 00:00:00+00:00,9552540.113113165
2011-05-11 00:00:00+00:00,9552540.113113165
2011-05-12 00:00:00+00:00,9552540.113113165
2011-05-13 00:00:00+00:00,9552540.113113165
2011-05-16 00:00:00+00:00,9552540.113113165
2011-05-17 00:00:00+00:00,9552540.113113165
2011-05-18 00:00:00+00:00,9552540.113113165
2011-05-19 00:00:00+00:00,9552540.113113165
2011-05-20 00:00:00+00:00,9552540.113113165
2011-05-23 00:00:00+00:00,9552540.113113165
2011-05-24 00:00:00+00:00,9552540.113113165
2011-05-25 00:00:00+00:00,9552540.113113165
2011-05-26 00:00:00+00:00,9552540.113113165
2011-05-27 00:00:00+00:00,9552540.113113165
2011-05-30 00:00:00+00:00,9552540.113113165
2011-05-31 00:00:00+00:00,9552540.113113165
2011-06-01 00:00:00+00:00,9552540.113113165
2011-06-02 00:00:00+00:00,9552540.113113165
2011-06-03 00:00:00+00:00,9552540.113113165
2011-06-06 00:00:00+00:00,9552540.113113165
2011-06-07 00:00:00+00:00,9552540.113113165
2011-06-08 00:00:00+00:00,9552540.113113165
2011-06-09 00:00:00+00:00,9552540.113113165
2011-06-10 00:00:00+00:00,9552540.113113165
2011-06-13 00:00:00+00:00,9552540.113113165
2011-06-14 00:00:00+00:00,9552540.113113165
2011-06-15 00:00:00+00:00,9552540.113113165
2011-06-16 00:00:00+00:00,9552540.113113165
2011-06-17 00:00:00+00:00,9552540.113113165
2011-06-20 00:00:00+00:00,9552540.113113165
2011-06-21 00:00:00+00:00,9552540.113113165
2011-06-22 00:00:00+00:00,9552540.113113165
2011-06-23 00:00:00+00:00,9552540.113113165
2011-06-24 00:00:00+00:00,9552540.113113165
2011-06-27 00:00:00+00:00,9552540.113113165
2011-06-28 00:00:00+00:00,9552540.113113165
2011-06-29 00:00:00+00:00,9552540.113113165
2011-06-30 00:00:00+00:00,9552540.113113165
2011-07-01 00:00:00+00:00,9552540.113113165
2011-07-04 00:00:00+00:00,9552540.113113165
2011-07-05 00:00:00+00:00,9552540.113113165
2011-07-06 00:00:00+00:00,9552540.113113165
2011-07-07 00:00:00+00:00,9552540.113113165
2011-07-08 00:00:00+00:00,9552540.113113165
2011-07-11 00:00:00+00:00,9552540.113113165
2011-07-12 00:00:00+00:00,9552540.113113165
2011-07-13 00:00:00+00:00,9552540.113113165
2011-07-14 00:00:00+00:00,9552540.113113165
2011-07-15 00:00:00+00:00,9552540.113113165
2011-07-18 00:00:00+00:00,9552540.113113165
2011-07-19 00:00:00+00:00,9552540.113113165
2011-07-20 00:00:00+00:00,9552540.113113165
2011-07-21 00:00:00+00:00,9552540.113113165
2011-07-22 00:00:00+00:00,9552540.113113165
2011-07-25 00:00:00+00:00,9552540.113113165
2011-07-26 00:00:00+00:00,9552540.113113165
2011-07-27 00:00:00+00:00,9552540.113113165
2011-07-28 00:00:00+00:00,9552540.113113165
2011-07-29 00:00:00+00:00,9552540.113113165
2011-08-01 00:00:00+00:00,9552540.113113165
2011-08-02 00:00:00+00:00,9552540.113113165
2011-08-03 00:00:00+00:00,9552540.113113165
2011-08-04 00:00:00+00:00,9552540.113113165
2011-08-05 00:00:00+00:00,9552540.113113165
2011-08-08 00:00:00+00:00,9552540.113113165
2011-08-09 00:00:00+00:00,9552540.113113165
2011-08-10 00:00:00+00:00,9552540.113113165
2011-08-11 00:00:00+00:00,9552540.113113165
2011-08-12 00:00:00+00:00,9552540.113113165
2011-08-15 00:00:00+00:00,9552540.113113165
2011-08-16 00:00:00+00:00,9552540.113113165
2011-08-17 00:00:00+00:00,9552540.113113165
2011-08-18 00:00:00+00:00,9552540.113113165
2011-08-19 00:00:00+00:00,9552540.113113165
2011-08-22 00:00:00+00:00,9552540.113113165
2011-08-23 00:00:00+00:00,9552540.113113165
2011-08-24 00:00:00+00:00,9552540.113113165
2011-08-25 00:00:00+00:00,9552540.113113165
2011-08-26 00:00:00+00:00,9552540.113113165
2011-08-29 00:00:00+00:00,9552540.113113165
2011-08-30 00:00:00+00:00,9552540.113113165
2011-08-31 00:00:00+00:00,9552540.113113165
2011-09-01 00:00:00+00:00,9552540.113113165
2011-09-02 00:00:00+00:00,9552540.113113165
2011-09-05 00:00:00+00:00,9552540.113113165
2011-09-06 00:00:00+00:00,9552540.113113165
2011-09-07 00:00:00+00:00,9552540.113113165
2011-09-08 00:00:00+00:00,9552540.113113165
2011-09-09 00:00:00+00:00,9552540.113113165
2011-09-12 00:00:00+00:00,9552540.113113165
2011-09-13 00:00:00+00:00,9552540.113113165
2011-09-14 00:00:00+00:00,9552540.113113165
2011-09-15 00:00:00+00:00,9552540.113113165
2011-09-16 00:00:00+00:00,9552540.113113165
2011-09-19 00:00:00+00:00,9552540.113113165
2011-09-20 00:00:00+00:00,9552540.113113165
2011-09-21 00:00:00+00:00,9552540.113113165
2011-09-22 00:00:00+00:00,9552540.113113165
2011-09-23 00:00:00+00:00,9552540.113113165
2011-09-26 00:00:00+00:00,9552540.113113165
2011-09-27 00:00:00+00:00,9552540.113113165
2011-09-28 00:00:00+00:00,9552540.113113165
2011-09-29 00:00:00+00:00,9552540.113113165
2011-09-30 00:00:00+00:00,9552540.113113165
2011-10-03 00:00:00+00:00,9552540.113113165
2011-10-04 00:00:00+00:00,9552540.113113165
2011-10-05 00:00:00+00:00,9552540.113113165
2011-10-06 00:00:00+00:00,9552540.113113165
2011-10-07 00:00:00+00:00,9552540.113113165
2011-10-10 00:00:00+00:00,9552540.113113165
2011-10-11 00:00:00+00:00,9552540.113113165
2011-10-12 00:00:00+00:00,9552540.113113165
2011-10-13 00:00:00+00:00,9552540.113113165
2011-10-14 00:00:00+00:00,9552540.113113165
2011-10-17 00:00:00+00:00,9552540.113113165
2011-10-18 00:00:00+00:00,9552540.113113165
2011-10-19 00:00:00+00:00,9552540.113113165
2011-10-20 00:00:00+00:00,9552540.113113165
2011-10-21 00:00:00+00:00,9552540.113113165
2011-10-24 00:00:00+00:00,9552540.113113165
2011-10-25 00:00:00+00:00,9552540.113113165
2011-10-26 00:00:00+00:00,9552540.113113165
2011-10-27 00:00:00+00:00,9552540.113113165
2011-10-28 00:00:00+00:00,9552540.113113165
2011-10-31 00:00:00+00:00,9552540.113113165
2011-11-01 00:00:00+00:00,9552540.113113165
2011-11-02 00:00:00+00:00,9552540.113113165
2011-11-03 00:00:00+00:00,9552540.113113165
2011-11-04 00:00:00+00:00,9552540.113113165
2011-11-07 00:00:00+00:00,9552540.113113165
2011-11-08 00:00:00+00:00,9552540.113113165
2011-11-09 00:00:00+00:00,9552540.113113165
2011-11-10 00:00:00+00:00,9552540.113113165
2011-11-11 00:00:00+00:00,9552540.113113165
2011-11-14 00:00:00+00:00,9552540.113113165
2011-11-15 00:00:00+00:00,9552540.113113165
2011-11-16 00:00:00+00:00,9552540.113113165
2011-11-17 00:00:00+00:00,9552540.113113165
2011-11-18 00:00:00+00:00,9552540.113113165
2011-11-21 00:00:00+00:00,9552540.113113165
2011-11-22 00:00:00+00:00,9552540.113113165
2011-11-23 00:00:00+00:00,9552540.113113165
2011-11-24 00:00:00+00:00,9552540.113113165
2011-11-25 00:00:00+00:00,9552540.113113165
2011-11-28 00:00:00+00:00,9552540.113113165
2011-11-29 00:00:00+00:00,9552540.113113165
2011-11-30 00:00:00+00:00,9552540.113113165
2011-12-01 00:00:00+00:00,9552540.113113165
2011-12-02 00:00:00+00:00,9552540.113113165
2011-12-05 00:00:00+00:00,9552540.113113165
2011-12-06 00:00:00+00:00,9552540.113113165
2011-12-07 00:00:00+00:00,9552540.113113165
2011-12-08 00:00:00+00:00,9552540.113113165
2011-12-09 00:00:00+00:00,9552540.113113165
2011-12-12 00:00:00+00:00,9552540.113113165
2011-12-13 00:00:00+00:00,9552540.113113165
2011-12-14 00:00:00+00:00,9552540.113113165
2011-12-15 00:00:00+00:00,9552540.113113165
2011-12-16 00:00:00+00:00,9552540.113113165
2011-12-19 00:00:00+00:00,9552540.113113165
2011-12-20 00:00:00+00:00,9552540.113113165
2011-12-21 00:00:00+00:00,9552540.113113165
2011-12-22 00:00:00+00:00,9552540.113113165
2011-12-23 00:00:00+00:00,9552540.113113165
2011-12-26 00:00:00+00:00,9552540.113113165
2011-12-27 00:00:00+00:00,9552540.113113165
2011-12-28 00:00:00+00:00,9552540.113113165
2011-12-29 00:00:00+00:00,9552540.113113165
2011-12-30 00:00:00+00:00,9552540.113113165
2012-01-02 00:00:00+00:00,9552540.113113165
2012-01-03 00:00:00+00:00,9552540.113113165
2012-01-04 00:00:00+00:00,9552540.113113165
2012-01-05 00:00:00+00:00,9552540.113113165
2012-01-06 00:00:00+00:00,9552540.113113165
2012-01-09 00:00:00+00:00,9552540.113113165
2012-01-10 00:00:00+00:00,9552540.113113165
2012-01-11 00:00:00+00:00,9552540.113113165
2012-01-12 00:00:00+00:00,9552540.113113165
2012-01-13 00:00:00+00:00,9552540.113113165
2012-01-16 00:00:00+00:00,9552540.113113165
2012-01-17 00:00:00+00:00,9552540.113113165
2012-01-18 00:00:00+00:00,9552540.113113165
2012-01-19 00:00:00+00:00,9552540.113113165
2012-01-20 00:00:00+00:00,9552540.113113165
2012-01-23 00:00:00+00:00,9552540.113113165
2012-01-24 00:00:00+00:00,9552540.113113165
2012-01-25 00:00:00+00:00,9552540.113113165
2012-01-26 00:00:00+00:00,9552540.113113165
2012-01-27 00:00:00+00:00,9552540.113113165
2012-01-30 00:00:00+00:00,9552540.113113165
2012-01-31 00:00:00+00:00,9552540.113113165
2012-02-01 00:00:00+00:00,9552540.113113165
2012-02-02 00:00:00+00:00,9552540.113113165
2012-02-03 00:00:00+00:00,9552540.113113165
2012-02-06 00:00:00+00:00,9552540.113113165
2012-02-07 00:00:00+00:00,9552540.113113165
2012-02-08 00:00:00+00:00,9552540.113113165
2012-02-09 00:00:00+00:00,9552540.113113165
2012-02-10 00:00:00+00:00,9552540.113113165
2012-02-13 00:00:00+00:00,9552540.113113165
2012-02-14 00:00:00+00:00,9552540.113113165
2012-02-15 00:00:00+00:00,9552540.113113165
2012-02-16 00:00:00+00:00,9552540.113113165
2012-02-17 00:00:00+00:00,9552540.113113165
2012-02-21 00:00:00+00:00,9552540.113113165
2012-02-22 00:00:00+00:00,9552540.113113165
2012-02-23 00:00:00+00:00,9552540.113113165
2012-02-24 00:00:00+00:00,9552540.113113165
2012-02-27 00:00:00+00:00,9552540.113113165
2012-02-28 00:00:00+00:00,9552540.113113165
2012-02-29 00:00:00+00:00,9552540.113113165
2012-03-01 00:00:00+00:00,9552540.113113165
2012-03-02 00:00:00+00:00,9552540.113113165
2012-03-05 00:00:00+00:00,9552540.113113165
2012-03-06 00:00:00+00:00,9552540.113113165
2012-03-07 00:00:00+00:00,9552540.113113165
2012-03-08 00:00:00+00:00,9552540.113113165
2012-03-09 00:00:00+00:00,9552540.113113165
2012-03-12 00:00:00+00:00,9552540.113113165
2012-03-13 00:00:00+00:00,9552540.113113165
2012-03-14 00:00:00+00:00,9552540.113113165
2012-03-15 00:00:00+00:00,9552540.113113165
2012-03-16 00:00:00+00:00,9552540.113113165
2012-03-19 00:00:00+00:00,9552540.113113165
2012-03-20 00:00:00+00:00,9552540.113113165
2012-03-21 00:00:00+00:00,9552540.113113165
2012-03-22 00:00:00+00:00,9552540.113113165
2012-03-23 00:00:00+00:00,9552540.113113165
2012-03-26 00:00:00+00:00,9552540.113113165
2012-03-27 00:00:00+00:00,9552540.113113165
2012-03-28 00:00:00+00:00,9552540.113113165
2012-03-29 00:00:00+00:00,9552540.113113165
2012-03-30 00:00:00+00:00,9552540.113113165
2012-04-02 00:00:00+00:00,9552540.113113165
2012-04-03 00:00:00+00:00,9552540.113113165
2012-04-04 00:00:00+00:00,9552540.113113165
2012-04-05 00:00:00+00:00,9552540.113113165
2012-04-09 00:00:00+00:00,9552540.113113165
2012-04-10 00:00:00+00:00,9552540.113113165
2012-04-11 00:00:00+00:00,9552540.113113165
2012-04-12 00:00:00+00:00,9552540.113113165
2012-04-13 00:00:00+00:00,9552540.113113165
2012-04-16 00:00:00+00:00,9552540.113113165
2012-04-17 00:00:00+00:00,9552540.113113165
2012-04-18 00:00:00+00:00,9552540.113113165
2012-04-19 00:00:00+00:00,9552540.113113165
2012-04-20 00:00:00+00:00,9552540.113113165
2012-04-23 00:00:00+00:00,9552540.113113165
2012-04-24 00:00:00+00:00,9552540.113113165
2012-04-25 00:00:00+00:00,9552540.113113165
2012-04-26 00:00:00+00:00,9552540.113113165
2012-04-27 00:00:00+00:00,9552540.113113165
2012-04-30 00:00:00+00:00,9552540.113113165
2012-05-01 00:00:00+00:00,9552540.113113165
2012-05-02 00:00:00+00:00,9552540.113113165
2012-05-03 00:00:00+00:00,9552540.113113165
2012-05-04 00:00:00+00:00,9552540.113113165
2012-05-07 00:00:00+00:00,9552540.113113165
2012-05-08 00:00:00+00:00,9552540.113113165
2012-05-09 00:00:00+00:00,9552540.113113165
2012-05-10 00:00:00+00:00,9552540.113113165
2012-05-11 00:00:00+00:00,9552540.113113165
2012-05-14 00:00:00+00:00,9552540.113113165
2012-05-15 00:00:00+00:00,9552540.113113165
2012-05-16 00:00:00+00:00,9552540.113113165
2012-05-17 00:00:00+00:00,9552540.113113165
2012-05-18 00:00:00+00:00,9552540.113113165
2012-05-21 00:00:00+00:00,9552540.113113165
2012-05-22 00:00:00+00:00,9552540.113113165
2012-05-23 00:00:00+00:00,9552540.113113165
2012-05-24 00:00:00+00:00,9552540.113113165
2012-05-25 00:00:00+00:00,9552540.113113165
2012-05-28 00:00:00+00:00,9552540.113113165
2012-05-29 00:00:00+00:00,9552540.113113165
2012-05-30 00:00:00+00:00,9552540.113113165
2012-05-31 00:00:00+00:00,9552540.113113165
2012-06-01 00:00:00+00:00,9552540.113113165
2012-06-04 00:00:00+00:00,9552540.113113165
2012-06-05 00:00:00+00:00,9552540.113113165
2012-06-06 00:00:00+00:00,9552540.113113165
2012-06-07 00:00:00+00:00,9552540.113113165
2012-06-08 00:00:00+00:00,9552540.113113165
2012-06-11 00:00:00+00:00,9552540.113113165
2012-06-12 00:00:00+00:00,9552540.113113165
2012-06-13 00:00:00+00:00,9552540.113113165
2012-06-14 00:00:00+00:00,9552540.113113165
2012-06-15 00:00:00+00:00,9552540.113113165
2012-06-18 00:00:00+00:00,9552540.113113165
2012-06-19 00:00:00+00:00,9552540.113113165
2012-06-20 00:00:00+00:00,9552540.113113165
2012-06-21 00:00:00+00:00,9552540.113113165
2012-06-22 00:00:00+00:00,9552540.113113165
2012-06-25 00:00:00+00:00,9552540.113113165
2012-06-26 00:00:00+00:00,9552540.113113165
2012-06-27 00:00:00+00:00,9552540.113113165
2012-06-28 00:00:00+00:00,9552540.113113165
2012-06-29 00:00:00+00:00,9552540.113113165
2012-07-02 00:00:00+00:00,9552540.113113165
2012-07-03 00:00:00+00:00,9552540.113113165
2012-07-04 00:00:00+00:00,9552540.113113165
2012-07-05 00:00:00+00:00,9552540.113113165
2012-07-06 00:00:00+00:00,9552540.113113165
2012-07-09 00:00:00+00:00,9552540.113113165
2012-07-10 00:00:00+00:00,9552540.113113165
2012-07-11 00:00:00+00:00,9552540.113113165
2012-07-12 00:00:00+00:00,9552540.113113165
2012-07-13 00:00:00+00:00,9552540.113113165
2012-07-16 00:00:00+00:00,9552540.113113165
2012-07-17 00:00:00+00:00,9552540.113113165
2012-07-18 00:00:00+00:00,9552540.113113165
2012-07-19 00:00:00+00:00,9552540.113113165
2012-07-20 00:00:00+00:00,9552540.113113165
2012-07-23 00:00:00+00:00,9552540.113113165
2012-07-24 00:00:00+00:00,9552540.113113165
2012-07-25 00:00:00+00:00,9552540.113113165
2012-07-26 00:00:00+00:00,9552540.113113165
2012-07-27 00:00:00+00:00,9552540.113113165
2012-07-30 00:00:00+00:00,9552540.113113165
2012-07-31 00:00:00+00:00,9552540.113113165
2012-08-01 00:00:00+00:00,9552540.113113165
2012-08-02 00:00:00+00:00,9552540.113113165
2012-08-03 00:00:00+00:00,9552540.113113165
2012-08-06 00:00:00+00:00,9552540.113113165
2012-08-07 00:00:00+00:00,9552540.113113165
2012-08-08 00:00:00+00:00,9552540.113113165
2012-08-09 00:00:00+00:00,9552540.113113165
2012-08-10 00:00:00+00:00,9552540.113113165
2012-08-13 00:00:00+00:00,9552540.113113165
2012-08-14 00:00:00+00:00,9552540.113113165
2012-08-15 00:00:00+00:00,9552540.113113165
2012-08-16 00:00:00+00:00,9552540.113113165
2012-08-17 00:00:00+00:00,9552540.113113165
2012-08-20 00:00:00+00:00,9552540.113113165
2012-08-21 00:00:00+00:00,9552540.113113165
2012-08-22 00:00:00+00:00,9552540.113113165
2012-08-23 00:00:00+00:00,9552540.113113165
2012-08-24 00:00:00+00:00,9552540.113113165
2012-08-27 00:00:00+00:00,9552540.113113165
2012-08-28 00:00:00+00:00,9552540.113113165
2012-08-29 00:00:00+00:00,9552540.113113165
2012-08-30 00:00:00+00:00,9552540.113113165
2012-08-31 00:00:00+00:00,9552540.113113165
2012-09-03 00:00:00+00:00,9552540.113113165
2012-09-04 00:00:00+00:00,9552540.113113165
2012-09-05 00:00:00+00:00,9552540.113113165
2012-09-06 00:00:00+00:00,9552540.113113165
2012-09-07 00:00:00+00:00,9552540.113113165
2012-09-10 00:00:00+00:00,9552540.113113165
2012-09-11 00:00:00+00:00,9552540.113113165
2012-09-12 00:00:00+00:00,9552540.113113165
2012-09-13 00:00:00+00:00,9552540.113113165
2012-09-14 00:00:00+00:00,9552540.113113165
2012-09-17 00:00:00+00:00,9552540.113113165
2012-09-18 00:00:00+00:00,9552540.113113165
2012-09-19 00:00:00+00:00,9552540.113113165
2012-09-20 00:00:00+00:00,9552540.113113165
2012-09-21 00:00:00+00:00,9552540.113113165
2012-09-24 00:00:00+00:00,9552540.113113165
2012-09-25 00:00:00+00:00,9552540.113113165
2012-09-26 00:00:00+00:00,9552540.113113165
2012-09-27 00:00:00+00:00,9552540.113113165
2012-09-28 00:00:00+00:00,9552540.113113165
2012-10-01 00:00:00+00:00,9552540.113113165
2012-10-02 00:00:00+00:00,9552540.113113165
2012-10-03 00:00:00+00:00,9552540.113113165
2012-10-04 00:00:00+00:00,9552540.113113165
2012-10-05 00:00:00+00:00,9552540.113113165
2012-10-08 00:00:00+00:00,9552540.113113165
2012-10-09 00:00:00+00:00,9552540.113113165
2012-10-10 00:00:00+00:00,9552540.113113165
2012-10-11 00:00:00+00:00,9552540.113113165
2012-10-12 00:00:00+00:00,9552540.113113165
2012-10-15 00:00:00+00:00,9552540.113113165
2012-10-16 00:00:00+00:00,9552540.113113165
2012-10-17 00:00:00+00:00,9552540.113113165
2012-10-18 00:00:00+00:00,9552540.113113165
2012-10-19 00:00:00+00:00,9552540.113113165
2012-10-22 00:00:00+00:00,9552540.113113165
2012-10-23 00:00:00+00:00,9552540.113113165
2012-10-24 00:00:00+00:00,9552540.113113165
2012-10-25 00:00:00+00:00,9552540.113113165
2012-10-26 00:00:00+00:00,9552540.113113165
2012-10-29 00:00:00+00:00,9552540.113113165
2012-10-30 00:00:00+00:00,9552540.113113165
2012-10-31 00:00:00+00:00,9552540.113113165
2012-11-01 00:00:00+00:00,9552540.113113165
2012-11-02 00:00:00+00:00,9552540.113113165
2012-11-05 00:00:00+00:00,9552540.113113165
2012-11-06 00:00:00+00:00,9552540.113113165
2012-11-07 00:00:00+00:00,9552540.113113165
2012-11-08 00:00:00+00:00,9552540.113113165
2012-11-09 00:00:00+00:00,9552540.113113165
2012-11-12 00:00:00+00:00,9552540.113113165
2012-11-13 00:00:00+00:00,9552540.113113165
2012-11-14 00:00:00+00:00,9552540.113113165
2012-11-15 00:00:00+00:00,9552540.113113165
2012-11-16 00:00:00+00:00,9552540.113113165
2012-11-19 00:00:00+00:00,9552540.113113165
2012-11-20 00:00:00+00:00,9552540.113113165
2012-11-21 00:00:00+00:00,9552540.113113165
2012-11-22 00:00:00+00:00,9552540.113113165
2012-11-23 00:00:00+00:00,9552540.113113165
2012-11-26 00:00:00+00:00,9552540.113113165
2012-11-27 00:00:00+00:00,9552540.113113165
2012-11-28 00:00:00+00:00,9552540.113113165
2012-11-29 00:00:00+00:00,9552540.113113165
2012-11-30 00:00:00+00:00,9552540.113113165
2012-12-03 00:00:00+00:00,9552540.113113165
2012-12-04 00:00:00+00:00,9552540.113113165
2012-12-05 00:00:00+00:00,9552540.113113165
2012-12-06 00:00:00+00:00,9552540.113113165
2012-12-07 00:00:00+00:00,9552540.113113165
2012-12-10 00:00:00+00:00,9552540.113113165
2012-12-11 00:00:00+00:00,9552540.113113165
2012-12-12 00:00:00+00:00,9552540.113113165
2012-12-13 00:00:00+00:00,9552540.113113165
2012-12-14 00:00:00+00:00,9552540.113113165
2012-12-17 00:00:00+00:00,9552540.113113165
2012-12-18 00:00:00+00:00,9552540.113113165
2012-12-19 00:00:00+00:00,9552540.113113165
2012-12-20 00:00:00+00:00,9552540.113113165
2012-12-21 00:00:00+00:00,9552540.113113165
2012-12-24 00:00:00+00:00,9552540.113113165
2012-12-26 00:00:00+00:00,9552540.113113165
2012-12-27 00:00:00+00:00,9552540.113113165
2012-12-28 00:00:00+00:00,9552540.113113165
2012-12-31 00:00:00+00:00,9552540.113113165
2013-01-01 00:00:00+00:00,9552540.113113165
2013-01-02 00:00:00+00:00,9552540.113113165
2013-01-03 00:00:00+00:00,9552540.113113165
2013-01-04 00:00:00+00:00,9552540.113113165
2013-01-07 00:00:00+00:00,9552540.113113165
2013-01-08 00:00:00+00:00,9552540.113113165
2013-01-09 00:00:00+00:00,9552540.113113165
2013-01-10 00:00:00+00:00,9552540.113113165
2013-01-11 00:00:00+00:00,9552540.113113165
2013-01-14 00:00:00+00:00,9552540.113113165
2013-01-15 00:00:00+00:00,9552540.113113165
2013-01-16 00:00:00+00:00,9552540.113113165
2013-01-17 00:00:00+00:00,9552540.113113165
2013-01-18 00:00:00+00:00,9552540.113113165
2013-01-21 00:00:00+00:00,9552540.113113165
2013-01-22 00:00:00+00:00,9552540.113113165
2013-01-23 00:00:00+00:00,9552540.113113165
2013-01-24 00:00:00+00:00,9552540.113113165
2013-01-25 00:00:00+00:00,9552540.113113165
2013-01-28 00:00:00+00:00,9552540.113113165
2013-01-29 00:00:00+00:00,9552540.113113165
2013-01-30 00:00:00+00:00,9552540.113113165
2013-01-31 00:00:00+00:00,9552540.113113165
2013-02-01 00:00:00+00:00,9552540.113113165
2013-02-04 00:00:00+00:00,9552540.113113165
2013-02-05 00:00:00+00:00,9552540.113113165
2013-02-06 00:00:00+00:00,9552540.113113165
2013-02-07 00:00:00+00:00,9552540.113113165
2013-02-08 00:00:00+00:00,9552540.113113165
2013-02-11 00:00:00+00:00,9552540.113113165
2013-02-12 00:00:00+00:00,9552540.113113165
2013-02-13 00:00:00+00:00,9552540.113113165
2013-02-14 00:00:00+00:00,9552540.113113165
2013-02-15 00:00:00+00:00,9552540.113113165
2013-02-18 00:00:00+00:00,9552540.113113165
2013-02-19 00:00:00+00:00,9552540.113113165
2013-02-20 00:00:00+00:00,9552540.113113165
2013-02-21 00:00:00+00:00,9552540.113113165
2013-02-22 00:00:00+00:00,9552540.113113165
2013-02-25 00:00:00+00:00,9552540.113113165
2013-02-26 00:00:00+00:00,9552540.113113165
2013-02-27 00:00:00+00:00,9552540.113113165
2013-02-28 00:00:00+00:00,9552540.113113165
2013-03-01 00:00:00+00:00,9552540.113113165
2013-03-04 00:00:00+00:00,9552540.113113165
2013-03-05 00:00:00+00:00,9552540.113113165
2013-03-06 00:00:00+00:00,9552540.113113165
2013-03-07 00:00:00+00:00,9552540.113113165
2013-03-08 00:00:00+00:00,9552540.113113165
2013-03-11 00:00:00+00:00,9552540.113113165
2013-03-12 00:00:00+00:00,9552540.113113165
2013-03-13 00:00:00+00:00,9552540.113113165
2013-03-14 00:00:00+00:00,9552540.113113165
2013-03-15 00:00:00+00:00,9552540.113113165
2013-03-18 00:00:00+00:00,9552540.113113165
2013-03-19 00:00:00+00:00,9552540.113113165
2013-03-20 00:00:00+00:00,9552540.113113165
2013-03-21 00:00:00+00:00,9552540.113113165
2013-03-22 00:00:00+00:00,9552540.113113165
2013-03-25 00:00:00+00:00,9552540.113113165
2013-03-26 00:00:00+00:00,9552540.113113165
2013-03-27 00:00:00+00:00,9552540.113113165
2013-03-28 00:00:00+00:00,9552540.113113165
2013-04-01 00:00:00+00:00,9552540.113113165
2013-04-02 00:00:00+00:00,9552540.113113165
2013-04-03 00:00:00+00:00,9552540.113113165
2013-04-04 00:00:00+00:00,9552540.113113165
2013-04-05 00:00:00+00:00,9552540.113113165
2013-04-08 00:00:00+00:00,9552540.113113165
2013-04-09 00:00:00+00:00,9552540.113113165
2013-04-10 00:00:00+00:00,9552540.113113165
2013-04-11 00:00:00+00:00,9552540.113113165
2013-04-12 00:00:00+00:00,9552540.113113165
2013-04-15 00:00:00+00:00,9552540.113113165
2013-04-16 00:00:00+00:00,9552540.113113165
2013-04-17 00:00:00+00:00,9552540.113113165
2013-04-18 00:00:00+00:00,9552540.113113165
2013-04-19 00:00:00+00:00,9552540.113113165
2013-04-22 00:00:00+00:00,9552540.113113165
2013-04-23 00:00:00+00:00,9552540.113113165
2013-04-24 00:00:00+00:00,9552540.113113165
2013-04-25 00:00:00+00:00,9552540.113113165
2013-04-26 00:00:00+00:00,9552540.113113165
2013-04-29 00:00:00+00:00,9552540.113113165
2013-04-30 00:00:00+00:00,9552540.113113165
2013-05-01 00:00:00+00:00,9552540.113113165
2013-05-02 00:00:00+00:00,9552540.113113165
2013-05-03 00:00:00+00:00,9552540.113113165
2013-05-06 00:00:00+00:00,9552540.113113165
2013-05-07 00:00:00+00:00,9552540.113113165
2013-05-08 00:00:00+00:00,9552540.113113165
2013-05-09 00:00:00+00:00,9552540.113113165
2013-05-10 00:00:00+00:00,9552540.113113165
2013-05-13 00:00:00+00:00,9552540.113113165
2013-05-14 00:00:00+00:00,9552540.113113165
2013-05-15 00:00:00+00:00,9552540.113113165
2013-05-16 00:00:00+00:00,9552540.113113165
2013-05-17 00:00:00+00:00,9552540.113113165
2013-05-20 00:00:00+00:00,9552540.113113165
2013-05-21 00:00:00+00:00,9552540.113113165
2013-05-22 00:00:00+00:00,9552540.113113165
2013-05-23 00:00:00+00:00,9552540.113113165
2013-05-24 00:00:00+00:00,9552540.113113165
2013-05-27 00:00:00+00:00,9552540.113113165
2013-05-28 00:00:00+00:00,9552540.113113165
2013-05-29 00:00:00+00:00,9552540.113113165
2013-05-30 00:00:00+00:00,9552540.113113165
2013-05-31 00:00:00+00:00,9552540.113113165
2013-06-03 00:00:00+00:00,9552540.113113165
2013-06-04 00:00:00+00:00,9552540.113113165
2013-06-05 00:00:00+00:00,9552540.113113165
2013-06-06 00:00:00+00:00,9552540.113113165
2013-06-07 00:00:00+00:00,9552540.113113165
2013-06-10 00:00:00+00:00,9552540.113113165
2013-06-11 00:00:00+00:00,9552540.113113165
2013-06-12 00:00:00+00:00,9552540.113113165
2013-06-13 00:00:00+00:00,9552540.113113165
2013-06-14 00:00:00+00:00,9552540.113113165
2013-06-17 00:00:00+00:00,9552540.113113165
2013-06-18 00:00:00+00:00,9552540.113113165
2013-06-19 00:00:00+00:00,9552540.113113165
2013-06-20 00:00:00+00:00,9552540.113113165
2013-06-21 00:00:00+00:00,9552540.113113165
2013-06-24 00:00:00+00:00,9552540.113113165
2013-06-25 00:00:00+00:00,9552540.113113165
2013-06-26 00:00:00+00:00,9552540.113113165
2013-06-27 00:00:00+00:00,9552540.113113165
2013-06-28 00:00:00+00:00,9552540.113113165
2013-07-01 00:00:00+00:00,9552540.113113165
2013-07-02 00:00:00+00:00,9552540.113113165
2013-07-03 00:00:00+00:00,9552540.113113165
2013-07-04 00:00:00+00:00,9552540.113113165
2013-07-05 00:00:00+00:00,9552540.113113165
2013-07-08 00:00:00+00:00,9552540.113113165
2013-07-09 00:00:00+00:00,9552540.113113165
2013-07-10 00:00:00+00:00,9552540.113113165
2013-07-11 00:00:00+00:00,9552540.113113165
2013-07-12 00:00:00+00:00,9552540.113113165
2013-07-15 00:00:00+00:00,9552540.113113165
2013-07-16 00:00:00+00:00,9552540.113113165
2013-07-17 00:00:00+00:00,9552540.113113165
2013-07-18 00:00:00+00:00,9552540.113113165
2013-07-19 00:00:00+00:00,9552540.113113165
2013-07-22 00:00:00+00:00,9552540.113113165
2013-07-23 00:00:00+00:00,9552540.113113165
2013-07-24 00:00:00+00:00,9552540.113113165
2013-07-25 00:00:00+00:00,9552540.113113165
2013-07-26 00:00:00+00:00,9552540.113113165
2013-07-29 00:00:00+00:00,9552540.113113165
2013-07-30 00:00:00+00:00,9552540.113113165
2013-07-31 00:00:00+00:00,9552540.113113165
2013-08-01 00:00:00+00:00,9552540.113113165
2013-08-02 00:00:00+00:00,9552540.113113165
2013-08-05 00:00:00+00:00,9552540.113113165
2013-08-06 00:00:00+00:00,9552540.113113165
2013-08-07 00:00:00+00:00,9552540.113113165
2013-08-08 00:00:00+00:00,9552540.113113165
2013-08-09 00:00:00+00:00,9552540.113113165
2013-08-12 00:00:00+00:00,9552540.113113165
2013-08-13 00:00:00+00:00,9552540.113113165
2013-08-14 00:00:00+00:00,9552540.113113165
2013-08-15 00:00:00+00:00,9552540.113113165
2013-08-16 00:00:00+00:00,9552540.113113165
2013-08-19 00:00:00+00:00,9552540.113113165
2013-08-20 00:00:00+00:00,9552540.113113165
2013-08-21 00:00:00+00:00,9552540.113113165
2013-08-22 00:00:00+00:00,9552540.113113165
2013-08-23 00:00:00+00:00,9552540.113113165
2013-08-26 00:00:00+00:00,9552540.113113165
2013-08-27 00:00:00+00:00,9552540.113113165
2013-08-28 00:00:00+00:00,9552540.113113165
2013-08-29 00:00:00+00:00,9552540.113113165
2013-08-30 00:00:00+00:00,9552540.113113165
2013-09-02 00:00:00+00:00,9552540.113113165
2013-09-03 00:00:00+00:00,9552540.113113165
2013-09-04 00:00:00+00:00,9552540.113113165
2013-09-05 00:00:00+00:00,9552540.113113165
2013-09-06 00:00:00+00:00,9552540.113113165
2013-09-09 00:00:00+00:00,9552540.113113165
2013-09-10 00:00:00+00:00,9552540.113113165
2013-09-11 00:00:00+00:00,9552540.113113165
2013-09-12 00:00:00+00:00,9552540.113113165
2013-09-13 00:00:00+00:00,9552540.113113165
2013-09-16 00:00:00+00:00,9552540.113113165
2013-09-17 00:00:00+00:00,9552540.113113165
2013-09-18 00:00:00+00:00,9552540.113113165
2013-09-19 00:00:00+00:00,9552540.113113165
2013-09-20 00:00:00+00:00,9552540.113113165
2013-09-23 00:00:00+00:00,9552540.113113165
2013-09-24 00:00:00+00:00,9552540.113113165
2013-09-25 00:00:00+00:00,9552540.113113165
2013-09-26 00:00:00+00:00,9552540.113113165
2013-09-27 00:00:00+00:00,9552540.113113165
2013-09-30 00:00:00+00:00,9552540.113113165
2013-10-01 00:00:00+00:00,9552540.113113165
2013-10-02 00:00:00+00:00,9552540.113113165
2013-10-03 00:00:00+00:00,9552540.113113165
2013-10-04 00:00:00+00:00,9552540.113113165
2013-10-07 00:00:00+00:00,9552540.113113165
2013-10-08 00:00:00+00:00,9552540.113113165
2013-10-09 00:00:00+00:00,9552540.113113165
2013-10-10 00:00:00+00:00,9552540.113113165
2013-10-11 00:00:00+00:00,9552540.113113165
2013-10-14 00:00:00+00:00,9552540.113113165
2013-10-15 00:00:00+00:00,9552540.113113165
2013-10-16 00:00:00+00:00,9552540.113113165
2013-10-17 00:00:00+00:00,9552540.113113165
2013-10-18 00:00:00+00:00,9552540.113113165
2013-10-21 00:00:00+00:00,9552540.113113165
2013-10-22 00:00:00+00:00,9552540.113113165
2013-10-23 00:00:00+00:00,9552540.113113165
2013-10-24 00:00:00+00:00,9552540.113113165
2013-10-25 00:00:00+00:00,9552540.113113165
2013-10-28 00:00:00+00:00,9552540.113113165
2013-10-29 00:00:00+00:00,9552540.113113165
2013-10-30 00:00:00+00:00,9552540.113113165
2013-10-31 00:00:00+00:00,9552540.113113165
2013-11-01 00:00:00+00:00,9552540.113113165
2013-11-04 00:00:00+00:00,9552540.113113165
2013-11-05 00:00:00+00:00,9552540.113113165
2013-11-06 00:00:00+00:00,9552540.113113165
2013-11-07 00:00:00+00:00,9552540.113113165
2013-11-08 00:00:00+00:00,9552540.113113165
2013-11-11 00:00:00+00:00,9552540.113113165
2013-11-12 00:00:00+00:00,9552540.113113165
2013-11-13 00:00:00+00:00,9552540.113113165
2013-11-14 00:00:00+00:00,9552540.113113165
2013-11-15 00:00:00+00:00,9552540.113113165
2013-11-18 00:00:00+00:00,9552540.113113165
2013-11-19 00:00:00+00:00,9552540.113113165
2013-11-20 00:00:00+00:00,9552540.113113165
2013-11-21 00:00:00+00:00,9552540.113113165
2013-11-22 00:00:00+00:00,9552540.113113165
2013-11-25 00:00:00+00:00,9552540.113113165
2013-11-26 00:00:00+00:00,9552540.113113165
2013-11-27 00:00:00+00:00,9552540.113113165
2013-11-28 00:00:00+00:00,9552540.113113165
2013-11-29 00:00:00+00:00,9552540.113113165
2013-12-02 00:00:00+00:00,9552540.113113165
2013-12-03 00:00:00+00:00,9552540.113113165
2013-12-04 00:00:00+00:00,9552540.113113165
2013-12-05 00:00:00+00:00,9552540.113113165
2013-12-06 00:00:00+00:00,9552540.113113165
2013-12-09 00:00:00+00:00,9552540.113113165
2013-12-10 00:00:00+00:00,9552540.113113165
2013-12-11 00:00:00+00:00,9552540.113113165
2013-12-12 00:00:00+00:00,9552540.113113165
2013-12-13 00:00:00+00:00,9552540.113113165
2013-12-16 00:00:00+00:00,9552540.113113165
2013-12-17 00:00:00+00:00,9552540.113113165
2013-12-18 00:00:00+00:00,9552540.113113165
2013-12-19 00:00:00+00:00,9552540.113113165
2013-12-20 00:00:00+00:00,9552540.113113165
2013-12-23 00:00:00+00:00,9552540.113113165
2013-12-24 00:00:00+00:00,9552540.113113165
2013-12-26 00:00:00+00:00,9552540.113113165
2013-12-27 00:00:00+00:00,9552540.113113165
2013-12-30 00:00:00+00:00,9552540.113113165
2013-12-31 00:00:00+00:00,9552540.113113165
2014-01-01 00:00:00+00:00,9552540.113113165
2014-01-02 00:00:00+00:00,9552540.113113165
2014-01-03 00:00:00+00:00,9552540.113113165
2014-01-06 00:00:00+00:00,9552540.113113165
2014-01-07 00:00:00+00:00,9552540.113113165
2014-01-08 00:00:00+00:00,9552540.113113165
2014-01-09 00:00:00+00:00,9552540.113113165
2014-01-10 00:00:00+00:00,9552540.113113165
2014-01-13 00:00:00+00:00,9552540.113113165
2014-01-14 00:00:00+00:00,9552540.113113165
2014-01-15 00:00:00+00:00,9552540.113113165
2014-01-16 00:00:00+00:00,9552540.113113165
2014-01-17 00:00:00+00:00,9552540.113113165
2014-01-20 00:00:00+00:00,9552540.113113165
2014-01-21 00:00:00+00:00,9552540.113113165
2014-01-22 00:00:00+00:00,9552540.113113165
2014-01-23 00:00:00+00:00,9552540.113113165
2014-01-24 00:00:00+00:00,9552540.113113165
2014-01-27 00:00:00+00:00,9552540.113113165
2014-01-28 00:00:00+00:00,9552540.113113165
2014-01-29 00:00:00+00:00,9552540.113113165
2014-01-30 00:00:00+00:00,9552540.113113165
2014-01-31 00:00:00+00:00,9552540.113113165
2014-02-03 00:00:00+00:00,9552540.113113165
2014-02-04 00:00:00+00:00,9552540.113113165
2014-02-05 00:00:00+00:00,9552540.113113165
2014-02-06 00:00:00+00:00,9552540.113113165
2014-02-07 00:00:00+00:00,9552540.113113165
2014-02-10 00:00:00+00:00,9552540.113113165
2014-02-11 00:00:00+00:00,9552540.113113165
2014-02-12 00:00:00+00:00,9552540.113113165
2014-02-13 00:00:00+00:00,9552540.113113165
2014-02-14 00:00:00+00:00,9552540.113113165
2014-02-17 00:00:00+00:00,9552540.113113165
2014-02-18 00:00:00+00:00,9552540.113113165
2014-02-19 00:00:00+00:00,9552540.113113165
2014-02-20 00:00:00+00:00,9552540.113113165
2014-02-21 00:00:00+00:00,9552540.113113165
2014-02-24 00:00:00+00:00,9552540.113113165
2014-02-25 00:00:00+00:00,9552540.113113165
2014-02-26 00:00:00+00:00,9552540.113113165
2014-02-27 00:00:00+00:00,9552540.113113165
2014-02-28 00:00:00+00:00,9552540.113113165
2014-03-03 00:00:00+00:00,9552540.113113165
2014-03-04 00:00:00+00:00,9552540.113113165
2014-03-05 00:00:00+00:00,9552540.113113165
2014-03-06 00:00:00+00:00,9552540.113113165
2014-03-07 00:00:00+00:00,9552540.113113165
2014-03-10 00:00:00+00:00,9552540.113113165
2014-03-11 00:00:00+00:00,9552540.113113165
2014-03-12 00:00:00+00:00,9552540.113113165
2014-03-13 00:00:00+00:00,9552540.113113165
2014-03-14 00:00:00+00:00,9552540.113113165
2014-03-17 00:00:00+00:00,9552540.113113165
2014-03-18 00:00:00+00:00,9552540.113113165
2014-03-19 00:00:00+00:00,9552540.113113165
2014-03-20 00:00:00+00:00,9552540.113113165
2014-03-21 00:00:00+00:00,9552540.113113165
2014-03-24 00:00:00+00:00,9552540.113113165
2014-03-25 00:00:00+00:00,9552540.113113165
2014-03-26 00:00:00+00:00,9552540.113113165
2014-03-27 00:00:00+00:00,9552540.113113165
2014-03-28 00:00:00+00:00,9552540.113113165
2014-03-31 00:00:00+00:00,9552540.113113165
2014-04-01 00:00:00+00:00,9552540.113113165
2014-04-02 00:00:00+00:00,9552540.113113165
2014-04-03 00:00:00+00:00,9552540.113113165
2014-04-04 00:00:00+00:00,9552540.113113165
2014-04-07 00:00:00+00:00,9552540.113113165
2014-04-08 00:00:00+00:00,9552540.113113165
2014-04-09 00:00:00+00:00,9552540.113113165
2014-04-10 00:00:00+00:00,9552540.113113165
2014-04-11 00:00:00+00:00,9552540.113113165
2014-04-14 00:00:00+00:00,9552540.113113165
2014-04-15 00:00:00+00:00,9552540.113113165
2014-04-16 00:00:00+00:00,9552540.113113165
2014-04-17 00:00:00+00:00,9552540.113113165
2014-04-21 00:00:00+00:00,9552540.113113165
2014-04-22 00:00:00+00:00,9552540.113113165
2014-04-23 00:00:00+00:00,9552540.113113165
2014-04-24 00:00:00+00:00,9552540.113113165
2014-04-25 00:00:00+00:00,9552540.113113165
2014-04-28 00:00:00+00:00,9552540.113113165
2014-04-29 00:00:00+00:00,9552540.113113165
2014-04-30 00:00:00+00:00,9552540.113113165
2014-05-01 00:00:00+00:00,9552540.113113165
2014-05-02 00:00:00+00:00,9552540.113113165
2014-05-05 00:00:00+00:00,9552540.113113165
2014-05-06 00:00:00+00:00,9552540.113113165
2014-05-07 00:00:00+00:00,9552540.113113165
2014-05-08 00:00:00+00:00,9552540.113113165
2014-05-09 00:00:00+00:00,9552540.113113165
2014-05-12 00:00:00+00:00,9552540.113113165
2014-05-13 00:00:00+00:00,9552540.113113165
2014-05-14 00:00:00+00:00,9552540.113113165
2014-05-15 00:00:00+00:00,9552540.113113165
2014-05-16 00:00:00+00:00,9552540.113113165
2014-05-19 00:00:00+00:00,9552540.113113165
2014-05-20 00:00:00+00:00,9552540.113113165
2014-05-21 00:00:00+00:00,9552540.113113165
2014-05-22 00:00:00+00:00,9552540.113113165
2014-05-23 00:00:00+00:00,9552540.113113165
2014-05-26 00:00:00+00:00,9552540.113113165
2014-05-27 00:00:00+00:00,9552540.113113165
2014-05-28 00:00:00+00:00,9552540.113113165
2014-05-29 00:00:00+00:00,9552540.113113165
2014-05-30 00:00:00+00:00,9552540.113113165
2014-06-02 00:00:00+00:00,9552540.113113165
2014-06-03 00:00:00+00:00,9552540.113113165
2014-06-04 00:00:00+00:00,9552540.113113165
2014-06-05 00:00:00+00:00,9552540.113113165
2014-06-06 00:00:00+00:00,9552540.113113165
2014-06-09 00:00:00+00:00,9552540.113113165
2014-06-10 00:00:00+00:00,9552540.113113165
2014-06-11 00:00:00+00:00,9552540.113113165
2014-06-12 00:00:00+00:00,9552540.113113165
2014-06-13 00:00:00+00:00,9552540.113113165
2014-06-16 00:00:00+00:00,9552540.113113165
2014-06-17 00:00:00+00:00,9552540.113113165
2014-06-18 00:00:00+00:00,9552540.113113165
2014-06-19 00:00:00+00:00,9552540.113113165
2014-06-20 00:00:00+00:00,9552540.113113165
2014-06-23 00:00:00+00:00,9552540.113113165
2014-06-24 00:00:00+00:00,9552540.113113165
2014-06-25 00:00:00+00:00,9552540.113113165
2014-06-26 00:00:00+00:00,9552540.113113165
2014-06-27 00:00:00+00:00,9552540.113113165
2014-06-30 00:00:00+00:00,9552540.113113165
2014-07-01 00:00:00+00:00,9552540.113113165
2014-07-02 00:00:00+00:00,9552540.113113165
2014-07-03 00:00:00+00:00,9552540.113113165
2014-07-04 00:00:00+00:00,9552540.113113165
2014-07-07 00:00:00+00:00,9552540.113113165
2014-07-08 00:00:00+00:00,9552540.113113165
2014-07-09 00:00:00+00:00,9552540.113113165
2014-07-10 00:00:00+00:00,9552540.113113165
2014-07-11 00:00:00+00:00,9552540.113113165
2014-07-14 00:00:00+00:00,9552540.113113165
2014-07-15 00:00:00+00:00,9552540.113113165
2014-07-16 00:00:00+00:00,9552540.113113165
2014-07-17 00:00:00+00:00,9552540.113113165
2014-07-18 00:00:00+00:00,9552540.113113165
2014-07-21 00:00:00+00:00,9552540.113113165
2014-07-22 00:00:00+00:00,9552540.113113165
2014-07-23 00:00:00+00:00,9552540.113113165
2014-07-24 00:00:00+00:00,9552540.113113165
2014-07-25 00:00:00+00:00,9552540.113113165
2014-07-28 00:00:00+00:00,9552540.113113165
2014-07-29 00:00:00+00:00,9552540.113113165
2014-07-30 00:00:00+00:00,9552540.113113165
2014-07-31 00:00:00+00:00,9552540.113113165
2014-08-01 00:00:00+00:00,9552540.113113165
2014-08-04 00:00:00+00:00,9552540.113113165
2014-08-05 00:00:00+00:00,9552540.113113165
2014-08-06 00:00:00+00:00,9552540.113113165
2014-08-07 00:00:00+00:00,9552540.113113165
2014-08-08 00:00:00+00:00,9552540.113113165
2014-08-11 00:00:00+00:00,9552540.113113165
2014-08-12 00:00:00+00:00,9552540.113113165
2014-08-13 00:00:00+00:00,9552540.113113165
2014-08-14 00:00:00+00:00,9552540.113113165
2014-08-15 00:00:00+00:00,9552540.113113165
2014-08-18 00:00:00+00:00,9552540.113113165
2014-08-19 00:00:00+00:00,9552540.113113165
2014-08-20 00:00:00+00:00,9552540.113113165
2014-08-21 00:00:00+00:00,9552540.113113165
2014-08-22 00:00:00+00:00,9552540.113113165
2014-08-25 00:00:00+00:00,9552540.113113165
2014-08-26 00:00:00+00:00,9552540.113113165
2014-08-27 00:00:00+00:00,9552540.113113165
2014-08-28 00:00:00+00:00,9552540.113113165
2014-08-29 00:00:00+00:00,9552540.113113165
2014-09-01 00:00:00+00:00,9552540.113113165
2014-09-02 00:00:00+00:00,9552540.113113165
2014-09-03 00:00:00+00:00,9552540.113113165
2014-09-04 00:00:00+00:00,9552540.113113165
2014-09-05 00:00:00+00:00,9552540.113113165
2014-09-08 00:00:00+00:00,9552540.113113165
2014-09-09 00:00:00+00:00,9552540.113113165
2014-09-10 00:00:00+00:00,9552540.113113165
2014-09-11 00:00:00+00:00,9552540.113113165
2014-09-12 00:00:00+00:00,9552540.113113165
2014-09-15 00:00:00+00:00,9552540.113113165
2014-09-16 00:00:00+00:00,9552540.113113165
2014-09-17 00:00:00+00:00,9552540.113113165
2014-09-18 00:00:00+00:00,9552540.113113165
2014-09-19 00:00:00+00:00,9552540.113113165
2014-09-22 00:00:00+00:00,9552540.113113165
2014-09-23 00:00:00+00:00,9552540.113113165
2014-09-24 00:00:00+00:00,9552540.113113165
2014-09-25 00:00:00+00:00,9552540.113113165
2014-09-26 00:00:00+00:00,9552540.113113165
2014-09-29 00:00:00+00:00,9552540.113113165
2014-09-30 00:00:00+00:00,9552540.113113165
2014-10-01 00:00:00+00:00,9552540.113113165
2014-10-02 00:00:00+00:00,9552540.113113165
2014-10-03 00:00:00+00:00,9552540.113113165
2014-10-06 00:00:00+00:00,9552540.113113165
2014-10-07 00:00:00+00:00,9552540.113113165
2014-10-08 00:00:00+00:00,9552540.113113165
2014-10-09 00:00:00+00:00,9552540.113113165
2014-10-10 00:00:00+00:00,9552540.113113165
2014-10-13 00:00:00+00:00,9552540.113113165
2014-10-14 00:00:00+00:00,9552540.113113165
2014-10-15 00:00:00+00:00,9552540.113113165
2014-10-16 00:00:00+00:00,9552540.113113165
2014-10-17 00:00:00+00:00,9552540.113113165
2014-10-20 00:00:00+00:00,9552540.113113165
2014-10-21 00:00:00+00:00,9552540.113113165
2014-10-22 00:00:00+00:00,9552540.113113165
2014-10-23 00:00:00+00:00,9552540.113113165
2014-10-24 00:00:00+00:00,9552540.113113165
2014-10-27 00:00:00+00:00,9552540.113113165
2014-10-28 00:00:00+00:00,9552540.113113165
2014-10-29 00:00:00+00:00,9552540.113113165
2014-10-30 00:00:00+00:00,9552540.113113165
2014-10-31 00:00:00+00:00,9552540.113113165
2014-11-03 00:00:00+00:00,9552540.113113165
2014-11-04 00:00:00+00:00,9552540.113113165
2014-11-05 00:00:00+00:00,9552540.113113165
2014-11-06 00:00:00+00:00,9552540.113113165
2014-11-07 00:00:00+00:00,9552540.113113165
2014-11-10 00:00:00+00:00,9552540.113113165
2014-11-11 00:00:00+00:00,9552540.113113165
2014-11-12 00:00:00+00:00,9552540.113113165
2014-11-13 00:00:00+00:00,9552540.113113165
2014-11-14 00:00:00+00:00,9552540.113113165
2014-11-17 00:00:00+00:00,9552540.113113165
2014-11-18 00:00:00+00:00,9552540.113113165
2014-11-19 00:00:00+00:00,9552540.113113165
2014-11-20 00:00:00+00:00,9552540.113113165
2014-11-21 00:00:00+00:00,9552540.113113165
2014-11-24 00:00:00+00:00,9552540.113113165
2014-11-25 00:00:00+00:00,9552540.113113165
2014-11-26 00:00:00+00:00,9552540.113113165
2014-11-27 00:00:00+00:00,9552540.113113165
2014-11-28 00:00:00+00:00,9552540.113113165
2014-12-01 00:00:00+00:00,9552540.113113165
2014-12-02 00:00:00+00:00,9552540.113113165
2014-12-03 00:00:00+00:00,9552540.113113165
2014-12-04 00:00:00+00:00,9552540.113113165
2014-12-05 00:00:00+00:00,9552540.113113165
2014-12-08 00:00:00+00:00,9552540.113113165
2014-12-09 00:00:00+00:00,9552540.113113165
2014-12-10 00:00:00+00:00,9552540.113113165
2014-12-11 00:00:00+00:00,9552540.113113165
2014-12-12 00:00:00+00:00,9552540.113113165
2014-12-15 00:00:00+00:00,9552540.113113165
2014-12-16 00:00:00+00:00,9552540.113113165
2014-12-17 00:00:00+00:00,9552540.113113165
2014-12-18 00:00:00+00:00,9552540.113113165
2014-12-19 00:00:00+00:00,9552540.113113165
2014-12-22 00:00:00+00:00,9552540.113113165
2014-12-23 00:00:00+00:00,9552540.113113165
2014-12-24 00:00:00+00:00,9552540.113113165
2014-12-26 00:00:00+00:00,9552540.113113165
2014-12-29 00:00:00+00:00,9552540.113113165
2014-12-30 00:00:00+00:00,9552540.113113165
2014-12-31 00:00:00+00:00,9552540.113113165
2015-01-01 00:00:00+00:00,9552540.113113165
2015-01-02 00:00:00+00:00,9552540.113113165
2015-01-05 00:00:00+00:00,9552540.113113165
2015-01-06 00:00:00+00:00,9552540.113113165
2015-01-07 00:00:00+00:00,9552540.113113165
2015-01-08 00:00:00+00:00,9552540.113113165
2015-01-09 00:00:00+00:00,9552540.113113165
2015-01-12 00:00:00+00:00,9552540.113113165
2015-01-13 00:00:00+00:00,9552540.113113165
2015-01-14 00:00:00+00:00,9552540.113113165
2015-01-15 00:00:00+00:00,9552540.113113165
2015-01-16 00:00:00+00:00,9552540.113113165
2015-01-19 00:00:00+00:00,9552540.113113165
2015-01-20 00:00:00+00:00,9552540.113113165
2015-01-21 00:00:00+00:00,9552540.113113165
2015-01-22 00:00:00+00:00,9552540.113113165
2015-01-23 00:00:00+00:00,9552540.113113165
2015-01-26 00:00:00+00:00,9552540.113113165
2015-01-27 00:00:00+00:00,9552540.113113165
2015-01-28 00:00:00+00:00,9552540.113113165
2015-01-29 00:00:00+00:00,9552540.113113165
2015-01-30 00:00:00+00:00,9552540.113113165
2015-02-02 00:00:00+00:00,9552540.113113165
2015-02-03 00:00:00+00:00,9552540.113113165
2015-02-04 00:00:00+00:00,9552540.113113165
2015-02-05 00:00:00+00:00,9552540.113113165
2015-02-06 00:00:00+00:00,9552540.113113165
2015-02-09 00:00:00+00:00,9552540.113113165
2015-02-10 00:00:00+00:00,9552540.113113165
2015-02-11 00:00:00+00:00,9552540.113113165
2015-02-12 00:00:00+00:00,9552540.113113165
2015-02-13 00:00:00+00:00,9552540.113113165
2015-02-16 00:00:00+00:00,9552540.113113165
2015-02-17 00:00:00+00:00,9552540.113113165
2015-02-18 00:00:00+00:00,9552540.113113165
2015-02-19 00:00:00+00:00,9552540.113113165
2015-02-20 00:00:00+00:00,9552540.113113165
2015-02-23 00:00:00+00:00,9552540.113113165
2015-02-24 00:00:00+00:00,9552540.113113165
2015-02-25 00:00:00+00:00,9552540.113113165
2015-02-26 00:00:00+00:00,9552540.113113165
2015-02-27 00:00:00+00:00,9552540.113113165
2015-03-02 00:00:00+00:00,9552540.113113165
2015-03-03 00:00:00+00:00,9552540.113113165
2015-03-04 00:00:00+00:00,9552540.113113165
2015-03-05 00:00:00+00:00,9552540.113113165
2015-03-06 00:00:00+00:00,9552540.113113165
2015-03-09 00:00:00+00:00,9552540.113113165
2015-03-10 00:00:00+00:00,9552540.113113165
2015-03-11 00:00:00+00:00,9552540.113113165
2015-03-12 00:00:00+00:00,9552540.113113165
2015-03-13 00:00:00+00:00,9552540.113113165
2015-03-16 00:00:00+00:00,9552540.113113165
2015-03-17 00:00:00+00:00,9552540.113113165
2015-03-18 00:00:00+00:00,9552540.113113165
2015-03-19 00:00:00+00:00,9552540.113113165
2015-03-20 00:00:00+00:00,9552540.113113165
2015-03-23 00:00:00+00:00,9552540.113113165
2015-03-24 00:00:00+00:00,9552540.113113165
2015-03-25 00:00:00+00:00,9552540.113113165
2015-03-26 00:00:00+00:00,9552540.113113165
2015-03-27 00:00:00+00:00,9552540.113113165
2015-03-30 00:00:00+00:00,9552540.113113165
2015-03-31 00:00:00+00:00,9552540.113113165
2015-04-01 00:00:00+00:00,9552540.113113165
2015-04-02 00:00:00+00:00,9552540.113113165
2015-04-06 00:00:00+00:00,9552540.113113165
2015-04-07 00:00:00+00:00,9552540.113113165
2015-04-08 00:00:00+00:00,9552540.113113165
2015-04-09 00:00:00+00:00,9552540.113113165
2015-04-10 00:00:00+00:00,9552540.113113165
2015-04-13 00:00:00+00:00,9552540.113113165
2015-04-14 00:00:00+00:00,9552540.113113165
2015-04-15 00:00:00+00:00,9552540.113113165
2015-04-16 00:00:00+00:00,9552540.113113165
2015-04-17 00:00:00+00:00,9552540.113113165
2015-04-20 00:00:00+00:00,9552540.113113165
2015-04-21 00:00:00+00:00,9552540.113113165
2015-04-22 00:00:00+00:00,9552540.113113165
2015-04-23 00:00:00+00:00,9552540.113113165
2015-04-24 00:00:00+00:00,9552540.113113165
2015-04-27 00:00:00+00:00,9552540.113113165
2015-04-28 00:00:00+00:00,9552540.113113165
2015-04-29 00:00:00+00:00,9552540.113113165
2015-04-30 00:00:00+00:00,9552540.113113165
2015-05-01 00:00:00+00:00,9552540.113113165
2015-05-04 00:00:00+00:00,9552540.113113165
2015-05-05 00:00:00+00:00,9552540.113113165
2015-05-06 00:00:00+00:00,9552540.113113165
2015-05-07 00:00:00+00:00,9552540.113113165
2015-05-08 00:00:00+00:00,9552540.113113165
2015-05-11 00:00:00+00:00,9552540.113113165
2015-05-12 00:00:00+00:00,9552540.113113165
2015-05-13 00:00:00+00:00,9552540.113113165
2015-05-14 00:00:00+00:00,9552540.113113165
2015-05-15 00:00:00+00:00,9552540.113113165
2015-05-18 00:00:00+00:00,9552540.113113165
2015-05-19 00:00:00+00:00,9552540.113113165
2015-05-20 00:00:00+00:00,9552540.113113165
2015-05-21 00:00:00+00:00,9552540.113113165
2015-05-22 00:00:00+00:00,9552540.113113165
2015-05-25 00:00:00+00:00,9552540.113113165
2015-05-26 00:00:00+00:00,9552540.113113165
2015-05-27 00:00:00+00:00,9552540.113113165
2015-05-28 00:00:00+00:00,9552540.113113165
2015-05-29 00:00:00+00:00,9552540.113113165
2015-06-01 00:00:00+00:00,9552540.113113165
2015-06-02 00:00:00+00:00,9552540.113113165
2015-06-03 00:00:00+00:00,9552540.113113165
2015-06-04 00:00:00+00:00,9552540.113113165
2015-06-05 00:00:00+00:00,9552540.113113165
2015-06-08 00:00:00+00:00,9552540.113113165
2015-06-09 00:00:00+00:00,9552540.113113165
2015-06-10 00:00:00+00:00,9552540.113113165
2015-06-11 00:00:00+00:00,9552540.113113165
2015-06-12 00:00:00+00:00,9552540.113113165
2015-06-15 00:00:00+00:00,9552540.113113165
2015-06-16 00:00:00+00:00,9552540.113113165
2015-06-17 00:00:00+00:00,9552540.113113165
2015-06-18 00:00:00+00:00,9552540.113113165
2015-06-19 00:00:00+00:00,9552540.113113165
2015-06-22 00:00:00+00:00,9552540.113113165
2015-06-23 00:00:00+00:00,9552540.113113165
2015-06-24 00:00:00+00:00,9552540.113113165
2015-06-25 00:00:00+00:00,9552540.113113165
2015-06-26 00:00:00+00:00,9552540.113113165
2015-06-29 00:00:00+00:00,9552540.113113165
2015-06-30 00:00:00+00:00,9552540.113113165
2015-07-01 00:00:00+00:00,9552540.113113165
2015-07-02 00:00:00+00:00,9552540.113113165
2015-07-03 00:00:00+00:00,9552540.113113165
2015-07-06 00:00:00+00:00,9552540.113113165
2015-07-07 00:00:00+00:00,9552540.113113165
2015-07-08 00:00:00+00:00,9552540.113113165
2015-07-09 00:00:00+00:00,9552540.113113165
2015-07-10 00:00:00+00:00,9552540.113113165
2015-07-13 00:00:00+00:00,9552540.113113165
2015-07-14 00:00:00+00:00,9552540.113113165
2015-07-15 00:00:00+00:00,9552540.113113165
2015-07-16 00:00:00+00:00,9552540.113113165
2015-07-17 00:00:00+00:00,9552540.113113165
2015-07-20 00:00:00+00:00,9552540.113113165
2015-07-21 00:00:00+00:00,9552540.113113165
2015-07-22 00:00:00+00:00,9552540.113113165
2015-07-23 00:00:00+00:00,9552540.113113165
2015-07-24 00:00:00+00:00,9552540.113113165
2015-07-27 00:00:00+00:00,9552540.113113165
2015-07-28 00:00:00+00:00,9552540.113113165
2015-07-29 00:00:00+00:00,9552540.113113165
2015-07-30 00:00:00+00:00,9552540.113113165
2015-07-31 00:00:00+00:00,9552540.113113165
2015-08-03 00:00:00+00:00,9552540.113113165
2015-08-04 00:00:00+00:00,9552540.113113165
2015-08-05 00:00:00+00:00,9552540.113113165
2015-08-06 00:00:00+00:00,9552540.113113165
2015-08-07 00:00:00+00:00,9552540.113113165
2015-08-10 00:00:00+00:00,9552540.113113165
2015-08-11 00:00:00+00:00,9552540.113113165
2015-08-12 00:00:00+00:00,9552540.113113165
2015-08-13 00:00:00+00:00,9552540.113113165
2015-08-14 00:00:00+00:00,9552540.113113165
2015-08-17 00:00:00+00:00,9552540.113113165
2015-08-18 00:00:00+00:00,9552540.113113165
2015-08-19 00:00:00+00:00,9552540.113113165
2015-08-20 00:00:00+00:00,9552540.113113165
2015-08-21 00:00:00+00:00,9552540.113113165
2015-08-24 00:00:00+00:00,9552540.113113165
2015-08-25 00:00:00+00:00,9552540.113113165
2015-08-26 00:00:00+00:00,9552540.113113165
2015-08-27 00:00:00+00:00,9552540.113113165
2015-08-28 00:00:00+00:00,9552540.113113165
2015-08-31 00:00:00+00:00,9552540.113113165
2015-09-01 00:00:00+00:00,9552540.113113165
2015-09-02 00:00:00+00:00,9552540.113113165
2015-09-03 00:00:00+00:00,9552540.113113165
2015-09-04 00:00:00+00:00,9552540.113113165
2015-09-07 00:00:00+00:00,9552540.113113165
2015-09-08 00:00:00+00:00,9552540.113113165
2015-09-09 00:00:00+00:00,9552540.113113165
2015-09-10 00:00:00+00:00,9552540.113113165
2015-09-11 00:00:00+00:00,9552540.113113165
2015-09-14 00:00:00+00:00,9552540.113113165
2015-09-15 00:00:00+00:00,9552540.113113165
2015-09-16 00:00:00+00:00,9552540.113113165
2015-09-17 00:00:00+00:00,9552540.113113165
2015-09-18 00:00:00+00:00,9552540.113113165
2015-09-21 00:00:00+00:00,9552540.113113165
2015-09-22 00:00:00+00:00,9552540.113113165
2015-09-23 00:00:00+00:00,9552540.113113165
2015-09-24 00:00:00+00:00,9552540.113113165
2015-09-25 00:00:00+00:00,9552540.113113165
2015-09-28 00:00:00+00:00,9552540.113113165
2015-09-29 00:00:00+00:00,9552540.113113165
2015-09-30 00:00:00+00:00,9552540.113113165
2015-10-01 00:00:00+00:00,9552540.113113165
2015-10-02 00:00:00+00:00,9552540.113113165
2015-10-05 00:00:00+00:00,9552540.113113165
2015-10-06 00:00:00+00:00,9552540.113113165
2015-10-07 00:00:00+00:00,9552540.113113165
2015-10-08 00:00:00+00:00,9552540.113113165
2015-10-09 00:00:00+00:00,9552540.113113165
2015-10-12 00:00:00+00:00,9552540.113113165
2015-10-13 00:00:00+00:00,9552540.113113165
2015-10-14 00:00:00+00:00,9552540.113113165
2015-10-15 00:00:00+00:00,9552540.113113165
2015-10-16 00:00:00+00:00,9552540.113113165
2015-10-19 00:00:00+00:00,9552540.113113165
2015-10-20 00:00:00+00:00,9552540.113113165
2015-10-21 00:00:00+00:00,9552540.113113165
2015-10-22 00:00:00+00:00,9552540.113113165
2015-10-23 00:00:00+00:00,9552540.113113165
2015-10-26 00:00:00+00:00,9552540.113113165
2015-10-27 00:00:00+00:00,9552540.113113165
2015-10-28 00:00:00+00:00,9552540.113113165
2015-10-29 00:00:00+00:00,9552540.113113165
2015-10-30 00:00:00+00:00,9552540.113113165
2015-11-02 00:00:00+00:00,9552540.113113165
2015-11-03 00:00:00+00:00,9552540.113113165
2015-11-04 00:00:00+00:00,9552540.113113165
2015-11-05 00:00:00+00:00,9552540.113113165
2015-11-06 00:00:00+00:00,9552540.113113165
2015-11-09 00:00:00+00:00,9552540.113113165
2015-11-10 00:00:00+00:00,9552540.113113165
2015-11-11 00:00:00+00:00,9552540.113113165
2015-11-12 00:00:00+00:00,9552540.113113165
2015-11-13 00:00:00+00:00,9552540.113113165
2015-11-16 00:00:00+00:00,9552540.113113165
2015-11-17 00:00:00+00:00,9552540.113113165
2015-11-18 00:00:00+00:00,9552540.113113165
2015-11-19 00:00:00+00:00,9552540.113113165
2015-11-20 00:00:00+00:00,9552540.113113165
2015-11-23 00:00:00+00:00,9552540.113113165
2015-11-24 00:00:00+00:00,9552540.113113165
2015-11-25 00:00:00+00:00,9552540.113113165
2015-11-26 00:00:00+00:00,9552540.113113165
2015-11-27 00:00:00+00:00,9552540.113113165
2015-11-30 00:00:00+00:00,9552540.113113165
2015-12-01 00:00:00+00:00,9552540.113113165
2015-12-02 00:00:00+00:00,9552540.113113165
2015-12-03 00:00:00+00:00,9552540.113113165
2015-12-04 00:00:00+00:00,9552540.113113165
2015-12-07 00:00:00+00:00,9552540.113113165
2015-12-08 00:00:00+00:00,9552540.113113165
2015-12-09 00:00:00+00:00,9552540.113113165
2015-12-10 00:00:00+00:00,9552540.113113165
2015-12-11 00:00:00+00:00,9552540.113113165
2015-12-14 00:00:00+00:00,9552540.113113165
2015-12-15 00:00:00+00:00,9552540.113113165
2015-12-16 00:00:00+00:00,9552540.113113165
2015-12-17 00:00:00+00:00,9552540.113113165
2015-12-18 00:00:00+00:00,9552540.113113165
2015-12-21 00:00:00+00:00,9552540.113113165
2015-12-22 00:00:00+00:00,9552540.113113165
2015-12-23 00:00:00+00:00,9552540.113113165
2015-12-24 00:00:00+00:00,9552540.113113165
2015-12-28 00:00:00+00:00,9552540.113113165
2015-12-29 00:00:00+00:00,9552540.113113165
2015-12-30 00:00:00+00:00,9552540.113113165
2015-12-31 00:00:00+00:00,9552540.113113165
2016-01-01 00:00:00+00:00,9552540.113113165
2016-01-04 00:00:00+00:00,9552540.113113165
2016-01-05 00:00:00+00:00,9552540.113113165
2016-01-06 00:00:00+00:00,9552540.113113165
2016-01-07 00:00:00+00:00,9552540.113113165
2016-01-08 00:00:00+00:00,9552540.113113165
2016-01-11 00:00:00+00:00,9552540.113113165
2016-01-12 00:00:00+00:00,9552540.113113165
2016-01-13 00:00:00+00:00,9552540.113113165
2016-01-14 00:00:00+00:00,9552540.113113165
2016-01-15 00:00:00+00:00,9552540.113113165
2016-01-18 00:00:00+00:00,9552540.113113165
2016-01-19 00:00:00+00:00,9552540.113113165
2016-01-20 00:00:00+00:00,9552540.113113165
2016-01-21 00:00:00+00:00,9552540.113113165
2016-01-22 00:00:00+00:00,9552540.113113165
2016-01-25 00:00:00+00:00,9552540.113113165
2016-01-26 00:00:00+00:00,9552540.113113165
2016-01-27 00:00:00+00:00,9552540.113113165
2016-01-28 00:00:00+00:00,9552540.113113165
2016-01-29 00:00:00+00:00,9552540.113113165
2016-02-01 00:00:00+00:00,9552540.113113165
2016-02-02 00:00:00+00:00,9552540.113113165
2016-02-03 00:00:00+00:00,9552540.113113165
2016-02-04 00:00:00+00:00,9552540.113113165
2016-02-05 00:00:00+00:00,9552540.113113165
2016-02-08 00:00:00+00:00,9552540.113113165
2016-02-09 00:00:00+00:00,9552540.113113165
2016-02-10 00:00:00+00:00,9552540.113113165
2016-02-11 00:00:00+00:00,9552540.113113165
2016-02-12 00:00:00+00:00,9552540.113113165
2016-02-15 00:00:00+00:00,9552540.113113165
2016-02-16 00:00:00+00:00,9552540.113113165
2016-02-17 00:00:00+00:00,9552540.113113165
2016-02-18 00:00:00+00:00,9552540.113113165
2016-02-19 00:00:00+00:00,9552540.113113165
2016-02-22 00:00:00+00:00,9552540.113113165
2016-02-23 00:00:00+00:00,9552540.113113165
2016-02-24 00:00:00+00:00,9552540.113113165
2016-02-25 00:00:00+00:00,9552540.113113165
2016-02-26 00:00:00+00:00,9552540.113113165
2016-02-29 00:00:00+00:00,9552540.113113165
2016-03-01 00:00:00+00:00,9552540.113113165
2016-03-02 00:00:00+00:00,9552540.113113165
2016-03-03 00:00:00+00:00,9552540.113113165
2016-03-04 00:00:00+00:00,9552540.113113165
2016-03-07 00:00:00+00:00,9552540.113113165
2016-03-08 00:00:00+00:00,9552540.113113165
2016-03-09 00:00:00+00:00,9552540.113113165
2016-03-10 00:00:00+00:00,9552540.113113165
2016-03-11 00:00:00+00:00,9552540.113113165
2016-03-14 00:00:00+00:00,9552540.113113165
2016-03-15 00:00:00+00:00,9552540.113113165
2016-03-16 00:00:00+00:00,9552540.113113165
2016-03-17 00:00:00+00:00,9552540.113113165
2016-03-18 00:00:00+00:00,9552540.113113165
2016-03-21 00:00:00+00:00,9552540.113113165
2016-03-22 00:00:00+00:00,9552540.113113165
2016-03-23 00:00:00+00:00,9552540.113113165
2016-03-24 00:00:00+00:00,9552540.113113165
2016-03-28 00:00:00+00:00,9552540.113113165
2016-03-29 00:00:00+00:00,9552540.113113165
2016-03-30 00:00:00+00:00,9552540.113113165
2016-03-31 00:00:00+00:00,9552540.113113165
2016-04-01 00:00:00+00:00,9552540.113113165
2016-04-04 00:00:00+00:00,9552540.113113165
2016-04-05 00:00:00+00:00,9552540.113113165
2016-04-06 00:00:00+00:00,9552540.113113165
2016-04-07 00:00:00+00:00,9552540.113113165
2016-04-08 00:00:00+00:00,9552540.113113165
2016-04-11 00:00:00+00:00,9552540.113113165
2016-04-12 00:00:00+00:00,9552540.113113165
2016-04-13 00:00:00+00:00,9552540.113113165
2016-04-14 00:00:00+00:00,9552540.113113165
2016-04-15 00:00:00+00:00,9552540.113113165
2016-04-18 00:00:00+00:00,9552540.113113165
2016-04-19 00:00:00+00:00,9552540.113113165
2016-04-20 00:00:00+00:00,9552540.113113165
2016-04-21 00:00:00+00:00,9552540.113113165
2016-04-22 00:00:00+00:00,9552540.113113165
2016-04-25 00:00:00+00:00,9552540.113113165
2016-04-26 00:00:00+00:00,9552540.113113165
2016-04-27 00:00:00+00:00,9552540.113113165
2016-04-28 00:00:00+00:00,9552540.113113165
2016-04-29 00:00:00+00:00,9552540.113113165
2016-05-02 00:00:00+00:00,9552540.113113165
2016-05-03 00:00:00+00:00,9552540.113113165
2016-05-04 00:00:00+00:00,9552540.113113165
2016-05-05 00:00:00+00:00,9552540.113113165
2016-05-06 00:00:00+00:00,9552540.113113165
2016-05-09 00:00:00+00:00,9552540.113113165
2016-05-10 00:00:00+00:00,9552540.113113165
2016-05-11 00:00:00+00:00,9552540.113113165
2016-05-12 00:00:00+00:00,9552540.113113165
2016-05-13 00:00:00+00:00,9552540.113113165
2016-05-16 00:00:00+00:00,9552540.113113165
2016-05-17 00:00:00+00:00,9552540.113113165
2016-05-18 00:00:00+00:00,9552540.113113165
2016-05-19 00:00:00+00:00,9552540.113113165
2016-05-20 00:00:00+00:00,9552540.113113165
2016-05-23 00:00:00+00:00,9552540.113113165
2016-05-24 00:00:00+00:00,9552540.113113165
2016-05-25 00:00:00+00:00,9552540.113113165
2016-05-26 00:00:00+00:00,9552540.113113165
2016-05-27 00:00:00+00:00,9552540.113113165
2016-05-30 00:00:00+00:00,9552540.113113165
2016-05-31 00:00:00+00:00,9552540.113113165
2016-06-01 00:00:00+00:00,9552540.113113165
2016-06-02 00:00:00+00:00,9552540.113113165
2016-06-03 00:00:00+00:00,9552540.113113165
2016-06-06 00:00:00+00:00,9552540.113113165
2016-06-07 00:00:00+00:00,9552540.113113165
2016-06-08 00:00:00+00:00,9552540.113113165
2016-06-09 00:00:00+00:00,9552540.113113165
2016-06-10 00:00:00+00:00,9552540.113113165
2016-06-13 00:00:00+00:00,9552540.113113165
2016-06-14 00:00:00+00:00,9552540.113113165
2016-06-15 00:00:00+00:00,9552540.113113165
2016-06-16 00:00:00+00:00,9552540.113113165
2016-06-17 00:00:00+00:00,9552540.113113165
2016-06-20 00:00:00+00:00,9552540.113113165
2016-06-21 00:00:00+00:00,9552540.113113165
2016-06-22 00:00:00+00:00,9552540.113113165
2016-06-23 00:00:00+00:00,9552540.113113165
2016-06-24 00:00:00+00:00,9552540.113113165
2016-06-27 00:00:00+00:00,9552540.113113165
2016-06-28 00:00:00+00:00,9552540.113113165
2016-06-29 00:00:00+00:00,9552540.113113165
2016-06-30 00:00:00+00:00,9552540.113113165
2016-07-01 00:00:00+00:00,9552540.113113165
2016-07-04 00:00:00+00:00,9552540.113113165
2016-07-05 00:00:00+00:00,9552540.113113165
2016-07-06 00:00:00+00:00,9552540.113113165
2016-07-07 00:00:00+00:00,9552540.113113165
2016-07-08 00:00:00+00:00,9552540.113113165
2016-07-11 00:00:00+00:00,9552540.113113165
2016-07-12 00:00:00+00:00,9552540.113113165
2016-07-13 00:00:00+00:00,9552540.113113165
2016-07-14 00:00:00+00:00,9552540.113113165
2016-07-15 00:00:00+00:00,9552540.113113165
2016-07-18 00:00:00+00:00,9552540.113113165
2016-07-19 00:00:00+00:00,9552540.113113165
2016-07-20 00:00:00+00:00,9552540.113113165
2016-07-21 00:00:00+00:00,9552540.113113165
2016-07-22 00:00:00+00:00,9552540.113113165
2016-07-25 00:00:00+00:00,9552540.113113165
2016-07-26 00:00:00+00:00,9552540.113113165
2016-07-27 00:00:00+00:00,9552540.113113165
2016-07-28 00:00:00+00:00,9552540.113113165
2016-07-29 00:00:00+00:00,9552540.113113165
2016-08-01 00:00:00+00:00,9552540.113113165
2016-08-02 00:00:00+00:00,9552540.113113165
2016-08-03 00:00:00+00:00,9552540.113113165
2016-08-04 00:00:00+00:00,9552540.113113165
2016-08-05 00:00:00+00:00,9552540.113113165
2016-08-08 00:00:00+00:00,9552540.113113165
2016-08-09 00:00:00+00:00,9552540.113113165
2016-08-10 00:00:00+00:00,9552540.113113165
2016-08-11 00:00:00+00:00,9552540.113113165
2016-08-12 00:00:00+00:00,9552540.113113165
2016-08-15 00:00:00+00:00,9552540.113113165
2016-08-16 00:00:00+00:00,9552540.113113165
2016-08-17 00:00:00+00:00,9552540.113113165
2016-08-18 00:00:00+00:00,9552540.113113165
2016-08-19 00:00:00+00:00,9552540.113113165
2016-08-22 00:00:00+00:00,9552540.113113165
2016-08-23 00:00:00+00:00,9552540.113113165
2016-08-24 00:00:00+00:00,9552540.113113165
2016-08-25 00:00:00+00:00,9552540.113113165
2016-08-26 00:00:00+00:00,9552540.113113165
2016-08-29 00:00:00+00:00,9552540.113113165
2016-08-30 00:00:00+00:00,9552540.113113165
2016-08-31 00:00:00+00:00,9552540.113113165
2016-09-01 00:00:00+00:00,9552540.113113165
2016-09-02 00:00:00+00:00,9552540.113113165
2016-09-06 00:00:00+00:00,9552540.113113165
2016-09-07 00:00:00+00:00,9552540.113113165
2016-09-08 00:00:00+00:00,9552540.113113165
2016-09-09 00:00:00+00:00,9552540.113113165
2016-09-12 00:00:00+00:00,9552540.113113165
2016-09-13 00:00:00+00:00,9552540.113113165
2016-09-14 00:00:00+00:00,9552540.113113165
2016-09-15 00:00:00+00:00,9552540.113113165
2016-09-16 00:00:00+00:00,9552540.113113165
2016-09-19 00:00:00+00:00,9552540.113113165
2016-09-20 00:00:00+00:00,9552540.113113165
2016-09-21 00:00:00+00:00,9552540.113113165
2016-09-22 00:00:00+00:00,9552540.113113165
2016-09-23 00:00:00+00:00,9552540.113113165
2016-09-26 00:00:00+00:00,9552540.113113165
2016-09-27 00:00:00+00:00,9552540.113113165
2016-09-28 00:00:00+00:00,9552540.113113165
2016-09-29 00:00:00+00:00,9552540.113113165
2016-09-30 00:00:00+00:00,9552540.113113165
2016-10-03 00:00:00+00:00,9552540.113113165
2016-10-04 00:00:00+00:00,9552540.113113165
2016-10-05 00:00:00+00:00,9552540.113113165
2016-10-06 00:00:00+00:00,9552540.113113165
2016-10-07 00:00:00+00:00,9552540.113113165
2016-10-10 00:00:00+00:00,9552540.113113165
2016-10-11 00:00:00+00:00,9552540.113113165
2016-10-12 00:00:00+00:00,9552540.113113165
2016-10-13 00:00:00+00:00,9552540.113113165
2016-10-14 00:00:00+00:00,9552540.113113165
2016-10-17 00:00:00+00:00,9552540.113113165
2016-10-18 00:00:00+00:00,9552540.113113165
2016-10-19 00:00:00+00:00,9552540.113113165
2016-10-20 00:00:00+00:00,9552540.113113165
2016-10-21 00:00:00+00:00,9552540.113113165
2016-10-24 00:00:00+00:00,9552540.113113165
2016-10-25 00:00:00+00:00,9552540.113113165
2016-10-26 00:00:00+00:00,9552540.113113165
2016-10-27 00:00:00+00:00,9552540.113113165
2016-10-28 00:00:00+00:00,9552540.113113165
2016-10-31 00:00:00+00:00,9552540.113113165
2016-11-01 00:00:00+00:00,9552540.113113165
2016-11-02 00:00:00+00:00,9552540.113113165
2016-11-03 00:00:00+00:00,9552540.113113165
2016-11-04 00:00:00+00:00,9552540.113113165
2016-11-07 00:00:00+00:00,9552540.113113165
2016-11-08 00:00:00+00:00,9552540.113113165
2016-11-09 00:00:00+00:00,9552540.113113165
2016-11-10 00:00:00+00:00,9552540.113113165
2016-11-11 00:00:00+00:00,9552540.113113165
2016-11-14 00:00:00+00:00,9552540.113113165
2016-11-15 00:00:00+00:00,9552540.113113165
2016-11-16 00:00:00+00:00,9552540.113113165
2016-11-17 00:00:00+00:00,9552540.113113165
2016-11-18 00:00:00+00:00,9552540.113113165
2016-11-21 00:00:00+00:00,9552540.113113165
2016-11-22 00:00:00+00:00,9552540.113113165
2016-11-23 00:00:00+00:00,9552540.113113165
2016-11-24 00:00:00+00:00,9552540.113113165
2016-11-25 00:00:00+00:00,9552540.113113165
2016-11-28 00:00:00+00:00,9552540.113113165
2016-11-29 00:00:00+00:00,9552540.113113165
2016-11-30 00:00:00+00:00,9552540.113113165
2016-12-01 00:00:00+00:00,9552540.113113165
2016-12-02 00:00:00+00:00,9552540.113113165
2016-12-05 00:00:00+00:00,9552540.113113165
2016-12-06 00:00:00+00:00,9552540.113113165
2016-12-07 00:00:00+00:00,9552540.113113165
2016-12-08 00:00:00+00:00,9552540.113113165
2016-12-09 00:00:00+00:00,9552540.113113165
2016-12-12 00:00:00+00:00,9552540.113113165
2016-12-13 00:00:00+00:00,9552540.113113165
2016-12-14 00:00:00+00:00,9552540.113113165
2016-12-15 00:00:00+00:00,9552540.113113165
2016-12-16 00:00:00+00:00,9552540.113113165
2016-12-19 00:00:00+00:00,9552540.113113165
2016-12-20 00:00:00+00:00,9552540.113113165
2016-12-21 00:00:00+00:00,9552540.113113165
2016-12-22 00:00:00+00:00,9552540.113113165
2016-12-23 00:00:00+00:00,9552540.113113165
2016-12-26 00:00:00+00:00,9552540.113113165
2016-12-27 00:00:00+00:00,9552540.113113165
2016-12-28 00:00:00+00:00,9552540.113113165
2016-12-29 00:00:00+00:00,9552540.113113165
2016-12-30 00:00:00+00:00,9552540.113113165
2017-01-02 00:00:00+00:00,9552540.113113165
2017-01-03 00:00:00+00:00,9552540.113113165
2017-01-04 00:00:00+00:00,9552540.113113165
2017-01-05 00:00:00+00:00,9552540.113113165
2017-01-06 00:00:00+00:00,9552540.113113165
2017-01-09 00:00:00+00:00,9552540.113113165
2017-01-10 00:00:00+00:00,9552540.113113165
2017-01-11 00:00:00+00:00,9552540.113113165
2017-01-12 00:00:00+00:00,9552540.113113165
2017-01-13 00:00:00+00:00,9552540.113113165
2017-01-16 00:00:00+00:00,9552540.113113165
2017-01-17 00:00:00+00:00,9552540.113113165
2017-01-18 00:00:00+00:00,9552540.113113165
2017-01-19 00:00:00+00:00,9552540.113113165
2017-01-20 00:00:00+00:00,9552540.113113165
2017-01-23 00:00:00+00:00,9552540.113113165
2017-01-24 00:00:00+00:00,9552540.113113165
2017-01-25 00:00:00+00:00,9552540.113113165
2017-01-26 00:00:00+00:00,9552540.113113165
2017-01-27 00:00:00+00:00,9552540.113113165
2017-01-30 00:00:00+00:00,9552540.113113165
2017-01-31 00:00:00+00:00,9552540.113113165
2017-02-01 00:00:00+00:00,9552540.113113165
2017-02-02 00:00:00+00:00,9552540.113113165
2017-02-03 00:00:00+00:00,9552540.113113165
2017-02-06 00:00:00+00:00,9552540.113113165
2017-02-07 00:00:00+00:00,9552540.113113165
2017-02-08 00:00:00+00:00,9552540.113113165
2017-02-09 00:00:00+00:00,9552540.113113165
2017-02-10 00:00:00+00:00,9552540.113113165
2017-02-13 00:00:00+00:00,9552540.113113165
2017-02-14 00:00:00+00:00,9552540.113113165
2017-02-15 00:00:00+00:00,9552540.113113165
2017-02-16 00:00:00+00:00,9552540.113113165
2017-02-17 00:00:00+00:00,9552540.113113165
2017-02-20 00:00:00+00:00,9552540.113113165
2017-02-21 00:00:00+00:00,9552540.113113165
2017-02-22 00:00:00+00:00,9552540.113113165
2017-02-23 00:00:00+00:00,9552540.113113165
2017-02-24 00:00:00+00:00,9552540.113113165
2017-02-27 00:00:00+00:00,9552540.113113165
2017-02-28 00:00:00+00:00,9552540.113113165
2017-03-01 00:00:00+00:00,9552540.113113165
2017-03-02 00:00:00+00:00,9552540.113113165
2017-03-03 00:00:00+00:00,9552540.113113165
2017-03-06 00:00:00+00:00,9552540.113113165
2017-03-07 00:00:00+00:00,9552540.113113165
2017-03-08 00:00:00+00:00,9552540.113113165
2017-03-09 00:00:00+00:00,9552540.113113165
2017-03-10 00:00:00+00:00,9552540.113113165
2017-03-13 00:00:00+00:00,9552540.113113165
2017-03-14 00:00:00+00:00,9552540.113113165
2017-03-15 00:00:00+00:00,9552540.113113165
2017-03-16 00:00:00+00:00,9552540.113113165
2017-03-17 00:00:00+00:00,9552540.113113165
2017-03-20 00:00:00+00:00,9552540.113113165
2017-03-21 00:00:00+00:00,9552540.113113165
2017-03-22 00:00:00+00:00,9552540.113113165
2017-03-23 00:00:00+00:00,9552540.113113165
2017-03-24 00:00:00+00:00,9552540.113113165
2017-03-27 00:00:00+00:00,9552540.113113165
2017-03-28 00:00:00+00:00,9552540.113113165
2017-03-29 00:00:00+00:00,9552540.113113165
2017-03-30 00:00:00+00:00,9552540.113113165
2017-03-31 00:00:00+00:00,9552540.113113165
2017-04-03 00:00:00+00:00,9552540.113113165
2017-04-04 00:00:00+00:00,9552540.113113165
2017-04-05 00:00:00+00:00,9552540.113113165
2017-04-06 00:00:00+00:00,9552540.113113165
2017-04-07 00:00:00+00:00,9552540.113113165
2017-04-10 00:00:00+00:00,9552540.113113165
2017-04-11 00:00:00+00:00,9552540.113113165
2017-04-12 00:00:00+00:00,9552540.113113165
2017-04-13 00:00:00+00:00,9552540.113113165
2017-04-17 00:00:00+00:00,9552540.113113165
2017-04-18 00:00:00+00:00,9552540.113113165
2017-04-19 00:00:00+00:00,9552540.113113165
2017-04-20 00:00:00+00:00,9552540.113113165
2017-04-21 00:00:00+00:00,9552540.113113165
2017-04-24 00:00:00+00:00,9552540.113113165
2017-04-25 00:00:00+00:00,9552540.113113165
2017-04-26 00:00:00+00:00,9552540.113113165
2017-04-27 00:00:00+00:00,9552540.113113165
2017-04-28 00:00:00+00:00,9552540.113113165
2017-05-01 00:00:00+00:00,9552540.113113165
2017-05-02 00:00:00+00:00,9552540.113113165
2017-05-03 00:00:00+00:00,9552540.113113165
2017-05-04 00:00:00+00:00,9552540.113113165
2017-05-05 00:00:00+00:00,9552540.113113165
2017-05-08 00:00:00+00:00,9552540.113113165
2017-05-09 00:00:00+00:00,9552540.113113165
2017-05-10 00:00:00+00:00,9552540.113113165
2017-05-11 00:00:00+00:00,9552540.113113165
2017-05-12 00:00:00+00:00,9552540.113113165
2017-05-15 00:00:00+00:00,9552540.113113165
2017-05-16 00:00:00+00:00,9552540.113113165
2017-05-17 00:00:00+00:00,9552540.113113165
2017-05-18 00:00:00+00:00,9552540.113113165
2017-05-19 00:00:00+00:00,9552540.113113165
2017-05-22 00:00:00+00:00,9552540.113113165
2017-05-23 00:00:00+00:00,9552540.113113165
2017-05-24 00:00:00+00:00,9552540.113113165
2017-05-25 00:00:00+00:00,9552540.113113165
2017-05-26 00:00:00+00:00,9552540.113113165
2017-05-29 00:00:00+00:00,9552540.113113165
2017-05-30 00:00:00+00:00,9552540.113113165
2017-05-31 00:00:00+00:00,9552540.113113165
2017-06-01 00:00:00+00:00,9552540.113113165
2017-06-02 00:00:00+00:00,9552540.113113165
2017-06-05 00:00:00+00:00,9552540.113113165
2017-06-06 00:00:00+00:00,9552540.113113165
2017-06-07 00:00:00+00:00,9552540.113113165
2017-06-08 00:00:00+00:00,9552540.113113165
2017-06-09 00:00:00+00:00,9552540.113113165
2017-06-12 00:00:00+00:00,9552540.113113165
2017-06-13 00:00:00+00:00,9552540.113113165
2017-06-14 00:00:00+00:00,9552540.113113165
2017-06-15 00:00:00+00:00,9552540.113113165
2017-06-16 00:00:00+00:00,9552540.113113165
2017-06-19 00:00:00+00:00,9552540.113113165
2017-06-20 00:00:00+00:00,9552540.113113165
2017-06-21 00:00:00+00:00,9552540.113113165
2017-06-22 00:00:00+00:00,9552540.113113165
2017-06-23 00:00:00+00:00,9552540.113113165
2017-06-26 00:00:00+00:00,9552540.113113165
2017-06-27 00:00:00+00:00,9552540.113113165
2017-06-28 00:00:00+00:00,9552540.113113165
2017-06-29 00:00:00+00:00,9552540.113113165
2017-06-30 00:00:00+00:00,9552540.113113165
2017-07-03 00:00:00+00:00,9552540.113113165
2017-07-04 00:00:00+00:00,9552540.113113165
2017-07-05 00:00:00+00:00,9552540.113113165
2017-07-06 00:00:00+00:00,9552540.113113165
2017-07-07 00:00:00+00:00,9552540.113113165
2017-07-10 00:00:00+00:00,9552540.113113165
2017-07-11 00:00:00+00:00,9552540.113113165
2017-07-12 00:00:00+00:00,9552540.113113165
2017-07-13 00:00:00+00:00,9552540.113113165
2017-07-14 00:00:00+00:00,9552540.113113165
2017-07-17 00:00:00+00:00,9552540.113113165
2017-07-18 00:00:00+00:00,9552540.113113165
2017-07-19 00:00:00+00:00,9552540.113113165
2017-07-20 00:00:00+00:00,9552540.113113165
2017-07-21 00:00:00+00:00,9552540.113113165
2017-07-24 00:00:00+00:00,9552540.113113165
2017-07-25 00:00:00+00:00,9552540.113113165
2017-07-26 00:00:00+00:00,9552540.113113165
2017-07-27 00:00:00+00:00,9552540.113113165
2017-07-28 00:00:00+00:00,9552540.113113165
2017-07-31 00:00:00+00:00,9552540.113113165
2017-08-01 00:00:00+00:00,9552540.113113165
2017-08-02 00:00:00+00:00,9552540.113113165
2017-08-03 00:00:00+00:00,9552540.113113165
2017-08-04 00:00:00+00:00,9552540.113113165
2017-08-07 00:00:00+00:00,9552540.113113165
2017-08-08 00:00:00+00:00,9552540.113113165
2017-08-09 00:00:00+00:00,9552540.113113165
2017-08-10 00:00:00+00:00,9552540.113113165
2017-08-11 00:00:00+00:00,9552540.113113165
2017-08-14 00:00:00+00:00,9552540.113113165
2017-08-15 00:00:00+00:00,9552540.113113165
2017-08-16 00:00:00+00:00,9552540.113113165
2017-08-17 00:00:00+00:00,9552540.113113165
2017-08-18 00:00:00+00:00,9552540.113113165
2017-08-21 00:00:00+00:00,9552540.113113165
2017-08-22 00:00:00+00:00,9552540.113113165
2017-08-23 00:00:00+00:00,9552540.113113165
2017-08-24 00:00:00+00:00,9552540.113113165
2017-08-25 00:00:00+00:00,9552540.113113165
2017-08-28 00:00:00+00:00,9552540.113113165
2017-08-29 00:00:00+00:00,9552540.113113165
2017-08-30 00:00:00+00:00,9552540.113113165
2017-08-31 00:00:00+00:00,9552540.113113165
2017-09-01 00:00:00+00:00,9552540.113113165
2017-09-04 00:00:00+00:00,9552540.113113165
2017-09-05 00:00:00+00:00,9552540.113113165
2017-09-06 00:00:00+00:00,9552540.113113165
2017-09-07 00:00:00+00:00,9552540.113113165
2017-09-08 00:00:00+00:00,9552540.113113165
2017-09-11 00:00:00+00:00,9552540.113113165
2017-09-12 00:00:00+00:00,9552540.113113165
2017-09-13 00:00:00+00:00,9552540.113113165
2017-09-14 00:00:00+00:00,9552540.113113165
2017-09-15 00:00:00+00:00,9552540.113113165
2017-09-18 00:00:00+00:00,9552540.113113165
2017-09-19 00:00:00+00:00,9552540.113113165
2017-09-20 00:00:00+00:00,9552540.113113165
2017-09-21 00:00:00+00:00,9552540.113113165
2017-09-22 00:00:00+00:00,9552540.113113165
2017-09-25 00:00:00+00:00,9552540.113113165
2017-09-26 00:00:00+00:00,9552540.113113165
2017-09-27 00:00:00+00:00,9552540.113113165
2017-09-28 00:00:00+00:00,9552540.113113165
2017-09-29 00:00:00+00:00,9552540.113113165
2017-10-02 00:00:00+00:00,9552540.113113165
2017-10-03 00:00:00+00:00,9552540.113113165
2017-10-04 00:00:00+00:00,9552540.113113165
2017-10-05 00:00:00+00:00,9552540.113113165
2017-10-06 00:00:00+00:00,9552540.113113165
2017-10-09 00:00:00+00:00,9552540.113113165
2017-10-10 00:00:00+00:00,9552540.113113165
2017-10-11 00:00:00+00:00,9552540.113113165
2017-10-12 00:00:00+00:00,9552540.113113165
2017-10-13 00:00:00+00:00,9552540.113113165
2017-10-16 00:00:00+00:00,9552540.113113165
2017-10-17 00:00:00+00:00,9552540.113113165
2017-10-18 00:00:00+00:00,9552540.113113165
2017-10-19 00:00:00+00:00,9552540.113113165
2017-10-20 00:00:00+00:00,9552540.113113165
2017-10-23 00:00:00+00:00,9552540.113113165
2017-10-24 00:00:00+00:00,9552540.113113165
2017-10-25 00:00:00+00:00,9552540.113113165
2017-10-26 00:00:00+00:00,9552540.113113165
2017-10-27 00:00:00+00:00,9552540.113113165
2017-10-30 00:00:00+00:00,9552540.113113165
2017-10-31 00:00:00+00:00,9552540.113113165
2017-11-01 00:00:00+00:00,9552540.113113165
2017-11-02 00:00:00+00:00,9552540.113113165
2017-11-03 00:00:00+00:00,9552540.113113165
2017-11-06 00:00:00+00:00,9552540.113113165
2017-11-07 00:00:00+00:00,9552540.113113165
2017-11-08 00:00:00+00:00,9552540.113113165
2017-11-09 00:00:00+00:00,9552540.113113165
2017-11-10 00:00:00+00:00,9552540.113113165
2017-11-13 00:00:00+00:00,9552540.113113165
2017-11-14 00:00:00+00:00,9552540.113113165
2017-11-15 00:00:00+00:00,9552540.113113165
2017-11-16 00:00:00+00:00,9552540.113113165
2017-11-17 00:00:00+00:00,9552540.113113165
2017-11-20 00:00:00+00:00,9552540.113113165
2017-11-21 00:00:00+00:00,9552540.113113165
2017-11-22 00:00:00+00:00,9552540.113113165
2017-11-23 00:00:00+00:00,9552540.113113165
2017-11-24 00:00:00+00:00,9552540.113113165
2017-11-27 00:00:00+00:00,9552540.113113165
2017-11-28 00:00:00+00:00,9552540.113113165
2017-11-29 00:00:00+00:00,9552540.113113165
2017-11-30 00:00:00+00:00,9552540.113113165
2017-12-01 00:00:00+00:00,9552540.113113165
2017-12-04 00:00:00+00:00,9552540.113113165
2017-12-05 00:00:00+00:00,9552540.113113165
2017-12-06 00:00:00+00:00,9552540.113113165
2017-12-07 00:00:00+00:00,9552540.113113165
2017-12-08 00:00:00+00:00,9552540.113113165
2017-12-11 00:00:00+00:00,9552540.113113165
2017-12-12 00:00:00+00:00,9552540.113113165
2017-12-13 00:00:00+00:00,9552540.113113165
2017-12-14 00:00:00+00:00,9552540.113113165
2017-12-15 00:00:00+00:00,9552540.113113165
2017-12-18 00:00:00+00:00,9552540.113113165
2017-12-19 00:00:00+00:00,9552540.113113165
2017-12-20 00:00:00+00:00,9552540.113113165
2017-12-21 00:00:00+00:00,9552540.113113165
2017-12-22 00:00:00+00:00,9552540.113113165
2017-12-26 00:00:00+00:00,9552540.113113165
2017-12-27 00:00:00+00:00,9552540.113113165
2017-12-28 00:00:00+00:00,9552540.113113165
2017-12-29 00:00:00+00:00,9552540.113113165
2018-01-01 00:00:00+00:00,9552540.113113165
2018-01-02 00:00:00+00:00,9552540.113113165
2018-01-03 00:00:00+00:00,9552540.113113165
2018-01-04 00:00:00+00:00,9552540.113113165
2018-01-05 00:00:00+00:00,9552540.113113165
2018-01-08 00:00:00+00:00,9552540.113113165
2018-01-09 00:00:00+00:00,9552540.113113165
2018-01-10 00:00:00+00:00,9552540.113113165
2018-01-11 00:00:00+00:00,9552540.113113165
2018-01-12 00:00:00+00:00,9552540.113113165
2018-01-15 00:00:00+00:00,9552540.113113165
2018-01-16 00:00:00+00:00,9552540.113113165
2018-01-17 00:00:00+00:00,9552540.113113165
2018-01-18 00:00:00+00:00,9552540.113113165
2018-01-19 00:00:00+00:00,9552540.113113165
2018-01-22 00:00:00+00:00,9552540.113113165
2018-01-23 00:00:00+00:00,9552540.113113165
2018-01-24 00:00:00+00:00,9552540.113113165
2018-01-25 00:00:00+00:00,9552540.113113165
2018-01-26 00:00:00+00:00,9552540.113113165
2018-01-29 00:00:00+00:00,9552540.113113165
2018-01-30 00:00:00+00:00,9552540.113113165
2018-01-31 00:00:00+00:00,9552540.113113165
2018-02-01 00:00:00+00:00,9552540.113113165
2018-02-02 00:00:00+00:00,9552540.113113165
2018-02-05 00:00:00+00:00,9552540.113113165
2018-02-06 00:00:00+00:00,9552540.113113165
2018-02-07 00:00:00+00:00,9552540.113113165
2018-02-08 00:00:00+00:00,9552540.113113165
2018-02-09 00:00:00+00:00,9552540.113113165
2018-02-12 00:00:00+00:00,9552540.113113165
2018-02-13 00:00:00+00:00,9552540.113113165
2018-02-14 00:00:00+00:00,9552540.113113165
2018-02-15 00:00:00+00:00,9552540.113113165
2018-02-16 00:00:00+00:00,9552540.113113165
2018-02-19 00:00:00+00:00,9552540.113113165
2018-02-20 00:00:00+00:00,9552540.113113165
2018-02-21 00:00:00+00:00,9552540.113113165
2018-02-22 00:00:00+00:00,9552540.113113165
2018-02-23 00:00:00+00:00,9552540.113113165
2018-02-26 00:00:00+00:00,9552540.113113165
2018-02-27 00:00:00+00:00,9552540.113113165
2018-02-28 00:00:00+00:00,9552540.113113165
2018-03-01 00:00:00+00:00,9552540.113113165
2018-03-02 00:00:00+00:00,9552540.113113165
2018-03-05 00:00:00+00:00,9552540.113113165
2018-03-06 00:00:00+00:00,9552540.113113165
2018-03-07 00:00:00+00:00,9552540.113113165
2018-03-08 00:00:00+00:00,9552540.113113165
2018-03-09 00:00:00+00:00,9552540.113113165
2018-03-12 00:00:00+00:00,9552540.113113165
2018-03-13 00:00:00+00:00,9552540.113113165
2018-03-14 00:00:00+00:00,9552540.113113165
2018-03-15 00:00:00+00:00,9552540.113113165
2018-03-16 00:00:00+00:00,9552540.113113165
2018-03-19 00:00:00+00:00,9552540.113113165
2018-03-20 00:00:00+00:00,9552540.113113165
2018-03-21 00:00:00+00:00,9552540.113113165
2018-03-22 00:00:00+00:00,9552540.113113165
2018-03-23 00:00:00+00:00,9552540.113113165
2018-03-26 00:00:00+00:00,9552540.113113165
2018-03-27 00:00:00+00:00,9552540.113113165
2018-03-28 00:00:00+00:00,9552540.113113165
2018-03-29 00:00:00+00:00,9552540.113113165
2018-04-02 00:00:00+00:00,9552540.113113165
2018-04-03 00:00:00+00:00,9552540.113113165
2018-04-04 00:00:00+00:00,9552540.113113165
2018-04-05 00:00:00+00:00,9552540.113113165
2018-04-06 00:00:00+00:00,9552540.113113165
2018-04-09 00:00:00+00:00,9552540.113113165
2018-04-10 00:00:00+00:00,9552540.113113165
2018-04-11 00:00:00+00:00,9552540.113113165
2018-04-12 00:00:00+00:00,9552540.113113165
2018-04-13 00:00:00+00:00,9552540.113113165
2018-04-16 00:00:00+00:00,9552540.113113165
2018-04-17 00:00:00+00:00,9552540.113113165
2018-04-18 00:00:00+00:00,9552540.113113165
2018-04-19 00:00:00+00:00,9552540.113113165
2018-04-20 00:00:00+00:00,9552540.113113165
2018-04-23 00:00:00+00:00,9552540.113113165
2018-04-24 00:00:00+00:00,9552540.113113165
2018-04-25 00:00:00+00:00,9552540.113113165
2018-04-26 00:00:00+00:00,9552540.113113165
2018-04-27 00:00:00+00:00,9552540.113113165
2018-04-30 00:00:00+00:00,9552540.113113165
2018-05-01 00:00:00+00:00,9552540.113113165
2018-05-02 00:00:00+00:00,9552540.113113165
2018-05-03 00:00:00+00:00,9552540.113113165
2018-05-04 00:00:00+00:00,9552540.113113165
2018-05-07 00:00:00+00:00,9552540.113113165
2018-05-08 00:00:00+00:00,9552540.113113165
2018-05-09 00:00:00+00:00,9552540.113113165
2018-05-10 00:00:00+00:00,9552540.113113165
2018-05-11 00:00:00+00:00,9552540.113113165
2018-05-14 00:00:00+00:00,9552540.113113165
2018-05-15 00:00:00+00:00,9552540.113113165
2018-05-16 00:00:00+00:00,9552540.113113165
2018-05-17 00:00:00+00:00,9552540.113113165
2018-05-18 00:00:00+00:00,9552540.113113165
2018-05-21 00:00:00+00:00,9552540.113113165
2018-05-22 00:00:00+00:00,9552540.113113165
2018-05-23 00:00:00+00:00,9552540.113113165
2018-05-24 00:00:00+00:00,9552540.113113165
2018-05-25 00:00:00+00:00,9552540.113113165
2018-05-28 00:00:00+00:00,9552540.113113165
2018-05-29 00:00:00+00:00,9552540.113113165
2018-05-30 00:00:00+00:00,9552540.113113165
2018-05-31 00:00:00+00:00,9552540.113113165
2018-06-01 00:00:00+00:00,9552540.113113165
2018-06-04 00:00:00+00:00,9552540.113113165
2018-06-05 00:00:00+00:00,9552540.113113165
2018-06-06 00:00:00+00:00,9552540.113113165
2018-06-07 00:00:00+00:00,9552540.113113165
2018-06-08 00:00:00+00:00,9552540.113113165
2018-06-11 00:00:00+00:00,9552540.113113165
2018-06-12 00:00:00+00:00,9552540.113113165
2018-06-13 00:00:00+00:00,9552540.113113165
2018-06-14 00:00:00+00:00,9552540.113113165
2018-06-15 00:00:00+00:00,9552540.113113165
2018-06-18 00:00:00+00:00,9552540.113113165
2018-06-19 00:00:00+00:00,9552540.113113165
2018-06-20 00:00:00+00:00,9552540.113113165
2018-06-21 00:00:00+00:00,9552540.113113165
2018-06-22 00:00:00+00:00,9552540.113113165
2018-06-25 00:00:00+00:00,9552540.113113165
2018-06-26 00:00:00+00:00,9552540.113113165
2018-06-27 00:00:00+00:00,9552540.113113165
2018-06-28 00:00:00+00:00,9552540.113113165
2018-06-29 00:00:00+00:00,9552540.113113165
2018-07-02 00:00:00+00:00,9552540.113113165
2018-07-03 00:00:00+00:00,9552540.113113165
2018-07-04 00:00:00+00:00,9552540.113113165
2018-07-05 00:00:00+00:00,9552540.113113165
2018-07-06 00:00:00+00:00,9552540.113113165
2018-07-09 00:00:00+00:00,9552540.113113165
2018-07-10 00:00:00+00:00,9552540.113113165
2018-07-11 00:00:00+00:00,9552540.113113165
2018-07-12 00:00:00+00:00,9552540.113113165
2018-07-13 00:00:00+00:00,9552540.113113165
2018-07-16 00:00:00+00:00,9552540.113113165
2018-07-17 00:00:00+00:00,9552540.113113165
2018-07-18 00:00:00+00:00,9552540.113113165
2018-07-19 00:00:00+00:00,9552540.113113165
2018-07-20 00:00:00+00:00,9552540.113113165
2018-07-23 00:00:00+00:00,9552540.113113165
2018-07-24 00:00:00+00:00,9552540.113113165
2018-07-25 00:00:00+00:00,9552540.113113165
2018-07-26 00:00:00+00:00,9552540.113113165
2018-07-27 00:00:00+00:00,9552540.113113165
2018-07-30 00:00:00+00:00,9552540.113113165
2018-07-31 00:00:00+00:00,9552540.113113165
2018-08-01 00:00:00+00:00,9552540.113113165
2018-08-02 00:00:00+00:00,9552540.113113165
2018-08-03 00:00:00+00:00,9552540.113113165
2018-08-06 00:00:00+00:00,9552540.113113165
2018-08-07 00:00:00+00:00,9552540.113113165
2018-08-08 00:00:00+00:00,9552540.113113165
2018-08-09 00:00:00+00:00,9552540.113113165
2018-08-10 00:00:00+00:00,9552540.113113165
2018-08-13 00:00:00+00:00,9552540.113113165
2018-08-14 00:00:00+00:00,9552540.113113165
2018-08-15 00:00:00+00:00,9552540.113113165
2018-08-16 00:00:00+00:00,9552540.113113165
2018-08-17 00:00:00+00:00,9552540.113113165
2018-08-20 00:00:00+00:00,9552540.113113165
2018-08-21 00:00:00+00:00,9552540.113113165
2018-08-22 00:00:00+00:00,9552540.113113165
2018-08-23 00:00:00+00:00,9552540.113113165
2018-08-24 00:00:00+00:00,9552540.113113165
2018-08-27 00:00:00+00:00,9552540.113113165
2018-08-28 00:00:00+00:00,9552540.113113165
2018-08-29 00:00:00+00:00,9552540.113113165
2018-08-30 00:00:00+00:00,9552540.113113165
2018-08-31 00:00:00+00:00,9552540.113113165
2018-09-03 00:00:00+00:00,9552540.113113165
2018-09-04 00:00:00+00:00,9552540.113113165
2018-09-05 00:00:00+00:00,9552540.113113165
2018-09-06 00:00:00+00:00,9552540.113113165
2018-09-07 00:00:00+00:00,9552540.113113165
2018-09-10 00:00:00+00:00,9552540.113113165
2018-09-11 00:00:00+00:00,9552540.113113165
2018-09-12 00:00:00+00:00,9552540.113113165
2018-09-13 00:00:00+00:00,9552540.113113165
2018-09-14 00:00:00+00:00,9552540.113113165
2018-09-17 00:00:00+00:00,9552540.113113165
2018-09-18 00:00:00+00:00,9552540.113113165
2018-09-19 00:00:00+00:00,9552540.113113165
2018-09-20 00:00:00+00:00,9552540.113113165
2018-09-21 00:00:00+00:00,9552540.113113165
2018-09-24 00:00:00+00:00,9552540.113113165
2018-09-25 00:00:00+00:00,9552540.113113165
2018-09-26 00:00:00+00:00,9552540.113113165
2018-09-27 00:00:00+00:00,9552540.113113165
2018-09-28 00:00:00+00:00,9552540.113113165
2018-10-01 00:00:00+00:00,9552540.113113165
2018-10-02 00:00:00+00:00,9552540.113113165
2018-10-03 00:00:00+00:00,9552540.113113165
2018-10-04 00:00:00+00:00,9552540.113113165
2018-10-05 00:00:00+00:00,9552540.113113165
2018-10-08 00:00:00+00:00,9552540.113113165
2018-10-09 00:00:00+00:00,9552540.113113165
2018-10-10 00:00:00+00:00,9552540.113113165
2018-10-11 00:00:00+00:00,9552540.113113165
2018-10-12 00:00:00+00:00,9552540.113113165
2018-10-15 00:00:00+00:00,9552540.113113165
2018-10-16 00:00:00+00:00,9552540.113113165
2018-10-17 00:00:00+00:00,9552540.113113165
2018-10-18 00:00:00+00:00,9552540.113113165
2018-10-19 00:00:00+00:00,9552540.113113165
2018-10-22 00:00:00+00:00,9552540.113113165
2018-10-23 00:00:00+00:00,9552540.113113165
2018-10-24 00:00:00+00:00,9552540.113113165
2018-10-25 00:00:00+00:00,9552540.113113165
2018-10-26 00:00:00+00:00,9552540.113113165
2018-10-29 00:00:00+00:00,9552540.113113165
2018-10-30 00:00:00+00:00,9552540.113113165
2018-10-31 00:00:00+00:00,9552540.113113165
2018-11-01 00:00:00+00:00,9552540.113113165
2018-11-02 00:00:00+00:00,9552540.113113165
2018-11-05 00:00:00+00:00,9552540.113113165
2018-11-06 00:00:00+00:00,9552540.113113165
2018-11-07 00:00:00+00:00,9552540.113113165
2018-11-08 00:00:00+00:00,9552540.113113165
2018-11-09 00:00:00+00:00,9552540.113113165
2018-11-12 00:00:00+00:00,9552540.113113165
2018-11-13 00:00:00+00:00,9552540.113113165
2018-11-14 00:00:00+00:00,9552540.113113165
2018-11-15 00:00:00+00:00,9552540.113113165
2018-11-16 00:00:00+00:00,9552540.113113165
2018-11-19 00:00:00+00:00,9552540.113113165
2018-11-20 00:00:00+00:00,9552540.113113165
2018-11-21 00:00:00+00:00,9552540.113113165
2018-11-22 00:00:00+00:00,9552540.113113165
2018-11-23 00:00:00+00:00,9552540.113113165
2018-11-26 00:00:00+00:00,9552540.113113165
2018-11-27 00:00:00+00:00,9552540.113113165
2018-11-28 00:00:00+00:00,9552540.113113165
2018-11-29 00:00:00+00:00,9552540.113113165
2018-11-30 00:00:00+00:00,9552540.113113165
2018-12-03 00:00:00+00:00,9552540.113113165
2018-12-04 00:00:00+00:00,9552540.113113165
2018-12-05 00:00:00+00:00,9552540.113113165
2018-12-06 00:00:00+00:00,9552540.113113165
2018-12-07 00:00:00+00:00,9552540.113113165
2018-12-10 00:00:00+00:00,9552540.113113165
2018-12-11 00:00:00+00:00,9552540.113113165
2018-12-12 00:00:00+00:00,9552540.113113165
2018-12-13 00:00:00+00:00,9552540.113113165
2018-12-14 00:00:00+00:00,9552540.113113165
2018-12-17 00:00:00+00:00,9552540.113113165
2018-12-18 00:00:00+00:00,9552540.113113165
2018-12-19 00:00:00+00:00,9552540.113113165
2018-12-20 00:00:00+00:00,9552540.113113165
2018-12-21 00:00:00+00:00,9552540.113113165
2018-12-24 00:00:00+00:00,9552540.113113165
2018-12-26 00:00:00+00:00,9552540.113113165
2018-12-27 00:00:00+00:00,9552540.113113165
2018-12-28 00:00:00+00:00,9552540.113113165
2018-12-31 00:00:00+00:00,9552540.113113165
2019-01-01 00:00:00+00:00,9552540.113113165
2019-01-02 00:00:00+00:00,9552540.113113165
2019-01-03 00:00:00+00:00,9552540.113113165
2019-01-04 00:00:00+00:00,9552540.113113165
2019-01-07 00:00:00+00:00,9552540.113113165
2019-01-08 00:00:00+00:00,9552540.113113165
2019-01-09 00:00:00+00:00,9552540.113113165
2019-01-10 00:00:00+00:00,9552540.113113165
2019-01-11 00:00:00+00:00,9552540.113113165
2019-01-14 00:00:00+00:00,9552540.113113165
2019-01-15 00:00:00+00:00,9552540.113113165
2019-01-16 00:00:00+00:00,9552540.113113165
2019-01-17 00:00:00+00:00,9552540.113113165
2019-01-18 00:00:00+00:00,9552540.113113165
2019-01-21 00:00:00+00:00,9552540.113113165
2019-01-22 00:00:00+00:00,9552540.113113165
2019-01-23 00:00:00+00:00,9552540.113113165
2019-01-24 00:00:00+00:00,9552540.113113165
2019-01-25 00:00:00+00:00,9552540.113113165
2019-01-28 00:00:00+00:00,9552540.113113165
2019-01-29 00:00:00+00:00,9552540.113113165
2019-01-30 00:00:00+00:00,9552540.113113165
2019-01-31 00:00:00+00:00,9552540.113113165
2019-02-01 00:00:00+00:00,9552540.113113165
2019-02-04 00:00:00+00:00,9552540.113113165
2019-02-05 00:00:00+00:00,9552540.113113165
2019-02-06 00:00:00+00:00,9552540.113113165
2019-02-07 00:00:00+00:00,9552540.113113165
2019-02-08 00:00:00+00:00,9552540.113113165
2019-02-11 00:00:00+00:00,9552540.113113165
2019-02-12 00:00:00+00:00,9552540.113113165
2019-02-13 00:00:00+00:00,9552540.113113165
2019-02-14 00:00:00+00:00,9552540.113113165
2019-02-15 00:00:00+00:00,9552540.113113165
2019-02-18 00:00:00+00:00,9552540.113113165
2019-02-19 00:00:00+00:00,9552540.113113165
2019-02-20 00:00:00+00:00,9552540.113113165
2019-02-21 00:00:00+00:00,9552540.113113165
2019-02-22 00:00:00+00:00,9552540.113113165
2019-02-25 00:00:00+00:00,9552540.113113165
2019-02-26 00:00:00+00:00,9552540.113113165
2019-02-27 00:00:00+00:00,9552540.113113165
2019-02-28 00:00:00+00:00,9552540.113113165
2019-03-01 00:00:00+00:00,9552540.113113165
2019-03-04 00:00:00+00:00,9552540.113113165
2019-03-05 00:00:00+00:00,9552540.113113165
2019-03-06 00:00:00+00:00,9552540.113113165
2019-03-07 00:00:00+00:00,9552540.113113165
2019-03-08 00:00:00+00:00,9552540.113113165
2019-03-11 00:00:00+00:00,9552540.113113165
2019-03-12 00:00:00+00:00,9552540.113113165
2019-03-13 00:00:00+00:00,9552540.113113165
2019-03-14 00:00:00+00:00,9552540.113113165
2019-03-15 00:00:00+00:00,9552540.113113165
2019-03-18 00:00:00+00:00,9552540.113113165
2019-03-19 00:00:00+00:00,9552540.113113165
2019-03-20 00:00:00+00:00,9552540.113113165
2019-03-21 00:00:00+00:00,9552540.113113165
2019-03-22 00:00:00+00:00,9552540.113113165
2019-03-25 00:00:00+00:00,9552540.113113165
2019-03-26 00:00:00+00:00,9552540.113113165
2019-03-27 00:00:00+00:00,9552540.113113165
2019-03-28 00:00:00+00:00,9552540.113113165
2019-03-29 00:00:00+00:00,9552540.113113165
2019-04-01 00:00:00+00:00,9552540.113113165
2019-04-02 00:00:00+00:00,9552540.113113165
2019-04-03 00:00:00+00:00,9552540.113113165
2019-04-04 00:00:00+00:00,9552540.113113165
2019-04-05 00:00:00+00:00,9552540.113113165
2019-04-08 00:00:00+00:00,9552540.113113165
2019-04-09 00:00:00+00:00,9552540.113113165
2019-04-10 00:00:00+00:00,9552540.113113165
2019-04-11 00:00:00+00:00,9552540.113113165
2019-04-12 00:00:00+00:00,9552540.113113165
2019-04-15 00:00:00+00:00,9552540.113113165
2019-04-16 00:00:00+00:00,9552540.113113165
2019-04-17 00:00:00+00:00,9552540.113113165
2019-04-18 00:00:00+00:00,9552540.113113165
2019-04-22 00:00:00+00:00,9552540.113113165
2019-04-23 00:00:00+00:00,9552540.113113165
2019-04-24 00:00:00+00:00,9552540.113113165
2019-04-25 00:00:00+00:00,9552540.113113165
2019-04-26 00:00:00+00:00,9552540.113113165
2019-04-29 00:00:00+00:00,9552540.113113165
2019-04-30 00:00:00+00:00,9552540.113113165
2019-05-01 00:00:00+00:00,9552540.113113165
2019-05-02 00:00:00+00:00,9552540.113113165
2019-05-03 00:00:00+00:00,9552540.113113165
2019-05-06 00:00:00+00:00,9552540.113113165
2019-05-07 00:00:00+00:00,9552540.113113165
2019-05-08 00:00:00+00:00,9552540.113113165
2019-05-09 00:00:00+00:00,9552540.113113165
2019-05-10 00:00:00+00:00,9552540.113113165
2019-05-13 00:00:00+00:00,9552540.113113165
2019-05-14 00:00:00+00:00,9552540.113113165
2019-05-15 00:00:00+00:00,9552540.113113165
2019-05-16 00:00:00+00:00,9552540.113113165
2019-05-17 00:00:00+00:00,9552540.113113165
2019-05-20 00:00:00+00:00,9552540.113113165
2019-05-21 00:00:00+00:00,9552540.113113165
2019-05-22 00:00:00+00:00,9552540.113113165
2019-05-23 00:00:00+00:00,9552540.113113165
2019-05-24 00:00:00+00:00,9552540.113113165
2019-05-27 00:00:00+00:00,9552540.113113165
2019-05-28 00:00:00+00:00,9552540.113113165
2019-05-29 00:00:00+00:00,9552540.113113165
2019-05-30 00:00:00+00:00,9552540.113113165
2019-05-31 00:00:00+00:00,9552540.113113165
2019-06-03 00:00:00+00:00,9552540.113113165
2019-06-04 00:00:00+00:00,9552540.113113165
2019-06-05 00:00:00+00:00,9552540.113113165
2019-06-06 00:00:00+00:00,9552540.113113165
2019-06-07 00:00:00+00:00,9552540.113113165
2019-06-10 00:00:00+00:00,9552540.113113165
2019-06-11 00:00:00+00:00,9552540.113113165
2019-06-12 00:00:00+00:00,9552540.113113165
2019-06-13 00:00:00+00:00,9552540.113113165
2019-06-14 00:00:00+00:00,9552540.113113165
2019-06-17 00:00:00+00:00,9552540.113113165
2019-06-18 00:00:00+00:00,9552540.113113165
2019-06-19 00:00:00+00:00,9552540.113113165
2019-06-20 00:00:00+00:00,9552540.113113165
2019-06-21 00:00:00+00:00,9552540.113113165
2019-06-24 00:00:00+00:00,9552540.113113165
2019-06-25 00:00:00+00:00,9552540.113113165
2019-06-26 00:00:00+00:00,9552540.113113165
2019-06-27 00:00:00+00:00,9552540.113113165
2019-06-28 00:00:00+00:00,9552540.113113165
2019-07-01 00:00:00+00:00,9552540.113113165
2019-07-02 00:00:00+00:00,9552540.113113165
2019-07-03 00:00:00+00:00,9552540.113113165
2019-07-04 00:00:00+00:00,9552540.113113165
2019-07-05 00:00:00+00:00,9552540.113113165
2019-07-08 00:00:00+00:00,9552540.113113165
2019-07-09 00:00:00+00:00,9552540.113113165
2019-07-10 00:00:00+00:00,9552540.113113165
2019-07-11 00:00:00+00:00,9552540.113113165
2019-07-12 00:00:00+00:00,9552540.113113165
2019-07-15 00:00:00+00:00,9552540.113113165
2019-07-16 00:00:00+00:00,9552540.113113165
2019-07-17 00:00:00+00:00,9552540.113113165
2019-07-18 00:00:00+00:00,9552540.113113165
2019-07-19 00:00:00+00:00,9552540.113113165
2019-07-22 00:00:00+00:00,9552540.113113165
2019-07-23 00:00:00+00:00,9552540.113113165
2019-07-24 00:00:00+00:00,9552540.113113165
2019-07-25 00:00:00+00:00,9552540.113113165
2019-07-26 00:00:00+00:00,9552540.113113165
2019-07-29 00:00:00+00:00,9552540.113113165
2019-07-30 00:00:00+00:00,9552540.113113165
2019-07-31 00:00:00+00:00,9552540.113113165
2019-08-01 00:00:00+00:00,9552540.113113165
2019-08-02 00:00:00+00:00,9552540.113113165
2019-08-05 00:00:00+00:00,9552540.113113165
2019-08-06 00:00:00+00:00,9552540.113113165
2019-08-07 00:00:00+00:00,9552540.113113165
2019-08-08 00:00:00+00:00,9552540.113113165
2019-08-09 00:00:00+00:00,9552540.113113165
2019-08-12 00:00:00+00:00,9552540.113113165
2019-08-13 00:00:00+00:00,9552540.113113165
2019-08-14 00:00:00+00:00,9552540.113113165
2019-08-15 00:00:00+00:00,9552540.113113165
2019-08-16 00:00:00+00:00,9552540.113113165
2019-08-19 00:00:00+00:00,9552540.113113165
2019-08-20 00:00:00+00:00,9552540.113113165
2019-08-21 00:00:00+00:00,9552540.113113165
2019-08-22 00:00:00+00:00,9552540.113113165
2019-08-23 00:00:00+00:00,9552540.113113165
2019-08-26 00:00:00+00:00,9552540.113113165
2019-08-27 00:00:00+00:00,9552540.113113165
2019-08-28 00:00:00+00:00,9552540.113113165
2019-08-29 00:00:00+00:00,9552540.113113165
2019-08-30 00:00:00+00:00,9552540.113113165
2019-09-03 00:00:00+00:00,9552540.113113165
2019-09-04 00:00:00+00:00,9552540.113113165
2019-09-05 00:00:00+00:00,9552540.113113165
2019-09-06 00:00:00+00:00,9552540.113113165
2019-09-09 00:00:00+00:00,9552540.113113165
2019-09-10 00:00:00+00:00,9552540.113113165
2019-09-11 00:00:00+00:00,9552540.113113165
2019-09-12 00:00:00+00:00,9552540.113113165
2019-09-13 00:00:00+00:00,9552540.113113165
2019-09-16 00:00:00+00:00,9552540.113113165
2019-09-17 00:00:00+00:00,9552540.113113165
2019-09-18 00:00:00+00:00,9552540.113113165
2019-09-19 00:00:00+00:00,9552540.113113165
2019-09-20 00:00:00+00:00,9552540.113113165
2019-09-23 00:00:00+00:00,9552540.113113165
2019-09-24 00:00:00+00:00,9552540.113113165
2019-09-25 00:00:00+00:00,9552540.113113165
2019-09-26 00:00:00+00:00,9552540.113113165
2019-09-27 00:00:00+00:00,9552540.113113165
2019-09-30 00:00:00+00:00,9552540.113113165
2019-10-01 00:00:00+00:00,9552540.113113165
2019-10-02 00:00:00+00:00,9552540.113113165
2019-10-03 00:00:00+00:00,9552540.113113165
2019-10-04 00:00:00+00:00,9552540.113113165
2019-10-07 00:00:00+00:00,9552540.113113165
2019-10-08 00:00:00+00:00,9552540.113113165
2019-10-09 00:00:00+00:00,9552540.113113165
2019-10-10 00:00:00+00:00,9552540.113113165
2019-10-11 00:00:00+00:00,9552540.113113165
2019-10-14 00:00:00+00:00,9552540.113113165
2019-10-15 00:00:00+00:00,9552540.113113165
2019-10-16 00:00:00+00:00,9552540.113113165
2019-10-17 00:00:00+00:00,9552540.113113165
2019-10-18 00:00:00+00:00,9552540.113113165
2019-10-21 00:00:00+00:00,9552540.113113165
2019-10-22 00:00:00+00:00,9552540.113113165
2019-10-23 00:00:00+00:00,9552540.113113165
2019-10-24 00:00:00+00:00,9552540.113113165
2019-10-25 00:00:00+00:00,9552540.113113165
2019-10-27 00:00:00+00:00,9552540.113113165
2019-10-28 00:00:00+00:00,9552540.113113165
2019-10-29 00:00:00+00:00,9552540.113113165
2019-10-30 00:00:00+00:00,9552540.113113165
2019-10-31 00:00:00+00:00,9552540.113113165
2019-11-01 00:00:00+00:00,9552540.113113165
2019-11-04 00:00:00+00:00,9552540.113113165
2019-11-05 00:00:00+00:00,9552540.113113165
2019-11-06 00:00:00+00:00,9552540.113113165
2019-11-07 00:00:00+00:00,9552540.113113165
2019-11-08 00:00:00+00:00,9552540.113113165
2019-11-11 00:00:00+00:00,9552540.113113165
2019-11-12 00:00:00+00:00,9552540.113113165
2019-11-13 00:00:00+00:00,9552540.113113165
2019-11-14 00:00:00+00:00,9552540.113113165
2019-11-15 00:00:00+00:00,9552540.113113165
2019-11-18 00:00:00+00:00,9552540.113113165
2019-11-19 00:00:00+00:00,9552540.113113165
2019-11-20 00:00:00+00:00,9552540.113113165
2019-11-21 00:00:00+00:00,9552540.113113165
2019-11-22 00:00:00+00:00,9552540.113113165
2019-11-25 00:00:00+00:00,9552540.113113165
2019-11-26 00:00:00+00:00,9552540.113113165
2019-11-27 00:00:00+00:00,9552540.113113165
2019-11-28 00:00:00+00:00,9552540.113113165
2019-11-29 00:00:00+00:00,9552540.113113165
2019-12-02 00:00:00+00:00,9552540.113113165
2019-12-03 00:00:00+00:00,9552540.113113165
2019-12-04 00:00:00+00:00,9552540.113113165
2019-12-05 00:00:00+00:00,9552540.113113165
2019-12-06 00:00:00+00:00,9552540.113113165
2019-12-09 00:00:00+00:00,9552540.113113165
2019-12-10 00:00:00+00:00,9552540.113113165
2019-12-11 00:00:00+00:00,9552540.113113165
2019-12-12 00:00:00+00:00,9552540.113113165
2019-12-13 00:00:00+00:00,9552540.113113165
2019-12-16 00:00:00+00:00,9552540.113113165
2019-12-17 00:00:00+00:00,9552540.113113165
2019-12-18 00:00:00+00:00,9552540.113113165
2019-12-19 00:00:00+00:00,9552540.113113165
2019-12-20 00:00:00+00:00,9552540.113113165
2019-12-23 00:00:00+00:00,9552540.113113165
2019-12-24 00:00:00+00:00,9552540.113113165
2019-12-26 00:00:00+00:00,9552540.113113165
2019-12-27 00:00:00+00:00,9552540.113113165
2019-12-30 00:00:00+00:00,9552540.113113165
2019-12-31 00:00:00+00:00,9552540.113113165
2020-01-01 00:00:00+00:00,9552540.113113165
2020-01-02 00:00:00+00:00,9552540.113113165
2020-01-03 00:00:00+00:00,9552540.113113165
2020-01-06 00:00:00+00:00,9552540.113113165
2020-01-07 00:00:00+00:00,9552540.113113165
2020-01-08 00:00:00+00:00,9552540.113113165
2020-01-09 00:00:00+00:00,9552540.113113165
2020-01-10 00:00:00+00:00,9552540.113113165
2020-01-13 00:00:00+00:00,9552540.113113165
2020-01-14 00:00:00+00:00,9552540.113113165
2020-01-15 00:00:00+00:00,9552540.113113165
2020-01-16 00:00:00+00:00,9552540.113113165
2020-01-17 00:00:00+00:00,9552540.113113165
2020-01-20 00:00:00+00:00,9552540.113113165
2020-01-21 00:00:00+00:00,9552540.113113165
2020-01-22 00:00:00+00:00,9552540.113113165
2020-01-23 00:00:00+00:00,9552540.113113165
2020-01-24 00:00:00+00:00,9552540.113113165
2020-01-27 00:00:00+00:00,9552540.113113165
2020-01-28 00:00:00+00:00,9552540.113113165
2020-01-29 00:00:00+00:00,9552540.113113165
2020-01-30 00:00:00+00:00,9552540.113113165
2020-01-31 00:00:00+00:00,9552540.113113165
2020-02-03 00:00:00+00:00,9552540.113113165
2020-02-04 00:00:00+00:00,9552540.113113165
2020-02-05 00:00:00+00:00,9552540.113113165
2020-02-06 00:00:00+00:00,9552540.113113165
2020-02-07 00:00:00+00:00,9552540.113113165
2020-02-10 00:00:00+00:00,9552540.113113165
2020-02-11 00:00:00+00:00,9552540.113113165
2020-02-12 00:00:00+00:00,9552540.113113165
2020-02-13 00:00:00+00:00,9552540.113113165
2020-02-14 00:00:00+00:00,9552540.113113165
2020-02-17 00:00:00+00:00,9552540.113113165
2020-02-18 00:00:00+00:00,9552540.113113165
2020-02-19 00:00:00+00:00,9552540.113113165
2020-02-20 00:00:00+00:00,9552540.113113165
2020-02-21 00:00:00+00:00,9552540.113113165
2020-02-24 00:00:00+00:00,9552540.113113165
2020-02-25 00:00:00+00:00,9552540.113113165
2020-02-26 00:00:00+00:00,9552540.113113165
2020-02-27 00:00:00+00:00,9552540.113113165
2020-02-28 00:00:00+00:00,9552540.113113165
2020-03-02 00:00:00+00:00,9552540.113113165
2020-03-03 00:00:00+00:00,9552540.113113165
2020-03-04 00:00:00+00:00,9552540.113113165
2020-03-05 00:00:00+00:00,9552540.113113165
2020-03-06 00:00:00+00:00,9552540.113113165
2020-03-09 00:00:00+00:00,9552540.113113165
2020-03-10 00:00:00+00:00,9552540.113113165
2020-03-11 00:00:00+00:00,9552540.113113165
2020-03-12 00:00:00+00:00,9552540.113113165
2020-03-13 00:00:00+00:00,9552540.113113165
2020-03-16 00:00:00+00:00,9552540.113113165
2020-03-17 00:00:00+00:00,9552540.113113165
2020-03-18 00:00:00+00:00,9552540.113113165
2020-03-19 00:00:00+00:00,9552540.113113165
2020-03-20 00:00:00+00:00,9552540.113113165
2020-03-23 00:00:00+00:00,9552540.113113165
2020-03-24 00:00:00+00:00,9552540.113113165
2020-03-25 00:00:00+00:00,9552540.113113165
2020-03-26 00:00:00+00:00,9552540.113113165
2020-03-27 00:00:00+00:00,9552540.113113165
2020-03-30 00:00:00+00:00,9552540.113113165
2020-03-31 00:00:00+00:00,9552540.113113165
2020-04-01 00:00:00+00:00,9552540.113113165
2020-04-02 00:00:00+00:00,9552540.113113165
2020-04-03 00:00:00+00:00,9552540.113113165
2020-04-06 00:00:00+00:00,9552540.113113165
2020-04-07 00:00:00+00:00,9552540.113113165
2020-04-08 00:00:00+00:00,9552540.113113165
2020-04-09 00:00:00+00:00,9552540.113113165
2020-04-13 00:00:00+00:00,9552540.113113165
2020-04-14 00:00:00+00:00,9552540.113113165
2020-04-15 00:00:00+00:00,9552540.113113165
2020-04-16 00:00:00+00:00,9552540.113113165
2020-04-17 00:00:00+00:00,9552540.113113165
2020-04-20 00:00:00+00:00,9552540.113113165
2020-04-21 00:00:00+00:00,9552540.113113165
2020-04-22 00:00:00+00:00,9552540.113113165
2020-04-23 00:00:00+00:00,9552540.113113165
2020-04-24 00:00:00+00:00,9552540.113113165
2020-04-27 00:00:00+00:00,9552540.113113165
2020-04-28 00:00:00+00:00,9552540.113113165
2020-04-29 00:00:00+00:00,9552540.113113165
2020-04-30 00:00:00+00:00,9552540.113113165
2020-05-01 00:00:00+00:00,9552540.113113165
2020-05-04 00:00:00+00:00,9552540.113113165
2020-05-05 00:00:00+00:00,9552540.113113165
2020-05-06 00:00:00+00:00,9552540.113113165
2020-05-07 00:00:00+00:00,9552540.113113165
2020-05-08 00:00:00+00:00,9552540.113113165
2020-05-11 00:00:00+00:00,9552540.113113165
2020-05-12 00:00:00+00:00,9552540.113113165
2020-05-13 00:00:00+00:00,9552540.113113165
2020-05-14 00:00:00+00:00,9552540.113113165
2020-05-15 00:00:00+00:00,9552540.113113165
2020-05-18 00:00:00+00:00,9552540.113113165
2020-05-19 00:00:00+00:00,9552540.113113165
2020-05-20 00:00:00+00:00,9552540.113113165
2020-05-21 00:00:00+00:00,9552540.113113165
2020-05-22 00:00:00+00:00,9552540.113113165
2020-05-26 00:00:00+00:00,9552540.113113165
2020-05-27 00:00:00+00:00,9552540.113113165
2020-05-28 00:00:00+00:00,9552540.113113165
2020-05-29 00:00:00+00:00,9552540.113113165
2020-06-01 00:00:00+00:00,9552540.113113165
2020-06-02 00:00:00+00:00,9552540.113113165
2020-06-03 00:00:00+00:00,9552540.113113165
2020-06-04 00:00:00+00:00,9552540.113113165
2020-06-05 00:00:00+00:00,9552540.113113165
2020-06-08 00:00:00+00:00,9552540.113113165
2020-06-09 00:00:00+00:00,9552540.113113165
2020-06-10 00:00:00+00:00,9552540.113113165
2020-06-11 00:00:00+00:00,9552540.113113165
2020-06-12 00:00:00+00:00,9552540.113113165
2020-06-15 00:00:00+00:00,9552540.113113165
2020-06-16 00:00:00+00:00,9552540.113113165
2020-06-17 00:00:00+00:00,9552540.113113165
2020-06-18 00:00:00+00:00,9552540.113113165
2020-06-19 00:00:00+00:00,9552540.113113165
2020-06-22 00:00:00+00:00,9552540.113113165
2020-06-23 00:00:00+00:00,9552540.113113165
2020-06-24 00:00:00+00:00,9552540.113113165
2020-06-25 00:00:00+00:00,9552540.113113165
2020-06-26 00:00:00+00:00,9552540.113113165
2020-06-29 00:00:00+00:00,9552540.113113165
2020-06-30 00:00:00+00:00,9552540.113113165
2020-07-01 00:00:00+00:00,9552540.113113165
2020-07-02 00:00:00+00:00,9552540.113113165
2020-07-03 00:00:00+00:00,9552540.113113165
2020-07-06 00:00:00+00:00,9552540.113113165
2020-07-07 00:00:00+00:00,9552540.113113165
2020-07-08 00:00:00+00:00,9552540.113113165
2020-07-09 00:00:00+00:00,9552540.113113165
2020-07-10 00:00:00+00:00,9552540.113113165
2020-07-13 00:00:00+00:00,9552540.113113165
2020-07-14 00:00:00+00:00,9552540.113113165
2020-07-15 00:00:00+00:00,9552540.113113165
2020-07-16 00:00:00+00:00,9552540.113113165
2020-07-17 00:00:00+00:00,9552540.113113165
2020-07-20 00:00:00+00:00,9552540.113113165
2020-07-21 00:00:00+00:00,9552540.113113165
2020-07-22 00:00:00+00:00,9552540.113113165
2020-07-23 00:00:00+00:00,9552540.113113165
2020-07-24 00:00:00+00:00,9552540.113113165
2020-07-27 00:00:00+00:00,9552540.113113165
2020-07-28 00:00:00+00:00,9552540.113113165
2020-07-29 00:00:00+00:00,9552540.113113165
2020-07-30 00:00:00+00:00,9552540.113113165
2020-07-31 00:00:00+00:00,9552540.113113165
2020-08-03 00:00:00+00:00,9552540.113113165
2020-08-04 00:00:00+00:00,9552540.113113165
2020-08-05 00:00:00+00:00,9552540.113113165
2020-08-06 00:00:00+00:00,9552540.113113165
2020-08-07 00:00:00+00:00,9552540.113113165
2020-08-10 00:00:00+00:00,9552540.113113165
2020-08-11 00:00:00+00:00,9552540.113113165
2020-08-12 00:00:00+00:00,9552540.113113165
2020-08-13 00:00:00+00:00,9552540.113113165
2020-08-14 00:00:00+00:00,9552540.113113165
2020-08-17 00:00:00+00:00,9552540.113113165
2020-08-18 00:00:00+00:00,9552540.113113165
2020-08-19 00:00:00+00:00,9552540.113113165
2020-08-20 00:00:00+00:00,9552540.113113165
2020-08-21 00:00:00+00:00,9552540.113113165
2020-08-24 00:00:00+00:00,9552540.113113165
2020-08-25 00:00:00+00:00,9552540.113113165
2020-08-26 00:00:00+00:00,9552540.113113165
2020-08-27 00:00:00+00:00,9552540.113113165
2020-08-28 00:00:00+00:00,9552540.113113165
2020-08-31 00:00:00+00:00,9552540.113113165
2020-09-01 00:00:00+00:00,9552540.113113165
2020-09-02 00:00:00+00:00,9552540.113113165
2020-09-03 00:00:00+00:00,9552540.113113165
2020-09-04 00:00:00+00:00,9552540.113113165
2020-09-07 00:00:00+00:00,9552540.113113165
2020-09-08 00:00:00+00:00,9552540.113113165
2020-09-09 00:00:00+00:00,9552540.113113165
2020-09-10 00:00:00+00:00,9552540.113113165
2020-09-11 00:00:00+00:00,9552540.113113165
2020-09-14 00:00:00+00:00,9552540.113113165
2020-09-15 00:00:00+00:00,9552540.113113165
2020-09-16 00:00:00+00:00,9552540.113113165
2020-09-17 00:00:00+00:00,9552540.113113165
2020-09-18 00:00:00+00:00,9552540.113113165
2020-09-21 00:00:00+00:00,9552540.113113165
2020-09-22 00:00:00+00:00,9552540.113113165
2020-09-23 00:00:00+00:00,9552540.113113165
2020-09-24 00:00:00+00:00,9552540.113113165
2020-09-25 00:00:00+00:00,9552540.113113165
2020-09-28 00:00:00+00:00,9552540.113113165
2020-09-29 00:00:00+00:00,9552540.113113165
2020-09-30 00:00:00+00:00,9552540.113113165
2020-10-01 00:00:00+00:00,9552540.113113165
2020-10-02 00:00:00+00:00,9552540.113113165
2020-10-05 00:00:00+00:00,9552540.113113165
2020-10-06 00:00:00+00:00,9552540.113113165
2020-10-07 00:00:00+00:00,9552540.113113165
2020-10-08 00:00:00+00:00,9552540.113113165
2020-10-09 00:00:00+00:00,9552540.113113165
2020-10-12 00:00:00+00:00,9552540.113113165
2020-10-13 00:00:00+00:00,9552540.113113165
2020-10-14 00:00:00+00:00,9552540.113113165
2020-10-15 00:00:00+00:00,9552540.113113165
2020-10-16 00:00:00+00:00,9552540.113113165
2020-10-19 00:00:00+00:00,9552540.113113165
2020-10-20 00:00:00+00:00,9552540.113113165
2020-10-21 00:00:00+00:00,9552540.113113165
2020-10-22 00:00:00+00:00,9552540.113113165
2020-10-23 00:00:00+00:00,9552540.113113165
2020-10-26 00:00:00+00:00,9552540.113113165
2020-10-27 00:00:00+00:00,9552540.113113165
2020-10-28 00:00:00+00:00,9552540.113113165
2020-10-29 00:00:00+00:00,9552540.113113165
2020-10-30 00:00:00+00:00,9552540.113113165
2020-11-02 00:00:00+00:00,9552540.113113165
2020-11-03 00:00:00+00:00,9552540.113113165
2020-11-04 00:00:00+00:00,9552540.113113165
2020-11-05 00:00:00+00:00,9552540.113113165
2020-11-06 00:00:00+00:00,9552540.113113165
2020-11-09 00:00:00+00:00,9552540.113113165
2020-11-10 00:00:00+00:00,9552540.113113165
2020-11-11 00:00:00+00:00,9552540.113113165
2020-11-12 00:00:00+00:00,9552540.113113165
2020-11-13 00:00:00+00:00,9552540.113113165
2020-11-14 00:00:00+00:00,9552540.113113165
2020-11-16 00:00:00+00:00,9552540.113113165
2020-11-17 00:00:00+00:00,9552540.113113165
2020-11-18 00:00:00+00:00,9552540.113113165
2020-11-19 00:00:00+00:00,9552540.113113165
2020-11-20 00:00:00+00:00,9552540.113113165
2020-11-23 00:00:00+00:00,9552540.113113165
2020-11-24 00:00:00+00:00,9552540.113113165
2020-11-25 00:00:00+00:00,9552540.113113165
2020-11-26 00:00:00+00:00,9552540.113113165
2020-11-27 00:00:00+00:00,9552540.113113165
2020-11-30 00:00:00+00:00,9552540.113113165
2020-12-01 00:00:00+00:00,9552540.113113165
2020-12-02 00:00:00+00:00,9552540.113113165
2020-12-03 00:00:00+00:00,9552540.113113165
2020-12-04 00:00:00+00:00,9552540.113113165
2020-12-07 00:00:00+00:00,9552540.113113165
2020-12-08 00:00:00+00:00,9552540.113113165
2020-12-09 00:00:00+00:00,9552540.113113165
2020-12-10 00:00:00+00:00,9552540.113113165
2020-12-11 00:00:00+00:00,9552540.113113165
2020-12-14 00:00:00+00:00,9552540.113113165
2020-12-15 00:00:00+00:00,9552540.113113165
2020-12-16 00:00:00+00:00,9552540.113113165
2020-12-17 00:00:00+00:00,9552540.113113165
2020-12-18 00:00:00+00:00,9552540.113113165
2020-12-21 00:00:00+00:00,9552540.113113165
2020-12-22 00:00:00+00:00,9552540.113113165
2020-12-23 00:00:00+00:00,9552540.113113165
2020-12-24 00:00:00+00:00,9552540.113113165
2020-12-28 00:00:00+00:00,9552540.113113165
2020-12-29 00:00:00+00:00,9552540.113113165
2020-12-30 00:00:00+00:00,9552540.113113165
2020-12-31 00:00:00+00:00,9552540.113113165
2021-01-01 00:00:00+00:00,9552540.113113165
2021-01-04 00:00:00+00:00,9552540.113113165
2021-01-05 00:00:00+00:00,9552540.113113165
2021-01-06 00:00:00+00:00,9552540.113113165
2021-01-07 00:00:00+00:00,9552540.113113165
2021-01-08 00:00:00+00:00,9552540.113113165
2021-01-11 00:00:00+00:00,9552540.113113165
2021-01-12 00:00:00+00:00,9552540.113113165
2021-01-13 00:00:00+00:00,9552540.113113165
2021-01-14 00:00:00+00:00,9552540.113113165
2021-01-15 00:00:00+00:00,9552540.113113165
2021-01-18 00:00:00+00:00,9552540.113113165
2021-01-19 00:00:00+00:00,9552540.113113165
2021-01-20 00:00:00+00:00,9552540.113113165
2021-01-21 00:00:00+00:00,9552540.113113165
2021-01-22 00:00:00+00:00,9552540.113113165
2021-01-25 00:00:00+00:00,9552540.113113165
2021-01-26 00:00:00+00:00,9552540.113113165
2021-01-27 00:00:00+00:00,9552540.113113165
2021-01-28 00:00:00+00:00,9552540.113113165
2021-01-29 00:00:00+00:00,9552540.113113165
2021-02-01 00:00:00+00:00,9552540.113113165
2021-02-02 00:00:00+00:00,9552540.113113165
2021-02-03 00:00:00+00:00,9552540.113113165
2021-02-04 00:00:00+00:00,9552540.113113165
2021-02-05 00:00:00+00:00,9552540.113113165
2021-02-08 00:00:00+00:00,9552540.113113165
2021-02-09 00:00:00+00:00,9552540.113113165
2021-02-10 00:00:00+00:00,9552540.113113165
2021-02-11 00:00:00+00:00,9552540.113113165
2021-02-12 00:00:00+00:00,9552540.113113165
2021-02-15 00:00:00+00:00,9552540.113113165
2021-02-16 00:00:00+00:00,9552540.113113165
2021-02-17 00:00:00+00:00,9552540.113113165
2021-02-18 00:00:00+00:00,9552540.113113165
2021-02-19 00:00:00+00:00,9552540.113113165
2021-02-22 00:00:00+00:00,9552540.113113165
2021-02-23 00:00:00+00:00,9552540.113113165
2021-02-24 00:00:00+00:00,9552540.113113165
2021-02-25 00:00:00+00:00,9552540.113113165
2021-02-26 00:00:00+00:00,9552540.113113165
2021-03-01 00:00:00+00:00,9552540.113113165
2021-03-02 00:00:00+00:00,9552540.113113165
2021-03-03 00:00:00+00:00,9552540.113113165
2021-03-04 00:00:00+00:00,9552540.113113165
2021-03-05 00:00:00+00:00,9552540.113113165
2021-03-08 00:00:00+00:00,9552540.113113165
2021-03-09 00:00:00+00:00,9552540.113113165
2021-03-10 00:00:00+00:00,9552540.113113165
2021-03-11 00:00:00+00:00,9552540.113113165
2021-03-12 00:00:00+00:00,9552540.113113165
2021-03-15 00:00:00+00:00,9552540.113113165
2021-03-16 00:00:00+00:00,9552540.113113165
2021-03-17 00:00:00+00:00,9552540.113113165
2021-03-18 00:00:00+00:00,9552540.113113165
2021-03-19 00:00:00+00:00,9552540.113113165
2021-03-22 00:00:00+00:00,9552540.113113165
2021-03-23 00:00:00+00:00,9552540.113113165
2021-03-24 00:00:00+00:00,9552540.113113165
2021-03-25 00:00:00+00:00,9552540.113113165
2021-03-26 00:00:00+00:00,9552540.113113165
2021-03-29 00:00:00+00:00,9552540.113113165
2021-03-30 00:00:00+00:00,9552540.113113165
2021-03-31 00:00:00+00:00,9552540.113113165
2021-04-01 00:00:00+00:00,9552540.113113165
2021-04-05 00:00:00+00:00,9552540.113113165
2021-04-06 00:00:00+00:00,9552540.113113165
2021-04-07 00:00:00+00:00,9552540.113113165
2021-04-08 00:00:00+00:00,9552540.113113165
2021-04-09 00:00:00+00:00,9552540.113113165
2021-04-12 00:00:00+00:00,9552540.113113165
2021-04-13 00:00:00+00:00,9552540.113113165
2021-04-14 00:00:00+00:00,9552540.113113165
2021-04-15 00:00:00+00:00,9552540.113113165
2021-04-16 00:00:00+00:00,9552540.113113165
2021-04-19 00:00:00+00:00,9552540.113113165
2021-04-20 00:00:00+00:00,9552540.113113165
2021-04-21 00:00:00+00:00,9552540.113113165
2021-04-22 00:00:00+00:00,9552540.113113165
2021-04-23 00:00:00+00:00,9552540.113113165
2021-04-26 00:00:00+00:00,9552540.113113165
2021-04-27 00:00:00+00:00,9552540.113113165
2021-04-28 00:00:00+00:00,9552540.113113165
2021-04-29 00:00:00+00:00,9552540.113113165
2021-04-30 00:00:00+00:00,9552540.113113165
2021-05-03 00:00:00+00:00,9552540.113113165
2021-05-04 00:00:00+00:00,9552540.113113165
2021-05-05 00:00:00+00:00,9552540.113113165
2021-05-06 00:00:00+00:00,9552540.113113165
2021-05-07 00:00:00+00:00,9552540.113113165
2021-05-10 00:00:00+00:00,9552540.113113165
2021-05-11 00:00:00+00:00,9552540.113113165
2021-05-12 00:00:00+00:00,9552540.113113165
2021-05-13 00:00:00+00:00,9552540.113113165
2021-05-14 00:00:00+00:00,9552540.113113165
2021-05-17 00:00:00+00:00,9552540.113113165
2021-05-18 00:00:00+00:00,9552540.113113165
2021-05-19 00:00:00+00:00,9552540.113113165
2021-05-20 00:00:00+00:00,9552540.113113165
2021-05-21 00:00:00+00:00,9552540.113113165
2021-05-24 00:00:00+00:00,9552540.113113165
2021-05-25 00:00:00+00:00,9552540.113113165
2021-05-26 00:00:00+00:00,9552540.113113165
2021-05-27 00:00:00+00:00,9552540.113113165
2021-05-28 00:00:00+00:00,9552540.113113165
2021-05-31 00:00:00+00:00,9552540.113113165
2021-06-01 00:00:00+00:00,9552540.113113165
2021-06-02 00:00:00+00:00,9552540.113113165
2021-06-03 00:00:00+00:00,9552540.113113165
2021-06-04 00:00:00+00:00,9552540.113113165
2021-06-07 00:00:00+00:00,9552540.113113165
2021-06-08 00:00:00+00:00,9552540.113113165
2021-06-09 00:00:00+00:00,9552540.113113165
2021-06-10 00:00:00+00:00,9552540.113113165
2021-06-11 00:00:00+00:00,9552540.113113165
2021-06-14 00:00:00+00:00,9552540.113113165
2021-06-15 00:00:00+00:00,9552540.113113165
2021-06-16 00:00:00+00:00,9552540.113113165
2021-06-17 00:00:00+00:00,9552540.113113165
2021-06-18 00:00:00+00:00,9552540.113113165
2021-06-21 00:00:00+00:00,9552540.113113165
2021-06-22 00:00:00+00:00,9552540.113113165
2021-06-23 00:00:00+00:00,9552540.113113165
2021-06-24 00:00:00+00:00,9552540.113113165
2021-06-25 00:00:00+00:00,9552540.113113165
2021-06-28 00:00:00+00:00,9552540.113113165
2021-06-29 00:00:00+00:00,9552540.113113165
2021-06-30 00:00:00+00:00,9552540.113113165
2021-07-01 00:00:00+00:00,9552540.113113165
2021-07-02 00:00:00+00:00,9552540.113113165
2021-07-05 00:00:00+00:00,9552540.113113165
2021-07-06 00:00:00+00:00,9552540.113113165
2021-07-07 00:00:00+00:00,9552540.113113165
2021-07-08 00:00:00+00:00,9552540.113113165
2021-07-09 00:00:00+00:00,9552540.113113165
2021-07-12 00:00:00+00:00,9552540.113113165
2021-07-13 00:00:00+00:00,9552540.113113165
2021-07-14 00:00:00+00:00,9552540.113113165
2021-07-15 00:00:00+00:00,9552540.113113165
2021-07-16 00:00:00+00:00,9552540.113113165
2021-07-19 00:00:00+00:00,9552540.113113165
2021-07-20 00:00:00+00:00,9552540.113113165
2021-07-21 00:00:00+00:00,9552540.113113165
2021-07-22 00:00:00+00:00,9552540.113113165
2021-07-23 00:00:00+00:00,9552540.113113165
2021-07-26 00:00:00+00:00,9552540.113113165
2021-07-27 00:00:00+00:00,9552540.113113165
2021-07-28 00:00:00+00:00,9552540.113113165
2021-07-29 00:00:00+00:00,9552540.113113165
2021-07-30 00:00:00+00:00,9552540.113113165
2021-08-02 00:00:00+00:00,9552540.113113165
2021-08-03 00:00:00+00:00,9552540.113113165
2021-08-04 00:00:00+00:00,9552540.113113165
2021-08-05 00:00:00+00:00,9552540.113113165
2021-08-06 00:00:00+00:00,9552540.113113165
2021-08-09 00:00:00+00:00,9552540.113113165
2021-08-10 00:00:00+00:00,9552540.113113165
2021-08-11 00:00:00+00:00,9552540.113113165
2021-08-12 00:00:00+00:00,9552540.113113165
2021-08-13 00:00:00+00:00,9552540.113113165
2021-08-16 00:00:00+00:00,9552540.113113165
2021-08-17 00:00:00+00:00,9552540.113113165
2021-08-18 00:00:00+00:00,9552540.113113165
2021-08-19 00:00:00+00:00,9552540.113113165
2021-08-20 00:00:00+00:00,9552540.113113165
2021-08-23 00:00:00+00:00,9552540.113113165
2021-08-24 00:00:00+00:00,9552540.113113165
2021-08-25 00:00:00+00:00,9552540.113113165
2021-08-26 00:00:00+00:00,9552540.113113165
2021-08-27 00:00:00+00:00,9552540.113113165
2021-08-30 00:00:00+00:00,9552540.113113165
2021-08-31 00:00:00+00:00,9552540.113113165
2021-09-01 00:00:00+00:00,9552540.113113165
2021-09-02 00:00:00+00:00,9552540.113113165
2021-09-03 00:00:00+00:00,9552540.113113165
2021-09-06 00:00:00+00:00,9552540.113113165
2021-09-07 00:00:00+00:00,9552540.113113165
2021-09-08 00:00:00+00:00,9552540.113113165
2021-09-09 00:00:00+00:00,9552540.113113165
2021-09-10 00:00:00+00:00,9552540.113113165
2021-09-13 00:00:00+00:00,9552540.113113165
2021-09-14 00:00:00+00:00,9552540.113113165
2021-09-15 00:00:00+00:00,9552540.113113165
2021-09-16 00:00:00+00:00,9552540.113113165
2021-09-17 00:00:00+00:00,9552540.113113165
2021-09-20 00:00:00+00:00,9552540.113113165
2021-09-21 00:00:00+00:00,9552540.113113165
2021-09-22 00:00:00+00:00,9552540.113113165
2021-09-23 00:00:00+00:00,9552540.113113165
2021-09-24 00:00:00+00:00,9552540.113113165
2021-09-27 00:00:00+00:00,9552540.113113165
2021-09-28 00:00:00+00:00,9552540.113113165
2021-09-29 00:00:00+00:00,9552540.113113165
2021-09-30 00:00:00+00:00,9552540.113113165
2021-10-01 00:00:00+00:00,9552540.113113165
2021-10-04 00:00:00+00:00,9552540.113113165
2021-10-05 00:00:00+00:00,9552540.113113165
2021-10-06 00:00:00+00:00,9552540.113113165
2021-10-07 00:00:00+00:00,9552540.113113165
2021-10-08 00:00:00+00:00,9552540.113113165
2021-10-11 00:00:00+00:00,9552540.113113165
2021-10-12 00:00:00+00:00,9552540.113113165
2021-10-13 00:00:00+00:00,9552540.113113165
2021-10-14 00:00:00+00:00,9552540.113113165
2021-10-15 00:00:00+00:00,9552540.113113165
2021-10-18 00:00:00+00:00,9552540.113113165
2021-10-19 00:00:00+00:00,9552540.113113165
2021-10-20 00:00:00+00:00,9552540.113113165
2021-10-21 00:00:00+00:00,9552540.113113165
2021-10-22 00:00:00+00:00,9552540.113113165
2021-10-25 00:00:00+00:00,9552540.113113165
2021-10-26 00:00:00+00:00,9552540.113113165
2021-10-27 00:00:00+00:00,9552540.113113165
2021-10-28 00:00:00+00:00,9552540.113113165
2021-10-29 00:00:00+00:00,9552540.113113165
2021-11-01 00:00:00+00:00,9552540.113113165
2021-11-02 00:00:00+00:00,9552540.113113165
2021-11-03 00:00:00+00:00,9552540.113113165
2021-11-04 00:00:00+00:00,9552540.113113165
2021-11-05 00:00:00+00:00,9552540.113113165
2021-11-08 00:00:00+00:00,9552540.113113165
2021-11-09 00:00:00+00:00,9552540.113113165
2021-11-10 00:00:00+00:00,9552540.113113165
2021-11-11 00:00:00+00:00,9552540.113113165
2021-11-12 00:00:00+00:00,9552540.113113165
2021-11-15 00:00:00+00:00,9552540.113113165
2021-11-16 00:00:00+00:00,9552540.113113165
2021-11-17 00:00:00+00:00,9552540.113113165
2021-11-18 00:00:00+00:00,9552540.113113165
2021-11-19 00:00:00+00:00,9552540.113113165
2021-11-22 00:00:00+00:00,9552540.113113165
2021-11-23 00:00:00+00:00,9552540.113113165
2021-11-24 00:00:00+00:00,9552540.113113165
2021-11-25 00:00:00+00:00,9552540.113113165
2021-11-26 00:00:00+00:00,9552540.113113165
2021-11-29 00:00:00+00:00,9552540.113113165
2021-11-30 00:00:00+00:00,9552540.113113165
2021-12-01 00:00:00+00:00,9552540.113113165
2021-12-02 00:00:00+00:00,9552540.113113165
2021-12-03 00:00:00+00:00,9552540.113113165
2021-12-06 00:00:00+00:00,9552540.113113165
2021-12-07 00:00:00+00:00,9552540.113113165
2021-12-08 00:00:00+00:00,9552540.113113165
2021-12-09 00:00:00+00:00,9552540.113113165
2021-12-10 00:00:00+00:00,9552540.113113165
2021-12-13 00:00:00+00:00,9552540.113113165
2021-12-14 00:00:00+00:00,9552540.113113165
2021-12-15 00:00:00+00:00,9552540.113113165
2021-12-16 00:00:00+00:00,9552540.113113165
2021-12-17 00:00:00+00:00,9552540.113113165
2021-12-20 00:00:00+00:00,9552540.113113165
2021-12-21 00:00:00+00:00,9552540.113113165
2021-12-22 00:00:00+00:00,9552540.113113165
2021-12-23 00:00:00+00:00,9552540.113113165
2021-12-24 00:00:00+00:00,9552540.113113165
2021-12-27 00:00:00+00:00,9552540.113113165
2021-12-28 00:00:00+00:00,9552540.113113165
2021-12-29 00:00:00+00:00,9552540.113113165
2021-12-30 00:00:00+00:00,9552540.113113165
2021-12-31 00:00:00+00:00,9552540.113113165
2022-01-03 00:00:00+00:00,9552540.113113165
2022-01-04 00:00:00+00:00,9552540.113113165
2022-01-05 00:00:00+00:00,9552540.113113165
2022-01-06 00:00:00+00:00,9552540.113113165
2022-01-07 00:00:00+00:00,9552540.113113165
2022-01-10 00:00:00+00:00,9552540.113113165
2022-01-11 00:00:00+00:00,9552540.113113165
2022-01-12 00:00:00+00:00,9552540.113113165
2022-01-13 00:00:00+00:00,9552540.113113165
2022-01-14 00:00:00+00:00,9552540.113113165
2022-01-17 00:00:00+00:00,9552540.113113165
2022-01-18 00:00:00+00:00,9552540.113113165
2022-01-19 00:00:00+00:00,9552540.113113165
2022-01-20 00:00:00+00:00,9552540.113113165
2022-01-21 00:00:00+00:00,9552540.113113165
2022-01-24 00:00:00+00:00,9552540.113113165
2022-01-25 00:00:00+00:00,9552540.113113165
2022-01-26 00:00:00+00:00,9552540.113113165
2022-01-27 00:00:00+00:00,9552540.113113165
2022-01-28 00:00:00+00:00,9552540.113113165
2022-01-31 00:00:00+00:00,9552540.113113165
2022-02-01 00:00:00+00:00,9552540.113113165
2022-02-02 00:00:00+00:00,9552540.113113165
2022-02-03 00:00:00+00:00,9552540.113113165
2022-02-04 00:00:00+00:00,9552540.113113165
2022-02-07 00:00:00+00:00,9552540.113113165
2022-02-08 00:00:00+00:00,9552540.113113165
2022-02-09 00:00:00+00:00,9552540.113113165
2022-02-10 00:00:00+00:00,9552540.113113165
2022-02-11 00:00:00+00:00,9552540.113113165
2022-02-14 00:00:00+00:00,9552540.113113165
2022-02-15 00:00:00+00:00,9552540.113113165
2022-02-16 00:00:00+00:00,9552540.113113165
2022-02-17 00:00:00+00:00,9552540.113113165
2022-02-18 00:00:00+00:00,9552540.113113165
2022-02-21 00:00:00+00:00,9552540.113113165
2022-02-22 00:00:00+00:00,9552540.113113165
2022-02-23 00:00:00+00:00,9552540.113113165
2022-02-24 00:00:00+00:00,9552540.113113165
2022-02-25 00:00:00+00:00,9552540.113113165
2022-02-28 00:00:00+00:00,9552540.113113165
2022-03-01 00:00:00+00:00,9552540.113113165
2022-03-02 00:00:00+00:00,9552540.113113165
2022-03-03 00:00:00+00:00,9552540.113113165
2022-03-04 00:00:00+00:00,9552540.113113165
2022-03-07 00:00:00+00:00,9552540.113113165
2022-03-08 00:00:00+00:00,9552540.113113165
2022-03-09 00:00:00+00:00,9552540.113113165
2022-03-10 00:00:00+00:00,9552540.113113165
2022-03-11 00:00:00+00:00,9552540.113113165
2022-03-14 00:00:00+00:00,9552540.113113165
2022-03-15 00:00:00+00:00,9552540.113113165
2022-03-16 00:00:00+00:00,9552540.113113165
2022-03-17 00:00:00+00:00,9552540.113113165
2022-03-18 00:00:00+00:00,9552540.113113165
2022-03-21 00:00:00+00:00,9552540.113113165
2022-03-22 00:00:00+00:00,9552540.113113165
2022-03-23 00:00:00+00:00,9552540.113113165
2022-03-24 00:00:00+00:00,9552540.113113165
2022-03-25 00:00:00+00:00,9552540.113113165
2022-03-28 00:00:00+00:00,9552540.113113165
2022-03-29 00:00:00+00:00,9552540.113113165
2022-03-30 00:00:00+00:00,9552540.113113165
2022-03-31 00:00:00+00:00,9552540.113113165
2022-04-01 00:00:00+00:00,9552540.113113165
2022-04-04 00:00:00+00:00,9552540.113113165
2022-04-05 00:00:00+00:00,9552540.113113165
2022-04-06 00:00:00+00:00,9552540.113113165
2022-04-07 00:00:00+00:00,9552540.113113165
2022-04-08 00:00:00+00:00,9552540.113113165
2022-04-11 00:00:00+00:00,9552540.113113165
2022-04-12 00:00:00+00:00,9552540.113113165
2022-04-13 00:00:00+00:00,9552540.113113165
2022-04-14 00:00:00+00:00,9552540.113113165
2022-04-18 00:00:00+00:00,9552540.113113165
2022-04-19 00:00:00+00:00,9552540.113113165
2022-04-20 00:00:00+00:00,9552540.113113165
2022-04-21 00:00:00+00:00,9552540.113113165
2022-04-22 00:00:00+00:00,9552540.113113165
2022-04-25 00:00:00+00:00,9552540.113113165
2022-04-26 00:00:00+00:00,9552540.113113165
2022-04-27 00:00:00+00:00,9552540.113113165
2022-04-28 00:00:00+00:00,9552540.113113165
2022-04-29 00:00:00+00:00,9552540.113113165
2022-05-02 00:00:00+00:00,9552540.113113165
2022-05-03 00:00:00+00:00,9552540.113113165
2022-05-04 00:00:00+00:00,9552540.113113165
2022-05-05 00:00:00+00:00,9552540.113113165
2022-05-06 00:00:00+00:00,9552540.113113165
2022-05-09 00:00:00+00:00,9552540.113113165
2022-05-10 00:00:00+00:00,9552540.113113165
2022-05-11 00:00:00+00:00,9552540.113113165
2022-05-12 00:00:00+00:00,9552540.113113165
2022-05-13 00:00:00+00:00,9552540.113113165
2022-05-16 00:00:00+00:00,9552540.113113165
2022-05-17 00:00:00+00:00,9552540.113113165
2022-05-18 00:00:00+00:00,9552540.113113165
2022-05-19 00:00:00+00:00,9552540.113113165
2022-05-20 00:00:00+00:00,9552540.113113165
2022-05-23 00:00:00+00:00,9552540.113113165
2022-05-24 00:00:00+00:00,9552540.113113165
2022-05-25 00:00:00+00:00,9552540.113113165
2022-05-26 00:00:00+00:00,9552540.113113165
2022-05-27 00:00:00+00:00,9552540.113113165
2022-05-30 00:00:00+00:00,9552540.113113165
2022-05-31 00:00:00+00:00,9552540.113113165
2022-06-01 00:00:00+00:00,9552540.113113165
2022-06-02 00:00:00+00:00,9552540.113113165
2022-06-03 00:00:00+00:00,9552540.113113165
2022-06-06 00:00:00+00:00,9552540.113113165
2022-06-07 00:00:00+00:00,9552540.113113165
2022-06-08 00:00:00+00:00,9552540.113113165
2022-06-09 00:00:00+00:00,9552540.113113165
2022-06-10 00:00:00+00:00,9552540.113113165
2022-06-13 00:00:00+00:00,9552540.113113165
2022-06-14 00:00:00+00:00,9552540.113113165
2022-06-15 00:00:00+00:00,9552540.113113165
2022-06-16 00:00:00+00:00,9552540.113113165
2022-06-17 00:00:00+00:00,9552540.113113165
2022-06-20 00:00:00+00:00,9552540.113113165
2022-06-21 00:00:00+00:00,9552540.113113165
2022-06-22 00:00:00+00:00,9552540.113113165
2022-06-23 00:00:00+00:00,9552540.113113165
2022-06-24 00:00:00+00:00,9552540.113113165
2022-06-27 00:00:00+00:00,9552540.113113165
2022-06-28 00:00:00+00:00,9552540.113113165
2022-06-29 00:00:00+00:00,9552540.113113165
2022-06-30 00:00:00+00:00,9552540.113113165
2022-07-01 00:00:00+00:00,9552540.113113165
2022-07-04 00:00:00+00:00,9552540.113113165
2022-07-05 00:00:00+00:00,9552540.113113165
2022-07-06 00:00:00+00:00,9552540.113113165
2022-07-07 00:00:00+00:00,9552540.113113165
2022-07-08 00:00:00+00:00,9552540.113113165
2022-07-11 00:00:00+00:00,9552540.113113165
2022-07-12 00:00:00+00:00,9552540.113113165
2022-07-13 00:00:00+00:00,9552540.113113165
2022-07-14 00:00:00+00:00,9552540.113113165
2022-07-15 00:00:00+00:00,9552540.113113165
2022-07-18 00:00:00+00:00,9552540.113113165
2022-07-19 00:00:00+00:00,9552540.113113165
2022-07-20 00:00:00+00:00,9552540.113113165
2022-07-21 00:00:00+00:00,9552540.113113165
2022-07-22 00:00:00+00:00,9552540.113113165
2022-07-25 00:00:00+00:00,9552540.113113165
2022-07-26 00:00:00+00:00,9552540.113113165
2022-07-27 00:00:00+00:00,9552540.113113165
2022-07-28 00:00:00+00:00,9552540.113113165
2022-07-29 00:00:00+00:00,9552540.113113165
2022-08-01 00:00:00+00:00,9552540.113113165
2022-08-02 00:00:00+00:00,9552540.113113165
2022-08-03 00:00:00+00:00,9552540.113113165
2022-08-04 00:00:00+00:00,9552540.113113165
2022-08-05 00:00:00+00:00,9552540.113113165
2022-08-08 00:00:00+00:00,9552540.113113165
2022-08-09 00:00:00+00:00,9552540.113113165
2022-08-10 00:00:00+00:00,9552540.113113165
2022-08-11 00:00:00+00:00,9552540.113113165
2022-08-12 00:00:00+00:00,9552540.113113165
2022-08-15 00:00:00+00:00,9552540.113113165
2022-08-16 00:00:00+00:00,9552540.113113165
2022-08-17 00:00:00+00:00,9552540.113113165
2022-08-18 00:00:00+00:00,9552540.113113165
2022-08-19 00:00:00+00:00,9552540.113113165
2022-08-22 00:00:00+00:00,9552540.113113165
2022-08-23 00:00:00+00:00,9552540.113113165
2022-08-24 00:00:00+00:00,9552540.113113165
2022-08-25 00:00:00+00:00,9552540.113113165
2022-08-26 00:00:00+00:00,9552540.113113165
2022-08-29 00:00:00+00:00,9552540.113113165
2022-08-30 00:00:00+00:00,9552540.113113165
2022-08-31 00:00:00+00:00,9552540.113113165
2022-09-01 00:00:00+00:00,9552540.113113165
2022-09-02 00:00:00+00:00,9552540.113113165
2022-09-05 00:00:00+00:00,9552540.113113165
2022-09-06 00:00:00+00:00,9552540.113113165
2022-09-07 00:00:00+00:00,9552540.113113165
2022-09-08 00:00:00+00:00,9552540.113113165
2022-09-09 00:00:00+00:00,9552540.113113165
2022-09-12 00:00:00+00:00,9552540.113113165
2022-09-13 00:00:00+00:00,9552540.113113165
2022-09-14 00:00:00+00:00,9552540.113113165
2022-09-15 00:00:00+00:00,9552540.113113165
2022-09-16 00:00:00+00:00,9552540.113113165
2022-09-19 00:00:00+00:00,9552540.113113165
2022-09-20 00:00:00+00:00,9552540.113113165
2022-09-21 00:00:00+00:00,9552540.113113165
2022-09-22 00:00:00+00:00,9552540.113113165
2022-09-23 00:00:00+00:00,9552540.113113165
2022-09-26 00:00:00+00:00,9552540.113113165
2022-09-27 00:00:00+00:00,9552540.113113165
2022-09-28 00:00:00+00:00,9552540.113113165
2022-09-29 00:00:00+00:00,9552540.113113165
2022-09-30 00:00:00+00:00,9552540.113113165
2022-10-03 00:00:00+00:00,9552540.113113165
2022-10-04 00:00:00+00:00,9552540.113113165
2022-10-05 00:00:00+00:00,9552540.113113165
2022-10-06 00:00:00+00:00,9552540.113113165
2022-10-07 00:00:00+00:00,9552540.113113165
2022-10-10 00:00:00+00:00,9552540.113113165
2022-10-11 00:00:00+00:00,9552540.113113165
2022-10-12 00:00:00+00:00,9552540.113113165
2022-10-13 00:00:00+00:00,9552540.113113165
2022-10-14 00:00:00+00:00,9552540.113113165
2022-10-17 00:00:00+00:00,9552540.113113165
2022-10-18 00:00:00+00:00,9552540.113113165
2022-10-19 00:00:00+00:00,9552540.113113165
2022-10-20 00:00:00+00:00,9552540.113113165
2022-10-21 00:00:00+00:00,9552540.113113165
2022-10-24 00:00:00+00:00,9552540.113113165
2022-10-25 00:00:00+00:00,9552540.113113165
2022-10-26 00:00:00+00:00,9552540.113113165
2022-10-27 00:00:00+00:00,9552540.113113165
2022-10-28 00:00:00+00:00,9552540.113113165
2022-10-31 00:00:00+00:00,9552540.113113165
2022-11-01 00:00:00+00:00,9552540.113113165
2022-11-02 00:00:00+00:00,9552540.113113165
2022-11-03 00:00:00+00:00,9552540.113113165
2022-11-04 00:00:00+00:00,9552540.113113165
2022-11-07 00:00:00+00:00,9552540.113113165
2022-11-08 00:00:00+00:00,9552540.113113165
2022-11-09 00:00:00+00:00,9552540.113113165
2022-11-10 00:00:00+00:00,9552540.113113165
2022-11-11 00:00:00+00:00,9552540.113113165
2022-11-14 00:00:00+00:00,9552540.113113165
2022-11-15 00:00:00+00:00,9552540.113113165
2022-11-16 00:00:00+00:00,9552540.113113165
2022-11-17 00:00:00+00:00,9552540.113113165
2022-11-18 00:00:00+00:00,9552540.113113165
2022-11-21 00:00:00+00:00,9552540.113113165
2022-11-22 00:00:00+00:00,9552540.113113165
2022-11-23 00:00:00+00:00,9552540.113113165
2022-11-24 00:00:00+00:00,9552540.113113165
2022-11-25 00:00:00+00:00,9552540.113113165
2022-11-28 00:00:00+00:00,9552540.113113165
2022-11-29 00:00:00+00:00,9552540.113113165
2022-11-30 00:00:00+00:00,9552540.113113165
2022-12-01 00:00:00+00:00,9552540.113113165
2022-12-02 00:00:00+00:00,9552540.113113165
2022-12-05 00:00:00+00:00,9552540.113113165
2022-12-06 00:00:00+00:00,9552540.113113165
2022-12-07 00:00:00+00:00,9552540.113113165
2022-12-08 00:00:00+00:00,9552540.113113165
2022-12-09 00:00:00+00:00,9552540.113113165
2022-12-12 00:00:00+00:00,9552540.113113165
2022-12-13 00:00:00+00:00,9552540.113113165
2022-12-14 00:00:00+00:00,9552540.113113165
2022-12-15 00:00:00+00:00,9552540.113113165
2022-12-16 00:00:00+00:00,9552540.113113165
2022-12-19 00:00:00+00:00,9552540.113113165
2022-12-20 00:00:00+00:00,9552540.113113165
2022-12-21 00:00:00+00:00,9552540.113113165
2022-12-22 00:00:00+00:00,9552540.113113165
2022-12-23 00:00:00+00:00,9552540.113113165
2022-12-26 00:00:00+00:00,9552540.113113165
2022-12-27 00:00:00+00:00,9552540.113113165
2022-12-28 00:00:00+00:00,9552540.113113165
2022-12-29 00:00:00+00:00,9552540.113113165
2022-12-30 00:00:00+00:00,9552540.113113165
2023-01-02 00:00:00+00:00,9552540.113113165
2023-01-03 00:00:00+00:00,9552540.113113165
2023-01-04 00:00:00+00:00,9552540.113113165
2023-01-05 00:00:00+00:00,9552540.113113165
2023-01-06 00:00:00+00:00,9552540.113113165
2023-01-09 00:00:00+00:00,9552540.113113165
2023-01-10 00:00:00+00:00,9552540.113113165
2023-01-11 00:00:00+00:00,9552540.113113165
2023-01-12 00:00:00+00:00,9552540.113113165
2023-01-13 00:00:00+00:00,9552540.113113165
2023-01-16 00:00:00+00:00,9552540.113113165
2023-01-17 00:00:00+00:00,9552540.113113165
2023-01-18 00:00:00+00:00,9552540.113113165
2023-01-19 00:00:00+00:00,9552540.113113165
2023-01-20 00:00:00+00:00,9552540.113113165
2023-01-23 00:00:00+00:00,9552540.113113165
2023-01-24 00:00:00+00:00,9552540.113113165
2023-01-25 00:00:00+00:00,9552540.113113165
2023-01-26 00:00:00+00:00,9552540.113113165
2023-01-27 00:00:00+00:00,9552540.113113165
2023-01-30 00:00:00+00:00,9552540.113113165
2023-01-31 00:00:00+00:00,9552540.113113165
2023-02-01 00:00:00+00:00,9552540.113113165
2023-02-02 00:00:00+00:00,9552540.113113165
2023-02-03 00:00:00+00:00,9552540.113113165
2023-02-06 00:00:00+00:00,9552540.113113165
2023-02-07 00:00:00+00:00,9552540.113113165
2023-02-08 00:00:00+00:00,9552540.113113165
2023-02-09 00:00:00+00:00,9552540.113113165
2023-02-10 00:00:00+00:00,9552540.113113165
2023-02-13 00:00:00+00:00,9552540.113113165
2023-02-14 00:00:00+00:00,9552540.113113165
2023-02-15 00:00:00+00:00,9552540.113113165
2023-02-16 00:00:00+00:00,9552540.113113165
2023-02-17 00:00:00+00:00,9552540.113113165
2023-02-20 00:00:00+00:00,9552540.113113165
2023-02-21 00:00:00+00:00,9552540.113113165
2023-02-22 00:00:00+00:00,9552540.113113165
2023-02-23 00:00:00+00:00,9552540.113113165
2023-02-24 00:00:00+00:00,9552540.113113165
2023-02-27 00:00:00+00:00,9552540.113113165
2023-02-28 00:00:00+00:00,9552540.113113165
2023-03-01 00:00:00+00:00,9552540.113113165
2023-03-02 00:00:00+00:00,9552540.113113165
2023-03-03 00:00:00+00:00,9552540.113113165
2023-03-06 00:00:00+00:00,9552540.113113165
2023-03-07 00:00:00+00:00,9552540.113113165
2023-03-08 00:00:00+00:00,9552540.113113165
2023-03-09 00:00:00+00:00,9552540.113113165
2023-03-10 00:00:00+00:00,9552540.113113165
2023-03-13 00:00:00+00:00,9552540.113113165
2023-03-14 00:00:00+00:00,9552540.113113165
2023-03-15 00:00:00+00:00,9552540.113113165
2023-03-16 00:00:00+00:00,9552540.113113165
2023-03-17 00:00:00+00:00,9552540.113113165
2023-03-20 00:00:00+00:00,9552540.113113165
2023-03-21 00:00:00+00:00,9552540.113113165
2023-03-22 00:00:00+00:00,9552540.113113165
2023-03-23 00:00:00+00:00,9552540.113113165
2023-03-24 00:00:00+00:00,9552540.113113165
2023-03-27 00:00:00+00:00,9552540.113113165
2023-03-28 00:00:00+00:00,9552540.113113165
2023-03-29 00:00:00+00:00,9552540.113113165
2023-03-30 00:00:00+00:00,9552540.113113165
2023-03-31 00:00:00+00:00,9552540.113113165
2023-04-03 00:00:00+00:00,9552540.113113165
2023-04-04 00:00:00+00:00,9552540.113113165
2023-04-05 00:00:00+00:00,9552540.113113165
2023-04-06 00:00:00+00:00,9552540.113113165
2023-04-10 00:00:00+00:00,9552540.113113165
2023-04-11 00:00:00+00:00,9552540.113113165
2023-04-12 00:00:00+00:00,9552540.113113165
2023-04-13 00:00:00+00:00,9552540.113113165
2023-04-14 00:00:00+00:00,9552540.113113165
2023-04-17 00:00:00+00:00,9552540.113113165
2023-04-18 00:00:00+00:00,9552540.113113165
2023-04-19 00:00:00+00:00,9552540.113113165
2023-04-20 00:00:00+00:00,9552540.113113165
2023-04-21 00:00:00+00:00,9552540.113113165
2023-04-24 00:00:00+00:00,9552540.113113165
2023-04-25 00:00:00+00:00,9552540.113113165
2023-04-26 00:00:00+00:00,9552540.113113165
2023-04-27 00:00:00+00:00,9552540.113113165
2023-04-28 00:00:00+00:00,9552540.113113165
2023-05-01 00:00:00+00:00,9552540.113113165
2023-05-02 00:00:00+00:00,9552540.113113165
2023-05-03 00:00:00+00:00,9552540.113113165
2023-05-04 00:00:00+00:00,9552540.113113165
2023-05-05 00:00:00+00:00,9552540.113113165
2023-05-08 00:00:00+00:00,9552540.113113165
2023-05-09 00:00:00+00:00,9552540.113113165
2023-05-10 00:00:00+00:00,9552540.113113165
2023-05-11 00:00:00+00:00,9552540.113113165
2023-05-12 00:00:00+00:00,9552540.113113165
2023-05-15 00:00:00+00:00,9552540.113113165
2023-05-16 00:00:00+00:00,9552540.113113165
2023-05-17 00:00:00+00:00,9552540.113113165
2023-05-18 00:00:00+00:00,9552540.113113165
2023-05-19 00:00:00+00:00,9552540.113113165
2023-05-22 00:00:00+00:00,9552540.113113165
2023-05-23 00:00:00+00:00,9552540.113113165
2023-05-24 00:00:00+00:00,9552540.113113165
2023-05-25 00:00:00+00:00,9552540.113113165
2023-05-26 00:00:00+00:00,9552540.113113165
2023-05-29 00:00:00+00:00,9552540.113113165
2023-05-30 00:00:00+00:00,9552540.113113165
2023-05-31 00:00:00+00:00,9552540.113113165
2023-06-01 00:00:00+00:00,9552540.113113165
2023-06-02 00:00:00+00:00,9552540.113113165
2023-06-05 00:00:00+00:00,9552540.113113165
2023-06-06 00:00:00+00:00,9552540.113113165
2023-06-07 00:00:00+00:00,9552540.113113165
2023-06-08 00:00:00+00:00,9552540.113113165
2023-06-09 00:00:00+00:00,9552540.113113165
2023-06-12 00:00:00+00:00,9552540.113113165
2023-06-13 00:00:00+00:00,9552540.113113165
2023-06-14 00:00:00+00:00,9552540.113113165
2023-06-15 00:00:00+00:00,9552540.113113165
2023-06-16 00:00:00+00:00,9552540.113113165
2023-06-19 00:00:00+00:00,9552540.113113165
2023-06-20 00:00:00+00:00,9552540.113113165
2023-06-21 00:00:00+00:00,9552540.113113165
2023-06-22 00:00:00+00:00,9552540.113113165
2023-06-23 00:00:00+00:00,9552540.113113165
2023-06-26 00:00:00+00:00,9552540.113113165
2023-06-27 00:00:00+00:00,9552540.113113165
2023-06-28 00:00:00+00:00,9552540.113113165
2023-06-29 00:00:00+00:00,9552540.113113165
2023-06-30 00:00:00+00:00,9552540.113113165
2023-07-03 00:00:00+00:00,9552540.113113165
2023-07-04 00:00:00+00:00,9552540.113113165
2023-07-05 00:00:00+00:00,9552540.113113165
2023-07-06 00:00:00+00:00,9552540.113113165
2023-07-07 00:00:00+00:00,9552540.113113165
2023-07-10 00:00:00+00:00,9552540.113113165
2023-07-11 00:00:00+00:00,9552540.113113165
2023-07-12 00:00:00+00:00,9552540.113113165
2023-07-13 00:00:00+00:00,9552540.113113165
2023-07-14 00:00:00+00:00,9552540.113113165
2023-07-17 00:00:00+00:00,9552540.113113165
2023-07-18 00:00:00+00:00,9552540.113113165
2023-07-19 00:00:00+00:00,9552540.113113165
2023-07-20 00:00:00+00:00,9552540.113113165
2023-07-21 00:00:00+00:00,9552540.113113165
2023-07-24 00:00:00+00:00,9552540.113113165
2023-07-25 00:00:00+00:00,9552540.113113165
2023-07-26 00:00:00+00:00,9552540.113113165
2023-07-27 00:00:00+00:00,9552540.113113165
2023-07-28 00:00:00+00:00,9552540.113113165
2023-07-31 00:00:00+00:00,9552540.113113165
2023-08-01 00:00:00+00:00,9552540.113113165
2023-08-02 00:00:00+00:00,9552540.113113165
2023-08-03 00:00:00+00:00,9552540.113113165
2023-08-04 00:00:00+00:00,9552540.113113165
2023-08-07 00:00:00+00:00,9552540.113113165
2023-08-08 00:00:00+00:00,9552540.113113165
2023-08-09 00:00:00+00:00,9552540.113113165
2023-08-10 00:00:00+00:00,9552540.113113165
2023-08-11 00:00:00+00:00,9552540.113113165
2023-08-14 00:00:00+00:00,9552540.113113165
2023-08-15 00:00:00+00:00,9552540.113113165
2023-08-16 00:00:00+00:00,9552540.113113165
2023-08-17 00:00:00+00:00,9552540.113113165
2023-08-18 00:00:00+00:00,9552540.113113165
2023-08-21 00:00:00+00:00,9552540.113113165
2023-08-22 00:00:00+00:00,9552540.113113165
2023-08-23 00:00:00+00:00,9552540.113113165
2023-08-24 00:00:00+00:00,9552540.113113165
2023-08-25 00:00:00+00:00,9552540.113113165
2023-08-28 00:00:00+00:00,9552540.113113165
2023-08-29 00:00:00+00:00,9552540.113113165
2023-08-30 00:00:00+00:00,9552540.113113165
2023-08-31 00:00:00+00:00,9552540.113113165
2023-09-01 00:00:00+00:00,9552540.113113165
2023-09-04 00:00:00+00:00,9552540.113113165
2023-09-05 00:00:00+00:00,9552540.113113165
2023-09-06 00:00:00+00:00,9552540.113113165
2023-09-07 00:00:00+00:00,9552540.113113165
2023-09-08 00:00:00+00:00,9552540.113113165
2023-09-11 00:00:00+00:00,9552540.113113165
2023-09-12 00:00:00+00:00,9552540.113113165
2023-09-13 00:00:00+00:00,9552540.113113165
2023-09-14 00:00:00+00:00,9552540.113113165
2023-09-15 00:00:00+00:00,9552540.113113165
2023-09-18 00:00:00+00:00,9552540.113113165
2023-09-19 00:00:00+00:00,9552540.113113165
2023-09-20 00:00:00+00:00,9552540.113113165
2023-09-21 00:00:00+00:00,9552540.113113165
2023-09-22 00:00:00+00:00,9552540.113113165
2023-09-25 00:00:00+00:00,9552540.113113165
2023-09-26 00:00:00+00:00,9552540.113113165
2023-09-27 00:00:00+00:00,9552540.113113165
2023-09-28 00:00:00+00:00,9552540.113113165
2023-09-29 00:00:00+00:00,9552540.113113165
2023-10-02 00:00:00+00:00,9552540.113113165
2023-10-03 00:00:00+00:00,9552540.113113165
2023-10-04 00:00:00+00:00,9552540.113113165
2023-10-05 00:00:00+00:00,9552540.113113165
2023-10-06 00:00:00+00:00,9552540.113113165
2023-10-09 00:00:00+00:00,9552540.113113165
2023-10-10 00:00:00+00:00,9552540.113113165
2023-10-11 00:00:00+00:00,9552540.113113165
2023-10-12 00:00:00+00:00,9552540.113113165
2023-10-13 00:00:00+00:00,9552540.113113165
2023-10-16 00:00:00+00:00,9552540.113113165
2023-10-17 00:00:00+00:00,9552540.113113165
2023-10-18 00:00:00+00:00,9552540.113113165
2023-10-19 00:00:00+00:00,9552540.113113165
2023-10-20 00:00:00+00:00,9552540.113113165
2023-10-23 00:00:00+00:00,9552540.113113165
2023-10-24 00:00:00+00:00,9552540.113113165
2023-10-25 00:00:00+00:00,9552540.113113165
2023-10-26 00:00:00+00:00,9552540.113113165
2023-10-27 00:00:00+00:00,9552540.113113165
2023-10-30 00:00:00+00:00,9552540.113113165
2023-10-31 00:00:00+00:00,9552540.113113165
2023-11-01 00:00:00+00:00,9552540.113113165
2023-11-02 00:00:00+00:00,9552540.113113165
2023-11-03 00:00:00+00:00,9552540.113113165
2023-11-06 00:00:00+00:00,9552540.113113165
2023-11-07 00:00:00+00:00,9552540.113113165
2023-11-08 00:00:00+00:00,9552540.113113165
2023-11-09 00:00:00+00:00,9552540.113113165
2023-11-10 00:00:00+00:00,9552540.113113165
2023-11-13 00:00:00+00:00,9552540.113113165
2023-11-14 00:00:00+00:00,9552540.113113165
2023-11-15 00:00:00+00:00,9552540.113113165
2023-11-16 00:00:00+00:00,9552540.113113165
2023-11-17 00:00:00+00:00,9552540.113113165
2023-11-20 00:00:00+00:00,9552540.113113165
2023-11-21 00:00:00+00:00,9552540.113113165
2023-11-22 00:00:00+00:00,9552540.113113165
2023-11-23 00:00:00+00:00,9552540.113113165
2023-11-24 00:00:00+00:00,9552540.113113165
2023-11-27 00:00:00+00:00,9552540.113113165
2023-11-28 00:00:00+00:00,9552540.113113165
2023-11-29 00:00:00+00:00,9552540.113113165
2023-11-30 00:00:00+00:00,9552540.113113165
2023-12-01 00:00:00+00:00,9552540.113113165
2023-12-04 00:00:00+00:00,9552540.113113165
2023-12-05 00:00:00+00:00,9552540.113113165
2023-12-06 00:00:00+00:00,9552540.113113165
2023-12-07 00:00:00+00:00,9552540.113113165
2023-12-08 00:00:00+00:00,9552540.113113165
2023-12-11 00:00:00+00:00,9552540.113113165
2023-12-12 00:00:00+00:00,9552540.113113165
2023-12-13 00:00:00+00:00,9552540.113113165
2023-12-14 00:00:00+00:00,9552540.113113165
2023-12-15 00:00:00+00:00,9552540.113113165
2023-12-18 00:00:00+00:00,9552540.113113165
2023-12-19 00:00:00+00:00,9552540.113113165
2023-12-20 00:00:00+00:00,9552540.113113165
2023-12-21 00:00:00+00:00,9552540.113113165
2023-12-22 00:00:00+00:00,9552540.113113165
2023-12-26 00:00:00+00:00,9552540.113113165
2023-12-27 00:00:00+00:00,9552540.113113165
2023-12-28 00:00:00+00:00,9552540.113113165
2023-12-29 00:00:00+00:00,9552540.113113165
2024-01-01 00:00:00+00:00,9552540.113113165
2024-01-02 00:00:00+00:00,9552540.113113165
2024-01-03 00:00:00+00:00,9552540.113113165
2024-01-04 00:00:00+00:00,9552540.113113165
2024-01-05 00:00:00+00:00,9552540.113113165
2024-01-08 00:00:00+00:00,9552540.113113165
2024-01-09 00:00:00+00:00,9552540.113113165
2024-01-10 00:00:00+00:00,9552540.113113165
2024-01-11 00:00:00+00:00,9552540.113113165
2024-01-12 00:00:00+00:00,9552540.113113165
2024-01-15 00:00:00+00:00,9552540.113113165
2024-01-16 00:00:00+00:00,9552540.113113165
2024-01-17 00:00:00+00:00,9552540.113113165
2024-01-18 00:00:00+00:00,9552540.113113165
2024-01-19 00:00:00+00:00,9552540.113113165
2024-01-22 00:00:00+00:00,9552540.113113165
2024-01-23 00:00:00+00:00,9552540.113113165
2024-01-24 00:00:00+00:00,9552540.113113165
2024-01-25 00:00:00+00:00,9552540.113113165
2024-01-26 00:00:00+00:00,9552540.113113165
2024-01-29 00:00:00+00:00,9552540.113113165
2024-01-30 00:00:00+00:00,9552540.113113165
2024-01-31 00:00:00+00:00,9552540.113113165
2024-02-01 00:00:00+00:00,9552540.113113165
2024-02-02 00:00:00+00:00,9552540.113113165
2024-02-05 00:00:00+00:00,9552540.113113165
2024-02-06 00:00:00+00:00,9552540.113113165
2024-02-07 00:00:00+00:00,9552540.113113165
2024-02-08 00:00:00+00:00,9552540.113113165
2024-02-09 00:00:00+00:00,9552540.113113165
2024-02-12 00:00:00+00:00,9552540.113113165
2024-02-13 00:00:00+00:00,9552540.113113165
2024-02-14 00:00:00+00:00,9552540.113113165
2024-02-15 00:00:00+00:00,9552540.113113165
2024-02-16 00:00:00+00:00,9552540.113113165
2024-02-19 00:00:00+00:00,9552540.113113165
2024-02-20 00:00:00+00:00,9552540.113113165
2024-02-21 00:00:00+00:00,9552540.113113165
2024-02-22 00:00:00+00:00,9552540.113113165
2024-02-23 00:00:00+00:00,9552540.113113165
2024-02-26 00:00:00+00:00,9552540.113113165
2024-02-27 00:00:00+00:00,9552540.113113165
2024-02-28 00:00:00+00:00,9552540.113113165
2024-02-29 00:00:00+00:00,9552540.113113165
2024-03-01 00:00:00+00:00,9552540.113113165
2024-03-04 00:00:00+00:00,9552540.113113165
2024-03-05 00:00:00+00:00,9552540.113113165
2024-03-06 00:00:00+00:00,9552540.113113165
2024-03-07 00:00:00+00:00,9552540.113113165
2024-03-08 00:00:00+00:00,9552540.113113165
2024-03-11 00:00:00+00:00,9552540.113113165
2024-03-12 00:00:00+00:00,9552540.113113165
2024-03-13 00:00:00+00:00,9552540.113113165
2024-03-14 00:00:00+00:00,9552540.113113165
2024-03-15 00:00:00+00:00,9552540.113113165
2024-03-18 00:00:00+00:00,9552540.113113165
2024-03-19 00:00:00+00:00,9552540.113113165
2024-03-20 00:00:00+00:00,9552540.113113165
2024-03-21 00:00:00+00:00,9552540.113113165
2024-03-22 00:00:00+00:00,9552540.113113165
2024-03-25 00:00:00+00:00,9552540.113113165
2024-03-26 00:00:00+00:00,9552540.113113165
2024-03-27 00:00:00+00:00,9552540.113113165
2024-03-28 00:00:00+00:00,9552540.113113165
2024-04-01 00:00:00+00:00,9552540.113113165
2024-04-02 00:00:00+00:00,9552540.113113165
2024-04-03 00:00:00+00:00,9552540.113113165
2024-04-04 00:00:00+00:00,9552540.113113165
2024-04-05 00:00:00+00:00,9552540.113113165
2024-04-08 00:00:00+00:00,9552540.113113165
2024-04-09 00:00:00+00:00,9552540.113113165
2024-04-10 00:00:00+00:00,9552540.113113165
2024-04-11 00:00:00+00:00,9552540.113113165
2024-04-12 00:00:00+00:00,9552540.113113165
2024-04-15 00:00:00+00:00,9552540.113113165
2024-04-16 00:00:00+00:00,9552540.113113165
2024-04-17 00:00:00+00:00,9552540.113113165
2024-04-18 00:00:00+00:00,9552540.113113165
2024-04-19 00:00:00+00:00,9552540.113113165
2024-04-22 00:00:00+00:00,9552540.113113165
2024-04-23 00:00:00+00:00,9552540.113113165
2024-04-24 00:00:00+00:00,9552540.113113165
2024-04-25 00:00:00+00:00,9552540.113113165
2024-04-26 00:00:00+00:00,9552540.113113165
2024-04-29 00:00:00+00:00,9552540.113113165
2024-04-30 00:00:00+00:00,9552540.113113165
2024-05-01 00:00:00+00:00,9552540.113113165
2024-05-02 00:00:00+00:00,9552540.113113165
2024-05-03 00:00:00+00:00,9552540.113113165
2024-05-06 00:00:00+00:00,9552540.113113165
2024-05-07 00:00:00+00:00,9552540.113113165
2024-05-08 00:00:00+00:00,9552540.113113165
2024-05-09 00:00:00+00:00,9552540.113113165
2024-05-10 00:00:00+00:00,9552540.113113165
2024-05-13 00:00:00+00:00,9552540.113113165
2024-05-14 00:00:00+00:00,9552540.113113165
2024-05-15 00:00:00+00:00,9552540.113113165
2024-05-16 00:00:00+00:00,9552540.113113165
2024-05-17 00:00:00+00:00,9552540.113113165
2024-05-20 00:00:00+00:00,9552540.113113165
2024-05-21 00:00:00+00:00,9552540.113113165
2024-05-22 00:00:00+00:00,9552540.113113165
2024-05-23 00:00:00+00:00,9552540.113113165
2024-05-24 00:00:00+00:00,9552540.113113165
2024-05-27 00:00:00+00:00,9552540.113113165
2024-05-28 00:00:00+00:00,9552540.113113165
2024-05-29 00:00:00+00:00,9552540.113113165
2024-05-30 00:00:00+00:00,9552540.113113165
2024-05-31 00:00:00+00:00,9552540.113113165
2024-06-03 00:00:00+00:00,9552540.113113165
2024-06-04 00:00:00+00:00,9552540.113113165
2024-06-05 00:00:00+00:00,9552540.113113165
2024-06-06 00:00:00+00:00,9552540.113113165
2024-06-07 00:00:00+00:00,9552540.113113165
2024-06-10 00:00:00+00:00,9552540.113113165
2024-06-11 00:00:00+00:00,9552540.113113165
2024-06-12 00:00:00+00:00,9552540.113113165
2024-06-13 00:00:00+00:00,9552540.113113165
2024-06-14 00:00:00+00:00,9552540.113113165
2024-06-17 00:00:00+00:00,9552540.113113165
2024-06-18 00:00:00+00:00,9552540.113113165
2024-06-19 00:00:00+00:00,9552540.113113165
2024-06-20 00:00:00+00:00,9552540.113113165
2024-06-21 00:00:00+00:00,9552540.113113165
2024-06-24 00:00:00+00:00,9552540.113113165
2024-06-25 00:00:00+00:00,9552540.113113165
2024-06-26 00:00:00+00:00,9552540.113113165
2024-06-27 00:00:00+00:00,9552540.113113165
2024-06-28 00:00:00+00:00,9552540.113113165
2024-07-01 00:00:00+00:00,9552540.113113165
2024-07-02 00:00:00+00:00,9552540.113113165
2024-07-03 00:00:00+00:00,9552540.113113165
2024-07-04 00:00:00+00:00,9552540.113113165
2024-07-05 00:00:00+00:00,9552540.113113165
2024-07-08 00:00:00+00:00,9552540.113113165
2024-07-09 00:00:00+00:00,9552540.113113165
2024-07-10 00:00:00+00:00,9552540.113113165
2024-07-11 00:00:00+00:00,9552540.113113165
2024-07-12 00:00:00+00:00,9552540.113113165
2024-07-15 00:00:00+00:00,9552540.113113165
2024-07-16 00:00:00+00:00,9552540.113113165
2024-07-17 00:00:00+00:00,9552540.113113165
2024-07-18 00:00:00+00:00,9552540.113113165
2024-07-19 00:00:00+00:00,9552540.113113165
2024-07-22 00:00:00+00:00,9552540.113113165
2024-07-23 00:00:00+00:00,9552540.113113165
2024-07-24 00:00:00+00:00,9552540.113113165
2024-07-25 00:00:00+00:00,9552540.113113165
2024-07-26 00:00:00+00:00,9552540.113113165
2024-07-29 00:00:00+00:00,9552540.113113165
2024-07-30 00:00:00+00:00,9552540.113113165
2024-07-31 00:00:00+00:00,9552540.113113165
2024-08-01 00:00:00+00:00,9552540.113113165
2024-08-02 00:00:00+00:00,9552540.113113165
2024-08-05 00:00:00+00:00,9552540.113113165
2024-08-06 00:00:00+00:00,9552540.113113165
2024-08-07 00:00:00+00:00,9552540.113113165
2024-08-08 00:00:00+00:00,9552540.113113165
2024-08-09 00:00:00+00:00,9552540.113113165
2024-08-12 00:00:00+00:00,9552540.113113165
2024-08-13 00:00:00+00:00,9552540.113113165
2024-08-14 00:00:00+00:00,9552540.113113165
2024-08-15 00:00:00+00:00,9552540.113113165
2024-08-16 00:00:00+00:00,9552540.113113165
2024-08-19 00:00:00+00:00,9552540.113113165
2024-08-20 00:00:00+00:00,9552540.113113165
2024-08-21 00:00:00+00:00,9552540.113113165
2024-08-22 00:00:00+00:00,9552540.113113165
2024-08-23 00:00:00+00:00,9552540.113113165
2024-08-26 00:00:00+00:00,9552540.113113165
2024-08-27 00:00:00+00:00,9552540.113113165
2024-08-28 00:00:00+00:00,9552540.113113165
2024-08-29 00:00:00+00:00,9552540.113113165
2024-08-30 00:00:00+00:00,9552540.113113165
2024-09-02 00:00:00+00:00,9552540.113113165
2024-09-03 00:00:00+00:00,9552540.113113165
2024-09-04 00:00:00+00:00,9552540.113113165
2024-09-05 00:00:00+00:00,9552540.113113165
2024-09-06 00:00:00+00:00,9552540.113113165
2024-09-09 00:00:00+00:00,9552540.113113165
2024-09-10 00:00:00+00:00,9552540.113113165
2024-09-11 00:00:00+00:00,9552540.113113165
2024-09-12 00:00:00+00:00,9552540.113113165
2024-09-13 00:00:00+00:00,9552540.113113165
2024-09-16 00:00:00+00:00,9552540.113113165
2024-09-17 00:00:00+00:00,9552540.113113165
2024-09-18 00:00:00+00:00,9552540.113113165
2024-09-19 00:00:00+00:00,9552540.113113165
2024-09-20 00:00:00+00:00,9552540.113113165
2024-09-23 00:00:00+00:00,9552540.113113165
2024-09-24 00:00:00+00:00,9552540.113113165
2024-09-25 00:00:00+00:00,9552540.113113165
2024-09-26 00:00:00+00:00,9552540.113113165
2024-09-27 00:00:00+00:00,9552540.113113165
2024-09-30 00:00:00+00:00,9552540.113113165
2024-10-01 00:00:00+00:00,9552540.113113165
2024-10-02 00:00:00+00:00,9552540.113113165
2024-10-03 00:00:00+00:00,9552540.113113165
2024-10-04 00:00:00+00:00,9552540.113113165
2024-10-07 00:00:00+00:00,9552540.113113165
2024-10-08 00:00:00+00:00,9552540.113113165
2024-10-09 00:00:00+00:00,9552540.113113165
2024-10-10 00:00:00+00:00,9552540.113113165
2024-10-11 00:00:00+00:00,9552540.113113165
2024-10-14 00:00:00+00:00,9552540.113113165
2024-10-15 00:00:00+00:00,9552540.113113165
2024-10-16 00:00:00+00:00,9552540.113113165
2024-10-17 00:00:00+00:00,9552540.113113165
2024-10-18 00:00:00+00:00,9552540.113113165
2024-10-21 00:00:00+00:00,9552540.113113165
2024-10-22 00:00:00+00:00,9552540.113113165
2024-10-23 00:00:00+00:00,9552540.113113165
2024-10-24 00:00:00+00:00,9552540.113113165
2024-10-25 00:00:00+00:00,9552540.113113165
2024-10-28 00:00:00+00:00,9552540.113113165
2024-10-29 00:00:00+00:00,9552540.113113165
2024-10-30 00:00:00+00:00,9552540.113113165
2024-10-31 00:00:00+00:00,9552540.113113165
2024-11-01 00:00:00+00:00,9552540.113113165
2024-11-04 00:00:00+00:00,9552540.113113165
2024-11-05 00:00:00+00:00,9552540.113113165
2024-11-06 00:00:00+00:00,9552540.113113165
2024-11-07 00:00:00+00:00,9552540.113113165
2024-11-08 00:00:00+00:00,9552540.113113165
2024-11-11 00:00:00+00:00,9552540.113113165
2024-11-12 00:00:00+00:00,9552540.113113165
2024-11-13 00:00:00+00:00,9552540.113113165
2024-11-14 00:00:00+00:00,9552540.113113165
2024-11-15 00:00:00+00:00,9552540.113113165
2024-11-18 00:00:00+00:00,9552540.113113165
2024-11-19 00:00:00+00:00,9552540.113113165
2024-11-20 00:00:00+00:00,9552540.113113165
2024-11-21 00:00:00+00:00,9552540.113113165
2024-11-22 00:00:00+00:00,9552540.113113165
2024-11-25 00:00:00+00:00,9552540.113113165
2024-11-26 00:00:00+00:00,9552540.113113165
2024-11-27 00:00:00+00:00,9552540.113113165
2024-11-28 00:00:00+00:00,9552540.113113165
2024-11-29 00:00:00+00:00,9552540.113113165
2024-12-02 00:00:00+00:00,9552540.113113165
2024-12-03 00:00:00+00:00,9552540.113113165
2024-12-04 00:00:00+00:00,9552540.113113165
2024-12-05 00:00:00+00:00,9552540.113113165
2024-12-06 00:00:00+00:00,9552540.113113165
2024-12-09 00:00:00+00:00,9552540.113113165
2024-12-10 00:00:00+00:00,9552540.113113165
2024-12-11 00:00:00+00:00,9552540.113113165
2024-12-12 00:00:00+00:00,9552540.113113165
2024-12-13 00:00:00+00:00,9552540.113113165
2024-12-16 00:00:00+00:00,9552540.113113165
2024-12-17 00:00:00+00:00,9552540.113113165
2024-12-18 00:00:00+00:00,9552540.113113165
2024-12-19 00:00:00+00:00,9552540.113113165
2024-12-20 00:00:00+00:00,9552540.113113165
2024-12-23 00:00:00+00:00,9552540.113113165
2024-12-24 00:00:00+00:00,9552540.113113165
2024-12-26 00:00:00+00:00,9552540.113113165
2024-12-27 00:00:00+00:00,9552540.113113165
2024-12-30 00:00:00+00:00,9552540.113113165
2024-12-31 00:00:00+00:00,9552540.113113165
