,equity
2000-01-03 00:00:00+00:00,10000000.0
2000-01-04 00:00:00+00:00,10000000.0
2000-01-05 00:00:00+00:00,10000000.0
2000-01-06 00:00:00+00:00,10000000.0
2000-01-07 00:00:00+00:00,10000000.0
2000-01-10 00:00:00+00:00,10000000.0
2000-01-11 00:00:00+00:00,10000000.0
2000-01-12 00:00:00+00:00,10000000.0
2000-01-13 00:00:00+00:00,10000000.0
2000-01-14 00:00:00+00:00,10000000.0
2000-01-17 00:00:00+00:00,10000000.0
2000-01-18 00:00:00+00:00,10000000.0
2000-01-19 00:00:00+00:00,10000000.0
2000-01-20 00:00:00+00:00,10000000.0
2000-01-21 00:00:00+00:00,10000000.0
2000-01-24 00:00:00+00:00,10000000.0
2000-01-25 00:00:00+00:00,10000000.0
2000-01-26 00:00:00+00:00,10000000.0
2000-01-27 00:00:00+00:00,10000000.0
2000-01-28 00:00:00+00:00,10000000.0
2000-01-31 00:00:00+00:00,10000000.0
2000-02-01 00:00:00+00:00,10000000.0
2000-02-02 00:00:00+00:00,10000000.0
2000-02-03 00:00:00+00:00,10000000.0
2000-02-04 00:00:00+00:00,10000000.0
2000-02-07 00:00:00+00:00,10000000.0
2000-02-08 00:00:00+00:00,10000000.0
2000-02-09 00:00:00+00:00,10000000.0
2000-02-10 00:00:00+00:00,10000000.0
2000-02-11 00:00:00+00:00,10000000.0
2000-02-14 00:00:00+00:00,10000000.0
2000-02-15 00:00:00+00:00,10000000.0
2000-02-16 00:00:00+00:00,10000000.0
2000-02-17 00:00:00+00:00,10000000.0
2000-02-18 00:00:00+00:00,10000000.0
2000-02-21 00:00:00+00:00,10000000.0
2000-02-22 00:00:00+00:00,10000000.0
2000-02-23 00:00:00+00:00,10000000.0
2000-02-24 00:00:00+00:00,10000000.0
2000-02-25 00:00:00+00:00,10000000.0
2000-02-28 00:00:00+00:00,10000000.0
2000-02-29 00:00:00+00:00,10000000.0
2000-03-01 00:00:00+00:00,10000000.0
2000-03-02 00:00:00+00:00,10000000.0
2000-03-03 00:00:00+00:00,10000000.0
2000-03-06 00:00:00+00:00,10000000.0
2000-03-07 00:00:00+00:00,10000000.0
2000-03-08 00:00:00+00:00,10000000.0
2000-03-09 00:00:00+00:00,10000000.0
2000-03-10 00:00:00+00:00,10000000.0
2000-03-13 00:00:00+00:00,10000000.0
2000-03-14 00:00:00+00:00,10000000.0
2000-03-15 00:00:00+00:00,10000000.0
2000-03-16 00:00:00+00:00,10000000.0
2000-03-17 00:00:00+00:00,10000000.0
2000-03-20 00:00:00+00:00,10000000.0
2000-03-21 00:00:00+00:00,10000000.0
2000-03-22 00:00:00+00:00,10000000.0
2000-03-23 00:00:00+00:00,10000000.0
2000-03-24 00:00:00+00:00,10000000.0
2000-03-27 00:00:00+00:00,10000000.0
2000-03-28 00:00:00+00:00,10000000.0
2000-03-29 00:00:00+00:00,10000000.0
2000-03-30 00:00:00+00:00,10000000.0
2000-03-31 00:00:00+00:00,10000000.0
2000-04-03 00:00:00+00:00,10000000.0
2000-04-04 00:00:00+00:00,10000000.0
2000-04-05 00:00:00+00:00,10000000.0
2000-04-06 00:00:00+00:00,10000000.0
2000-04-07 00:00:00+00:00,10000000.0
2000-04-10 00:00:00+00:00,10000000.0
2000-04-11 00:00:00+00:00,10000000.0
2000-04-12 00:00:00+00:00,10000000.0
2000-04-13 00:00:00+00:00,10000000.0
2000-04-14 00:00:00+00:00,10000000.0
2000-04-17 00:00:00+00:00,10000000.0
2000-04-18 00:00:00+00:00,10000000.0
2000-04-19 00:00:00+00:00,10000000.0
2000-04-20 00:00:00+00:00,10000000.0
2000-04-21 00:00:00+00:00,10000000.0
2000-04-24 00:00:00+00:00,10000000.0
2000-04-25 00:00:00+00:00,10000000.0
2000-04-26 00:00:00+00:00,10000000.0
2000-04-27 00:00:00+00:00,10000000.0
2000-04-28 00:00:00+00:00,10000000.0
2000-05-01 00:00:00+00:00,10000000.0
2000-05-02 00:00:00+00:00,10000000.0
2000-05-03 00:00:00+00:00,10000000.0
2000-05-04 00:00:00+00:00,10000000.0
2000-05-05 00:00:00+00:00,10000000.0
2000-05-08 00:00:00+00:00,10000000.0
2000-05-09 00:00:00+00:00,10000000.0
2000-05-10 00:00:00+00:00,10000000.0
2000-05-11 00:00:00+00:00,10000000.0
2000-05-12 00:00:00+00:00,10000000.0
2000-05-15 00:00:00+00:00,10000000.0
2000-05-16 00:00:00+00:00,10000000.0
2000-05-17 00:00:00+00:00,10000000.0
2000-05-18 00:00:00+00:00,10000000.0
2000-05-19 00:00:00+00:00,10000000.0
2000-05-22 00:00:00+00:00,10000000.0
2000-05-23 00:00:00+00:00,10000000.0
2000-05-24 00:00:00+00:00,10000000.0
2000-05-25 00:00:00+00:00,10000000.0
2000-05-26 00:00:00+00:00,10000000.0
2000-05-29 00:00:00+00:00,10000000.0
2000-05-30 00:00:00+00:00,10000000.0
2000-05-31 00:00:00+00:00,10000000.0
2000-06-01 00:00:00+00:00,10000000.0
2000-06-02 00:00:00+00:00,10000000.0
2000-06-05 00:00:00+00:00,10000000.0
2000-06-06 00:00:00+00:00,10000000.0
2000-06-07 00:00:00+00:00,10000000.0
2000-06-08 00:00:00+00:00,10000000.0
2000-06-09 00:00:00+00:00,10000000.0
2000-06-12 00:00:00+00:00,10000000.0
2000-06-13 00:00:00+00:00,10000000.0
2000-06-14 00:00:00+00:00,10000000.0
2000-06-15 00:00:00+00:00,10000000.0
2000-06-16 00:00:00+00:00,10000000.0
2000-06-19 00:00:00+00:00,10000000.0
2000-06-20 00:00:00+00:00,10000000.0
2000-06-21 00:00:00+00:00,10000000.0
2000-06-22 00:00:00+00:00,10000000.0
2000-06-23 00:00:00+00:00,10000000.0
2000-06-26 00:00:00+00:00,10000000.0
2000-06-27 00:00:00+00:00,10000000.0
2000-06-28 00:00:00+00:00,10000000.0
2000-06-29 00:00:00+00:00,10000000.0
2000-06-30 00:00:00+00:00,10000000.0
2000-07-03 00:00:00+00:00,10000000.0
2000-07-04 00:00:00+00:00,10000000.0
2000-07-05 00:00:00+00:00,10000000.0
2000-07-06 00:00:00+00:00,10000000.0
2000-07-07 00:00:00+00:00,10000000.0
2000-07-10 00:00:00+00:00,10000000.0
2000-07-11 00:00:00+00:00,10000000.0
2000-07-12 00:00:00+00:00,10000000.0
2000-07-13 00:00:00+00:00,10000000.0
2000-07-14 00:00:00+00:00,10000000.0
2000-07-17 00:00:00+00:00,10000000.0
2000-07-18 00:00:00+00:00,10000000.0
2000-07-19 00:00:00+00:00,10000000.0
2000-07-20 00:00:00+00:00,10000000.0
2000-07-21 00:00:00+00:00,10000000.0
2000-07-24 00:00:00+00:00,10000000.0
2000-07-25 00:00:00+00:00,10000000.0
2000-07-26 00:00:00+00:00,10000000.0
2000-07-27 00:00:00+00:00,10000000.0
2000-07-28 00:00:00+00:00,10000000.0
2000-07-31 00:00:00+00:00,10000000.0
2000-08-01 00:00:00+00:00,10000000.0
2000-08-02 00:00:00+00:00,10000000.0
2000-08-03 00:00:00+00:00,10000000.0
2000-08-04 00:00:00+00:00,10000000.0
2000-08-07 00:00:00+00:00,10000000.0
2000-08-08 00:00:00+00:00,10000000.0
2000-08-09 00:00:00+00:00,10000000.0
2000-08-10 00:00:00+00:00,10000000.0
2000-08-11 00:00:00+00:00,10000000.0
2000-08-14 00:00:00+00:00,10000000.0
2000-08-15 00:00:00+00:00,10000000.0
2000-08-16 00:00:00+00:00,10000000.0
2000-08-17 00:00:00+00:00,10000000.0
2000-08-18 00:00:00+00:00,10000000.0
2000-08-21 00:00:00+00:00,10000000.0
2000-08-22 00:00:00+00:00,10000000.0
2000-08-23 00:00:00+00:00,10000000.0
2000-08-24 00:00:00+00:00,10000000.0
2000-08-25 00:00:00+00:00,10000000.0
2000-08-28 00:00:00+00:00,10000000.0
2000-08-29 00:00:00+00:00,10000000.0
2000-08-30 00:00:00+00:00,10000000.0
2000-08-31 00:00:00+00:00,10000000.0
2000-09-01 00:00:00+00:00,10000000.0
2000-09-04 00:00:00+00:00,10000000.0
2000-09-05 00:00:00+00:00,10000000.0
2000-09-06 00:00:00+00:00,10000000.0
2000-09-07 00:00:00+00:00,10000000.0
2000-09-08 00:00:00+00:00,10000000.0
2000-09-11 00:00:00+00:00,10000000.0
2000-09-12 00:00:00+00:00,10000000.0
2000-09-13 00:00:00+00:00,10000000.0
2000-09-14 00:00:00+00:00,10000000.0
2000-09-15 00:00:00+00:00,10000000.0
2000-09-18 00:00:00+00:00,10000000.0
2000-09-19 00:00:00+00:00,10000000.0
2000-09-20 00:00:00+00:00,10000000.0
2000-09-21 00:00:00+00:00,10000000.0
2000-09-22 00:00:00+00:00,10000000.0
2000-09-25 00:00:00+00:00,10000000.0
2000-09-26 00:00:00+00:00,10000000.0
2000-09-27 00:00:00+00:00,10000000.0
2000-09-28 00:00:00+00:00,10000000.0
2000-09-29 00:00:00+00:00,10000000.0
2000-10-02 00:00:00+00:00,10000000.0
2000-10-03 00:00:00+00:00,10000000.0
2000-10-04 00:00:00+00:00,10000000.0
2000-10-05 00:00:00+00:00,10000000.0
2000-10-06 00:00:00+00:00,10000000.0
2000-10-09 00:00:00+00:00,10000000.0
2000-10-10 00:00:00+00:00,10000000.0
2000-10-11 00:00:00+00:00,10000000.0
2000-10-12 00:00:00+00:00,10000000.0
2000-10-13 00:00:00+00:00,10000000.0
2000-10-16 00:00:00+00:00,10000000.0
2000-10-17 00:00:00+00:00,10000000.0
2000-10-18 00:00:00+00:00,10000000.0
2000-10-19 00:00:00+00:00,10000000.0
2000-10-20 00:00:00+00:00,10000000.0
2000-10-23 00:00:00+00:00,10000000.0
2000-10-24 00:00:00+00:00,10000000.0
2000-10-25 00:00:00+00:00,10000000.0
2000-10-26 00:00:00+00:00,10000000.0
2000-10-27 00:00:00+00:00,10000000.0
2000-10-30 00:00:00+00:00,10000000.0
2000-10-31 00:00:00+00:00,10000000.0
2000-11-01 00:00:00+00:00,10000000.0
2000-11-02 00:00:00+00:00,10000000.0
2000-11-03 00:00:00+00:00,10000000.0
2000-11-06 00:00:00+00:00,10000000.0
2000-11-07 00:00:00+00:00,10000000.0
2000-11-08 00:00:00+00:00,10000000.0
2000-11-09 00:00:00+00:00,10000000.0
2000-11-10 00:00:00+00:00,10000000.0
2000-11-13 00:00:00+00:00,10000000.0
2000-11-14 00:00:00+00:00,10000000.0
2000-11-15 00:00:00+00:00,10000000.0
2000-11-16 00:00:00+00:00,10000000.0
2000-11-17 00:00:00+00:00,10000000.0
2000-11-20 00:00:00+00:00,10000000.0
2000-11-21 00:00:00+00:00,10000000.0
2000-11-22 00:00:00+00:00,10000000.0
2000-11-23 00:00:00+00:00,10000000.0
2000-11-24 00:00:00+00:00,10000000.0
2000-11-27 00:00:00+00:00,10000000.0
2000-11-28 00:00:00+00:00,10000000.0
2000-11-29 00:00:00+00:00,10000000.0
2000-11-30 00:00:00+00:00,10000000.0
2000-12-01 00:00:00+00:00,10000000.0
2000-12-04 00:00:00+00:00,10000000.0
2000-12-05 00:00:00+00:00,10000000.0
2000-12-06 00:00:00+00:00,10000000.0
2000-12-07 00:00:00+00:00,10000000.0
2000-12-08 00:00:00+00:00,10000000.0
2000-12-11 00:00:00+00:00,10000000.0
2000-12-12 00:00:00+00:00,10000000.0
2000-12-13 00:00:00+00:00,10000000.0
2000-12-14 00:00:00+00:00,10000000.0
2000-12-15 00:00:00+00:00,10000000.0
2000-12-18 00:00:00+00:00,10000000.0
2000-12-19 00:00:00+00:00,10000000.0
2000-12-20 00:00:00+00:00,10000000.0
2000-12-21 00:00:00+00:00,9989304.726878598
2000-12-22 00:00:00+00:00,9975326.449534848
2000-12-25 00:00:00+00:00,9975326.449534848
2000-12-26 00:00:00+00:00,9956216.966664817
2000-12-27 00:00:00+00:00,9973972.7296119
2000-12-28 00:00:00+00:00,9978000.963061836
2000-12-29 00:00:00+00:00,9988529.733422782
2001-01-01 00:00:00+00:00,9987923.163970333
2001-01-02 00:00:00+00:00,9990550.206939083
2001-01-03 00:00:00+00:00,9988546.419211727
2001-01-04 00:00:00+00:00,10003211.199126583
2001-01-05 00:00:00+00:00,10002315.53178008
2001-01-08 00:00:00+00:00,10002315.53178008
2001-01-09 00:00:00+00:00,10002315.53178008
2001-01-10 00:00:00+00:00,10002315.53178008
2001-01-11 00:00:00+00:00,10002315.53178008
2001-01-12 00:00:00+00:00,10002315.53178008
2001-01-15 00:00:00+00:00,10002315.53178008
2001-01-16 00:00:00+00:00,10002315.53178008
2001-01-17 00:00:00+00:00,10002315.53178008
2001-01-18 00:00:00+00:00,10002315.53178008
2001-01-19 00:00:00+00:00,10002315.53178008
2001-01-22 00:00:00+00:00,10002315.53178008
2001-01-23 00:00:00+00:00,10002315.53178008
2001-01-24 00:00:00+00:00,10002315.53178008
2001-01-25 00:00:00+00:00,10002315.53178008
2001-01-26 00:00:00+00:00,10002315.53178008
2001-01-29 00:00:00+00:00,10002315.53178008
2001-01-30 00:00:00+00:00,10002315.53178008
2001-01-31 00:00:00+00:00,10002315.53178008
2001-02-01 00:00:00+00:00,10002315.53178008
2001-02-02 00:00:00+00:00,10002315.53178008
2001-02-05 00:00:00+00:00,10002315.53178008
2001-02-06 00:00:00+00:00,10002315.53178008
2001-02-07 00:00:00+00:00,10002315.53178008
2001-02-08 00:00:00+00:00,10006847.852395024
2001-02-09 00:00:00+00:00,10005452.530037846
2001-02-12 00:00:00+00:00,10005389.099099126
2001-02-13 00:00:00+00:00,10002649.176522221
2001-02-14 00:00:00+00:00,10004082.557442632
2001-02-15 00:00:00+00:00,10007621.619393315
2001-02-16 00:00:00+00:00,10005452.530037846
2001-02-19 00:00:00+00:00,10000974.780648198
2001-02-20 00:00:00+00:00,9997055.178292241
2001-02-21 00:00:00+00:00,9999883.881569829
2001-02-22 00:00:00+00:00,10002942.830667792
2001-02-23 00:00:00+00:00,9995412.457378818
2001-02-26 00:00:00+00:00,10000845.998512222
2001-02-27 00:00:00+00:00,9997161.04712863
2001-02-28 00:00:00+00:00,10037201.38351332
2001-03-01 00:00:00+00:00,10025986.18553911
2001-03-02 00:00:00+00:00,9988965.991848527
2001-03-05 00:00:00+00:00,9964181.384125227
2001-03-06 00:00:00+00:00,9964068.143494904
2001-03-07 00:00:00+00:00,10003153.024283707
2001-03-08 00:00:00+00:00,10004770.360683104
2001-03-09 00:00:00+00:00,9939737.00946701
2001-03-12 00:00:00+00:00,9852086.135932807
2001-03-13 00:00:00+00:00,9778208.949995805
2001-03-14 00:00:00+00:00,9945946.082625443
2001-03-15 00:00:00+00:00,10045058.728184376
2001-03-16 00:00:00+00:00,9993563.868329916
2001-03-19 00:00:00+00:00,9997594.082988415
2001-03-20 00:00:00+00:00,9967824.511868391
2001-03-21 00:00:00+00:00,10000686.592916716
2001-03-22 00:00:00+00:00,9968672.84994587
2001-03-23 00:00:00+00:00,9915705.556418624
2001-03-26 00:00:00+00:00,9928768.755723044
2001-03-27 00:00:00+00:00,9950754.214653775
2001-03-28 00:00:00+00:00,9978126.868696224
2001-03-29 00:00:00+00:00,9955360.956876907
2001-03-30 00:00:00+00:00,9915682.951096449
2001-04-02 00:00:00+00:00,9889623.205193195
2001-04-03 00:00:00+00:00,9901852.481230889
2001-04-04 00:00:00+00:00,9909845.620653305
2001-04-05 00:00:00+00:00,9909743.098264802
2001-04-06 00:00:00+00:00,9886903.641904939
2001-04-09 00:00:00+00:00,9882896.862368867
2001-04-10 00:00:00+00:00,9874655.770439431
2001-04-11 00:00:00+00:00,9845977.536833543
2001-04-12 00:00:00+00:00,9801984.58219675
2001-04-13 00:00:00+00:00,9626771.624517616
2001-04-16 00:00:00+00:00,9840359.396040853
2001-04-17 00:00:00+00:00,9885864.253799137
2001-04-18 00:00:00+00:00,10008105.814589456
2001-04-19 00:00:00+00:00,10083013.840605443
2001-04-20 00:00:00+00:00,10077840.16671906
2001-04-23 00:00:00+00:00,10073930.911008935
2001-04-24 00:00:00+00:00,10059969.286008935
2001-04-25 00:00:00+00:00,10086403.297429185
2001-04-26 00:00:00+00:00,10092263.072434558
2001-04-27 00:00:00+00:00,10093533.072434558
2001-04-30 00:00:00+00:00,10090231.072434558
2001-05-01 00:00:00+00:00,10096530.488577152
2001-05-02 00:00:00+00:00,10090126.68489864
2001-05-03 00:00:00+00:00,10093250.763167644
2001-05-04 00:00:00+00:00,10091437.64961269
2001-05-07 00:00:00+00:00,10084417.01466682
2001-05-08 00:00:00+00:00,10086040.353859384
2001-05-09 00:00:00+00:00,10082711.452020127
2001-05-10 00:00:00+00:00,10088947.886146981
2001-05-11 00:00:00+00:00,10085998.218913514
2001-05-14 00:00:00+00:00,10090886.234307725
2001-05-15 00:00:00+00:00,10101799.968913514
2001-05-16 00:00:00+00:00,10095248.59168766
2001-05-17 00:00:00+00:00,10095248.59168766
2001-05-18 00:00:00+00:00,10095248.59168766
2001-05-21 00:00:00+00:00,10092431.626732085
2001-05-22 00:00:00+00:00,10092558.269630644
2001-05-23 00:00:00+00:00,10093824.674461577
2001-05-24 00:00:00+00:00,10093647.637701258
2001-05-25 00:00:00+00:00,10088201.262396082
2001-05-28 00:00:00+00:00,10086662.73269485
2001-05-29 00:00:00+00:00,10087124.83399032
2001-05-30 00:00:00+00:00,10099858.945054738
2001-05-31 00:00:00+00:00,10093812.901732175
2001-06-01 00:00:00+00:00,10089653.35586187
2001-06-04 00:00:00+00:00,10090228.051609723
2001-06-05 00:00:00+00:00,10082962.088280046
2001-06-06 00:00:00+00:00,10082917.665680254
2001-06-07 00:00:00+00:00,10081881.266830767
2001-06-08 00:00:00+00:00,10089505.75071159
2001-06-11 00:00:00+00:00,10104962.52880302
2001-06-12 00:00:00+00:00,10112209.094951779
2001-06-13 00:00:00+00:00,10115991.353949148
2001-06-14 00:00:00+00:00,10106070.682737838
2001-06-15 00:00:00+00:00,10087713.594998287
2001-06-18 00:00:00+00:00,10078148.65022366
2001-06-19 00:00:00+00:00,10097522.206705974
2001-06-20 00:00:00+00:00,10109533.05024648
2001-06-21 00:00:00+00:00,10111673.168460134
2001-06-22 00:00:00+00:00,10097031.068524295
2001-06-25 00:00:00+00:00,10094850.099083835
2001-06-26 00:00:00+00:00,10104154.801165404
2001-06-27 00:00:00+00:00,10088016.161096396
2001-06-28 00:00:00+00:00,10086574.690285258
2001-06-29 00:00:00+00:00,10068090.73513172
2001-07-02 00:00:00+00:00,10059312.03502486
2001-07-03 00:00:00+00:00,10057102.366743067
2001-07-04 00:00:00+00:00,9665769.216948245
2001-07-05 00:00:00+00:00,10043620.678904349
2001-07-06 00:00:00+00:00,10028752.77496133
2001-07-09 00:00:00+00:00,10030032.345368244
2001-07-10 00:00:00+00:00,10070421.034305925
2001-07-11 00:00:00+00:00,10063169.612753982
2001-07-12 00:00:00+00:00,10089221.504137905
2001-07-13 00:00:00+00:00,10092784.163499206
2001-07-16 00:00:00+00:00,10093121.373476833
2001-07-17 00:00:00+00:00,10093324.124516426
2001-07-18 00:00:00+00:00,10095780.329253089
2001-07-19 00:00:00+00:00,10079799.766921068
2001-07-20 00:00:00+00:00,10079998.211962268
2001-07-23 00:00:00+00:00,10091580.793573424
2001-07-24 00:00:00+00:00,10079960.74213148
2001-07-25 00:00:00+00:00,10074087.530844457
2001-07-26 00:00:00+00:00,10061581.002533356
2001-07-27 00:00:00+00:00,10059231.411350112
2001-07-30 00:00:00+00:00,10055887.96693414
2001-07-31 00:00:00+00:00,10054525.196542677
2001-08-01 00:00:00+00:00,10051884.527664121
2001-08-02 00:00:00+00:00,10047738.620978292
2001-08-03 00:00:00+00:00,10056744.962630086
2001-08-06 00:00:00+00:00,10053399.86997178
2001-08-07 00:00:00+00:00,10051134.173007233
2001-08-08 00:00:00+00:00,10047661.54155968
2001-08-09 00:00:00+00:00,10042745.082554324
2001-08-10 00:00:00+00:00,10045968.030125363
2001-08-13 00:00:00+00:00,10046221.666810734
2001-08-14 00:00:00+00:00,10044458.592425533
2001-08-15 00:00:00+00:00,10044458.592425533
2001-08-16 00:00:00+00:00,10043891.466206498
2001-08-17 00:00:00+00:00,10045675.391822394
2001-08-20 00:00:00+00:00,10045256.773601826
2001-08-21 00:00:00+00:00,10046013.730876978
2001-08-22 00:00:00+00:00,10046013.730876978
2001-08-23 00:00:00+00:00,10044677.647173777
2001-08-24 00:00:00+00:00,10040559.581927966
2001-08-27 00:00:00+00:00,10036308.345442723
2001-08-28 00:00:00+00:00,10032439.629489135
2001-08-29 00:00:00+00:00,10026501.792225074
2001-08-30 00:00:00+00:00,10023482.905403908
2001-08-31 00:00:00+00:00,10018321.802859109
2001-09-03 00:00:00+00:00,9818989.25488879
2001-09-04 00:00:00+00:00,10019808.68116738
2001-09-05 00:00:00+00:00,10018006.574672205
2001-09-06 00:00:00+00:00,10017897.051186465
2001-09-07 00:00:00+00:00,10017791.933309078
2001-09-10 00:00:00+00:00,10011817.101084258
2001-09-11 00:00:00+00:00,9809623.0687876
2001-09-12 00:00:00+00:00,9742354.833983105
2001-09-13 00:00:00+00:00,9709442.36575272
2001-09-14 00:00:00+00:00,9799116.48362001
2001-09-17 00:00:00+00:00,9595493.255783806
2001-09-18 00:00:00+00:00,9710754.243166337
2001-09-19 00:00:00+00:00,9749556.064263055
2001-09-20 00:00:00+00:00,9706797.848731495
2001-09-21 00:00:00+00:00,9659318.054337777
2001-09-24 00:00:00+00:00,9706355.627124265
2001-09-25 00:00:00+00:00,9701166.46278133
2001-09-26 00:00:00+00:00,9730024.179365514
2001-09-27 00:00:00+00:00,9763498.916858822
2001-09-28 00:00:00+00:00,9813491.95300654
2001-10-01 00:00:00+00:00,9811156.74660525
2001-10-02 00:00:00+00:00,9807779.484446418
2001-10-03 00:00:00+00:00,9790970.000783812
2001-10-04 00:00:00+00:00,9805348.282134902
2001-10-05 00:00:00+00:00,9813000.217432868
2001-10-08 00:00:00+00:00,9804437.817832457
2001-10-09 00:00:00+00:00,9806938.754194604
2001-10-10 00:00:00+00:00,9806852.101257084
2001-10-11 00:00:00+00:00,9819174.578268288
2001-10-12 00:00:00+00:00,9822842.60483973
2001-10-15 00:00:00+00:00,9822560.905466544
2001-10-16 00:00:00+00:00,9823969.419123279
2001-10-17 00:00:00+00:00,9823607.006098358
2001-10-18 00:00:00+00:00,9825735.006098358
2001-10-19 00:00:00+00:00,9823831.006098358
2001-10-22 00:00:00+00:00,9820189.175225712
2001-10-23 00:00:00+00:00,9821362.065994956
2001-10-24 00:00:00+00:00,9818809.914712884
2001-10-25 00:00:00+00:00,9820861.175225712
2001-10-26 00:00:00+00:00,9825490.154514767
2001-10-29 00:00:00+00:00,9822488.27465004
2001-10-30 00:00:00+00:00,9823384.27465004
2001-10-31 00:00:00+00:00,9824840.27465004
2001-11-01 00:00:00+00:00,9823413.55901004
2001-11-02 00:00:00+00:00,9822757.675482322
2001-11-05 00:00:00+00:00,9821216.076952506
2001-11-06 00:00:00+00:00,9820252.573277045
2001-11-07 00:00:00+00:00,9821890.524012137
2001-11-08 00:00:00+00:00,9832296.323277045
2001-11-09 00:00:00+00:00,9839772.24954314
2001-11-12 00:00:00+00:00,9839772.24954314
2001-11-13 00:00:00+00:00,9839772.24954314
2001-11-14 00:00:00+00:00,9839772.24954314
2001-11-15 00:00:00+00:00,9839772.24954314
2001-11-16 00:00:00+00:00,9844364.425337503
2001-11-19 00:00:00+00:00,9840868.5398509
2001-11-20 00:00:00+00:00,9856994.653292367
2001-11-21 00:00:00+00:00,9854852.0172698
2001-11-22 00:00:00+00:00,9641040.107594201
2001-11-23 00:00:00+00:00,9641040.107594201
2001-11-26 00:00:00+00:00,9851807.24361677
2001-11-27 00:00:00+00:00,9860716.062432
2001-11-28 00:00:00+00:00,9856346.456802526
2001-11-29 00:00:00+00:00,9856346.456802526
2001-11-30 00:00:00+00:00,9856346.456802526
2001-12-03 00:00:00+00:00,9856346.456802526
2001-12-04 00:00:00+00:00,9856346.456802526
2001-12-05 00:00:00+00:00,9856346.456802526
2001-12-06 00:00:00+00:00,9856346.456802526
2001-12-07 00:00:00+00:00,9856346.456802526
2001-12-10 00:00:00+00:00,9856346.456802526
2001-12-11 00:00:00+00:00,9856346.456802526
2001-12-12 00:00:00+00:00,9856346.456802526
2001-12-13 00:00:00+00:00,9856346.456802526
2001-12-14 00:00:00+00:00,9856346.456802526
2001-12-17 00:00:00+00:00,9856287.322418787
2001-12-18 00:00:00+00:00,9860259.823410608
2001-12-19 00:00:00+00:00,9854577.352591228
2001-12-20 00:00:00+00:00,9859955.32544428
2001-12-21 00:00:00+00:00,9856446.298951207
2001-12-24 00:00:00+00:00,9860503.565800294
2001-12-25 00:00:00+00:00,9860394.336928219
2001-12-26 00:00:00+00:00,9855673.027541498
2001-12-27 00:00:00+00:00,9833627.528494576
2001-12-28 00:00:00+00:00,9863438.773094043
2001-12-31 00:00:00+00:00,9910252.695920506
2002-01-01 00:00:00+00:00,9906803.74984754
2002-01-02 00:00:00+00:00,9909051.678994356
2002-01-03 00:00:00+00:00,9909905.26548447
2002-01-04 00:00:00+00:00,9912549.74400391
2002-01-07 00:00:00+00:00,9911250.73930992
2002-01-08 00:00:00+00:00,9908008.343172682
2002-01-09 00:00:00+00:00,9911680.45271576
2002-01-10 00:00:00+00:00,9907225.007307893
2002-01-11 00:00:00+00:00,9907225.007307893
2002-01-14 00:00:00+00:00,9923426.611170655
2002-01-15 00:00:00+00:00,9918862.35568248
2002-01-16 00:00:00+00:00,9918862.35568248
2002-01-17 00:00:00+00:00,9918862.35568248
2002-01-18 00:00:00+00:00,9918862.35568248
2002-01-21 00:00:00+00:00,9918862.35568248
2002-01-22 00:00:00+00:00,9918862.35568248
2002-01-23 00:00:00+00:00,9918862.35568248
2002-01-24 00:00:00+00:00,9918862.35568248
2002-01-25 00:00:00+00:00,9918862.35568248
2002-01-28 00:00:00+00:00,9918862.35568248
2002-01-29 00:00:00+00:00,9918862.35568248
2002-01-30 00:00:00+00:00,9918862.35568248
2002-01-31 00:00:00+00:00,9918862.35568248
2002-02-01 00:00:00+00:00,9912204.220844248
2002-02-04 00:00:00+00:00,9911109.285617808
2002-02-05 00:00:00+00:00,9911161.423496226
2002-02-06 00:00:00+00:00,9909562.466678599
2002-02-07 00:00:00+00:00,9915247.029974721
2002-02-08 00:00:00+00:00,9918419.499445911
2002-02-11 00:00:00+00:00,9921443.62899303
2002-02-12 00:00:00+00:00,9921983.78421089
2002-02-13 00:00:00+00:00,9921983.78421089
2002-02-14 00:00:00+00:00,9921983.78421089
2002-02-15 00:00:00+00:00,9921983.78421089
2002-02-18 00:00:00+00:00,9921983.78421089
2002-02-19 00:00:00+00:00,9921983.78421089
2002-02-20 00:00:00+00:00,9921983.78421089
2002-02-21 00:00:00+00:00,9921983.78421089
2002-02-22 00:00:00+00:00,9921983.78421089
2002-02-25 00:00:00+00:00,9921983.78421089
2002-02-26 00:00:00+00:00,9921983.78421089
2002-02-27 00:00:00+00:00,9921983.78421089
2002-02-28 00:00:00+00:00,9921983.78421089
2002-03-01 00:00:00+00:00,9921105.322624022
2002-03-04 00:00:00+00:00,9923521.01103955
2002-03-05 00:00:00+00:00,9921226.746558959
2002-03-06 00:00:00+00:00,9928754.325065428
2002-03-07 00:00:00+00:00,9928522.317214781
2002-03-08 00:00:00+00:00,9926403.579253966
2002-03-11 00:00:00+00:00,9925337.699455077
2002-03-12 00:00:00+00:00,9923912.306922728
2002-03-13 00:00:00+00:00,9925240.92483078
2002-03-14 00:00:00+00:00,9929322.195739135
2002-03-15 00:00:00+00:00,9932773.301303253
2002-03-18 00:00:00+00:00,9937477.702995306
2002-03-19 00:00:00+00:00,9935838.923809057
2002-03-20 00:00:00+00:00,9932649.007818708
2002-03-21 00:00:00+00:00,9935054.733440885
2002-03-22 00:00:00+00:00,9929550.099108228
2002-03-25 00:00:00+00:00,9929550.099108228
2002-03-26 00:00:00+00:00,9922455.257818708
2002-03-27 00:00:00+00:00,9925187.175352583
2002-03-28 00:00:00+00:00,9922621.861638276
2002-03-29 00:00:00+00:00,9922621.861638276
2002-04-01 00:00:00+00:00,9933972.330674378
2002-04-02 00:00:00+00:00,9941599.109493027
2002-04-03 00:00:00+00:00,9939707.062775262
2002-04-04 00:00:00+00:00,9936182.242793398
2002-04-05 00:00:00+00:00,9931996.657723742
2002-04-08 00:00:00+00:00,9924852.313193636
2002-04-09 00:00:00+00:00,9918660.536784487
2002-04-10 00:00:00+00:00,9918631.667575197
2002-04-11 00:00:00+00:00,9920305.90160306
2002-04-12 00:00:00+00:00,9924938.907956438
2002-04-15 00:00:00+00:00,9923755.399026232
2002-04-16 00:00:00+00:00,9921677.034663515
2002-04-17 00:00:00+00:00,9916290.720120093
2002-04-18 00:00:00+00:00,9914787.53012528
2002-04-19 00:00:00+00:00,9911052.745758673
2002-04-22 00:00:00+00:00,9913169.347730804
2002-04-23 00:00:00+00:00,9917957.878492523
2002-04-24 00:00:00+00:00,9921918.974657226
2002-04-25 00:00:00+00:00,9914237.899570633
2002-04-26 00:00:00+00:00,9913037.04766481
2002-04-29 00:00:00+00:00,9901522.080030609
2002-04-30 00:00:00+00:00,9911741.316811087
2002-05-01 00:00:00+00:00,9727657.361732962
2002-05-02 00:00:00+00:00,9922931.101469308
2002-05-03 00:00:00+00:00,9928055.624300271
2002-05-06 00:00:00+00:00,9928573.958099354
2002-05-07 00:00:00+00:00,9939876.45877778
2002-05-08 00:00:00+00:00,9939851.63620448
2002-05-09 00:00:00+00:00,9939851.63620448
2002-05-10 00:00:00+00:00,9939851.63620448
2002-05-13 00:00:00+00:00,9939851.63620448
2002-05-14 00:00:00+00:00,9939851.63620448
2002-05-15 00:00:00+00:00,9939851.63620448
2002-05-16 00:00:00+00:00,9939851.63620448
2002-05-17 00:00:00+00:00,9938173.879870115
2002-05-20 00:00:00+00:00,9899821.77559998
2002-05-21 00:00:00+00:00,9897247.650089288
2002-05-22 00:00:00+00:00,9909735.696740203
2002-05-23 00:00:00+00:00,9887577.90876346
2002-05-24 00:00:00+00:00,10014399.315603934
2002-05-27 00:00:00+00:00,10006605.716627719
2002-05-28 00:00:00+00:00,9958719.405347802
2002-05-29 00:00:00+00:00,9988092.330869414
2002-05-30 00:00:00+00:00,9980700.320854325
2002-05-31 00:00:00+00:00,9986638.145647425
2002-06-03 00:00:00+00:00,10003314.494460594
2002-06-04 00:00:00+00:00,10002768.159560373
2002-06-05 00:00:00+00:00,10018010.077440007
2002-06-06 00:00:00+00:00,10018347.455842245
2002-06-07 00:00:00+00:00,10015008.260474432
2002-06-10 00:00:00+00:00,10017356.362572897
2002-06-11 00:00:00+00:00,10019506.25102352
2002-06-12 00:00:00+00:00,10022418.5198748
2002-06-13 00:00:00+00:00,10023592.570924032
2002-06-14 00:00:00+00:00,10024407.337366492
2002-06-17 00:00:00+00:00,10024407.337366492
2002-06-18 00:00:00+00:00,10024407.337366492
2002-06-19 00:00:00+00:00,10022068.71935707
2002-06-20 00:00:00+00:00,10017107.054073866
2002-06-21 00:00:00+00:00,10017737.768459853
2002-06-24 00:00:00+00:00,10018061.811110942
2002-06-25 00:00:00+00:00,10017803.992270915
2002-06-26 00:00:00+00:00,10015525.242354838
2002-06-27 00:00:00+00:00,10016210.34023234
2002-06-28 00:00:00+00:00,10019620.046317546
2002-07-01 00:00:00+00:00,10030871.551020168
2002-07-02 00:00:00+00:00,10029828.138742946
2002-07-03 00:00:00+00:00,10031362.210123561
2002-07-04 00:00:00+00:00,10038074.108754737
2002-07-05 00:00:00+00:00,10037895.951531934
2002-07-08 00:00:00+00:00,10038375.201531934
2002-07-09 00:00:00+00:00,10040752.29206233
2002-07-10 00:00:00+00:00,10041781.351052605
2002-07-11 00:00:00+00:00,10041781.351052605
2002-07-12 00:00:00+00:00,10039933.216545282
2002-07-15 00:00:00+00:00,10028296.164143212
2002-07-16 00:00:00+00:00,10027110.413607055
2002-07-17 00:00:00+00:00,10028588.564369852
2002-07-18 00:00:00+00:00,10031075.534703158
2002-07-19 00:00:00+00:00,10018481.687606715
2002-07-22 00:00:00+00:00,9997828.350426815
2002-07-23 00:00:00+00:00,10007772.77499237
2002-07-24 00:00:00+00:00,10003824.913861893
2002-07-25 00:00:00+00:00,10001593.465385817
2002-07-26 00:00:00+00:00,9969499.51550783
2002-07-29 00:00:00+00:00,9965240.344939213
2002-07-30 00:00:00+00:00,9941887.941313645
2002-07-31 00:00:00+00:00,9959491.374802388
2002-08-01 00:00:00+00:00,9940942.041006364
2002-08-02 00:00:00+00:00,9931923.197591819
2002-08-05 00:00:00+00:00,9942878.090904884
2002-08-06 00:00:00+00:00,9958185.823787192
2002-08-07 00:00:00+00:00,9967865.207670668
2002-08-08 00:00:00+00:00,9916656.674651364
2002-08-09 00:00:00+00:00,9947767.398456076
2002-08-12 00:00:00+00:00,9956347.324820844
2002-08-13 00:00:00+00:00,9965132.469498483
2002-08-14 00:00:00+00:00,9949622.300455185
2002-08-15 00:00:00+00:00,9952776.99517879
2002-08-16 00:00:00+00:00,9954663.608935682
2002-08-19 00:00:00+00:00,9954523.740535386
2002-08-20 00:00:00+00:00,9953765.742693637
2002-08-21 00:00:00+00:00,9947651.636687843
2002-08-22 00:00:00+00:00,9952265.583802605
2002-08-23 00:00:00+00:00,9953985.611161614
2002-08-26 00:00:00+00:00,9948385.254637608
2002-08-27 00:00:00+00:00,9951497.01601061
2002-08-28 00:00:00+00:00,9948983.255110113
2002-08-29 00:00:00+00:00,9946469.432698337
2002-08-30 00:00:00+00:00,9948945.340295568
2002-09-02 00:00:00+00:00,9964318.77765061
2002-09-03 00:00:00+00:00,9969136.29744083
2002-09-04 00:00:00+00:00,9964946.600255791
2002-09-05 00:00:00+00:00,9964108.714128558
2002-09-06 00:00:00+00:00,9967460.443171326
2002-09-09 00:00:00+00:00,9938177.810686205
2002-09-10 00:00:00+00:00,9938060.429143306
2002-09-11 00:00:00+00:00,9928242.036804553
2002-09-12 00:00:00+00:00,9939066.988711711
2002-09-13 00:00:00+00:00,9930941.301086303
2002-09-16 00:00:00+00:00,9911004.503972234
2002-09-17 00:00:00+00:00,9903624.610116782
2002-09-18 00:00:00+00:00,9886065.515344681
2002-09-19 00:00:00+00:00,9859041.542469287
2002-09-20 00:00:00+00:00,9867200.273205781
2002-09-23 00:00:00+00:00,9868971.610500954
2002-09-24 00:00:00+00:00,9875462.621887643
2002-09-25 00:00:00+00:00,9872960.925001383
2002-09-26 00:00:00+00:00,9875942.223772466
2002-09-27 00:00:00+00:00,9897944.213612817
2002-09-30 00:00:00+00:00,9864355.55957915
2002-10-01 00:00:00+00:00,9863787.106060283
2002-10-02 00:00:00+00:00,9863787.106060283
2002-10-03 00:00:00+00:00,9867601.50202872
2002-10-04 00:00:00+00:00,9871865.703361578
2002-10-07 00:00:00+00:00,9916530.883070793
2002-10-08 00:00:00+00:00,9927436.589516131
2002-10-09 00:00:00+00:00,9932254.110467415
2002-10-10 00:00:00+00:00,9925119.658550374
2002-10-11 00:00:00+00:00,9923715.132400764
2002-10-14 00:00:00+00:00,9925102.781548752
2002-10-15 00:00:00+00:00,9925600.307177242
2002-10-16 00:00:00+00:00,9932676.47257708
2002-10-17 00:00:00+00:00,9931068.753091373
2002-10-18 00:00:00+00:00,9930681.661982886
2002-10-21 00:00:00+00:00,9925828.55477795
2002-10-22 00:00:00+00:00,9924392.964906543
2002-10-23 00:00:00+00:00,9910210.980953662
2002-10-24 00:00:00+00:00,9879976.191994635
2002-10-25 00:00:00+00:00,9875634.05780829
2002-10-28 00:00:00+00:00,9870890.866837602
2002-10-29 00:00:00+00:00,9871025.399831798
2002-10-30 00:00:00+00:00,9867563.881987017
2002-10-31 00:00:00+00:00,9881192.886219092
2002-11-01 00:00:00+00:00,9854646.187585004
2002-11-04 00:00:00+00:00,9866303.78079496
2002-11-05 00:00:00+00:00,9848396.730583524
2002-11-06 00:00:00+00:00,9846197.151445419
2002-11-07 00:00:00+00:00,9847725.178758472
2002-11-08 00:00:00+00:00,9857109.139572531
2002-11-11 00:00:00+00:00,9851065.697469983
2002-11-12 00:00:00+00:00,9849197.020453058
2002-11-13 00:00:00+00:00,9849681.457998171
2002-11-14 00:00:00+00:00,9857794.470144048
2002-11-15 00:00:00+00:00,9861235.473666923
2002-11-18 00:00:00+00:00,9879649.023364078
2002-11-19 00:00:00+00:00,9879031.602796618
2002-11-20 00:00:00+00:00,9879294.392103259
2002-11-21 00:00:00+00:00,9875272.560955111
2002-11-22 00:00:00+00:00,9876934.371979777
2002-11-25 00:00:00+00:00,9883188.720152918
2002-11-26 00:00:00+00:00,9892081.967285331
2002-11-27 00:00:00+00:00,9892673.432741825
2002-11-28 00:00:00+00:00,9892673.432741825
2002-11-29 00:00:00+00:00,9892673.432741825
2002-12-02 00:00:00+00:00,9892673.432741825
2002-12-03 00:00:00+00:00,9892673.432741825
2002-12-04 00:00:00+00:00,9892673.432741825
2002-12-05 00:00:00+00:00,9892673.432741825
2002-12-06 00:00:00+00:00,9892613.710991824
2002-12-09 00:00:00+00:00,9891901.210991824
2002-12-10 00:00:00+00:00,9880201.064739307
2002-12-11 00:00:00+00:00,9883318.24229153
2002-12-12 00:00:00+00:00,9882709.825608334
2002-12-13 00:00:00+00:00,9884645.727787098
2002-12-16 00:00:00+00:00,9892073.506783566
2002-12-17 00:00:00+00:00,9894259.77489861
2002-12-18 00:00:00+00:00,9871260.050116405
2002-12-19 00:00:00+00:00,9894560.708289728
2002-12-20 00:00:00+00:00,9891515.242273448
2002-12-23 00:00:00+00:00,9892906.778856395
2002-12-24 00:00:00+00:00,9894958.117060779
2002-12-25 00:00:00+00:00,9894958.117060779
2002-12-26 00:00:00+00:00,9901771.47319424
2002-12-27 00:00:00+00:00,9897039.482139353
2002-12-30 00:00:00+00:00,9891344.232139353
2002-12-31 00:00:00+00:00,9890660.797359709
2003-01-01 00:00:00+00:00,9891496.083602194
2003-01-02 00:00:00+00:00,9893563.652610173
2003-01-03 00:00:00+00:00,9895519.641741147
2003-01-06 00:00:00+00:00,9895129.47144734
2003-01-07 00:00:00+00:00,9902003.123619905
2003-01-08 00:00:00+00:00,9905868.769522028
2003-01-09 00:00:00+00:00,9905364.527277652
2003-01-10 00:00:00+00:00,9905364.527277652
2003-01-13 00:00:00+00:00,9905143.334384412
2003-01-14 00:00:00+00:00,9915981.552606229
2003-01-15 00:00:00+00:00,9919385.451318387
2003-01-16 00:00:00+00:00,9916440.890128365
2003-01-17 00:00:00+00:00,9913000.640128365
2003-01-20 00:00:00+00:00,9909961.759627571
2003-01-21 00:00:00+00:00,9906177.481127968
2003-01-22 00:00:00+00:00,9911395.197127571
2003-01-23 00:00:00+00:00,9911509.861628762
2003-01-24 00:00:00+00:00,9900902.424128762
2003-01-27 00:00:00+00:00,9894308.611628762
2003-01-28 00:00:00+00:00,9938454.78851103
2003-01-29 00:00:00+00:00,9901703.967258852
2003-01-30 00:00:00+00:00,9897551.432473874
2003-01-31 00:00:00+00:00,9902379.60609235
2003-02-03 00:00:00+00:00,9936171.574667351
2003-02-04 00:00:00+00:00,9932814.831999063
2003-02-05 00:00:00+00:00,9924782.60362649
2003-02-06 00:00:00+00:00,9945609.635917084
2003-02-07 00:00:00+00:00,9952432.629935533
2003-02-10 00:00:00+00:00,9947287.485488633
2003-02-11 00:00:00+00:00,9949228.579927506
2003-02-12 00:00:00+00:00,9942234.097584996
2003-02-13 00:00:00+00:00,9942234.097584996
2003-02-14 00:00:00+00:00,9917071.084108386
2003-02-17 00:00:00+00:00,9935957.930154776
2003-02-18 00:00:00+00:00,9946502.224187655
2003-02-19 00:00:00+00:00,9957591.070827289
2003-02-20 00:00:00+00:00,9964206.038379623
2003-02-21 00:00:00+00:00,9951201.413727932
2003-02-24 00:00:00+00:00,9956536.518840961
2003-02-25 00:00:00+00:00,9955161.905259069
2003-02-26 00:00:00+00:00,9951831.582202526
2003-02-27 00:00:00+00:00,9952837.118440958
2003-02-28 00:00:00+00:00,9963451.474845262
2003-03-03 00:00:00+00:00,9970916.006097507
2003-03-04 00:00:00+00:00,9962899.600582607
2003-03-05 00:00:00+00:00,9952735.52625241
2003-03-06 00:00:00+00:00,9958940.278850576
2003-03-07 00:00:00+00:00,9940363.841885466
2003-03-10 00:00:00+00:00,9932493.870758537
2003-03-11 00:00:00+00:00,9936294.349569948
2003-03-12 00:00:00+00:00,9922696.877021294
2003-03-13 00:00:00+00:00,9917343.987450104
2003-03-14 00:00:00+00:00,9740174.308006745
2003-03-17 00:00:00+00:00,9912702.035548907
2003-03-18 00:00:00+00:00,9736862.170558672
2003-03-19 00:00:00+00:00,9910400.172172766
2003-03-20 00:00:00+00:00,9933103.42884851
2003-03-21 00:00:00+00:00,9943270.954490364
2003-03-24 00:00:00+00:00,9926340.805992419
2003-03-25 00:00:00+00:00,9917969.844396316
2003-03-26 00:00:00+00:00,9914865.6273124
2003-03-27 00:00:00+00:00,9901906.711623408
2003-03-28 00:00:00+00:00,9890442.178324439
2003-03-31 00:00:00+00:00,9859351.396869875
2003-04-01 00:00:00+00:00,9695170.932849381
2003-04-02 00:00:00+00:00,9908129.19519684
2003-04-03 00:00:00+00:00,9938559.327115383
2003-04-04 00:00:00+00:00,9943286.024864083
2003-04-07 00:00:00+00:00,9951653.778926762
2003-04-08 00:00:00+00:00,9936735.292058643
2003-04-09 00:00:00+00:00,9926391.64612263
2003-04-10 00:00:00+00:00,9899248.972472843
2003-04-11 00:00:00+00:00,9887775.14305278
2003-04-14 00:00:00+00:00,9692442.790276013
2003-04-15 00:00:00+00:00,9889061.41827228
2003-04-16 00:00:00+00:00,9881061.854288971
2003-04-17 00:00:00+00:00,9863784.407477295
2003-04-18 00:00:00+00:00,9863784.407477295
2003-04-21 00:00:00+00:00,9866619.521887695
2003-04-22 00:00:00+00:00,9869776.343098557
2003-04-23 00:00:00+00:00,9869868.547727866
2003-04-24 00:00:00+00:00,9870594.931272788
2003-04-25 00:00:00+00:00,9867445.353819175
2003-04-28 00:00:00+00:00,9865835.893919272
2003-04-29 00:00:00+00:00,9862363.347746177
2003-04-30 00:00:00+00:00,9857244.981199546
2003-05-01 00:00:00+00:00,9857244.981199546
2003-05-02 00:00:00+00:00,9862640.974158905
2003-05-05 00:00:00+00:00,9857118.0128754
2003-05-06 00:00:00+00:00,9861217.410519443
2003-05-07 00:00:00+00:00,9862972.405008312
2003-05-08 00:00:00+00:00,9869130.861963268
2003-05-09 00:00:00+00:00,9871308.830504853
2003-05-12 00:00:00+00:00,9874991.283755738
2003-05-13 00:00:00+00:00,9875348.851154985
2003-05-14 00:00:00+00:00,9878888.513653459
2003-05-15 00:00:00+00:00,9879521.933438005
2003-05-16 00:00:00+00:00,9877109.062088609
2003-05-19 00:00:00+00:00,9886388.644508958
2003-05-20 00:00:00+00:00,9880029.577143608
2003-05-21 00:00:00+00:00,9880029.577143608
2003-05-22 00:00:00+00:00,9880029.577143608
2003-05-23 00:00:00+00:00,9880029.577143608
2003-05-26 00:00:00+00:00,9880029.577143608
2003-05-27 00:00:00+00:00,9880029.577143608
2003-05-28 00:00:00+00:00,9880029.577143608
2003-05-29 00:00:00+00:00,9880029.577143608
2003-05-30 00:00:00+00:00,9880029.577143608
2003-06-02 00:00:00+00:00,9880029.577143608
2003-06-03 00:00:00+00:00,9880029.577143608
2003-06-04 00:00:00+00:00,9880029.577143608
2003-06-05 00:00:00+00:00,9880029.577143608
2003-06-06 00:00:00+00:00,9880029.577143608
2003-06-09 00:00:00+00:00,9880029.577143608
2003-06-10 00:00:00+00:00,9880029.577143608
2003-06-11 00:00:00+00:00,9880029.577143608
2003-06-12 00:00:00+00:00,9880029.577143608
2003-06-13 00:00:00+00:00,9880029.577143608
2003-06-16 00:00:00+00:00,9880029.577143608
2003-06-17 00:00:00+00:00,9880029.577143608
2003-06-18 00:00:00+00:00,9880029.577143608
2003-06-19 00:00:00+00:00,9880029.577143608
2003-06-20 00:00:00+00:00,9880029.577143608
2003-06-23 00:00:00+00:00,9880029.577143608
2003-06-24 00:00:00+00:00,9880029.577143608
2003-06-25 00:00:00+00:00,9880029.577143608
2003-06-26 00:00:00+00:00,9880029.577143608
2003-06-27 00:00:00+00:00,9880029.577143608
2003-06-30 00:00:00+00:00,9880029.577143608
2003-07-01 00:00:00+00:00,9880029.577143608
2003-07-02 00:00:00+00:00,9880029.577143608
2003-07-03 00:00:00+00:00,9880029.577143608
2003-07-04 00:00:00+00:00,9880029.577143608
2003-07-07 00:00:00+00:00,9880029.577143608
2003-07-08 00:00:00+00:00,9880029.577143608
2003-07-09 00:00:00+00:00,9880029.577143608
2003-07-10 00:00:00+00:00,9880029.577143608
2003-07-11 00:00:00+00:00,9880029.577143608
2003-07-14 00:00:00+00:00,9880029.577143608
2003-07-15 00:00:00+00:00,9880029.577143608
2003-07-16 00:00:00+00:00,9879443.557562983
2003-07-17 00:00:00+00:00,9878733.307562983
2003-07-18 00:00:00+00:00,9873300.265502982
2003-07-21 00:00:00+00:00,9866010.841326881
2003-07-22 00:00:00+00:00,9873326.579928566
2003-07-23 00:00:00+00:00,9876895.692858169
2003-07-24 00:00:00+00:00,9880432.676175276
2003-07-25 00:00:00+00:00,9887770.570963545
2003-07-28 00:00:00+00:00,9900292.59977112
2003-07-29 00:00:00+00:00,9887330.917443799
2003-07-30 00:00:00+00:00,9883510.167443799
2003-07-31 00:00:00+00:00,9881176.917443799
2003-08-01 00:00:00+00:00,9883577.167443799
2003-08-04 00:00:00+00:00,9886857.417443799
2003-08-05 00:00:00+00:00,9887755.321006924
2003-08-06 00:00:00+00:00,9890017.65730517
2003-08-07 00:00:00+00:00,9892564.259081293
2003-08-08 00:00:00+00:00,9898419.654344965
2003-08-11 00:00:00+00:00,9901629.827021088
2003-08-12 00:00:00+00:00,9899505.524652924
2003-08-13 00:00:00+00:00,9899631.629389253
2003-08-14 00:00:00+00:00,9902328.22820517
2003-08-15 00:00:00+00:00,9902266.326684816
2003-08-18 00:00:00+00:00,9902266.326684816
2003-08-19 00:00:00+00:00,9902266.326684816
2003-08-20 00:00:00+00:00,9902266.326684816
2003-08-21 00:00:00+00:00,9902266.326684816
2003-08-22 00:00:00+00:00,9902266.326684816
2003-08-25 00:00:00+00:00,9902266.326684816
2003-08-26 00:00:00+00:00,9902266.326684816
2003-08-27 00:00:00+00:00,9902266.326684816
2003-08-28 00:00:00+00:00,9902266.326684816
2003-08-29 00:00:00+00:00,9902266.326684816
2003-09-01 00:00:00+00:00,9902266.326684816
2003-09-02 00:00:00+00:00,9902266.326684816
2003-09-03 00:00:00+00:00,9902266.326684816
2003-09-04 00:00:00+00:00,9902266.326684816
2003-09-05 00:00:00+00:00,9902523.245719833
2003-09-08 00:00:00+00:00,9902318.264060898
2003-09-09 00:00:00+00:00,9904573.153539581
2003-09-10 00:00:00+00:00,9905734.764060898
2003-09-11 00:00:00+00:00,9902113.269369049
2003-09-12 00:00:00+00:00,9898355.124582214
2003-09-15 00:00:00+00:00,9897466.827283783
2003-09-16 00:00:00+00:00,9900532.962976374
2003-09-17 00:00:00+00:00,9905916.3618621
2003-09-18 00:00:00+00:00,9898997.985201754
2003-09-19 00:00:00+00:00,9898960.036958145
2003-09-22 00:00:00+00:00,9892934.069065498
2003-09-23 00:00:00+00:00,9903053.277744697
2003-09-24 00:00:00+00:00,9920129.137788769
2003-09-25 00:00:00+00:00,9919119.644839726
2003-09-26 00:00:00+00:00,9927314.66130682
2003-09-29 00:00:00+00:00,9927841.98394264
2003-09-30 00:00:00+00:00,9926388.006168013
2003-10-01 00:00:00+00:00,9926388.006168013
2003-10-02 00:00:00+00:00,9926388.006168013
2003-10-03 00:00:00+00:00,9926388.006168013
2003-10-06 00:00:00+00:00,9926388.006168013
2003-10-07 00:00:00+00:00,9926388.006168013
2003-10-08 00:00:00+00:00,9926388.006168013
2003-10-09 00:00:00+00:00,9926388.006168013
2003-10-10 00:00:00+00:00,9926388.006168013
2003-10-13 00:00:00+00:00,9927636.649113014
2003-10-14 00:00:00+00:00,9928554.649113014
2003-10-15 00:00:00+00:00,9926718.649113014
2003-10-16 00:00:00+00:00,9925112.149113014
2003-10-17 00:00:00+00:00,9924653.149113014
2003-10-20 00:00:00+00:00,9924194.149113014
2003-10-21 00:00:00+00:00,9926030.149113014
2003-10-22 00:00:00+00:00,9930161.149113014
2003-10-23 00:00:00+00:00,9929859.589555515
2003-10-24 00:00:00+00:00,9934131.441019118
2003-10-27 00:00:00+00:00,9929912.779211104
2003-10-28 00:00:00+00:00,9929494.402935088
2003-10-29 00:00:00+00:00,9929843.04761511
2003-10-30 00:00:00+00:00,9929738.456871092
2003-10-31 00:00:00+00:00,9923637.081871092
2003-11-03 00:00:00+00:00,9929076.01335913
2003-11-04 00:00:00+00:00,9932248.727827132
2003-11-05 00:00:00+00:00,9937617.941019118
2003-11-06 00:00:00+00:00,9938471.284357553
2003-11-07 00:00:00+00:00,9938471.284357553
2003-11-10 00:00:00+00:00,9938471.284357553
2003-11-11 00:00:00+00:00,9938471.284357553
2003-11-12 00:00:00+00:00,9938471.284357553
2003-11-13 00:00:00+00:00,9938471.284357553
2003-11-14 00:00:00+00:00,9938471.284357553
2003-11-17 00:00:00+00:00,9938471.284357553
2003-11-18 00:00:00+00:00,9945103.168659762
2003-11-19 00:00:00+00:00,9943108.87064651
2003-11-20 00:00:00+00:00,9941472.51764587
2003-11-21 00:00:00+00:00,9937426.420735443
2003-11-24 00:00:00+00:00,9950781.599747742
2003-11-25 00:00:00+00:00,9951868.31703862
2003-11-26 00:00:00+00:00,9951868.31703862
2003-11-27 00:00:00+00:00,10066090.589261446
2003-11-28 00:00:00+00:00,10073777.990892615
2003-12-01 00:00:00+00:00,10077497.202192944
2003-12-02 00:00:00+00:00,10075860.849192303
2003-12-03 00:00:00+00:00,10074224.50984637
2003-12-04 00:00:00+00:00,10071770.007654827
2003-12-05 00:00:00+00:00,10070133.654654186
2003-12-08 00:00:00+00:00,10070133.654654186
2003-12-09 00:00:00+00:00,10075042.686346691
2003-12-10 00:00:00+00:00,10076703.63271156
2003-12-11 00:00:00+00:00,10076703.63271156
2003-12-12 00:00:00+00:00,10076703.63271156
2003-12-15 00:00:00+00:00,10076703.63271156
2003-12-16 00:00:00+00:00,10076703.63271156
2003-12-17 00:00:00+00:00,10076703.63271156
2003-12-18 00:00:00+00:00,10076703.63271156
2003-12-19 00:00:00+00:00,10076703.63271156
2003-12-22 00:00:00+00:00,10076703.63271156
2003-12-23 00:00:00+00:00,10076703.63271156
2003-12-24 00:00:00+00:00,10076703.63271156
2003-12-25 00:00:00+00:00,10076703.63271156
2003-12-26 00:00:00+00:00,10115661.62816991
2003-12-29 00:00:00+00:00,10130887.78310666
2003-12-30 00:00:00+00:00,10130887.78310666
2003-12-31 00:00:00+00:00,10130887.78310666
2004-01-01 00:00:00+00:00,10130887.78310666
2004-01-02 00:00:00+00:00,10130887.78310666
2004-01-05 00:00:00+00:00,10130887.78310666
2004-01-06 00:00:00+00:00,10130887.78310666
2004-01-07 00:00:00+00:00,10130887.78310666
2004-01-08 00:00:00+00:00,10130887.78310666
2004-01-09 00:00:00+00:00,10130887.78310666
2004-01-12 00:00:00+00:00,10130887.78310666
2004-01-13 00:00:00+00:00,10130887.78310666
2004-01-14 00:00:00+00:00,10130887.78310666
2004-01-15 00:00:00+00:00,10130887.78310666
2004-01-16 00:00:00+00:00,10130887.78310666
2004-01-19 00:00:00+00:00,10126096.672776138
2004-01-20 00:00:00+00:00,10127033.858441269
2004-01-21 00:00:00+00:00,10109706.840092575
2004-01-22 00:00:00+00:00,10109630.361448076
2004-01-23 00:00:00+00:00,10134921.848416854
2004-01-26 00:00:00+00:00,10134921.848416854
2004-01-27 00:00:00+00:00,10155676.671967972
2004-01-28 00:00:00+00:00,10147059.300091038
2004-01-29 00:00:00+00:00,10143290.470230648
2004-01-30 00:00:00+00:00,10137275.751288423
2004-02-02 00:00:00+00:00,10137275.751288423
2004-02-03 00:00:00+00:00,10129247.63771225
2004-02-04 00:00:00+00:00,10145659.569332972
2004-02-05 00:00:00+00:00,10148875.566812612
2004-02-06 00:00:00+00:00,10145827.162206467
2004-02-09 00:00:00+00:00,10164766.705312248
2004-02-10 00:00:00+00:00,10152312.523023525
2004-02-11 00:00:00+00:00,10148195.355979422
2004-02-12 00:00:00+00:00,10149234.789131442
2004-02-13 00:00:00+00:00,10159098.43473337
2004-02-16 00:00:00+00:00,10165705.603677334
2004-02-17 00:00:00+00:00,10184040.004521417
2004-02-18 00:00:00+00:00,10185970.51700912
2004-02-19 00:00:00+00:00,10184783.134084683
2004-02-20 00:00:00+00:00,10184086.236688476
2004-02-23 00:00:00+00:00,10139124.452831166
2004-02-24 00:00:00+00:00,10154763.642355714
2004-02-25 00:00:00+00:00,10148902.680087242
2004-02-26 00:00:00+00:00,10120790.353172278
2004-02-27 00:00:00+00:00,10137368.232770892
2004-03-01 00:00:00+00:00,10150320.889556855
2004-03-02 00:00:00+00:00,10150267.929181673
2004-03-03 00:00:00+00:00,10157229.382680334
2004-03-04 00:00:00+00:00,10136473.985686367
2004-03-05 00:00:00+00:00,10132005.79762515
2004-03-08 00:00:00+00:00,10164354.664098226
2004-03-09 00:00:00+00:00,10172260.533254242
2004-03-10 00:00:00+00:00,10161932.389792895
2004-03-11 00:00:00+00:00,10167534.677301701
2004-03-12 00:00:00+00:00,10152442.637215432
2004-03-15 00:00:00+00:00,10132955.06329995
2004-03-16 00:00:00+00:00,10100191.450478531
2004-03-17 00:00:00+00:00,10106399.18409124
2004-03-18 00:00:00+00:00,10080917.464984357
2004-03-19 00:00:00+00:00,10091574.963543952
2004-03-22 00:00:00+00:00,10035140.323672771
2004-03-23 00:00:00+00:00,10029701.37405163
2004-03-24 00:00:00+00:00,10042232.921499133
2004-03-25 00:00:00+00:00,10079207.719119325
2004-03-26 00:00:00+00:00,10117294.478492873
2004-03-29 00:00:00+00:00,10124382.134287158
2004-03-30 00:00:00+00:00,10120705.298557177
2004-03-31 00:00:00+00:00,10117396.861468945
2004-04-01 00:00:00+00:00,10144877.44115875
2004-04-02 00:00:00+00:00,10162170.497356415
2004-04-05 00:00:00+00:00,10168168.18393604
2004-04-06 00:00:00+00:00,10168168.18393604
2004-04-07 00:00:00+00:00,10168168.18393604
2004-04-08 00:00:00+00:00,10168168.18393604
2004-04-09 00:00:00+00:00,10168168.18393604
2004-04-12 00:00:00+00:00,10168168.18393604
2004-04-13 00:00:00+00:00,10168168.18393604
2004-04-14 00:00:00+00:00,10168168.18393604
2004-04-15 00:00:00+00:00,10168168.18393604
2004-04-16 00:00:00+00:00,10165810.331375552
2004-04-19 00:00:00+00:00,10165607.012413455
2004-04-20 00:00:00+00:00,10165279.464996768
2004-04-21 00:00:00+00:00,10165855.50379224
2004-04-22 00:00:00+00:00,10167118.628559755
2004-04-23 00:00:00+00:00,10176066.793198274
2004-04-26 00:00:00+00:00,9965568.772488283
2004-04-27 00:00:00+00:00,10298395.103385758
2004-04-28 00:00:00+00:00,10249392.795830842
2004-04-29 00:00:00+00:00,10251071.065508258
2004-04-30 00:00:00+00:00,10261455.43949965
2004-05-03 00:00:00+00:00,10261678.619095836
2004-05-04 00:00:00+00:00,10266732.33717055
2004-05-05 00:00:00+00:00,10272962.887090513
2004-05-06 00:00:00+00:00,10275048.618517093
2004-05-07 00:00:00+00:00,10265176.10961359
2004-05-10 00:00:00+00:00,10248450.680797268
2004-05-11 00:00:00+00:00,10221281.96977489
2004-05-12 00:00:00+00:00,10238201.09949583
2004-05-13 00:00:00+00:00,10250794.954001369
2004-05-14 00:00:00+00:00,10135575.725769704
2004-05-17 00:00:00+00:00,9852598.869260682
2004-05-18 00:00:00+00:00,10062533.408620251
2004-05-19 00:00:00+00:00,10171974.89578141
2004-05-20 00:00:00+00:00,10144933.439093627
2004-05-21 00:00:00+00:00,10146579.686158217
2004-05-24 00:00:00+00:00,10202667.24459235
2004-05-25 00:00:00+00:00,10185537.079371694
2004-05-26 00:00:00+00:00,10177471.347168004
2004-05-27 00:00:00+00:00,10158381.26827482
2004-05-28 00:00:00+00:00,10052740.097460305
2004-05-31 00:00:00+00:00,9983519.952062642
2004-06-01 00:00:00+00:00,10049323.829881703
2004-06-02 00:00:00+00:00,10055025.400560351
2004-06-03 00:00:00+00:00,10020433.890900107
2004-06-04 00:00:00+00:00,10055134.681797
2004-06-07 00:00:00+00:00,10071360.503584146
2004-06-08 00:00:00+00:00,10079901.743543012
2004-06-09 00:00:00+00:00,10097025.223950727
2004-06-10 00:00:00+00:00,10094696.17409264
2004-06-11 00:00:00+00:00,10088254.383826602
2004-06-14 00:00:00+00:00,10067727.62589237
2004-06-15 00:00:00+00:00,10077205.66840717
2004-06-16 00:00:00+00:00,10077792.714069096
2004-06-17 00:00:00+00:00,10082183.98118755
2004-06-18 00:00:00+00:00,10076281.519767491
2004-06-21 00:00:00+00:00,10062107.17155048
2004-06-22 00:00:00+00:00,10064202.711452214
2004-06-23 00:00:00+00:00,10045280.644735778
2004-06-24 00:00:00+00:00,10050122.268524287
2004-06-25 00:00:00+00:00,10088610.413390901
2004-06-28 00:00:00+00:00,10128926.385698931
2004-06-29 00:00:00+00:00,10116146.797977606
2004-06-30 00:00:00+00:00,10110665.263630072
2004-07-01 00:00:00+00:00,10115461.190677801
2004-07-02 00:00:00+00:00,10122779.413432756
2004-07-05 00:00:00+00:00,10120685.303432146
2004-07-06 00:00:00+00:00,10122646.221522966
2004-07-07 00:00:00+00:00,10122680.72561423
2004-07-08 00:00:00+00:00,10115563.472935835
2004-07-09 00:00:00+00:00,10115027.894774824
2004-07-12 00:00:00+00:00,10119146.583541304
2004-07-13 00:00:00+00:00,10116958.300569708
2004-07-14 00:00:00+00:00,10105203.793387305
2004-07-15 00:00:00+00:00,10120963.285233201
2004-07-16 00:00:00+00:00,10129861.839617677
2004-07-19 00:00:00+00:00,10134171.44813003
2004-07-20 00:00:00+00:00,10138584.740033789
2004-07-21 00:00:00+00:00,10137055.077739073
2004-07-22 00:00:00+00:00,10123143.04859887
2004-07-23 00:00:00+00:00,10124700.049819574
2004-07-26 00:00:00+00:00,10122816.893081293
2004-07-27 00:00:00+00:00,10114854.586684808
2004-07-28 00:00:00+00:00,10099375.092284784
2004-07-29 00:00:00+00:00,10090623.89083825
2004-07-30 00:00:00+00:00,10091162.062865838
2004-08-02 00:00:00+00:00,10106381.779006585
2004-08-03 00:00:00+00:00,10106893.874812474
2004-08-04 00:00:00+00:00,10090746.275660863
2004-08-05 00:00:00+00:00,10104678.023448339
2004-08-06 00:00:00+00:00,10103347.17199265
2004-08-09 00:00:00+00:00,10111900.023417821
2004-08-10 00:00:00+00:00,10114772.26225257
2004-08-11 00:00:00+00:00,10113814.834756646
2004-08-12 00:00:00+00:00,10113059.834756646
2004-08-13 00:00:00+00:00,10105449.426013455
2004-08-16 00:00:00+00:00,10102645.04565762
2004-08-17 00:00:00+00:00,10109803.88864468
2004-08-18 00:00:00+00:00,10091084.414190117
2004-08-19 00:00:00+00:00,10103781.437441755
2004-08-20 00:00:00+00:00,10086864.82493888
2004-08-23 00:00:00+00:00,10073258.348689185
2004-08-24 00:00:00+00:00,10071315.729086438
2004-08-25 00:00:00+00:00,10056124.422774673
2004-08-26 00:00:00+00:00,10071920.1476053
2004-08-27 00:00:00+00:00,10071325.482749343
2004-08-30 00:00:00+00:00,10098164.445212312
2004-08-31 00:00:00+00:00,10098431.58994971
2004-09-01 00:00:00+00:00,10095002.298898323
2004-09-02 00:00:00+00:00,10094828.874996169
2004-09-03 00:00:00+00:00,10089120.983121995
2004-09-06 00:00:00+00:00,9930406.970629815
2004-09-07 00:00:00+00:00,10093967.203525666
2004-09-08 00:00:00+00:00,10090935.31680644
2004-09-09 00:00:00+00:00,10081756.588913087
2004-09-10 00:00:00+00:00,10088066.066663096
2004-09-13 00:00:00+00:00,10101011.952062342
2004-09-14 00:00:00+00:00,10104520.886627886
2004-09-15 00:00:00+00:00,10107238.099522099
2004-09-16 00:00:00+00:00,10107797.399433598
2004-09-17 00:00:00+00:00,10106865.232914433
2004-09-20 00:00:00+00:00,10106647.729862675
2004-09-21 00:00:00+00:00,10109568.50841187
2004-09-22 00:00:00+00:00,10109664.655671459
2004-09-23 00:00:00+00:00,10109664.655671459
2004-09-24 00:00:00+00:00,10109664.655671459
2004-09-27 00:00:00+00:00,10109664.655671459
2004-09-28 00:00:00+00:00,10109664.655671459
2004-09-29 00:00:00+00:00,10109664.655671459
2004-09-30 00:00:00+00:00,10109664.655671459
2004-10-01 00:00:00+00:00,10109664.655671459
2004-10-04 00:00:00+00:00,10109664.655671459
2004-10-05 00:00:00+00:00,10109664.655671459
2004-10-06 00:00:00+00:00,10109664.655671459
2004-10-07 00:00:00+00:00,10109664.655671459
2004-10-08 00:00:00+00:00,10110183.884607127
2004-10-11 00:00:00+00:00,10108145.486551097
2004-10-12 00:00:00+00:00,10105121.025423078
2004-10-13 00:00:00+00:00,9905332.025423078
2004-10-14 00:00:00+00:00,10076082.855724692
2004-10-15 00:00:00+00:00,10074604.154967083
2004-10-18 00:00:00+00:00,10072223.305533184
2004-10-19 00:00:00+00:00,10073948.728789104
2004-10-20 00:00:00+00:00,10075535.98866917
2004-10-21 00:00:00+00:00,10078169.272803081
2004-10-22 00:00:00+00:00,10078107.781597374
2004-10-25 00:00:00+00:00,10079467.341091393
2004-10-26 00:00:00+00:00,10085509.24212416
2004-10-27 00:00:00+00:00,10083734.103142127
2004-10-28 00:00:00+00:00,10105761.784079075
2004-10-29 00:00:00+00:00,10114339.561489943
2004-11-01 00:00:00+00:00,10113551.435252748
2004-11-02 00:00:00+00:00,10112400.278631425
2004-11-03 00:00:00+00:00,10118835.440016007
2004-11-04 00:00:00+00:00,10118379.283796228
2004-11-05 00:00:00+00:00,10124687.470418848
2004-11-08 00:00:00+00:00,10126006.281164087
2004-11-09 00:00:00+00:00,10122354.179044642
2004-11-10 00:00:00+00:00,10126679.533796228
2004-11-11 00:00:00+00:00,10130174.855104364
2004-11-12 00:00:00+00:00,10132096.093729254
2004-11-15 00:00:00+00:00,10132096.093729254
2004-11-16 00:00:00+00:00,10132096.093729254
2004-11-17 00:00:00+00:00,10132096.093729254
2004-11-18 00:00:00+00:00,10132096.093729254
2004-11-19 00:00:00+00:00,10132096.093729254
2004-11-22 00:00:00+00:00,10132096.093729254
2004-11-23 00:00:00+00:00,10132096.093729254
2004-11-24 00:00:00+00:00,10132096.093729254
2004-11-25 00:00:00+00:00,10132096.093729254
2004-11-26 00:00:00+00:00,10132096.093729254
2004-11-29 00:00:00+00:00,10136000.496997213
2004-11-30 00:00:00+00:00,10139078.555149116
2004-12-01 00:00:00+00:00,10139662.844707526
2004-12-02 00:00:00+00:00,10139774.369276535
2004-12-03 00:00:00+00:00,10148815.619276535
2004-12-06 00:00:00+00:00,10152569.864586802
2004-12-07 00:00:00+00:00,10141454.742489787
2004-12-08 00:00:00+00:00,10143826.620392771
2004-12-09 00:00:00+00:00,10148432.411091777
2004-12-10 00:00:00+00:00,10135942.992489787
2004-12-13 00:00:00+00:00,10141452.31288811
2004-12-14 00:00:00+00:00,10141770.395857299
2004-12-15 00:00:00+00:00,10168373.235964263
2004-12-16 00:00:00+00:00,10164704.699336415
2004-12-17 00:00:00+00:00,10166915.303680306
2004-12-20 00:00:00+00:00,10168776.875452882
2004-12-21 00:00:00+00:00,10170667.532117253
2004-12-22 00:00:00+00:00,10167991.527895337
2004-12-23 00:00:00+00:00,10170318.485676175
2004-12-24 00:00:00+00:00,9970112.667672044
2004-12-27 00:00:00+00:00,10172936.320114499
2004-12-28 00:00:00+00:00,10173260.751634462
2004-12-29 00:00:00+00:00,10173260.751634462
2004-12-30 00:00:00+00:00,10174330.703454152
2004-12-31 00:00:00+00:00,10180123.797459945
2005-01-03 00:00:00+00:00,10186550.374208331
2005-01-04 00:00:00+00:00,10189885.252196211
2005-01-05 00:00:00+00:00,10187506.899217028
2005-01-06 00:00:00+00:00,10194952.189542193
2005-01-07 00:00:00+00:00,10190740.217366662
2005-01-10 00:00:00+00:00,10187350.405163255
2005-01-11 00:00:00+00:00,10185665.602420297
2005-01-12 00:00:00+00:00,10179433.51234242
2005-01-13 00:00:00+00:00,10213106.79935212
2005-01-14 00:00:00+00:00,10204451.952267395
2005-01-17 00:00:00+00:00,10196714.424570268
2005-01-18 00:00:00+00:00,10207651.071629899
2005-01-19 00:00:00+00:00,10209096.480965989
2005-01-20 00:00:00+00:00,10210301.780663896
2005-01-21 00:00:00+00:00,8857388.877473284
2005-01-24 00:00:00+00:00,10223457.46950667
2005-01-25 00:00:00+00:00,10227717.928867418
2005-01-26 00:00:00+00:00,8878857.139389116
2005-01-27 00:00:00+00:00,10238029.521559402
2005-01-28 00:00:00+00:00,10265637.699053451
2005-01-31 00:00:00+00:00,10274555.437708363
2005-02-01 00:00:00+00:00,10273401.313265309
2005-02-02 00:00:00+00:00,10272950.36368144
2005-02-03 00:00:00+00:00,10274682.899692181
2005-02-04 00:00:00+00:00,10276161.267490033
2005-02-07 00:00:00+00:00,10274215.853860883
2005-02-08 00:00:00+00:00,10266838.94749314
2005-02-09 00:00:00+00:00,10265032.717039648
2005-02-10 00:00:00+00:00,10281735.56239945
2005-02-11 00:00:00+00:00,10278481.747578658
2005-02-14 00:00:00+00:00,10276134.90179161
2005-02-15 00:00:00+00:00,10272959.747578658
2005-02-16 00:00:00+00:00,10277377.364430465
2005-02-17 00:00:00+00:00,10276410.997578658
2005-02-18 00:00:00+00:00,10266131.126310669
2005-02-21 00:00:00+00:00,10264862.911756836
2005-02-22 00:00:00+00:00,10265301.23195871
2005-02-23 00:00:00+00:00,10265884.743448578
2005-02-24 00:00:00+00:00,10265799.17343191
2005-02-25 00:00:00+00:00,10270067.63251769
2005-02-28 00:00:00+00:00,10272617.863156194
2005-03-01 00:00:00+00:00,10275565.942903101
2005-03-02 00:00:00+00:00,10274030.306108057
2005-03-03 00:00:00+00:00,10280097.24767834
2005-03-04 00:00:00+00:00,10280463.285339482
2005-03-07 00:00:00+00:00,10278244.274467595
2005-03-08 00:00:00+00:00,10277240.660339482
2005-03-09 00:00:00+00:00,10265407.602850145
2005-03-10 00:00:00+00:00,10261473.620081132
2005-03-11 00:00:00+00:00,10259197.326505845
2005-03-14 00:00:00+00:00,10255420.642065233
2005-03-15 00:00:00+00:00,10256620.849026179
2005-03-16 00:00:00+00:00,10264569.042496374
2005-03-17 00:00:00+00:00,10258933.60017833
2005-03-18 00:00:00+00:00,10263408.571850706
2005-03-21 00:00:00+00:00,10244907.379609037
2005-03-22 00:00:00+00:00,10213005.861197144
2005-03-23 00:00:00+00:00,10164784.8245815
2005-03-24 00:00:00+00:00,10159653.424721513
2005-03-28 00:00:00+00:00,10151288.48612957
2005-03-29 00:00:00+00:00,10131770.426620293
2005-03-30 00:00:00+00:00,10156434.768849138
2005-03-31 00:00:00+00:00,10174704.445015673
2005-04-01 00:00:00+00:00,10220983.266534677
2005-04-04 00:00:00+00:00,10230209.297739733
2005-04-05 00:00:00+00:00,10222860.346346086
2005-04-06 00:00:00+00:00,10231411.635229295
2005-04-07 00:00:00+00:00,10230941.745301088
2005-04-08 00:00:00+00:00,10223168.050045809
2005-04-11 00:00:00+00:00,10221111.507675966
2005-04-12 00:00:00+00:00,10238840.232371638
2005-04-13 00:00:00+00:00,10241672.305604875
2005-04-14 00:00:00+00:00,9513249.33730501
2005-04-15 00:00:00+00:00,10222455.422338944
2005-04-18 00:00:00+00:00,10209793.82981853
2005-04-19 00:00:00+00:00,10164650.36867074
2005-04-20 00:00:00+00:00,10207517.845877418
2005-04-21 00:00:00+00:00,10241822.01424099
2005-04-22 00:00:00+00:00,10273615.8487784
2005-04-25 00:00:00+00:00,10276694.605417827
2005-04-26 00:00:00+00:00,10261636.610335082
2005-04-27 00:00:00+00:00,10241911.142216492
2005-04-28 00:00:00+00:00,10238895.531918336
2005-04-29 00:00:00+00:00,10220567.539543578
2005-05-02 00:00:00+00:00,10226349.961160673
2005-05-03 00:00:00+00:00,10230660.15689279
2005-05-04 00:00:00+00:00,10247544.491173532
2005-05-05 00:00:00+00:00,10264046.299851205
2005-05-06 00:00:00+00:00,10273082.087852556
2005-05-09 00:00:00+00:00,10273337.79393937
2005-05-10 00:00:00+00:00,10271497.869471647
2005-05-11 00:00:00+00:00,10276395.798668476
2005-05-12 00:00:00+00:00,10276693.352844806
2005-05-13 00:00:00+00:00,10274522.524056049
2005-05-16 00:00:00+00:00,10292378.179344745
2005-05-17 00:00:00+00:00,10291792.683544422
2005-05-18 00:00:00+00:00,10291382.705796704
2005-05-19 00:00:00+00:00,10291785.91502522
2005-05-20 00:00:00+00:00,10287149.108872876
2005-05-23 00:00:00+00:00,10280496.318101391
2005-05-24 00:00:00+00:00,10294809.91502522
2005-05-25 00:00:00+00:00,10295694.000191906
2005-05-26 00:00:00+00:00,10295694.000191906
2005-05-27 00:00:00+00:00,10302093.842712734
2005-05-30 00:00:00+00:00,10095069.472794864
2005-05-31 00:00:00+00:00,10316585.497043306
2005-06-01 00:00:00+00:00,10328788.425301526
2005-06-02 00:00:00+00:00,10316711.187674861
2005-06-03 00:00:00+00:00,10319031.559695583
2005-06-06 00:00:00+00:00,10317182.629718166
2005-06-07 00:00:00+00:00,10314809.016450267
2005-06-08 00:00:00+00:00,10313326.218027836
2005-06-09 00:00:00+00:00,10320445.61109615
2005-06-10 00:00:00+00:00,10315196.40993702
2005-06-13 00:00:00+00:00,10309701.404272195
2005-06-14 00:00:00+00:00,10310469.369070454
2005-06-15 00:00:00+00:00,10322373.022045536
2005-06-16 00:00:00+00:00,10313585.958047038
2005-06-17 00:00:00+00:00,10307513.833047038
2005-06-20 00:00:00+00:00,10318552.29207719
2005-06-21 00:00:00+00:00,10320284.342876209
2005-06-22 00:00:00+00:00,10321151.967876209
2005-06-23 00:00:00+00:00,10318780.409262743
2005-06-24 00:00:00+00:00,10316997.831933107
2005-06-27 00:00:00+00:00,10311314.8172923
2005-06-28 00:00:00+00:00,10300886.110810366
2005-06-29 00:00:00+00:00,10308031.025673965
2005-06-30 00:00:00+00:00,10293557.717200378
2005-07-01 00:00:00+00:00,10293995.517356018
2005-07-04 00:00:00+00:00,10296533.752337554
2005-07-05 00:00:00+00:00,10296784.42308386
2005-07-06 00:00:00+00:00,10309455.576986391
2005-07-07 00:00:00+00:00,10311397.036342736
2005-07-08 00:00:00+00:00,10312957.179197427
2005-07-11 00:00:00+00:00,10309953.509989854
2005-07-12 00:00:00+00:00,10308627.386504289
2005-07-13 00:00:00+00:00,10308672.434775945
2005-07-14 00:00:00+00:00,10308794.508744355
2005-07-15 00:00:00+00:00,10308557.45628872
2005-07-18 00:00:00+00:00,10309490.012324238
2005-07-19 00:00:00+00:00,10311249.796476746
2005-07-20 00:00:00+00:00,10315494.763013745
2005-07-21 00:00:00+00:00,10319398.159983188
2005-07-22 00:00:00+00:00,10323216.811762363
2005-07-25 00:00:00+00:00,10324860.059440786
2005-07-26 00:00:00+00:00,10324860.059440786
2005-07-27 00:00:00+00:00,10324860.059440786
2005-07-28 00:00:00+00:00,10324860.059440786
2005-07-29 00:00:00+00:00,10324860.059440786
2005-08-01 00:00:00+00:00,10324860.059440786
2005-08-02 00:00:00+00:00,10324860.059440786
2005-08-03 00:00:00+00:00,10324860.059440786
2005-08-04 00:00:00+00:00,10324860.059440786
2005-08-05 00:00:00+00:00,10324860.059440786
2005-08-08 00:00:00+00:00,10324860.059440786
2005-08-09 00:00:00+00:00,10324860.059440786
2005-08-10 00:00:00+00:00,10324860.059440786
2005-08-11 00:00:00+00:00,10324860.059440786
2005-08-12 00:00:00+00:00,10324860.059440786
2005-08-15 00:00:00+00:00,10324860.059440786
2005-08-16 00:00:00+00:00,10325922.780937036
2005-08-17 00:00:00+00:00,10325333.030937036
2005-08-18 00:00:00+00:00,10323563.780937036
2005-08-19 00:00:00+00:00,10319351.280937036
2005-08-22 00:00:00+00:00,10322721.280937036
2005-08-23 00:00:00+00:00,10323900.780937036
2005-08-24 00:00:00+00:00,10321120.530937036
2005-08-25 00:00:00+00:00,10306930.510647036
2005-08-26 00:00:00+00:00,10325204.510647036
2005-08-29 00:00:00+00:00,10320573.510647036
2005-08-30 00:00:00+00:00,10320093.260647036
2005-08-31 00:00:00+00:00,10319742.260647036
2005-09-01 00:00:00+00:00,10320357.260647036
2005-09-02 00:00:00+00:00,10320332.010647036
2005-09-05 00:00:00+00:00,10121201.510647036
2005-09-06 00:00:00+00:00,10324196.260647036
2005-09-07 00:00:00+00:00,10119909.24843391
2005-09-08 00:00:00+00:00,10324633.24843391
2005-09-09 00:00:00+00:00,10324502.238324866
2005-09-12 00:00:00+00:00,10325492.646878943
2005-09-13 00:00:00+00:00,10328456.239407763
2005-09-14 00:00:00+00:00,10332735.199309573
2005-09-15 00:00:00+00:00,10335013.286898917
2005-09-16 00:00:00+00:00,10334817.556657642
2005-09-19 00:00:00+00:00,10334817.556657642
2005-09-20 00:00:00+00:00,10334817.556657642
2005-09-21 00:00:00+00:00,10334817.556657642
2005-09-22 00:00:00+00:00,10334817.556657642
2005-09-23 00:00:00+00:00,10330950.445704725
2005-09-26 00:00:00+00:00,10345590.661759641
2005-09-27 00:00:00+00:00,10345137.780013349
2005-09-28 00:00:00+00:00,10346854.726575162
2005-09-29 00:00:00+00:00,10340117.126426008
2005-09-30 00:00:00+00:00,10337633.625615384
2005-10-03 00:00:00+00:00,10341844.093207624
2005-10-04 00:00:00+00:00,10349894.7581723
2005-10-05 00:00:00+00:00,10348566.938518655
2005-10-06 00:00:00+00:00,10343798.943065774
2005-10-07 00:00:00+00:00,10341563.943065774
2005-10-10 00:00:00+00:00,10335007.952160012
2005-10-11 00:00:00+00:00,10339328.943065774
2005-10-12 00:00:00+00:00,10133708.943065774
2005-10-13 00:00:00+00:00,10335007.952160012
2005-10-14 00:00:00+00:00,10328004.933971535
2005-10-17 00:00:00+00:00,10316486.913876178
2005-10-18 00:00:00+00:00,10303837.051687948
2005-10-19 00:00:00+00:00,10283355.359724753
2005-10-20 00:00:00+00:00,10198073.66552708
2005-10-21 00:00:00+00:00,10243548.168383257
2005-10-24 00:00:00+00:00,10223743.976206439
2005-10-25 00:00:00+00:00,10230971.139522672
2005-10-26 00:00:00+00:00,10210121.293008924
2005-10-27 00:00:00+00:00,10160161.05085957
2005-10-28 00:00:00+00:00,10150098.695411801
2005-10-31 00:00:00+00:00,10189562.582435727
2005-11-01 00:00:00+00:00,8278567.143161892
2005-11-02 00:00:00+00:00,10257476.417106748
2005-11-03 00:00:00+00:00,8278567.143161892
2005-11-04 00:00:00+00:00,10257192.723344848
2005-11-07 00:00:00+00:00,10282553.267370269
2005-11-08 00:00:00+00:00,10293396.57220798
2005-11-09 00:00:00+00:00,10288727.807000486
2005-11-10 00:00:00+00:00,10288076.699403135
2005-11-11 00:00:00+00:00,10291830.11226019
2005-11-14 00:00:00+00:00,10293675.2203262
2005-11-15 00:00:00+00:00,10293675.2203262
2005-11-16 00:00:00+00:00,10293675.2203262
2005-11-17 00:00:00+00:00,10293675.2203262
2005-11-18 00:00:00+00:00,10293675.2203262
2005-11-21 00:00:00+00:00,10293821.9416687
2005-11-22 00:00:00+00:00,10293821.9416687
2005-11-23 00:00:00+00:00,10293014.9416687
2005-11-24 00:00:00+00:00,10293014.9416687
2005-11-25 00:00:00+00:00,10291938.9416687
2005-11-28 00:00:00+00:00,10289786.9416687
2005-11-29 00:00:00+00:00,10288172.9416687
2005-11-30 00:00:00+00:00,10289517.9416687
2005-12-01 00:00:00+00:00,10291400.9416687
2005-12-02 00:00:00+00:00,10291938.9416687
2005-12-05 00:00:00+00:00,10295973.9416687
2005-12-06 00:00:00+00:00,10295333.3033737
2005-12-07 00:00:00+00:00,10295333.3033737
2005-12-08 00:00:00+00:00,10295333.3033737
2005-12-09 00:00:00+00:00,10295333.3033737
2005-12-12 00:00:00+00:00,10295333.3033737
2005-12-13 00:00:00+00:00,10295333.3033737
2005-12-14 00:00:00+00:00,10295333.3033737
2005-12-15 00:00:00+00:00,10295333.3033737
2005-12-16 00:00:00+00:00,10295333.3033737
2005-12-19 00:00:00+00:00,10295333.3033737
2005-12-20 00:00:00+00:00,10295333.3033737
2005-12-21 00:00:00+00:00,10295333.3033737
2005-12-22 00:00:00+00:00,10295333.3033737
2005-12-23 00:00:00+00:00,10295333.3033737
2005-12-26 00:00:00+00:00,10295333.3033737
2005-12-27 00:00:00+00:00,10295333.3033737
2005-12-28 00:00:00+00:00,10295333.3033737
2005-12-29 00:00:00+00:00,10295333.3033737
2005-12-30 00:00:00+00:00,10295333.3033737
2006-01-02 00:00:00+00:00,10295333.3033737
2006-01-03 00:00:00+00:00,10295333.3033737
2006-01-04 00:00:00+00:00,10295333.3033737
2006-01-05 00:00:00+00:00,10295333.3033737
2006-01-06 00:00:00+00:00,10295333.3033737
2006-01-09 00:00:00+00:00,10295333.3033737
2006-01-10 00:00:00+00:00,10295333.3033737
2006-01-11 00:00:00+00:00,10295333.3033737
2006-01-12 00:00:00+00:00,10295333.3033737
2006-01-13 00:00:00+00:00,10295333.3033737
2006-01-16 00:00:00+00:00,10295333.3033737
2006-01-17 00:00:00+00:00,10295333.3033737
2006-01-18 00:00:00+00:00,10295333.3033737
2006-01-19 00:00:00+00:00,10296930.616960809
2006-01-20 00:00:00+00:00,10299032.534956262
2006-01-23 00:00:00+00:00,10297226.204138085
2006-01-24 00:00:00+00:00,10301944.573965356
2006-01-25 00:00:00+00:00,10314643.68064718
2006-01-26 00:00:00+00:00,10085698.60780172
2006-01-27 00:00:00+00:00,10317969.883716322
2006-01-30 00:00:00+00:00,10317969.883716322
2006-01-31 00:00:00+00:00,10315669.630319932
2006-02-01 00:00:00+00:00,10314767.942819932
2006-02-02 00:00:00+00:00,10317933.865373949
2006-02-03 00:00:00+00:00,10321480.499204973
2006-02-06 00:00:00+00:00,10317112.326650957
2006-02-07 00:00:00+00:00,10317232.54064403
2006-02-08 00:00:00+00:00,10321560.64798198
2006-02-09 00:00:00+00:00,10111006.600427965
2006-02-10 00:00:00+00:00,10320583.046109648
2006-02-13 00:00:00+00:00,10320583.046109648
2006-02-14 00:00:00+00:00,10320583.046109648
2006-02-15 00:00:00+00:00,10320583.046109648
2006-02-16 00:00:00+00:00,10320583.046109648
2006-02-17 00:00:00+00:00,10320583.046109648
2006-02-20 00:00:00+00:00,10320583.046109648
2006-02-21 00:00:00+00:00,10320583.046109648
2006-02-22 00:00:00+00:00,10320583.046109648
2006-02-23 00:00:00+00:00,10320583.046109648
2006-02-24 00:00:00+00:00,10320583.046109648
2006-02-27 00:00:00+00:00,10320583.046109648
2006-02-28 00:00:00+00:00,10320583.046109648
2006-03-01 00:00:00+00:00,10320583.046109648
2006-03-02 00:00:00+00:00,10320583.046109648
2006-03-03 00:00:00+00:00,10320583.046109648
2006-03-06 00:00:00+00:00,10320583.046109648
2006-03-07 00:00:00+00:00,10320583.046109648
2006-03-08 00:00:00+00:00,10320583.046109648
2006-03-09 00:00:00+00:00,10320583.046109648
2006-03-10 00:00:00+00:00,10320583.046109648
2006-03-13 00:00:00+00:00,10320583.046109648
2006-03-14 00:00:00+00:00,10320583.046109648
2006-03-15 00:00:00+00:00,10320583.046109648
2006-03-16 00:00:00+00:00,10320583.046109648
2006-03-17 00:00:00+00:00,10320583.046109648
2006-03-20 00:00:00+00:00,10320583.046109648
2006-03-21 00:00:00+00:00,10316868.532966537
2006-03-22 00:00:00+00:00,10312401.532966537
2006-03-23 00:00:00+00:00,10307041.129558487
2006-03-24 00:00:00+00:00,10306594.436374588
2006-03-27 00:00:00+00:00,10317538.589782638
2006-03-28 00:00:00+00:00,10312848.226150436
2006-03-29 00:00:00+00:00,10307711.186374588
2006-03-30 00:00:00+00:00,10304360.936374588
2006-03-31 00:00:00+00:00,10320442.129558487
2006-04-03 00:00:00+00:00,10322863.44301294
2006-04-04 00:00:00+00:00,10322863.44301294
2006-04-05 00:00:00+00:00,10322863.44301294
2006-04-06 00:00:00+00:00,10322863.44301294
2006-04-07 00:00:00+00:00,10322863.44301294
2006-04-10 00:00:00+00:00,10322863.44301294
2006-04-11 00:00:00+00:00,10322863.44301294
2006-04-12 00:00:00+00:00,10322863.44301294
2006-04-13 00:00:00+00:00,10322863.44301294
2006-04-17 00:00:00+00:00,10322087.080511108
2006-04-18 00:00:00+00:00,10329624.571355835
2006-04-19 00:00:00+00:00,10330656.460427718
2006-04-20 00:00:00+00:00,10330656.460427718
2006-04-21 00:00:00+00:00,10330656.460427718
2006-04-24 00:00:00+00:00,10330656.460427718
2006-04-25 00:00:00+00:00,10330656.460427718
2006-04-26 00:00:00+00:00,10330656.460427718
2006-04-27 00:00:00+00:00,10330656.460427718
2006-04-28 00:00:00+00:00,10330656.460427718
2006-05-01 00:00:00+00:00,10330656.460427718
2006-05-02 00:00:00+00:00,10330656.460427718
2006-05-03 00:00:00+00:00,10330656.460427718
2006-05-04 00:00:00+00:00,10330656.460427718
2006-05-05 00:00:00+00:00,10330656.460427718
2006-05-08 00:00:00+00:00,10330656.460427718
2006-05-09 00:00:00+00:00,10330656.460427718
2006-05-10 00:00:00+00:00,10330656.460427718
2006-05-11 00:00:00+00:00,10330656.460427718
2006-05-12 00:00:00+00:00,10330656.460427718
2006-05-15 00:00:00+00:00,10330656.460427718
2006-05-16 00:00:00+00:00,10319344.969326807
2006-05-17 00:00:00+00:00,10326242.543830087
2006-05-18 00:00:00+00:00,10279908.867936304
2006-05-19 00:00:00+00:00,10246450.654763391
2006-05-22 00:00:00+00:00,10123752.698980987
2006-05-23 00:00:00+00:00,10264767.787822187
2006-05-24 00:00:00+00:00,10217471.340996336
2006-05-25 00:00:00+00:00,10234215.615177225
2006-05-26 00:00:00+00:00,10353876.867762636
2006-05-29 00:00:00+00:00,10384222.333869051
2006-05-30 00:00:00+00:00,10375718.730825335
2006-05-31 00:00:00+00:00,10250021.767629288
2006-06-01 00:00:00+00:00,10155743.214513443
2006-06-02 00:00:00+00:00,10242225.500047348
2006-06-05 00:00:00+00:00,10170109.685800064
2006-06-06 00:00:00+00:00,10081874.37581395
2006-06-07 00:00:00+00:00,9972149.258462418
2006-06-08 00:00:00+00:00,9794986.555366028
2006-06-09 00:00:00+00:00,9952455.961949814
2006-06-12 00:00:00+00:00,9880188.99328097
2006-06-13 00:00:00+00:00,9768199.628206812
2006-06-14 00:00:00+00:00,9697760.551161371
2006-06-15 00:00:00+00:00,9873947.74630984
2006-06-16 00:00:00+00:00,9963874.0323104
2006-06-19 00:00:00+00:00,9976225.952581836
2006-06-20 00:00:00+00:00,9994274.68289338
2006-06-21 00:00:00+00:00,10014932.292115793
2006-06-22 00:00:00+00:00,10027864.592270838
2006-06-23 00:00:00+00:00,10025119.489079298
2006-06-26 00:00:00+00:00,10025119.489079298
2006-06-27 00:00:00+00:00,10020380.68606645
2006-06-28 00:00:00+00:00,10021565.383053603
2006-06-29 00:00:00+00:00,10023832.249448981
2006-06-30 00:00:00+00:00,10023832.249448981
2006-07-03 00:00:00+00:00,10023832.249448981
2006-07-04 00:00:00+00:00,10023832.249448981
2006-07-05 00:00:00+00:00,10023832.249448981
2006-07-06 00:00:00+00:00,10023832.249448981
2006-07-07 00:00:00+00:00,10023832.249448981
2006-07-10 00:00:00+00:00,10023832.249448981
2006-07-11 00:00:00+00:00,10023832.249448981
2006-07-12 00:00:00+00:00,10023832.249448981
2006-07-13 00:00:00+00:00,10023832.249448981
2006-07-14 00:00:00+00:00,10023832.249448981
2006-07-17 00:00:00+00:00,10023832.249448981
2006-07-18 00:00:00+00:00,10023832.249448981
2006-07-19 00:00:00+00:00,10023832.249448981
2006-07-20 00:00:00+00:00,10026784.95990069
2006-07-21 00:00:00+00:00,10018393.58490069
2006-07-24 00:00:00+00:00,10029705.101447653
2006-07-25 00:00:00+00:00,10036823.524913382
2006-07-26 00:00:00+00:00,10090690.896169256
2006-07-27 00:00:00+00:00,10090464.103550337
2006-07-28 00:00:00+00:00,10100949.395931624
2006-07-31 00:00:00+00:00,10101495.321528258
2006-08-01 00:00:00+00:00,10101495.321528258
2006-08-02 00:00:00+00:00,10101495.321528258
2006-08-03 00:00:00+00:00,10101495.321528258
2006-08-04 00:00:00+00:00,10098205.385358317
2006-08-07 00:00:00+00:00,10098205.385358317
2006-08-08 00:00:00+00:00,10094531.352759391
2006-08-09 00:00:00+00:00,10098213.400056168
2006-08-10 00:00:00+00:00,10095357.403657243
2006-08-11 00:00:00+00:00,10102467.969910905
2006-08-14 00:00:00+00:00,10098629.367742917
2006-08-15 00:00:00+00:00,10100971.617742917
2006-08-16 00:00:00+00:00,10099074.867742917
2006-08-17 00:00:00+00:00,10096704.617742917
2006-08-18 00:00:00+00:00,10095776.117742917
2006-08-21 00:00:00+00:00,10097264.867742917
2006-08-22 00:00:00+00:00,10096345.867742917
2006-08-23 00:00:00+00:00,10100762.867742917
2006-08-24 00:00:00+00:00,10103878.617742917
2006-08-25 00:00:00+00:00,10100164.876797916
2006-08-28 00:00:00+00:00,10098343.126797916
2006-08-29 00:00:00+00:00,10098082.876797916
2006-08-30 00:00:00+00:00,10099817.876797916
2006-08-31 00:00:00+00:00,10099904.626797916
2006-09-01 00:00:00+00:00,10098603.376797916
2006-09-04 00:00:00+00:00,9911743.876797916
2006-09-05 00:00:00+00:00,10099557.626797916
2006-09-06 00:00:00+00:00,10097041.876797916
2006-09-07 00:00:00+00:00,10098603.376797916
2006-09-08 00:00:00+00:00,10098082.876797916
2006-09-11 00:00:00+00:00,10096347.876797916
2006-09-12 00:00:00+00:00,10094699.626797916
2006-09-13 00:00:00+00:00,10095706.95035992
2006-09-14 00:00:00+00:00,10094069.20035992
2006-09-15 00:00:00+00:00,10101881.463842375
2006-09-18 00:00:00+00:00,10103522.637991175
2006-09-19 00:00:00+00:00,10099410.761039004
2006-09-20 00:00:00+00:00,10092701.791240916
2006-09-21 00:00:00+00:00,10090258.61077474
2006-09-22 00:00:00+00:00,10080910.050719008
2006-09-25 00:00:00+00:00,10077672.389432177
2006-09-26 00:00:00+00:00,10078329.585537657
2006-09-27 00:00:00+00:00,10071486.720483527
2006-09-28 00:00:00+00:00,10090923.964321
2006-09-29 00:00:00+00:00,10093750.271386897
2006-10-02 00:00:00+00:00,10093750.271386897
2006-10-03 00:00:00+00:00,10093750.271386897
2006-10-04 00:00:00+00:00,10093750.271386897
2006-10-05 00:00:00+00:00,10093750.271386897
2006-10-06 00:00:00+00:00,10093750.271386897
2006-10-09 00:00:00+00:00,10093750.271386897
2006-10-10 00:00:00+00:00,10093750.271386897
2006-10-11 00:00:00+00:00,10093750.271386897
2006-10-12 00:00:00+00:00,10093750.271386897
2006-10-13 00:00:00+00:00,10093750.271386897
2006-10-16 00:00:00+00:00,10093750.271386897
2006-10-17 00:00:00+00:00,10093750.271386897
2006-10-18 00:00:00+00:00,10093750.271386897
2006-10-19 00:00:00+00:00,10093750.271386897
2006-10-20 00:00:00+00:00,10093750.271386897
2006-10-23 00:00:00+00:00,10093750.271386897
2006-10-24 00:00:00+00:00,10093750.271386897
2006-10-25 00:00:00+00:00,10093750.271386897
2006-10-26 00:00:00+00:00,10093750.271386897
2006-10-27 00:00:00+00:00,10093750.271386897
2006-10-30 00:00:00+00:00,10093750.271386897
2006-10-31 00:00:00+00:00,10093750.271386897
2006-11-01 00:00:00+00:00,10093750.271386897
2006-11-02 00:00:00+00:00,10093750.271386897
2006-11-03 00:00:00+00:00,10093750.271386897
2006-11-06 00:00:00+00:00,10093750.271386897
2006-11-07 00:00:00+00:00,10103721.83660978
2006-11-08 00:00:00+00:00,10108804.90138334
2006-11-09 00:00:00+00:00,10115663.516802326
2006-11-10 00:00:00+00:00,10117948.766802326
2006-11-13 00:00:00+00:00,10114887.920183674
2006-11-14 00:00:00+00:00,10112630.363420978
2006-11-15 00:00:00+00:00,10114666.323565021
2006-11-16 00:00:00+00:00,10113475.226946369
2006-11-17 00:00:00+00:00,10109458.726946369
2006-11-20 00:00:00+00:00,10115329.70857351
2006-11-21 00:00:00+00:00,10125817.426117014
2006-11-22 00:00:00+00:00,10126749.58599193
2006-11-23 00:00:00+00:00,10123394.748294737
2006-11-24 00:00:00+00:00,10127087.471867468
2006-11-27 00:00:00+00:00,10131505.592361026
2006-11-28 00:00:00+00:00,10122778.580193095
2006-11-29 00:00:00+00:00,10131944.065971904
2006-11-30 00:00:00+00:00,10131585.625340082
2006-12-01 00:00:00+00:00,10133355.66151883
2006-12-04 00:00:00+00:00,10132775.74257924
2006-12-05 00:00:00+00:00,10133913.65931478
2006-12-06 00:00:00+00:00,10124802.0618197
2006-12-07 00:00:00+00:00,10123676.16611257
2006-12-08 00:00:00+00:00,10115768.095126776
2006-12-11 00:00:00+00:00,10094087.980684912
2006-12-12 00:00:00+00:00,10054034.621839287
2006-12-13 00:00:00+00:00,10075650.986395461
2006-12-14 00:00:00+00:00,10113115.584288223
2006-12-15 00:00:00+00:00,10136687.365824325
2006-12-18 00:00:00+00:00,10124925.802437842
2006-12-19 00:00:00+00:00,10100754.776490316
2006-12-20 00:00:00+00:00,10100285.571408376
2006-12-21 00:00:00+00:00,10102973.424176248
2006-12-22 00:00:00+00:00,10105544.436640872
2006-12-25 00:00:00+00:00,9226383.614152087
2006-12-26 00:00:00+00:00,10107645.66079439
2006-12-27 00:00:00+00:00,10114660.24492614
2006-12-28 00:00:00+00:00,10131699.012094691
2006-12-29 00:00:00+00:00,10134308.704156285
2007-01-01 00:00:00+00:00,9596747.451554662
2007-01-02 00:00:00+00:00,10133035.255475407
2007-01-03 00:00:00+00:00,10122784.422070866
2007-01-04 00:00:00+00:00,10119100.185324363
2007-01-05 00:00:00+00:00,10120797.086204868
2007-01-08 00:00:00+00:00,10121023.950292211
2007-01-09 00:00:00+00:00,10122996.481303697
2007-01-10 00:00:00+00:00,10127061.20404413
2007-01-11 00:00:00+00:00,10137598.974322328
2007-01-12 00:00:00+00:00,10153388.66990092
2007-01-15 00:00:00+00:00,9786284.010008477
2007-01-16 00:00:00+00:00,10146590.236082219
2007-01-17 00:00:00+00:00,10149383.127413414
2007-01-18 00:00:00+00:00,10137703.921320342
2007-01-19 00:00:00+00:00,10144636.50050249
2007-01-22 00:00:00+00:00,10143002.160374545
2007-01-23 00:00:00+00:00,10159660.317851923
2007-01-24 00:00:00+00:00,10160517.47082116
2007-01-25 00:00:00+00:00,10164458.708804013
2007-01-26 00:00:00+00:00,10164458.708804013
2007-01-29 00:00:00+00:00,10155636.11710947
2007-01-30 00:00:00+00:00,9751671.180029087
2007-01-31 00:00:00+00:00,10129401.162095828
2007-02-01 00:00:00+00:00,10130839.95012073
2007-02-02 00:00:00+00:00,10129662.758104129
2007-02-05 00:00:00+00:00,10127930.939951101
2007-02-06 00:00:00+00:00,10141327.32967011
2007-02-07 00:00:00+00:00,10135910.219556013
2007-02-08 00:00:00+00:00,10137404.531330744
2007-02-09 00:00:00+00:00,10140394.117777267
2007-02-12 00:00:00+00:00,10125357.55754558
2007-02-13 00:00:00+00:00,10124441.96153728
2007-02-14 00:00:00+00:00,10134854.392774737
2007-02-15 00:00:00+00:00,10143168.837684786
2007-02-16 00:00:00+00:00,9753216.395422136
2007-02-19 00:00:00+00:00,10142938.50737301
2007-02-20 00:00:00+00:00,10135522.340332186
2007-02-21 00:00:00+00:00,10131045.95505548
2007-02-22 00:00:00+00:00,10106017.844479805
2007-02-23 00:00:00+00:00,10054706.483052528
2007-02-26 00:00:00+00:00,10036276.108191885
2007-02-27 00:00:00+00:00,10033654.60552536
2007-02-28 00:00:00+00:00,9966438.023082145
2007-03-01 00:00:00+00:00,9994175.247387892
2007-03-02 00:00:00+00:00,9941193.179132467
2007-03-05 00:00:00+00:00,9835651.589425093
2007-03-06 00:00:00+00:00,9866737.488541609
2007-03-07 00:00:00+00:00,9828102.466156965
2007-03-08 00:00:00+00:00,9934054.19996739
2007-03-09 00:00:00+00:00,9903462.064063065
2007-03-12 00:00:00+00:00,9923945.080359593
2007-03-13 00:00:00+00:00,9944004.987439312
2007-03-14 00:00:00+00:00,9902436.531763867
2007-03-15 00:00:00+00:00,9914595.463221386
2007-03-16 00:00:00+00:00,9904312.841723083
2007-03-19 00:00:00+00:00,9915639.316667197
2007-03-20 00:00:00+00:00,9925706.19845839
2007-03-21 00:00:00+00:00,9938378.460707376
2007-03-22 00:00:00+00:00,9944264.896744521
2007-03-23 00:00:00+00:00,9948835.661866296
2007-03-26 00:00:00+00:00,9951142.645135915
2007-03-27 00:00:00+00:00,9951142.645135915
2007-03-28 00:00:00+00:00,9951142.645135915
2007-03-29 00:00:00+00:00,9945568.508853655
2007-03-30 00:00:00+00:00,9940458.765692541
2007-04-02 00:00:00+00:00,9908504.04701502
2007-04-03 00:00:00+00:00,9894325.888827637
2007-04-04 00:00:00+00:00,9896329.493319979
2007-04-05 00:00:00+00:00,9906084.812583437
2007-04-09 00:00:00+00:00,9919024.739570132
2007-04-10 00:00:00+00:00,9916725.175140597
2007-04-11 00:00:00+00:00,9913973.31061957
2007-04-12 00:00:00+00:00,9920270.585777499
2007-04-13 00:00:00+00:00,9947429.252239443
2007-04-16 00:00:00+00:00,9946762.597789291
2007-04-17 00:00:00+00:00,9937579.775386337
2007-04-18 00:00:00+00:00,9943217.73577452
2007-04-19 00:00:00+00:00,9946239.008990768
2007-04-20 00:00:00+00:00,9944924.051494064
2007-04-23 00:00:00+00:00,9946616.96269554
2007-04-24 00:00:00+00:00,9964530.309691848
2007-04-25 00:00:00+00:00,9983590.449084977
2007-04-26 00:00:00+00:00,9983590.449084977
2007-04-27 00:00:00+00:00,9983590.449084977
2007-04-30 00:00:00+00:00,9983590.449084977
2007-05-01 00:00:00+00:00,9983590.449084977
2007-05-02 00:00:00+00:00,9983590.449084977
2007-05-03 00:00:00+00:00,9983590.449084977
2007-05-04 00:00:00+00:00,9983590.449084977
2007-05-07 00:00:00+00:00,9983590.449084977
2007-05-08 00:00:00+00:00,9983590.449084977
2007-05-09 00:00:00+00:00,9983590.449084977
2007-05-10 00:00:00+00:00,9983590.449084977
2007-05-11 00:00:00+00:00,9981182.245053567
2007-05-14 00:00:00+00:00,9971718.874768533
2007-05-15 00:00:00+00:00,9973788.074170388
2007-05-16 00:00:00+00:00,9975336.374768533
2007-05-17 00:00:00+00:00,9979633.96653489
2007-05-18 00:00:00+00:00,9976117.745053567
2007-05-21 00:00:00+00:00,9974019.59946946
2007-05-22 00:00:00+00:00,9975018.033002175
2007-05-23 00:00:00+00:00,9968950.604082257
2007-05-24 00:00:00+00:00,9964698.87433067
2007-05-25 00:00:00+00:00,9965184.087297589
2007-05-28 00:00:00+00:00,9972725.323732525
2007-05-29 00:00:00+00:00,9970824.284395367
2007-05-30 00:00:00+00:00,9971552.442171246
2007-05-31 00:00:00+00:00,9973785.433199078
2007-06-01 00:00:00+00:00,9975685.766801983
2007-06-04 00:00:00+00:00,9974788.874788433
2007-06-05 00:00:00+00:00,9980321.53347984
2007-06-06 00:00:00+00:00,9974946.02192192
2007-06-07 00:00:00+00:00,9978236.311564878
2007-06-08 00:00:00+00:00,9969385.725461762
2007-06-11 00:00:00+00:00,9960267.914813276
2007-06-12 00:00:00+00:00,9950852.021136519
2007-06-13 00:00:00+00:00,9954815.143573042
2007-06-14 00:00:00+00:00,9961993.827044722
2007-06-15 00:00:00+00:00,9962996.905658003
2007-06-18 00:00:00+00:00,9958460.5997498
2007-06-19 00:00:00+00:00,9969263.230365034
2007-06-20 00:00:00+00:00,9980000.128126675
2007-06-21 00:00:00+00:00,9979741.31733961
2007-06-22 00:00:00+00:00,9978845.788469981
2007-06-25 00:00:00+00:00,9976595.09620924
2007-06-26 00:00:00+00:00,9975961.09620924
2007-06-27 00:00:00+00:00,9981369.236125786
2007-06-28 00:00:00+00:00,9984922.740183193
2007-06-29 00:00:00+00:00,9983522.06970654
2007-07-02 00:00:00+00:00,9981160.415836912
2007-07-03 00:00:00+00:00,9980074.69470654
2007-07-04 00:00:00+00:00,9978497.627445798
2007-07-05 00:00:00+00:00,9977546.627445798
2007-07-06 00:00:00+00:00,9984996.127445798
2007-07-09 00:00:00+00:00,9986279.164287252
2007-07-10 00:00:00+00:00,9986279.164287252
2007-07-11 00:00:00+00:00,9986279.164287252
2007-07-12 00:00:00+00:00,9986279.164287252
2007-07-13 00:00:00+00:00,9986279.164287252
2007-07-16 00:00:00+00:00,9986279.164287252
2007-07-17 00:00:00+00:00,9986279.164287252
2007-07-18 00:00:00+00:00,9986279.164287252
2007-07-19 00:00:00+00:00,9986279.164287252
2007-07-20 00:00:00+00:00,9986279.164287252
2007-07-23 00:00:00+00:00,9986279.164287252
2007-07-24 00:00:00+00:00,9979410.603518793
2007-07-25 00:00:00+00:00,9982909.089896563
2007-07-26 00:00:00+00:00,10000204.7350992
2007-07-27 00:00:00+00:00,9981252.230453717
2007-07-30 00:00:00+00:00,9985711.96223171
2007-07-31 00:00:00+00:00,10023970.534984816
2007-08-01 00:00:00+00:00,9983775.23717555
2007-08-02 00:00:00+00:00,10003467.509990178
2007-08-03 00:00:00+00:00,10007477.04568765
2007-08-06 00:00:00+00:00,9992153.568726538
2007-08-07 00:00:00+00:00,10003741.56650257
2007-08-08 00:00:00+00:00,10018139.116262017
2007-08-09 00:00:00+00:00,10012424.406828549
2007-08-10 00:00:00+00:00,10003226.99548046
2007-08-13 00:00:00+00:00,10012288.949524801
2007-08-14 00:00:00+00:00,10013628.134593286
2007-08-15 00:00:00+00:00,9474010.250903405
2007-08-16 00:00:00+00:00,9991154.572562493
2007-08-17 00:00:00+00:00,9993982.285025513
2007-08-20 00:00:00+00:00,9995454.365524821
2007-08-21 00:00:00+00:00,9938548.603963464
2007-08-22 00:00:00+00:00,9958137.769165814
2007-08-23 00:00:00+00:00,9943419.61462909
2007-08-24 00:00:00+00:00,9989781.704557357
2007-08-27 00:00:00+00:00,10043097.101797331
2007-08-28 00:00:00+00:00,10051329.455059804
2007-08-29 00:00:00+00:00,10063313.413422383
2007-08-30 00:00:00+00:00,10063418.241509082
2007-08-31 00:00:00+00:00,10072964.450996997
2007-09-03 00:00:00+00:00,9875560.36438794
2007-09-04 00:00:00+00:00,10082591.330049356
2007-09-05 00:00:00+00:00,10084206.522811482
2007-09-06 00:00:00+00:00,10084206.522811482
2007-09-07 00:00:00+00:00,10084206.522811482
2007-09-10 00:00:00+00:00,10084206.522811482
2007-09-11 00:00:00+00:00,10084206.522811482
2007-09-12 00:00:00+00:00,10084206.522811482
2007-09-13 00:00:00+00:00,10084206.522811482
2007-09-14 00:00:00+00:00,10084206.522811482
2007-09-17 00:00:00+00:00,10084206.522811482
2007-09-18 00:00:00+00:00,10084206.522811482
2007-09-19 00:00:00+00:00,10084206.522811482
2007-09-20 00:00:00+00:00,10084206.522811482
2007-09-21 00:00:00+00:00,10084206.522811482
2007-09-24 00:00:00+00:00,10080015.198692648
2007-09-25 00:00:00+00:00,10076141.257862417
2007-09-26 00:00:00+00:00,10080124.313701956
2007-09-27 00:00:00+00:00,10081270.129532186
2007-09-28 00:00:00+00:00,10083343.514522878
2007-10-01 00:00:00+00:00,10077669.001201956
2007-10-02 00:00:00+00:00,9876442.507862417
2007-10-03 00:00:00+00:00,10075704.764522878
2007-10-04 00:00:00+00:00,10070560.792916516
2007-10-05 00:00:00+00:00,10068598.684838513
2007-10-08 00:00:00+00:00,10072260.760510663
2007-10-09 00:00:00+00:00,10065266.201977221
2007-10-10 00:00:00+00:00,10069177.641674487
2007-10-11 00:00:00+00:00,10068506.073758915
2007-10-12 00:00:00+00:00,10057793.091863468
2007-10-15 00:00:00+00:00,10056816.064275578
2007-10-16 00:00:00+00:00,10059570.105657414
2007-10-17 00:00:00+00:00,10046020.83151801
2007-10-18 00:00:00+00:00,10047493.746827394
2007-10-19 00:00:00+00:00,10028805.767189542
2007-10-22 00:00:00+00:00,10042770.287124196
2007-10-23 00:00:00+00:00,10054964.008764783
2007-10-24 00:00:00+00:00,10062818.769037804
2007-10-25 00:00:00+00:00,10068182.323283939
2007-10-26 00:00:00+00:00,10070546.932929782
2007-10-29 00:00:00+00:00,10073399.00870779
2007-10-30 00:00:00+00:00,10070010.566484401
2007-10-31 00:00:00+00:00,10070799.697378108
2007-11-01 00:00:00+00:00,10064915.216475436
2007-11-02 00:00:00+00:00,10067216.33984738
2007-11-05 00:00:00+00:00,10064850.878842885
2007-11-06 00:00:00+00:00,10065886.147178188
2007-11-07 00:00:00+00:00,10057447.210052982
2007-11-08 00:00:00+00:00,10046276.063100353
2007-11-09 00:00:00+00:00,9298937.144321457
2007-11-12 00:00:00+00:00,10042657.989819119
2007-11-13 00:00:00+00:00,10022881.135127008
2007-11-14 00:00:00+00:00,10073945.28178532
2007-11-15 00:00:00+00:00,10068900.650294803
2007-11-16 00:00:00+00:00,10077852.61487565
2007-11-19 00:00:00+00:00,10106180.595502961
2007-11-20 00:00:00+00:00,10087837.121861648
2007-11-21 00:00:00+00:00,10075376.420678329
2007-11-22 00:00:00+00:00,10073950.642510604
2007-11-23 00:00:00+00:00,10082708.009961318
2007-11-26 00:00:00+00:00,10097196.006264877
2007-11-27 00:00:00+00:00,10100132.886606177
2007-11-28 00:00:00+00:00,10098235.016937401
2007-11-29 00:00:00+00:00,10096903.829589989
2007-11-30 00:00:00+00:00,10106599.661621239
2007-12-03 00:00:00+00:00,10105894.54617422
2007-12-04 00:00:00+00:00,10105894.54617422
2007-12-05 00:00:00+00:00,10105894.54617422
2007-12-06 00:00:00+00:00,10105894.54617422
2007-12-07 00:00:00+00:00,10105894.54617422
2007-12-10 00:00:00+00:00,10105894.54617422
2007-12-11 00:00:00+00:00,10105894.54617422
2007-12-12 00:00:00+00:00,10105894.54617422
2007-12-13 00:00:00+00:00,10105894.54617422
2007-12-14 00:00:00+00:00,10105894.54617422
2007-12-17 00:00:00+00:00,10105894.54617422
2007-12-18 00:00:00+00:00,10105894.54617422
2007-12-19 00:00:00+00:00,10105894.54617422
2007-12-20 00:00:00+00:00,10105894.54617422
2007-12-21 00:00:00+00:00,10105894.54617422
2007-12-24 00:00:00+00:00,10108350.944523918
2007-12-26 00:00:00+00:00,10114674.762265312
2007-12-27 00:00:00+00:00,10116198.574765312
2007-12-28 00:00:00+00:00,10115276.850430815
2007-12-31 00:00:00+00:00,10115276.850430815
2008-01-01 00:00:00+00:00,10115276.850430815
2008-01-02 00:00:00+00:00,10115276.850430815
2008-01-03 00:00:00+00:00,10115276.850430815
2008-01-04 00:00:00+00:00,10115276.850430815
2008-01-07 00:00:00+00:00,10115276.850430815
2008-01-08 00:00:00+00:00,10115276.850430815
2008-01-09 00:00:00+00:00,10119272.701945117
2008-01-10 00:00:00+00:00,10114237.976298144
2008-01-11 00:00:00+00:00,10108060.385423847
2008-01-14 00:00:00+00:00,10086316.339627711
2008-01-15 00:00:00+00:00,10082032.67431399
2008-01-16 00:00:00+00:00,10063906.375441879
2008-01-17 00:00:00+00:00,10053930.473237578
2008-01-18 00:00:00+00:00,10025043.993028227
2008-01-21 00:00:00+00:00,9804007.053255564
2008-01-22 00:00:00+00:00,9502341.445708392
2008-01-23 00:00:00+00:00,9844526.22944939
2008-01-24 00:00:00+00:00,9671364.126719592
2008-01-25 00:00:00+00:00,10036177.434273837
2008-01-28 00:00:00+00:00,9996546.667876976
2008-01-29 00:00:00+00:00,10030829.684317674
2008-01-30 00:00:00+00:00,9955465.938100353
2008-01-31 00:00:00+00:00,9899655.888516918
2008-02-01 00:00:00+00:00,10015123.90871574
2008-02-04 00:00:00+00:00,10106101.02165044
2008-02-05 00:00:00+00:00,10093978.029557237
2008-02-06 00:00:00+00:00,10056521.588040346
2008-02-07 00:00:00+00:00,10040359.678540224
2008-02-08 00:00:00+00:00,10032454.398821825
2008-02-11 00:00:00+00:00,9994658.851618761
2008-02-12 00:00:00+00:00,9975575.918642515
2008-02-13 00:00:00+00:00,9973660.889009947
2008-02-14 00:00:00+00:00,10020659.934345717
2008-02-15 00:00:00+00:00,10026662.518916517
2008-02-18 00:00:00+00:00,10033471.237856539
2008-02-19 00:00:00+00:00,10044712.144516446
2008-02-20 00:00:00+00:00,10038748.10978072
2008-02-21 00:00:00+00:00,10039293.473580768
2008-02-22 00:00:00+00:00,10040747.76539748
2008-02-25 00:00:00+00:00,10040965.73596936
2008-02-26 00:00:00+00:00,10040965.73596936
2008-02-27 00:00:00+00:00,10040965.73596936
2008-02-28 00:00:00+00:00,10040965.73596936
2008-02-29 00:00:00+00:00,10040965.73596936
2008-03-03 00:00:00+00:00,10040965.73596936
2008-03-04 00:00:00+00:00,10021309.14762874
2008-03-05 00:00:00+00:00,10014989.607041322
2008-03-06 00:00:00+00:00,9263792.024308167
2008-03-07 00:00:00+00:00,9961252.432345822
2008-03-10 00:00:00+00:00,9972644.100305313
2008-03-11 00:00:00+00:00,10071527.473436112
2008-03-12 00:00:00+00:00,10095287.109231705
2008-03-13 00:00:00+00:00,9949571.295043908
2008-03-14 00:00:00+00:00,9890812.306306418
2008-03-17 00:00:00+00:00,9715466.635955412
2008-03-18 00:00:00+00:00,9702744.76478222
2008-03-19 00:00:00+00:00,9705684.355091363
2008-03-20 00:00:00+00:00,7329865.728576928
2008-03-24 00:00:00+00:00,9675905.80725506
2008-03-25 00:00:00+00:00,9830697.93834637
2008-03-26 00:00:00+00:00,9867669.139240222
2008-03-27 00:00:00+00:00,9853917.253111474
2008-03-28 00:00:00+00:00,9922434.169651434
2008-03-31 00:00:00+00:00,9916516.479333077
2008-04-01 00:00:00+00:00,9910068.178422127
2008-04-02 00:00:00+00:00,9902066.229333077
2008-04-03 00:00:00+00:00,9906250.07367817
2008-04-04 00:00:00+00:00,9899856.337762032
2008-04-07 00:00:00+00:00,9902569.65480915
2008-04-08 00:00:00+00:00,9897335.594422493
2008-04-09 00:00:00+00:00,9890166.380338108
2008-04-10 00:00:00+00:00,9891077.583165562
2008-04-11 00:00:00+00:00,9889676.792600071
2008-04-14 00:00:00+00:00,9566384.670735752
2008-04-15 00:00:00+00:00,9899753.138806736
2008-04-16 00:00:00+00:00,9904926.995091831
2008-04-17 00:00:00+00:00,9908346.982363824
2008-04-18 00:00:00+00:00,9712137.982363824
2008-04-21 00:00:00+00:00,9910359.37921441
2008-04-22 00:00:00+00:00,9909150.870288553
2008-04-23 00:00:00+00:00,9909150.870288553
2008-04-24 00:00:00+00:00,9909150.870288553
2008-04-25 00:00:00+00:00,9906370.857508553
2008-04-28 00:00:00+00:00,9912592.857508553
2008-04-29 00:00:00+00:00,9904784.857508553
2008-04-30 00:00:00+00:00,9903137.857508553
2008-05-01 00:00:00+00:00,9900514.857508553
2008-05-02 00:00:00+00:00,9898789.661178684
2008-05-05 00:00:00+00:00,9898375.490005588
2008-05-06 00:00:00+00:00,9899898.108413791
2008-05-07 00:00:00+00:00,9895434.666671848
2008-05-08 00:00:00+00:00,9898749.779129123
2008-05-09 00:00:00+00:00,9877107.753344906
2008-05-12 00:00:00+00:00,9866259.68272723
2008-05-13 00:00:00+00:00,9854747.324341176
2008-05-14 00:00:00+00:00,9841031.802185414
2008-05-15 00:00:00+00:00,9845877.708348947
2008-05-16 00:00:00+00:00,9860709.24365464
2008-05-19 00:00:00+00:00,8946657.282663735
2008-05-20 00:00:00+00:00,9856018.658447057
2008-05-21 00:00:00+00:00,9862673.587108403
2008-05-22 00:00:00+00:00,9836765.065302787
2008-05-23 00:00:00+00:00,9845209.78793758
2008-05-26 00:00:00+00:00,9808891.084566997
2008-05-27 00:00:00+00:00,9811884.09787495
2008-05-28 00:00:00+00:00,9898953.469272584
2008-05-29 00:00:00+00:00,9835842.659225538
2008-05-30 00:00:00+00:00,9845407.000916025
2008-06-02 00:00:00+00:00,9801269.117215177
2008-06-03 00:00:00+00:00,9785173.690726778
2008-06-04 00:00:00+00:00,9707388.002297716
2008-06-05 00:00:00+00:00,9762822.108152509
2008-06-06 00:00:00+00:00,9750620.183748942
2008-06-09 00:00:00+00:00,9642668.411382895
2008-06-10 00:00:00+00:00,9638079.690597277
2008-06-11 00:00:00+00:00,9689708.968103867
2008-06-12 00:00:00+00:00,9648343.230444005
2008-06-13 00:00:00+00:00,9598618.517215481
2008-06-16 00:00:00+00:00,9649389.219548216
2008-06-17 00:00:00+00:00,9712732.742056537
2008-06-18 00:00:00+00:00,9713376.967926797
2008-06-19 00:00:00+00:00,9691514.638665823
2008-06-20 00:00:00+00:00,9676282.300330352
2008-06-23 00:00:00+00:00,9633429.76382797
2008-06-24 00:00:00+00:00,9570749.644024676
2008-06-25 00:00:00+00:00,9624322.51361615
2008-06-26 00:00:00+00:00,9639814.959771937
2008-06-27 00:00:00+00:00,9512319.457630683
2008-06-30 00:00:00+00:00,9420921.818421602
2008-07-01 00:00:00+00:00,9296885.017810345
2008-07-02 00:00:00+00:00,9423344.675539255
2008-07-03 00:00:00+00:00,9311961.500720691
2008-07-04 00:00:00+00:00,9365902.831602287
2008-07-07 00:00:00+00:00,9414697.653746694
2008-07-08 00:00:00+00:00,9435449.759174436
2008-07-09 00:00:00+00:00,9510265.668927202
2008-07-10 00:00:00+00:00,9498996.949740315
2008-07-11 00:00:00+00:00,9481290.872599507
2008-07-14 00:00:00+00:00,9487272.2427701
2008-07-15 00:00:00+00:00,9457945.280840779
2008-07-16 00:00:00+00:00,9440080.86644772
2008-07-17 00:00:00+00:00,9468594.669463962
2008-07-18 00:00:00+00:00,9479575.067788135
2008-07-21 00:00:00+00:00,9477002.767059397
2008-07-22 00:00:00+00:00,9488546.11248145
2008-07-23 00:00:00+00:00,9512184.295313215
2008-07-24 00:00:00+00:00,9505530.737658534
2008-07-25 00:00:00+00:00,9497620.297070537
2008-07-28 00:00:00+00:00,9498404.989897761
2008-07-29 00:00:00+00:00,9500664.406494174
2008-07-30 00:00:00+00:00,9506794.01821712
2008-07-31 00:00:00+00:00,9498099.48732761
2008-08-01 00:00:00+00:00,9511911.576152312
2008-08-04 00:00:00+00:00,9505097.09800862
2008-08-05 00:00:00+00:00,9500352.096881824
2008-08-06 00:00:00+00:00,9494674.20880981
2008-08-07 00:00:00+00:00,9503625.599896388
2008-08-08 00:00:00+00:00,9487543.267658697
2008-08-11 00:00:00+00:00,9486196.764589388
2008-08-12 00:00:00+00:00,9481191.59065159
2008-08-13 00:00:00+00:00,9502216.971038897
2008-08-14 00:00:00+00:00,9492803.564118464
2008-08-15 00:00:00+00:00,9475418.185595216
2008-08-18 00:00:00+00:00,9476244.183054151
2008-08-19 00:00:00+00:00,9482388.140933694
2008-08-20 00:00:00+00:00,9483970.26190959
2008-08-21 00:00:00+00:00,9494871.184929952
2008-08-22 00:00:00+00:00,9485525.897966966
2008-08-25 00:00:00+00:00,9484002.09413062
2008-08-26 00:00:00+00:00,9493538.993587598
2008-08-27 00:00:00+00:00,9491947.98821187
2008-08-28 00:00:00+00:00,9493556.86442113
2008-08-29 00:00:00+00:00,9493592.357489824
2008-09-01 00:00:00+00:00,9332621.54333806
2008-09-02 00:00:00+00:00,9487003.045594454
2008-09-03 00:00:00+00:00,9486720.41731751
2008-09-04 00:00:00+00:00,9488164.051002622
2008-09-05 00:00:00+00:00,9481649.500298962
2008-09-08 00:00:00+00:00,9480824.356812939
2008-09-09 00:00:00+00:00,9471668.918762669
2008-09-10 00:00:00+00:00,9457129.983945355
2008-09-11 00:00:00+00:00,9443683.037276233
2008-09-12 00:00:00+00:00,9447012.664517367
2008-09-15 00:00:00+00:00,9411416.81991029
2008-09-16 00:00:00+00:00,9393487.868269848
2008-09-17 00:00:00+00:00,9389029.4915704
2008-09-18 00:00:00+00:00,9355709.81270545
2008-09-19 00:00:00+00:00,9461047.02584355
2008-09-22 00:00:00+00:00,9501387.190271594
2008-09-23 00:00:00+00:00,9481968.066038348
2008-09-24 00:00:00+00:00,9489641.095118351
2008-09-25 00:00:00+00:00,9475809.548624821
2008-09-26 00:00:00+00:00,9435746.38387949
2008-09-29 00:00:00+00:00,9372311.430027995
2008-09-30 00:00:00+00:00,9387120.684703153
2008-10-01 00:00:00+00:00,9374861.129677847
2008-10-02 00:00:00+00:00,7415320.453533009
2008-10-03 00:00:00+00:00,9294808.601455763
2008-10-06 00:00:00+00:00,9114245.664635185
2008-10-07 00:00:00+00:00,9107702.231693272
2008-10-08 00:00:00+00:00,9019306.809386496
2008-10-09 00:00:00+00:00,6974544.083769325
2008-10-10 00:00:00+00:00,8839963.57347918
2008-10-13 00:00:00+00:00,8968683.562655691
2008-10-14 00:00:00+00:00,8978693.11218097
2008-10-15 00:00:00+00:00,8876379.150490338
2008-10-16 00:00:00+00:00,8842495.398659522
2008-10-17 00:00:00+00:00,8767079.330911066
2008-10-20 00:00:00+00:00,8753176.490339901
2008-10-21 00:00:00+00:00,8785149.240741875
2008-10-22 00:00:00+00:00,8703840.000218656
2008-10-23 00:00:00+00:00,8621203.461953547
2008-10-24 00:00:00+00:00,8480992.694235709
2008-10-27 00:00:00+00:00,8455808.03990927
2008-10-28 00:00:00+00:00,7391851.48645201
2008-10-29 00:00:00+00:00,8559256.546525385
2008-10-30 00:00:00+00:00,7411481.776553557
2008-10-31 00:00:00+00:00,8644484.87144129
2008-11-03 00:00:00+00:00,8703836.662412975
2008-11-04 00:00:00+00:00,8745547.373180361
2008-11-05 00:00:00+00:00,8746130.964875786
2008-11-06 00:00:00+00:00,8737663.840058891
2008-11-07 00:00:00+00:00,8743160.30369529
2008-11-10 00:00:00+00:00,8767519.334922401
2008-11-11 00:00:00+00:00,8760044.150179468
2008-11-12 00:00:00+00:00,8759045.376497827
2008-11-13 00:00:00+00:00,8669112.755922876
2008-11-14 00:00:00+00:00,8757297.522554956
2008-11-17 00:00:00+00:00,8757095.186251245
2008-11-18 00:00:00+00:00,8753341.176882349
2008-11-19 00:00:00+00:00,8748881.144594751
2008-11-20 00:00:00+00:00,8746263.663454615
2008-11-21 00:00:00+00:00,8749281.508913599
2008-11-24 00:00:00+00:00,8747779.048616968
2008-11-25 00:00:00+00:00,8746509.057100855
2008-11-26 00:00:00+00:00,8748218.16198977
2008-11-27 00:00:00+00:00,8748218.16198977
2008-11-28 00:00:00+00:00,8745415.569185816
2008-12-01 00:00:00+00:00,8746995.527590357
2008-12-02 00:00:00+00:00,8747382.98407229
2008-12-03 00:00:00+00:00,8747305.48596438
2008-12-04 00:00:00+00:00,8749199.711031519
2008-12-05 00:00:00+00:00,8749681.486521251
2008-12-08 00:00:00+00:00,8749681.486521251
2008-12-09 00:00:00+00:00,8749681.486521251
2008-12-10 00:00:00+00:00,8749681.486521251
2008-12-11 00:00:00+00:00,8749681.486521251
2008-12-12 00:00:00+00:00,8749681.486521251
2008-12-15 00:00:00+00:00,8749681.486521251
2008-12-16 00:00:00+00:00,8749681.486521251
2008-12-17 00:00:00+00:00,8749681.486521251
2008-12-18 00:00:00+00:00,8749681.486521251
2008-12-19 00:00:00+00:00,8749681.486521251
2008-12-22 00:00:00+00:00,8749681.486521251
2008-12-23 00:00:00+00:00,8749681.486521251
2008-12-24 00:00:00+00:00,8749681.486521251
2008-12-26 00:00:00+00:00,8749681.486521251
2008-12-29 00:00:00+00:00,8749681.486521251
2008-12-30 00:00:00+00:00,8749681.486521251
2008-12-31 00:00:00+00:00,8749681.486521251
2009-01-02 00:00:00+00:00,8749681.486521251
2009-01-05 00:00:00+00:00,8749681.486521251
2009-01-06 00:00:00+00:00,8749681.486521251
2009-01-07 00:00:00+00:00,8749681.486521251
2009-01-08 00:00:00+00:00,8749681.486521251
2009-01-09 00:00:00+00:00,8749681.486521251
2009-01-12 00:00:00+00:00,8749681.486521251
2009-01-13 00:00:00+00:00,8749681.486521251
2009-01-14 00:00:00+00:00,8749681.486521251
2009-01-15 00:00:00+00:00,8749681.486521251
2009-01-16 00:00:00+00:00,8749681.486521251
2009-01-19 00:00:00+00:00,8749681.486521251
2009-01-20 00:00:00+00:00,8749681.486521251
2009-01-21 00:00:00+00:00,8749681.486521251
2009-01-22 00:00:00+00:00,8749681.486521251
2009-01-23 00:00:00+00:00,8749681.486521251
2009-01-26 00:00:00+00:00,8749681.486521251
2009-01-27 00:00:00+00:00,8749681.486521251
2009-01-28 00:00:00+00:00,8749681.486521251
2009-01-29 00:00:00+00:00,8749681.486521251
2009-01-30 00:00:00+00:00,8749681.486521251
2009-02-02 00:00:00+00:00,8749681.486521251
2009-02-03 00:00:00+00:00,8749681.486521251
2009-02-04 00:00:00+00:00,8749681.486521251
2009-02-05 00:00:00+00:00,8749681.486521251
2009-02-06 00:00:00+00:00,8749681.486521251
2009-02-09 00:00:00+00:00,8749681.486521251
2009-02-10 00:00:00+00:00,8749681.486521251
2009-02-11 00:00:00+00:00,8749681.486521251
2009-02-12 00:00:00+00:00,8749681.486521251
2009-02-13 00:00:00+00:00,8749681.486521251
2009-02-16 00:00:00+00:00,8749681.486521251
2009-02-17 00:00:00+00:00,8749681.486521251
2009-02-18 00:00:00+00:00,8749681.486521251
2009-02-19 00:00:00+00:00,8749681.486521251
2009-02-20 00:00:00+00:00,8749681.486521251
2009-02-23 00:00:00+00:00,8749681.486521251
2009-02-24 00:00:00+00:00,8749681.486521251
2009-02-25 00:00:00+00:00,8749681.486521251
2009-02-26 00:00:00+00:00,8749681.486521251
2009-02-27 00:00:00+00:00,8749681.486521251
2009-03-02 00:00:00+00:00,8749681.486521251
2009-03-03 00:00:00+00:00,8749681.486521251
2009-03-04 00:00:00+00:00,8749681.486521251
2009-03-05 00:00:00+00:00,8749681.486521251
2009-03-06 00:00:00+00:00,8749681.486521251
2009-03-09 00:00:00+00:00,8749681.486521251
2009-03-10 00:00:00+00:00,8749681.486521251
2009-03-11 00:00:00+00:00,8749681.486521251
2009-03-12 00:00:00+00:00,8749681.486521251
2009-03-13 00:00:00+00:00,8749681.486521251
2009-03-16 00:00:00+00:00,8749681.486521251
2009-03-17 00:00:00+00:00,8749681.486521251
2009-03-18 00:00:00+00:00,8749681.486521251
2009-03-19 00:00:00+00:00,8749681.486521251
2009-03-20 00:00:00+00:00,8749681.486521251
2009-03-23 00:00:00+00:00,8749681.486521251
2009-03-24 00:00:00+00:00,8749681.486521251
2009-03-25 00:00:00+00:00,8749681.486521251
2009-03-26 00:00:00+00:00,8749681.486521251
2009-03-27 00:00:00+00:00,8749681.486521251
2009-03-30 00:00:00+00:00,8749681.486521251
2009-03-31 00:00:00+00:00,8749681.486521251
2009-04-01 00:00:00+00:00,8749681.486521251
2009-04-02 00:00:00+00:00,8749681.486521251
2009-04-03 00:00:00+00:00,8749681.486521251
2009-04-06 00:00:00+00:00,8749681.486521251
2009-04-07 00:00:00+00:00,8749681.486521251
2009-04-08 00:00:00+00:00,8749681.486521251
2009-04-09 00:00:00+00:00,8749681.486521251
2009-04-13 00:00:00+00:00,8749681.486521251
2009-04-14 00:00:00+00:00,8749681.486521251
2009-04-15 00:00:00+00:00,8749681.486521251
2009-04-16 00:00:00+00:00,8749681.486521251
2009-04-17 00:00:00+00:00,8749681.486521251
2009-04-20 00:00:00+00:00,8749681.486521251
2009-04-21 00:00:00+00:00,8749681.486521251
2009-04-22 00:00:00+00:00,8749681.486521251
2009-04-23 00:00:00+00:00,8749681.486521251
2009-04-24 00:00:00+00:00,8749681.486521251
2009-04-27 00:00:00+00:00,8749681.486521251
2009-04-28 00:00:00+00:00,8749681.486521251
2009-04-29 00:00:00+00:00,8749681.486521251
2009-04-30 00:00:00+00:00,8749681.486521251
2009-05-01 00:00:00+00:00,8749681.486521251
2009-05-04 00:00:00+00:00,8749681.486521251
2009-05-05 00:00:00+00:00,8749681.486521251
2009-05-06 00:00:00+00:00,8749681.486521251
2009-05-07 00:00:00+00:00,8749681.486521251
2009-05-08 00:00:00+00:00,8749681.486521251
2009-05-11 00:00:00+00:00,8749681.486521251
2009-05-12 00:00:00+00:00,8749681.486521251
2009-05-13 00:00:00+00:00,8749681.486521251
2009-05-14 00:00:00+00:00,8749681.486521251
2009-05-15 00:00:00+00:00,8749681.486521251
2009-05-18 00:00:00+00:00,8749681.486521251
2009-05-19 00:00:00+00:00,8749681.486521251
2009-05-20 00:00:00+00:00,8749681.486521251
2009-05-21 00:00:00+00:00,8749681.486521251
2009-05-22 00:00:00+00:00,8749681.486521251
2009-05-25 00:00:00+00:00,8749681.486521251
2009-05-26 00:00:00+00:00,8749681.486521251
2009-05-27 00:00:00+00:00,8749681.486521251
2009-05-28 00:00:00+00:00,8749681.486521251
2009-05-29 00:00:00+00:00,8749681.486521251
2009-06-01 00:00:00+00:00,8749681.486521251
2009-06-02 00:00:00+00:00,8749681.486521251
2009-06-03 00:00:00+00:00,8749681.486521251
2009-06-04 00:00:00+00:00,8749681.486521251
2009-06-05 00:00:00+00:00,8749681.486521251
2009-06-08 00:00:00+00:00,8749681.486521251
2009-06-09 00:00:00+00:00,8749681.486521251
2009-06-10 00:00:00+00:00,8749681.486521251
2009-06-11 00:00:00+00:00,8749681.486521251
2009-06-12 00:00:00+00:00,8749681.486521251
2009-06-15 00:00:00+00:00,8749681.486521251
2009-06-16 00:00:00+00:00,8749681.486521251
2009-06-17 00:00:00+00:00,8749681.486521251
2009-06-18 00:00:00+00:00,8749681.486521251
2009-06-19 00:00:00+00:00,8749681.486521251
2009-06-22 00:00:00+00:00,8749681.486521251
2009-06-23 00:00:00+00:00,8749681.486521251
2009-06-24 00:00:00+00:00,8749681.486521251
2009-06-25 00:00:00+00:00,8749681.486521251
2009-06-26 00:00:00+00:00,8749681.486521251
2009-06-29 00:00:00+00:00,8749681.486521251
2009-06-30 00:00:00+00:00,8749681.486521251
2009-07-01 00:00:00+00:00,8749681.486521251
2009-07-02 00:00:00+00:00,8749681.486521251
2009-07-03 00:00:00+00:00,8749681.486521251
2009-07-06 00:00:00+00:00,8749681.486521251
2009-07-07 00:00:00+00:00,8749681.486521251
2009-07-08 00:00:00+00:00,8749681.486521251
2009-07-09 00:00:00+00:00,8749681.486521251
2009-07-10 00:00:00+00:00,8749681.486521251
2009-07-13 00:00:00+00:00,8749681.486521251
2009-07-14 00:00:00+00:00,8749681.486521251
2009-07-15 00:00:00+00:00,8749681.486521251
2009-07-16 00:00:00+00:00,8749681.486521251
2009-07-17 00:00:00+00:00,8749681.486521251
2009-07-20 00:00:00+00:00,8749681.486521251
2009-07-21 00:00:00+00:00,8749681.486521251
2009-07-22 00:00:00+00:00,8749681.486521251
2009-07-23 00:00:00+00:00,8749681.486521251
2009-07-24 00:00:00+00:00,8749681.486521251
2009-07-27 00:00:00+00:00,8749681.486521251
2009-07-28 00:00:00+00:00,8749681.486521251
2009-07-29 00:00:00+00:00,8749681.486521251
2009-07-30 00:00:00+00:00,8749681.486521251
2009-07-31 00:00:00+00:00,8749681.486521251
2009-08-03 00:00:00+00:00,8749681.486521251
2009-08-04 00:00:00+00:00,8749681.486521251
2009-08-05 00:00:00+00:00,8749681.486521251
2009-08-06 00:00:00+00:00,8749681.486521251
2009-08-07 00:00:00+00:00,8749681.486521251
2009-08-10 00:00:00+00:00,8749681.486521251
2009-08-11 00:00:00+00:00,8749681.486521251
2009-08-12 00:00:00+00:00,8749681.486521251
2009-08-13 00:00:00+00:00,8749681.486521251
2009-08-14 00:00:00+00:00,8749681.486521251
2009-08-17 00:00:00+00:00,8749681.486521251
2009-08-18 00:00:00+00:00,8749681.486521251
2009-08-19 00:00:00+00:00,8749681.486521251
2009-08-20 00:00:00+00:00,8749681.486521251
2009-08-21 00:00:00+00:00,8749681.486521251
2009-08-24 00:00:00+00:00,8749681.486521251
2009-08-25 00:00:00+00:00,8749681.486521251
2009-08-26 00:00:00+00:00,8749681.486521251
2009-08-27 00:00:00+00:00,8749681.486521251
2009-08-28 00:00:00+00:00,8749681.486521251
2009-08-31 00:00:00+00:00,8749681.486521251
2009-09-01 00:00:00+00:00,8749681.486521251
2009-09-02 00:00:00+00:00,8749681.486521251
2009-09-03 00:00:00+00:00,8749681.486521251
2009-09-04 00:00:00+00:00,8749681.486521251
2009-09-07 00:00:00+00:00,8749681.486521251
2009-09-08 00:00:00+00:00,8749681.486521251
2009-09-09 00:00:00+00:00,8749681.486521251
2009-09-10 00:00:00+00:00,8749681.486521251
2009-09-11 00:00:00+00:00,8749681.486521251
2009-09-14 00:00:00+00:00,8749681.486521251
2009-09-15 00:00:00+00:00,8749681.486521251
2009-09-16 00:00:00+00:00,8749681.486521251
2009-09-17 00:00:00+00:00,8749681.486521251
2009-09-18 00:00:00+00:00,8749681.486521251
2009-09-21 00:00:00+00:00,8749681.486521251
2009-09-22 00:00:00+00:00,8749681.486521251
2009-09-23 00:00:00+00:00,8749681.486521251
2009-09-24 00:00:00+00:00,8749681.486521251
2009-09-25 00:00:00+00:00,8749681.486521251
2009-09-28 00:00:00+00:00,8749681.486521251
2009-09-29 00:00:00+00:00,8749681.486521251
2009-09-30 00:00:00+00:00,8749681.486521251
2009-10-01 00:00:00+00:00,8749681.486521251
2009-10-02 00:00:00+00:00,8749681.486521251
2009-10-05 00:00:00+00:00,8749681.486521251
2009-10-06 00:00:00+00:00,8749681.486521251
2009-10-07 00:00:00+00:00,8749681.486521251
2009-10-08 00:00:00+00:00,8749681.486521251
2009-10-09 00:00:00+00:00,8749681.486521251
2009-10-12 00:00:00+00:00,8749681.486521251
2009-10-13 00:00:00+00:00,8749681.486521251
2009-10-14 00:00:00+00:00,8749681.486521251
2009-10-15 00:00:00+00:00,8749681.486521251
2009-10-16 00:00:00+00:00,8749681.486521251
2009-10-19 00:00:00+00:00,8749681.486521251
2009-10-20 00:00:00+00:00,8749681.486521251
2009-10-21 00:00:00+00:00,8749681.486521251
2009-10-22 00:00:00+00:00,8749681.486521251
2009-10-23 00:00:00+00:00,8749681.486521251
2009-10-26 00:00:00+00:00,8749681.486521251
2009-10-27 00:00:00+00:00,8749681.486521251
2009-10-28 00:00:00+00:00,8749681.486521251
2009-10-29 00:00:00+00:00,8749681.486521251
2009-10-30 00:00:00+00:00,8749681.486521251
2009-11-02 00:00:00+00:00,8749681.486521251
2009-11-03 00:00:00+00:00,8749681.486521251
2009-11-04 00:00:00+00:00,8749681.486521251
2009-11-05 00:00:00+00:00,8749681.486521251
2009-11-06 00:00:00+00:00,8749681.486521251
2009-11-09 00:00:00+00:00,8749681.486521251
2009-11-10 00:00:00+00:00,8749681.486521251
2009-11-11 00:00:00+00:00,8749681.486521251
2009-11-12 00:00:00+00:00,8749681.486521251
2009-11-13 00:00:00+00:00,8749681.486521251
2009-11-16 00:00:00+00:00,8749681.486521251
2009-11-17 00:00:00+00:00,8749681.486521251
2009-11-18 00:00:00+00:00,8749681.486521251
2009-11-19 00:00:00+00:00,8749681.486521251
2009-11-20 00:00:00+00:00,8749681.486521251
2009-11-23 00:00:00+00:00,8749681.486521251
2009-11-24 00:00:00+00:00,8749681.486521251
2009-11-25 00:00:00+00:00,8749681.486521251
2009-11-26 00:00:00+00:00,8749681.486521251
2009-11-27 00:00:00+00:00,8749681.486521251
2009-11-30 00:00:00+00:00,8749681.486521251
2009-12-01 00:00:00+00:00,8749681.486521251
2009-12-02 00:00:00+00:00,8749681.486521251
2009-12-03 00:00:00+00:00,8749681.486521251
2009-12-04 00:00:00+00:00,8749681.486521251
2009-12-07 00:00:00+00:00,8749681.486521251
2009-12-08 00:00:00+00:00,8749681.486521251
2009-12-09 00:00:00+00:00,8749681.486521251
2009-12-10 00:00:00+00:00,8749681.486521251
2009-12-11 00:00:00+00:00,8749681.486521251
2009-12-14 00:00:00+00:00,8749681.486521251
2009-12-15 00:00:00+00:00,8749681.486521251
2009-12-16 00:00:00+00:00,8749681.486521251
2009-12-17 00:00:00+00:00,8749681.486521251
2009-12-18 00:00:00+00:00,8749681.486521251
2009-12-21 00:00:00+00:00,8749681.486521251
2009-12-22 00:00:00+00:00,8749681.486521251
2009-12-23 00:00:00+00:00,8749681.486521251
2009-12-24 00:00:00+00:00,8749681.486521251
2009-12-28 00:00:00+00:00,8749681.486521251
2009-12-29 00:00:00+00:00,8749681.486521251
2009-12-30 00:00:00+00:00,8749681.486521251
2009-12-31 00:00:00+00:00,8749681.486521251
2010-01-04 00:00:00+00:00,8749681.486521251
2010-01-05 00:00:00+00:00,8749681.486521251
2010-01-06 00:00:00+00:00,8749681.486521251
2010-01-07 00:00:00+00:00,8749681.486521251
2010-01-08 00:00:00+00:00,8749681.486521251
2010-01-11 00:00:00+00:00,8749681.486521251
2010-01-12 00:00:00+00:00,8749681.486521251
2010-01-13 00:00:00+00:00,8749681.486521251
2010-01-14 00:00:00+00:00,8749681.486521251
2010-01-15 00:00:00+00:00,8749681.486521251
2010-01-18 00:00:00+00:00,8749681.486521251
2010-01-19 00:00:00+00:00,8749681.486521251
2010-01-20 00:00:00+00:00,8749681.486521251
2010-01-21 00:00:00+00:00,8749681.486521251
2010-01-22 00:00:00+00:00,8749681.486521251
2010-01-25 00:00:00+00:00,8749681.486521251
2010-01-26 00:00:00+00:00,8749681.486521251
2010-01-27 00:00:00+00:00,8749681.486521251
2010-01-28 00:00:00+00:00,8749681.486521251
2010-01-29 00:00:00+00:00,8749681.486521251
2010-02-01 00:00:00+00:00,8749681.486521251
2010-02-02 00:00:00+00:00,8749681.486521251
2010-02-03 00:00:00+00:00,8749681.486521251
2010-02-04 00:00:00+00:00,8749681.486521251
2010-02-05 00:00:00+00:00,8749681.486521251
2010-02-06 00:00:00+00:00,8749681.486521251
2010-02-08 00:00:00+00:00,8749681.486521251
2010-02-09 00:00:00+00:00,8749681.486521251
2010-02-10 00:00:00+00:00,8749681.486521251
2010-02-11 00:00:00+00:00,8749681.486521251
2010-02-12 00:00:00+00:00,8749681.486521251
2010-02-15 00:00:00+00:00,8749681.486521251
2010-02-16 00:00:00+00:00,8749681.486521251
2010-02-17 00:00:00+00:00,8749681.486521251
2010-02-18 00:00:00+00:00,8749681.486521251
2010-02-19 00:00:00+00:00,8749681.486521251
2010-02-22 00:00:00+00:00,8749681.486521251
2010-02-23 00:00:00+00:00,8749681.486521251
2010-02-24 00:00:00+00:00,8749681.486521251
2010-02-25 00:00:00+00:00,8749681.486521251
2010-02-26 00:00:00+00:00,8749681.486521251
2010-03-01 00:00:00+00:00,8749681.486521251
2010-03-02 00:00:00+00:00,8749681.486521251
2010-03-03 00:00:00+00:00,8749681.486521251
2010-03-04 00:00:00+00:00,8749681.486521251
2010-03-05 00:00:00+00:00,8749681.486521251
2010-03-08 00:00:00+00:00,8749681.486521251
2010-03-09 00:00:00+00:00,8749681.486521251
2010-03-10 00:00:00+00:00,8749681.486521251
2010-03-11 00:00:00+00:00,8749681.486521251
2010-03-12 00:00:00+00:00,8749681.486521251
2010-03-15 00:00:00+00:00,8749681.486521251
2010-03-16 00:00:00+00:00,8749681.486521251
2010-03-17 00:00:00+00:00,8749681.486521251
2010-03-18 00:00:00+00:00,8749681.486521251
2010-03-19 00:00:00+00:00,8749681.486521251
2010-03-22 00:00:00+00:00,8749681.486521251
2010-03-23 00:00:00+00:00,8749681.486521251
2010-03-24 00:00:00+00:00,8749681.486521251
2010-03-25 00:00:00+00:00,8749681.486521251
2010-03-26 00:00:00+00:00,8749681.486521251
2010-03-29 00:00:00+00:00,8749681.486521251
2010-03-30 00:00:00+00:00,8749681.486521251
2010-03-31 00:00:00+00:00,8749681.486521251
2010-04-01 00:00:00+00:00,8749681.486521251
2010-04-05 00:00:00+00:00,8749681.486521251
2010-04-06 00:00:00+00:00,8749681.486521251
2010-04-07 00:00:00+00:00,8749681.486521251
2010-04-08 00:00:00+00:00,8749681.486521251
2010-04-09 00:00:00+00:00,8749681.486521251
2010-04-12 00:00:00+00:00,8749681.486521251
2010-04-13 00:00:00+00:00,8749681.486521251
2010-04-14 00:00:00+00:00,8749681.486521251
2010-04-15 00:00:00+00:00,8749681.486521251
2010-04-16 00:00:00+00:00,8749681.486521251
2010-04-19 00:00:00+00:00,8749681.486521251
2010-04-20 00:00:00+00:00,8749681.486521251
2010-04-21 00:00:00+00:00,8749681.486521251
2010-04-22 00:00:00+00:00,8749681.486521251
2010-04-23 00:00:00+00:00,8749681.486521251
2010-04-26 00:00:00+00:00,8749681.486521251
2010-04-27 00:00:00+00:00,8749681.486521251
2010-04-28 00:00:00+00:00,8749681.486521251
2010-04-29 00:00:00+00:00,8749681.486521251
2010-04-30 00:00:00+00:00,8749681.486521251
2010-05-03 00:00:00+00:00,8749681.486521251
2010-05-04 00:00:00+00:00,8749681.486521251
2010-05-05 00:00:00+00:00,8749681.486521251
2010-05-06 00:00:00+00:00,8749681.486521251
2010-05-07 00:00:00+00:00,8749681.486521251
2010-05-10 00:00:00+00:00,8749681.486521251
2010-05-11 00:00:00+00:00,8749681.486521251
2010-05-12 00:00:00+00:00,8749681.486521251
2010-05-13 00:00:00+00:00,8749681.486521251
2010-05-14 00:00:00+00:00,8749681.486521251
2010-05-17 00:00:00+00:00,8749681.486521251
2010-05-18 00:00:00+00:00,8749681.486521251
2010-05-19 00:00:00+00:00,8749681.486521251
2010-05-20 00:00:00+00:00,8749681.486521251
2010-05-21 00:00:00+00:00,8749681.486521251
2010-05-24 00:00:00+00:00,8749681.486521251
2010-05-25 00:00:00+00:00,8749681.486521251
2010-05-26 00:00:00+00:00,8749681.486521251
2010-05-27 00:00:00+00:00,8749681.486521251
2010-05-28 00:00:00+00:00,8749681.486521251
2010-05-31 00:00:00+00:00,8749681.486521251
2010-06-01 00:00:00+00:00,8749681.486521251
2010-06-02 00:00:00+00:00,8749681.486521251
2010-06-03 00:00:00+00:00,8749681.486521251
2010-06-04 00:00:00+00:00,8749681.486521251
2010-06-07 00:00:00+00:00,8749681.486521251
2010-06-08 00:00:00+00:00,8749681.486521251
2010-06-09 00:00:00+00:00,8749681.486521251
2010-06-10 00:00:00+00:00,8749681.486521251
2010-06-11 00:00:00+00:00,8749681.486521251
2010-06-14 00:00:00+00:00,8749681.486521251
2010-06-15 00:00:00+00:00,8749681.486521251
2010-06-16 00:00:00+00:00,8749681.486521251
2010-06-17 00:00:00+00:00,8749681.486521251
2010-06-18 00:00:00+00:00,8749681.486521251
2010-06-21 00:00:00+00:00,8749681.486521251
2010-06-22 00:00:00+00:00,8749681.486521251
2010-06-23 00:00:00+00:00,8749681.486521251
2010-06-24 00:00:00+00:00,8749681.486521251
2010-06-25 00:00:00+00:00,8749681.486521251
2010-06-28 00:00:00+00:00,8749681.486521251
2010-06-29 00:00:00+00:00,8749681.486521251
2010-06-30 00:00:00+00:00,8749681.486521251
2010-07-01 00:00:00+00:00,8749681.486521251
2010-07-02 00:00:00+00:00,8749681.486521251
2010-07-05 00:00:00+00:00,8749681.486521251
2010-07-06 00:00:00+00:00,8749681.486521251
2010-07-07 00:00:00+00:00,8749681.486521251
2010-07-08 00:00:00+00:00,8749681.486521251
2010-07-09 00:00:00+00:00,8749681.486521251
2010-07-12 00:00:00+00:00,8749681.486521251
2010-07-13 00:00:00+00:00,8749681.486521251
2010-07-14 00:00:00+00:00,8749681.486521251
2010-07-15 00:00:00+00:00,8749681.486521251
2010-07-16 00:00:00+00:00,8749681.486521251
2010-07-19 00:00:00+00:00,8749681.486521251
2010-07-20 00:00:00+00:00,8749681.486521251
2010-07-21 00:00:00+00:00,8749681.486521251
2010-07-22 00:00:00+00:00,8749681.486521251
2010-07-23 00:00:00+00:00,8749681.486521251
2010-07-26 00:00:00+00:00,8749681.486521251
2010-07-27 00:00:00+00:00,8749681.486521251
2010-07-28 00:00:00+00:00,8749681.486521251
2010-07-29 00:00:00+00:00,8749681.486521251
2010-07-30 00:00:00+00:00,8749681.486521251
2010-08-02 00:00:00+00:00,8749681.486521251
2010-08-03 00:00:00+00:00,8749681.486521251
2010-08-04 00:00:00+00:00,8749681.486521251
2010-08-05 00:00:00+00:00,8749681.486521251
2010-08-06 00:00:00+00:00,8749681.486521251
2010-08-09 00:00:00+00:00,8749681.486521251
2010-08-10 00:00:00+00:00,8749681.486521251
2010-08-11 00:00:00+00:00,8749681.486521251
2010-08-12 00:00:00+00:00,8749681.486521251
2010-08-13 00:00:00+00:00,8749681.486521251
2010-08-16 00:00:00+00:00,8749681.486521251
2010-08-17 00:00:00+00:00,8749681.486521251
2010-08-18 00:00:00+00:00,8749681.486521251
2010-08-19 00:00:00+00:00,8749681.486521251
2010-08-20 00:00:00+00:00,8749681.486521251
2010-08-23 00:00:00+00:00,8749681.486521251
2010-08-24 00:00:00+00:00,8749681.486521251
2010-08-25 00:00:00+00:00,8749681.486521251
2010-08-26 00:00:00+00:00,8749681.486521251
2010-08-27 00:00:00+00:00,8749681.486521251
2010-08-30 00:00:00+00:00,8749681.486521251
2010-08-31 00:00:00+00:00,8749681.486521251
2010-09-01 00:00:00+00:00,8749681.486521251
2010-09-02 00:00:00+00:00,8749681.486521251
2010-09-03 00:00:00+00:00,8749681.486521251
2010-09-06 00:00:00+00:00,8749681.486521251
2010-09-07 00:00:00+00:00,8749681.486521251
2010-09-08 00:00:00+00:00,8749681.486521251
2010-09-09 00:00:00+00:00,8749681.486521251
2010-09-10 00:00:00+00:00,8749681.486521251
2010-09-13 00:00:00+00:00,8749681.486521251
2010-09-14 00:00:00+00:00,8749681.486521251
2010-09-15 00:00:00+00:00,8749681.486521251
2010-09-16 00:00:00+00:00,8749681.486521251
2010-09-17 00:00:00+00:00,8749681.486521251
2010-09-20 00:00:00+00:00,8749681.486521251
2010-09-21 00:00:00+00:00,8749681.486521251
2010-09-22 00:00:00+00:00,8749681.486521251
2010-09-23 00:00:00+00:00,8749681.486521251
2010-09-24 00:00:00+00:00,8749681.486521251
2010-09-27 00:00:00+00:00,8749681.486521251
2010-09-28 00:00:00+00:00,8749681.486521251
2010-09-29 00:00:00+00:00,8749681.486521251
2010-09-30 00:00:00+00:00,8749681.486521251
2010-10-01 00:00:00+00:00,8749681.486521251
2010-10-04 00:00:00+00:00,8749681.486521251
2010-10-05 00:00:00+00:00,8749681.486521251
2010-10-06 00:00:00+00:00,8749681.486521251
2010-10-07 00:00:00+00:00,8749681.486521251
2010-10-08 00:00:00+00:00,8749681.486521251
2010-10-11 00:00:00+00:00,8749681.486521251
2010-10-12 00:00:00+00:00,8749681.486521251
2010-10-13 00:00:00+00:00,8749681.486521251
2010-10-14 00:00:00+00:00,8749681.486521251
2010-10-15 00:00:00+00:00,8749681.486521251
2010-10-18 00:00:00+00:00,8749681.486521251
2010-10-19 00:00:00+00:00,8749681.486521251
2010-10-20 00:00:00+00:00,8749681.486521251
2010-10-21 00:00:00+00:00,8749681.486521251
2010-10-22 00:00:00+00:00,8749681.486521251
2010-10-25 00:00:00+00:00,8749681.486521251
2010-10-26 00:00:00+00:00,8749681.486521251
2010-10-27 00:00:00+00:00,8749681.486521251
2010-10-28 00:00:00+00:00,8749681.486521251
2010-10-29 00:00:00+00:00,8749681.486521251
2010-11-01 00:00:00+00:00,8749681.486521251
2010-11-02 00:00:00+00:00,8749681.486521251
2010-11-03 00:00:00+00:00,8749681.486521251
2010-11-04 00:00:00+00:00,8749681.486521251
2010-11-05 00:00:00+00:00,8749681.486521251
2010-11-08 00:00:00+00:00,8749681.486521251
2010-11-09 00:00:00+00:00,8749681.486521251
2010-11-10 00:00:00+00:00,8749681.486521251
2010-11-11 00:00:00+00:00,8749681.486521251
2010-11-12 00:00:00+00:00,8749681.486521251
2010-11-15 00:00:00+00:00,8749681.486521251
2010-11-16 00:00:00+00:00,8749681.486521251
2010-11-17 00:00:00+00:00,8749681.486521251
2010-11-18 00:00:00+00:00,8749681.486521251
2010-11-19 00:00:00+00:00,8749681.486521251
2010-11-22 00:00:00+00:00,8749681.486521251
2010-11-23 00:00:00+00:00,8749681.486521251
2010-11-24 00:00:00+00:00,8749681.486521251
2010-11-25 00:00:00+00:00,8749681.486521251
2010-11-26 00:00:00+00:00,8749681.486521251
2010-11-29 00:00:00+00:00,8749681.486521251
2010-11-30 00:00:00+00:00,8749681.486521251
2010-12-01 00:00:00+00:00,8749681.486521251
2010-12-02 00:00:00+00:00,8749681.486521251
2010-12-03 00:00:00+00:00,8749681.486521251
2010-12-06 00:00:00+00:00,8749681.486521251
2010-12-07 00:00:00+00:00,8749681.486521251
2010-12-08 00:00:00+00:00,8749681.486521251
2010-12-09 00:00:00+00:00,8749681.486521251
2010-12-10 00:00:00+00:00,8749681.486521251
2010-12-13 00:00:00+00:00,8749681.486521251
2010-12-14 00:00:00+00:00,8749681.486521251
2010-12-15 00:00:00+00:00,8749681.486521251
2010-12-16 00:00:00+00:00,8749681.486521251
2010-12-17 00:00:00+00:00,8749681.486521251
2010-12-20 00:00:00+00:00,8749681.486521251
2010-12-21 00:00:00+00:00,8749681.486521251
2010-12-22 00:00:00+00:00,8749681.486521251
2010-12-23 00:00:00+00:00,8749681.486521251
2010-12-24 00:00:00+00:00,8749681.486521251
2010-12-27 00:00:00+00:00,8749681.486521251
2010-12-28 00:00:00+00:00,8749681.486521251
2010-12-29 00:00:00+00:00,8749681.486521251
2010-12-30 00:00:00+00:00,8749681.486521251
2010-12-31 00:00:00+00:00,8749681.486521251
2011-01-03 00:00:00+00:00,8749681.486521251
2011-01-04 00:00:00+00:00,8749681.486521251
2011-01-05 00:00:00+00:00,8749681.486521251
2011-01-06 00:00:00+00:00,8749681.486521251
2011-01-07 00:00:00+00:00,8749681.486521251
2011-01-10 00:00:00+00:00,8749681.486521251
2011-01-11 00:00:00+00:00,8749681.486521251
2011-01-12 00:00:00+00:00,8749681.486521251
2011-01-13 00:00:00+00:00,8749681.486521251
2011-01-14 00:00:00+00:00,8749681.486521251
2011-01-17 00:00:00+00:00,8749681.486521251
2011-01-18 00:00:00+00:00,8749681.486521251
2011-01-19 00:00:00+00:00,8749681.486521251
2011-01-20 00:00:00+00:00,8749681.486521251
2011-01-21 00:00:00+00:00,8749681.486521251
2011-01-24 00:00:00+00:00,8749681.486521251
2011-01-25 00:00:00+00:00,8749681.486521251
2011-01-26 00:00:00+00:00,8749681.486521251
2011-01-27 00:00:00+00:00,8749681.486521251
2011-01-28 00:00:00+00:00,8749681.486521251
2011-01-31 00:00:00+00:00,8749681.486521251
2011-02-01 00:00:00+00:00,8749681.486521251
2011-02-02 00:00:00+00:00,8749681.486521251
2011-02-03 00:00:00+00:00,8749681.486521251
2011-02-04 00:00:00+00:00,8749681.486521251
2011-02-07 00:00:00+00:00,8749681.486521251
2011-02-08 00:00:00+00:00,8749681.486521251
2011-02-09 00:00:00+00:00,8749681.486521251
2011-02-10 00:00:00+00:00,8749681.486521251
2011-02-11 00:00:00+00:00,8749681.486521251
2011-02-14 00:00:00+00:00,8749681.486521251
2011-02-15 00:00:00+00:00,8749681.486521251
2011-02-16 00:00:00+00:00,8749681.486521251
2011-02-17 00:00:00+00:00,8749681.486521251
2011-02-18 00:00:00+00:00,8749681.486521251
2011-02-21 00:00:00+00:00,8749681.486521251
2011-02-22 00:00:00+00:00,8749681.486521251
2011-02-23 00:00:00+00:00,8749681.486521251
2011-02-24 00:00:00+00:00,8749681.486521251
2011-02-25 00:00:00+00:00,8749681.486521251
2011-02-28 00:00:00+00:00,8749681.486521251
2011-03-01 00:00:00+00:00,8749681.486521251
2011-03-02 00:00:00+00:00,8749681.486521251
2011-03-03 00:00:00+00:00,8749681.486521251
2011-03-04 00:00:00+00:00,8749681.486521251
2011-03-07 00:00:00+00:00,8749681.486521251
2011-03-08 00:00:00+00:00,8749681.486521251
2011-03-09 00:00:00+00:00,8749681.486521251
2011-03-10 00:00:00+00:00,8749681.486521251
2011-03-11 00:00:00+00:00,8749681.486521251
2011-03-14 00:00:00+00:00,8749681.486521251
2011-03-15 00:00:00+00:00,8749681.486521251
2011-03-16 00:00:00+00:00,8749681.486521251
2011-03-17 00:00:00+00:00,8749681.486521251
2011-03-18 00:00:00+00:00,8749681.486521251
2011-03-21 00:00:00+00:00,8749681.486521251
2011-03-22 00:00:00+00:00,8749681.486521251
2011-03-23 00:00:00+00:00,8749681.486521251
2011-03-24 00:00:00+00:00,8749681.486521251
2011-03-25 00:00:00+00:00,8749681.486521251
2011-03-28 00:00:00+00:00,8749681.486521251
2011-03-29 00:00:00+00:00,8749681.486521251
2011-03-30 00:00:00+00:00,8749681.486521251
2011-03-31 00:00:00+00:00,8749681.486521251
2011-04-01 00:00:00+00:00,8749681.486521251
2011-04-04 00:00:00+00:00,8749681.486521251
2011-04-05 00:00:00+00:00,8749681.486521251
2011-04-06 00:00:00+00:00,8749681.486521251
2011-04-07 00:00:00+00:00,8749681.486521251
2011-04-08 00:00:00+00:00,8749681.486521251
2011-04-11 00:00:00+00:00,8749681.486521251
2011-04-12 00:00:00+00:00,8749681.486521251
2011-04-13 00:00:00+00:00,8749681.486521251
2011-04-14 00:00:00+00:00,8749681.486521251
2011-04-15 00:00:00+00:00,8749681.486521251
2011-04-18 00:00:00+00:00,8749681.486521251
2011-04-19 00:00:00+00:00,8749681.486521251
2011-04-20 00:00:00+00:00,8749681.486521251
2011-04-21 00:00:00+00:00,8749681.486521251
2011-04-25 00:00:00+00:00,8749681.486521251
2011-04-26 00:00:00+00:00,8749681.486521251
2011-04-27 00:00:00+00:00,8749681.486521251
2011-04-28 00:00:00+00:00,8749681.486521251
2011-04-29 00:00:00+00:00,8749681.486521251
2011-05-02 00:00:00+00:00,8749681.486521251
2011-05-03 00:00:00+00:00,8749681.486521251
2011-05-04 00:00:00+00:00,8749681.486521251
2011-05-05 00:00:00+00:00,8749681.486521251
2011-05-06 00:00:00+00:00,8749681.486521251
2011-05-09 00:00:00+00:00,8749681.486521251
2011-05-10 00:00:00+00:00,8749681.486521251
2011-05-11 00:00:00+00:00,8749681.486521251
2011-05-12 00:00:00+00:00,8749681.486521251
2011-05-13 00:00:00+00:00,8749681.486521251
2011-05-16 00:00:00+00:00,8749681.486521251
2011-05-17 00:00:00+00:00,8749681.486521251
2011-05-18 00:00:00+00:00,8749681.486521251
2011-05-19 00:00:00+00:00,8749681.486521251
2011-05-20 00:00:00+00:00,8749681.486521251
2011-05-23 00:00:00+00:00,8749681.486521251
2011-05-24 00:00:00+00:00,8749681.486521251
2011-05-25 00:00:00+00:00,8749681.486521251
2011-05-26 00:00:00+00:00,8749681.486521251
2011-05-27 00:00:00+00:00,8749681.486521251
2011-05-30 00:00:00+00:00,8749681.486521251
2011-05-31 00:00:00+00:00,8749681.486521251
2011-06-01 00:00:00+00:00,8749681.486521251
2011-06-02 00:00:00+00:00,8749681.486521251
2011-06-03 00:00:00+00:00,8749681.486521251
2011-06-06 00:00:00+00:00,8749681.486521251
2011-06-07 00:00:00+00:00,8749681.486521251
2011-06-08 00:00:00+00:00,8749681.486521251
2011-06-09 00:00:00+00:00,8749681.486521251
2011-06-10 00:00:00+00:00,8749681.486521251
2011-06-13 00:00:00+00:00,8749681.486521251
2011-06-14 00:00:00+00:00,8749681.486521251
2011-06-15 00:00:00+00:00,8749681.486521251
2011-06-16 00:00:00+00:00,8749681.486521251
2011-06-17 00:00:00+00:00,8749681.486521251
2011-06-20 00:00:00+00:00,8749681.486521251
2011-06-21 00:00:00+00:00,8749681.486521251
2011-06-22 00:00:00+00:00,8749681.486521251
2011-06-23 00:00:00+00:00,8749681.486521251
2011-06-24 00:00:00+00:00,8749681.486521251
2011-06-27 00:00:00+00:00,8749681.486521251
2011-06-28 00:00:00+00:00,8749681.486521251
2011-06-29 00:00:00+00:00,8749681.486521251
2011-06-30 00:00:00+00:00,8749681.486521251
2011-07-01 00:00:00+00:00,8749681.486521251
2011-07-04 00:00:00+00:00,8749681.486521251
2011-07-05 00:00:00+00:00,8749681.486521251
2011-07-06 00:00:00+00:00,8749681.486521251
2011-07-07 00:00:00+00:00,8749681.486521251
2011-07-08 00:00:00+00:00,8749681.486521251
2011-07-11 00:00:00+00:00,8749681.486521251
2011-07-12 00:00:00+00:00,8749681.486521251
2011-07-13 00:00:00+00:00,8749681.486521251
2011-07-14 00:00:00+00:00,8749681.486521251
2011-07-15 00:00:00+00:00,8749681.486521251
2011-07-18 00:00:00+00:00,8749681.486521251
2011-07-19 00:00:00+00:00,8749681.486521251
2011-07-20 00:00:00+00:00,8749681.486521251
2011-07-21 00:00:00+00:00,8749681.486521251
2011-07-22 00:00:00+00:00,8749681.486521251
2011-07-25 00:00:00+00:00,8749681.486521251
2011-07-26 00:00:00+00:00,8749681.486521251
2011-07-27 00:00:00+00:00,8749681.486521251
2011-07-28 00:00:00+00:00,8749681.486521251
2011-07-29 00:00:00+00:00,8749681.486521251
2011-08-01 00:00:00+00:00,8749681.486521251
2011-08-02 00:00:00+00:00,8749681.486521251
2011-08-03 00:00:00+00:00,8749681.486521251
2011-08-04 00:00:00+00:00,8749681.486521251
2011-08-05 00:00:00+00:00,8749681.486521251
2011-08-08 00:00:00+00:00,8749681.486521251
2011-08-09 00:00:00+00:00,8749681.486521251
2011-08-10 00:00:00+00:00,8749681.486521251
2011-08-11 00:00:00+00:00,8749681.486521251
2011-08-12 00:00:00+00:00,8749681.486521251
2011-08-15 00:00:00+00:00,8749681.486521251
2011-08-16 00:00:00+00:00,8749681.486521251
2011-08-17 00:00:00+00:00,8749681.486521251
2011-08-18 00:00:00+00:00,8749681.486521251
2011-08-19 00:00:00+00:00,8749681.486521251
2011-08-22 00:00:00+00:00,8749681.486521251
2011-08-23 00:00:00+00:00,8749681.486521251
2011-08-24 00:00:00+00:00,8749681.486521251
2011-08-25 00:00:00+00:00,8749681.486521251
2011-08-26 00:00:00+00:00,8749681.486521251
2011-08-29 00:00:00+00:00,8749681.486521251
2011-08-30 00:00:00+00:00,8749681.486521251
2011-08-31 00:00:00+00:00,8749681.486521251
2011-09-01 00:00:00+00:00,8749681.486521251
2011-09-02 00:00:00+00:00,8749681.486521251
2011-09-05 00:00:00+00:00,8749681.486521251
2011-09-06 00:00:00+00:00,8749681.486521251
2011-09-07 00:00:00+00:00,8749681.486521251
2011-09-08 00:00:00+00:00,8749681.486521251
2011-09-09 00:00:00+00:00,8749681.486521251
2011-09-12 00:00:00+00:00,8749681.486521251
2011-09-13 00:00:00+00:00,8749681.486521251
2011-09-14 00:00:00+00:00,8749681.486521251
2011-09-15 00:00:00+00:00,8749681.486521251
2011-09-16 00:00:00+00:00,8749681.486521251
2011-09-19 00:00:00+00:00,8749681.486521251
2011-09-20 00:00:00+00:00,8749681.486521251
2011-09-21 00:00:00+00:00,8749681.486521251
2011-09-22 00:00:00+00:00,8749681.486521251
2011-09-23 00:00:00+00:00,8749681.486521251
2011-09-26 00:00:00+00:00,8749681.486521251
2011-09-27 00:00:00+00:00,8749681.486521251
2011-09-28 00:00:00+00:00,8749681.486521251
2011-09-29 00:00:00+00:00,8749681.486521251
2011-09-30 00:00:00+00:00,8749681.486521251
2011-10-03 00:00:00+00:00,8749681.486521251
2011-10-04 00:00:00+00:00,8749681.486521251
2011-10-05 00:00:00+00:00,8749681.486521251
2011-10-06 00:00:00+00:00,8749681.486521251
2011-10-07 00:00:00+00:00,8749681.486521251
2011-10-10 00:00:00+00:00,8749681.486521251
2011-10-11 00:00:00+00:00,8749681.486521251
2011-10-12 00:00:00+00:00,8749681.486521251
2011-10-13 00:00:00+00:00,8749681.486521251
2011-10-14 00:00:00+00:00,8749681.486521251
2011-10-17 00:00:00+00:00,8749681.486521251
2011-10-18 00:00:00+00:00,8749681.486521251
2011-10-19 00:00:00+00:00,8749681.486521251
2011-10-20 00:00:00+00:00,8749681.486521251
2011-10-21 00:00:00+00:00,8749681.486521251
2011-10-24 00:00:00+00:00,8749681.486521251
2011-10-25 00:00:00+00:00,8749681.486521251
2011-10-26 00:00:00+00:00,8749681.486521251
2011-10-27 00:00:00+00:00,8749681.486521251
2011-10-28 00:00:00+00:00,8749681.486521251
2011-10-31 00:00:00+00:00,8749681.486521251
2011-11-01 00:00:00+00:00,8749681.486521251
2011-11-02 00:00:00+00:00,8749681.486521251
2011-11-03 00:00:00+00:00,8749681.486521251
2011-11-04 00:00:00+00:00,8749681.486521251
2011-11-07 00:00:00+00:00,8749681.486521251
2011-11-08 00:00:00+00:00,8749681.486521251
2011-11-09 00:00:00+00:00,8749681.486521251
2011-11-10 00:00:00+00:00,8749681.486521251
2011-11-11 00:00:00+00:00,8749681.486521251
2011-11-14 00:00:00+00:00,8749681.486521251
2011-11-15 00:00:00+00:00,8749681.486521251
2011-11-16 00:00:00+00:00,8749681.486521251
2011-11-17 00:00:00+00:00,8749681.486521251
2011-11-18 00:00:00+00:00,8749681.486521251
2011-11-21 00:00:00+00:00,8749681.486521251
2011-11-22 00:00:00+00:00,8749681.486521251
2011-11-23 00:00:00+00:00,8749681.486521251
2011-11-24 00:00:00+00:00,8749681.486521251
2011-11-25 00:00:00+00:00,8749681.486521251
2011-11-28 00:00:00+00:00,8749681.486521251
2011-11-29 00:00:00+00:00,8749681.486521251
2011-11-30 00:00:00+00:00,8749681.486521251
2011-12-01 00:00:00+00:00,8749681.486521251
2011-12-02 00:00:00+00:00,8749681.486521251
2011-12-05 00:00:00+00:00,8749681.486521251
2011-12-06 00:00:00+00:00,8749681.486521251
2011-12-07 00:00:00+00:00,8749681.486521251
2011-12-08 00:00:00+00:00,8749681.486521251
2011-12-09 00:00:00+00:00,8749681.486521251
2011-12-12 00:00:00+00:00,8749681.486521251
2011-12-13 00:00:00+00:00,8749681.486521251
2011-12-14 00:00:00+00:00,8749681.486521251
2011-12-15 00:00:00+00:00,8749681.486521251
2011-12-16 00:00:00+00:00,8749681.486521251
2011-12-19 00:00:00+00:00,8749681.486521251
2011-12-20 00:00:00+00:00,8749681.486521251
2011-12-21 00:00:00+00:00,8749681.486521251
2011-12-22 00:00:00+00:00,8749681.486521251
2011-12-23 00:00:00+00:00,8749681.486521251
2011-12-26 00:00:00+00:00,8749681.486521251
2011-12-27 00:00:00+00:00,8749681.486521251
2011-12-28 00:00:00+00:00,8749681.486521251
2011-12-29 00:00:00+00:00,8749681.486521251
2011-12-30 00:00:00+00:00,8749681.486521251
2012-01-02 00:00:00+00:00,8749681.486521251
2012-01-03 00:00:00+00:00,8749681.486521251
2012-01-04 00:00:00+00:00,8749681.486521251
2012-01-05 00:00:00+00:00,8749681.486521251
2012-01-06 00:00:00+00:00,8749681.486521251
2012-01-09 00:00:00+00:00,8749681.486521251
2012-01-10 00:00:00+00:00,8749681.486521251
2012-01-11 00:00:00+00:00,8749681.486521251
2012-01-12 00:00:00+00:00,8749681.486521251
2012-01-13 00:00:00+00:00,8749681.486521251
2012-01-16 00:00:00+00:00,8749681.486521251
2012-01-17 00:00:00+00:00,8749681.486521251
2012-01-18 00:00:00+00:00,8749681.486521251
2012-01-19 00:00:00+00:00,8749681.486521251
2012-01-20 00:00:00+00:00,8749681.486521251
2012-01-23 00:00:00+00:00,8749681.486521251
2012-01-24 00:00:00+00:00,8749681.486521251
2012-01-25 00:00:00+00:00,8749681.486521251
2012-01-26 00:00:00+00:00,8749681.486521251
2012-01-27 00:00:00+00:00,8749681.486521251
2012-01-30 00:00:00+00:00,8749681.486521251
2012-01-31 00:00:00+00:00,8749681.486521251
2012-02-01 00:00:00+00:00,8749681.486521251
2012-02-02 00:00:00+00:00,8749681.486521251
2012-02-03 00:00:00+00:00,8749681.486521251
2012-02-06 00:00:00+00:00,8749681.486521251
2012-02-07 00:00:00+00:00,8749681.486521251
2012-02-08 00:00:00+00:00,8749681.486521251
2012-02-09 00:00:00+00:00,8749681.486521251
2012-02-10 00:00:00+00:00,8749681.486521251
2012-02-13 00:00:00+00:00,8749681.486521251
2012-02-14 00:00:00+00:00,8749681.486521251
2012-02-15 00:00:00+00:00,8749681.486521251
2012-02-16 00:00:00+00:00,8749681.486521251
2012-02-17 00:00:00+00:00,8749681.486521251
2012-02-21 00:00:00+00:00,8749681.486521251
2012-02-22 00:00:00+00:00,8749681.486521251
2012-02-23 00:00:00+00:00,8749681.486521251
2012-02-24 00:00:00+00:00,8749681.486521251
2012-02-27 00:00:00+00:00,8749681.486521251
2012-02-28 00:00:00+00:00,8749681.486521251
2012-02-29 00:00:00+00:00,8749681.486521251
2012-03-01 00:00:00+00:00,8749681.486521251
2012-03-02 00:00:00+00:00,8749681.486521251
2012-03-05 00:00:00+00:00,8749681.486521251
2012-03-06 00:00:00+00:00,8749681.486521251
2012-03-07 00:00:00+00:00,8749681.486521251
2012-03-08 00:00:00+00:00,8749681.486521251
2012-03-09 00:00:00+00:00,8749681.486521251
2012-03-12 00:00:00+00:00,8749681.486521251
2012-03-13 00:00:00+00:00,8749681.486521251
2012-03-14 00:00:00+00:00,8749681.486521251
2012-03-15 00:00:00+00:00,8749681.486521251
2012-03-16 00:00:00+00:00,8749681.486521251
2012-03-19 00:00:00+00:00,8749681.486521251
2012-03-20 00:00:00+00:00,8749681.486521251
2012-03-21 00:00:00+00:00,8749681.486521251
2012-03-22 00:00:00+00:00,8749681.486521251
2012-03-23 00:00:00+00:00,8749681.486521251
2012-03-26 00:00:00+00:00,8749681.486521251
2012-03-27 00:00:00+00:00,8749681.486521251
2012-03-28 00:00:00+00:00,8749681.486521251
2012-03-29 00:00:00+00:00,8749681.486521251
2012-03-30 00:00:00+00:00,8749681.486521251
2012-04-02 00:00:00+00:00,8749681.486521251
2012-04-03 00:00:00+00:00,8749681.486521251
2012-04-04 00:00:00+00:00,8749681.486521251
2012-04-05 00:00:00+00:00,8749681.486521251
2012-04-09 00:00:00+00:00,8749681.486521251
2012-04-10 00:00:00+00:00,8749681.486521251
2012-04-11 00:00:00+00:00,8749681.486521251
2012-04-12 00:00:00+00:00,8749681.486521251
2012-04-13 00:00:00+00:00,8749681.486521251
2012-04-16 00:00:00+00:00,8749681.486521251
2012-04-17 00:00:00+00:00,8749681.486521251
2012-04-18 00:00:00+00:00,8749681.486521251
2012-04-19 00:00:00+00:00,8749681.486521251
2012-04-20 00:00:00+00:00,8749681.486521251
2012-04-23 00:00:00+00:00,8749681.486521251
2012-04-24 00:00:00+00:00,8749681.486521251
2012-04-25 00:00:00+00:00,8749681.486521251
2012-04-26 00:00:00+00:00,8749681.486521251
2012-04-27 00:00:00+00:00,8749681.486521251
2012-04-30 00:00:00+00:00,8749681.486521251
2012-05-01 00:00:00+00:00,8749681.486521251
2012-05-02 00:00:00+00:00,8749681.486521251
2012-05-03 00:00:00+00:00,8749681.486521251
2012-05-04 00:00:00+00:00,8749681.486521251
2012-05-07 00:00:00+00:00,8749681.486521251
2012-05-08 00:00:00+00:00,8749681.486521251
2012-05-09 00:00:00+00:00,8749681.486521251
2012-05-10 00:00:00+00:00,8749681.486521251
2012-05-11 00:00:00+00:00,8749681.486521251
2012-05-14 00:00:00+00:00,8749681.486521251
2012-05-15 00:00:00+00:00,8749681.486521251
2012-05-16 00:00:00+00:00,8749681.486521251
2012-05-17 00:00:00+00:00,8749681.486521251
2012-05-18 00:00:00+00:00,8749681.486521251
2012-05-21 00:00:00+00:00,8749681.486521251
2012-05-22 00:00:00+00:00,8749681.486521251
2012-05-23 00:00:00+00:00,8749681.486521251
2012-05-24 00:00:00+00:00,8749681.486521251
2012-05-25 00:00:00+00:00,8749681.486521251
2012-05-28 00:00:00+00:00,8749681.486521251
2012-05-29 00:00:00+00:00,8749681.486521251
2012-05-30 00:00:00+00:00,8749681.486521251
2012-05-31 00:00:00+00:00,8749681.486521251
2012-06-01 00:00:00+00:00,8749681.486521251
2012-06-04 00:00:00+00:00,8749681.486521251
2012-06-05 00:00:00+00:00,8749681.486521251
2012-06-06 00:00:00+00:00,8749681.486521251
2012-06-07 00:00:00+00:00,8749681.486521251
2012-06-08 00:00:00+00:00,8749681.486521251
2012-06-11 00:00:00+00:00,8749681.486521251
2012-06-12 00:00:00+00:00,8749681.486521251
2012-06-13 00:00:00+00:00,8749681.486521251
2012-06-14 00:00:00+00:00,8749681.486521251
2012-06-15 00:00:00+00:00,8749681.486521251
2012-06-18 00:00:00+00:00,8749681.486521251
2012-06-19 00:00:00+00:00,8749681.486521251
2012-06-20 00:00:00+00:00,8749681.486521251
2012-06-21 00:00:00+00:00,8749681.486521251
2012-06-22 00:00:00+00:00,8749681.486521251
2012-06-25 00:00:00+00:00,8749681.486521251
2012-06-26 00:00:00+00:00,8749681.486521251
2012-06-27 00:00:00+00:00,8749681.486521251
2012-06-28 00:00:00+00:00,8749681.486521251
2012-06-29 00:00:00+00:00,8749681.486521251
2012-07-02 00:00:00+00:00,8749681.486521251
2012-07-03 00:00:00+00:00,8749681.486521251
2012-07-04 00:00:00+00:00,8749681.486521251
2012-07-05 00:00:00+00:00,8749681.486521251
2012-07-06 00:00:00+00:00,8749681.486521251
2012-07-09 00:00:00+00:00,8749681.486521251
2012-07-10 00:00:00+00:00,8749681.486521251
2012-07-11 00:00:00+00:00,8749681.486521251
2012-07-12 00:00:00+00:00,8749681.486521251
2012-07-13 00:00:00+00:00,8749681.486521251
2012-07-16 00:00:00+00:00,8749681.486521251
2012-07-17 00:00:00+00:00,8749681.486521251
2012-07-18 00:00:00+00:00,8749681.486521251
2012-07-19 00:00:00+00:00,8749681.486521251
2012-07-20 00:00:00+00:00,8749681.486521251
2012-07-23 00:00:00+00:00,8749681.486521251
2012-07-24 00:00:00+00:00,8749681.486521251
2012-07-25 00:00:00+00:00,8749681.486521251
2012-07-26 00:00:00+00:00,8749681.486521251
2012-07-27 00:00:00+00:00,8749681.486521251
2012-07-30 00:00:00+00:00,8749681.486521251
2012-07-31 00:00:00+00:00,8749681.486521251
2012-08-01 00:00:00+00:00,8749681.486521251
2012-08-02 00:00:00+00:00,8749681.486521251
2012-08-03 00:00:00+00:00,8749681.486521251
2012-08-06 00:00:00+00:00,8749681.486521251
2012-08-07 00:00:00+00:00,8749681.486521251
2012-08-08 00:00:00+00:00,8749681.486521251
2012-08-09 00:00:00+00:00,8749681.486521251
2012-08-10 00:00:00+00:00,8749681.486521251
2012-08-13 00:00:00+00:00,8749681.486521251
2012-08-14 00:00:00+00:00,8749681.486521251
2012-08-15 00:00:00+00:00,8749681.486521251
2012-08-16 00:00:00+00:00,8749681.486521251
2012-08-17 00:00:00+00:00,8749681.486521251
2012-08-20 00:00:00+00:00,8749681.486521251
2012-08-21 00:00:00+00:00,8749681.486521251
2012-08-22 00:00:00+00:00,8749681.486521251
2012-08-23 00:00:00+00:00,8749681.486521251
2012-08-24 00:00:00+00:00,8749681.486521251
2012-08-27 00:00:00+00:00,8749681.486521251
2012-08-28 00:00:00+00:00,8749681.486521251
2012-08-29 00:00:00+00:00,8749681.486521251
2012-08-30 00:00:00+00:00,8749681.486521251
2012-08-31 00:00:00+00:00,8749681.486521251
2012-09-03 00:00:00+00:00,8749681.486521251
2012-09-04 00:00:00+00:00,8749681.486521251
2012-09-05 00:00:00+00:00,8749681.486521251
2012-09-06 00:00:00+00:00,8749681.486521251
2012-09-07 00:00:00+00:00,8749681.486521251
2012-09-10 00:00:00+00:00,8749681.486521251
2012-09-11 00:00:00+00:00,8749681.486521251
2012-09-12 00:00:00+00:00,8749681.486521251
2012-09-13 00:00:00+00:00,8749681.486521251
2012-09-14 00:00:00+00:00,8749681.486521251
2012-09-17 00:00:00+00:00,8749681.486521251
2012-09-18 00:00:00+00:00,8749681.486521251
2012-09-19 00:00:00+00:00,8749681.486521251
2012-09-20 00:00:00+00:00,8749681.486521251
2012-09-21 00:00:00+00:00,8749681.486521251
2012-09-24 00:00:00+00:00,8749681.486521251
2012-09-25 00:00:00+00:00,8749681.486521251
2012-09-26 00:00:00+00:00,8749681.486521251
2012-09-27 00:00:00+00:00,8749681.486521251
2012-09-28 00:00:00+00:00,8749681.486521251
2012-10-01 00:00:00+00:00,8749681.486521251
2012-10-02 00:00:00+00:00,8749681.486521251
2012-10-03 00:00:00+00:00,8749681.486521251
2012-10-04 00:00:00+00:00,8749681.486521251
2012-10-05 00:00:00+00:00,8749681.486521251
2012-10-08 00:00:00+00:00,8749681.486521251
2012-10-09 00:00:00+00:00,8749681.486521251
2012-10-10 00:00:00+00:00,8749681.486521251
2012-10-11 00:00:00+00:00,8749681.486521251
2012-10-12 00:00:00+00:00,8749681.486521251
2012-10-15 00:00:00+00:00,8749681.486521251
2012-10-16 00:00:00+00:00,8749681.486521251
2012-10-17 00:00:00+00:00,8749681.486521251
2012-10-18 00:00:00+00:00,8749681.486521251
2012-10-19 00:00:00+00:00,8749681.486521251
2012-10-22 00:00:00+00:00,8749681.486521251
2012-10-23 00:00:00+00:00,8749681.486521251
2012-10-24 00:00:00+00:00,8749681.486521251
2012-10-25 00:00:00+00:00,8749681.486521251
2012-10-26 00:00:00+00:00,8749681.486521251
2012-10-29 00:00:00+00:00,8749681.486521251
2012-10-30 00:00:00+00:00,8749681.486521251
2012-10-31 00:00:00+00:00,8749681.486521251
2012-11-01 00:00:00+00:00,8749681.486521251
2012-11-02 00:00:00+00:00,8749681.486521251
2012-11-05 00:00:00+00:00,8749681.486521251
2012-11-06 00:00:00+00:00,8749681.486521251
2012-11-07 00:00:00+00:00,8749681.486521251
2012-11-08 00:00:00+00:00,8749681.486521251
2012-11-09 00:00:00+00:00,8749681.486521251
2012-11-12 00:00:00+00:00,8749681.486521251
2012-11-13 00:00:00+00:00,8749681.486521251
2012-11-14 00:00:00+00:00,8749681.486521251
2012-11-15 00:00:00+00:00,8749681.486521251
2012-11-16 00:00:00+00:00,8749681.486521251
2012-11-19 00:00:00+00:00,8749681.486521251
2012-11-20 00:00:00+00:00,8749681.486521251
2012-11-21 00:00:00+00:00,8749681.486521251
2012-11-22 00:00:00+00:00,8749681.486521251
2012-11-23 00:00:00+00:00,8749681.486521251
2012-11-26 00:00:00+00:00,8749681.486521251
2012-11-27 00:00:00+00:00,8749681.486521251
2012-11-28 00:00:00+00:00,8749681.486521251
2012-11-29 00:00:00+00:00,8749681.486521251
2012-11-30 00:00:00+00:00,8749681.486521251
2012-12-03 00:00:00+00:00,8749681.486521251
2012-12-04 00:00:00+00:00,8749681.486521251
2012-12-05 00:00:00+00:00,8749681.486521251
2012-12-06 00:00:00+00:00,8749681.486521251
2012-12-07 00:00:00+00:00,8749681.486521251
2012-12-10 00:00:00+00:00,8749681.486521251
2012-12-11 00:00:00+00:00,8749681.486521251
2012-12-12 00:00:00+00:00,8749681.486521251
2012-12-13 00:00:00+00:00,8749681.486521251
2012-12-14 00:00:00+00:00,8749681.486521251
2012-12-17 00:00:00+00:00,8749681.486521251
2012-12-18 00:00:00+00:00,8749681.486521251
2012-12-19 00:00:00+00:00,8749681.486521251
2012-12-20 00:00:00+00:00,8749681.486521251
2012-12-21 00:00:00+00:00,8749681.486521251
2012-12-24 00:00:00+00:00,8749681.486521251
2012-12-26 00:00:00+00:00,8749681.486521251
2012-12-27 00:00:00+00:00,8749681.486521251
2012-12-28 00:00:00+00:00,8749681.486521251
2012-12-31 00:00:00+00:00,8749681.486521251
2013-01-01 00:00:00+00:00,8749681.486521251
2013-01-02 00:00:00+00:00,8749681.486521251
2013-01-03 00:00:00+00:00,8749681.486521251
2013-01-04 00:00:00+00:00,8749681.486521251
2013-01-07 00:00:00+00:00,8749681.486521251
2013-01-08 00:00:00+00:00,8749681.486521251
2013-01-09 00:00:00+00:00,8749681.486521251
2013-01-10 00:00:00+00:00,8749681.486521251
2013-01-11 00:00:00+00:00,8749681.486521251
2013-01-14 00:00:00+00:00,8749681.486521251
2013-01-15 00:00:00+00:00,8749681.486521251
2013-01-16 00:00:00+00:00,8749681.486521251
2013-01-17 00:00:00+00:00,8749681.486521251
2013-01-18 00:00:00+00:00,8749681.486521251
2013-01-21 00:00:00+00:00,8749681.486521251
2013-01-22 00:00:00+00:00,8749681.486521251
2013-01-23 00:00:00+00:00,8749681.486521251
2013-01-24 00:00:00+00:00,8749681.486521251
2013-01-25 00:00:00+00:00,8749681.486521251
2013-01-28 00:00:00+00:00,8749681.486521251
2013-01-29 00:00:00+00:00,8749681.486521251
2013-01-30 00:00:00+00:00,8749681.486521251
2013-01-31 00:00:00+00:00,8749681.486521251
2013-02-01 00:00:00+00:00,8749681.486521251
2013-02-04 00:00:00+00:00,8749681.486521251
2013-02-05 00:00:00+00:00,8749681.486521251
2013-02-06 00:00:00+00:00,8749681.486521251
2013-02-07 00:00:00+00:00,8749681.486521251
2013-02-08 00:00:00+00:00,8749681.486521251
2013-02-11 00:00:00+00:00,8749681.486521251
2013-02-12 00:00:00+00:00,8749681.486521251
2013-02-13 00:00:00+00:00,8749681.486521251
2013-02-14 00:00:00+00:00,8749681.486521251
2013-02-15 00:00:00+00:00,8749681.486521251
2013-02-18 00:00:00+00:00,8749681.486521251
2013-02-19 00:00:00+00:00,8749681.486521251
2013-02-20 00:00:00+00:00,8749681.486521251
2013-02-21 00:00:00+00:00,8749681.486521251
2013-02-22 00:00:00+00:00,8749681.486521251
2013-02-25 00:00:00+00:00,8749681.486521251
2013-02-26 00:00:00+00:00,8749681.486521251
2013-02-27 00:00:00+00:00,8749681.486521251
2013-02-28 00:00:00+00:00,8749681.486521251
2013-03-01 00:00:00+00:00,8749681.486521251
2013-03-04 00:00:00+00:00,8749681.486521251
2013-03-05 00:00:00+00:00,8749681.486521251
2013-03-06 00:00:00+00:00,8749681.486521251
2013-03-07 00:00:00+00:00,8749681.486521251
2013-03-08 00:00:00+00:00,8749681.486521251
2013-03-11 00:00:00+00:00,8749681.486521251
2013-03-12 00:00:00+00:00,8749681.486521251
2013-03-13 00:00:00+00:00,8749681.486521251
2013-03-14 00:00:00+00:00,8749681.486521251
2013-03-15 00:00:00+00:00,8749681.486521251
2013-03-18 00:00:00+00:00,8749681.486521251
2013-03-19 00:00:00+00:00,8749681.486521251
2013-03-20 00:00:00+00:00,8749681.486521251
2013-03-21 00:00:00+00:00,8749681.486521251
2013-03-22 00:00:00+00:00,8749681.486521251
2013-03-25 00:00:00+00:00,8749681.486521251
2013-03-26 00:00:00+00:00,8749681.486521251
2013-03-27 00:00:00+00:00,8749681.486521251
2013-03-28 00:00:00+00:00,8749681.486521251
2013-04-01 00:00:00+00:00,8749681.486521251
2013-04-02 00:00:00+00:00,8749681.486521251
2013-04-03 00:00:00+00:00,8749681.486521251
2013-04-04 00:00:00+00:00,8749681.486521251
2013-04-05 00:00:00+00:00,8749681.486521251
2013-04-08 00:00:00+00:00,8749681.486521251
2013-04-09 00:00:00+00:00,8749681.486521251
2013-04-10 00:00:00+00:00,8749681.486521251
2013-04-11 00:00:00+00:00,8749681.486521251
2013-04-12 00:00:00+00:00,8749681.486521251
2013-04-15 00:00:00+00:00,8749681.486521251
2013-04-16 00:00:00+00:00,8749681.486521251
2013-04-17 00:00:00+00:00,8749681.486521251
2013-04-18 00:00:00+00:00,8749681.486521251
2013-04-19 00:00:00+00:00,8749681.486521251
2013-04-22 00:00:00+00:00,8749681.486521251
2013-04-23 00:00:00+00:00,8749681.486521251
2013-04-24 00:00:00+00:00,8749681.486521251
2013-04-25 00:00:00+00:00,8749681.486521251
2013-04-26 00:00:00+00:00,8749681.486521251
2013-04-29 00:00:00+00:00,8749681.486521251
2013-04-30 00:00:00+00:00,8749681.486521251
2013-05-01 00:00:00+00:00,8749681.486521251
2013-05-02 00:00:00+00:00,8749681.486521251
2013-05-03 00:00:00+00:00,8749681.486521251
2013-05-06 00:00:00+00:00,8749681.486521251
2013-05-07 00:00:00+00:00,8749681.486521251
2013-05-08 00:00:00+00:00,8749681.486521251
2013-05-09 00:00:00+00:00,8749681.486521251
2013-05-10 00:00:00+00:00,8749681.486521251
2013-05-13 00:00:00+00:00,8749681.486521251
2013-05-14 00:00:00+00:00,8749681.486521251
2013-05-15 00:00:00+00:00,8749681.486521251
2013-05-16 00:00:00+00:00,8749681.486521251
2013-05-17 00:00:00+00:00,8749681.486521251
2013-05-20 00:00:00+00:00,8749681.486521251
2013-05-21 00:00:00+00:00,8749681.486521251
2013-05-22 00:00:00+00:00,8749681.486521251
2013-05-23 00:00:00+00:00,8749681.486521251
2013-05-24 00:00:00+00:00,8749681.486521251
2013-05-27 00:00:00+00:00,8749681.486521251
2013-05-28 00:00:00+00:00,8749681.486521251
2013-05-29 00:00:00+00:00,8749681.486521251
2013-05-30 00:00:00+00:00,8749681.486521251
2013-05-31 00:00:00+00:00,8749681.486521251
2013-06-03 00:00:00+00:00,8749681.486521251
2013-06-04 00:00:00+00:00,8749681.486521251
2013-06-05 00:00:00+00:00,8749681.486521251
2013-06-06 00:00:00+00:00,8749681.486521251
2013-06-07 00:00:00+00:00,8749681.486521251
2013-06-10 00:00:00+00:00,8749681.486521251
2013-06-11 00:00:00+00:00,8749681.486521251
2013-06-12 00:00:00+00:00,8749681.486521251
2013-06-13 00:00:00+00:00,8749681.486521251
2013-06-14 00:00:00+00:00,8749681.486521251
2013-06-17 00:00:00+00:00,8749681.486521251
2013-06-18 00:00:00+00:00,8749681.486521251
2013-06-19 00:00:00+00:00,8749681.486521251
2013-06-20 00:00:00+00:00,8749681.486521251
2013-06-21 00:00:00+00:00,8749681.486521251
2013-06-24 00:00:00+00:00,8749681.486521251
2013-06-25 00:00:00+00:00,8749681.486521251
2013-06-26 00:00:00+00:00,8749681.486521251
2013-06-27 00:00:00+00:00,8749681.486521251
2013-06-28 00:00:00+00:00,8749681.486521251
2013-07-01 00:00:00+00:00,8749681.486521251
2013-07-02 00:00:00+00:00,8749681.486521251
2013-07-03 00:00:00+00:00,8749681.486521251
2013-07-04 00:00:00+00:00,8749681.486521251
2013-07-05 00:00:00+00:00,8749681.486521251
2013-07-08 00:00:00+00:00,8749681.486521251
2013-07-09 00:00:00+00:00,8749681.486521251
2013-07-10 00:00:00+00:00,8749681.486521251
2013-07-11 00:00:00+00:00,8749681.486521251
2013-07-12 00:00:00+00:00,8749681.486521251
2013-07-15 00:00:00+00:00,8749681.486521251
2013-07-16 00:00:00+00:00,8749681.486521251
2013-07-17 00:00:00+00:00,8749681.486521251
2013-07-18 00:00:00+00:00,8749681.486521251
2013-07-19 00:00:00+00:00,8749681.486521251
2013-07-22 00:00:00+00:00,8749681.486521251
2013-07-23 00:00:00+00:00,8749681.486521251
2013-07-24 00:00:00+00:00,8749681.486521251
2013-07-25 00:00:00+00:00,8749681.486521251
2013-07-26 00:00:00+00:00,8749681.486521251
2013-07-29 00:00:00+00:00,8749681.486521251
2013-07-30 00:00:00+00:00,8749681.486521251
2013-07-31 00:00:00+00:00,8749681.486521251
2013-08-01 00:00:00+00:00,8749681.486521251
2013-08-02 00:00:00+00:00,8749681.486521251
2013-08-05 00:00:00+00:00,8749681.486521251
2013-08-06 00:00:00+00:00,8749681.486521251
2013-08-07 00:00:00+00:00,8749681.486521251
2013-08-08 00:00:00+00:00,8749681.486521251
2013-08-09 00:00:00+00:00,8749681.486521251
2013-08-12 00:00:00+00:00,8749681.486521251
2013-08-13 00:00:00+00:00,8749681.486521251
2013-08-14 00:00:00+00:00,8749681.486521251
2013-08-15 00:00:00+00:00,8749681.486521251
2013-08-16 00:00:00+00:00,8749681.486521251
2013-08-19 00:00:00+00:00,8749681.486521251
2013-08-20 00:00:00+00:00,8749681.486521251
2013-08-21 00:00:00+00:00,8749681.486521251
2013-08-22 00:00:00+00:00,8749681.486521251
2013-08-23 00:00:00+00:00,8749681.486521251
2013-08-26 00:00:00+00:00,8749681.486521251
2013-08-27 00:00:00+00:00,8749681.486521251
2013-08-28 00:00:00+00:00,8749681.486521251
2013-08-29 00:00:00+00:00,8749681.486521251
2013-08-30 00:00:00+00:00,8749681.486521251
2013-09-02 00:00:00+00:00,8749681.486521251
2013-09-03 00:00:00+00:00,8749681.486521251
2013-09-04 00:00:00+00:00,8749681.486521251
2013-09-05 00:00:00+00:00,8749681.486521251
2013-09-06 00:00:00+00:00,8749681.486521251
2013-09-09 00:00:00+00:00,8749681.486521251
2013-09-10 00:00:00+00:00,8749681.486521251
2013-09-11 00:00:00+00:00,8749681.486521251
2013-09-12 00:00:00+00:00,8749681.486521251
2013-09-13 00:00:00+00:00,8749681.486521251
2013-09-16 00:00:00+00:00,8749681.486521251
2013-09-17 00:00:00+00:00,8749681.486521251
2013-09-18 00:00:00+00:00,8749681.486521251
2013-09-19 00:00:00+00:00,8749681.486521251
2013-09-20 00:00:00+00:00,8749681.486521251
2013-09-23 00:00:00+00:00,8749681.486521251
2013-09-24 00:00:00+00:00,8749681.486521251
2013-09-25 00:00:00+00:00,8749681.486521251
2013-09-26 00:00:00+00:00,8749681.486521251
2013-09-27 00:00:00+00:00,8749681.486521251
2013-09-30 00:00:00+00:00,8749681.486521251
2013-10-01 00:00:00+00:00,8749681.486521251
2013-10-02 00:00:00+00:00,8749681.486521251
2013-10-03 00:00:00+00:00,8749681.486521251
2013-10-04 00:00:00+00:00,8749681.486521251
2013-10-07 00:00:00+00:00,8749681.486521251
2013-10-08 00:00:00+00:00,8749681.486521251
2013-10-09 00:00:00+00:00,8749681.486521251
2013-10-10 00:00:00+00:00,8749681.486521251
2013-10-11 00:00:00+00:00,8749681.486521251
2013-10-14 00:00:00+00:00,8749681.486521251
2013-10-15 00:00:00+00:00,8749681.486521251
2013-10-16 00:00:00+00:00,8749681.486521251
2013-10-17 00:00:00+00:00,8749681.486521251
2013-10-18 00:00:00+00:00,8749681.486521251
2013-10-21 00:00:00+00:00,8749681.486521251
2013-10-22 00:00:00+00:00,8749681.486521251
2013-10-23 00:00:00+00:00,8749681.486521251
2013-10-24 00:00:00+00:00,8749681.486521251
2013-10-25 00:00:00+00:00,8749681.486521251
2013-10-28 00:00:00+00:00,8749681.486521251
2013-10-29 00:00:00+00:00,8749681.486521251
2013-10-30 00:00:00+00:00,8749681.486521251
2013-10-31 00:00:00+00:00,8749681.486521251
2013-11-01 00:00:00+00:00,8749681.486521251
2013-11-04 00:00:00+00:00,8749681.486521251
2013-11-05 00:00:00+00:00,8749681.486521251
2013-11-06 00:00:00+00:00,8749681.486521251
2013-11-07 00:00:00+00:00,8749681.486521251
2013-11-08 00:00:00+00:00,8749681.486521251
2013-11-11 00:00:00+00:00,8749681.486521251
2013-11-12 00:00:00+00:00,8749681.486521251
2013-11-13 00:00:00+00:00,8749681.486521251
2013-11-14 00:00:00+00:00,8749681.486521251
2013-11-15 00:00:00+00:00,8749681.486521251
2013-11-18 00:00:00+00:00,8749681.486521251
2013-11-19 00:00:00+00:00,8749681.486521251
2013-11-20 00:00:00+00:00,8749681.486521251
2013-11-21 00:00:00+00:00,8749681.486521251
2013-11-22 00:00:00+00:00,8749681.486521251
2013-11-25 00:00:00+00:00,8749681.486521251
2013-11-26 00:00:00+00:00,8749681.486521251
2013-11-27 00:00:00+00:00,8749681.486521251
2013-11-28 00:00:00+00:00,8749681.486521251
2013-11-29 00:00:00+00:00,8749681.486521251
2013-12-02 00:00:00+00:00,8749681.486521251
2013-12-03 00:00:00+00:00,8749681.486521251
2013-12-04 00:00:00+00:00,8749681.486521251
2013-12-05 00:00:00+00:00,8749681.486521251
2013-12-06 00:00:00+00:00,8749681.486521251
2013-12-09 00:00:00+00:00,8749681.486521251
2013-12-10 00:00:00+00:00,8749681.486521251
2013-12-11 00:00:00+00:00,8749681.486521251
2013-12-12 00:00:00+00:00,8749681.486521251
2013-12-13 00:00:00+00:00,8749681.486521251
2013-12-16 00:00:00+00:00,8749681.486521251
2013-12-17 00:00:00+00:00,8749681.486521251
2013-12-18 00:00:00+00:00,8749681.486521251
2013-12-19 00:00:00+00:00,8749681.486521251
2013-12-20 00:00:00+00:00,8749681.486521251
2013-12-23 00:00:00+00:00,8749681.486521251
2013-12-24 00:00:00+00:00,8749681.486521251
2013-12-26 00:00:00+00:00,8749681.486521251
2013-12-27 00:00:00+00:00,8749681.486521251
2013-12-30 00:00:00+00:00,8749681.486521251
2013-12-31 00:00:00+00:00,8749681.486521251
2014-01-01 00:00:00+00:00,8749681.486521251
2014-01-02 00:00:00+00:00,8749681.486521251
2014-01-03 00:00:00+00:00,8749681.486521251
2014-01-06 00:00:00+00:00,8749681.486521251
2014-01-07 00:00:00+00:00,8749681.486521251
2014-01-08 00:00:00+00:00,8749681.486521251
2014-01-09 00:00:00+00:00,8749681.486521251
2014-01-10 00:00:00+00:00,8749681.486521251
2014-01-13 00:00:00+00:00,8749681.486521251
2014-01-14 00:00:00+00:00,8749681.486521251
2014-01-15 00:00:00+00:00,8749681.486521251
2014-01-16 00:00:00+00:00,8749681.486521251
2014-01-17 00:00:00+00:00,8749681.486521251
2014-01-20 00:00:00+00:00,8749681.486521251
2014-01-21 00:00:00+00:00,8749681.486521251
2014-01-22 00:00:00+00:00,8749681.486521251
2014-01-23 00:00:00+00:00,8749681.486521251
2014-01-24 00:00:00+00:00,8749681.486521251
2014-01-27 00:00:00+00:00,8749681.486521251
2014-01-28 00:00:00+00:00,8749681.486521251
2014-01-29 00:00:00+00:00,8749681.486521251
2014-01-30 00:00:00+00:00,8749681.486521251
2014-01-31 00:00:00+00:00,8749681.486521251
2014-02-03 00:00:00+00:00,8749681.486521251
2014-02-04 00:00:00+00:00,8749681.486521251
2014-02-05 00:00:00+00:00,8749681.486521251
2014-02-06 00:00:00+00:00,8749681.486521251
2014-02-07 00:00:00+00:00,8749681.486521251
2014-02-10 00:00:00+00:00,8749681.486521251
2014-02-11 00:00:00+00:00,8749681.486521251
2014-02-12 00:00:00+00:00,8749681.486521251
2014-02-13 00:00:00+00:00,8749681.486521251
2014-02-14 00:00:00+00:00,8749681.486521251
2014-02-17 00:00:00+00:00,8749681.486521251
2014-02-18 00:00:00+00:00,8749681.486521251
2014-02-19 00:00:00+00:00,8749681.486521251
2014-02-20 00:00:00+00:00,8749681.486521251
2014-02-21 00:00:00+00:00,8749681.486521251
2014-02-24 00:00:00+00:00,8749681.486521251
2014-02-25 00:00:00+00:00,8749681.486521251
2014-02-26 00:00:00+00:00,8749681.486521251
2014-02-27 00:00:00+00:00,8749681.486521251
2014-02-28 00:00:00+00:00,8749681.486521251
2014-03-03 00:00:00+00:00,8749681.486521251
2014-03-04 00:00:00+00:00,8749681.486521251
2014-03-05 00:00:00+00:00,8749681.486521251
2014-03-06 00:00:00+00:00,8749681.486521251
2014-03-07 00:00:00+00:00,8749681.486521251
2014-03-10 00:00:00+00:00,8749681.486521251
2014-03-11 00:00:00+00:00,8749681.486521251
2014-03-12 00:00:00+00:00,8749681.486521251
2014-03-13 00:00:00+00:00,8749681.486521251
2014-03-14 00:00:00+00:00,8749681.486521251
2014-03-17 00:00:00+00:00,8749681.486521251
2014-03-18 00:00:00+00:00,8749681.486521251
2014-03-19 00:00:00+00:00,8749681.486521251
2014-03-20 00:00:00+00:00,8749681.486521251
2014-03-21 00:00:00+00:00,8749681.486521251
2014-03-24 00:00:00+00:00,8749681.486521251
2014-03-25 00:00:00+00:00,8749681.486521251
2014-03-26 00:00:00+00:00,8749681.486521251
2014-03-27 00:00:00+00:00,8749681.486521251
2014-03-28 00:00:00+00:00,8749681.486521251
2014-03-31 00:00:00+00:00,8749681.486521251
2014-04-01 00:00:00+00:00,8749681.486521251
2014-04-02 00:00:00+00:00,8749681.486521251
2014-04-03 00:00:00+00:00,8749681.486521251
2014-04-04 00:00:00+00:00,8749681.486521251
2014-04-07 00:00:00+00:00,8749681.486521251
2014-04-08 00:00:00+00:00,8749681.486521251
2014-04-09 00:00:00+00:00,8749681.486521251
2014-04-10 00:00:00+00:00,8749681.486521251
2014-04-11 00:00:00+00:00,8749681.486521251
2014-04-14 00:00:00+00:00,8749681.486521251
2014-04-15 00:00:00+00:00,8749681.486521251
2014-04-16 00:00:00+00:00,8749681.486521251
2014-04-17 00:00:00+00:00,8749681.486521251
2014-04-21 00:00:00+00:00,8749681.486521251
2014-04-22 00:00:00+00:00,8749681.486521251
2014-04-23 00:00:00+00:00,8749681.486521251
2014-04-24 00:00:00+00:00,8749681.486521251
2014-04-25 00:00:00+00:00,8749681.486521251
2014-04-28 00:00:00+00:00,8749681.486521251
2014-04-29 00:00:00+00:00,8749681.486521251
2014-04-30 00:00:00+00:00,8749681.486521251
2014-05-01 00:00:00+00:00,8749681.486521251
2014-05-02 00:00:00+00:00,8749681.486521251
2014-05-05 00:00:00+00:00,8749681.486521251
2014-05-06 00:00:00+00:00,8749681.486521251
2014-05-07 00:00:00+00:00,8749681.486521251
2014-05-08 00:00:00+00:00,8749681.486521251
2014-05-09 00:00:00+00:00,8749681.486521251
2014-05-12 00:00:00+00:00,8749681.486521251
2014-05-13 00:00:00+00:00,8749681.486521251
2014-05-14 00:00:00+00:00,8749681.486521251
2014-05-15 00:00:00+00:00,8749681.486521251
2014-05-16 00:00:00+00:00,8749681.486521251
2014-05-19 00:00:00+00:00,8749681.486521251
2014-05-20 00:00:00+00:00,8749681.486521251
2014-05-21 00:00:00+00:00,8749681.486521251
2014-05-22 00:00:00+00:00,8749681.486521251
2014-05-23 00:00:00+00:00,8749681.486521251
2014-05-26 00:00:00+00:00,8749681.486521251
2014-05-27 00:00:00+00:00,8749681.486521251
2014-05-28 00:00:00+00:00,8749681.486521251
2014-05-29 00:00:00+00:00,8749681.486521251
2014-05-30 00:00:00+00:00,8749681.486521251
2014-06-02 00:00:00+00:00,8749681.486521251
2014-06-03 00:00:00+00:00,8749681.486521251
2014-06-04 00:00:00+00:00,8749681.486521251
2014-06-05 00:00:00+00:00,8749681.486521251
2014-06-06 00:00:00+00:00,8749681.486521251
2014-06-09 00:00:00+00:00,8749681.486521251
2014-06-10 00:00:00+00:00,8749681.486521251
2014-06-11 00:00:00+00:00,8749681.486521251
2014-06-12 00:00:00+00:00,8749681.486521251
2014-06-13 00:00:00+00:00,8749681.486521251
2014-06-16 00:00:00+00:00,8749681.486521251
2014-06-17 00:00:00+00:00,8749681.486521251
2014-06-18 00:00:00+00:00,8749681.486521251
2014-06-19 00:00:00+00:00,8749681.486521251
2014-06-20 00:00:00+00:00,8749681.486521251
2014-06-23 00:00:00+00:00,8749681.486521251
2014-06-24 00:00:00+00:00,8749681.486521251
2014-06-25 00:00:00+00:00,8749681.486521251
2014-06-26 00:00:00+00:00,8749681.486521251
2014-06-27 00:00:00+00:00,8749681.486521251
2014-06-30 00:00:00+00:00,8749681.486521251
2014-07-01 00:00:00+00:00,8749681.486521251
2014-07-02 00:00:00+00:00,8749681.486521251
2014-07-03 00:00:00+00:00,8749681.486521251
2014-07-04 00:00:00+00:00,8749681.486521251
2014-07-07 00:00:00+00:00,8749681.486521251
2014-07-08 00:00:00+00:00,8749681.486521251
2014-07-09 00:00:00+00:00,8749681.486521251
2014-07-10 00:00:00+00:00,8749681.486521251
2014-07-11 00:00:00+00:00,8749681.486521251
2014-07-14 00:00:00+00:00,8749681.486521251
2014-07-15 00:00:00+00:00,8749681.486521251
2014-07-16 00:00:00+00:00,8749681.486521251
2014-07-17 00:00:00+00:00,8749681.486521251
2014-07-18 00:00:00+00:00,8749681.486521251
2014-07-21 00:00:00+00:00,8749681.486521251
2014-07-22 00:00:00+00:00,8749681.486521251
2014-07-23 00:00:00+00:00,8749681.486521251
2014-07-24 00:00:00+00:00,8749681.486521251
2014-07-25 00:00:00+00:00,8749681.486521251
2014-07-28 00:00:00+00:00,8749681.486521251
2014-07-29 00:00:00+00:00,8749681.486521251
2014-07-30 00:00:00+00:00,8749681.486521251
2014-07-31 00:00:00+00:00,8749681.486521251
2014-08-01 00:00:00+00:00,8749681.486521251
2014-08-04 00:00:00+00:00,8749681.486521251
2014-08-05 00:00:00+00:00,8749681.486521251
2014-08-06 00:00:00+00:00,8749681.486521251
2014-08-07 00:00:00+00:00,8749681.486521251
2014-08-08 00:00:00+00:00,8749681.486521251
2014-08-11 00:00:00+00:00,8749681.486521251
2014-08-12 00:00:00+00:00,8749681.486521251
2014-08-13 00:00:00+00:00,8749681.486521251
2014-08-14 00:00:00+00:00,8749681.486521251
2014-08-15 00:00:00+00:00,8749681.486521251
2014-08-18 00:00:00+00:00,8749681.486521251
2014-08-19 00:00:00+00:00,8749681.486521251
2014-08-20 00:00:00+00:00,8749681.486521251
2014-08-21 00:00:00+00:00,8749681.486521251
2014-08-22 00:00:00+00:00,8749681.486521251
2014-08-25 00:00:00+00:00,8749681.486521251
2014-08-26 00:00:00+00:00,8749681.486521251
2014-08-27 00:00:00+00:00,8749681.486521251
2014-08-28 00:00:00+00:00,8749681.486521251
2014-08-29 00:00:00+00:00,8749681.486521251
2014-09-01 00:00:00+00:00,8749681.486521251
2014-09-02 00:00:00+00:00,8749681.486521251
2014-09-03 00:00:00+00:00,8749681.486521251
2014-09-04 00:00:00+00:00,8749681.486521251
2014-09-05 00:00:00+00:00,8749681.486521251
2014-09-08 00:00:00+00:00,8749681.486521251
2014-09-09 00:00:00+00:00,8749681.486521251
2014-09-10 00:00:00+00:00,8749681.486521251
2014-09-11 00:00:00+00:00,8749681.486521251
2014-09-12 00:00:00+00:00,8749681.486521251
2014-09-15 00:00:00+00:00,8749681.486521251
2014-09-16 00:00:00+00:00,8749681.486521251
2014-09-17 00:00:00+00:00,8749681.486521251
2014-09-18 00:00:00+00:00,8749681.486521251
2014-09-19 00:00:00+00:00,8749681.486521251
2014-09-22 00:00:00+00:00,8749681.486521251
2014-09-23 00:00:00+00:00,8749681.486521251
2014-09-24 00:00:00+00:00,8749681.486521251
2014-09-25 00:00:00+00:00,8749681.486521251
2014-09-26 00:00:00+00:00,8749681.486521251
2014-09-29 00:00:00+00:00,8749681.486521251
2014-09-30 00:00:00+00:00,8749681.486521251
2014-10-01 00:00:00+00:00,8749681.486521251
2014-10-02 00:00:00+00:00,8749681.486521251
2014-10-03 00:00:00+00:00,8749681.486521251
2014-10-06 00:00:00+00:00,8749681.486521251
2014-10-07 00:00:00+00:00,8749681.486521251
2014-10-08 00:00:00+00:00,8749681.486521251
2014-10-09 00:00:00+00:00,8749681.486521251
2014-10-10 00:00:00+00:00,8749681.486521251
2014-10-13 00:00:00+00:00,8749681.486521251
2014-10-14 00:00:00+00:00,8749681.486521251
2014-10-15 00:00:00+00:00,8749681.486521251
2014-10-16 00:00:00+00:00,8749681.486521251
2014-10-17 00:00:00+00:00,8749681.486521251
2014-10-20 00:00:00+00:00,8749681.486521251
2014-10-21 00:00:00+00:00,8749681.486521251
2014-10-22 00:00:00+00:00,8749681.486521251
2014-10-23 00:00:00+00:00,8749681.486521251
2014-10-24 00:00:00+00:00,8749681.486521251
2014-10-27 00:00:00+00:00,8749681.486521251
2014-10-28 00:00:00+00:00,8749681.486521251
2014-10-29 00:00:00+00:00,8749681.486521251
2014-10-30 00:00:00+00:00,8749681.486521251
2014-10-31 00:00:00+00:00,8749681.486521251
2014-11-03 00:00:00+00:00,8749681.486521251
2014-11-04 00:00:00+00:00,8749681.486521251
2014-11-05 00:00:00+00:00,8749681.486521251
2014-11-06 00:00:00+00:00,8749681.486521251
2014-11-07 00:00:00+00:00,8749681.486521251
2014-11-10 00:00:00+00:00,8749681.486521251
2014-11-11 00:00:00+00:00,8749681.486521251
2014-11-12 00:00:00+00:00,8749681.486521251
2014-11-13 00:00:00+00:00,8749681.486521251
2014-11-14 00:00:00+00:00,8749681.486521251
2014-11-17 00:00:00+00:00,8749681.486521251
2014-11-18 00:00:00+00:00,8749681.486521251
2014-11-19 00:00:00+00:00,8749681.486521251
2014-11-20 00:00:00+00:00,8749681.486521251
2014-11-21 00:00:00+00:00,8749681.486521251
2014-11-24 00:00:00+00:00,8749681.486521251
2014-11-25 00:00:00+00:00,8749681.486521251
2014-11-26 00:00:00+00:00,8749681.486521251
2014-11-27 00:00:00+00:00,8749681.486521251
2014-11-28 00:00:00+00:00,8749681.486521251
2014-12-01 00:00:00+00:00,8749681.486521251
2014-12-02 00:00:00+00:00,8749681.486521251
2014-12-03 00:00:00+00:00,8749681.486521251
2014-12-04 00:00:00+00:00,8749681.486521251
2014-12-05 00:00:00+00:00,8749681.486521251
2014-12-08 00:00:00+00:00,8749681.486521251
2014-12-09 00:00:00+00:00,8749681.486521251
2014-12-10 00:00:00+00:00,8749681.486521251
2014-12-11 00:00:00+00:00,8749681.486521251
2014-12-12 00:00:00+00:00,8749681.486521251
2014-12-15 00:00:00+00:00,8749681.486521251
2014-12-16 00:00:00+00:00,8749681.486521251
2014-12-17 00:00:00+00:00,8749681.486521251
2014-12-18 00:00:00+00:00,8749681.486521251
2014-12-19 00:00:00+00:00,8749681.486521251
2014-12-22 00:00:00+00:00,8749681.486521251
2014-12-23 00:00:00+00:00,8749681.486521251
2014-12-24 00:00:00+00:00,8749681.486521251
2014-12-26 00:00:00+00:00,8749681.486521251
2014-12-29 00:00:00+00:00,8749681.486521251
2014-12-30 00:00:00+00:00,8749681.486521251
2014-12-31 00:00:00+00:00,8749681.486521251
2015-01-01 00:00:00+00:00,8749681.486521251
2015-01-02 00:00:00+00:00,8749681.486521251
2015-01-05 00:00:00+00:00,8749681.486521251
2015-01-06 00:00:00+00:00,8749681.486521251
2015-01-07 00:00:00+00:00,8749681.486521251
2015-01-08 00:00:00+00:00,8749681.486521251
2015-01-09 00:00:00+00:00,8749681.486521251
2015-01-12 00:00:00+00:00,8749681.486521251
2015-01-13 00:00:00+00:00,8749681.486521251
2015-01-14 00:00:00+00:00,8749681.486521251
2015-01-15 00:00:00+00:00,8749681.486521251
2015-01-16 00:00:00+00:00,8749681.486521251
2015-01-19 00:00:00+00:00,8749681.486521251
2015-01-20 00:00:00+00:00,8749681.486521251
2015-01-21 00:00:00+00:00,8749681.486521251
2015-01-22 00:00:00+00:00,8749681.486521251
2015-01-23 00:00:00+00:00,8749681.486521251
2015-01-26 00:00:00+00:00,8749681.486521251
2015-01-27 00:00:00+00:00,8749681.486521251
2015-01-28 00:00:00+00:00,8749681.486521251
2015-01-29 00:00:00+00:00,8749681.486521251
2015-01-30 00:00:00+00:00,8749681.486521251
2015-02-02 00:00:00+00:00,8749681.486521251
2015-02-03 00:00:00+00:00,8749681.486521251
2015-02-04 00:00:00+00:00,8749681.486521251
2015-02-05 00:00:00+00:00,8749681.486521251
2015-02-06 00:00:00+00:00,8749681.486521251
2015-02-09 00:00:00+00:00,8749681.486521251
2015-02-10 00:00:00+00:00,8749681.486521251
2015-02-11 00:00:00+00:00,8749681.486521251
2015-02-12 00:00:00+00:00,8749681.486521251
2015-02-13 00:00:00+00:00,8749681.486521251
2015-02-16 00:00:00+00:00,8749681.486521251
2015-02-17 00:00:00+00:00,8749681.486521251
2015-02-18 00:00:00+00:00,8749681.486521251
2015-02-19 00:00:00+00:00,8749681.486521251
2015-02-20 00:00:00+00:00,8749681.486521251
2015-02-23 00:00:00+00:00,8749681.486521251
2015-02-24 00:00:00+00:00,8749681.486521251
2015-02-25 00:00:00+00:00,8749681.486521251
2015-02-26 00:00:00+00:00,8749681.486521251
2015-02-27 00:00:00+00:00,8749681.486521251
2015-03-02 00:00:00+00:00,8749681.486521251
2015-03-03 00:00:00+00:00,8749681.486521251
2015-03-04 00:00:00+00:00,8749681.486521251
2015-03-05 00:00:00+00:00,8749681.486521251
2015-03-06 00:00:00+00:00,8749681.486521251
2015-03-09 00:00:00+00:00,8749681.486521251
2015-03-10 00:00:00+00:00,8749681.486521251
2015-03-11 00:00:00+00:00,8749681.486521251
2015-03-12 00:00:00+00:00,8749681.486521251
2015-03-13 00:00:00+00:00,8749681.486521251
2015-03-16 00:00:00+00:00,8749681.486521251
2015-03-17 00:00:00+00:00,8749681.486521251
2015-03-18 00:00:00+00:00,8749681.486521251
2015-03-19 00:00:00+00:00,8749681.486521251
2015-03-20 00:00:00+00:00,8749681.486521251
2015-03-23 00:00:00+00:00,8749681.486521251
2015-03-24 00:00:00+00:00,8749681.486521251
2015-03-25 00:00:00+00:00,8749681.486521251
2015-03-26 00:00:00+00:00,8749681.486521251
2015-03-27 00:00:00+00:00,8749681.486521251
2015-03-30 00:00:00+00:00,8749681.486521251
2015-03-31 00:00:00+00:00,8749681.486521251
2015-04-01 00:00:00+00:00,8749681.486521251
2015-04-02 00:00:00+00:00,8749681.486521251
2015-04-06 00:00:00+00:00,8749681.486521251
2015-04-07 00:00:00+00:00,8749681.486521251
2015-04-08 00:00:00+00:00,8749681.486521251
2015-04-09 00:00:00+00:00,8749681.486521251
2015-04-10 00:00:00+00:00,8749681.486521251
2015-04-13 00:00:00+00:00,8749681.486521251
2015-04-14 00:00:00+00:00,8749681.486521251
2015-04-15 00:00:00+00:00,8749681.486521251
2015-04-16 00:00:00+00:00,8749681.486521251
2015-04-17 00:00:00+00:00,8749681.486521251
2015-04-20 00:00:00+00:00,8749681.486521251
2015-04-21 00:00:00+00:00,8749681.486521251
2015-04-22 00:00:00+00:00,8749681.486521251
2015-04-23 00:00:00+00:00,8749681.486521251
2015-04-24 00:00:00+00:00,8749681.486521251
2015-04-27 00:00:00+00:00,8749681.486521251
2015-04-28 00:00:00+00:00,8749681.486521251
2015-04-29 00:00:00+00:00,8749681.486521251
2015-04-30 00:00:00+00:00,8749681.486521251
2015-05-01 00:00:00+00:00,8749681.486521251
2015-05-04 00:00:00+00:00,8749681.486521251
2015-05-05 00:00:00+00:00,8749681.486521251
2015-05-06 00:00:00+00:00,8749681.486521251
2015-05-07 00:00:00+00:00,8749681.486521251
2015-05-08 00:00:00+00:00,8749681.486521251
2015-05-11 00:00:00+00:00,8749681.486521251
2015-05-12 00:00:00+00:00,8749681.486521251
2015-05-13 00:00:00+00:00,8749681.486521251
2015-05-14 00:00:00+00:00,8749681.486521251
2015-05-15 00:00:00+00:00,8749681.486521251
2015-05-18 00:00:00+00:00,8749681.486521251
2015-05-19 00:00:00+00:00,8749681.486521251
2015-05-20 00:00:00+00:00,8749681.486521251
2015-05-21 00:00:00+00:00,8749681.486521251
2015-05-22 00:00:00+00:00,8749681.486521251
2015-05-25 00:00:00+00:00,8749681.486521251
2015-05-26 00:00:00+00:00,8749681.486521251
2015-05-27 00:00:00+00:00,8749681.486521251
2015-05-28 00:00:00+00:00,8749681.486521251
2015-05-29 00:00:00+00:00,8749681.486521251
2015-06-01 00:00:00+00:00,8749681.486521251
2015-06-02 00:00:00+00:00,8749681.486521251
2015-06-03 00:00:00+00:00,8749681.486521251
2015-06-04 00:00:00+00:00,8749681.486521251
2015-06-05 00:00:00+00:00,8749681.486521251
2015-06-08 00:00:00+00:00,8749681.486521251
2015-06-09 00:00:00+00:00,8749681.486521251
2015-06-10 00:00:00+00:00,8749681.486521251
2015-06-11 00:00:00+00:00,8749681.486521251
2015-06-12 00:00:00+00:00,8749681.486521251
2015-06-15 00:00:00+00:00,8749681.486521251
2015-06-16 00:00:00+00:00,8749681.486521251
2015-06-17 00:00:00+00:00,8749681.486521251
2015-06-18 00:00:00+00:00,8749681.486521251
2015-06-19 00:00:00+00:00,8749681.486521251
2015-06-22 00:00:00+00:00,8749681.486521251
2015-06-23 00:00:00+00:00,8749681.486521251
2015-06-24 00:00:00+00:00,8749681.486521251
2015-06-25 00:00:00+00:00,8749681.486521251
2015-06-26 00:00:00+00:00,8749681.486521251
2015-06-29 00:00:00+00:00,8749681.486521251
2015-06-30 00:00:00+00:00,8749681.486521251
2015-07-01 00:00:00+00:00,8749681.486521251
2015-07-02 00:00:00+00:00,8749681.486521251
2015-07-03 00:00:00+00:00,8749681.486521251
2015-07-06 00:00:00+00:00,8749681.486521251
2015-07-07 00:00:00+00:00,8749681.486521251
2015-07-08 00:00:00+00:00,8749681.486521251
2015-07-09 00:00:00+00:00,8749681.486521251
2015-07-10 00:00:00+00:00,8749681.486521251
2015-07-13 00:00:00+00:00,8749681.486521251
2015-07-14 00:00:00+00:00,8749681.486521251
2015-07-15 00:00:00+00:00,8749681.486521251
2015-07-16 00:00:00+00:00,8749681.486521251
2015-07-17 00:00:00+00:00,8749681.486521251
2015-07-20 00:00:00+00:00,8749681.486521251
2015-07-21 00:00:00+00:00,8749681.486521251
2015-07-22 00:00:00+00:00,8749681.486521251
2015-07-23 00:00:00+00:00,8749681.486521251
2015-07-24 00:00:00+00:00,8749681.486521251
2015-07-27 00:00:00+00:00,8749681.486521251
2015-07-28 00:00:00+00:00,8749681.486521251
2015-07-29 00:00:00+00:00,8749681.486521251
2015-07-30 00:00:00+00:00,8749681.486521251
2015-07-31 00:00:00+00:00,8749681.486521251
2015-08-03 00:00:00+00:00,8749681.486521251
2015-08-04 00:00:00+00:00,8749681.486521251
2015-08-05 00:00:00+00:00,8749681.486521251
2015-08-06 00:00:00+00:00,8749681.486521251
2015-08-07 00:00:00+00:00,8749681.486521251
2015-08-10 00:00:00+00:00,8749681.486521251
2015-08-11 00:00:00+00:00,8749681.486521251
2015-08-12 00:00:00+00:00,8749681.486521251
2015-08-13 00:00:00+00:00,8749681.486521251
2015-08-14 00:00:00+00:00,8749681.486521251
2015-08-17 00:00:00+00:00,8749681.486521251
2015-08-18 00:00:00+00:00,8749681.486521251
2015-08-19 00:00:00+00:00,8749681.486521251
2015-08-20 00:00:00+00:00,8749681.486521251
2015-08-21 00:00:00+00:00,8749681.486521251
2015-08-24 00:00:00+00:00,8749681.486521251
2015-08-25 00:00:00+00:00,8749681.486521251
2015-08-26 00:00:00+00:00,8749681.486521251
2015-08-27 00:00:00+00:00,8749681.486521251
2015-08-28 00:00:00+00:00,8749681.486521251
2015-08-31 00:00:00+00:00,8749681.486521251
2015-09-01 00:00:00+00:00,8749681.486521251
2015-09-02 00:00:00+00:00,8749681.486521251
2015-09-03 00:00:00+00:00,8749681.486521251
2015-09-04 00:00:00+00:00,8749681.486521251
2015-09-07 00:00:00+00:00,8749681.486521251
2015-09-08 00:00:00+00:00,8749681.486521251
2015-09-09 00:00:00+00:00,8749681.486521251
2015-09-10 00:00:00+00:00,8749681.486521251
2015-09-11 00:00:00+00:00,8749681.486521251
2015-09-14 00:00:00+00:00,8749681.486521251
2015-09-15 00:00:00+00:00,8749681.486521251
2015-09-16 00:00:00+00:00,8749681.486521251
2015-09-17 00:00:00+00:00,8749681.486521251
2015-09-18 00:00:00+00:00,8749681.486521251
2015-09-21 00:00:00+00:00,8749681.486521251
2015-09-22 00:00:00+00:00,8749681.486521251
2015-09-23 00:00:00+00:00,8749681.486521251
2015-09-24 00:00:00+00:00,8749681.486521251
2015-09-25 00:00:00+00:00,8749681.486521251
2015-09-28 00:00:00+00:00,8749681.486521251
2015-09-29 00:00:00+00:00,8749681.486521251
2015-09-30 00:00:00+00:00,8749681.486521251
2015-10-01 00:00:00+00:00,8749681.486521251
2015-10-02 00:00:00+00:00,8749681.486521251
2015-10-05 00:00:00+00:00,8749681.486521251
2015-10-06 00:00:00+00:00,8749681.486521251
2015-10-07 00:00:00+00:00,8749681.486521251
2015-10-08 00:00:00+00:00,8749681.486521251
2015-10-09 00:00:00+00:00,8749681.486521251
2015-10-12 00:00:00+00:00,8749681.486521251
2015-10-13 00:00:00+00:00,8749681.486521251
2015-10-14 00:00:00+00:00,8749681.486521251
2015-10-15 00:00:00+00:00,8749681.486521251
2015-10-16 00:00:00+00:00,8749681.486521251
2015-10-19 00:00:00+00:00,8749681.486521251
2015-10-20 00:00:00+00:00,8749681.486521251
2015-10-21 00:00:00+00:00,8749681.486521251
2015-10-22 00:00:00+00:00,8749681.486521251
2015-10-23 00:00:00+00:00,8749681.486521251
2015-10-26 00:00:00+00:00,8749681.486521251
2015-10-27 00:00:00+00:00,8749681.486521251
2015-10-28 00:00:00+00:00,8749681.486521251
2015-10-29 00:00:00+00:00,8749681.486521251
2015-10-30 00:00:00+00:00,8749681.486521251
2015-11-02 00:00:00+00:00,8749681.486521251
2015-11-03 00:00:00+00:00,8749681.486521251
2015-11-04 00:00:00+00:00,8749681.486521251
2015-11-05 00:00:00+00:00,8749681.486521251
2015-11-06 00:00:00+00:00,8749681.486521251
2015-11-09 00:00:00+00:00,8749681.486521251
2015-11-10 00:00:00+00:00,8749681.486521251
2015-11-11 00:00:00+00:00,8749681.486521251
2015-11-12 00:00:00+00:00,8749681.486521251
2015-11-13 00:00:00+00:00,8749681.486521251
2015-11-16 00:00:00+00:00,8749681.486521251
2015-11-17 00:00:00+00:00,8749681.486521251
2015-11-18 00:00:00+00:00,8749681.486521251
2015-11-19 00:00:00+00:00,8749681.486521251
2015-11-20 00:00:00+00:00,8749681.486521251
2015-11-23 00:00:00+00:00,8749681.486521251
2015-11-24 00:00:00+00:00,8749681.486521251
2015-11-25 00:00:00+00:00,8749681.486521251
2015-11-26 00:00:00+00:00,8749681.486521251
2015-11-27 00:00:00+00:00,8749681.486521251
2015-11-30 00:00:00+00:00,8749681.486521251
2015-12-01 00:00:00+00:00,8749681.486521251
2015-12-02 00:00:00+00:00,8749681.486521251
2015-12-03 00:00:00+00:00,8749681.486521251
2015-12-04 00:00:00+00:00,8749681.486521251
2015-12-07 00:00:00+00:00,8749681.486521251
2015-12-08 00:00:00+00:00,8749681.486521251
2015-12-09 00:00:00+00:00,8749681.486521251
2015-12-10 00:00:00+00:00,8749681.486521251
2015-12-11 00:00:00+00:00,8749681.486521251
2015-12-14 00:00:00+00:00,8749681.486521251
2015-12-15 00:00:00+00:00,8749681.486521251
2015-12-16 00:00:00+00:00,8749681.486521251
2015-12-17 00:00:00+00:00,8749681.486521251
2015-12-18 00:00:00+00:00,8749681.486521251
2015-12-21 00:00:00+00:00,8749681.486521251
2015-12-22 00:00:00+00:00,8749681.486521251
2015-12-23 00:00:00+00:00,8749681.486521251
2015-12-24 00:00:00+00:00,8749681.486521251
2015-12-28 00:00:00+00:00,8749681.486521251
2015-12-29 00:00:00+00:00,8749681.486521251
2015-12-30 00:00:00+00:00,8749681.486521251
2015-12-31 00:00:00+00:00,8749681.486521251
2016-01-01 00:00:00+00:00,8749681.486521251
2016-01-04 00:00:00+00:00,8749681.486521251
2016-01-05 00:00:00+00:00,8749681.486521251
2016-01-06 00:00:00+00:00,8749681.486521251
2016-01-07 00:00:00+00:00,8749681.486521251
2016-01-08 00:00:00+00:00,8749681.486521251
2016-01-11 00:00:00+00:00,8749681.486521251
2016-01-12 00:00:00+00:00,8749681.486521251
2016-01-13 00:00:00+00:00,8749681.486521251
2016-01-14 00:00:00+00:00,8749681.486521251
2016-01-15 00:00:00+00:00,8749681.486521251
2016-01-18 00:00:00+00:00,8749681.486521251
2016-01-19 00:00:00+00:00,8749681.486521251
2016-01-20 00:00:00+00:00,8749681.486521251
2016-01-21 00:00:00+00:00,8749681.486521251
2016-01-22 00:00:00+00:00,8749681.486521251
2016-01-25 00:00:00+00:00,8749681.486521251
2016-01-26 00:00:00+00:00,8749681.486521251
2016-01-27 00:00:00+00:00,8749681.486521251
2016-01-28 00:00:00+00:00,8749681.486521251
2016-01-29 00:00:00+00:00,8749681.486521251
2016-02-01 00:00:00+00:00,8749681.486521251
2016-02-02 00:00:00+00:00,8749681.486521251
2016-02-03 00:00:00+00:00,8749681.486521251
2016-02-04 00:00:00+00:00,8749681.486521251
2016-02-05 00:00:00+00:00,8749681.486521251
2016-02-08 00:00:00+00:00,8749681.486521251
2016-02-09 00:00:00+00:00,8749681.486521251
2016-02-10 00:00:00+00:00,8749681.486521251
2016-02-11 00:00:00+00:00,8749681.486521251
2016-02-12 00:00:00+00:00,8749681.486521251
2016-02-15 00:00:00+00:00,8749681.486521251
2016-02-16 00:00:00+00:00,8749681.486521251
2016-02-17 00:00:00+00:00,8749681.486521251
2016-02-18 00:00:00+00:00,8749681.486521251
2016-02-19 00:00:00+00:00,8749681.486521251
2016-02-22 00:00:00+00:00,8749681.486521251
2016-02-23 00:00:00+00:00,8749681.486521251
2016-02-24 00:00:00+00:00,8749681.486521251
2016-02-25 00:00:00+00:00,8749681.486521251
2016-02-26 00:00:00+00:00,8749681.486521251
2016-02-29 00:00:00+00:00,8749681.486521251
2016-03-01 00:00:00+00:00,8749681.486521251
2016-03-02 00:00:00+00:00,8749681.486521251
2016-03-03 00:00:00+00:00,8749681.486521251
2016-03-04 00:00:00+00:00,8749681.486521251
2016-03-07 00:00:00+00:00,8749681.486521251
2016-03-08 00:00:00+00:00,8749681.486521251
2016-03-09 00:00:00+00:00,8749681.486521251
2016-03-10 00:00:00+00:00,8749681.486521251
2016-03-11 00:00:00+00:00,8749681.486521251
2016-03-14 00:00:00+00:00,8749681.486521251
2016-03-15 00:00:00+00:00,8749681.486521251
2016-03-16 00:00:00+00:00,8749681.486521251
2016-03-17 00:00:00+00:00,8749681.486521251
2016-03-18 00:00:00+00:00,8749681.486521251
2016-03-21 00:00:00+00:00,8749681.486521251
2016-03-22 00:00:00+00:00,8749681.486521251
2016-03-23 00:00:00+00:00,8749681.486521251
2016-03-24 00:00:00+00:00,8749681.486521251
2016-03-28 00:00:00+00:00,8749681.486521251
2016-03-29 00:00:00+00:00,8749681.486521251
2016-03-30 00:00:00+00:00,8749681.486521251
2016-03-31 00:00:00+00:00,8749681.486521251
2016-04-01 00:00:00+00:00,8749681.486521251
2016-04-04 00:00:00+00:00,8749681.486521251
2016-04-05 00:00:00+00:00,8749681.486521251
2016-04-06 00:00:00+00:00,8749681.486521251
2016-04-07 00:00:00+00:00,8749681.486521251
2016-04-08 00:00:00+00:00,8749681.486521251
2016-04-11 00:00:00+00:00,8749681.486521251
2016-04-12 00:00:00+00:00,8749681.486521251
2016-04-13 00:00:00+00:00,8749681.486521251
2016-04-14 00:00:00+00:00,8749681.486521251
2016-04-15 00:00:00+00:00,8749681.486521251
2016-04-18 00:00:00+00:00,8749681.486521251
2016-04-19 00:00:00+00:00,8749681.486521251
2016-04-20 00:00:00+00:00,8749681.486521251
2016-04-21 00:00:00+00:00,8749681.486521251
2016-04-22 00:00:00+00:00,8749681.486521251
2016-04-25 00:00:00+00:00,8749681.486521251
2016-04-26 00:00:00+00:00,8749681.486521251
2016-04-27 00:00:00+00:00,8749681.486521251
2016-04-28 00:00:00+00:00,8749681.486521251
2016-04-29 00:00:00+00:00,8749681.486521251
2016-05-02 00:00:00+00:00,8749681.486521251
2016-05-03 00:00:00+00:00,8749681.486521251
2016-05-04 00:00:00+00:00,8749681.486521251
2016-05-05 00:00:00+00:00,8749681.486521251
2016-05-06 00:00:00+00:00,8749681.486521251
2016-05-09 00:00:00+00:00,8749681.486521251
2016-05-10 00:00:00+00:00,8749681.486521251
2016-05-11 00:00:00+00:00,8749681.486521251
2016-05-12 00:00:00+00:00,8749681.486521251
2016-05-13 00:00:00+00:00,8749681.486521251
2016-05-16 00:00:00+00:00,8749681.486521251
2016-05-17 00:00:00+00:00,8749681.486521251
2016-05-18 00:00:00+00:00,8749681.486521251
2016-05-19 00:00:00+00:00,8749681.486521251
2016-05-20 00:00:00+00:00,8749681.486521251
2016-05-23 00:00:00+00:00,8749681.486521251
2016-05-24 00:00:00+00:00,8749681.486521251
2016-05-25 00:00:00+00:00,8749681.486521251
2016-05-26 00:00:00+00:00,8749681.486521251
2016-05-27 00:00:00+00:00,8749681.486521251
2016-05-30 00:00:00+00:00,8749681.486521251
2016-05-31 00:00:00+00:00,8749681.486521251
2016-06-01 00:00:00+00:00,8749681.486521251
2016-06-02 00:00:00+00:00,8749681.486521251
2016-06-03 00:00:00+00:00,8749681.486521251
2016-06-06 00:00:00+00:00,8749681.486521251
2016-06-07 00:00:00+00:00,8749681.486521251
2016-06-08 00:00:00+00:00,8749681.486521251
2016-06-09 00:00:00+00:00,8749681.486521251
2016-06-10 00:00:00+00:00,8749681.486521251
2016-06-13 00:00:00+00:00,8749681.486521251
2016-06-14 00:00:00+00:00,8749681.486521251
2016-06-15 00:00:00+00:00,8749681.486521251
2016-06-16 00:00:00+00:00,8749681.486521251
2016-06-17 00:00:00+00:00,8749681.486521251
2016-06-20 00:00:00+00:00,8749681.486521251
2016-06-21 00:00:00+00:00,8749681.486521251
2016-06-22 00:00:00+00:00,8749681.486521251
2016-06-23 00:00:00+00:00,8749681.486521251
2016-06-24 00:00:00+00:00,8749681.486521251
2016-06-27 00:00:00+00:00,8749681.486521251
2016-06-28 00:00:00+00:00,8749681.486521251
2016-06-29 00:00:00+00:00,8749681.486521251
2016-06-30 00:00:00+00:00,8749681.486521251
2016-07-01 00:00:00+00:00,8749681.486521251
2016-07-04 00:00:00+00:00,8749681.486521251
2016-07-05 00:00:00+00:00,8749681.486521251
2016-07-06 00:00:00+00:00,8749681.486521251
2016-07-07 00:00:00+00:00,8749681.486521251
2016-07-08 00:00:00+00:00,8749681.486521251
2016-07-11 00:00:00+00:00,8749681.486521251
2016-07-12 00:00:00+00:00,8749681.486521251
2016-07-13 00:00:00+00:00,8749681.486521251
2016-07-14 00:00:00+00:00,8749681.486521251
2016-07-15 00:00:00+00:00,8749681.486521251
2016-07-18 00:00:00+00:00,8749681.486521251
2016-07-19 00:00:00+00:00,8749681.486521251
2016-07-20 00:00:00+00:00,8749681.486521251
2016-07-21 00:00:00+00:00,8749681.486521251
2016-07-22 00:00:00+00:00,8749681.486521251
2016-07-25 00:00:00+00:00,8749681.486521251
2016-07-26 00:00:00+00:00,8749681.486521251
2016-07-27 00:00:00+00:00,8749681.486521251
2016-07-28 00:00:00+00:00,8749681.486521251
2016-07-29 00:00:00+00:00,8749681.486521251
2016-08-01 00:00:00+00:00,8749681.486521251
2016-08-02 00:00:00+00:00,8749681.486521251
2016-08-03 00:00:00+00:00,8749681.486521251
2016-08-04 00:00:00+00:00,8749681.486521251
2016-08-05 00:00:00+00:00,8749681.486521251
2016-08-08 00:00:00+00:00,8749681.486521251
2016-08-09 00:00:00+00:00,8749681.486521251
2016-08-10 00:00:00+00:00,8749681.486521251
2016-08-11 00:00:00+00:00,8749681.486521251
2016-08-12 00:00:00+00:00,8749681.486521251
2016-08-15 00:00:00+00:00,8749681.486521251
2016-08-16 00:00:00+00:00,8749681.486521251
2016-08-17 00:00:00+00:00,8749681.486521251
2016-08-18 00:00:00+00:00,8749681.486521251
2016-08-19 00:00:00+00:00,8749681.486521251
2016-08-22 00:00:00+00:00,8749681.486521251
2016-08-23 00:00:00+00:00,8749681.486521251
2016-08-24 00:00:00+00:00,8749681.486521251
2016-08-25 00:00:00+00:00,8749681.486521251
2016-08-26 00:00:00+00:00,8749681.486521251
2016-08-29 00:00:00+00:00,8749681.486521251
2016-08-30 00:00:00+00:00,8749681.486521251
2016-08-31 00:00:00+00:00,8749681.486521251
2016-09-01 00:00:00+00:00,8749681.486521251
2016-09-02 00:00:00+00:00,8749681.486521251
2016-09-06 00:00:00+00:00,8749681.486521251
2016-09-07 00:00:00+00:00,8749681.486521251
2016-09-08 00:00:00+00:00,8749681.486521251
2016-09-09 00:00:00+00:00,8749681.486521251
2016-09-12 00:00:00+00:00,8749681.486521251
2016-09-13 00:00:00+00:00,8749681.486521251
2016-09-14 00:00:00+00:00,8749681.486521251
2016-09-15 00:00:00+00:00,8749681.486521251
2016-09-16 00:00:00+00:00,8749681.486521251
2016-09-19 00:00:00+00:00,8749681.486521251
2016-09-20 00:00:00+00:00,8749681.486521251
2016-09-21 00:00:00+00:00,8749681.486521251
2016-09-22 00:00:00+00:00,8749681.486521251
2016-09-23 00:00:00+00:00,8749681.486521251
2016-09-26 00:00:00+00:00,8749681.486521251
2016-09-27 00:00:00+00:00,8749681.486521251
2016-09-28 00:00:00+00:00,8749681.486521251
2016-09-29 00:00:00+00:00,8749681.486521251
2016-09-30 00:00:00+00:00,8749681.486521251
2016-10-03 00:00:00+00:00,8749681.486521251
2016-10-04 00:00:00+00:00,8749681.486521251
2016-10-05 00:00:00+00:00,8749681.486521251
2016-10-06 00:00:00+00:00,8749681.486521251
2016-10-07 00:00:00+00:00,8749681.486521251
2016-10-10 00:00:00+00:00,8749681.486521251
2016-10-11 00:00:00+00:00,8749681.486521251
2016-10-12 00:00:00+00:00,8749681.486521251
2016-10-13 00:00:00+00:00,8749681.486521251
2016-10-14 00:00:00+00:00,8749681.486521251
2016-10-17 00:00:00+00:00,8749681.486521251
2016-10-18 00:00:00+00:00,8749681.486521251
2016-10-19 00:00:00+00:00,8749681.486521251
2016-10-20 00:00:00+00:00,8749681.486521251
2016-10-21 00:00:00+00:00,8749681.486521251
2016-10-24 00:00:00+00:00,8749681.486521251
2016-10-25 00:00:00+00:00,8749681.486521251
2016-10-26 00:00:00+00:00,8749681.486521251
2016-10-27 00:00:00+00:00,8749681.486521251
2016-10-28 00:00:00+00:00,8749681.486521251
2016-10-31 00:00:00+00:00,8749681.486521251
2016-11-01 00:00:00+00:00,8749681.486521251
2016-11-02 00:00:00+00:00,8749681.486521251
2016-11-03 00:00:00+00:00,8749681.486521251
2016-11-04 00:00:00+00:00,8749681.486521251
2016-11-07 00:00:00+00:00,8749681.486521251
2016-11-08 00:00:00+00:00,8749681.486521251
2016-11-09 00:00:00+00:00,8749681.486521251
2016-11-10 00:00:00+00:00,8749681.486521251
2016-11-11 00:00:00+00:00,8749681.486521251
2016-11-14 00:00:00+00:00,8749681.486521251
2016-11-15 00:00:00+00:00,8749681.486521251
2016-11-16 00:00:00+00:00,8749681.486521251
2016-11-17 00:00:00+00:00,8749681.486521251
2016-11-18 00:00:00+00:00,8749681.486521251
2016-11-21 00:00:00+00:00,8749681.486521251
2016-11-22 00:00:00+00:00,8749681.486521251
2016-11-23 00:00:00+00:00,8749681.486521251
2016-11-24 00:00:00+00:00,8749681.486521251
2016-11-25 00:00:00+00:00,8749681.486521251
2016-11-28 00:00:00+00:00,8749681.486521251
2016-11-29 00:00:00+00:00,8749681.486521251
2016-11-30 00:00:00+00:00,8749681.486521251
2016-12-01 00:00:00+00:00,8749681.486521251
2016-12-02 00:00:00+00:00,8749681.486521251
2016-12-05 00:00:00+00:00,8749681.486521251
2016-12-06 00:00:00+00:00,8749681.486521251
2016-12-07 00:00:00+00:00,8749681.486521251
2016-12-08 00:00:00+00:00,8749681.486521251
2016-12-09 00:00:00+00:00,8749681.486521251
2016-12-12 00:00:00+00:00,8749681.486521251
2016-12-13 00:00:00+00:00,8749681.486521251
2016-12-14 00:00:00+00:00,8749681.486521251
2016-12-15 00:00:00+00:00,8749681.486521251
2016-12-16 00:00:00+00:00,8749681.486521251
2016-12-19 00:00:00+00:00,8749681.486521251
2016-12-20 00:00:00+00:00,8749681.486521251
2016-12-21 00:00:00+00:00,8749681.486521251
2016-12-22 00:00:00+00:00,8749681.486521251
2016-12-23 00:00:00+00:00,8749681.486521251
2016-12-26 00:00:00+00:00,8749681.486521251
2016-12-27 00:00:00+00:00,8749681.486521251
2016-12-28 00:00:00+00:00,8749681.486521251
2016-12-29 00:00:00+00:00,8749681.486521251
2016-12-30 00:00:00+00:00,8749681.486521251
2017-01-02 00:00:00+00:00,8749681.486521251
2017-01-03 00:00:00+00:00,8749681.486521251
2017-01-04 00:00:00+00:00,8749681.486521251
2017-01-05 00:00:00+00:00,8749681.486521251
2017-01-06 00:00:00+00:00,8749681.486521251
2017-01-09 00:00:00+00:00,8749681.486521251
2017-01-10 00:00:00+00:00,8749681.486521251
2017-01-11 00:00:00+00:00,8749681.486521251
2017-01-12 00:00:00+00:00,8749681.486521251
2017-01-13 00:00:00+00:00,8749681.486521251
2017-01-16 00:00:00+00:00,8749681.486521251
2017-01-17 00:00:00+00:00,8749681.486521251
2017-01-18 00:00:00+00:00,8749681.486521251
2017-01-19 00:00:00+00:00,8749681.486521251
2017-01-20 00:00:00+00:00,8749681.486521251
2017-01-23 00:00:00+00:00,8749681.486521251
2017-01-24 00:00:00+00:00,8749681.486521251
2017-01-25 00:00:00+00:00,8749681.486521251
2017-01-26 00:00:00+00:00,8749681.486521251
2017-01-27 00:00:00+00:00,8749681.486521251
2017-01-30 00:00:00+00:00,8749681.486521251
2017-01-31 00:00:00+00:00,8749681.486521251
2017-02-01 00:00:00+00:00,8749681.486521251
2017-02-02 00:00:00+00:00,8749681.486521251
2017-02-03 00:00:00+00:00,8749681.486521251
2017-02-06 00:00:00+00:00,8749681.486521251
2017-02-07 00:00:00+00:00,8749681.486521251
2017-02-08 00:00:00+00:00,8749681.486521251
2017-02-09 00:00:00+00:00,8749681.486521251
2017-02-10 00:00:00+00:00,8749681.486521251
2017-02-13 00:00:00+00:00,8749681.486521251
2017-02-14 00:00:00+00:00,8749681.486521251
2017-02-15 00:00:00+00:00,8749681.486521251
2017-02-16 00:00:00+00:00,8749681.486521251
2017-02-17 00:00:00+00:00,8749681.486521251
2017-02-20 00:00:00+00:00,8749681.486521251
2017-02-21 00:00:00+00:00,8749681.486521251
2017-02-22 00:00:00+00:00,8749681.486521251
2017-02-23 00:00:00+00:00,8749681.486521251
2017-02-24 00:00:00+00:00,8749681.486521251
2017-02-27 00:00:00+00:00,8749681.486521251
2017-02-28 00:00:00+00:00,8749681.486521251
2017-03-01 00:00:00+00:00,8749681.486521251
2017-03-02 00:00:00+00:00,8749681.486521251
2017-03-03 00:00:00+00:00,8749681.486521251
2017-03-06 00:00:00+00:00,8749681.486521251
2017-03-07 00:00:00+00:00,8749681.486521251
2017-03-08 00:00:00+00:00,8749681.486521251
2017-03-09 00:00:00+00:00,8749681.486521251
2017-03-10 00:00:00+00:00,8749681.486521251
2017-03-13 00:00:00+00:00,8749681.486521251
2017-03-14 00:00:00+00:00,8749681.486521251
2017-03-15 00:00:00+00:00,8749681.486521251
2017-03-16 00:00:00+00:00,8749681.486521251
2017-03-17 00:00:00+00:00,8749681.486521251
2017-03-20 00:00:00+00:00,8749681.486521251
2017-03-21 00:00:00+00:00,8749681.486521251
2017-03-22 00:00:00+00:00,8749681.486521251
2017-03-23 00:00:00+00:00,8749681.486521251
2017-03-24 00:00:00+00:00,8749681.486521251
2017-03-27 00:00:00+00:00,8749681.486521251
2017-03-28 00:00:00+00:00,8749681.486521251
2017-03-29 00:00:00+00:00,8749681.486521251
2017-03-30 00:00:00+00:00,8749681.486521251
2017-03-31 00:00:00+00:00,8749681.486521251
2017-04-03 00:00:00+00:00,8749681.486521251
2017-04-04 00:00:00+00:00,8749681.486521251
2017-04-05 00:00:00+00:00,8749681.486521251
2017-04-06 00:00:00+00:00,8749681.486521251
2017-04-07 00:00:00+00:00,8749681.486521251
2017-04-10 00:00:00+00:00,8749681.486521251
2017-04-11 00:00:00+00:00,8749681.486521251
2017-04-12 00:00:00+00:00,8749681.486521251
2017-04-13 00:00:00+00:00,8749681.486521251
2017-04-17 00:00:00+00:00,8749681.486521251
2017-04-18 00:00:00+00:00,8749681.486521251
2017-04-19 00:00:00+00:00,8749681.486521251
2017-04-20 00:00:00+00:00,8749681.486521251
2017-04-21 00:00:00+00:00,8749681.486521251
2017-04-24 00:00:00+00:00,8749681.486521251
2017-04-25 00:00:00+00:00,8749681.486521251
2017-04-26 00:00:00+00:00,8749681.486521251
2017-04-27 00:00:00+00:00,8749681.486521251
2017-04-28 00:00:00+00:00,8749681.486521251
2017-05-01 00:00:00+00:00,8749681.486521251
2017-05-02 00:00:00+00:00,8749681.486521251
2017-05-03 00:00:00+00:00,8749681.486521251
2017-05-04 00:00:00+00:00,8749681.486521251
2017-05-05 00:00:00+00:00,8749681.486521251
2017-05-08 00:00:00+00:00,8749681.486521251
2017-05-09 00:00:00+00:00,8749681.486521251
2017-05-10 00:00:00+00:00,8749681.486521251
2017-05-11 00:00:00+00:00,8749681.486521251
2017-05-12 00:00:00+00:00,8749681.486521251
2017-05-15 00:00:00+00:00,8749681.486521251
2017-05-16 00:00:00+00:00,8749681.486521251
2017-05-17 00:00:00+00:00,8749681.486521251
2017-05-18 00:00:00+00:00,8749681.486521251
2017-05-19 00:00:00+00:00,8749681.486521251
2017-05-22 00:00:00+00:00,8749681.486521251
2017-05-23 00:00:00+00:00,8749681.486521251
2017-05-24 00:00:00+00:00,8749681.486521251
2017-05-25 00:00:00+00:00,8749681.486521251
2017-05-26 00:00:00+00:00,8749681.486521251
2017-05-29 00:00:00+00:00,8749681.486521251
2017-05-30 00:00:00+00:00,8749681.486521251
2017-05-31 00:00:00+00:00,8749681.486521251
2017-06-01 00:00:00+00:00,8749681.486521251
2017-06-02 00:00:00+00:00,8749681.486521251
2017-06-05 00:00:00+00:00,8749681.486521251
2017-06-06 00:00:00+00:00,8749681.486521251
2017-06-07 00:00:00+00:00,8749681.486521251
2017-06-08 00:00:00+00:00,8749681.486521251
2017-06-09 00:00:00+00:00,8749681.486521251
2017-06-12 00:00:00+00:00,8749681.486521251
2017-06-13 00:00:00+00:00,8749681.486521251
2017-06-14 00:00:00+00:00,8749681.486521251
2017-06-15 00:00:00+00:00,8749681.486521251
2017-06-16 00:00:00+00:00,8749681.486521251
2017-06-19 00:00:00+00:00,8749681.486521251
2017-06-20 00:00:00+00:00,8749681.486521251
2017-06-21 00:00:00+00:00,8749681.486521251
2017-06-22 00:00:00+00:00,8749681.486521251
2017-06-23 00:00:00+00:00,8749681.486521251
2017-06-26 00:00:00+00:00,8749681.486521251
2017-06-27 00:00:00+00:00,8749681.486521251
2017-06-28 00:00:00+00:00,8749681.486521251
2017-06-29 00:00:00+00:00,8749681.486521251
2017-06-30 00:00:00+00:00,8749681.486521251
2017-07-03 00:00:00+00:00,8749681.486521251
2017-07-04 00:00:00+00:00,8749681.486521251
2017-07-05 00:00:00+00:00,8749681.486521251
2017-07-06 00:00:00+00:00,8749681.486521251
2017-07-07 00:00:00+00:00,8749681.486521251
2017-07-10 00:00:00+00:00,8749681.486521251
2017-07-11 00:00:00+00:00,8749681.486521251
2017-07-12 00:00:00+00:00,8749681.486521251
2017-07-13 00:00:00+00:00,8749681.486521251
2017-07-14 00:00:00+00:00,8749681.486521251
2017-07-17 00:00:00+00:00,8749681.486521251
2017-07-18 00:00:00+00:00,8749681.486521251
2017-07-19 00:00:00+00:00,8749681.486521251
2017-07-20 00:00:00+00:00,8749681.486521251
2017-07-21 00:00:00+00:00,8749681.486521251
2017-07-24 00:00:00+00:00,8749681.486521251
2017-07-25 00:00:00+00:00,8749681.486521251
2017-07-26 00:00:00+00:00,8749681.486521251
2017-07-27 00:00:00+00:00,8749681.486521251
2017-07-28 00:00:00+00:00,8749681.486521251
2017-07-31 00:00:00+00:00,8749681.486521251
2017-08-01 00:00:00+00:00,8749681.486521251
2017-08-02 00:00:00+00:00,8749681.486521251
2017-08-03 00:00:00+00:00,8749681.486521251
2017-08-04 00:00:00+00:00,8749681.486521251
2017-08-07 00:00:00+00:00,8749681.486521251
2017-08-08 00:00:00+00:00,8749681.486521251
2017-08-09 00:00:00+00:00,8749681.486521251
2017-08-10 00:00:00+00:00,8749681.486521251
2017-08-11 00:00:00+00:00,8749681.486521251
2017-08-14 00:00:00+00:00,8749681.486521251
2017-08-15 00:00:00+00:00,8749681.486521251
2017-08-16 00:00:00+00:00,8749681.486521251
2017-08-17 00:00:00+00:00,8749681.486521251
2017-08-18 00:00:00+00:00,8749681.486521251
2017-08-21 00:00:00+00:00,8749681.486521251
2017-08-22 00:00:00+00:00,8749681.486521251
2017-08-23 00:00:00+00:00,8749681.486521251
2017-08-24 00:00:00+00:00,8749681.486521251
2017-08-25 00:00:00+00:00,8749681.486521251
2017-08-28 00:00:00+00:00,8749681.486521251
2017-08-29 00:00:00+00:00,8749681.486521251
2017-08-30 00:00:00+00:00,8749681.486521251
2017-08-31 00:00:00+00:00,8749681.486521251
2017-09-01 00:00:00+00:00,8749681.486521251
2017-09-04 00:00:00+00:00,8749681.486521251
2017-09-05 00:00:00+00:00,8749681.486521251
2017-09-06 00:00:00+00:00,8749681.486521251
2017-09-07 00:00:00+00:00,8749681.486521251
2017-09-08 00:00:00+00:00,8749681.486521251
2017-09-11 00:00:00+00:00,8749681.486521251
2017-09-12 00:00:00+00:00,8749681.486521251
2017-09-13 00:00:00+00:00,8749681.486521251
2017-09-14 00:00:00+00:00,8749681.486521251
2017-09-15 00:00:00+00:00,8749681.486521251
2017-09-18 00:00:00+00:00,8749681.486521251
2017-09-19 00:00:00+00:00,8749681.486521251
2017-09-20 00:00:00+00:00,8749681.486521251
2017-09-21 00:00:00+00:00,8749681.486521251
2017-09-22 00:00:00+00:00,8749681.486521251
2017-09-25 00:00:00+00:00,8749681.486521251
2017-09-26 00:00:00+00:00,8749681.486521251
2017-09-27 00:00:00+00:00,8749681.486521251
2017-09-28 00:00:00+00:00,8749681.486521251
2017-09-29 00:00:00+00:00,8749681.486521251
2017-10-02 00:00:00+00:00,8749681.486521251
2017-10-03 00:00:00+00:00,8749681.486521251
2017-10-04 00:00:00+00:00,8749681.486521251
2017-10-05 00:00:00+00:00,8749681.486521251
2017-10-06 00:00:00+00:00,8749681.486521251
2017-10-09 00:00:00+00:00,8749681.486521251
2017-10-10 00:00:00+00:00,8749681.486521251
2017-10-11 00:00:00+00:00,8749681.486521251
2017-10-12 00:00:00+00:00,8749681.486521251
2017-10-13 00:00:00+00:00,8749681.486521251
2017-10-16 00:00:00+00:00,8749681.486521251
2017-10-17 00:00:00+00:00,8749681.486521251
2017-10-18 00:00:00+00:00,8749681.486521251
2017-10-19 00:00:00+00:00,8749681.486521251
2017-10-20 00:00:00+00:00,8749681.486521251
2017-10-23 00:00:00+00:00,8749681.486521251
2017-10-24 00:00:00+00:00,8749681.486521251
2017-10-25 00:00:00+00:00,8749681.486521251
2017-10-26 00:00:00+00:00,8749681.486521251
2017-10-27 00:00:00+00:00,8749681.486521251
2017-10-30 00:00:00+00:00,8749681.486521251
2017-10-31 00:00:00+00:00,8749681.486521251
2017-11-01 00:00:00+00:00,8749681.486521251
2017-11-02 00:00:00+00:00,8749681.486521251
2017-11-03 00:00:00+00:00,8749681.486521251
2017-11-06 00:00:00+00:00,8749681.486521251
2017-11-07 00:00:00+00:00,8749681.486521251
2017-11-08 00:00:00+00:00,8749681.486521251
2017-11-09 00:00:00+00:00,8749681.486521251
2017-11-10 00:00:00+00:00,8749681.486521251
2017-11-13 00:00:00+00:00,8749681.486521251
2017-11-14 00:00:00+00:00,8749681.486521251
2017-11-15 00:00:00+00:00,8749681.486521251
2017-11-16 00:00:00+00:00,8749681.486521251
2017-11-17 00:00:00+00:00,8749681.486521251
2017-11-20 00:00:00+00:00,8749681.486521251
2017-11-21 00:00:00+00:00,8749681.486521251
2017-11-22 00:00:00+00:00,8749681.486521251
2017-11-23 00:00:00+00:00,8749681.486521251
2017-11-24 00:00:00+00:00,8749681.486521251
2017-11-27 00:00:00+00:00,8749681.486521251
2017-11-28 00:00:00+00:00,8749681.486521251
2017-11-29 00:00:00+00:00,8749681.486521251
2017-11-30 00:00:00+00:00,8749681.486521251
2017-12-01 00:00:00+00:00,8749681.486521251
2017-12-04 00:00:00+00:00,8749681.486521251
2017-12-05 00:00:00+00:00,8749681.486521251
2017-12-06 00:00:00+00:00,8749681.486521251
2017-12-07 00:00:00+00:00,8749681.486521251
2017-12-08 00:00:00+00:00,8749681.486521251
2017-12-11 00:00:00+00:00,8749681.486521251
2017-12-12 00:00:00+00:00,8749681.486521251
2017-12-13 00:00:00+00:00,8749681.486521251
2017-12-14 00:00:00+00:00,8749681.486521251
2017-12-15 00:00:00+00:00,8749681.486521251
2017-12-18 00:00:00+00:00,8749681.486521251
2017-12-19 00:00:00+00:00,8749681.486521251
2017-12-20 00:00:00+00:00,8749681.486521251
2017-12-21 00:00:00+00:00,8749681.486521251
2017-12-22 00:00:00+00:00,8749681.486521251
2017-12-26 00:00:00+00:00,8749681.486521251
2017-12-27 00:00:00+00:00,8749681.486521251
2017-12-28 00:00:00+00:00,8749681.486521251
2017-12-29 00:00:00+00:00,8749681.486521251
2018-01-01 00:00:00+00:00,8749681.486521251
2018-01-02 00:00:00+00:00,8749681.486521251
2018-01-03 00:00:00+00:00,8749681.486521251
2018-01-04 00:00:00+00:00,8749681.486521251
2018-01-05 00:00:00+00:00,8749681.486521251
2018-01-08 00:00:00+00:00,8749681.486521251
2018-01-09 00:00:00+00:00,8749681.486521251
2018-01-10 00:00:00+00:00,8749681.486521251
2018-01-11 00:00:00+00:00,8749681.486521251
2018-01-12 00:00:00+00:00,8749681.486521251
2018-01-15 00:00:00+00:00,8749681.486521251
2018-01-16 00:00:00+00:00,8749681.486521251
2018-01-17 00:00:00+00:00,8749681.486521251
2018-01-18 00:00:00+00:00,8749681.486521251
2018-01-19 00:00:00+00:00,8749681.486521251
2018-01-22 00:00:00+00:00,8749681.486521251
2018-01-23 00:00:00+00:00,8749681.486521251
2018-01-24 00:00:00+00:00,8749681.486521251
2018-01-25 00:00:00+00:00,8749681.486521251
2018-01-26 00:00:00+00:00,8749681.486521251
2018-01-29 00:00:00+00:00,8749681.486521251
2018-01-30 00:00:00+00:00,8749681.486521251
2018-01-31 00:00:00+00:00,8749681.486521251
2018-02-01 00:00:00+00:00,8749681.486521251
2018-02-02 00:00:00+00:00,8749681.486521251
2018-02-05 00:00:00+00:00,8749681.486521251
2018-02-06 00:00:00+00:00,8749681.486521251
2018-02-07 00:00:00+00:00,8749681.486521251
2018-02-08 00:00:00+00:00,8749681.486521251
2018-02-09 00:00:00+00:00,8749681.486521251
2018-02-12 00:00:00+00:00,8749681.486521251
2018-02-13 00:00:00+00:00,8749681.486521251
2018-02-14 00:00:00+00:00,8749681.486521251
2018-02-15 00:00:00+00:00,8749681.486521251
2018-02-16 00:00:00+00:00,8749681.486521251
2018-02-19 00:00:00+00:00,8749681.486521251
2018-02-20 00:00:00+00:00,8749681.486521251
2018-02-21 00:00:00+00:00,8749681.486521251
2018-02-22 00:00:00+00:00,8749681.486521251
2018-02-23 00:00:00+00:00,8749681.486521251
2018-02-26 00:00:00+00:00,8749681.486521251
2018-02-27 00:00:00+00:00,8749681.486521251
2018-02-28 00:00:00+00:00,8749681.486521251
2018-03-01 00:00:00+00:00,8749681.486521251
2018-03-02 00:00:00+00:00,8749681.486521251
2018-03-05 00:00:00+00:00,8749681.486521251
2018-03-06 00:00:00+00:00,8749681.486521251
2018-03-07 00:00:00+00:00,8749681.486521251
2018-03-08 00:00:00+00:00,8749681.486521251
2018-03-09 00:00:00+00:00,8749681.486521251
2018-03-12 00:00:00+00:00,8749681.486521251
2018-03-13 00:00:00+00:00,8749681.486521251
2018-03-14 00:00:00+00:00,8749681.486521251
2018-03-15 00:00:00+00:00,8749681.486521251
2018-03-16 00:00:00+00:00,8749681.486521251
2018-03-19 00:00:00+00:00,8749681.486521251
2018-03-20 00:00:00+00:00,8749681.486521251
2018-03-21 00:00:00+00:00,8749681.486521251
2018-03-22 00:00:00+00:00,8749681.486521251
2018-03-23 00:00:00+00:00,8749681.486521251
2018-03-26 00:00:00+00:00,8749681.486521251
2018-03-27 00:00:00+00:00,8749681.486521251
2018-03-28 00:00:00+00:00,8749681.486521251
2018-03-29 00:00:00+00:00,8749681.486521251
2018-04-02 00:00:00+00:00,8749681.486521251
2018-04-03 00:00:00+00:00,8749681.486521251
2018-04-04 00:00:00+00:00,8749681.486521251
2018-04-05 00:00:00+00:00,8749681.486521251
2018-04-06 00:00:00+00:00,8749681.486521251
2018-04-09 00:00:00+00:00,8749681.486521251
2018-04-10 00:00:00+00:00,8749681.486521251
2018-04-11 00:00:00+00:00,8749681.486521251
2018-04-12 00:00:00+00:00,8749681.486521251
2018-04-13 00:00:00+00:00,8749681.486521251
2018-04-16 00:00:00+00:00,8749681.486521251
2018-04-17 00:00:00+00:00,8749681.486521251
2018-04-18 00:00:00+00:00,8749681.486521251
2018-04-19 00:00:00+00:00,8749681.486521251
2018-04-20 00:00:00+00:00,8749681.486521251
2018-04-23 00:00:00+00:00,8749681.486521251
2018-04-24 00:00:00+00:00,8749681.486521251
2018-04-25 00:00:00+00:00,8749681.486521251
2018-04-26 00:00:00+00:00,8749681.486521251
2018-04-27 00:00:00+00:00,8749681.486521251
2018-04-30 00:00:00+00:00,8749681.486521251
2018-05-01 00:00:00+00:00,8749681.486521251
2018-05-02 00:00:00+00:00,8749681.486521251
2018-05-03 00:00:00+00:00,8749681.486521251
2018-05-04 00:00:00+00:00,8749681.486521251
2018-05-07 00:00:00+00:00,8749681.486521251
2018-05-08 00:00:00+00:00,8749681.486521251
2018-05-09 00:00:00+00:00,8749681.486521251
2018-05-10 00:00:00+00:00,8749681.486521251
2018-05-11 00:00:00+00:00,8749681.486521251
2018-05-14 00:00:00+00:00,8749681.486521251
2018-05-15 00:00:00+00:00,8749681.486521251
2018-05-16 00:00:00+00:00,8749681.486521251
2018-05-17 00:00:00+00:00,8749681.486521251
2018-05-18 00:00:00+00:00,8749681.486521251
2018-05-21 00:00:00+00:00,8749681.486521251
2018-05-22 00:00:00+00:00,8749681.486521251
2018-05-23 00:00:00+00:00,8749681.486521251
2018-05-24 00:00:00+00:00,8749681.486521251
2018-05-25 00:00:00+00:00,8749681.486521251
2018-05-28 00:00:00+00:00,8749681.486521251
2018-05-29 00:00:00+00:00,8749681.486521251
2018-05-30 00:00:00+00:00,8749681.486521251
2018-05-31 00:00:00+00:00,8749681.486521251
2018-06-01 00:00:00+00:00,8749681.486521251
2018-06-04 00:00:00+00:00,8749681.486521251
2018-06-05 00:00:00+00:00,8749681.486521251
2018-06-06 00:00:00+00:00,8749681.486521251
2018-06-07 00:00:00+00:00,8749681.486521251
2018-06-08 00:00:00+00:00,8749681.486521251
2018-06-11 00:00:00+00:00,8749681.486521251
2018-06-12 00:00:00+00:00,8749681.486521251
2018-06-13 00:00:00+00:00,8749681.486521251
2018-06-14 00:00:00+00:00,8749681.486521251
2018-06-15 00:00:00+00:00,8749681.486521251
2018-06-18 00:00:00+00:00,8749681.486521251
2018-06-19 00:00:00+00:00,8749681.486521251
2018-06-20 00:00:00+00:00,8749681.486521251
2018-06-21 00:00:00+00:00,8749681.486521251
2018-06-22 00:00:00+00:00,8749681.486521251
2018-06-25 00:00:00+00:00,8749681.486521251
2018-06-26 00:00:00+00:00,8749681.486521251
2018-06-27 00:00:00+00:00,8749681.486521251
2018-06-28 00:00:00+00:00,8749681.486521251
2018-06-29 00:00:00+00:00,8749681.486521251
2018-07-02 00:00:00+00:00,8749681.486521251
2018-07-03 00:00:00+00:00,8749681.486521251
2018-07-04 00:00:00+00:00,8749681.486521251
2018-07-05 00:00:00+00:00,8749681.486521251
2018-07-06 00:00:00+00:00,8749681.486521251
2018-07-09 00:00:00+00:00,8749681.486521251
2018-07-10 00:00:00+00:00,8749681.486521251
2018-07-11 00:00:00+00:00,8749681.486521251
2018-07-12 00:00:00+00:00,8749681.486521251
2018-07-13 00:00:00+00:00,8749681.486521251
2018-07-16 00:00:00+00:00,8749681.486521251
2018-07-17 00:00:00+00:00,8749681.486521251
2018-07-18 00:00:00+00:00,8749681.486521251
2018-07-19 00:00:00+00:00,8749681.486521251
2018-07-20 00:00:00+00:00,8749681.486521251
2018-07-23 00:00:00+00:00,8749681.486521251
2018-07-24 00:00:00+00:00,8749681.486521251
2018-07-25 00:00:00+00:00,8749681.486521251
2018-07-26 00:00:00+00:00,8749681.486521251
2018-07-27 00:00:00+00:00,8749681.486521251
2018-07-30 00:00:00+00:00,8749681.486521251
2018-07-31 00:00:00+00:00,8749681.486521251
2018-08-01 00:00:00+00:00,8749681.486521251
2018-08-02 00:00:00+00:00,8749681.486521251
2018-08-03 00:00:00+00:00,8749681.486521251
2018-08-06 00:00:00+00:00,8749681.486521251
2018-08-07 00:00:00+00:00,8749681.486521251
2018-08-08 00:00:00+00:00,8749681.486521251
2018-08-09 00:00:00+00:00,8749681.486521251
2018-08-10 00:00:00+00:00,8749681.486521251
2018-08-13 00:00:00+00:00,8749681.486521251
2018-08-14 00:00:00+00:00,8749681.486521251
2018-08-15 00:00:00+00:00,8749681.486521251
2018-08-16 00:00:00+00:00,8749681.486521251
2018-08-17 00:00:00+00:00,8749681.486521251
2018-08-20 00:00:00+00:00,8749681.486521251
2018-08-21 00:00:00+00:00,8749681.486521251
2018-08-22 00:00:00+00:00,8749681.486521251
2018-08-23 00:00:00+00:00,8749681.486521251
2018-08-24 00:00:00+00:00,8749681.486521251
2018-08-27 00:00:00+00:00,8749681.486521251
2018-08-28 00:00:00+00:00,8749681.486521251
2018-08-29 00:00:00+00:00,8749681.486521251
2018-08-30 00:00:00+00:00,8749681.486521251
2018-08-31 00:00:00+00:00,8749681.486521251
2018-09-03 00:00:00+00:00,8749681.486521251
2018-09-04 00:00:00+00:00,8749681.486521251
2018-09-05 00:00:00+00:00,8749681.486521251
2018-09-06 00:00:00+00:00,8749681.486521251
2018-09-07 00:00:00+00:00,8749681.486521251
2018-09-10 00:00:00+00:00,8749681.486521251
2018-09-11 00:00:00+00:00,8749681.486521251
2018-09-12 00:00:00+00:00,8749681.486521251
2018-09-13 00:00:00+00:00,8749681.486521251
2018-09-14 00:00:00+00:00,8749681.486521251
2018-09-17 00:00:00+00:00,8749681.486521251
2018-09-18 00:00:00+00:00,8749681.486521251
2018-09-19 00:00:00+00:00,8749681.486521251
2018-09-20 00:00:00+00:00,8749681.486521251
2018-09-21 00:00:00+00:00,8749681.486521251
2018-09-24 00:00:00+00:00,8749681.486521251
2018-09-25 00:00:00+00:00,8749681.486521251
2018-09-26 00:00:00+00:00,8749681.486521251
2018-09-27 00:00:00+00:00,8749681.486521251
2018-09-28 00:00:00+00:00,8749681.486521251
2018-10-01 00:00:00+00:00,8749681.486521251
2018-10-02 00:00:00+00:00,8749681.486521251
2018-10-03 00:00:00+00:00,8749681.486521251
2018-10-04 00:00:00+00:00,8749681.486521251
2018-10-05 00:00:00+00:00,8749681.486521251
2018-10-08 00:00:00+00:00,8749681.486521251
2018-10-09 00:00:00+00:00,8749681.486521251
2018-10-10 00:00:00+00:00,8749681.486521251
2018-10-11 00:00:00+00:00,8749681.486521251
2018-10-12 00:00:00+00:00,8749681.486521251
2018-10-15 00:00:00+00:00,8749681.486521251
2018-10-16 00:00:00+00:00,8749681.486521251
2018-10-17 00:00:00+00:00,8749681.486521251
2018-10-18 00:00:00+00:00,8749681.486521251
2018-10-19 00:00:00+00:00,8749681.486521251
2018-10-22 00:00:00+00:00,8749681.486521251
2018-10-23 00:00:00+00:00,8749681.486521251
2018-10-24 00:00:00+00:00,8749681.486521251
2018-10-25 00:00:00+00:00,8749681.486521251
2018-10-26 00:00:00+00:00,8749681.486521251
2018-10-29 00:00:00+00:00,8749681.486521251
2018-10-30 00:00:00+00:00,8749681.486521251
2018-10-31 00:00:00+00:00,8749681.486521251
2018-11-01 00:00:00+00:00,8749681.486521251
2018-11-02 00:00:00+00:00,8749681.486521251
2018-11-05 00:00:00+00:00,8749681.486521251
2018-11-06 00:00:00+00:00,8749681.486521251
2018-11-07 00:00:00+00:00,8749681.486521251
2018-11-08 00:00:00+00:00,8749681.486521251
2018-11-09 00:00:00+00:00,8749681.486521251
2018-11-12 00:00:00+00:00,8749681.486521251
2018-11-13 00:00:00+00:00,8749681.486521251
2018-11-14 00:00:00+00:00,8749681.486521251
2018-11-15 00:00:00+00:00,8749681.486521251
2018-11-16 00:00:00+00:00,8749681.486521251
2018-11-19 00:00:00+00:00,8749681.486521251
2018-11-20 00:00:00+00:00,8749681.486521251
2018-11-21 00:00:00+00:00,8749681.486521251
2018-11-22 00:00:00+00:00,8749681.486521251
2018-11-23 00:00:00+00:00,8749681.486521251
2018-11-26 00:00:00+00:00,8749681.486521251
2018-11-27 00:00:00+00:00,8749681.486521251
2018-11-28 00:00:00+00:00,8749681.486521251
2018-11-29 00:00:00+00:00,8749681.486521251
2018-11-30 00:00:00+00:00,8749681.486521251
2018-12-03 00:00:00+00:00,8749681.486521251
2018-12-04 00:00:00+00:00,8749681.486521251
2018-12-05 00:00:00+00:00,8749681.486521251
2018-12-06 00:00:00+00:00,8749681.486521251
2018-12-07 00:00:00+00:00,8749681.486521251
2018-12-10 00:00:00+00:00,8749681.486521251
2018-12-11 00:00:00+00:00,8749681.486521251
2018-12-12 00:00:00+00:00,8749681.486521251
2018-12-13 00:00:00+00:00,8749681.486521251
2018-12-14 00:00:00+00:00,8749681.486521251
2018-12-17 00:00:00+00:00,8749681.486521251
2018-12-18 00:00:00+00:00,8749681.486521251
2018-12-19 00:00:00+00:00,8749681.486521251
2018-12-20 00:00:00+00:00,8749681.486521251
2018-12-21 00:00:00+00:00,8749681.486521251
2018-12-24 00:00:00+00:00,8749681.486521251
2018-12-26 00:00:00+00:00,8749681.486521251
2018-12-27 00:00:00+00:00,8749681.486521251
2018-12-28 00:00:00+00:00,8749681.486521251
2018-12-31 00:00:00+00:00,8749681.486521251
2019-01-01 00:00:00+00:00,8749681.486521251
2019-01-02 00:00:00+00:00,8749681.486521251
2019-01-03 00:00:00+00:00,8749681.486521251
2019-01-04 00:00:00+00:00,8749681.486521251
2019-01-07 00:00:00+00:00,8749681.486521251
2019-01-08 00:00:00+00:00,8749681.486521251
2019-01-09 00:00:00+00:00,8749681.486521251
2019-01-10 00:00:00+00:00,8749681.486521251
2019-01-11 00:00:00+00:00,8749681.486521251
2019-01-14 00:00:00+00:00,8749681.486521251
2019-01-15 00:00:00+00:00,8749681.486521251
2019-01-16 00:00:00+00:00,8749681.486521251
2019-01-17 00:00:00+00:00,8749681.486521251
2019-01-18 00:00:00+00:00,8749681.486521251
2019-01-21 00:00:00+00:00,8749681.486521251
2019-01-22 00:00:00+00:00,8749681.486521251
2019-01-23 00:00:00+00:00,8749681.486521251
2019-01-24 00:00:00+00:00,8749681.486521251
2019-01-25 00:00:00+00:00,8749681.486521251
2019-01-28 00:00:00+00:00,8749681.486521251
2019-01-29 00:00:00+00:00,8749681.486521251
2019-01-30 00:00:00+00:00,8749681.486521251
2019-01-31 00:00:00+00:00,8749681.486521251
2019-02-01 00:00:00+00:00,8749681.486521251
2019-02-04 00:00:00+00:00,8749681.486521251
2019-02-05 00:00:00+00:00,8749681.486521251
2019-02-06 00:00:00+00:00,8749681.486521251
2019-02-07 00:00:00+00:00,8749681.486521251
2019-02-08 00:00:00+00:00,8749681.486521251
2019-02-11 00:00:00+00:00,8749681.486521251
2019-02-12 00:00:00+00:00,8749681.486521251
2019-02-13 00:00:00+00:00,8749681.486521251
2019-02-14 00:00:00+00:00,8749681.486521251
2019-02-15 00:00:00+00:00,8749681.486521251
2019-02-18 00:00:00+00:00,8749681.486521251
2019-02-19 00:00:00+00:00,8749681.486521251
2019-02-20 00:00:00+00:00,8749681.486521251
2019-02-21 00:00:00+00:00,8749681.486521251
2019-02-22 00:00:00+00:00,8749681.486521251
2019-02-25 00:00:00+00:00,8749681.486521251
2019-02-26 00:00:00+00:00,8749681.486521251
2019-02-27 00:00:00+00:00,8749681.486521251
2019-02-28 00:00:00+00:00,8749681.486521251
2019-03-01 00:00:00+00:00,8749681.486521251
2019-03-04 00:00:00+00:00,8749681.486521251
2019-03-05 00:00:00+00:00,8749681.486521251
2019-03-06 00:00:00+00:00,8749681.486521251
2019-03-07 00:00:00+00:00,8749681.486521251
2019-03-08 00:00:00+00:00,8749681.486521251
2019-03-11 00:00:00+00:00,8749681.486521251
2019-03-12 00:00:00+00:00,8749681.486521251
2019-03-13 00:00:00+00:00,8749681.486521251
2019-03-14 00:00:00+00:00,8749681.486521251
2019-03-15 00:00:00+00:00,8749681.486521251
2019-03-18 00:00:00+00:00,8749681.486521251
2019-03-19 00:00:00+00:00,8749681.486521251
2019-03-20 00:00:00+00:00,8749681.486521251
2019-03-21 00:00:00+00:00,8749681.486521251
2019-03-22 00:00:00+00:00,8749681.486521251
2019-03-25 00:00:00+00:00,8749681.486521251
2019-03-26 00:00:00+00:00,8749681.486521251
2019-03-27 00:00:00+00:00,8749681.486521251
2019-03-28 00:00:00+00:00,8749681.486521251
2019-03-29 00:00:00+00:00,8749681.486521251
2019-04-01 00:00:00+00:00,8749681.486521251
2019-04-02 00:00:00+00:00,8749681.486521251
2019-04-03 00:00:00+00:00,8749681.486521251
2019-04-04 00:00:00+00:00,8749681.486521251
2019-04-05 00:00:00+00:00,8749681.486521251
2019-04-08 00:00:00+00:00,8749681.486521251
2019-04-09 00:00:00+00:00,8749681.486521251
2019-04-10 00:00:00+00:00,8749681.486521251
2019-04-11 00:00:00+00:00,8749681.486521251
2019-04-12 00:00:00+00:00,8749681.486521251
2019-04-15 00:00:00+00:00,8749681.486521251
2019-04-16 00:00:00+00:00,8749681.486521251
2019-04-17 00:00:00+00:00,8749681.486521251
2019-04-18 00:00:00+00:00,8749681.486521251
2019-04-22 00:00:00+00:00,8749681.486521251
2019-04-23 00:00:00+00:00,8749681.486521251
2019-04-24 00:00:00+00:00,8749681.486521251
2019-04-25 00:00:00+00:00,8749681.486521251
2019-04-26 00:00:00+00:00,8749681.486521251
2019-04-29 00:00:00+00:00,8749681.486521251
2019-04-30 00:00:00+00:00,8749681.486521251
2019-05-01 00:00:00+00:00,8749681.486521251
2019-05-02 00:00:00+00:00,8749681.486521251
2019-05-03 00:00:00+00:00,8749681.486521251
2019-05-06 00:00:00+00:00,8749681.486521251
2019-05-07 00:00:00+00:00,8749681.486521251
2019-05-08 00:00:00+00:00,8749681.486521251
2019-05-09 00:00:00+00:00,8749681.486521251
2019-05-10 00:00:00+00:00,8749681.486521251
2019-05-13 00:00:00+00:00,8749681.486521251
2019-05-14 00:00:00+00:00,8749681.486521251
2019-05-15 00:00:00+00:00,8749681.486521251
2019-05-16 00:00:00+00:00,8749681.486521251
2019-05-17 00:00:00+00:00,8749681.486521251
2019-05-20 00:00:00+00:00,8749681.486521251
2019-05-21 00:00:00+00:00,8749681.486521251
2019-05-22 00:00:00+00:00,8749681.486521251
2019-05-23 00:00:00+00:00,8749681.486521251
2019-05-24 00:00:00+00:00,8749681.486521251
2019-05-27 00:00:00+00:00,8749681.486521251
2019-05-28 00:00:00+00:00,8749681.486521251
2019-05-29 00:00:00+00:00,8749681.486521251
2019-05-30 00:00:00+00:00,8749681.486521251
2019-05-31 00:00:00+00:00,8749681.486521251
2019-06-03 00:00:00+00:00,8749681.486521251
2019-06-04 00:00:00+00:00,8749681.486521251
2019-06-05 00:00:00+00:00,8749681.486521251
2019-06-06 00:00:00+00:00,8749681.486521251
2019-06-07 00:00:00+00:00,8749681.486521251
2019-06-10 00:00:00+00:00,8749681.486521251
2019-06-11 00:00:00+00:00,8749681.486521251
2019-06-12 00:00:00+00:00,8749681.486521251
2019-06-13 00:00:00+00:00,8749681.486521251
2019-06-14 00:00:00+00:00,8749681.486521251
2019-06-17 00:00:00+00:00,8749681.486521251
2019-06-18 00:00:00+00:00,8749681.486521251
2019-06-19 00:00:00+00:00,8749681.486521251
2019-06-20 00:00:00+00:00,8749681.486521251
2019-06-21 00:00:00+00:00,8749681.486521251
2019-06-24 00:00:00+00:00,8749681.486521251
2019-06-25 00:00:00+00:00,8749681.486521251
2019-06-26 00:00:00+00:00,8749681.486521251
2019-06-27 00:00:00+00:00,8749681.486521251
2019-06-28 00:00:00+00:00,8749681.486521251
2019-07-01 00:00:00+00:00,8749681.486521251
2019-07-02 00:00:00+00:00,8749681.486521251
2019-07-03 00:00:00+00:00,8749681.486521251
2019-07-04 00:00:00+00:00,8749681.486521251
2019-07-05 00:00:00+00:00,8749681.486521251
2019-07-08 00:00:00+00:00,8749681.486521251
2019-07-09 00:00:00+00:00,8749681.486521251
2019-07-10 00:00:00+00:00,8749681.486521251
2019-07-11 00:00:00+00:00,8749681.486521251
2019-07-12 00:00:00+00:00,8749681.486521251
2019-07-15 00:00:00+00:00,8749681.486521251
2019-07-16 00:00:00+00:00,8749681.486521251
2019-07-17 00:00:00+00:00,8749681.486521251
2019-07-18 00:00:00+00:00,8749681.486521251
2019-07-19 00:00:00+00:00,8749681.486521251
2019-07-22 00:00:00+00:00,8749681.486521251
2019-07-23 00:00:00+00:00,8749681.486521251
2019-07-24 00:00:00+00:00,8749681.486521251
2019-07-25 00:00:00+00:00,8749681.486521251
2019-07-26 00:00:00+00:00,8749681.486521251
2019-07-29 00:00:00+00:00,8749681.486521251
2019-07-30 00:00:00+00:00,8749681.486521251
2019-07-31 00:00:00+00:00,8749681.486521251
2019-08-01 00:00:00+00:00,8749681.486521251
2019-08-02 00:00:00+00:00,8749681.486521251
2019-08-05 00:00:00+00:00,8749681.486521251
2019-08-06 00:00:00+00:00,8749681.486521251
2019-08-07 00:00:00+00:00,8749681.486521251
2019-08-08 00:00:00+00:00,8749681.486521251
2019-08-09 00:00:00+00:00,8749681.486521251
2019-08-12 00:00:00+00:00,8749681.486521251
2019-08-13 00:00:00+00:00,8749681.486521251
2019-08-14 00:00:00+00:00,8749681.486521251
2019-08-15 00:00:00+00:00,8749681.486521251
2019-08-16 00:00:00+00:00,8749681.486521251
2019-08-19 00:00:00+00:00,8749681.486521251
2019-08-20 00:00:00+00:00,8749681.486521251
2019-08-21 00:00:00+00:00,8749681.486521251
2019-08-22 00:00:00+00:00,8749681.486521251
2019-08-23 00:00:00+00:00,8749681.486521251
2019-08-26 00:00:00+00:00,8749681.486521251
2019-08-27 00:00:00+00:00,8749681.486521251
2019-08-28 00:00:00+00:00,8749681.486521251
2019-08-29 00:00:00+00:00,8749681.486521251
2019-08-30 00:00:00+00:00,8749681.486521251
2019-09-03 00:00:00+00:00,8749681.486521251
2019-09-04 00:00:00+00:00,8749681.486521251
2019-09-05 00:00:00+00:00,8749681.486521251
2019-09-06 00:00:00+00:00,8749681.486521251
2019-09-09 00:00:00+00:00,8749681.486521251
2019-09-10 00:00:00+00:00,8749681.486521251
2019-09-11 00:00:00+00:00,8749681.486521251
2019-09-12 00:00:00+00:00,8749681.486521251
2019-09-13 00:00:00+00:00,8749681.486521251
2019-09-16 00:00:00+00:00,8749681.486521251
2019-09-17 00:00:00+00:00,8749681.486521251
2019-09-18 00:00:00+00:00,8749681.486521251
2019-09-19 00:00:00+00:00,8749681.486521251
2019-09-20 00:00:00+00:00,8749681.486521251
2019-09-23 00:00:00+00:00,8749681.486521251
2019-09-24 00:00:00+00:00,8749681.486521251
2019-09-25 00:00:00+00:00,8749681.486521251
2019-09-26 00:00:00+00:00,8749681.486521251
2019-09-27 00:00:00+00:00,8749681.486521251
2019-09-30 00:00:00+00:00,8749681.486521251
2019-10-01 00:00:00+00:00,8749681.486521251
2019-10-02 00:00:00+00:00,8749681.486521251
2019-10-03 00:00:00+00:00,8749681.486521251
2019-10-04 00:00:00+00:00,8749681.486521251
2019-10-07 00:00:00+00:00,8749681.486521251
2019-10-08 00:00:00+00:00,8749681.486521251
2019-10-09 00:00:00+00:00,8749681.486521251
2019-10-10 00:00:00+00:00,8749681.486521251
2019-10-11 00:00:00+00:00,8749681.486521251
2019-10-14 00:00:00+00:00,8749681.486521251
2019-10-15 00:00:00+00:00,8749681.486521251
2019-10-16 00:00:00+00:00,8749681.486521251
2019-10-17 00:00:00+00:00,8749681.486521251
2019-10-18 00:00:00+00:00,8749681.486521251
2019-10-21 00:00:00+00:00,8749681.486521251
2019-10-22 00:00:00+00:00,8749681.486521251
2019-10-23 00:00:00+00:00,8749681.486521251
2019-10-24 00:00:00+00:00,8749681.486521251
2019-10-25 00:00:00+00:00,8749681.486521251
2019-10-27 00:00:00+00:00,8749681.486521251
2019-10-28 00:00:00+00:00,8749681.486521251
2019-10-29 00:00:00+00:00,8749681.486521251
2019-10-30 00:00:00+00:00,8749681.486521251
2019-10-31 00:00:00+00:00,8749681.486521251
2019-11-01 00:00:00+00:00,8749681.486521251
2019-11-04 00:00:00+00:00,8749681.486521251
2019-11-05 00:00:00+00:00,8749681.486521251
2019-11-06 00:00:00+00:00,8749681.486521251
2019-11-07 00:00:00+00:00,8749681.486521251
2019-11-08 00:00:00+00:00,8749681.486521251
2019-11-11 00:00:00+00:00,8749681.486521251
2019-11-12 00:00:00+00:00,8749681.486521251
2019-11-13 00:00:00+00:00,8749681.486521251
2019-11-14 00:00:00+00:00,8749681.486521251
2019-11-15 00:00:00+00:00,8749681.486521251
2019-11-18 00:00:00+00:00,8749681.486521251
2019-11-19 00:00:00+00:00,8749681.486521251
2019-11-20 00:00:00+00:00,8749681.486521251
2019-11-21 00:00:00+00:00,8749681.486521251
2019-11-22 00:00:00+00:00,8749681.486521251
2019-11-25 00:00:00+00:00,8749681.486521251
2019-11-26 00:00:00+00:00,8749681.486521251
2019-11-27 00:00:00+00:00,8749681.486521251
2019-11-28 00:00:00+00:00,8749681.486521251
2019-11-29 00:00:00+00:00,8749681.486521251
2019-12-02 00:00:00+00:00,8749681.486521251
2019-12-03 00:00:00+00:00,8749681.486521251
2019-12-04 00:00:00+00:00,8749681.486521251
2019-12-05 00:00:00+00:00,8749681.486521251
2019-12-06 00:00:00+00:00,8749681.486521251
2019-12-09 00:00:00+00:00,8749681.486521251
2019-12-10 00:00:00+00:00,8749681.486521251
2019-12-11 00:00:00+00:00,8749681.486521251
2019-12-12 00:00:00+00:00,8749681.486521251
2019-12-13 00:00:00+00:00,8749681.486521251
2019-12-16 00:00:00+00:00,8749681.486521251
2019-12-17 00:00:00+00:00,8749681.486521251
2019-12-18 00:00:00+00:00,8749681.486521251
2019-12-19 00:00:00+00:00,8749681.486521251
2019-12-20 00:00:00+00:00,8749681.486521251
2019-12-23 00:00:00+00:00,8749681.486521251
2019-12-24 00:00:00+00:00,8749681.486521251
2019-12-26 00:00:00+00:00,8749681.486521251
2019-12-27 00:00:00+00:00,8749681.486521251
2019-12-30 00:00:00+00:00,8749681.486521251
2019-12-31 00:00:00+00:00,8749681.486521251
2020-01-01 00:00:00+00:00,8749681.486521251
2020-01-02 00:00:00+00:00,8749681.486521251
2020-01-03 00:00:00+00:00,8749681.486521251
2020-01-06 00:00:00+00:00,8749681.486521251
2020-01-07 00:00:00+00:00,8749681.486521251
2020-01-08 00:00:00+00:00,8749681.486521251
2020-01-09 00:00:00+00:00,8749681.486521251
2020-01-10 00:00:00+00:00,8749681.486521251
2020-01-13 00:00:00+00:00,8749681.486521251
2020-01-14 00:00:00+00:00,8749681.486521251
2020-01-15 00:00:00+00:00,8749681.486521251
2020-01-16 00:00:00+00:00,8749681.486521251
2020-01-17 00:00:00+00:00,8749681.486521251
2020-01-20 00:00:00+00:00,8749681.486521251
2020-01-21 00:00:00+00:00,8749681.486521251
2020-01-22 00:00:00+00:00,8749681.486521251
2020-01-23 00:00:00+00:00,8749681.486521251
2020-01-24 00:00:00+00:00,8749681.486521251
2020-01-27 00:00:00+00:00,8749681.486521251
2020-01-28 00:00:00+00:00,8749681.486521251
2020-01-29 00:00:00+00:00,8749681.486521251
2020-01-30 00:00:00+00:00,8749681.486521251
2020-01-31 00:00:00+00:00,8749681.486521251
2020-02-03 00:00:00+00:00,8749681.486521251
2020-02-04 00:00:00+00:00,8749681.486521251
2020-02-05 00:00:00+00:00,8749681.486521251
2020-02-06 00:00:00+00:00,8749681.486521251
2020-02-07 00:00:00+00:00,8749681.486521251
2020-02-10 00:00:00+00:00,8749681.486521251
2020-02-11 00:00:00+00:00,8749681.486521251
2020-02-12 00:00:00+00:00,8749681.486521251
2020-02-13 00:00:00+00:00,8749681.486521251
2020-02-14 00:00:00+00:00,8749681.486521251
2020-02-17 00:00:00+00:00,8749681.486521251
2020-02-18 00:00:00+00:00,8749681.486521251
2020-02-19 00:00:00+00:00,8749681.486521251
2020-02-20 00:00:00+00:00,8749681.486521251
2020-02-21 00:00:00+00:00,8749681.486521251
2020-02-24 00:00:00+00:00,8749681.486521251
2020-02-25 00:00:00+00:00,8749681.486521251
2020-02-26 00:00:00+00:00,8749681.486521251
2020-02-27 00:00:00+00:00,8749681.486521251
2020-02-28 00:00:00+00:00,8749681.486521251
2020-03-02 00:00:00+00:00,8749681.486521251
2020-03-03 00:00:00+00:00,8749681.486521251
2020-03-04 00:00:00+00:00,8749681.486521251
2020-03-05 00:00:00+00:00,8749681.486521251
2020-03-06 00:00:00+00:00,8749681.486521251
2020-03-09 00:00:00+00:00,8749681.486521251
2020-03-10 00:00:00+00:00,8749681.486521251
2020-03-11 00:00:00+00:00,8749681.486521251
2020-03-12 00:00:00+00:00,8749681.486521251
2020-03-13 00:00:00+00:00,8749681.486521251
2020-03-16 00:00:00+00:00,8749681.486521251
2020-03-17 00:00:00+00:00,8749681.486521251
2020-03-18 00:00:00+00:00,8749681.486521251
2020-03-19 00:00:00+00:00,8749681.486521251
2020-03-20 00:00:00+00:00,8749681.486521251
2020-03-23 00:00:00+00:00,8749681.486521251
2020-03-24 00:00:00+00:00,8749681.486521251
2020-03-25 00:00:00+00:00,8749681.486521251
2020-03-26 00:00:00+00:00,8749681.486521251
2020-03-27 00:00:00+00:00,8749681.486521251
2020-03-30 00:00:00+00:00,8749681.486521251
2020-03-31 00:00:00+00:00,8749681.486521251
2020-04-01 00:00:00+00:00,8749681.486521251
2020-04-02 00:00:00+00:00,8749681.486521251
2020-04-03 00:00:00+00:00,8749681.486521251
2020-04-06 00:00:00+00:00,8749681.486521251
2020-04-07 00:00:00+00:00,8749681.486521251
2020-04-08 00:00:00+00:00,8749681.486521251
2020-04-09 00:00:00+00:00,8749681.486521251
2020-04-13 00:00:00+00:00,8749681.486521251
2020-04-14 00:00:00+00:00,8749681.486521251
2020-04-15 00:00:00+00:00,8749681.486521251
2020-04-16 00:00:00+00:00,8749681.486521251
2020-04-17 00:00:00+00:00,8749681.486521251
2020-04-20 00:00:00+00:00,8749681.486521251
2020-04-21 00:00:00+00:00,8749681.486521251
2020-04-22 00:00:00+00:00,8749681.486521251
2020-04-23 00:00:00+00:00,8749681.486521251
2020-04-24 00:00:00+00:00,8749681.486521251
2020-04-27 00:00:00+00:00,8749681.486521251
2020-04-28 00:00:00+00:00,8749681.486521251
2020-04-29 00:00:00+00:00,8749681.486521251
2020-04-30 00:00:00+00:00,8749681.486521251
2020-05-01 00:00:00+00:00,8749681.486521251
2020-05-04 00:00:00+00:00,8749681.486521251
2020-05-05 00:00:00+00:00,8749681.486521251
2020-05-06 00:00:00+00:00,8749681.486521251
2020-05-07 00:00:00+00:00,8749681.486521251
2020-05-08 00:00:00+00:00,8749681.486521251
2020-05-11 00:00:00+00:00,8749681.486521251
2020-05-12 00:00:00+00:00,8749681.486521251
2020-05-13 00:00:00+00:00,8749681.486521251
2020-05-14 00:00:00+00:00,8749681.486521251
2020-05-15 00:00:00+00:00,8749681.486521251
2020-05-18 00:00:00+00:00,8749681.486521251
2020-05-19 00:00:00+00:00,8749681.486521251
2020-05-20 00:00:00+00:00,8749681.486521251
2020-05-21 00:00:00+00:00,8749681.486521251
2020-05-22 00:00:00+00:00,8749681.486521251
2020-05-26 00:00:00+00:00,8749681.486521251
2020-05-27 00:00:00+00:00,8749681.486521251
2020-05-28 00:00:00+00:00,8749681.486521251
2020-05-29 00:00:00+00:00,8749681.486521251
2020-06-01 00:00:00+00:00,8749681.486521251
2020-06-02 00:00:00+00:00,8749681.486521251
2020-06-03 00:00:00+00:00,8749681.486521251
2020-06-04 00:00:00+00:00,8749681.486521251
2020-06-05 00:00:00+00:00,8749681.486521251
2020-06-08 00:00:00+00:00,8749681.486521251
2020-06-09 00:00:00+00:00,8749681.486521251
2020-06-10 00:00:00+00:00,8749681.486521251
2020-06-11 00:00:00+00:00,8749681.486521251
2020-06-12 00:00:00+00:00,8749681.486521251
2020-06-15 00:00:00+00:00,8749681.486521251
2020-06-16 00:00:00+00:00,8749681.486521251
2020-06-17 00:00:00+00:00,8749681.486521251
2020-06-18 00:00:00+00:00,8749681.486521251
2020-06-19 00:00:00+00:00,8749681.486521251
2020-06-22 00:00:00+00:00,8749681.486521251
2020-06-23 00:00:00+00:00,8749681.486521251
2020-06-24 00:00:00+00:00,8749681.486521251
2020-06-25 00:00:00+00:00,8749681.486521251
2020-06-26 00:00:00+00:00,8749681.486521251
2020-06-29 00:00:00+00:00,8749681.486521251
2020-06-30 00:00:00+00:00,8749681.486521251
2020-07-01 00:00:00+00:00,8749681.486521251
2020-07-02 00:00:00+00:00,8749681.486521251
2020-07-03 00:00:00+00:00,8749681.486521251
2020-07-06 00:00:00+00:00,8749681.486521251
2020-07-07 00:00:00+00:00,8749681.486521251
2020-07-08 00:00:00+00:00,8749681.486521251
2020-07-09 00:00:00+00:00,8749681.486521251
2020-07-10 00:00:00+00:00,8749681.486521251
2020-07-13 00:00:00+00:00,8749681.486521251
2020-07-14 00:00:00+00:00,8749681.486521251
2020-07-15 00:00:00+00:00,8749681.486521251
2020-07-16 00:00:00+00:00,8749681.486521251
2020-07-17 00:00:00+00:00,8749681.486521251
2020-07-20 00:00:00+00:00,8749681.486521251
2020-07-21 00:00:00+00:00,8749681.486521251
2020-07-22 00:00:00+00:00,8749681.486521251
2020-07-23 00:00:00+00:00,8749681.486521251
2020-07-24 00:00:00+00:00,8749681.486521251
2020-07-27 00:00:00+00:00,8749681.486521251
2020-07-28 00:00:00+00:00,8749681.486521251
2020-07-29 00:00:00+00:00,8749681.486521251
2020-07-30 00:00:00+00:00,8749681.486521251
2020-07-31 00:00:00+00:00,8749681.486521251
2020-08-03 00:00:00+00:00,8749681.486521251
2020-08-04 00:00:00+00:00,8749681.486521251
2020-08-05 00:00:00+00:00,8749681.486521251
2020-08-06 00:00:00+00:00,8749681.486521251
2020-08-07 00:00:00+00:00,8749681.486521251
2020-08-10 00:00:00+00:00,8749681.486521251
2020-08-11 00:00:00+00:00,8749681.486521251
2020-08-12 00:00:00+00:00,8749681.486521251
2020-08-13 00:00:00+00:00,8749681.486521251
2020-08-14 00:00:00+00:00,8749681.486521251
2020-08-17 00:00:00+00:00,8749681.486521251
2020-08-18 00:00:00+00:00,8749681.486521251
2020-08-19 00:00:00+00:00,8749681.486521251
2020-08-20 00:00:00+00:00,8749681.486521251
2020-08-21 00:00:00+00:00,8749681.486521251
2020-08-24 00:00:00+00:00,8749681.486521251
2020-08-25 00:00:00+00:00,8749681.486521251
2020-08-26 00:00:00+00:00,8749681.486521251
2020-08-27 00:00:00+00:00,8749681.486521251
2020-08-28 00:00:00+00:00,8749681.486521251
2020-08-31 00:00:00+00:00,8749681.486521251
2020-09-01 00:00:00+00:00,8749681.486521251
2020-09-02 00:00:00+00:00,8749681.486521251
2020-09-03 00:00:00+00:00,8749681.486521251
2020-09-04 00:00:00+00:00,8749681.486521251
2020-09-07 00:00:00+00:00,8749681.486521251
2020-09-08 00:00:00+00:00,8749681.486521251
2020-09-09 00:00:00+00:00,8749681.486521251
2020-09-10 00:00:00+00:00,8749681.486521251
2020-09-11 00:00:00+00:00,8749681.486521251
2020-09-14 00:00:00+00:00,8749681.486521251
2020-09-15 00:00:00+00:00,8749681.486521251
2020-09-16 00:00:00+00:00,8749681.486521251
2020-09-17 00:00:00+00:00,8749681.486521251
2020-09-18 00:00:00+00:00,8749681.486521251
2020-09-21 00:00:00+00:00,8749681.486521251
2020-09-22 00:00:00+00:00,8749681.486521251
2020-09-23 00:00:00+00:00,8749681.486521251
2020-09-24 00:00:00+00:00,8749681.486521251
2020-09-25 00:00:00+00:00,8749681.486521251
2020-09-28 00:00:00+00:00,8749681.486521251
2020-09-29 00:00:00+00:00,8749681.486521251
2020-09-30 00:00:00+00:00,8749681.486521251
2020-10-01 00:00:00+00:00,8749681.486521251
2020-10-02 00:00:00+00:00,8749681.486521251
2020-10-05 00:00:00+00:00,8749681.486521251
2020-10-06 00:00:00+00:00,8749681.486521251
2020-10-07 00:00:00+00:00,8749681.486521251
2020-10-08 00:00:00+00:00,8749681.486521251
2020-10-09 00:00:00+00:00,8749681.486521251
2020-10-12 00:00:00+00:00,8749681.486521251
2020-10-13 00:00:00+00:00,8749681.486521251
2020-10-14 00:00:00+00:00,8749681.486521251
2020-10-15 00:00:00+00:00,8749681.486521251
2020-10-16 00:00:00+00:00,8749681.486521251
2020-10-19 00:00:00+00:00,8749681.486521251
2020-10-20 00:00:00+00:00,8749681.486521251
2020-10-21 00:00:00+00:00,8749681.486521251
2020-10-22 00:00:00+00:00,8749681.486521251
2020-10-23 00:00:00+00:00,8749681.486521251
2020-10-26 00:00:00+00:00,8749681.486521251
2020-10-27 00:00:00+00:00,8749681.486521251
2020-10-28 00:00:00+00:00,8749681.486521251
2020-10-29 00:00:00+00:00,8749681.486521251
2020-10-30 00:00:00+00:00,8749681.486521251
2020-11-02 00:00:00+00:00,8749681.486521251
2020-11-03 00:00:00+00:00,8749681.486521251
2020-11-04 00:00:00+00:00,8749681.486521251
2020-11-05 00:00:00+00:00,8749681.486521251
2020-11-06 00:00:00+00:00,8749681.486521251
2020-11-09 00:00:00+00:00,8749681.486521251
2020-11-10 00:00:00+00:00,8749681.486521251
2020-11-11 00:00:00+00:00,8749681.486521251
2020-11-12 00:00:00+00:00,8749681.486521251
2020-11-13 00:00:00+00:00,8749681.486521251
2020-11-14 00:00:00+00:00,8749681.486521251
2020-11-16 00:00:00+00:00,8749681.486521251
2020-11-17 00:00:00+00:00,8749681.486521251
2020-11-18 00:00:00+00:00,8749681.486521251
2020-11-19 00:00:00+00:00,8749681.486521251
2020-11-20 00:00:00+00:00,8749681.486521251
2020-11-23 00:00:00+00:00,8749681.486521251
2020-11-24 00:00:00+00:00,8749681.486521251
2020-11-25 00:00:00+00:00,8749681.486521251
2020-11-26 00:00:00+00:00,8749681.486521251
2020-11-27 00:00:00+00:00,8749681.486521251
2020-11-30 00:00:00+00:00,8749681.486521251
2020-12-01 00:00:00+00:00,8749681.486521251
2020-12-02 00:00:00+00:00,8749681.486521251
2020-12-03 00:00:00+00:00,8749681.486521251
2020-12-04 00:00:00+00:00,8749681.486521251
2020-12-07 00:00:00+00:00,8749681.486521251
2020-12-08 00:00:00+00:00,8749681.486521251
2020-12-09 00:00:00+00:00,8749681.486521251
2020-12-10 00:00:00+00:00,8749681.486521251
2020-12-11 00:00:00+00:00,8749681.486521251
2020-12-14 00:00:00+00:00,8749681.486521251
2020-12-15 00:00:00+00:00,8749681.486521251
2020-12-16 00:00:00+00:00,8749681.486521251
2020-12-17 00:00:00+00:00,8749681.486521251
2020-12-18 00:00:00+00:00,8749681.486521251
2020-12-21 00:00:00+00:00,8749681.486521251
2020-12-22 00:00:00+00:00,8749681.486521251
2020-12-23 00:00:00+00:00,8749681.486521251
2020-12-24 00:00:00+00:00,8749681.486521251
2020-12-28 00:00:00+00:00,8749681.486521251
2020-12-29 00:00:00+00:00,8749681.486521251
2020-12-30 00:00:00+00:00,8749681.486521251
2020-12-31 00:00:00+00:00,8749681.486521251
2021-01-01 00:00:00+00:00,8749681.486521251
2021-01-04 00:00:00+00:00,8749681.486521251
2021-01-05 00:00:00+00:00,8749681.486521251
2021-01-06 00:00:00+00:00,8749681.486521251
2021-01-07 00:00:00+00:00,8749681.486521251
2021-01-08 00:00:00+00:00,8749681.486521251
2021-01-11 00:00:00+00:00,8749681.486521251
2021-01-12 00:00:00+00:00,8749681.486521251
2021-01-13 00:00:00+00:00,8749681.486521251
2021-01-14 00:00:00+00:00,8749681.486521251
2021-01-15 00:00:00+00:00,8749681.486521251
2021-01-18 00:00:00+00:00,8749681.486521251
2021-01-19 00:00:00+00:00,8749681.486521251
2021-01-20 00:00:00+00:00,8749681.486521251
2021-01-21 00:00:00+00:00,8749681.486521251
2021-01-22 00:00:00+00:00,8749681.486521251
2021-01-25 00:00:00+00:00,8749681.486521251
2021-01-26 00:00:00+00:00,8749681.486521251
2021-01-27 00:00:00+00:00,8749681.486521251
2021-01-28 00:00:00+00:00,8749681.486521251
2021-01-29 00:00:00+00:00,8749681.486521251
2021-02-01 00:00:00+00:00,8749681.486521251
2021-02-02 00:00:00+00:00,8749681.486521251
2021-02-03 00:00:00+00:00,8749681.486521251
2021-02-04 00:00:00+00:00,8749681.486521251
2021-02-05 00:00:00+00:00,8749681.486521251
2021-02-08 00:00:00+00:00,8749681.486521251
2021-02-09 00:00:00+00:00,8749681.486521251
2021-02-10 00:00:00+00:00,8749681.486521251
2021-02-11 00:00:00+00:00,8749681.486521251
2021-02-12 00:00:00+00:00,8749681.486521251
2021-02-15 00:00:00+00:00,8749681.486521251
2021-02-16 00:00:00+00:00,8749681.486521251
2021-02-17 00:00:00+00:00,8749681.486521251
2021-02-18 00:00:00+00:00,8749681.486521251
2021-02-19 00:00:00+00:00,8749681.486521251
2021-02-22 00:00:00+00:00,8749681.486521251
2021-02-23 00:00:00+00:00,8749681.486521251
2021-02-24 00:00:00+00:00,8749681.486521251
2021-02-25 00:00:00+00:00,8749681.486521251
2021-02-26 00:00:00+00:00,8749681.486521251
2021-03-01 00:00:00+00:00,8749681.486521251
2021-03-02 00:00:00+00:00,8749681.486521251
2021-03-03 00:00:00+00:00,8749681.486521251
2021-03-04 00:00:00+00:00,8749681.486521251
2021-03-05 00:00:00+00:00,8749681.486521251
2021-03-08 00:00:00+00:00,8749681.486521251
2021-03-09 00:00:00+00:00,8749681.486521251
2021-03-10 00:00:00+00:00,8749681.486521251
2021-03-11 00:00:00+00:00,8749681.486521251
2021-03-12 00:00:00+00:00,8749681.486521251
2021-03-15 00:00:00+00:00,8749681.486521251
2021-03-16 00:00:00+00:00,8749681.486521251
2021-03-17 00:00:00+00:00,8749681.486521251
2021-03-18 00:00:00+00:00,8749681.486521251
2021-03-19 00:00:00+00:00,8749681.486521251
2021-03-22 00:00:00+00:00,8749681.486521251
2021-03-23 00:00:00+00:00,8749681.486521251
2021-03-24 00:00:00+00:00,8749681.486521251
2021-03-25 00:00:00+00:00,8749681.486521251
2021-03-26 00:00:00+00:00,8749681.486521251
2021-03-29 00:00:00+00:00,8749681.486521251
2021-03-30 00:00:00+00:00,8749681.486521251
2021-03-31 00:00:00+00:00,8749681.486521251
2021-04-01 00:00:00+00:00,8749681.486521251
2021-04-05 00:00:00+00:00,8749681.486521251
2021-04-06 00:00:00+00:00,8749681.486521251
2021-04-07 00:00:00+00:00,8749681.486521251
2021-04-08 00:00:00+00:00,8749681.486521251
2021-04-09 00:00:00+00:00,8749681.486521251
2021-04-12 00:00:00+00:00,8749681.486521251
2021-04-13 00:00:00+00:00,8749681.486521251
2021-04-14 00:00:00+00:00,8749681.486521251
2021-04-15 00:00:00+00:00,8749681.486521251
2021-04-16 00:00:00+00:00,8749681.486521251
2021-04-19 00:00:00+00:00,8749681.486521251
2021-04-20 00:00:00+00:00,8749681.486521251
2021-04-21 00:00:00+00:00,8749681.486521251
2021-04-22 00:00:00+00:00,8749681.486521251
2021-04-23 00:00:00+00:00,8749681.486521251
2021-04-26 00:00:00+00:00,8749681.486521251
2021-04-27 00:00:00+00:00,8749681.486521251
2021-04-28 00:00:00+00:00,8749681.486521251
2021-04-29 00:00:00+00:00,8749681.486521251
2021-04-30 00:00:00+00:00,8749681.486521251
2021-05-03 00:00:00+00:00,8749681.486521251
2021-05-04 00:00:00+00:00,8749681.486521251
2021-05-05 00:00:00+00:00,8749681.486521251
2021-05-06 00:00:00+00:00,8749681.486521251
2021-05-07 00:00:00+00:00,8749681.486521251
2021-05-10 00:00:00+00:00,8749681.486521251
2021-05-11 00:00:00+00:00,8749681.486521251
2021-05-12 00:00:00+00:00,8749681.486521251
2021-05-13 00:00:00+00:00,8749681.486521251
2021-05-14 00:00:00+00:00,8749681.486521251
2021-05-17 00:00:00+00:00,8749681.486521251
2021-05-18 00:00:00+00:00,8749681.486521251
2021-05-19 00:00:00+00:00,8749681.486521251
2021-05-20 00:00:00+00:00,8749681.486521251
2021-05-21 00:00:00+00:00,8749681.486521251
2021-05-24 00:00:00+00:00,8749681.486521251
2021-05-25 00:00:00+00:00,8749681.486521251
2021-05-26 00:00:00+00:00,8749681.486521251
2021-05-27 00:00:00+00:00,8749681.486521251
2021-05-28 00:00:00+00:00,8749681.486521251
2021-05-31 00:00:00+00:00,8749681.486521251
2021-06-01 00:00:00+00:00,8749681.486521251
2021-06-02 00:00:00+00:00,8749681.486521251
2021-06-03 00:00:00+00:00,8749681.486521251
2021-06-04 00:00:00+00:00,8749681.486521251
2021-06-07 00:00:00+00:00,8749681.486521251
2021-06-08 00:00:00+00:00,8749681.486521251
2021-06-09 00:00:00+00:00,8749681.486521251
2021-06-10 00:00:00+00:00,8749681.486521251
2021-06-11 00:00:00+00:00,8749681.486521251
2021-06-14 00:00:00+00:00,8749681.486521251
2021-06-15 00:00:00+00:00,8749681.486521251
2021-06-16 00:00:00+00:00,8749681.486521251
2021-06-17 00:00:00+00:00,8749681.486521251
2021-06-18 00:00:00+00:00,8749681.486521251
2021-06-21 00:00:00+00:00,8749681.486521251
2021-06-22 00:00:00+00:00,8749681.486521251
2021-06-23 00:00:00+00:00,8749681.486521251
2021-06-24 00:00:00+00:00,8749681.486521251
2021-06-25 00:00:00+00:00,8749681.486521251
2021-06-28 00:00:00+00:00,8749681.486521251
2021-06-29 00:00:00+00:00,8749681.486521251
2021-06-30 00:00:00+00:00,8749681.486521251
2021-07-01 00:00:00+00:00,8749681.486521251
2021-07-02 00:00:00+00:00,8749681.486521251
2021-07-05 00:00:00+00:00,8749681.486521251
2021-07-06 00:00:00+00:00,8749681.486521251
2021-07-07 00:00:00+00:00,8749681.486521251
2021-07-08 00:00:00+00:00,8749681.486521251
2021-07-09 00:00:00+00:00,8749681.486521251
2021-07-12 00:00:00+00:00,8749681.486521251
2021-07-13 00:00:00+00:00,8749681.486521251
2021-07-14 00:00:00+00:00,8749681.486521251
2021-07-15 00:00:00+00:00,8749681.486521251
2021-07-16 00:00:00+00:00,8749681.486521251
2021-07-19 00:00:00+00:00,8749681.486521251
2021-07-20 00:00:00+00:00,8749681.486521251
2021-07-21 00:00:00+00:00,8749681.486521251
2021-07-22 00:00:00+00:00,8749681.486521251
2021-07-23 00:00:00+00:00,8749681.486521251
2021-07-26 00:00:00+00:00,8749681.486521251
2021-07-27 00:00:00+00:00,8749681.486521251
2021-07-28 00:00:00+00:00,8749681.486521251
2021-07-29 00:00:00+00:00,8749681.486521251
2021-07-30 00:00:00+00:00,8749681.486521251
2021-08-02 00:00:00+00:00,8749681.486521251
2021-08-03 00:00:00+00:00,8749681.486521251
2021-08-04 00:00:00+00:00,8749681.486521251
2021-08-05 00:00:00+00:00,8749681.486521251
2021-08-06 00:00:00+00:00,8749681.486521251
2021-08-09 00:00:00+00:00,8749681.486521251
2021-08-10 00:00:00+00:00,8749681.486521251
2021-08-11 00:00:00+00:00,8749681.486521251
2021-08-12 00:00:00+00:00,8749681.486521251
2021-08-13 00:00:00+00:00,8749681.486521251
2021-08-16 00:00:00+00:00,8749681.486521251
2021-08-17 00:00:00+00:00,8749681.486521251
2021-08-18 00:00:00+00:00,8749681.486521251
2021-08-19 00:00:00+00:00,8749681.486521251
2021-08-20 00:00:00+00:00,8749681.486521251
2021-08-23 00:00:00+00:00,8749681.486521251
2021-08-24 00:00:00+00:00,8749681.486521251
2021-08-25 00:00:00+00:00,8749681.486521251
2021-08-26 00:00:00+00:00,8749681.486521251
2021-08-27 00:00:00+00:00,8749681.486521251
2021-08-30 00:00:00+00:00,8749681.486521251
2021-08-31 00:00:00+00:00,8749681.486521251
2021-09-01 00:00:00+00:00,8749681.486521251
2021-09-02 00:00:00+00:00,8749681.486521251
2021-09-03 00:00:00+00:00,8749681.486521251
2021-09-06 00:00:00+00:00,8749681.486521251
2021-09-07 00:00:00+00:00,8749681.486521251
2021-09-08 00:00:00+00:00,8749681.486521251
2021-09-09 00:00:00+00:00,8749681.486521251
2021-09-10 00:00:00+00:00,8749681.486521251
2021-09-13 00:00:00+00:00,8749681.486521251
2021-09-14 00:00:00+00:00,8749681.486521251
2021-09-15 00:00:00+00:00,8749681.486521251
2021-09-16 00:00:00+00:00,8749681.486521251
2021-09-17 00:00:00+00:00,8749681.486521251
2021-09-20 00:00:00+00:00,8749681.486521251
2021-09-21 00:00:00+00:00,8749681.486521251
2021-09-22 00:00:00+00:00,8749681.486521251
2021-09-23 00:00:00+00:00,8749681.486521251
2021-09-24 00:00:00+00:00,8749681.486521251
2021-09-27 00:00:00+00:00,8749681.486521251
2021-09-28 00:00:00+00:00,8749681.486521251
2021-09-29 00:00:00+00:00,8749681.486521251
2021-09-30 00:00:00+00:00,8749681.486521251
2021-10-01 00:00:00+00:00,8749681.486521251
2021-10-04 00:00:00+00:00,8749681.486521251
2021-10-05 00:00:00+00:00,8749681.486521251
2021-10-06 00:00:00+00:00,8749681.486521251
2021-10-07 00:00:00+00:00,8749681.486521251
2021-10-08 00:00:00+00:00,8749681.486521251
2021-10-11 00:00:00+00:00,8749681.486521251
2021-10-12 00:00:00+00:00,8749681.486521251
2021-10-13 00:00:00+00:00,8749681.486521251
2021-10-14 00:00:00+00:00,8749681.486521251
2021-10-15 00:00:00+00:00,8749681.486521251
2021-10-18 00:00:00+00:00,8749681.486521251
2021-10-19 00:00:00+00:00,8749681.486521251
2021-10-20 00:00:00+00:00,8749681.486521251
2021-10-21 00:00:00+00:00,8749681.486521251
2021-10-22 00:00:00+00:00,8749681.486521251
2021-10-25 00:00:00+00:00,8749681.486521251
2021-10-26 00:00:00+00:00,8749681.486521251
2021-10-27 00:00:00+00:00,8749681.486521251
2021-10-28 00:00:00+00:00,8749681.486521251
2021-10-29 00:00:00+00:00,8749681.486521251
2021-11-01 00:00:00+00:00,8749681.486521251
2021-11-02 00:00:00+00:00,8749681.486521251
2021-11-03 00:00:00+00:00,8749681.486521251
2021-11-04 00:00:00+00:00,8749681.486521251
2021-11-05 00:00:00+00:00,8749681.486521251
2021-11-08 00:00:00+00:00,8749681.486521251
2021-11-09 00:00:00+00:00,8749681.486521251
2021-11-10 00:00:00+00:00,8749681.486521251
2021-11-11 00:00:00+00:00,8749681.486521251
2021-11-12 00:00:00+00:00,8749681.486521251
2021-11-15 00:00:00+00:00,8749681.486521251
2021-11-16 00:00:00+00:00,8749681.486521251
2021-11-17 00:00:00+00:00,8749681.486521251
2021-11-18 00:00:00+00:00,8749681.486521251
2021-11-19 00:00:00+00:00,8749681.486521251
2021-11-22 00:00:00+00:00,8749681.486521251
2021-11-23 00:00:00+00:00,8749681.486521251
2021-11-24 00:00:00+00:00,8749681.486521251
2021-11-25 00:00:00+00:00,8749681.486521251
2021-11-26 00:00:00+00:00,8749681.486521251
2021-11-29 00:00:00+00:00,8749681.486521251
2021-11-30 00:00:00+00:00,8749681.486521251
2021-12-01 00:00:00+00:00,8749681.486521251
2021-12-02 00:00:00+00:00,8749681.486521251
2021-12-03 00:00:00+00:00,8749681.486521251
2021-12-06 00:00:00+00:00,8749681.486521251
2021-12-07 00:00:00+00:00,8749681.486521251
2021-12-08 00:00:00+00:00,8749681.486521251
2021-12-09 00:00:00+00:00,8749681.486521251
2021-12-10 00:00:00+00:00,8749681.486521251
2021-12-13 00:00:00+00:00,8749681.486521251
2021-12-14 00:00:00+00:00,8749681.486521251
2021-12-15 00:00:00+00:00,8749681.486521251
2021-12-16 00:00:00+00:00,8749681.486521251
2021-12-17 00:00:00+00:00,8749681.486521251
2021-12-20 00:00:00+00:00,8749681.486521251
2021-12-21 00:00:00+00:00,8749681.486521251
2021-12-22 00:00:00+00:00,8749681.486521251
2021-12-23 00:00:00+00:00,8749681.486521251
2021-12-24 00:00:00+00:00,8749681.486521251
2021-12-27 00:00:00+00:00,8749681.486521251
2021-12-28 00:00:00+00:00,8749681.486521251
2021-12-29 00:00:00+00:00,8749681.486521251
2021-12-30 00:00:00+00:00,8749681.486521251
2021-12-31 00:00:00+00:00,8749681.486521251
2022-01-03 00:00:00+00:00,8749681.486521251
2022-01-04 00:00:00+00:00,8749681.486521251
2022-01-05 00:00:00+00:00,8749681.486521251
2022-01-06 00:00:00+00:00,8749681.486521251
2022-01-07 00:00:00+00:00,8749681.486521251
2022-01-10 00:00:00+00:00,8749681.486521251
2022-01-11 00:00:00+00:00,8749681.486521251
2022-01-12 00:00:00+00:00,8749681.486521251
2022-01-13 00:00:00+00:00,8749681.486521251
2022-01-14 00:00:00+00:00,8749681.486521251
2022-01-17 00:00:00+00:00,8749681.486521251
2022-01-18 00:00:00+00:00,8749681.486521251
2022-01-19 00:00:00+00:00,8749681.486521251
2022-01-20 00:00:00+00:00,8749681.486521251
2022-01-21 00:00:00+00:00,8749681.486521251
2022-01-24 00:00:00+00:00,8749681.486521251
2022-01-25 00:00:00+00:00,8749681.486521251
2022-01-26 00:00:00+00:00,8749681.486521251
2022-01-27 00:00:00+00:00,8749681.486521251
2022-01-28 00:00:00+00:00,8749681.486521251
2022-01-31 00:00:00+00:00,8749681.486521251
2022-02-01 00:00:00+00:00,8749681.486521251
2022-02-02 00:00:00+00:00,8749681.486521251
2022-02-03 00:00:00+00:00,8749681.486521251
2022-02-04 00:00:00+00:00,8749681.486521251
2022-02-07 00:00:00+00:00,8749681.486521251
2022-02-08 00:00:00+00:00,8749681.486521251
2022-02-09 00:00:00+00:00,8749681.486521251
2022-02-10 00:00:00+00:00,8749681.486521251
2022-02-11 00:00:00+00:00,8749681.486521251
2022-02-14 00:00:00+00:00,8749681.486521251
2022-02-15 00:00:00+00:00,8749681.486521251
2022-02-16 00:00:00+00:00,8749681.486521251
2022-02-17 00:00:00+00:00,8749681.486521251
2022-02-18 00:00:00+00:00,8749681.486521251
2022-02-21 00:00:00+00:00,8749681.486521251
2022-02-22 00:00:00+00:00,8749681.486521251
2022-02-23 00:00:00+00:00,8749681.486521251
2022-02-24 00:00:00+00:00,8749681.486521251
2022-02-25 00:00:00+00:00,8749681.486521251
2022-02-28 00:00:00+00:00,8749681.486521251
2022-03-01 00:00:00+00:00,8749681.486521251
2022-03-02 00:00:00+00:00,8749681.486521251
2022-03-03 00:00:00+00:00,8749681.486521251
2022-03-04 00:00:00+00:00,8749681.486521251
2022-03-07 00:00:00+00:00,8749681.486521251
2022-03-08 00:00:00+00:00,8749681.486521251
2022-03-09 00:00:00+00:00,8749681.486521251
2022-03-10 00:00:00+00:00,8749681.486521251
2022-03-11 00:00:00+00:00,8749681.486521251
2022-03-14 00:00:00+00:00,8749681.486521251
2022-03-15 00:00:00+00:00,8749681.486521251
2022-03-16 00:00:00+00:00,8749681.486521251
2022-03-17 00:00:00+00:00,8749681.486521251
2022-03-18 00:00:00+00:00,8749681.486521251
2022-03-21 00:00:00+00:00,8749681.486521251
2022-03-22 00:00:00+00:00,8749681.486521251
2022-03-23 00:00:00+00:00,8749681.486521251
2022-03-24 00:00:00+00:00,8749681.486521251
2022-03-25 00:00:00+00:00,8749681.486521251
2022-03-28 00:00:00+00:00,8749681.486521251
2022-03-29 00:00:00+00:00,8749681.486521251
2022-03-30 00:00:00+00:00,8749681.486521251
2022-03-31 00:00:00+00:00,8749681.486521251
2022-04-01 00:00:00+00:00,8749681.486521251
2022-04-04 00:00:00+00:00,8749681.486521251
2022-04-05 00:00:00+00:00,8749681.486521251
2022-04-06 00:00:00+00:00,8749681.486521251
2022-04-07 00:00:00+00:00,8749681.486521251
2022-04-08 00:00:00+00:00,8749681.486521251
2022-04-11 00:00:00+00:00,8749681.486521251
2022-04-12 00:00:00+00:00,8749681.486521251
2022-04-13 00:00:00+00:00,8749681.486521251
2022-04-14 00:00:00+00:00,8749681.486521251
2022-04-18 00:00:00+00:00,8749681.486521251
2022-04-19 00:00:00+00:00,8749681.486521251
2022-04-20 00:00:00+00:00,8749681.486521251
2022-04-21 00:00:00+00:00,8749681.486521251
2022-04-22 00:00:00+00:00,8749681.486521251
2022-04-25 00:00:00+00:00,8749681.486521251
2022-04-26 00:00:00+00:00,8749681.486521251
2022-04-27 00:00:00+00:00,8749681.486521251
2022-04-28 00:00:00+00:00,8749681.486521251
2022-04-29 00:00:00+00:00,8749681.486521251
2022-05-02 00:00:00+00:00,8749681.486521251
2022-05-03 00:00:00+00:00,8749681.486521251
2022-05-04 00:00:00+00:00,8749681.486521251
2022-05-05 00:00:00+00:00,8749681.486521251
2022-05-06 00:00:00+00:00,8749681.486521251
2022-05-09 00:00:00+00:00,8749681.486521251
2022-05-10 00:00:00+00:00,8749681.486521251
2022-05-11 00:00:00+00:00,8749681.486521251
2022-05-12 00:00:00+00:00,8749681.486521251
2022-05-13 00:00:00+00:00,8749681.486521251
2022-05-16 00:00:00+00:00,8749681.486521251
2022-05-17 00:00:00+00:00,8749681.486521251
2022-05-18 00:00:00+00:00,8749681.486521251
2022-05-19 00:00:00+00:00,8749681.486521251
2022-05-20 00:00:00+00:00,8749681.486521251
2022-05-23 00:00:00+00:00,8749681.486521251
2022-05-24 00:00:00+00:00,8749681.486521251
2022-05-25 00:00:00+00:00,8749681.486521251
2022-05-26 00:00:00+00:00,8749681.486521251
2022-05-27 00:00:00+00:00,8749681.486521251
2022-05-30 00:00:00+00:00,8749681.486521251
2022-05-31 00:00:00+00:00,8749681.486521251
2022-06-01 00:00:00+00:00,8749681.486521251
2022-06-02 00:00:00+00:00,8749681.486521251
2022-06-03 00:00:00+00:00,8749681.486521251
2022-06-06 00:00:00+00:00,8749681.486521251
2022-06-07 00:00:00+00:00,8749681.486521251
2022-06-08 00:00:00+00:00,8749681.486521251
2022-06-09 00:00:00+00:00,8749681.486521251
2022-06-10 00:00:00+00:00,8749681.486521251
2022-06-13 00:00:00+00:00,8749681.486521251
2022-06-14 00:00:00+00:00,8749681.486521251
2022-06-15 00:00:00+00:00,8749681.486521251
2022-06-16 00:00:00+00:00,8749681.486521251
2022-06-17 00:00:00+00:00,8749681.486521251
2022-06-20 00:00:00+00:00,8749681.486521251
2022-06-21 00:00:00+00:00,8749681.486521251
2022-06-22 00:00:00+00:00,8749681.486521251
2022-06-23 00:00:00+00:00,8749681.486521251
2022-06-24 00:00:00+00:00,8749681.486521251
2022-06-27 00:00:00+00:00,8749681.486521251
2022-06-28 00:00:00+00:00,8749681.486521251
2022-06-29 00:00:00+00:00,8749681.486521251
2022-06-30 00:00:00+00:00,8749681.486521251
2022-07-01 00:00:00+00:00,8749681.486521251
2022-07-04 00:00:00+00:00,8749681.486521251
2022-07-05 00:00:00+00:00,8749681.486521251
2022-07-06 00:00:00+00:00,8749681.486521251
2022-07-07 00:00:00+00:00,8749681.486521251
2022-07-08 00:00:00+00:00,8749681.486521251
2022-07-11 00:00:00+00:00,8749681.486521251
2022-07-12 00:00:00+00:00,8749681.486521251
2022-07-13 00:00:00+00:00,8749681.486521251
2022-07-14 00:00:00+00:00,8749681.486521251
2022-07-15 00:00:00+00:00,8749681.486521251
2022-07-18 00:00:00+00:00,8749681.486521251
2022-07-19 00:00:00+00:00,8749681.486521251
2022-07-20 00:00:00+00:00,8749681.486521251
2022-07-21 00:00:00+00:00,8749681.486521251
2022-07-22 00:00:00+00:00,8749681.486521251
2022-07-25 00:00:00+00:00,8749681.486521251
2022-07-26 00:00:00+00:00,8749681.486521251
2022-07-27 00:00:00+00:00,8749681.486521251
2022-07-28 00:00:00+00:00,8749681.486521251
2022-07-29 00:00:00+00:00,8749681.486521251
2022-08-01 00:00:00+00:00,8749681.486521251
2022-08-02 00:00:00+00:00,8749681.486521251
2022-08-03 00:00:00+00:00,8749681.486521251
2022-08-04 00:00:00+00:00,8749681.486521251
2022-08-05 00:00:00+00:00,8749681.486521251
2022-08-08 00:00:00+00:00,8749681.486521251
2022-08-09 00:00:00+00:00,8749681.486521251
2022-08-10 00:00:00+00:00,8749681.486521251
2022-08-11 00:00:00+00:00,8749681.486521251
2022-08-12 00:00:00+00:00,8749681.486521251
2022-08-15 00:00:00+00:00,8749681.486521251
2022-08-16 00:00:00+00:00,8749681.486521251
2022-08-17 00:00:00+00:00,8749681.486521251
2022-08-18 00:00:00+00:00,8749681.486521251
2022-08-19 00:00:00+00:00,8749681.486521251
2022-08-22 00:00:00+00:00,8749681.486521251
2022-08-23 00:00:00+00:00,8749681.486521251
2022-08-24 00:00:00+00:00,8749681.486521251
2022-08-25 00:00:00+00:00,8749681.486521251
2022-08-26 00:00:00+00:00,8749681.486521251
2022-08-29 00:00:00+00:00,8749681.486521251
2022-08-30 00:00:00+00:00,8749681.486521251
2022-08-31 00:00:00+00:00,8749681.486521251
2022-09-01 00:00:00+00:00,8749681.486521251
2022-09-02 00:00:00+00:00,8749681.486521251
2022-09-05 00:00:00+00:00,8749681.486521251
2022-09-06 00:00:00+00:00,8749681.486521251
2022-09-07 00:00:00+00:00,8749681.486521251
2022-09-08 00:00:00+00:00,8749681.486521251
2022-09-09 00:00:00+00:00,8749681.486521251
2022-09-12 00:00:00+00:00,8749681.486521251
2022-09-13 00:00:00+00:00,8749681.486521251
2022-09-14 00:00:00+00:00,8749681.486521251
2022-09-15 00:00:00+00:00,8749681.486521251
2022-09-16 00:00:00+00:00,8749681.486521251
2022-09-19 00:00:00+00:00,8749681.486521251
2022-09-20 00:00:00+00:00,8749681.486521251
2022-09-21 00:00:00+00:00,8749681.486521251
2022-09-22 00:00:00+00:00,8749681.486521251
2022-09-23 00:00:00+00:00,8749681.486521251
2022-09-26 00:00:00+00:00,8749681.486521251
2022-09-27 00:00:00+00:00,8749681.486521251
2022-09-28 00:00:00+00:00,8749681.486521251
2022-09-29 00:00:00+00:00,8749681.486521251
2022-09-30 00:00:00+00:00,8749681.486521251
2022-10-03 00:00:00+00:00,8749681.486521251
2022-10-04 00:00:00+00:00,8749681.486521251
2022-10-05 00:00:00+00:00,8749681.486521251
2022-10-06 00:00:00+00:00,8749681.486521251
2022-10-07 00:00:00+00:00,8749681.486521251
2022-10-10 00:00:00+00:00,8749681.486521251
2022-10-11 00:00:00+00:00,8749681.486521251
2022-10-12 00:00:00+00:00,8749681.486521251
2022-10-13 00:00:00+00:00,8749681.486521251
2022-10-14 00:00:00+00:00,8749681.486521251
2022-10-17 00:00:00+00:00,8749681.486521251
2022-10-18 00:00:00+00:00,8749681.486521251
2022-10-19 00:00:00+00:00,8749681.486521251
2022-10-20 00:00:00+00:00,8749681.486521251
2022-10-21 00:00:00+00:00,8749681.486521251
2022-10-24 00:00:00+00:00,8749681.486521251
2022-10-25 00:00:00+00:00,8749681.486521251
2022-10-26 00:00:00+00:00,8749681.486521251
2022-10-27 00:00:00+00:00,8749681.486521251
2022-10-28 00:00:00+00:00,8749681.486521251
2022-10-31 00:00:00+00:00,8749681.486521251
2022-11-01 00:00:00+00:00,8749681.486521251
2022-11-02 00:00:00+00:00,8749681.486521251
2022-11-03 00:00:00+00:00,8749681.486521251
2022-11-04 00:00:00+00:00,8749681.486521251
2022-11-07 00:00:00+00:00,8749681.486521251
2022-11-08 00:00:00+00:00,8749681.486521251
2022-11-09 00:00:00+00:00,8749681.486521251
2022-11-10 00:00:00+00:00,8749681.486521251
2022-11-11 00:00:00+00:00,8749681.486521251
2022-11-14 00:00:00+00:00,8749681.486521251
2022-11-15 00:00:00+00:00,8749681.486521251
2022-11-16 00:00:00+00:00,8749681.486521251
2022-11-17 00:00:00+00:00,8749681.486521251
2022-11-18 00:00:00+00:00,8749681.486521251
2022-11-21 00:00:00+00:00,8749681.486521251
2022-11-22 00:00:00+00:00,8749681.486521251
2022-11-23 00:00:00+00:00,8749681.486521251
2022-11-24 00:00:00+00:00,8749681.486521251
2022-11-25 00:00:00+00:00,8749681.486521251
2022-11-28 00:00:00+00:00,8749681.486521251
2022-11-29 00:00:00+00:00,8749681.486521251
2022-11-30 00:00:00+00:00,8749681.486521251
2022-12-01 00:00:00+00:00,8749681.486521251
2022-12-02 00:00:00+00:00,8749681.486521251
2022-12-05 00:00:00+00:00,8749681.486521251
2022-12-06 00:00:00+00:00,8749681.486521251
2022-12-07 00:00:00+00:00,8749681.486521251
2022-12-08 00:00:00+00:00,8749681.486521251
2022-12-09 00:00:00+00:00,8749681.486521251
2022-12-12 00:00:00+00:00,8749681.486521251
2022-12-13 00:00:00+00:00,8749681.486521251
2022-12-14 00:00:00+00:00,8749681.486521251
2022-12-15 00:00:00+00:00,8749681.486521251
2022-12-16 00:00:00+00:00,8749681.486521251
2022-12-19 00:00:00+00:00,8749681.486521251
2022-12-20 00:00:00+00:00,8749681.486521251
2022-12-21 00:00:00+00:00,8749681.486521251
2022-12-22 00:00:00+00:00,8749681.486521251
2022-12-23 00:00:00+00:00,8749681.486521251
2022-12-26 00:00:00+00:00,8749681.486521251
2022-12-27 00:00:00+00:00,8749681.486521251
2022-12-28 00:00:00+00:00,8749681.486521251
2022-12-29 00:00:00+00:00,8749681.486521251
2022-12-30 00:00:00+00:00,8749681.486521251
2023-01-02 00:00:00+00:00,8749681.486521251
2023-01-03 00:00:00+00:00,8749681.486521251
2023-01-04 00:00:00+00:00,8749681.486521251
2023-01-05 00:00:00+00:00,8749681.486521251
2023-01-06 00:00:00+00:00,8749681.486521251
2023-01-09 00:00:00+00:00,8749681.486521251
2023-01-10 00:00:00+00:00,8749681.486521251
2023-01-11 00:00:00+00:00,8749681.486521251
2023-01-12 00:00:00+00:00,8749681.486521251
2023-01-13 00:00:00+00:00,8749681.486521251
2023-01-16 00:00:00+00:00,8749681.486521251
2023-01-17 00:00:00+00:00,8749681.486521251
2023-01-18 00:00:00+00:00,8749681.486521251
2023-01-19 00:00:00+00:00,8749681.486521251
2023-01-20 00:00:00+00:00,8749681.486521251
2023-01-23 00:00:00+00:00,8749681.486521251
2023-01-24 00:00:00+00:00,8749681.486521251
2023-01-25 00:00:00+00:00,8749681.486521251
2023-01-26 00:00:00+00:00,8749681.486521251
2023-01-27 00:00:00+00:00,8749681.486521251
2023-01-30 00:00:00+00:00,8749681.486521251
2023-01-31 00:00:00+00:00,8749681.486521251
2023-02-01 00:00:00+00:00,8749681.486521251
2023-02-02 00:00:00+00:00,8749681.486521251
2023-02-03 00:00:00+00:00,8749681.486521251
2023-02-06 00:00:00+00:00,8749681.486521251
2023-02-07 00:00:00+00:00,8749681.486521251
2023-02-08 00:00:00+00:00,8749681.486521251
2023-02-09 00:00:00+00:00,8749681.486521251
2023-02-10 00:00:00+00:00,8749681.486521251
2023-02-13 00:00:00+00:00,8749681.486521251
2023-02-14 00:00:00+00:00,8749681.486521251
2023-02-15 00:00:00+00:00,8749681.486521251
2023-02-16 00:00:00+00:00,8749681.486521251
2023-02-17 00:00:00+00:00,8749681.486521251
2023-02-20 00:00:00+00:00,8749681.486521251
2023-02-21 00:00:00+00:00,8749681.486521251
2023-02-22 00:00:00+00:00,8749681.486521251
2023-02-23 00:00:00+00:00,8749681.486521251
2023-02-24 00:00:00+00:00,8749681.486521251
2023-02-27 00:00:00+00:00,8749681.486521251
2023-02-28 00:00:00+00:00,8749681.486521251
2023-03-01 00:00:00+00:00,8749681.486521251
2023-03-02 00:00:00+00:00,8749681.486521251
2023-03-03 00:00:00+00:00,8749681.486521251
2023-03-06 00:00:00+00:00,8749681.486521251
2023-03-07 00:00:00+00:00,8749681.486521251
2023-03-08 00:00:00+00:00,8749681.486521251
2023-03-09 00:00:00+00:00,8749681.486521251
2023-03-10 00:00:00+00:00,8749681.486521251
2023-03-13 00:00:00+00:00,8749681.486521251
2023-03-14 00:00:00+00:00,8749681.486521251
2023-03-15 00:00:00+00:00,8749681.486521251
2023-03-16 00:00:00+00:00,8749681.486521251
2023-03-17 00:00:00+00:00,8749681.486521251
2023-03-20 00:00:00+00:00,8749681.486521251
2023-03-21 00:00:00+00:00,8749681.486521251
2023-03-22 00:00:00+00:00,8749681.486521251
2023-03-23 00:00:00+00:00,8749681.486521251
2023-03-24 00:00:00+00:00,8749681.486521251
2023-03-27 00:00:00+00:00,8749681.486521251
2023-03-28 00:00:00+00:00,8749681.486521251
2023-03-29 00:00:00+00:00,8749681.486521251
2023-03-30 00:00:00+00:00,8749681.486521251
2023-03-31 00:00:00+00:00,8749681.486521251
2023-04-03 00:00:00+00:00,8749681.486521251
2023-04-04 00:00:00+00:00,8749681.486521251
2023-04-05 00:00:00+00:00,8749681.486521251
2023-04-06 00:00:00+00:00,8749681.486521251
2023-04-10 00:00:00+00:00,8749681.486521251
2023-04-11 00:00:00+00:00,8749681.486521251
2023-04-12 00:00:00+00:00,8749681.486521251
2023-04-13 00:00:00+00:00,8749681.486521251
2023-04-14 00:00:00+00:00,8749681.486521251
2023-04-17 00:00:00+00:00,8749681.486521251
2023-04-18 00:00:00+00:00,8749681.486521251
2023-04-19 00:00:00+00:00,8749681.486521251
2023-04-20 00:00:00+00:00,8749681.486521251
2023-04-21 00:00:00+00:00,8749681.486521251
2023-04-24 00:00:00+00:00,8749681.486521251
2023-04-25 00:00:00+00:00,8749681.486521251
2023-04-26 00:00:00+00:00,8749681.486521251
2023-04-27 00:00:00+00:00,8749681.486521251
2023-04-28 00:00:00+00:00,8749681.486521251
2023-05-01 00:00:00+00:00,8749681.486521251
2023-05-02 00:00:00+00:00,8749681.486521251
2023-05-03 00:00:00+00:00,8749681.486521251
2023-05-04 00:00:00+00:00,8749681.486521251
2023-05-05 00:00:00+00:00,8749681.486521251
2023-05-08 00:00:00+00:00,8749681.486521251
2023-05-09 00:00:00+00:00,8749681.486521251
2023-05-10 00:00:00+00:00,8749681.486521251
2023-05-11 00:00:00+00:00,8749681.486521251
2023-05-12 00:00:00+00:00,8749681.486521251
2023-05-15 00:00:00+00:00,8749681.486521251
2023-05-16 00:00:00+00:00,8749681.486521251
2023-05-17 00:00:00+00:00,8749681.486521251
2023-05-18 00:00:00+00:00,8749681.486521251
2023-05-19 00:00:00+00:00,8749681.486521251
2023-05-22 00:00:00+00:00,8749681.486521251
2023-05-23 00:00:00+00:00,8749681.486521251
2023-05-24 00:00:00+00:00,8749681.486521251
2023-05-25 00:00:00+00:00,8749681.486521251
2023-05-26 00:00:00+00:00,8749681.486521251
2023-05-29 00:00:00+00:00,8749681.486521251
2023-05-30 00:00:00+00:00,8749681.486521251
2023-05-31 00:00:00+00:00,8749681.486521251
2023-06-01 00:00:00+00:00,8749681.486521251
2023-06-02 00:00:00+00:00,8749681.486521251
2023-06-05 00:00:00+00:00,8749681.486521251
2023-06-06 00:00:00+00:00,8749681.486521251
2023-06-07 00:00:00+00:00,8749681.486521251
2023-06-08 00:00:00+00:00,8749681.486521251
2023-06-09 00:00:00+00:00,8749681.486521251
2023-06-12 00:00:00+00:00,8749681.486521251
2023-06-13 00:00:00+00:00,8749681.486521251
2023-06-14 00:00:00+00:00,8749681.486521251
2023-06-15 00:00:00+00:00,8749681.486521251
2023-06-16 00:00:00+00:00,8749681.486521251
2023-06-19 00:00:00+00:00,8749681.486521251
2023-06-20 00:00:00+00:00,8749681.486521251
2023-06-21 00:00:00+00:00,8749681.486521251
2023-06-22 00:00:00+00:00,8749681.486521251
2023-06-23 00:00:00+00:00,8749681.486521251
2023-06-26 00:00:00+00:00,8749681.486521251
2023-06-27 00:00:00+00:00,8749681.486521251
2023-06-28 00:00:00+00:00,8749681.486521251
2023-06-29 00:00:00+00:00,8749681.486521251
2023-06-30 00:00:00+00:00,8749681.486521251
2023-07-03 00:00:00+00:00,8749681.486521251
2023-07-04 00:00:00+00:00,8749681.486521251
2023-07-05 00:00:00+00:00,8749681.486521251
2023-07-06 00:00:00+00:00,8749681.486521251
2023-07-07 00:00:00+00:00,8749681.486521251
2023-07-10 00:00:00+00:00,8749681.486521251
2023-07-11 00:00:00+00:00,8749681.486521251
2023-07-12 00:00:00+00:00,8749681.486521251
2023-07-13 00:00:00+00:00,8749681.486521251
2023-07-14 00:00:00+00:00,8749681.486521251
2023-07-17 00:00:00+00:00,8749681.486521251
2023-07-18 00:00:00+00:00,8749681.486521251
2023-07-19 00:00:00+00:00,8749681.486521251
2023-07-20 00:00:00+00:00,8749681.486521251
2023-07-21 00:00:00+00:00,8749681.486521251
2023-07-24 00:00:00+00:00,8749681.486521251
2023-07-25 00:00:00+00:00,8749681.486521251
2023-07-26 00:00:00+00:00,8749681.486521251
2023-07-27 00:00:00+00:00,8749681.486521251
2023-07-28 00:00:00+00:00,8749681.486521251
2023-07-31 00:00:00+00:00,8749681.486521251
2023-08-01 00:00:00+00:00,8749681.486521251
2023-08-02 00:00:00+00:00,8749681.486521251
2023-08-03 00:00:00+00:00,8749681.486521251
2023-08-04 00:00:00+00:00,8749681.486521251
2023-08-07 00:00:00+00:00,8749681.486521251
2023-08-08 00:00:00+00:00,8749681.486521251
2023-08-09 00:00:00+00:00,8749681.486521251
2023-08-10 00:00:00+00:00,8749681.486521251
2023-08-11 00:00:00+00:00,8749681.486521251
2023-08-14 00:00:00+00:00,8749681.486521251
2023-08-15 00:00:00+00:00,8749681.486521251
2023-08-16 00:00:00+00:00,8749681.486521251
2023-08-17 00:00:00+00:00,8749681.486521251
2023-08-18 00:00:00+00:00,8749681.486521251
2023-08-21 00:00:00+00:00,8749681.486521251
2023-08-22 00:00:00+00:00,8749681.486521251
2023-08-23 00:00:00+00:00,8749681.486521251
2023-08-24 00:00:00+00:00,8749681.486521251
2023-08-25 00:00:00+00:00,8749681.486521251
2023-08-28 00:00:00+00:00,8749681.486521251
2023-08-29 00:00:00+00:00,8749681.486521251
2023-08-30 00:00:00+00:00,8749681.486521251
2023-08-31 00:00:00+00:00,8749681.486521251
2023-09-01 00:00:00+00:00,8749681.486521251
2023-09-04 00:00:00+00:00,8749681.486521251
2023-09-05 00:00:00+00:00,8749681.486521251
2023-09-06 00:00:00+00:00,8749681.486521251
2023-09-07 00:00:00+00:00,8749681.486521251
2023-09-08 00:00:00+00:00,8749681.486521251
2023-09-11 00:00:00+00:00,8749681.486521251
2023-09-12 00:00:00+00:00,8749681.486521251
2023-09-13 00:00:00+00:00,8749681.486521251
2023-09-14 00:00:00+00:00,8749681.486521251
2023-09-15 00:00:00+00:00,8749681.486521251
2023-09-18 00:00:00+00:00,8749681.486521251
2023-09-19 00:00:00+00:00,8749681.486521251
2023-09-20 00:00:00+00:00,8749681.486521251
2023-09-21 00:00:00+00:00,8749681.486521251
2023-09-22 00:00:00+00:00,8749681.486521251
2023-09-25 00:00:00+00:00,8749681.486521251
2023-09-26 00:00:00+00:00,8749681.486521251
2023-09-27 00:00:00+00:00,8749681.486521251
2023-09-28 00:00:00+00:00,8749681.486521251
2023-09-29 00:00:00+00:00,8749681.486521251
2023-10-02 00:00:00+00:00,8749681.486521251
2023-10-03 00:00:00+00:00,8749681.486521251
2023-10-04 00:00:00+00:00,8749681.486521251
2023-10-05 00:00:00+00:00,8749681.486521251
2023-10-06 00:00:00+00:00,8749681.486521251
2023-10-09 00:00:00+00:00,8749681.486521251
2023-10-10 00:00:00+00:00,8749681.486521251
2023-10-11 00:00:00+00:00,8749681.486521251
2023-10-12 00:00:00+00:00,8749681.486521251
2023-10-13 00:00:00+00:00,8749681.486521251
2023-10-16 00:00:00+00:00,8749681.486521251
2023-10-17 00:00:00+00:00,8749681.486521251
2023-10-18 00:00:00+00:00,8749681.486521251
2023-10-19 00:00:00+00:00,8749681.486521251
2023-10-20 00:00:00+00:00,8749681.486521251
2023-10-23 00:00:00+00:00,8749681.486521251
2023-10-24 00:00:00+00:00,8749681.486521251
2023-10-25 00:00:00+00:00,8749681.486521251
2023-10-26 00:00:00+00:00,8749681.486521251
2023-10-27 00:00:00+00:00,8749681.486521251
2023-10-30 00:00:00+00:00,8749681.486521251
2023-10-31 00:00:00+00:00,8749681.486521251
2023-11-01 00:00:00+00:00,8749681.486521251
2023-11-02 00:00:00+00:00,8749681.486521251
2023-11-03 00:00:00+00:00,8749681.486521251
2023-11-06 00:00:00+00:00,8749681.486521251
2023-11-07 00:00:00+00:00,8749681.486521251
2023-11-08 00:00:00+00:00,8749681.486521251
2023-11-09 00:00:00+00:00,8749681.486521251
2023-11-10 00:00:00+00:00,8749681.486521251
2023-11-13 00:00:00+00:00,8749681.486521251
2023-11-14 00:00:00+00:00,8749681.486521251
2023-11-15 00:00:00+00:00,8749681.486521251
2023-11-16 00:00:00+00:00,8749681.486521251
2023-11-17 00:00:00+00:00,8749681.486521251
2023-11-20 00:00:00+00:00,8749681.486521251
2023-11-21 00:00:00+00:00,8749681.486521251
2023-11-22 00:00:00+00:00,8749681.486521251
2023-11-23 00:00:00+00:00,8749681.486521251
2023-11-24 00:00:00+00:00,8749681.486521251
2023-11-27 00:00:00+00:00,8749681.486521251
2023-11-28 00:00:00+00:00,8749681.486521251
2023-11-29 00:00:00+00:00,8749681.486521251
2023-11-30 00:00:00+00:00,8749681.486521251
2023-12-01 00:00:00+00:00,8749681.486521251
2023-12-04 00:00:00+00:00,8749681.486521251
2023-12-05 00:00:00+00:00,8749681.486521251
2023-12-06 00:00:00+00:00,8749681.486521251
2023-12-07 00:00:00+00:00,8749681.486521251
2023-12-08 00:00:00+00:00,8749681.486521251
2023-12-11 00:00:00+00:00,8749681.486521251
2023-12-12 00:00:00+00:00,8749681.486521251
2023-12-13 00:00:00+00:00,8749681.486521251
2023-12-14 00:00:00+00:00,8749681.486521251
2023-12-15 00:00:00+00:00,8749681.486521251
2023-12-18 00:00:00+00:00,8749681.486521251
2023-12-19 00:00:00+00:00,8749681.486521251
2023-12-20 00:00:00+00:00,8749681.486521251
2023-12-21 00:00:00+00:00,8749681.486521251
2023-12-22 00:00:00+00:00,8749681.486521251
2023-12-26 00:00:00+00:00,8749681.486521251
2023-12-27 00:00:00+00:00,8749681.486521251
2023-12-28 00:00:00+00:00,8749681.486521251
2023-12-29 00:00:00+00:00,8749681.486521251
2024-01-01 00:00:00+00:00,8749681.486521251
2024-01-02 00:00:00+00:00,8749681.486521251
2024-01-03 00:00:00+00:00,8749681.486521251
2024-01-04 00:00:00+00:00,8749681.486521251
2024-01-05 00:00:00+00:00,8749681.486521251
2024-01-08 00:00:00+00:00,8749681.486521251
2024-01-09 00:00:00+00:00,8749681.486521251
2024-01-10 00:00:00+00:00,8749681.486521251
2024-01-11 00:00:00+00:00,8749681.486521251
2024-01-12 00:00:00+00:00,8749681.486521251
2024-01-15 00:00:00+00:00,8749681.486521251
2024-01-16 00:00:00+00:00,8749681.486521251
2024-01-17 00:00:00+00:00,8749681.486521251
2024-01-18 00:00:00+00:00,8749681.486521251
2024-01-19 00:00:00+00:00,8749681.486521251
2024-01-22 00:00:00+00:00,8749681.486521251
2024-01-23 00:00:00+00:00,8749681.486521251
2024-01-24 00:00:00+00:00,8749681.486521251
2024-01-25 00:00:00+00:00,8749681.486521251
2024-01-26 00:00:00+00:00,8749681.486521251
2024-01-29 00:00:00+00:00,8749681.486521251
2024-01-30 00:00:00+00:00,8749681.486521251
2024-01-31 00:00:00+00:00,8749681.486521251
2024-02-01 00:00:00+00:00,8749681.486521251
2024-02-02 00:00:00+00:00,8749681.486521251
2024-02-05 00:00:00+00:00,8749681.486521251
2024-02-06 00:00:00+00:00,8749681.486521251
2024-02-07 00:00:00+00:00,8749681.486521251
2024-02-08 00:00:00+00:00,8749681.486521251
2024-02-09 00:00:00+00:00,8749681.486521251
2024-02-12 00:00:00+00:00,8749681.486521251
2024-02-13 00:00:00+00:00,8749681.486521251
2024-02-14 00:00:00+00:00,8749681.486521251
2024-02-15 00:00:00+00:00,8749681.486521251
2024-02-16 00:00:00+00:00,8749681.486521251
2024-02-19 00:00:00+00:00,8749681.486521251
2024-02-20 00:00:00+00:00,8749681.486521251
2024-02-21 00:00:00+00:00,8749681.486521251
2024-02-22 00:00:00+00:00,8749681.486521251
2024-02-23 00:00:00+00:00,8749681.486521251
2024-02-26 00:00:00+00:00,8749681.486521251
2024-02-27 00:00:00+00:00,8749681.486521251
2024-02-28 00:00:00+00:00,8749681.486521251
2024-02-29 00:00:00+00:00,8749681.486521251
2024-03-01 00:00:00+00:00,8749681.486521251
2024-03-04 00:00:00+00:00,8749681.486521251
2024-03-05 00:00:00+00:00,8749681.486521251
2024-03-06 00:00:00+00:00,8749681.486521251
2024-03-07 00:00:00+00:00,8749681.486521251
2024-03-08 00:00:00+00:00,8749681.486521251
2024-03-11 00:00:00+00:00,8749681.486521251
2024-03-12 00:00:00+00:00,8749681.486521251
2024-03-13 00:00:00+00:00,8749681.486521251
2024-03-14 00:00:00+00:00,8749681.486521251
2024-03-15 00:00:00+00:00,8749681.486521251
2024-03-18 00:00:00+00:00,8749681.486521251
2024-03-19 00:00:00+00:00,8749681.486521251
2024-03-20 00:00:00+00:00,8749681.486521251
2024-03-21 00:00:00+00:00,8749681.486521251
2024-03-22 00:00:00+00:00,8749681.486521251
2024-03-25 00:00:00+00:00,8749681.486521251
2024-03-26 00:00:00+00:00,8749681.486521251
2024-03-27 00:00:00+00:00,8749681.486521251
2024-03-28 00:00:00+00:00,8749681.486521251
2024-04-01 00:00:00+00:00,8749681.486521251
2024-04-02 00:00:00+00:00,8749681.486521251
2024-04-03 00:00:00+00:00,8749681.486521251
2024-04-04 00:00:00+00:00,8749681.486521251
2024-04-05 00:00:00+00:00,8749681.486521251
2024-04-08 00:00:00+00:00,8749681.486521251
2024-04-09 00:00:00+00:00,8749681.486521251
2024-04-10 00:00:00+00:00,8749681.486521251
2024-04-11 00:00:00+00:00,8749681.486521251
2024-04-12 00:00:00+00:00,8749681.486521251
2024-04-15 00:00:00+00:00,8749681.486521251
2024-04-16 00:00:00+00:00,8749681.486521251
2024-04-17 00:00:00+00:00,8749681.486521251
2024-04-18 00:00:00+00:00,8749681.486521251
2024-04-19 00:00:00+00:00,8749681.486521251
2024-04-22 00:00:00+00:00,8749681.486521251
2024-04-23 00:00:00+00:00,8749681.486521251
2024-04-24 00:00:00+00:00,8749681.486521251
2024-04-25 00:00:00+00:00,8749681.486521251
2024-04-26 00:00:00+00:00,8749681.486521251
2024-04-29 00:00:00+00:00,8749681.486521251
2024-04-30 00:00:00+00:00,8749681.486521251
2024-05-01 00:00:00+00:00,8749681.486521251
2024-05-02 00:00:00+00:00,8749681.486521251
2024-05-03 00:00:00+00:00,8749681.486521251
2024-05-06 00:00:00+00:00,8749681.486521251
2024-05-07 00:00:00+00:00,8749681.486521251
2024-05-08 00:00:00+00:00,8749681.486521251
2024-05-09 00:00:00+00:00,8749681.486521251
2024-05-10 00:00:00+00:00,8749681.486521251
2024-05-13 00:00:00+00:00,8749681.486521251
2024-05-14 00:00:00+00:00,8749681.486521251
2024-05-15 00:00:00+00:00,8749681.486521251
2024-05-16 00:00:00+00:00,8749681.486521251
2024-05-17 00:00:00+00:00,8749681.486521251
2024-05-20 00:00:00+00:00,8749681.486521251
2024-05-21 00:00:00+00:00,8749681.486521251
2024-05-22 00:00:00+00:00,8749681.486521251
2024-05-23 00:00:00+00:00,8749681.486521251
2024-05-24 00:00:00+00:00,8749681.486521251
2024-05-27 00:00:00+00:00,8749681.486521251
2024-05-28 00:00:00+00:00,8749681.486521251
2024-05-29 00:00:00+00:00,8749681.486521251
2024-05-30 00:00:00+00:00,8749681.486521251
2024-05-31 00:00:00+00:00,8749681.486521251
2024-06-03 00:00:00+00:00,8749681.486521251
2024-06-04 00:00:00+00:00,8749681.486521251
2024-06-05 00:00:00+00:00,8749681.486521251
2024-06-06 00:00:00+00:00,8749681.486521251
2024-06-07 00:00:00+00:00,8749681.486521251
2024-06-10 00:00:00+00:00,8749681.486521251
2024-06-11 00:00:00+00:00,8749681.486521251
2024-06-12 00:00:00+00:00,8749681.486521251
2024-06-13 00:00:00+00:00,8749681.486521251
2024-06-14 00:00:00+00:00,8749681.486521251
2024-06-17 00:00:00+00:00,8749681.486521251
2024-06-18 00:00:00+00:00,8749681.486521251
2024-06-19 00:00:00+00:00,8749681.486521251
2024-06-20 00:00:00+00:00,8749681.486521251
2024-06-21 00:00:00+00:00,8749681.486521251
2024-06-24 00:00:00+00:00,8749681.486521251
2024-06-25 00:00:00+00:00,8749681.486521251
2024-06-26 00:00:00+00:00,8749681.486521251
2024-06-27 00:00:00+00:00,8749681.486521251
2024-06-28 00:00:00+00:00,8749681.486521251
2024-07-01 00:00:00+00:00,8749681.486521251
2024-07-02 00:00:00+00:00,8749681.486521251
2024-07-03 00:00:00+00:00,8749681.486521251
2024-07-04 00:00:00+00:00,8749681.486521251
2024-07-05 00:00:00+00:00,8749681.486521251
2024-07-08 00:00:00+00:00,8749681.486521251
2024-07-09 00:00:00+00:00,8749681.486521251
2024-07-10 00:00:00+00:00,8749681.486521251
2024-07-11 00:00:00+00:00,8749681.486521251
2024-07-12 00:00:00+00:00,8749681.486521251
2024-07-15 00:00:00+00:00,8749681.486521251
2024-07-16 00:00:00+00:00,8749681.486521251
2024-07-17 00:00:00+00:00,8749681.486521251
2024-07-18 00:00:00+00:00,8749681.486521251
2024-07-19 00:00:00+00:00,8749681.486521251
2024-07-22 00:00:00+00:00,8749681.486521251
2024-07-23 00:00:00+00:00,8749681.486521251
2024-07-24 00:00:00+00:00,8749681.486521251
2024-07-25 00:00:00+00:00,8749681.486521251
2024-07-26 00:00:00+00:00,8749681.486521251
2024-07-29 00:00:00+00:00,8749681.486521251
2024-07-30 00:00:00+00:00,8749681.486521251
2024-07-31 00:00:00+00:00,8749681.486521251
2024-08-01 00:00:00+00:00,8749681.486521251
2024-08-02 00:00:00+00:00,8749681.486521251
2024-08-05 00:00:00+00:00,8749681.486521251
2024-08-06 00:00:00+00:00,8749681.486521251
2024-08-07 00:00:00+00:00,8749681.486521251
2024-08-08 00:00:00+00:00,8749681.486521251
2024-08-09 00:00:00+00:00,8749681.486521251
2024-08-12 00:00:00+00:00,8749681.486521251
2024-08-13 00:00:00+00:00,8749681.486521251
2024-08-14 00:00:00+00:00,8749681.486521251
2024-08-15 00:00:00+00:00,8749681.486521251
2024-08-16 00:00:00+00:00,8749681.486521251
2024-08-19 00:00:00+00:00,8749681.486521251
2024-08-20 00:00:00+00:00,8749681.486521251
2024-08-21 00:00:00+00:00,8749681.486521251
2024-08-22 00:00:00+00:00,8749681.486521251
2024-08-23 00:00:00+00:00,8749681.486521251
2024-08-26 00:00:00+00:00,8749681.486521251
2024-08-27 00:00:00+00:00,8749681.486521251
2024-08-28 00:00:00+00:00,8749681.486521251
2024-08-29 00:00:00+00:00,8749681.486521251
2024-08-30 00:00:00+00:00,8749681.486521251
2024-09-02 00:00:00+00:00,8749681.486521251
2024-09-03 00:00:00+00:00,8749681.486521251
2024-09-04 00:00:00+00:00,8749681.486521251
2024-09-05 00:00:00+00:00,8749681.486521251
2024-09-06 00:00:00+00:00,8749681.486521251
2024-09-09 00:00:00+00:00,8749681.486521251
2024-09-10 00:00:00+00:00,8749681.486521251
2024-09-11 00:00:00+00:00,8749681.486521251
2024-09-12 00:00:00+00:00,8749681.486521251
2024-09-13 00:00:00+00:00,8749681.486521251
2024-09-16 00:00:00+00:00,8749681.486521251
2024-09-17 00:00:00+00:00,8749681.486521251
2024-09-18 00:00:00+00:00,8749681.486521251
2024-09-19 00:00:00+00:00,8749681.486521251
2024-09-20 00:00:00+00:00,8749681.486521251
2024-09-23 00:00:00+00:00,8749681.486521251
2024-09-24 00:00:00+00:00,8749681.486521251
2024-09-25 00:00:00+00:00,8749681.486521251
2024-09-26 00:00:00+00:00,8749681.486521251
2024-09-27 00:00:00+00:00,8749681.486521251
2024-09-30 00:00:00+00:00,8749681.486521251
2024-10-01 00:00:00+00:00,8749681.486521251
2024-10-02 00:00:00+00:00,8749681.486521251
2024-10-03 00:00:00+00:00,8749681.486521251
2024-10-04 00:00:00+00:00,8749681.486521251
2024-10-07 00:00:00+00:00,8749681.486521251
2024-10-08 00:00:00+00:00,8749681.486521251
2024-10-09 00:00:00+00:00,8749681.486521251
2024-10-10 00:00:00+00:00,8749681.486521251
2024-10-11 00:00:00+00:00,8749681.486521251
2024-10-14 00:00:00+00:00,8749681.486521251
2024-10-15 00:00:00+00:00,8749681.486521251
2024-10-16 00:00:00+00:00,8749681.486521251
2024-10-17 00:00:00+00:00,8749681.486521251
2024-10-18 00:00:00+00:00,8749681.486521251
2024-10-21 00:00:00+00:00,8749681.486521251
2024-10-22 00:00:00+00:00,8749681.486521251
2024-10-23 00:00:00+00:00,8749681.486521251
2024-10-24 00:00:00+00:00,8749681.486521251
2024-10-25 00:00:00+00:00,8749681.486521251
2024-10-28 00:00:00+00:00,8749681.486521251
2024-10-29 00:00:00+00:00,8749681.486521251
2024-10-30 00:00:00+00:00,8749681.486521251
2024-10-31 00:00:00+00:00,8749681.486521251
2024-11-01 00:00:00+00:00,8749681.486521251
2024-11-04 00:00:00+00:00,8749681.486521251
2024-11-05 00:00:00+00:00,8749681.486521251
2024-11-06 00:00:00+00:00,8749681.486521251
2024-11-07 00:00:00+00:00,8749681.486521251
2024-11-08 00:00:00+00:00,8749681.486521251
2024-11-11 00:00:00+00:00,8749681.486521251
2024-11-12 00:00:00+00:00,8749681.486521251
2024-11-13 00:00:00+00:00,8749681.486521251
2024-11-14 00:00:00+00:00,8749681.486521251
2024-11-15 00:00:00+00:00,8749681.486521251
2024-11-18 00:00:00+00:00,8749681.486521251
2024-11-19 00:00:00+00:00,8749681.486521251
2024-11-20 00:00:00+00:00,8749681.486521251
2024-11-21 00:00:00+00:00,8749681.486521251
2024-11-22 00:00:00+00:00,8749681.486521251
2024-11-25 00:00:00+00:00,8749681.486521251
2024-11-26 00:00:00+00:00,8749681.486521251
2024-11-27 00:00:00+00:00,8749681.486521251
2024-11-28 00:00:00+00:00,8749681.486521251
2024-11-29 00:00:00+00:00,8749681.486521251
2024-12-02 00:00:00+00:00,8749681.486521251
2024-12-03 00:00:00+00:00,8749681.486521251
2024-12-04 00:00:00+00:00,8749681.486521251
2024-12-05 00:00:00+00:00,8749681.486521251
2024-12-06 00:00:00+00:00,8749681.486521251
2024-12-09 00:00:00+00:00,8749681.486521251
2024-12-10 00:00:00+00:00,8749681.486521251
2024-12-11 00:00:00+00:00,8749681.486521251
2024-12-12 00:00:00+00:00,8749681.486521251
2024-12-13 00:00:00+00:00,8749681.486521251
2024-12-16 00:00:00+00:00,8749681.486521251
2024-12-17 00:00:00+00:00,8749681.486521251
2024-12-18 00:00:00+00:00,8749681.486521251
2024-12-19 00:00:00+00:00,8749681.486521251
2024-12-20 00:00:00+00:00,8749681.486521251
2024-12-23 00:00:00+00:00,8749681.486521251
2024-12-24 00:00:00+00:00,8749681.486521251
2024-12-26 00:00:00+00:00,8749681.486521251
2024-12-27 00:00:00+00:00,8749681.486521251
2024-12-30 00:00:00+00:00,8749681.486521251
2024-12-31 00:00:00+00:00,8749681.486521251
