timestamp,equity,cash,gross_exposure,net_exposure,long_exposure,short_exposure,open_positions,drawdown,drawdown_halt_active,daily_halt_active,risk_rejects,stop_triggers
2000-01-03 00:00:00+00:00,10000000.0,10000000.0,0.0,0.0,0.0,0.0,0,0.0,False,False,0,0
2000-01-04 00:00:00+00:00,10000000.0,10000000.0,0.0,0.0,0.0,0.0,0,0.0,False,False,0,0
2000-01-05 00:00:00+00:00,10000000.0,10000000.0,0.0,0.0,0.0,0.0,0,0.0,False,False,0,0
2000-01-06 00:00:00+00:00,10000000.0,10000000.0,0.0,0.0,0.0,0.0,0,0.0,False,False,0,0
2000-01-07 00:00:00+00:00,10000000.0,10000000.0,0.0,0.0,0.0,0.0,0,0.0,False,False,0,0
2000-01-10 00:00:00+00:00,10000000.0,10000000.0,0.0,0.0,0.0,0.0,0,0.0,False,False,0,0
2000-01-11 00:00:00+00:00,10000000.0,10000000.0,0.0,0.0,0.0,0.0,0,0.0,False,False,0,0
2000-01-12 00:00:00+00:00,10000000.0,10000000.0,0.0,0.0,0.0,0.0,0,0.0,False,False,0,0
2000-01-13 00:00:00+00:00,10000000.0,10000000.0,0.0,0.0,0.0,0.0,0,0.0,False,False,0,0
2000-01-14 00:00:00+00:00,10000000.0,10000000.0,0.0,0.0,0.0,0.0,0,0.0,False,False,0,0
2000-01-17 00:00:00+00:00,10000000.0,10000000.0,0.0,0.0,0.0,0.0,0,0.0,False,False,0,0
2000-01-18 00:00:00+00:00,10000000.0,10000000.0,0.0,0.0,0.0,0.0,0,0.0,False,False,0,0
2000-01-19 00:00:00+00:00,10000000.0,10000000.0,0.0,0.0,0.0,0.0,0,0.0,False,False,0,0
2000-01-20 00:00:00+00:00,10000000.0,10000000.0,0.0,0.0,0.0,0.0,0,0.0,False,False,0,0
2000-01-21 00:00:00+00:00,10000000.0,10000000.0,0.0,0.0,0.0,0.0,0,0.0,False,False,0,0
2000-01-24 00:00:00+00:00,10000000.0,10000000.0,0.0,0.0,0.0,0.0,0,0.0,False,False,0,0
2000-01-25 00:00:00+00:00,10000000.0,10000000.0,0.0,0.0,0.0,0.0,0,0.0,False,False,0,0
2000-01-26 00:00:00+00:00,10000000.0,10000000.0,0.0,0.0,0.0,0.0,0,0.0,False,False,0,0
2000-01-27 00:00:00+00:00,10000000.0,10000000.0,0.0,0.0,0.0,0.0,0,0.0,False,False,0,0
2000-01-28 00:00:00+00:00,10000000.0,10000000.0,0.0,0.0,0.0,0.0,0,0.0,False,False,0,0
2000-01-31 00:00:00+00:00,10000000.0,10000000.0,0.0,0.0,0.0,0.0,0,0.0,False,False,0,0
2000-02-01 00:00:00+00:00,10000000.0,10000000.0,0.0,0.0,0.0,0.0,0,0.0,False,False,0,0
2000-02-02 00:00:00+00:00,10000000.0,10000000.0,0.0,0.0,0.0,0.0,0,0.0,False,False,0,0
2000-02-03 00:00:00+00:00,10000000.0,10000000.0,0.0,0.0,0.0,0.0,0,0.0,False,False,0,0
2000-02-04 00:00:00+00:00,10000000.0,10000000.0,0.0,0.0,0.0,0.0,0,0.0,False,False,0,0
2000-02-07 00:00:00+00:00,10000000.0,10000000.0,0.0,0.0,0.0,0.0,0,0.0,False,False,0,0
2000-02-08 00:00:00+00:00,10000000.0,10000000.0,0.0,0.0,0.0,0.0,0,0.0,False,False,0,0
2000-02-09 00:00:00+00:00,10000000.0,10000000.0,0.0,0.0,0.0,0.0,0,0.0,False,False,0,0
2000-02-10 00:00:00+00:00,10000000.0,10000000.0,0.0,0.0,0.0,0.0,0,0.0,False,False,0,0
2000-02-11 00:00:00+00:00,10000000.0,10000000.0,0.0,0.0,0.0,0.0,0,0.0,False,False,0,0
2000-02-14 00:00:00+00:00,10000000.0,10000000.0,0.0,0.0,0.0,0.0,0,0.0,False,False,0,0
2000-02-15 00:00:00+00:00,10000000.0,10000000.0,0.0,0.0,0.0,0.0,0,0.0,False,False,0,0
2000-02-16 00:00:00+00:00,10000000.0,10000000.0,0.0,0.0,0.0,0.0,0,0.0,False,False,0,0
2000-02-17 00:00:00+00:00,10000000.0,10000000.0,0.0,0.0,0.0,0.0,0,0.0,False,False,0,0
2000-02-18 00:00:00+00:00,10000000.0,10000000.0,0.0,0.0,0.0,0.0,0,0.0,False,False,0,0
2000-02-21 00:00:00+00:00,10000000.0,10000000.0,0.0,0.0,0.0,0.0,0,0.0,False,False,0,0
2000-02-22 00:00:00+00:00,10000000.0,10000000.0,0.0,0.0,0.0,0.0,0,0.0,False,False,0,0
2000-02-23 00:00:00+00:00,10000000.0,10000000.0,0.0,0.0,0.0,0.0,0,0.0,False,False,0,0
2000-02-24 00:00:00+00:00,10000000.0,10000000.0,0.0,0.0,0.0,0.0,0,0.0,False,False,0,0
2000-02-25 00:00:00+00:00,10000000.0,10000000.0,0.0,0.0,0.0,0.0,0,0.0,False,False,0,0
2000-02-28 00:00:00+00:00,10000000.0,10000000.0,0.0,0.0,0.0,0.0,0,0.0,False,False,0,0
2000-02-29 00:00:00+00:00,10000000.0,10000000.0,0.0,0.0,0.0,0.0,0,0.0,False,False,0,0
2000-03-01 00:00:00+00:00,10000000.0,10000000.0,0.0,0.0,0.0,0.0,0,0.0,False,False,0,0
2000-03-02 00:00:00+00:00,10000000.0,10000000.0,0.0,0.0,0.0,0.0,0,0.0,False,False,0,0
2000-03-03 00:00:00+00:00,10000000.0,10000000.0,0.0,0.0,0.0,0.0,0,0.0,False,False,0,0
2000-03-06 00:00:00+00:00,10000000.0,10000000.0,0.0,0.0,0.0,0.0,0,0.0,False,False,0,0
2000-03-07 00:00:00+00:00,10000000.0,10000000.0,0.0,0.0,0.0,0.0,0,0.0,False,False,0,0
2000-03-08 00:00:00+00:00,10000000.0,10000000.0,0.0,0.0,0.0,0.0,0,0.0,False,False,0,0
2000-03-09 00:00:00+00:00,10000000.0,10000000.0,0.0,0.0,0.0,0.0,0,0.0,False,False,0,0
2000-03-10 00:00:00+00:00,10000000.0,10000000.0,0.0,0.0,0.0,0.0,0,0.0,False,False,0,0
2000-03-13 00:00:00+00:00,10000000.0,10000000.0,0.0,0.0,0.0,0.0,0,0.0,False,False,0,0
2000-03-14 00:00:00+00:00,10000000.0,10000000.0,0.0,0.0,0.0,0.0,0,0.0,False,False,0,0
2000-03-15 00:00:00+00:00,10000000.0,10000000.0,0.0,0.0,0.0,0.0,0,0.0,False,False,0,0
2000-03-16 00:00:00+00:00,10000000.0,10000000.0,0.0,0.0,0.0,0.0,0,0.0,False,False,0,0
2000-03-17 00:00:00+00:00,10000000.0,10000000.0,0.0,0.0,0.0,0.0,0,0.0,False,False,0,0
2000-03-20 00:00:00+00:00,10000000.0,10000000.0,0.0,0.0,0.0,0.0,0,0.0,False,False,0,0
2000-03-21 00:00:00+00:00,10000000.0,10000000.0,0.0,0.0,0.0,0.0,0,0.0,False,False,0,0
2000-03-22 00:00:00+00:00,10000000.0,10000000.0,0.0,0.0,0.0,0.0,0,0.0,False,False,0,0
2000-03-23 00:00:00+00:00,10000000.0,10000000.0,0.0,0.0,0.0,0.0,0,0.0,False,False,0,0
2000-03-24 00:00:00+00:00,10000000.0,10000000.0,0.0,0.0,0.0,0.0,0,0.0,False,False,0,0
2000-03-27 00:00:00+00:00,10000000.0,10000000.0,0.0,0.0,0.0,0.0,0,0.0,False,False,0,0
2000-03-28 00:00:00+00:00,10000000.0,10000000.0,0.0,0.0,0.0,0.0,0,0.0,False,False,0,0
2000-03-29 00:00:00+00:00,10000000.0,10000000.0,0.0,0.0,0.0,0.0,0,0.0,False,False,0,0
2000-03-30 00:00:00+00:00,10000000.0,10000000.0,0.0,0.0,0.0,0.0,0,0.0,False,False,0,0
2000-03-31 00:00:00+00:00,10000000.0,10000000.0,0.0,0.0,0.0,0.0,0,0.0,False,False,0,0
2000-04-03 00:00:00+00:00,10000000.0,10000000.0,0.0,0.0,0.0,0.0,0,0.0,False,False,0,0
2000-04-04 00:00:00+00:00,10000000.0,10000000.0,0.0,0.0,0.0,0.0,0,0.0,False,False,0,0
2000-04-05 00:00:00+00:00,10000000.0,10000000.0,0.0,0.0,0.0,0.0,0,0.0,False,False,0,0
2000-04-06 00:00:00+00:00,10000000.0,10000000.0,0.0,0.0,0.0,0.0,0,0.0,False,False,0,0
2000-04-07 00:00:00+00:00,10000000.0,10000000.0,0.0,0.0,0.0,0.0,0,0.0,False,False,0,0
2000-04-10 00:00:00+00:00,10000000.0,10000000.0,0.0,0.0,0.0,0.0,0,0.0,False,False,0,0
2000-04-11 00:00:00+00:00,10000000.0,10000000.0,0.0,0.0,0.0,0.0,0,0.0,False,False,0,0
2000-04-12 00:00:00+00:00,10000000.0,10000000.0,0.0,0.0,0.0,0.0,0,0.0,False,False,0,0
2000-04-13 00:00:00+00:00,10000000.0,10000000.0,0.0,0.0,0.0,0.0,0,0.0,False,False,0,0
2000-04-14 00:00:00+00:00,10000000.0,10000000.0,0.0,0.0,0.0,0.0,0,0.0,False,False,0,0
2000-04-17 00:00:00+00:00,10000000.0,10000000.0,0.0,0.0,0.0,0.0,0,0.0,False,False,0,0
2000-04-18 00:00:00+00:00,10000000.0,10000000.0,0.0,0.0,0.0,0.0,0,0.0,False,False,0,0
2000-04-19 00:00:00+00:00,10000000.0,10000000.0,0.0,0.0,0.0,0.0,0,0.0,False,False,0,0
2000-04-20 00:00:00+00:00,10000000.0,10000000.0,0.0,0.0,0.0,0.0,0,0.0,False,False,0,0
2000-04-21 00:00:00+00:00,10000000.0,10000000.0,0.0,0.0,0.0,0.0,0,0.0,False,False,0,0
2000-04-24 00:00:00+00:00,10000000.0,10000000.0,0.0,0.0,0.0,0.0,0,0.0,False,False,0,0
2000-04-25 00:00:00+00:00,10000000.0,10000000.0,0.0,0.0,0.0,0.0,0,0.0,False,False,0,0
2000-04-26 00:00:00+00:00,10000000.0,10000000.0,0.0,0.0,0.0,0.0,0,0.0,False,False,0,0
2000-04-27 00:00:00+00:00,10000000.0,10000000.0,0.0,0.0,0.0,0.0,0,0.0,False,False,0,0
2000-04-28 00:00:00+00:00,10000000.0,10000000.0,0.0,0.0,0.0,0.0,0,0.0,False,False,0,0
2000-05-01 00:00:00+00:00,10000000.0,10000000.0,0.0,0.0,0.0,0.0,0,0.0,False,False,0,0
2000-05-02 00:00:00+00:00,10000000.0,10000000.0,0.0,0.0,0.0,0.0,0,0.0,False,False,0,0
2000-05-03 00:00:00+00:00,10000000.0,10000000.0,0.0,0.0,0.0,0.0,0,0.0,False,False,0,0
2000-05-04 00:00:00+00:00,10000000.0,10000000.0,0.0,0.0,0.0,0.0,0,0.0,False,False,0,0
2000-05-05 00:00:00+00:00,10000000.0,10000000.0,0.0,0.0,0.0,0.0,0,0.0,False,False,0,0
2000-05-08 00:00:00+00:00,10000000.0,10000000.0,0.0,0.0,0.0,0.0,0,0.0,False,False,0,0
2000-05-09 00:00:00+00:00,10000000.0,10000000.0,0.0,0.0,0.0,0.0,0,0.0,False,False,0,0
2000-05-10 00:00:00+00:00,10000000.0,10000000.0,0.0,0.0,0.0,0.0,0,0.0,False,False,0,0
2000-05-11 00:00:00+00:00,10000000.0,10000000.0,0.0,0.0,0.0,0.0,0,0.0,False,False,0,0
2000-05-12 00:00:00+00:00,10000000.0,10000000.0,0.0,0.0,0.0,0.0,0,0.0,False,False,0,0
2000-05-15 00:00:00+00:00,10000000.0,10000000.0,0.0,0.0,0.0,0.0,0,0.0,False,False,0,0
2000-05-16 00:00:00+00:00,10000000.0,10000000.0,0.0,0.0,0.0,0.0,0,0.0,False,False,0,0
2000-05-17 00:00:00+00:00,10000000.0,10000000.0,0.0,0.0,0.0,0.0,0,0.0,False,False,0,0
2000-05-18 00:00:00+00:00,10000000.0,10000000.0,0.0,0.0,0.0,0.0,0,0.0,False,False,0,0
2000-05-19 00:00:00+00:00,10000000.0,10000000.0,0.0,0.0,0.0,0.0,0,0.0,False,False,0,0
2000-05-22 00:00:00+00:00,10000000.0,10000000.0,0.0,0.0,0.0,0.0,0,0.0,False,False,0,0
2000-05-23 00:00:00+00:00,10000000.0,10000000.0,0.0,0.0,0.0,0.0,0,0.0,False,False,0,0
2000-05-24 00:00:00+00:00,10000000.0,10000000.0,0.0,0.0,0.0,0.0,0,0.0,False,False,0,0
2000-05-25 00:00:00+00:00,10000000.0,10000000.0,0.0,0.0,0.0,0.0,0,0.0,False,False,0,0
2000-05-26 00:00:00+00:00,10000000.0,10000000.0,0.0,0.0,0.0,0.0,0,0.0,False,False,0,0
2000-05-29 00:00:00+00:00,10000000.0,10000000.0,0.0,0.0,0.0,0.0,0,0.0,False,False,0,0
2000-05-30 00:00:00+00:00,10000000.0,10000000.0,0.0,0.0,0.0,0.0,0,0.0,False,False,0,0
2000-05-31 00:00:00+00:00,10000000.0,10000000.0,0.0,0.0,0.0,0.0,0,0.0,False,False,0,0
2000-06-01 00:00:00+00:00,10000000.0,10000000.0,0.0,0.0,0.0,0.0,0,0.0,False,False,0,0
2000-06-02 00:00:00+00:00,10000000.0,10000000.0,0.0,0.0,0.0,0.0,0,0.0,False,False,0,0
2000-06-05 00:00:00+00:00,10000000.0,10000000.0,0.0,0.0,0.0,0.0,0,0.0,False,False,0,0
2000-06-06 00:00:00+00:00,10000000.0,10000000.0,0.0,0.0,0.0,0.0,0,0.0,False,False,0,0
2000-06-07 00:00:00+00:00,10000000.0,10000000.0,0.0,0.0,0.0,0.0,0,0.0,False,False,0,0
2000-06-08 00:00:00+00:00,10000000.0,10000000.0,0.0,0.0,0.0,0.0,0,0.0,False,False,0,0
2000-06-09 00:00:00+00:00,10000000.0,10000000.0,0.0,0.0,0.0,0.0,0,0.0,False,False,0,0
2000-06-12 00:00:00+00:00,10000000.0,10000000.0,0.0,0.0,0.0,0.0,0,0.0,False,False,0,0
2000-06-13 00:00:00+00:00,10000000.0,10000000.0,0.0,0.0,0.0,0.0,0,0.0,False,False,0,0
2000-06-14 00:00:00+00:00,10000000.0,10000000.0,0.0,0.0,0.0,0.0,0,0.0,False,False,0,0
2000-06-15 00:00:00+00:00,10000000.0,10000000.0,0.0,0.0,0.0,0.0,0,0.0,False,False,0,0
2000-06-16 00:00:00+00:00,10000000.0,10000000.0,0.0,0.0,0.0,0.0,0,0.0,False,False,0,0
2000-06-19 00:00:00+00:00,10000000.0,10000000.0,0.0,0.0,0.0,0.0,0,0.0,False,False,0,0
2000-06-20 00:00:00+00:00,10000000.0,10000000.0,0.0,0.0,0.0,0.0,0,0.0,False,False,0,0
2000-06-21 00:00:00+00:00,10000000.0,10000000.0,0.0,0.0,0.0,0.0,0,0.0,False,False,0,0
2000-06-22 00:00:00+00:00,10000000.0,10000000.0,0.0,0.0,0.0,0.0,0,0.0,False,False,0,0
2000-06-23 00:00:00+00:00,10000000.0,10000000.0,0.0,0.0,0.0,0.0,0,0.0,False,False,0,0
2000-06-26 00:00:00+00:00,10000000.0,10000000.0,0.0,0.0,0.0,0.0,0,0.0,False,False,0,0
2000-06-27 00:00:00+00:00,10000000.0,10000000.0,0.0,0.0,0.0,0.0,0,0.0,False,False,0,0
2000-06-28 00:00:00+00:00,10000000.0,10000000.0,0.0,0.0,0.0,0.0,0,0.0,False,False,0,0
2000-06-29 00:00:00+00:00,10000000.0,10000000.0,0.0,0.0,0.0,0.0,0,0.0,False,False,0,0
2000-06-30 00:00:00+00:00,10000000.0,10000000.0,0.0,0.0,0.0,0.0,0,0.0,False,False,0,0
2000-07-03 00:00:00+00:00,10000000.0,10000000.0,0.0,0.0,0.0,0.0,0,0.0,False,False,0,0
2000-07-04 00:00:00+00:00,10000000.0,10000000.0,0.0,0.0,0.0,0.0,0,0.0,False,False,0,0
2000-07-05 00:00:00+00:00,10000000.0,10000000.0,0.0,0.0,0.0,0.0,0,0.0,False,False,0,0
2000-07-06 00:00:00+00:00,10000000.0,10000000.0,0.0,0.0,0.0,0.0,0,0.0,False,False,0,0
2000-07-07 00:00:00+00:00,10000000.0,10000000.0,0.0,0.0,0.0,0.0,0,0.0,False,False,0,0
2000-07-10 00:00:00+00:00,10000000.0,10000000.0,0.0,0.0,0.0,0.0,0,0.0,False,False,0,0
2000-07-11 00:00:00+00:00,10000000.0,10000000.0,0.0,0.0,0.0,0.0,0,0.0,False,False,0,0
2000-07-12 00:00:00+00:00,10000000.0,10000000.0,0.0,0.0,0.0,0.0,0,0.0,False,False,0,0
2000-07-13 00:00:00+00:00,10000000.0,10000000.0,0.0,0.0,0.0,0.0,0,0.0,False,False,0,0
2000-07-14 00:00:00+00:00,10000000.0,10000000.0,0.0,0.0,0.0,0.0,0,0.0,False,False,0,0
2000-07-17 00:00:00+00:00,10000000.0,10000000.0,0.0,0.0,0.0,0.0,0,0.0,False,False,0,0
2000-07-18 00:00:00+00:00,10000000.0,10000000.0,0.0,0.0,0.0,0.0,0,0.0,False,False,0,0
2000-07-19 00:00:00+00:00,10000000.0,10000000.0,0.0,0.0,0.0,0.0,0,0.0,False,False,0,0
2000-07-20 00:00:00+00:00,10000000.0,10000000.0,0.0,0.0,0.0,0.0,0,0.0,False,False,0,0
2000-07-21 00:00:00+00:00,10000000.0,10000000.0,0.0,0.0,0.0,0.0,0,0.0,False,False,0,0
2000-07-24 00:00:00+00:00,10000000.0,10000000.0,0.0,0.0,0.0,0.0,0,0.0,False,False,0,0
2000-07-25 00:00:00+00:00,10000000.0,10000000.0,0.0,0.0,0.0,0.0,0,0.0,False,False,0,0
2000-07-26 00:00:00+00:00,10000000.0,10000000.0,0.0,0.0,0.0,0.0,0,0.0,False,False,0,0
2000-07-27 00:00:00+00:00,10000000.0,10000000.0,0.0,0.0,0.0,0.0,0,0.0,False,False,0,0
2000-07-28 00:00:00+00:00,10000000.0,10000000.0,0.0,0.0,0.0,0.0,0,0.0,False,False,0,0
2000-07-31 00:00:00+00:00,10000000.0,10000000.0,0.0,0.0,0.0,0.0,0,0.0,False,False,0,0
2000-08-01 00:00:00+00:00,10000000.0,10000000.0,0.0,0.0,0.0,0.0,0,0.0,False,False,0,0
2000-08-02 00:00:00+00:00,10000000.0,10000000.0,0.0,0.0,0.0,0.0,0,0.0,False,False,0,0
2000-08-03 00:00:00+00:00,10000000.0,10000000.0,0.0,0.0,0.0,0.0,0,0.0,False,False,0,0
2000-08-04 00:00:00+00:00,10000000.0,10000000.0,0.0,0.0,0.0,0.0,0,0.0,False,False,0,0
2000-08-07 00:00:00+00:00,10000000.0,10000000.0,0.0,0.0,0.0,0.0,0,0.0,False,False,0,0
2000-08-08 00:00:00+00:00,10000000.0,10000000.0,0.0,0.0,0.0,0.0,0,0.0,False,False,0,0
2000-08-09 00:00:00+00:00,10000000.0,10000000.0,0.0,0.0,0.0,0.0,0,0.0,False,False,0,0
2000-08-10 00:00:00+00:00,10000000.0,10000000.0,0.0,0.0,0.0,0.0,0,0.0,False,False,0,0
2000-08-11 00:00:00+00:00,10000000.0,10000000.0,0.0,0.0,0.0,0.0,0,0.0,False,False,0,0
2000-08-14 00:00:00+00:00,10000000.0,10000000.0,0.0,0.0,0.0,0.0,0,0.0,False,False,0,0
2000-08-15 00:00:00+00:00,10000000.0,10000000.0,0.0,0.0,0.0,0.0,0,0.0,False,False,0,0
2000-08-16 00:00:00+00:00,10000000.0,10000000.0,0.0,0.0,0.0,0.0,0,0.0,False,False,0,0
2000-08-17 00:00:00+00:00,10000000.0,10000000.0,0.0,0.0,0.0,0.0,0,0.0,False,False,0,0
2000-08-18 00:00:00+00:00,10000000.0,10000000.0,0.0,0.0,0.0,0.0,0,0.0,False,False,0,0
2000-08-21 00:00:00+00:00,10000000.0,10000000.0,0.0,0.0,0.0,0.0,0,0.0,False,False,0,0
2000-08-22 00:00:00+00:00,10000000.0,10000000.0,0.0,0.0,0.0,0.0,0,0.0,False,False,0,0
2000-08-23 00:00:00+00:00,10000000.0,10000000.0,0.0,0.0,0.0,0.0,0,0.0,False,False,0,0
2000-08-24 00:00:00+00:00,10000000.0,10000000.0,0.0,0.0,0.0,0.0,0,0.0,False,False,0,0
2000-08-25 00:00:00+00:00,10000000.0,10000000.0,0.0,0.0,0.0,0.0,0,0.0,False,False,0,0
2000-08-28 00:00:00+00:00,10000000.0,10000000.0,0.0,0.0,0.0,0.0,0,0.0,False,False,0,0
2000-08-29 00:00:00+00:00,10000000.0,10000000.0,0.0,0.0,0.0,0.0,0,0.0,False,False,0,0
2000-08-30 00:00:00+00:00,10000000.0,10000000.0,0.0,0.0,0.0,0.0,0,0.0,False,False,0,0
2000-08-31 00:00:00+00:00,10000000.0,10000000.0,0.0,0.0,0.0,0.0,0,0.0,False,False,0,0
2000-09-01 00:00:00+00:00,10000000.0,10000000.0,0.0,0.0,0.0,0.0,0,0.0,False,False,0,0
2000-09-04 00:00:00+00:00,10000000.0,10000000.0,0.0,0.0,0.0,0.0,0,0.0,False,False,0,0
2000-09-05 00:00:00+00:00,10000000.0,10000000.0,0.0,0.0,0.0,0.0,0,0.0,False,False,0,0
2000-09-06 00:00:00+00:00,10000000.0,10000000.0,0.0,0.0,0.0,0.0,0,0.0,False,False,0,0
2000-09-07 00:00:00+00:00,10000000.0,10000000.0,0.0,0.0,0.0,0.0,0,0.0,False,False,0,0
2000-09-08 00:00:00+00:00,10000000.0,10000000.0,0.0,0.0,0.0,0.0,0,0.0,False,False,0,0
2000-09-11 00:00:00+00:00,10000000.0,10000000.0,0.0,0.0,0.0,0.0,0,0.0,False,False,0,0
2000-09-12 00:00:00+00:00,10000000.0,10000000.0,0.0,0.0,0.0,0.0,0,0.0,False,False,0,0
2000-09-13 00:00:00+00:00,10000000.0,10000000.0,0.0,0.0,0.0,0.0,0,0.0,False,False,0,0
2000-09-14 00:00:00+00:00,10000000.0,10000000.0,0.0,0.0,0.0,0.0,0,0.0,False,False,0,0
2000-09-15 00:00:00+00:00,10000000.0,10000000.0,0.0,0.0,0.0,0.0,0,0.0,False,False,0,0
2000-09-18 00:00:00+00:00,10000000.0,10000000.0,0.0,0.0,0.0,0.0,0,0.0,False,False,0,0
2000-09-19 00:00:00+00:00,10000000.0,10000000.0,0.0,0.0,0.0,0.0,0,0.0,False,False,0,0
2000-09-20 00:00:00+00:00,10000000.0,10000000.0,0.0,0.0,0.0,0.0,0,0.0,False,False,0,0
2000-09-21 00:00:00+00:00,10000000.0,10000000.0,0.0,0.0,0.0,0.0,0,0.0,False,False,0,0
2000-09-22 00:00:00+00:00,10000000.0,10000000.0,0.0,0.0,0.0,0.0,0,0.0,False,False,0,0
2000-09-25 00:00:00+00:00,10000000.0,10000000.0,0.0,0.0,0.0,0.0,0,0.0,False,False,0,0
2000-09-26 00:00:00+00:00,10000000.0,10000000.0,0.0,0.0,0.0,0.0,0,0.0,False,False,0,0
2000-09-27 00:00:00+00:00,10000000.0,10000000.0,0.0,0.0,0.0,0.0,0,0.0,False,False,0,0
2000-09-28 00:00:00+00:00,10000000.0,10000000.0,0.0,0.0,0.0,0.0,0,0.0,False,False,0,0
2000-09-29 00:00:00+00:00,10000000.0,10000000.0,0.0,0.0,0.0,0.0,0,0.0,False,False,0,0
2000-10-02 00:00:00+00:00,10000000.0,10000000.0,0.0,0.0,0.0,0.0,0,0.0,False,False,0,0
2000-10-03 00:00:00+00:00,10000000.0,10000000.0,0.0,0.0,0.0,0.0,0,0.0,False,False,0,0
2000-10-04 00:00:00+00:00,10000000.0,10000000.0,0.0,0.0,0.0,0.0,0,0.0,False,False,0,0
2000-10-05 00:00:00+00:00,10000000.0,10000000.0,0.0,0.0,0.0,0.0,0,0.0,False,False,0,0
2000-10-06 00:00:00+00:00,10000000.0,10000000.0,0.0,0.0,0.0,0.0,0,0.0,False,False,0,0
2000-10-09 00:00:00+00:00,10000000.0,10000000.0,0.0,0.0,0.0,0.0,0,0.0,False,False,0,0
2000-10-10 00:00:00+00:00,10000000.0,10000000.0,0.0,0.0,0.0,0.0,0,0.0,False,False,0,0
2000-10-11 00:00:00+00:00,10000000.0,10000000.0,0.0,0.0,0.0,0.0,0,0.0,False,False,0,0
2000-10-12 00:00:00+00:00,10000000.0,10000000.0,0.0,0.0,0.0,0.0,0,0.0,False,False,0,0
2000-10-13 00:00:00+00:00,10000000.0,10000000.0,0.0,0.0,0.0,0.0,0,0.0,False,False,0,0
2000-10-16 00:00:00+00:00,10000000.0,10000000.0,0.0,0.0,0.0,0.0,0,0.0,False,False,0,0
2000-10-17 00:00:00+00:00,10000000.0,10000000.0,0.0,0.0,0.0,0.0,0,0.0,False,False,0,0
2000-10-18 00:00:00+00:00,10000000.0,10000000.0,0.0,0.0,0.0,0.0,0,0.0,False,False,0,0
2000-10-19 00:00:00+00:00,10000000.0,10000000.0,0.0,0.0,0.0,0.0,0,0.0,False,False,0,0
2000-10-20 00:00:00+00:00,10000000.0,10000000.0,0.0,0.0,0.0,0.0,0,0.0,False,False,0,0
2000-10-23 00:00:00+00:00,10000000.0,10000000.0,0.0,0.0,0.0,0.0,0,0.0,False,False,0,0
2000-10-24 00:00:00+00:00,10000000.0,10000000.0,0.0,0.0,0.0,0.0,0,0.0,False,False,0,0
2000-10-25 00:00:00+00:00,10000000.0,10000000.0,0.0,0.0,0.0,0.0,0,0.0,False,False,0,0
2000-10-26 00:00:00+00:00,10000000.0,10000000.0,0.0,0.0,0.0,0.0,0,0.0,False,False,0,0
2000-10-27 00:00:00+00:00,10000000.0,10000000.0,0.0,0.0,0.0,0.0,0,0.0,False,False,0,0
2000-10-30 00:00:00+00:00,10000000.0,10000000.0,0.0,0.0,0.0,0.0,0,0.0,False,False,0,0
2000-10-31 00:00:00+00:00,10000000.0,10000000.0,0.0,0.0,0.0,0.0,0,0.0,False,False,0,0
2000-11-01 00:00:00+00:00,10000000.0,10000000.0,0.0,0.0,0.0,0.0,0,0.0,False,False,0,0
2000-11-02 00:00:00+00:00,10000000.0,10000000.0,0.0,0.0,0.0,0.0,0,0.0,False,False,0,0
2000-11-03 00:00:00+00:00,10000000.0,10000000.0,0.0,0.0,0.0,0.0,0,0.0,False,False,0,0
2000-11-06 00:00:00+00:00,10000000.0,10000000.0,0.0,0.0,0.0,0.0,0,0.0,False,False,0,0
2000-11-07 00:00:00+00:00,10000000.0,10000000.0,0.0,0.0,0.0,0.0,0,0.0,False,False,0,0
2000-11-08 00:00:00+00:00,10000000.0,10000000.0,0.0,0.0,0.0,0.0,0,0.0,False,False,0,0
2000-11-09 00:00:00+00:00,10000000.0,10000000.0,0.0,0.0,0.0,0.0,0,0.0,False,False,0,0
2000-11-10 00:00:00+00:00,10000000.0,10000000.0,0.0,0.0,0.0,0.0,0,0.0,False,False,0,0
2000-11-13 00:00:00+00:00,10000000.0,10000000.0,0.0,0.0,0.0,0.0,0,0.0,False,False,0,0
2000-11-14 00:00:00+00:00,10000000.0,10000000.0,0.0,0.0,0.0,0.0,0,0.0,False,False,0,0
2000-11-15 00:00:00+00:00,10000000.0,10000000.0,0.0,0.0,0.0,0.0,0,0.0,False,False,0,0
2000-11-16 00:00:00+00:00,10000000.0,10000000.0,0.0,0.0,0.0,0.0,0,0.0,False,False,0,0
2000-11-17 00:00:00+00:00,10000000.0,10000000.0,0.0,0.0,0.0,0.0,0,0.0,False,False,0,0
2000-11-20 00:00:00+00:00,10000000.0,10000000.0,0.0,0.0,0.0,0.0,0,0.0,False,False,0,0
2000-11-21 00:00:00+00:00,10000000.0,10000000.0,0.0,0.0,0.0,0.0,0,0.0,False,False,0,0
2000-11-22 00:00:00+00:00,10000000.0,10000000.0,0.0,0.0,0.0,0.0,0,0.0,False,False,0,0
2000-11-23 00:00:00+00:00,10000000.0,10000000.0,0.0,0.0,0.0,0.0,0,0.0,False,False,0,0
2000-11-24 00:00:00+00:00,10000000.0,10000000.0,0.0,0.0,0.0,0.0,0,0.0,False,False,0,0
2000-11-27 00:00:00+00:00,10000000.0,10000000.0,0.0,0.0,0.0,0.0,0,0.0,False,False,0,0
2000-11-28 00:00:00+00:00,10000000.0,10000000.0,0.0,0.0,0.0,0.0,0,0.0,False,False,0,0
2000-11-29 00:00:00+00:00,10000000.0,10000000.0,0.0,0.0,0.0,0.0,0,0.0,False,False,0,0
2000-11-30 00:00:00+00:00,10000000.0,10000000.0,0.0,0.0,0.0,0.0,0,0.0,False,False,0,0
2000-12-01 00:00:00+00:00,10000000.0,10000000.0,0.0,0.0,0.0,0.0,0,0.0,False,False,0,0
2000-12-04 00:00:00+00:00,10000000.0,10000000.0,0.0,0.0,0.0,0.0,0,0.0,False,False,0,0
2000-12-05 00:00:00+00:00,10000000.0,10000000.0,0.0,0.0,0.0,0.0,0,0.0,False,False,0,0
2000-12-06 00:00:00+00:00,10000000.0,10000000.0,0.0,0.0,0.0,0.0,0,0.0,False,False,0,0
2000-12-07 00:00:00+00:00,10000000.0,10000000.0,0.0,0.0,0.0,0.0,0,0.0,False,False,0,0
2000-12-08 00:00:00+00:00,10000000.0,10000000.0,0.0,0.0,0.0,0.0,0,0.0,False,False,0,0
2000-12-11 00:00:00+00:00,10000000.0,10000000.0,0.0,0.0,0.0,0.0,0,0.0,False,False,0,0
2000-12-12 00:00:00+00:00,10000000.0,10000000.0,0.0,0.0,0.0,0.0,0,0.0,False,False,0,0
2000-12-13 00:00:00+00:00,10000000.0,10000000.0,0.0,0.0,0.0,0.0,0,0.0,False,False,0,0
2000-12-14 00:00:00+00:00,10000000.0,10000000.0,0.0,0.0,0.0,0.0,0,0.0,False,False,0,0
2000-12-15 00:00:00+00:00,10000000.0,10000000.0,0.0,0.0,0.0,0.0,0,0.0,False,False,0,0
2000-12-18 00:00:00+00:00,10000000.0,10000000.0,0.0,0.0,0.0,0.0,0,0.0,False,False,0,0
2000-12-19 00:00:00+00:00,10000000.0,10000000.0,0.0,0.0,0.0,0.0,0,0.0,False,False,0,0
2000-12-20 00:00:00+00:00,10000000.0,10000000.0,0.0,0.0,0.0,0.0,0,0.0,False,False,0,0
2000-12-21 00:00:00+00:00,9978609.453757197,9600658.524893671,377950.9288635254,377950.9288635254,377950.9288635254,0.0,1,-0.0021390546242803336,False,False,0,0
2000-12-22 00:00:00+00:00,9950652.899069697,9600658.524893671,349994.3741760254,349994.3741760254,349994.3741760254,0.0,1,-0.004934710093030334,False,False,0,1
2000-12-25 00:00:00+00:00,9950547.900757443,9950547.900757443,0.0,0.0,0.0,0.0,0,-0.004945209924255684,False,False,0,1
2000-12-26 00:00:00+00:00,9929595.951702245,9559052.763416417,370543.18828582764,370543.18828582764,370543.18828582764,0.0,1,-0.007040404829775542,False,False,0,1
2000-12-27 00:00:00+00:00,9967597.117321141,9559052.763416417,408544.3539047241,408544.3539047241,408544.3539047241,0.0,1,-0.0032402882678858936,False,False,0,1
2000-12-28 00:00:00+00:00,9972160.666019566,9559052.763416417,413107.9026031494,413107.9026031494,413107.9026031494,0.0,1,-0.0027839333980433645,False,False,0,1
2000-12-29 00:00:00+00:00,9984571.799099095,9559052.763416417,425519.0356826782,425519.0356826782,425519.0356826782,0.0,1,-0.0015428200900904833,False,False,0,1
2001-01-01 00:00:00+00:00,9989484.946564868,9989484.946564868,0.0,0.0,0.0,0.0,0,-0.0010515053435131907,False,False,0,1
2001-01-02 00:00:00+00:00,9989484.946564868,9989484.946564868,0.0,0.0,0.0,0.0,0,-0.0010515053435131907,False,False,0,1
2001-01-03 00:00:00+00:00,9989484.946564868,9989484.946564868,0.0,0.0,0.0,0.0,0,-0.0010515053435131907,False,False,0,1
2001-01-04 00:00:00+00:00,9989484.946564868,9989484.946564868,0.0,0.0,0.0,0.0,0,-0.0010515053435131907,False,False,0,1
2001-01-05 00:00:00+00:00,9989484.946564868,9989484.946564868,0.0,0.0,0.0,0.0,0,-0.0010515053435131907,False,False,0,1
2001-01-08 00:00:00+00:00,9989484.946564868,9989484.946564868,0.0,0.0,0.0,0.0,0,-0.0010515053435131907,False,False,0,1
2001-01-09 00:00:00+00:00,9989484.946564868,9989484.946564868,0.0,0.0,0.0,0.0,0,-0.0010515053435131907,False,False,0,1
2001-01-10 00:00:00+00:00,9989484.946564868,9989484.946564868,0.0,0.0,0.0,0.0,0,-0.0010515053435131907,False,False,0,1
2001-01-11 00:00:00+00:00,9989484.946564868,9989484.946564868,0.0,0.0,0.0,0.0,0,-0.0010515053435131907,False,False,0,1
2001-01-12 00:00:00+00:00,9989484.946564868,9989484.946564868,0.0,0.0,0.0,0.0,0,-0.0010515053435131907,False,False,0,1
2001-01-15 00:00:00+00:00,9989484.946564868,9989484.946564868,0.0,0.0,0.0,0.0,0,-0.0010515053435131907,False,False,0,1
2001-01-16 00:00:00+00:00,9989484.946564868,9989484.946564868,0.0,0.0,0.0,0.0,0,-0.0010515053435131907,False,False,0,1
2001-01-17 00:00:00+00:00,9989484.946564868,9989484.946564868,0.0,0.0,0.0,0.0,0,-0.0010515053435131907,False,False,0,1
2001-01-18 00:00:00+00:00,9989484.946564868,9989484.946564868,0.0,0.0,0.0,0.0,0,-0.0010515053435131907,False,False,0,1
2001-01-19 00:00:00+00:00,9989484.946564868,9989484.946564868,0.0,0.0,0.0,0.0,0,-0.0010515053435131907,False,False,0,1
2001-01-22 00:00:00+00:00,9989484.946564868,9989484.946564868,0.0,0.0,0.0,0.0,0,-0.0010515053435131907,False,False,0,1
2001-01-23 00:00:00+00:00,9989484.946564868,9989484.946564868,0.0,0.0,0.0,0.0,0,-0.0010515053435131907,False,False,0,1
2001-01-24 00:00:00+00:00,9989484.946564868,9989484.946564868,0.0,0.0,0.0,0.0,0,-0.0010515053435131907,False,False,0,1
2001-01-25 00:00:00+00:00,9989484.946564868,9989484.946564868,0.0,0.0,0.0,0.0,0,-0.0010515053435131907,False,False,0,1
2001-01-26 00:00:00+00:00,9989484.946564868,9989484.946564868,0.0,0.0,0.0,0.0,0,-0.0010515053435131907,False,False,0,1
2001-01-29 00:00:00+00:00,9989484.946564868,9989484.946564868,0.0,0.0,0.0,0.0,0,-0.0010515053435131907,False,False,0,1
2001-01-30 00:00:00+00:00,9989484.946564868,9989484.946564868,0.0,0.0,0.0,0.0,0,-0.0010515053435131907,False,False,0,1
2001-01-31 00:00:00+00:00,9989484.946564868,9989484.946564868,0.0,0.0,0.0,0.0,0,-0.0010515053435131907,False,False,0,1
2001-02-01 00:00:00+00:00,9989484.946564868,9989484.946564868,0.0,0.0,0.0,0.0,0,-0.0010515053435131907,False,False,0,1
2001-02-02 00:00:00+00:00,9989484.946564868,9989484.946564868,0.0,0.0,0.0,0.0,0,-0.0010515053435131907,False,False,0,1
2001-02-05 00:00:00+00:00,9989484.946564868,9989484.946564868,0.0,0.0,0.0,0.0,0,-0.0010515053435131907,False,False,0,1
2001-02-06 00:00:00+00:00,9989484.946564868,9989484.946564868,0.0,0.0,0.0,0.0,0,-0.0010515053435131907,False,False,0,1
2001-02-07 00:00:00+00:00,9989484.946564868,9989484.946564868,0.0,0.0,0.0,0.0,0,-0.0010515053435131907,False,False,0,1
2001-02-08 00:00:00+00:00,9998538.119372146,9584244.500941055,414293.6184310913,414293.6184310913,414293.6184310913,0.0,1,-0.0001461880627853796,False,False,0,1
2001-02-09 00:00:00+00:00,9995751.005331771,9584244.500941055,411506.50439071655,411506.50439071655,411506.50439071655,0.0,1,-0.0004248994668228552,False,False,0,1
2001-02-12 00:00:00+00:00,9995624.303957717,9584244.500941055,411379.8030166626,411379.8030166626,411379.8030166626,0.0,1,-0.00043756960422825067,False,False,0,1
2001-02-13 00:00:00+00:00,9990151.39180638,9584244.500941055,405906.8908653259,405906.8908653259,405906.8908653259,0.0,1,-0.0009848608193619177,False,False,0,1
2001-02-14 00:00:00+00:00,9993014.526671188,9584244.500941055,408770.02573013306,408770.02573013306,408770.02573013306,0.0,1,-0.0006985473328812048,False,False,0,1
2001-02-15 00:00:00+00:00,10000083.695456283,9584244.500941055,415839.1945152283,415839.1945152283,415839.1945152283,0.0,1,0.0,False,False,0,1
2001-02-16 00:00:00+00:00,9995751.005331771,9584244.500941055,411506.50439071655,411506.50439071655,411506.50439071655,0.0,1,-0.00043326538621675276,False,False,0,1
2001-02-19 00:00:00+00:00,9986806.836889999,9584244.500941055,402562.3359489441,402562.3359489441,402562.3359489441,0.0,1,-0.0013276747445940635,False,False,0,1
2001-02-20 00:00:00+00:00,9978977.55020024,9584244.500941055,394733.0492591858,394733.0492591858,394733.0492591858,0.0,1,-0.002110596860867518,False,False,0,1
2001-02-21 00:00:00+00:00,9984627.799105423,9584244.500941055,400383.2981643677,400383.2981643677,400383.2981643677,0.0,1,-0.0015455766993113526,False,False,0,1
2001-02-22 00:00:00+00:00,9990557.975246117,8784313.13752143,1206244.8377246857,1206244.8377246857,1206244.8377246857,0.0,3,-0.000952564048488397,False,False,0,1
2001-02-23 00:00:00+00:00,9975231.110447047,9198623.683970569,776607.4264764786,776607.4264764786,776607.4264764786,0.0,2,-0.002485237700613256,False,False,0,1
2001-02-26 00:00:00+00:00,9986304.818925021,9198623.683970569,787681.1349544525,787681.1349544525,787681.1349544525,0.0,2,-0.0013778761209291307,False,False,0,1
2001-02-27 00:00:00+00:00,9978794.531338809,9198623.683970569,780170.8473682404,780170.8473682404,780170.8473682404,0.0,2,-0.0021288985938334917,False,False,0,1
2001-02-28 00:00:00+00:00,10061069.086395599,8385872.946657992,1675196.139737606,1675196.139737606,1675196.139737606,0.0,4,0.0,False,False,0,1
2001-03-01 00:00:00+00:00,10037746.454754386,8386317.342537914,1651429.1122164726,1651429.1122164726,1651429.1122164726,0.0,4,-0.0023181066982980274,False,False,0,1
2001-03-02 00:00:00+00:00,9960873.822215201,9212609.671157481,748264.1510577202,748264.1510577202,748264.1510577202,0.0,2,-0.009958709489022383,False,False,0,2
2001-03-05 00:00:00+00:00,9913460.077799665,9162816.256807195,750643.8209924698,750643.8209924698,750643.8209924698,0.0,2,-0.014671304543125386,False,False,0,2
2001-03-06 00:00:00+00:00,9913222.161884965,8369525.291896524,1543696.8699884415,1543696.8699884415,1543696.8699884415,0.0,4,-0.014694951723425654,False,False,0,2
2001-03-07 00:00:00+00:00,9970236.598182382,8369525.291896524,1600711.3062858582,1600711.3062858582,1600711.3062858582,0.0,4,-0.009028114948145916,False,False,0,3
2001-03-08 00:00:00+00:00,9977514.863907803,8356754.704564082,1620760.1593437195,1620760.1593437195,1620760.1593437195,0.0,4,-0.00830470616693972,False,False,0,3
2001-03-09 00:00:00+00:00,9913730.408620296,8780383.918809352,1133346.4898109436,1133346.4898109436,1133346.4898109436,0.0,3,-0.014644435547563396,False,False,0,4
2001-03-12 00:00:00+00:00,9813255.124864133,9141292.217622312,671962.9072418213,671962.9072418213,671962.9072418213,0.0,2,-0.02463097702674118,False,False,0,5
2001-03-13 00:00:00+00:00,9727873.693140268,8681007.03013444,1046866.6630058289,1046866.6630058289,1046866.6630058289,0.0,3,-0.0331172950303931,False,False,0,7
2001-03-14 00:00:00+00:00,9934452.850092165,7220172.30664944,2714280.543442726,2714280.543442726,2714280.543442726,0.0,7,-0.012584769592193937,False,False,1,7
2001-03-15 00:00:00+00:00,10036255.063827507,7220172.30664944,2816082.757178068,2816082.757178068,2816082.757178068,0.0,7,-0.002466340540454576,False,False,1,7
2001-03-16 00:00:00+00:00,9954957.837352507,7220172.30664944,2734785.530703068,2734785.530703068,2734785.530703068,0.0,7,-0.010546717066735373,False,False,2,7
2001-03-19 00:00:00+00:00,9998029.112775318,7220172.30664944,2777856.8061258793,2777856.8061258793,2777856.8061258793,0.0,7,-0.006265733102411767,False,False,2,7
2001-03-20 00:00:00+00:00,9949594.074607126,7220172.30664944,2729421.7679576874,2729421.7679576874,2729421.7679576874,0.0,7,-0.011079837622743997,False,False,2,7
2001-03-21 00:00:00+00:00,10018269.070143215,7220172.30664944,2798096.7634937763,2798096.7634937763,2798096.7634937763,0.0,7,-0.0042540226972754835,False,False,2,7
2001-03-22 00:00:00+00:00,10000756.417213526,7698624.946218577,2302131.4709949493,2302131.4709949493,2302131.4709949493,0.0,6,-0.005994658088932821,False,False,2,7
2001-03-23 00:00:00+00:00,9932461.370082576,8111092.685287435,1821368.6847951412,1821368.6847951412,1821368.6847951412,0.0,5,-0.012782708796515892,False,False,2,7
2001-03-26 00:00:00+00:00,9946824.61168452,8111092.685287435,1835731.9263970852,1835731.9263970852,1835731.9263970852,0.0,5,-0.011355102895134526,False,False,2,7
2001-03-27 00:00:00+00:00,9945150.380837876,8111092.685287435,1834057.6955504417,1834057.6955504417,1834057.6955504417,0.0,5,-0.011521509748349291,False,False,2,7
2001-03-28 00:00:00+00:00,9972559.624197204,8111092.685287435,1861466.938909769,1861466.938909769,1861466.938909769,0.0,5,-0.008797222386443626,False,False,2,7
2001-03-29 00:00:00+00:00,9951098.824985914,8467876.523163252,1483222.3018226624,1483222.3018226624,1483222.3018226624,0.0,4,-0.010930275944371048,False,False,2,7
2001-03-30 00:00:00+00:00,9916379.349603824,8467876.523163252,1448502.8264405727,1448502.8264405727,1448502.8264405727,0.0,4,-0.014381149314183873,False,False,2,7
2001-04-02 00:00:00+00:00,9892800.979862146,8467876.523163252,1424924.4566988945,1424924.4566988945,1424924.4566988945,0.0,4,-0.01672467459357595,False,False,2,7
2001-04-03 00:00:00+00:00,9902545.95158904,8467876.523163252,1434669.4284257889,1434669.4284257889,1434669.4284257889,0.0,4,-0.01575609246346501,False,False,2,7
2001-04-04 00:00:00+00:00,9919069.95930522,8467876.523163252,1451193.4361419678,1451193.4361419678,1451193.4361419678,0.0,4,-0.014113721501265539,False,False,2,7
2001-04-05 00:00:00+00:00,9918976.05465836,8780798.108042188,1138177.9466161728,1138177.9466161728,1138177.9466161728,0.0,3,-0.014123054967326869,False,False,2,7
2001-04-06 00:00:00+00:00,9926427.304809041,8780798.108042188,1145629.1967668533,1145629.1967668533,1145629.1967668533,0.0,3,-0.01338245274238479,False,False,2,7
2001-04-09 00:00:00+00:00,9922730.459830014,9183753.789395062,738976.6704349518,738976.6704349518,738976.6704349518,0.0,2,-0.01374989331428446,False,False,2,7
2001-04-10 00:00:00+00:00,9927523.863236157,9183753.789395062,743770.073841095,743770.073841095,743770.073841095,0.0,2,-0.013273462493167772,False,False,2,7
2001-04-11 00:00:00+00:00,9900928.520868849,8782059.119232725,1118869.4016361237,1118869.4016361237,1118869.4016361237,0.0,3,-0.015916853780806376,False,False,2,7
2001-04-12 00:00:00+00:00,9828568.792143296,8025813.4132542135,1802755.3788890839,1802755.3788890839,1802755.3788890839,0.0,5,-0.023108905450881487,False,False,2,8
2001-04-13 00:00:00+00:00,9449356.479740296,7598508.089620743,1850848.3901195526,1850848.3901195526,1850848.3901195526,0.0,6,-0.06079996085927394,False,False,2,8
2001-04-16 00:00:00+00:00,9889397.815846596,7598508.089620743,2290889.726225853,2290889.726225853,2290889.726225853,0.0,6,-0.017062925328793728,False,False,2,8
2001-04-17 00:00:00+00:00,9950175.803312454,7598508.089620743,2351667.7136917114,2351667.7136917114,2351667.7136917114,0.0,6,-0.011022017852267064,False,False,2,8
2001-04-18 00:00:00+00:00,10139046.278307367,8405701.725565363,1733344.5527420044,1733344.5527420044,1733344.5527420044,0.0,4,0.0,False,False,2,8
2001-04-19 00:00:00+00:00,10200878.905555414,8846573.20909469,1354305.6964607239,1354305.6964607239,1354305.6964607239,0.0,3,0.0,False,False,2,8
2001-04-20 00:00:00+00:00,10188151.945953079,9750938.231677718,437213.7142753601,437213.7142753601,437213.7142753601,0.0,1,-0.001247633632373025,False,False,2,8
2001-04-23 00:00:00+00:00,10179420.144366927,9750938.231677718,428481.912689209,428481.912689209,428481.912689209,0.0,1,-0.0021036188535480133,False,False,2,8
2001-04-24 00:00:00+00:00,10148235.144366927,9750938.231677718,397296.912689209,397296.912689209,397296.912689209,0.0,1,-0.005160708373845779,False,False,2,8
2001-04-25 00:00:00+00:00,10207278.74753923,9750938.231677718,456340.51586151123,456340.51586151123,456340.51586151123,0.0,1,0.0,False,False,2,8
2001-04-26 00:00:00+00:00,10220180.302853217,9806677.302853217,413503.0,413503.0,413503.0,0.0,1,0.0,False,False,2,8
2001-04-27 00:00:00+00:00,10222804.052853217,9806677.302853217,416126.75,416126.75,416126.75,0.0,1,0.0,False,False,2,8
2001-04-30 00:00:00+00:00,10215982.302853217,9806677.302853217,409305.0,409305.0,409305.0,0.0,1,-0.0006673071267658728,False,False,2,8
2001-05-01 00:00:00+00:00,10228995.713083956,9406831.264013026,822164.4490709305,822164.4490709305,822164.4490709305,0.0,2,0.0,False,False,2,8
2001-05-02 00:00:00+00:00,10215768.617747996,9406831.264013026,808937.3537349701,808937.3537349701,808937.3537349701,0.0,2,-0.001293098140518482,False,False,2,8
2001-05-03 00:00:00+00:00,10222222.008696768,9406831.264013026,815390.7446837425,815390.7446837425,815390.7446837425,0.0,2,-0.000662206200607131,False,False,2,8
2001-05-04 00:00:00+00:00,10218476.874091838,9406831.264013026,811645.6100788116,811645.6100788116,811645.6100788116,0.0,2,-0.0010283354580610626,False,False,2,8
2001-05-07 00:00:00+00:00,10203977.093400214,9406831.264013026,797145.829387188,797145.829387188,797145.829387188,0.0,2,-0.002445852983567203,False,False,2,9
2001-05-08 00:00:00+00:00,10208697.566626087,10208697.566626087,0.0,0.0,0.0,0.0,0,-0.0019843733468287708,False,False,2,9
2001-05-09 00:00:00+00:00,10208697.566626087,10208697.566626087,0.0,0.0,0.0,0.0,0,-0.0019843733468287708,False,False,2,9
2001-05-10 00:00:00+00:00,10208697.566626087,10208697.566626087,0.0,0.0,0.0,0.0,0,-0.0019843733468287708,False,False,2,9
2001-05-11 00:00:00+00:00,10208697.566626087,10208697.566626087,0.0,0.0,0.0,0.0,0,-0.0019843733468287708,False,False,2,9
2001-05-14 00:00:00+00:00,10208697.566626087,10208697.566626087,0.0,0.0,0.0,0.0,0,-0.0019843733468287708,False,False,2,9
2001-05-15 00:00:00+00:00,10208697.566626087,10208697.566626087,0.0,0.0,0.0,0.0,0,-0.0019843733468287708,False,False,2,9
2001-05-16 00:00:00+00:00,10208697.566626087,10208697.566626087,0.0,0.0,0.0,0.0,0,-0.0019843733468287708,False,False,2,9
2001-05-17 00:00:00+00:00,10208697.566626087,10208697.566626087,0.0,0.0,0.0,0.0,0,-0.0019843733468287708,False,False,2,9
2001-05-18 00:00:00+00:00,10208697.566626087,10208697.566626087,0.0,0.0,0.0,0.0,0,-0.0019843733468287708,False,False,2,9
2001-05-21 00:00:00+00:00,10203000.464095907,9786965.54886611,416034.91522979736,416034.91522979736,416034.91522979736,0.0,1,-0.002541329541745575,False,False,2,9
2001-05-22 00:00:00+00:00,10203256.589958029,9786965.54886611,416291.04109191895,416291.04109191895,416291.04109191895,0.0,1,-0.0025162903424628957,False,False,2,9
2001-05-23 00:00:00+00:00,10205817.799728232,9786965.54886611,418852.2508621216,418852.2508621216,418852.2508621216,0.0,1,-0.0022659031253750464,False,False,2,9
2001-05-24 00:00:00+00:00,10205443.339944864,9377630.466096902,827812.8738479614,827812.8738479614,827812.8738479614,0.0,2,-0.002302510803574465,False,False,2,9
2001-05-25 00:00:00+00:00,10194361.213510538,9377630.466096902,816730.7474136353,816730.7474136353,816730.7474136353,0.0,2,-0.0033859139787416003,False,False,2,9
2001-05-28 00:00:00+00:00,10191245.448858285,9377630.466096902,813614.982761383,813614.982761383,813614.982761383,0.0,2,-0.003690515206432683,False,False,2,9
2001-05-29 00:00:00+00:00,10192184.216959024,9377630.466096902,814553.7508621216,814553.7508621216,814553.7508621216,0.0,2,-0.003598740009035959,False,False,2,9
2001-05-30 00:00:00+00:00,10218896.740694538,8967532.150487438,1251364.5902071,1251364.5902071,1251364.5902071,0.0,3,-0.0009872887498135314,False,False,2,9
2001-05-31 00:00:00+00:00,10206264.025871292,8967532.150487438,1238731.875383854,1238731.875383854,1238731.875383854,0.0,3,-0.0022222794739847652,False,False,2,9
2001-06-01 00:00:00+00:00,10197717.567828432,8967532.150487438,1230185.4173409939,1230185.4173409939,1230185.4173409939,0.0,3,-0.0030577923906563616,False,False,2,10
2001-06-04 00:00:00+00:00,10212142.106900524,9359845.252164673,852296.8547358513,852296.8547358513,852296.8547358513,0.0,2,-0.0016476305842883985,False,False,2,10
2001-06-05 00:00:00+00:00,10206400.751124678,9809638.855147658,396761.89597702026,396761.89597702026,396761.89597702026,0.0,1,-0.0022089130343829247,False,False,2,11
2001-06-06 00:00:00+00:00,10196103.996042887,10196103.996042887,0.0,0.0,0.0,0.0,0,-0.0032155372788941236,False,False,2,11
2001-06-07 00:00:00+00:00,10196103.996042887,10196103.996042887,0.0,0.0,0.0,0.0,0,-0.0032155372788941236,False,False,2,11
2001-06-08 00:00:00+00:00,10197267.345870877,8958872.852236653,1238394.493634224,1238394.493634224,1238394.493634224,0.0,3,-0.0031018066780980074,False,False,2,11
2001-06-11 00:00:00+00:00,10227264.174107457,8958872.852236653,1268391.3218708038,1268391.3218708038,1268391.3218708038,0.0,3,-0.00016927751512154718,False,False,2,11
2001-06-12 00:00:00+00:00,10234452.360272313,8958872.852236653,1275579.5080356598,1275579.5080356598,1275579.5080356598,0.0,3,0.0,False,False,2,11
2001-06-13 00:00:00+00:00,10228731.84829215,9413752.5334175,814979.314874649,814979.314874649,814979.314874649,0.0,2,-0.0005589465638990697,False,False,2,11
2001-06-14 00:00:00+00:00,10211441.43096713,9413752.5334175,797688.8975496292,797688.8975496292,797688.8975496292,0.0,2,-0.002248379150652523,False,False,2,11
2001-06-15 00:00:00+00:00,10172880.615208767,9006224.597698353,1166656.0175104141,1166656.0175104141,1166656.0175104141,0.0,3,-0.006016125034940992,False,False,2,13
2001-06-18 00:00:00+00:00,10189073.753007144,9776994.929276675,412078.82373046875,412078.82373046875,412078.82373046875,0.0,1,-0.0044339067365556034,False,False,2,13
2001-06-19 00:00:00+00:00,10212259.53683588,9776994.929276675,435264.6075592041,435264.6075592041,435264.6075592041,0.0,1,-0.002168442692896853,False,False,2,13
2001-06-20 00:00:00+00:00,10213974.156994157,10213974.156994157,0.0,0.0,0.0,0.0,0,-0.0020009085544867517,False,False,2,13
2001-06-21 00:00:00+00:00,10213974.156994157,10213974.156994157,0.0,0.0,0.0,0.0,0,-0.0020009085544867517,False,False,2,13
2001-06-22 00:00:00+00:00,10211988.57125336,9799289.512426913,412699.05882644653,412699.05882644653,412699.05882644653,0.0,1,-0.0021949185191532336,False,False,2,13
2001-06-25 00:00:00+00:00,10218449.012426913,9799289.512426913,419159.5,419159.5,419159.5,0.0,1,-0.0015636740767411169,False,False,2,13
2001-06-26 00:00:00+00:00,10245337.204471098,8982603.275429236,1262733.9290418625,1262733.9290418625,1262733.9290418625,0.0,3,0.0,False,False,2,13
2001-06-27 00:00:00+00:00,10233195.29326676,8982603.275429236,1250592.0178375244,1250592.0178375244,1250592.0178375244,0.0,3,-0.0011851158202034876,False,False,2,13
2001-06-28 00:00:00+00:00,10225218.96030994,8565389.253659206,1659829.706650734,1659829.706650734,1659829.706650734,0.0,4,-0.0019636488052710587,False,False,2,13
2001-06-29 00:00:00+00:00,10192258.23511856,8154468.154867343,2037790.080251217,2037790.080251217,2037790.080251217,0.0,5,-0.005180792812692776,False,False,2,13
2001-07-02 00:00:00+00:00,10166654.71996563,8154468.154867343,2012186.5650982857,2012186.5650982857,2012186.5650982857,0.0,5,-0.007679833560883842,False,False,2,15
2001-07-03 00:00:00+00:00,10157263.972019285,8932662.185011953,1224601.7870073318,1224601.7870073318,1224601.7870073318,0.0,3,-0.00859642105419213,False,False,2,15
2001-07-04 00:00:00+00:00,9331605.809649635,8533276.252251793,798329.5573978424,798329.5573978424,798329.5573978424,0.0,4,-0.08918509723844988,False,False,2,15
2001-07-05 00:00:00+00:00,10145035.494876783,7767796.4099635305,2377239.084913254,2377239.084913254,2377239.084913254,0.0,6,-0.009789986175422604,False,False,2,15
2001-07-06 00:00:00+00:00,10123255.731393706,8187187.698173415,1936068.0332202911,1936068.0332202911,1936068.0332202911,0.0,5,-0.011915808200448049,False,False,2,15
2001-07-09 00:00:00+00:00,10096463.009398352,8187187.698173415,1909275.3112249374,1909275.3112249374,1909275.3112249374,0.0,5,-0.014530921930785912,False,False,2,16
2001-07-10 00:00:00+00:00,10137040.672608113,8529338.554007268,1607702.1186008453,1607702.1186008453,1607702.1186008453,0.0,4,-0.010570323816743131,False,False,2,16
2001-07-11 00:00:00+00:00,10134385.981584286,8529338.554007268,1605047.4275770187,1605047.4275770187,1605047.4275770187,0.0,4,-0.010829435934855563,False,False,2,16
2001-07-12 00:00:00+00:00,10180286.196509691,8965363.441998811,1214922.7545108795,1214922.7545108795,1214922.7545108795,0.0,3,-0.006349328154179136,False,False,2,16
2001-07-13 00:00:00+00:00,10196937.462264247,9822111.95555038,374825.5067138672,374825.5067138672,374825.5067138672,0.0,1,-0.0047240750832221725,False,False,2,16
2001-07-16 00:00:00+00:00,10200270.100997157,9822111.95555038,378158.14544677734,378158.14544677734,378158.14544677734,0.0,1,-0.00439879162340049,False,False,2,16
2001-07-17 00:00:00+00:00,10209808.935599692,9410171.612895377,799637.3227043152,799637.3227043152,799637.3227043152,0.0,2,-0.003467750076190898,False,False,2,16
2001-07-18 00:00:00+00:00,10212205.07924579,9829495.576377138,382709.50286865234,382709.50286865234,382709.50286865234,0.0,1,-0.0032338735723455208,False,False,2,16
2001-07-19 00:00:00+00:00,10207394.632529845,9802042.920009246,405351.71252059937,405351.71252059937,405351.71252059937,0.0,1,-0.0037033990374367117,False,False,2,16
2001-07-20 00:00:00+00:00,10210568.099960309,9393064.358789425,817503.7411708832,817503.7411708832,817503.7411708832,0.0,2,-0.0033936515525927625,False,False,2,16
2001-07-23 00:00:00+00:00,10237545.528221112,9393064.358789425,844481.1694316864,844481.1694316864,844481.1694316864,0.0,2,-0.0007605094975874685,False,False,2,16
2001-07-24 00:00:00+00:00,10217359.999995776,9822046.355453081,395313.6445426941,395313.6445426941,395313.6445426941,0.0,1,-0.00273072558930646,False,False,2,16
2001-07-25 00:00:00+00:00,10209685.366429873,9822046.355453081,387639.0109767914,387639.0109767914,387639.0109767914,0.0,1,-0.0034798110915926586,False,False,2,16
2001-07-26 00:00:00+00:00,10186324.051273892,9403745.978450367,782578.0728235245,782578.0728235245,782578.0728235245,0.0,2,-0.0057600010638452215,False,False,2,17
2001-07-27 00:00:00+00:00,10189186.32836156,9378429.334462214,810756.9938993454,810756.9938993454,810756.9938993454,0.0,2,-0.005480627429718387,False,False,2,17
2001-07-30 00:00:00+00:00,10181046.718820766,8974579.89903374,1206466.8197870255,1206466.8197870255,1206466.8197870255,0.0,3,-0.006275097087314614,False,False,2,17
2001-07-31 00:00:00+00:00,10163803.585568622,8974579.89903374,1189223.6865348816,1189223.6865348816,1189223.6865348816,0.0,3,-0.007958119608488334,False,False,2,19
2001-08-01 00:00:00+00:00,10154429.73732316,9741605.9957689,412823.74155426025,412823.74155426025,412823.74155426025,0.0,1,-0.00887305760012141,False,False,2,19
2001-08-02 00:00:00+00:00,10157329.123584146,9741605.9957689,415723.1278152466,415723.1278152466,415723.1278152466,0.0,1,-0.008590061911143887,False,False,2,19
2001-08-03 00:00:00+00:00,10157309.696749257,9334412.180773305,822897.5159759521,822897.5159759521,822897.5159759521,0.0,2,-0.008591958074686488,False,False,2,19
2001-08-06 00:00:00+00:00,10153306.50751619,9745233.395333573,408073.1121826172,408073.1121826172,408073.1121826172,0.0,1,-0.008982690868851574,False,False,2,19
2001-08-07 00:00:00+00:00,10155988.399056718,9745233.395333573,410755.00372314453,410755.00372314453,410755.00372314453,0.0,1,-0.00872092383405286,False,False,2,19
2001-08-08 00:00:00+00:00,10147885.69501619,9745233.395333573,402652.2996826172,402652.2996826172,402652.2996826172,0.0,1,-0.009511791316383389,False,False,2,19
2001-08-09 00:00:00+00:00,10149597.549386308,9745233.395333573,404364.1540527344,404364.1540527344,404364.1540527344,0.0,1,-0.009344705125274898,False,False,2,19
2001-08-10 00:00:00+00:00,10153106.80225496,9745233.395333573,407873.4069213867,407873.4069213867,407873.4069213867,0.0,1,-0.009002183176156336,False,False,2,19
2001-08-13 00:00:00+00:00,10150310.800729081,9745233.395333573,405077.4053955078,405077.4053955078,405077.4053955078,0.0,1,-0.009275087959091028,False,False,2,19
2001-08-14 00:00:00+00:00,10148228.076119706,9745233.395333573,402994.6807861328,402994.6807861328,402994.6807861328,0.0,1,-0.009478373079708249,False,False,2,19
2001-08-15 00:00:00+00:00,10148228.076119706,9745233.395333573,402994.6807861328,402994.6807861328,402994.6807861328,0.0,1,-0.009478373079708249,False,False,2,19
2001-08-16 00:00:00+00:00,10141123.949532792,9745233.395333573,395890.55419921875,395890.55419921875,395890.55419921875,0.0,1,-0.010171774033247757,False,False,2,19
2001-08-17 00:00:00+00:00,10148143.644992262,9338934.173037916,809209.4719543457,809209.4719543457,809209.4719543457,0.0,2,-0.00948661401173019,False,False,2,19
2001-08-20 00:00:00+00:00,10150380.307620436,9338934.173037916,811446.1345825195,811446.1345825195,811446.1345825195,0.0,2,-0.009268303712758504,False,False,2,19
2001-08-21 00:00:00+00:00,10151106.081424147,9338934.173037916,812171.9083862305,812171.9083862305,812171.9083862305,0.0,2,-0.009197464287054272,False,False,2,19
2001-08-22 00:00:00+00:00,10151106.081424147,9338934.173037916,812171.9083862305,812171.9083862305,812171.9083862305,0.0,2,-0.009197464287054272,False,False,2,19
2001-08-23 00:00:00+00:00,10147388.428487094,9737662.260548862,409726.1679382324,409726.1679382324,409726.1679382324,0.0,1,-0.009560327203409076,False,False,2,19
2001-08-24 00:00:00+00:00,10141214.558304852,9326184.11711604,815030.4411888123,815030.4411888123,815030.4411888123,0.0,2,-0.010162930129894302,False,False,2,19
2001-08-27 00:00:00+00:00,10137712.254921978,9326184.11711604,811528.1378059387,811528.1378059387,811528.1378059387,0.0,2,-0.010504773771833693,False,False,2,19
2001-08-28 00:00:00+00:00,10130099.2610789,9326184.11711604,803915.1439628601,803915.1439628601,803915.1439628601,0.0,2,-0.011247842905737482,False,False,2,19
2001-08-29 00:00:00+00:00,10120106.988560742,9326184.11711604,793922.8714447021,793922.8714447021,793922.8714447021,0.0,2,-0.012223142431632765,False,False,2,20
2001-08-30 00:00:00+00:00,10117660.431389626,8895153.866193112,1222506.5651965141,1222506.5651965141,1222506.5651965141,0.0,3,-0.012461939566591676,False,False,2,21
2001-08-31 00:00:00+00:00,10113524.31171067,9701800.951913193,411723.3597974777,411723.3597974777,411723.3597974777,0.0,1,-0.012865647087038199,False,False,2,21
2001-09-03 00:00:00+00:00,9684124.643874148,9294035.22853277,390089.41534137726,390089.41534137726,390089.41534137726,0.0,2,-0.054777363535876145,False,False,2,21
2001-09-04 00:00:00+00:00,10097633.031514863,9294035.22853277,803597.8029820919,803597.8029820919,803597.8029820919,0.0,2,-0.014416721481043799,False,False,2,22
2001-09-05 00:00:00+00:00,10088630.813860213,8441994.55884198,1646636.2550182343,1646636.2550182343,1646636.2550182343,0.0,4,-0.01529538632876795,False,False,2,22
2001-09-06 00:00:00+00:00,10079337.024496928,8038852.144186393,2040484.8803105354,2040484.8803105354,2040484.8803105354,0.0,5,-0.016202510143026566,False,False,2,22
2001-09-07 00:00:00+00:00,10091510.604523882,7634348.414142832,2457162.19038105,2457162.19038105,2457162.19038105,0.0,6,-0.015014303275453498,False,False,2,23
2001-09-10 00:00:00+00:00,10093228.508757532,8446023.025025547,1647205.483731985,1647205.483731985,1647205.483731985,0.0,4,-0.014846626585134347,False,False,2,23
2001-09-11 00:00:00+00:00,9654975.868394077,8446023.025025547,1208952.8433685303,1208952.8433685303,1208952.8433685303,0.0,4,-0.05762244075474508,False,False,2,23
2001-09-12 00:00:00+00:00,9562211.55727236,8075375.870123312,1486835.6871490479,1486835.6871490479,1486835.6871490479,0.0,5,-0.06667673631089666,False,False,2,26
2001-09-13 00:00:00+00:00,9528217.478403335,7626340.727355724,1901876.7510476112,1901876.7510476112,1901876.7510476112,0.0,6,-0.06999474119356554,False,False,2,26
2001-09-14 00:00:00+00:00,9790305.035944408,7626340.727355724,2163964.3085886836,2163964.3085886836,2163964.3085886836,0.0,6,-0.04441358634131758,False,False,8,30
2001-09-17 00:00:00+00:00,9678185.375950053,9353474.85176535,324710.5241847038,324710.5241847038,324710.5241847038,0.0,1,-0.05535706802051747,False,False,8,31
2001-09-18 00:00:00+00:00,9741456.45152218,7364506.405880759,2376950.0456414223,2376950.0456414223,2376950.0456414223,0.0,6,-0.049181470838170385,False,False,8,31
2001-09-19 00:00:00+00:00,9750372.498576948,7364506.405880759,2385866.09269619,2385866.09269619,2385866.09269619,0.0,6,-0.04831121670433118,False,False,8,31
2001-09-20 00:00:00+00:00,9714769.350563357,7364506.405880759,2350262.944682598,2350262.944682598,2350262.944682598,0.0,6,-0.0517862753874221,False,False,8,32
2001-09-21 00:00:00+00:00,9648261.046389326,7681896.735208259,1966364.3111810684,1966364.3111810684,1966364.3111810684,0.0,5,-0.05827784348778738,False,False,8,32
2001-09-24 00:00:00+00:00,9682424.627151236,7681896.735208259,2000527.891942978,2000527.891942978,2000527.891942978,0.0,5,-0.05494329430896676,False,False,8,33
2001-09-25 00:00:00+00:00,9622819.611420833,7239488.535273992,2383331.076146841,2383331.076146841,2383331.076146841,0.0,6,-0.060761064338477506,False,False,8,33
2001-09-26 00:00:00+00:00,9662279.54498776,7239488.535273992,2422791.009713769,2422791.009713769,2422791.009713769,0.0,6,-0.05690956264757099,False,False,8,33
2001-09-27 00:00:00+00:00,9753374.757567555,8122322.492072494,1631052.2654950619,1631052.2654950619,1631052.2654950619,0.0,4,-0.04801818008379944,False,False,8,33
2001-09-28 00:00:00+00:00,9767482.697801938,8575257.49387919,1192225.2039227486,1192225.2039227486,1192225.2039227486,0.0,3,-0.04664116925898961,False,False,8,33
2001-10-01 00:00:00+00:00,9765031.07884416,8984730.313357443,780300.7654867172,780300.7654867172,780300.7654867172,0.0,2,-0.04688046045154388,False,False,8,33
2001-10-02 00:00:00+00:00,9756409.042871565,8984730.313357443,771678.729514122,771678.729514122,771678.729514122,0.0,2,-0.04772201752287507,False,False,8,33
2001-10-03 00:00:00+00:00,9752533.829248518,8984730.313357443,767803.5158910751,767803.5158910751,767803.5158910751,0.0,2,-0.04810025920938157,False,False,8,33
2001-10-04 00:00:00+00:00,9758135.970077604,8984730.313357443,773405.6567201614,773405.6567201614,773405.6567201614,0.0,2,-0.04755346014193442,False,False,8,33
2001-10-05 00:00:00+00:00,9754286.288613409,8984730.313357443,769555.9752559662,769555.9752559662,769555.9752559662,0.0,2,-0.047929209752451414,False,False,8,33
2001-10-08 00:00:00+00:00,9748582.857710298,8593166.590896722,1155416.2668135762,1155416.2668135762,1155416.2668135762,0.0,3,-0.04848589527575675,False,False,8,33
2001-10-09 00:00:00+00:00,9756962.557315644,8593166.590896722,1163795.966418922,1163795.966418922,1163795.966418922,0.0,3,-0.04766799153690384,False,False,8,33
2001-10-10 00:00:00+00:00,9753261.016715791,8966959.024726178,786301.9919896126,786301.9919896126,786301.9919896126,0.0,2,-0.04802928180251242,False,False,8,33
2001-10-11 00:00:00+00:00,9769664.308442857,8966959.024726178,802705.2837166786,802705.2837166786,802705.2837166786,0.0,2,-0.04642823232998675,False,False,8,33
2001-10-12 00:00:00+00:00,9770925.045439085,9380446.510442397,390478.53499668837,390478.53499668837,390478.53499668837,0.0,1,-0.04630517762021325,False,False,8,33
2001-10-15 00:00:00+00:00,9770310.610349795,9380446.510442397,389864.0999073982,389864.0999073982,389864.0999073982,0.0,1,-0.04636514978872538,False,False,8,33
2001-10-16 00:00:00+00:00,9773382.822419902,9380446.510442397,392936.3119775057,392936.3119775057,392936.3119775057,0.0,1,-0.046065285371498906,False,False,8,33
2001-10-17 00:00:00+00:00,9772605.161344513,9381711.161344513,390894.0,390894.0,390894.0,0.0,1,-0.046141189273915084,False,False,8,33
2001-10-18 00:00:00+00:00,9776918.161344513,9381711.161344513,395207.0,395207.0,395207.0,0.0,1,-0.045720217283054906,False,False,8,33
2001-10-19 00:00:00+00:00,9773059.161344513,9381711.161344513,391348.0,391348.0,391348.0,0.0,1,-0.046096876432771904,False,False,8,33
2001-10-22 00:00:00+00:00,9765677.790296745,8990356.96440376,775320.8258929849,775320.8258929849,775320.8258929849,0.0,2,-0.04681733793642524,False,False,8,33
2001-10-23 00:00:00+00:00,9768058.85962398,8990356.96440376,777701.8952202201,777701.8952202201,777701.8952202201,0.0,2,-0.04658493276715506,False,False,8,34
2001-10-24 00:00:00+00:00,9761250.020846087,9371903.24117126,389346.77967482805,389346.77967482805,389346.77967482805,0.0,1,-0.04724951204278113,False,False,8,34
2001-10-25 00:00:00+00:00,9763140.067064244,9371903.24117126,391236.82589298487,391236.82589298487,391236.82589298487,0.0,1,-0.04706503336917223,False,False,8,34
2001-10-26 00:00:00+00:00,9769125.188387353,9371903.24117126,397221.94721609354,397221.94721609354,397221.94721609354,0.0,1,-0.04648085334623489,False,False,8,34
2001-10-29 00:00:00+00:00,9765305.806085238,9765305.806085238,0.0,0.0,0.0,0.0,0,-0.04685364559561522,False,False,8,34
2001-10-30 00:00:00+00:00,9765305.806085238,9765305.806085238,0.0,0.0,0.0,0.0,0,-0.04685364559561522,False,False,8,34
2001-10-31 00:00:00+00:00,9765305.806085238,9765305.806085238,0.0,0.0,0.0,0.0,0,-0.04685364559561522,False,False,8,34
2001-11-01 00:00:00+00:00,9765305.806085238,9765305.806085238,0.0,0.0,0.0,0.0,0,-0.04685364559561522,False,False,8,34
2001-11-02 00:00:00+00:00,9764001.731280826,9377413.465434574,386588.26584625244,386588.26584625244,386588.26584625244,0.0,1,-0.04698093030849349,False,False,8,34
2001-11-05 00:00:00+00:00,9760936.614203952,9377413.465434574,383523.14876937866,383523.14876937866,383523.14876937866,0.0,1,-0.047280102216230815,False,False,8,34
2001-11-06 00:00:00+00:00,9759020.906896137,9377413.465434574,381607.4414615631,381607.4414615631,381607.4414615631,0.0,1,-0.047467085550169257,False,False,8,34
2001-11-07 00:00:00+00:00,9762277.5983577,9377413.465434574,384864.1329231262,384864.1329231262,384864.1329231262,0.0,1,-0.047149214952397045,False,False,8,34
2001-11-08 00:00:00+00:00,9782967.156896137,9377413.465434574,405553.6914615631,405553.6914615631,405553.6914615631,0.0,1,-0.04512980279196489,False,False,8,34
2001-11-09 00:00:00+00:00,9797831.33120642,9797831.33120642,0.0,0.0,0.0,0.0,0,-0.043678979455101276,False,False,8,34
2001-11-12 00:00:00+00:00,9797831.33120642,9797831.33120642,0.0,0.0,0.0,0.0,0,-0.043678979455101276,False,False,8,34
2001-11-13 00:00:00+00:00,9797831.33120642,9797831.33120642,0.0,0.0,0.0,0.0,0,-0.043678979455101276,False,False,8,34
2001-11-14 00:00:00+00:00,9797831.33120642,9797831.33120642,0.0,0.0,0.0,0.0,0,-0.043678979455101276,False,False,8,34
2001-11-15 00:00:00+00:00,9797831.33120642,9797831.33120642,0.0,0.0,0.0,0.0,0,-0.043678979455101276,False,False,8,34
2001-11-16 00:00:00+00:00,9806976.99726704,9402041.211845668,404935.78542137146,404935.78542137146,404935.78542137146,0.0,1,-0.042786313271637066,False,False,8,34
2001-11-19 00:00:00+00:00,9800014.676424297,9402041.211845668,397973.46457862854,397973.46457862854,397973.46457862854,0.0,1,-0.043465873222060615,False,False,8,34
2001-11-20 00:00:00+00:00,9832131.05327824,9402041.211845668,430089.8414325714,430089.8414325714,430089.8414325714,0.0,1,-0.0403311421524061,False,False,8,34
2001-11-21 00:00:00+00:00,9827863.83128384,9402041.211845668,425822.6194381714,425822.6194381714,425822.6194381714,0.0,1,-0.04074764596377288,False,False,8,34
2001-11-22 00:00:00+00:00,9402041.211845668,9402041.211845668,0.0,0.0,0.0,0.0,1,-0.08231022325525929,False,False,8,34
2001-11-23 00:00:00+00:00,9402041.211845668,9402041.211845668,0.0,0.0,0.0,0.0,1,-0.08231022325525929,False,False,8,34
2001-11-26 00:00:00+00:00,9821799.933840068,9402041.211845668,419758.7219944,419758.7219944,419758.7219944,0.0,1,-0.04133951495966352,False,False,8,34
2001-11-27 00:00:00+00:00,9839542.521564754,9402041.211845668,437501.3097190857,437501.3097190857,437501.3097190857,0.0,1,-0.03960774299641933,False,False,8,34
2001-11-28 00:00:00+00:00,9830840.120852474,9830840.120852474,0.0,0.0,0.0,0.0,0,-0.0404571440984623,False,False,8,34
2001-11-29 00:00:00+00:00,9830840.120852474,9830840.120852474,0.0,0.0,0.0,0.0,0,-0.0404571440984623,False,False,8,34
2001-11-30 00:00:00+00:00,9830840.120852474,9830840.120852474,0.0,0.0,0.0,0.0,0,-0.0404571440984623,False,False,8,34
2001-12-03 00:00:00+00:00,9830840.120852474,9830840.120852474,0.0,0.0,0.0,0.0,0,-0.0404571440984623,False,False,8,34
2001-12-04 00:00:00+00:00,9830840.120852474,9830840.120852474,0.0,0.0,0.0,0.0,0,-0.0404571440984623,False,False,8,34
2001-12-05 00:00:00+00:00,9830840.120852474,9830840.120852474,0.0,0.0,0.0,0.0,0,-0.0404571440984623,False,False,8,34
2001-12-06 00:00:00+00:00,9830840.120852474,9830840.120852474,0.0,0.0,0.0,0.0,0,-0.0404571440984623,False,False,8,34
2001-12-07 00:00:00+00:00,9830840.120852474,9830840.120852474,0.0,0.0,0.0,0.0,0,-0.0404571440984623,False,False,8,34
2001-12-10 00:00:00+00:00,9830840.120852474,9830840.120852474,0.0,0.0,0.0,0.0,0,-0.0404571440984623,False,False,8,34
2001-12-11 00:00:00+00:00,9830840.120852474,9830840.120852474,0.0,0.0,0.0,0.0,0,-0.0404571440984623,False,False,8,34
2001-12-12 00:00:00+00:00,9830840.120852474,9830840.120852474,0.0,0.0,0.0,0.0,0,-0.0404571440984623,False,False,8,34
2001-12-13 00:00:00+00:00,9830840.120852474,9830840.120852474,0.0,0.0,0.0,0.0,0,-0.0404571440984623,False,False,8,34
2001-12-14 00:00:00+00:00,9830840.120852474,9830840.120852474,0.0,0.0,0.0,0.0,0,-0.0404571440984623,False,False,8,34
2001-12-17 00:00:00+00:00,9830722.151247138,9437490.13346302,393232.01778411865,393232.01778411865,393232.01778411865,0.0,1,-0.040468658566261806,False,False,8,34
2001-12-18 00:00:00+00:00,9838647.056261176,9437490.13346302,401156.92279815674,401156.92279815674,401156.92279815674,0.0,1,-0.03969514522493619,False,False,8,34
2001-12-19 00:00:00+00:00,9827127.870095935,9041879.28270885,785248.587387085,785248.587387085,785248.587387085,0.0,2,-0.04081947973295165,False,False,8,34
2001-12-20 00:00:00+00:00,9837812.172782494,8648401.913444115,1189410.259338379,1189410.259338379,1189410.259338379,0.0,3,-0.039776634341596805,False,False,8,34
2001-12-21 00:00:00+00:00,9830911.927356316,8648401.913444115,1182510.013912201,1182510.013912201,1182510.013912201,0.0,3,-0.04045013539758613,False,False,8,34
2001-12-24 00:00:00+00:00,9839662.345058192,8281781.35401224,1557880.9910459518,1557880.9910459518,1557880.9910459518,0.0,4,-0.03959604757917278,False,False,8,35
2001-12-25 00:00:00+00:00,9839313.50252681,7869902.89074116,1969410.6117856503,1969410.6117856503,1969410.6117856503,0.0,5,-0.039630096485950485,False,False,8,35
2001-12-26 00:00:00+00:00,9829575.638178641,7457772.873898322,2371802.764280319,2371802.764280319,2371802.764280319,0.0,6,-0.040580564406510464,False,False,8,35
2001-12-27 00:00:00+00:00,9786064.521227414,7457772.873898322,2328291.647329092,2328291.647329092,2328291.647329092,0.0,6,-0.04482748337880538,False,False,9,35
2001-12-28 00:00:00+00:00,9837089.180638844,7457772.873898322,2379316.3067405224,2379316.3067405224,2379316.3067405224,0.0,6,-0.039847202262322155,False,False,9,35
2001-12-31 00:00:00+00:00,9910080.465088133,7860543.438765767,2049537.0263223648,2049537.0263223648,2049537.0263223648,0.0,5,-0.032722860428318394,False,False,9,35
2002-01-01 00:00:00+00:00,9906110.86540826,8666185.788380224,1239925.0770280361,1239925.0770280361,1239925.0770280361,0.0,3,-0.033110314701481805,False,False,9,35
2002-01-02 00:00:00+00:00,9898888.565463165,8700799.336814502,1198089.2286486626,1198089.2286486626,1198089.2286486626,0.0,3,-0.033815250010194114,False,False,9,35
2002-01-03 00:00:00+00:00,9900066.350550273,8700799.336814502,1199267.0137357712,1199267.0137357712,1199267.0137357712,0.0,3,-0.033700291852780354,False,False,9,35
2002-01-04 00:00:00+00:00,9906308.428340057,8700799.336814502,1205509.0915255547,1205509.0915255547,1205509.0915255547,0.0,3,-0.03309103149704903,False,False,9,35
2002-01-07 00:00:00+00:00,9903603.465041252,9101603.359779926,802000.1052613258,802000.1052613258,802000.1052613258,0.0,2,-0.03335505045951174,False,False,9,35
2002-01-08 00:00:00+00:00,9896887.573229404,9101603.359779926,795284.2134494781,795284.2134494781,795284.2134494781,0.0,2,-0.03401055761147906,False,False,9,35
2002-01-09 00:00:00+00:00,9905149.691137088,9509339.689673675,395810.00146341324,395810.00146341324,395810.00146341324,0.0,1,-0.03320413047855086,False,False,9,35
2002-01-10 00:00:00+00:00,9895705.189673675,9509339.689673675,386365.5,386365.5,386365.5,0.0,1,-0.03412596460415598,False,False,9,35
2002-01-11 00:00:00+00:00,9895705.189673675,9509339.689673675,386365.5,386365.5,386365.5,0.0,1,-0.03412596460415598,False,False,9,35
2002-01-14 00:00:00+00:00,9930048.797861828,9509339.689673675,420709.1081881523,420709.1081881523,420709.1081881523,0.0,1,-0.03077384378053246,False,False,9,35
2002-01-15 00:00:00+00:00,9920373.644495266,9920373.644495266,0.0,0.0,0.0,0.0,0,-0.03171819077209265,False,False,9,35
2002-01-16 00:00:00+00:00,9920373.644495266,9920373.644495266,0.0,0.0,0.0,0.0,0,-0.03171819077209265,False,False,9,35
2002-01-17 00:00:00+00:00,9920373.644495266,9920373.644495266,0.0,0.0,0.0,0.0,0,-0.03171819077209265,False,False,9,35
2002-01-18 00:00:00+00:00,9920373.644495266,9920373.644495266,0.0,0.0,0.0,0.0,0,-0.03171819077209265,False,False,9,35
2002-01-21 00:00:00+00:00,9920373.644495266,9920373.644495266,0.0,0.0,0.0,0.0,0,-0.03171819077209265,False,False,9,35
2002-01-22 00:00:00+00:00,9920373.644495266,9920373.644495266,0.0,0.0,0.0,0.0,0,-0.03171819077209265,False,False,9,35
2002-01-23 00:00:00+00:00,9920373.644495266,9920373.644495266,0.0,0.0,0.0,0.0,0,-0.03171819077209265,False,False,9,35
2002-01-24 00:00:00+00:00,9920373.644495266,9920373.644495266,0.0,0.0,0.0,0.0,0,-0.03171819077209265,False,False,9,35
2002-01-25 00:00:00+00:00,9920373.644495266,9920373.644495266,0.0,0.0,0.0,0.0,0,-0.03171819077209265,False,False,9,35
2002-01-28 00:00:00+00:00,9920373.644495266,9920373.644495266,0.0,0.0,0.0,0.0,0,-0.03171819077209265,False,False,9,35
2002-01-29 00:00:00+00:00,9920373.644495266,9920373.644495266,0.0,0.0,0.0,0.0,0,-0.03171819077209265,False,False,9,35
2002-01-30 00:00:00+00:00,9920373.644495266,9920373.644495266,0.0,0.0,0.0,0.0,0,-0.03171819077209265,False,False,9,35
2002-01-31 00:00:00+00:00,9920373.644495266,9920373.644495266,0.0,0.0,0.0,0.0,0,-0.03171819077209265,False,False,9,35
2002-02-01 00:00:00+00:00,9907053.543901177,9503999.710267754,403053.83363342285,403053.83363342285,403053.83363342285,0.0,1,-0.03301830421182165,False,False,9,35
2002-02-04 00:00:00+00:00,9904863.043451043,9503999.710267754,400863.3331832886,400863.3331832886,400863.3331832886,0.0,1,-0.033232108834004154,False,False,9,36
2002-02-05 00:00:00+00:00,9913071.184158102,9913071.184158102,0.0,0.0,0.0,0.0,0,-0.03243095016609064,False,False,9,36
2002-02-06 00:00:00+00:00,9913071.184158102,9913071.184158102,0.0,0.0,0.0,0.0,0,-0.03243095016609064,False,False,9,36
2002-02-07 00:00:00+00:00,9931986.427468628,9513394.195672363,418592.23179626465,418592.23179626465,418592.23179626465,0.0,1,-0.030584720712337636,False,False,9,36
2002-02-08 00:00:00+00:00,9931082.863208,9931082.863208,0.0,0.0,0.0,0.0,0,-0.030672913442610462,False,False,9,36
2002-02-11 00:00:00+00:00,9931082.863208,9931082.863208,0.0,0.0,0.0,0.0,0,-0.030672913442610462,False,False,9,36
2002-02-12 00:00:00+00:00,9931082.863208,9931082.863208,0.0,0.0,0.0,0.0,0,-0.030672913442610462,False,False,9,36
2002-02-13 00:00:00+00:00,9931082.863208,9931082.863208,0.0,0.0,0.0,0.0,0,-0.030672913442610462,False,False,9,36
2002-02-14 00:00:00+00:00,9931082.863208,9931082.863208,0.0,0.0,0.0,0.0,0,-0.030672913442610462,False,False,9,36
2002-02-15 00:00:00+00:00,9931082.863208,9931082.863208,0.0,0.0,0.0,0.0,0,-0.030672913442610462,False,False,9,36
2002-02-18 00:00:00+00:00,9931082.863208,9931082.863208,0.0,0.0,0.0,0.0,0,-0.030672913442610462,False,False,9,36
2002-02-19 00:00:00+00:00,9931082.863208,9931082.863208,0.0,0.0,0.0,0.0,0,-0.030672913442610462,False,False,9,36
2002-02-20 00:00:00+00:00,9931082.863208,9931082.863208,0.0,0.0,0.0,0.0,0,-0.030672913442610462,False,False,9,36
2002-02-21 00:00:00+00:00,9931082.863208,9931082.863208,0.0,0.0,0.0,0.0,0,-0.030672913442610462,False,False,9,36
2002-02-22 00:00:00+00:00,9931082.863208,9931082.863208,0.0,0.0,0.0,0.0,0,-0.030672913442610462,False,False,9,36
2002-02-25 00:00:00+00:00,9931082.863208,9931082.863208,0.0,0.0,0.0,0.0,0,-0.030672913442610462,False,False,9,36
2002-02-26 00:00:00+00:00,9931082.863208,9931082.863208,0.0,0.0,0.0,0.0,0,-0.030672913442610462,False,False,9,36
2002-02-27 00:00:00+00:00,9931082.863208,9931082.863208,0.0,0.0,0.0,0.0,0,-0.030672913442610462,False,False,9,36
2002-02-28 00:00:00+00:00,9931082.863208,9931082.863208,0.0,0.0,0.0,0.0,0,-0.030672913442610462,False,False,9,36
2002-03-01 00:00:00+00:00,9929324.390054945,8740125.268373732,1189199.1216812134,1189199.1216812134,1189199.1216812134,0.0,3,-0.03084454987760133,False,False,9,36
2002-03-04 00:00:00+00:00,9934164.446878675,8740125.268373732,1194039.1785049438,1194039.1785049438,1194039.1785049438,0.0,3,-0.03037213430677773,False,False,9,36
2002-03-05 00:00:00+00:00,9929572.017908338,8740125.268373732,1189446.749534607,1189446.749534607,1189446.749534607,0.0,3,-0.030820380067623235,False,False,9,36
2002-03-06 00:00:00+00:00,9944648.124918226,8740125.268373732,1204522.8565444946,1204522.8565444946,1204522.8565444946,0.0,3,-0.029348870959723064,False,False,9,36
2002-03-07 00:00:00+00:00,9944184.039217237,8740125.268373732,1204058.7708435059,1204058.7708435059,1204058.7708435059,0.0,3,-0.02939416821951323,False,False,9,36
2002-03-08 00:00:00+00:00,9939938.483324293,8740125.268373732,1199813.2149505615,1199813.2149505615,1199813.2149505615,0.0,3,-0.02980855730288001,False,False,9,36
2002-03-11 00:00:00+00:00,9937803.003702406,8740125.268373732,1197677.7353286743,1197677.7353286743,1197677.7353286743,0.0,3,-0.0300169915963804,False,False,9,36
2002-03-12 00:00:00+00:00,9934943.218652967,8740125.268373732,1194817.9502792358,1194817.9502792358,1194817.9502792358,0.0,3,-0.03029612199417643,False,False,9,36
2002-03-13 00:00:00+00:00,9937537.646329165,8743386.990920305,1194150.6554088593,1194150.6554088593,1194150.6554088593,0.0,3,-0.030042891902826687,False,False,9,36
2002-03-14 00:00:00+00:00,9945894.564868212,8743386.990920305,1202507.5739479065,1202507.5739479065,1202507.5739479065,0.0,3,-0.02922721171853756,False,False,9,36
2002-03-15 00:00:00+00:00,9952704.573968172,8743386.990920305,1209317.5830478668,1209317.5830478668,1209317.5830478668,0.0,3,-0.028562518213184857,False,False,9,36
2002-03-18 00:00:00+00:00,9962114.141507635,9158196.74190093,803917.3996067047,803917.3996067047,803917.3996067047,0.0,2,-0.027644093826395866,False,False,9,36
2002-03-19 00:00:00+00:00,9958378.294169912,9158196.74190093,800181.5522689819,800181.5522689819,800181.5522689819,0.0,2,-0.028008732614086762,False,False,9,36
2002-03-20 00:00:00+00:00,9951547.464359231,9563445.811708398,388101.65265083313,388101.65265083313,388101.65265083313,0.0,1,-0.028675458332758065,False,False,9,36
2002-03-21 00:00:00+00:00,9956672.353184648,9563445.811708398,393226.5414762497,393226.5414762497,393226.5414762497,0.0,1,-0.02817524162703753,False,False,9,36
2002-03-22 00:00:00+00:00,9944945.8958034,9563445.811708398,381500.0840950012,381500.0840950012,381500.0840950012,0.0,1,-0.02931980692022583,False,False,9,36
2002-03-25 00:00:00+00:00,9944945.8958034,9563445.811708398,381500.0840950012,381500.0840950012,381500.0840950012,0.0,1,-0.02931980692022583,False,False,9,36
2002-03-26 00:00:00+00:00,9929831.839359231,9563445.811708398,366386.02765083313,366386.02765083313,366386.02765083313,0.0,1,-0.030795020096964637,False,False,9,37
2002-03-27 00:00:00+00:00,9936354.054101367,9936354.054101367,0.0,0.0,0.0,0.0,0,-0.03015841686839653,False,False,9,37
2002-03-28 00:00:00+00:00,9930793.144044096,9529157.928084547,401635.21595954895,401635.21595954895,401635.21595954895,0.0,1,-0.030701191590817974,False,False,9,37
2002-03-29 00:00:00+00:00,9930793.144044096,9529157.928084547,401635.21595954895,401635.21595954895,401635.21595954895,0.0,1,-0.030701191590817974,False,False,9,37
2002-04-01 00:00:00+00:00,9947527.928084547,9529157.928084547,418370.0,418370.0,418370.0,0.0,1,-0.029067786686082585,False,False,9,37
2002-04-02 00:00:00+00:00,9954512.566616774,9954512.566616774,0.0,0.0,0.0,0.0,0,-0.02838604840916391,False,False,9,37
2002-04-03 00:00:00+00:00,9954512.566616774,9954512.566616774,0.0,0.0,0.0,0.0,0,-0.02838604840916391,False,False,9,37
2002-04-04 00:00:00+00:00,9947452.213708699,9550229.835399449,397222.3783092499,397222.3783092499,397222.3783092499,0.0,1,-0.02907517681627907,False,False,9,37
2002-04-05 00:00:00+00:00,9939068.322369397,9550229.835399449,388838.4869699478,388838.4869699478,388838.4869699478,0.0,1,-0.029893489690904936,False,False,9,37
2002-04-08 00:00:00+00:00,9924757.919586003,9550229.835399449,374528.08418655396,374528.08418655396,374528.08418655396,0.0,1,-0.03129026194913268,False,False,9,38
2002-04-09 00:00:00+00:00,9923058.852875728,9923058.852875728,0.0,0.0,0.0,0.0,0,-0.03145609999588172,False,False,9,38
2002-04-10 00:00:00+00:00,9923058.852875728,9923058.852875728,0.0,0.0,0.0,0.0,0,-0.03145609999588172,False,False,9,38
2002-04-11 00:00:00+00:00,9923058.852875728,9923058.852875728,0.0,0.0,0.0,0.0,0,-0.03145609999588172,False,False,9,38
2002-04-12 00:00:00+00:00,9923058.852875728,9923058.852875728,0.0,0.0,0.0,0.0,0,-0.03145609999588172,False,False,9,38
2002-04-15 00:00:00+00:00,9923058.852875728,9923058.852875728,0.0,0.0,0.0,0.0,0,-0.03145609999588172,False,False,9,38
2002-04-16 00:00:00+00:00,9923058.852875728,9923058.852875728,0.0,0.0,0.0,0.0,0,-0.03145609999588172,False,False,9,38
2002-04-17 00:00:00+00:00,9911110.851080522,9521070.245352373,390040.6057281494,390040.6057281494,390040.6057281494,0.0,1,-0.032622289215109374,False,False,9,38
2002-04-18 00:00:00+00:00,9906606.033896074,9521070.245352373,385535.7885437012,385535.7885437012,385535.7885437012,0.0,1,-0.033061983594566434,False,False,9,38
2002-04-19 00:00:00+00:00,9902288.956808671,9521070.245352373,381218.7114562988,381218.7114562988,381218.7114562988,0.0,1,-0.03348335353107944,False,False,9,38
2002-04-22 00:00:00+00:00,9902466.375678677,8728578.481310505,1173887.8943681717,1173887.8943681717,1173887.8943681717,0.0,3,-0.033466036495391406,False,False,9,38
2002-04-23 00:00:00+00:00,9915826.353910107,8728578.481310505,1187247.8725996017,1187247.8725996017,1187247.8725996017,0.0,3,-0.03216203078383711,False,False,9,38
2002-04-24 00:00:00+00:00,9922592.128759999,8728578.481310505,1194013.6474494934,1194013.6474494934,1194013.6474494934,0.0,3,-0.03150165477913723,False,False,9,38
2002-04-25 00:00:00+00:00,9922124.151255269,8728578.481310505,1193545.6699447632,1193545.6699447632,1193545.6699447632,0.0,3,-0.03154733189989866,False,False,9,38
2002-04-26 00:00:00+00:00,9916213.65279736,8728578.481310505,1187635.1714868546,1187635.1714868546,1187635.1714868546,0.0,3,-0.03212422832994776,False,False,9,38
2002-04-29 00:00:00+00:00,9898961.529118199,8728578.481310505,1170383.0478076935,1170383.0478076935,1170383.0478076935,0.0,3,-0.0338081283651396,False,False,9,38
2002-04-30 00:00:00+00:00,9907300.230497995,7936182.782474199,1971117.448023796,1971117.448023796,1971117.448023796,0.0,5,-0.032994226273546416,False,False,9,39
2002-05-01 00:00:00+00:00,9522789.493031198,8316161.254724199,1206628.2383069992,1206628.2383069992,1206628.2383069992,0.0,4,-0.07052454175198626,False,False,9,39
2002-05-02 00:00:00+00:00,9924163.5950486,8316161.254724199,1608002.3403244019,1608002.3403244019,1608002.3403244019,0.0,4,-0.031348271219646756,False,False,9,39
2002-05-03 00:00:00+00:00,9934740.422737772,8316161.254724199,1618579.1680135727,1618579.1680135727,1618579.1680135727,0.0,4,-0.030315915965926546,False,False,9,39
2002-05-06 00:00:00+00:00,9934947.888047272,8740526.568219239,1194421.3198280334,1194421.3198280334,1194421.3198280334,0.0,3,-0.030295666236185084,False,False,9,39
2002-05-07 00:00:00+00:00,9948788.935091065,9135192.512891816,813596.4221992493,813596.4221992493,813596.4221992493,0.0,2,-0.028944705621852876,False,False,9,40
2002-05-08 00:00:00+00:00,9949051.99276747,9949051.99276747,0.0,0.0,0.0,0.0,0,-0.02891902977818324,False,False,9,40
2002-05-09 00:00:00+00:00,9949051.99276747,9949051.99276747,0.0,0.0,0.0,0.0,0,-0.02891902977818324,False,False,9,40
2002-05-10 00:00:00+00:00,9949051.99276747,9949051.99276747,0.0,0.0,0.0,0.0,0,-0.02891902977818324,False,False,9,40
2002-05-13 00:00:00+00:00,9949051.99276747,9949051.99276747,0.0,0.0,0.0,0.0,0,-0.02891902977818324,False,False,9,40
2002-05-14 00:00:00+00:00,9949051.99276747,9949051.99276747,0.0,0.0,0.0,0.0,0,-0.02891902977818324,False,False,9,40
2002-05-15 00:00:00+00:00,9949051.99276747,9949051.99276747,0.0,0.0,0.0,0.0,0,-0.02891902977818324,False,False,9,40
2002-05-16 00:00:00+00:00,9949051.99276747,9949051.99276747,0.0,0.0,0.0,0.0,0,-0.02891902977818324,False,False,9,40
2002-05-17 00:00:00+00:00,9945693.131635468,9549807.011689942,395886.1199455261,395886.1199455261,395886.1199455261,0.0,1,-0.02924687268515322,False,False,9,40
2002-05-20 00:00:00+00:00,9867382.058222327,8758752.967183147,1108629.0910391808,1108629.0910391808,1108629.0910391808,0.0,3,-0.03689045452636054,False,False,9,42
2002-05-21 00:00:00+00:00,9836235.01120561,9064581.489173826,771653.522031784,771653.522031784,771653.522031784,0.0,2,-0.039930573791846974,False,False,9,43
2002-05-22 00:00:00+00:00,9866418.941010093,7060908.270447111,2805510.6705629826,2805510.6705629826,2805510.6705629826,0.0,7,-0.036984459944924386,False,False,9,43
2002-05-23 00:00:00+00:00,9833489.234906768,7060908.270447111,2772580.9644596577,2772580.9644596577,2772580.9644596577,0.0,7,-0.040198576322563406,False,False,11,43
2002-05-24 00:00:00+00:00,10000702.063533163,7060908.270447111,2939793.793086052,2939793.793086052,2939793.793086052,0.0,7,-0.02387770515070758,False,False,11,44
2002-05-27 00:00:00+00:00,9991091.314093342,7932507.328856459,2058583.9852368832,2058583.9852368832,2058583.9852368832,0.0,5,-0.02481576597272001,False,False,11,44
2002-05-28 00:00:00+00:00,9928931.61328434,7932507.328856459,1996424.2844278812,1996424.2844278812,1996424.2844278812,0.0,5,-0.030882887002360224,False,False,11,44
2002-05-29 00:00:00+00:00,9975437.921087256,7932507.328856459,2042930.5922307968,2042930.5922307968,2042930.5922307968,0.0,5,-0.026343621297897118,False,False,11,44
2002-05-30 00:00:00+00:00,9963228.406024996,8393290.346319262,1569938.0597057343,1569938.0597057343,1569938.0597057343,0.0,4,-0.027535335618137476,False,False,11,44
2002-05-31 00:00:00+00:00,9970756.407674853,8393290.346319262,1577466.0613555908,1577466.0613555908,1577466.0613555908,0.0,4,-0.026800562179292407,False,False,11,44
2002-06-03 00:00:00+00:00,9978421.870439429,7984455.841742414,1993966.0286970139,1993966.0286970139,1993966.0286970139,0.0,5,-0.026052371796526787,False,False,11,44
2002-06-04 00:00:00+00:00,9983259.865097655,8787709.256864203,1195550.6082334518,1195550.6082334518,1195550.6082334518,0.0,3,-0.025580157504144604,False,False,11,44
2002-06-05 00:00:00+00:00,10004822.768173745,9203115.004330209,801707.7638435364,801707.7638435364,801707.7638435364,0.0,2,-0.023475502220892456,False,False,11,44
2002-06-06 00:00:00+00:00,9999982.30704767,9605619.62848646,394362.67856121063,394362.67856121063,394362.67856121063,0.0,1,-0.02394795725379872,False,False,11,44
2002-06-07 00:00:00+00:00,9992174.905426806,9605619.62848646,386555.27694034576,386555.27694034576,386555.27694034576,0.0,1,-0.024710001632138722,False,False,11,44
2002-06-10 00:00:00+00:00,9997665.0232876,9605619.62848646,392045.39480113983,392045.39480113983,392045.39480113983,0.0,1,-0.024174136608740748,False,False,11,44
2002-06-11 00:00:00+00:00,10002691.696101015,9605619.62848646,397072.06761455536,397072.06761455536,397072.06761455536,0.0,1,-0.0236835063138958,False,False,11,44
2002-06-12 00:00:00+00:00,10009500.897134608,9605619.62848646,403881.2686481476,403881.2686481476,403881.2686481476,0.0,1,-0.023018891680165576,False,False,11,44
2002-06-13 00:00:00+00:00,10012245.956065005,9605619.62848646,406626.3275785446,406626.3275785446,406626.3275785446,0.0,1,-0.022750959168466586,False,False,11,44
2002-06-14 00:00:00+00:00,10014150.968543401,10014150.968543401,0.0,0.0,0.0,0.0,0,-0.022565019707385215,False,False,11,44
2002-06-17 00:00:00+00:00,10014150.968543401,10014150.968543401,0.0,0.0,0.0,0.0,0,-0.022565019707385215,False,False,11,44
2002-06-18 00:00:00+00:00,10014150.968543401,10014150.968543401,0.0,0.0,0.0,0.0,0,-0.022565019707385215,False,False,11,44
2002-06-19 00:00:00+00:00,10009478.181949992,9609919.074886698,399559.10706329346,399559.10706329346,399559.10706329346,0.0,1,-0.023021108804322895,False,False,11,44
2002-06-20 00:00:00+00:00,9999564.291386027,9609919.074886698,389645.2164993286,389645.2164993286,389645.2164993286,0.0,1,-0.023988757830031723,False,False,11,44
2002-06-21 00:00:00+00:00,10000824.52016868,9609919.074886698,390905.4452819824,390905.4452819824,390905.4452819824,0.0,1,-0.023865752724635696,False,False,11,44
2002-06-24 00:00:00+00:00,10001471.918138497,9206931.90454673,794540.0135917664,794540.0135917664,794540.0135917664,0.0,2,-0.02380256320174392,False,False,11,44
2002-06-25 00:00:00+00:00,10000984.205671303,9206931.90454673,794052.3011245728,794052.3011245728,794052.3011245728,0.0,2,-0.023850166560956027,False,False,11,44
2002-06-26 00:00:00+00:00,9996350.220552437,9206931.90454673,789418.3160057068,789418.3160057068,789418.3160057068,0.0,2,-0.02430246842534402,False,False,11,44
2002-06-27 00:00:00+00:00,9997693.161420815,9206931.90454673,790761.2568740845,790761.2568740845,790761.2568740845,0.0,2,-0.02417139017564116,False,False,11,44
2002-06-28 00:00:00+00:00,10004580.233587258,9206931.90454673,797648.3290405273,797648.3290405273,797648.3290405273,0.0,2,-0.023499174900634173,False,False,11,44
2002-07-01 00:00:00+00:00,10027882.912745785,8807716.748191189,1220166.164554596,1220166.164554596,1220166.164554596,0.0,3,-0.021224708117016933,False,False,11,44
2002-07-02 00:00:00+00:00,10025677.81327374,8807716.748191189,1217961.06508255,1217961.06508255,1217961.06508255,0.0,3,-0.021439937682236475,False,False,11,44
2002-07-03 00:00:00+00:00,10028763.691363644,8807716.748191189,1221046.9431724548,1221046.9431724548,1221046.9431724548,0.0,3,-0.021138739387996035,False,False,11,44
2002-07-04 00:00:00+00:00,10042707.141733214,9208721.890806243,833985.2509269714,833985.2509269714,833985.2509269714,0.0,2,-0.019777783658448605,False,False,11,44
2002-07-05 00:00:00+00:00,10042363.490378091,9641215.168719003,401148.32165908813,401148.32165908813,401148.32165908813,0.0,1,-0.01981132587851074,False,False,11,44
2002-07-08 00:00:00+00:00,10043339.615378091,9641215.168719003,402124.44665908813,402124.44665908813,402124.44665908813,0.0,1,-0.019716050829918487,False,False,11,44
2002-07-09 00:00:00+00:00,10048181.21682615,9641215.168719003,406966.0481071472,406966.0481071472,406966.0481071472,0.0,1,-0.019243484495455022,False,False,11,44
2002-07-10 00:00:00+00:00,10050277.179699145,10050277.179699145,0.0,0.0,0.0,0.0,0,-0.019038907249126772,False,False,11,44
2002-07-11 00:00:00+00:00,10050277.179699145,10050277.179699145,0.0,0.0,0.0,0.0,0,-0.019038907249126772,False,False,11,44
2002-07-12 00:00:00+00:00,10046577.756871348,9645229.20498765,401348.5518836975,401348.5518836975,401348.5518836975,0.0,1,-0.019399990808795512,False,False,11,44
2002-07-15 00:00:00+00:00,10022961.931585882,9241199.167563055,781762.7640228271,781762.7640228271,781762.7640228271,0.0,2,-0.021705022338178493,False,False,11,44
2002-07-16 00:00:00+00:00,10020698.113463245,8839682.57780131,1181015.5356619358,1181015.5356619358,1181015.5356619358,0.0,3,-0.02192598315942395,False,False,11,44
2002-07-17 00:00:00+00:00,10023457.263359033,8839682.57780131,1183774.685557723,1183774.685557723,1183774.685557723,0.0,3,-0.021656675293736216,False,False,11,44
2002-07-18 00:00:00+00:00,10028368.309119359,8431838.375491872,1596529.9336274862,1596529.9336274862,1596529.9336274862,0.0,4,-0.02117733082099569,False,False,11,44
2002-07-19 00:00:00+00:00,10002723.15627493,8431838.375491872,1570884.7807830572,1570884.7807830572,1570884.7807830572,0.0,4,-0.02368043563176145,False,False,11,44
2002-07-22 00:00:00+00:00,9960296.275671259,8431838.375491872,1528457.9001793861,1528457.9001793861,1528457.9001793861,0.0,4,-0.02782152730663144,False,False,11,47
2002-07-23 00:00:00+00:00,9947886.753795855,9553834.909651034,394051.84414482117,394051.84414482117,394051.84414482117,0.0,1,-0.029032763367264788,False,False,11,47
2002-07-24 00:00:00+00:00,9944808.222414248,9553834.909651034,390973.3127632141,390973.3127632141,390973.3127632141,0.0,1,-0.029333244583272355,False,False,11,47
2002-07-25 00:00:00+00:00,9952051.815506212,9553834.909651034,398216.90585517883,398216.90585517883,398216.90585517883,0.0,1,-0.028626230948933056,False,False,11,47
2002-07-26 00:00:00+00:00,9930597.064835748,9152782.470475396,777814.5943603516,777814.5943603516,777814.5943603516,0.0,2,-0.030720329975864234,False,False,11,48
2002-07-29 00:00:00+00:00,9914360.015312558,9126173.10286749,788186.9124450684,788186.9124450684,788186.9124450684,0.0,2,-0.032305153315412664,False,False,11,48
2002-07-30 00:00:00+00:00,9880375.83921932,8714917.996243704,1165457.8429756165,1165457.8429756165,1165457.8429756165,0.0,3,-0.03562219163391785,False,False,11,48
2002-07-31 00:00:00+00:00,9929558.254223522,7903108.988599237,2026449.2656242847,2026449.2656242847,2026449.2656242847,0.0,5,-0.030821723477268227,False,False,11,48
2002-08-01 00:00:00+00:00,9877674.338838514,7903108.988599237,1974565.350239277,1974565.350239277,1974565.350239277,0.0,5,-0.03588587259696392,False,False,11,48
2002-08-02 00:00:00+00:00,9877892.37795585,7903108.988599237,1974783.3893566132,1974783.3893566132,1974783.3893566132,0.0,5,-0.03586459080672268,False,False,11,50
2002-08-05 00:00:00+00:00,9910689.247617688,8259613.958935943,1651075.2886817455,1651075.2886817455,1651075.2886817455,0.0,4,-0.03266343998003002,False,False,11,50
2002-08-06 00:00:00+00:00,9931795.77428576,8259613.958935943,1672181.8153498173,1672181.8153498173,1672181.8153498173,0.0,4,-0.030603329488121483,False,False,11,50
2002-08-07 00:00:00+00:00,9947029.380565371,8259613.958935943,1687415.4216294289,1687415.4216294289,1687415.4216294289,0.0,4,-0.02911644760462783,False,False,11,50
2002-08-08 00:00:00+00:00,9855418.727293696,8259613.958935943,1595804.7683577538,1595804.7683577538,1595804.7683577538,0.0,4,-0.03805813995143472,False,False,11,50
2002-08-09 00:00:00+00:00,9908353.748569693,8259613.958935943,1648739.789633751,1648739.789633751,1648739.789633751,0.0,4,-0.03289139724501641,False,False,11,50
2002-08-12 00:00:00+00:00,9917443.661230596,8707296.191603215,1210147.4696273804,1210147.4696273804,1210147.4696273804,0.0,3,-0.03200417289314877,False,False,11,50
2002-08-13 00:00:00+00:00,9921469.958644422,8707296.191603215,1214173.7670412064,1214173.7670412064,1214173.7670412064,0.0,3,-0.031611184616289624,False,False,11,50
2002-08-14 00:00:00+00:00,9904114.309919389,8707296.191603215,1196818.1183161736,1196818.1183161736,1196818.1183161736,0.0,3,-0.03330518925260933,False,False,11,50
2002-08-15 00:00:00+00:00,9904114.309919389,8707296.191603215,1196818.1183161736,1196818.1183161736,1196818.1183161736,0.0,3,-0.03330518925260933,False,False,11,50
2002-08-16 00:00:00+00:00,9908973.813293966,8707296.191603215,1201677.6216907501,1201677.6216907501,1201677.6216907501,0.0,3,-0.03283087559385968,False,False,11,50
2002-08-19 00:00:00+00:00,9900176.028635534,8707296.191603215,1192879.837032318,1192879.837032318,1192879.837032318,0.0,3,-0.03368958668192349,False,False,11,50
2002-08-20 00:00:00+00:00,9897854.91397575,9125993.73119739,771861.1827783585,771861.1827783585,771861.1827783585,0.0,2,-0.03391613995327618,False,False,11,50
2002-08-21 00:00:00+00:00,9894370.863041239,8729194.02698739,1165176.8360538483,1165176.8360538483,1165176.8360538483,0.0,3,-0.0342562020581125,False,False,11,50
2002-08-22 00:00:00+00:00,9904147.475273067,9130985.812313015,773161.6629600525,773161.6629600525,773161.6629600525,0.0,2,-0.033301952135761315,False,False,11,50
2002-08-23 00:00:00+00:00,9907754.1535415,9130985.812313015,776768.3412284851,776768.3412284851,776768.3412284851,0.0,2,-0.032949920943771006,False,False,11,50
2002-08-26 00:00:00+00:00,9896747.510028316,8737284.602467967,1159462.9075603485,1159462.9075603485,1159462.9075603485,0.0,3,-0.03402422853302055,False,False,11,51
2002-08-27 00:00:00+00:00,9920386.726825215,9920386.726825215,0.0,0.0,0.0,0.0,0,-0.031716913866346334,False,False,11,51
2002-08-28 00:00:00+00:00,9920386.726825215,9920386.726825215,0.0,0.0,0.0,0.0,0,-0.031716913866346334,False,False,11,51
2002-08-29 00:00:00+00:00,9920386.726825215,9920386.726825215,0.0,0.0,0.0,0.0,0,-0.031716913866346334,False,False,11,51
2002-08-30 00:00:00+00:00,9928819.401735894,9518983.499785058,409835.9019508362,409835.9019508362,409835.9019508362,0.0,1,-0.030893839452846364,False,False,11,51
2002-09-02 00:00:00+00:00,9943025.151735894,9518983.499785058,424041.6519508362,424041.6519508362,424041.6519508362,0.0,1,-0.029507281868992454,False,False,11,51
2002-09-03 00:00:00+00:00,9944300.320677476,9944300.320677476,0.0,0.0,0.0,0.0,0,-0.029382818523752324,False,False,11,51
2002-09-04 00:00:00+00:00,9944300.320677476,9944300.320677476,0.0,0.0,0.0,0.0,0,-0.029382818523752324,False,False,11,51
2002-09-05 00:00:00+00:00,9944300.320677476,9944300.320677476,0.0,0.0,0.0,0.0,0,-0.029382818523752324,False,False,11,51
2002-09-06 00:00:00+00:00,9944300.320677476,9944300.320677476,0.0,0.0,0.0,0.0,0,-0.029382818523752324,False,False,11,51
2002-09-09 00:00:00+00:00,9880904.925794654,9563322.456733756,317582.4690608978,317582.4690608978,317582.4690608978,0.0,1,-0.03557054993928411,False,False,11,52
2002-09-10 00:00:00+00:00,9880572.511348834,9090106.82767593,790465.683672905,790465.683672905,790465.683672905,0.0,2,-0.0356029953765777,False,False,11,52
2002-09-11 00:00:00+00:00,9853332.560218444,9090106.82767593,763225.7325425148,763225.7325425148,763225.7325425148,0.0,2,-0.038261761075231576,False,False,11,52
2002-09-12 00:00:00+00:00,9869901.61937677,9090106.82767593,779794.79170084,779794.79170084,779794.79170084,0.0,2,-0.03664453181008895,False,False,11,52
2002-09-13 00:00:00+00:00,9860500.369123569,9090106.82767593,770393.5414476395,770393.5414476395,770393.5414476395,0.0,2,-0.03756214438501697,False,False,11,52
2002-09-16 00:00:00+00:00,9827356.729317544,8291663.543426869,1535693.1858906746,1535693.1858906746,1535693.1858906746,0.0,4,-0.04079714184235402,False,False,11,52
2002-09-17 00:00:00+00:00,9817726.75481808,8291663.543426869,1526063.2113912106,1526063.2113912106,1526063.2113912106,0.0,4,-0.04173707913356016,False,False,11,53
2002-09-18 00:00:00+00:00,9793585.288757041,8658800.876970246,1134784.4117867947,1134784.4117867947,1134784.4117867947,0.0,3,-0.044093416028992305,False,False,11,54
2002-09-19 00:00:00+00:00,9745824.270422569,8224251.688219419,1521572.5822031498,1521572.5822031498,1521572.5822031498,0.0,4,-0.048755148227872934,False,False,11,56
2002-09-20 00:00:00+00:00,9739650.590351406,8174095.860036436,1565554.73031497,1565554.73031497,1565554.73031497,0.0,4,-0.04935773259849451,False,False,11,58
2002-09-23 00:00:00+00:00,9769134.420438308,8195086.36950447,1574048.050933838,1574048.050933838,1574048.050933838,0.0,4,-0.04647995224842122,False,False,11,58
2002-09-24 00:00:00+00:00,9764712.632214487,7804174.256910265,1960538.375304222,1960538.375304222,1960538.375304222,0.0,5,-0.04691154255487712,False,False,11,58
2002-09-25 00:00:00+00:00,9751180.16254896,7804174.256910265,1947005.9056386948,1947005.9056386948,1947005.9056386948,0.0,5,-0.04823238435788012,False,False,11,59
2002-09-26 00:00:00+00:00,9778473.452225547,8193181.579947335,1585291.8722782135,1585291.8722782135,1585291.8722782135,0.0,4,-0.04556841253031771,False,False,11,59
2002-09-27 00:00:00+00:00,9794499.556769352,8219397.407901744,1575102.1488676071,1575102.1488676071,1575102.1488676071,0.0,4,-0.04400417855500147,False,False,11,59
2002-09-30 00:00:00+00:00,9776929.586872574,8627364.82560205,1149564.761270523,1149564.761270523,1149564.761270523,0.0,3,-0.045719102090081495,False,False,11,59
2002-10-01 00:00:00+00:00,9768421.69412851,8627364.82560205,1141056.8685264587,1141056.8685264587,1141056.8685264587,0.0,3,-0.04654951816856366,False,False,11,60
2002-10-02 00:00:00+00:00,9768307.90032981,9006563.694137793,761744.2061920166,761744.2061920166,761744.2061920166,0.0,2,-0.04656062505518232,False,False,11,60
2002-10-03 00:00:00+00:00,9772133.060967188,9006563.694137793,765569.3668293953,765569.3668293953,765569.3668293953,0.0,2,-0.04618726880921031,False,False,11,60
2002-10-04 00:00:00+00:00,9777625.240720568,7828237.322634516,1949387.918086052,1949387.918086052,1949387.918086052,0.0,5,-0.04565120253400923,False,False,11,60
2002-10-07 00:00:00+00:00,9789351.603008583,7822834.410033538,1966517.1929750443,1966517.1929750443,1966517.1929750443,0.0,5,-0.04450664652243183,False,False,11,60
2002-10-08 00:00:00+00:00,9821976.838997187,7429072.938882174,2392903.900115013,2392903.900115013,2392903.900115013,0.0,6,-0.04132224806511545,False,False,11,60
2002-10-09 00:00:00+00:00,9833289.581267435,7818035.668065148,2015253.9132022858,2015253.9132022858,2015253.9132022858,0.0,5,-0.040218063591293436,False,False,11,60
2002-10-10 00:00:00+00:00,9825401.90663756,8247319.2337640645,1578082.672873497,1578082.672873497,1578082.672873497,0.0,4,-0.040987943046938126,False,False,11,60
2002-10-11 00:00:00+00:00,9823981.36817621,7851648.565730798,1972332.8024454117,1972332.8024454117,1972332.8024454117,0.0,5,-0.0411265952389548,False,False,11,60
2002-10-14 00:00:00+00:00,9836206.308010805,7851648.565730798,1984557.7422800064,1984557.7422800064,1984557.7422800064,0.0,5,-0.03993337537799603,False,False,11,60
2002-10-15 00:00:00+00:00,9837280.83789768,8255391.292246246,1581889.5456514359,1581889.5456514359,1581889.5456514359,0.0,4,-0.039828495483324886,False,False,11,60
2002-10-16 00:00:00+00:00,9844267.205210801,8262505.872269746,1581761.3329410553,1581761.3329410553,1581761.3329410553,0.0,4,-0.0391465884680954,False,False,11,60
2002-10-17 00:00:00+00:00,9839459.080572337,8670346.786855906,1169112.2937164307,1169112.2937164307,1169112.2937164307,0.0,3,-0.0396158872859387,False,False,11,60
2002-10-18 00:00:00+00:00,9837751.083030486,7470862.265745902,2366888.817284584,2366888.817284584,2366888.817284584,0.0,6,-0.03978259702987032,False,False,13,60
2002-10-21 00:00:00+00:00,9833919.523546243,7470862.265745902,2363057.2578003407,2363057.2578003407,2363057.2578003407,0.0,6,-0.04015657783770271,False,False,13,60
2002-10-22 00:00:00+00:00,9842187.239448572,7470862.265745902,2371324.973702669,2371324.973702669,2371324.973702669,0.0,6,-0.039349604310397,False,False,14,60
2002-10-23 00:00:00+00:00,9825740.337061897,7875343.324451937,1950397.0126099586,1950397.0126099586,1950397.0126099586,0.0,5,-0.04095491041779356,False,False,14,61
2002-10-24 00:00:00+00:00,9788399.634814452,8284818.695096683,1503580.9397177696,1503580.9397177696,1503580.9397177696,0.0,4,-0.0445995637368809,False,False,14,62
2002-10-25 00:00:00+00:00,9813039.884076556,7477908.493492564,2335131.390583992,2335131.390583992,2335131.390583992,0.0,6,-0.042194542919083824,False,False,17,63
2002-10-28 00:00:00+00:00,9837452.711797277,8669438.231944779,1168014.4798524976,1168014.4798524976,1168014.4798524976,0.0,3,-0.03981171966656399,False,False,17,64
2002-10-29 00:00:00+00:00,9833157.286242153,8239442.726410564,1593714.5598315895,1593714.5598315895,1593714.5598315895,0.0,4,-0.04023097629710695,False,False,17,65
2002-10-30 00:00:00+00:00,9831849.001530211,8666278.427347701,1165570.5741825104,1165570.5741825104,1165570.5741825104,0.0,3,-0.040358671919596675,False,False,17,65
2002-10-31 00:00:00+00:00,9828401.759668872,7873274.12237601,1955127.637292862,1955127.637292862,1955127.637292862,0.0,5,-0.04069514126097036,False,False,17,65
2002-11-01 00:00:00+00:00,9814157.144261613,7475284.303971545,2338872.8402900696,2338872.8402900696,2338872.8402900696,0.0,6,-0.0420854923175507,False,False,18,66
2002-11-04 00:00:00+00:00,9845819.87750087,7865795.254116395,1980024.6233844757,1980024.6233844757,1980024.6233844757,0.0,5,-0.03899503930391655,False,False,18,66
2002-11-05 00:00:00+00:00,9850355.997135807,8671099.180131603,1179256.8170042038,1179256.8170042038,1179256.8170042038,0.0,3,-0.03855228963697948,False,False,18,66
2002-11-06 00:00:00+00:00,9850355.997135807,8671099.180131603,1179256.8170042038,1179256.8170042038,1179256.8170042038,0.0,3,-0.03855228963697948,False,False,18,66
2002-11-07 00:00:00+00:00,9855413.161864925,8671099.180131603,1184313.9817333221,1184313.9817333221,1184313.9817333221,0.0,3,-0.0380586831672079,False,False,18,66
2002-11-08 00:00:00+00:00,9850327.836826969,8671099.180131603,1179228.656695366,1179228.656695366,1179228.656695366,0.0,3,-0.03855503823453912,False,False,18,66
2002-11-11 00:00:00+00:00,9856335.970285252,8276980.067357853,1579355.9029273987,1579355.9029273987,1579355.9029273987,0.0,4,-0.03796861210347329,False,False,18,66
2002-11-12 00:00:00+00:00,9858512.489368929,8673067.244224085,1185445.245144844,1185445.245144844,1185445.245144844,0.0,3,-0.03775617213783438,False,False,18,66
2002-11-13 00:00:00+00:00,9863124.483345367,9073985.639590599,789138.8437547684,789138.8437547684,789138.8437547684,0.0,2,-0.03730601672719297,False,False,18,66
2002-11-14 00:00:00+00:00,9891856.329569994,8673677.453195749,1218178.8763742447,1218178.8763742447,1218178.8763742447,0.0,3,-0.034501634045470415,False,False,18,66
2002-11-15 00:00:00+00:00,9901347.046639932,9081153.848593248,820193.1980466843,820193.1980466843,820193.1980466843,0.0,2,-0.033575289028168594,False,False,18,66
2002-11-18 00:00:00+00:00,9916363.046529306,9081153.848593248,835209.197936058,835209.197936058,835209.197936058,0.0,2,-0.0321096466984246,False,False,18,66
2002-11-19 00:00:00+00:00,9916112.483769925,9916112.483769925,0.0,0.0,0.0,0.0,0,-0.032134102971007945,False,False,18,66
2002-11-20 00:00:00+00:00,9916112.483769925,9916112.483769925,0.0,0.0,0.0,0.0,0,-0.032134102971007945,False,False,18,66
2002-11-21 00:00:00+00:00,9916112.483769925,9916112.483769925,0.0,0.0,0.0,0.0,0,-0.032134102971007945,False,False,18,66
2002-11-22 00:00:00+00:00,9916112.483769925,9916112.483769925,0.0,0.0,0.0,0.0,0,-0.032134102971007945,False,False,18,66
2002-11-25 00:00:00+00:00,9916112.483769925,9916112.483769925,0.0,0.0,0.0,0.0,0,-0.032134102971007945,False,False,18,66
2002-11-26 00:00:00+00:00,9916112.483769925,9916112.483769925,0.0,0.0,0.0,0.0,0,-0.032134102971007945,False,False,18,66
2002-11-27 00:00:00+00:00,9916112.483769925,9916112.483769925,0.0,0.0,0.0,0.0,0,-0.032134102971007945,False,False,18,66
2002-11-28 00:00:00+00:00,9916112.483769925,9916112.483769925,0.0,0.0,0.0,0.0,0,-0.032134102971007945,False,False,18,66
2002-11-29 00:00:00+00:00,9916112.483769925,9916112.483769925,0.0,0.0,0.0,0.0,0,-0.032134102971007945,False,False,18,66
2002-12-02 00:00:00+00:00,9916112.483769925,9916112.483769925,0.0,0.0,0.0,0.0,0,-0.032134102971007945,False,False,18,66
2002-12-03 00:00:00+00:00,9916112.483769925,9916112.483769925,0.0,0.0,0.0,0.0,0,-0.032134102971007945,False,False,18,66
2002-12-04 00:00:00+00:00,9916112.483769925,9916112.483769925,0.0,0.0,0.0,0.0,0,-0.032134102971007945,False,False,18,66
2002-12-05 00:00:00+00:00,9916112.483769925,9916112.483769925,0.0,0.0,0.0,0.0,0,-0.032134102971007945,False,False,18,66
2002-12-06 00:00:00+00:00,9915992.725944925,9516799.975944925,399192.75,399192.75,399192.75,0.0,1,-0.03214579197866188,False,False,18,66
2002-12-09 00:00:00+00:00,9914563.975944925,9516799.975944925,397764.0,397764.0,397764.0,0.0,1,-0.03228524566100398,False,False,18,66
2002-12-10 00:00:00+00:00,9890825.532680208,9115522.70312565,775302.8295545578,775302.8295545578,775302.8295545578,0.0,2,-0.03460224536447472,False,False,18,67
2002-12-11 00:00:00+00:00,9888328.997275492,9504026.11712565,384302.8801498413,384302.8801498413,384302.8801498413,0.0,1,-0.03484592064376432,False,False,18,67
2002-12-12 00:00:00+00:00,9889416.408457896,9504026.11712565,385390.2913322449,385390.2913322449,385390.2913322449,0.0,1,-0.03473978346538731,False,False,18,67
2002-12-13 00:00:00+00:00,9894542.502458712,9504026.11712565,390516.3853330612,390516.3853330612,390516.3853330612,0.0,1,-0.03423944912806757,False,False,18,67
2002-12-16 00:00:00+00:00,9897493.862979075,9504026.11712565,393467.7458534241,393467.7458534241,393467.7458534241,0.0,1,-0.03395138047191101,False,False,18,67
2002-12-17 00:00:00+00:00,9894387.132608553,9504026.11712565,390361.0154829025,390361.0154829025,390361.0154829025,0.0,1,-0.034254614060861666,False,False,18,67
2002-12-18 00:00:00+00:00,9847494.492297519,8264012.24753951,1583482.24475801,1583482.24475801,1583482.24475801,0.0,4,-0.03883158789541445,False,False,18,67
2002-12-19 00:00:00+00:00,9896095.815318216,8264012.24753951,1632083.5677787066,1632083.5677787066,1632083.5677787066,0.0,4,-0.0340878374408675,False,False,18,67
2002-12-20 00:00:00+00:00,9889669.741470378,8703629.192045253,1186040.5494251251,1186040.5494251251,1186040.5494251251,0.0,3,-0.034715056801205714,False,False,18,67
2002-12-23 00:00:00+00:00,9892597.896003764,8703629.192045253,1188968.7039585114,1188968.7039585114,1188968.7039585114,0.0,3,-0.034429253174155905,False,False,18,67
2002-12-24 00:00:00+00:00,9896860.442853015,8703629.192045253,1193231.2508077621,1193231.2508077621,1193231.2508077621,0.0,3,-0.034013205682093796,False,False,18,67
2002-12-25 00:00:00+00:00,9896860.442853015,8703629.192045253,1193231.2508077621,1193231.2508077621,1193231.2508077621,0.0,3,-0.034013205682093796,False,False,18,67
2002-12-26 00:00:00+00:00,9911137.113664668,8703629.192045253,1207507.9216194153,1207507.9216194153,1207507.9216194153,0.0,3,-0.03261972584568366,False,False,18,67
2002-12-27 00:00:00+00:00,9901381.489248691,9522515.35391563,378866.1353330612,378866.1353330612,378866.1353330612,0.0,1,-0.03357192724435695,False,False,18,67
2002-12-30 00:00:00+00:00,9889731.239248691,9522515.35391563,367215.8853330612,367215.8853330612,367215.8853330612,0.0,1,-0.0347090542873708,False,False,18,68
2002-12-31 00:00:00+00:00,9890968.167590048,9890968.167590048,0.0,0.0,0.0,0.0,0,-0.034588323430331046,False,False,18,68
2003-01-01 00:00:00+00:00,9890968.167590048,9890968.167590048,0.0,0.0,0.0,0.0,0,-0.034588323430331046,False,False,18,68
2003-01-02 00:00:00+00:00,9894408.933882548,9494320.183882548,400088.75,400088.75,400088.75,0.0,1,-0.0342524861392951,False,False,18,68
2003-01-03 00:00:00+00:00,9896538.683882548,9494320.183882548,402218.5,402218.5,402218.5,0.0,1,-0.03404461108769889,False,False,18,68
2003-01-06 00:00:00+00:00,9897755.683882548,9494320.183882548,403435.5,403435.5,403435.5,0.0,1,-0.03392582534392963,False,False,18,68
2003-01-07 00:00:00+00:00,9893191.933882548,9494320.183882548,398871.75,398871.75,398871.75,0.0,1,-0.03437127188306437,False,False,18,68
2003-01-08 00:00:00+00:00,9904449.183882548,9494320.183882548,410129.0,410129.0,410129.0,0.0,1,-0.033272503753198686,False,False,18,68
2003-01-09 00:00:00+00:00,9903421.272975672,9903421.272975672,0.0,0.0,0.0,0.0,0,-0.033372833384753116,False,False,18,68
2003-01-10 00:00:00+00:00,9903421.272975672,9903421.272975672,0.0,0.0,0.0,0.0,0,-0.033372833384753116,False,False,18,68
2003-01-13 00:00:00+00:00,9902978.983632574,9508697.640630255,394281.34300231934,394281.34300231934,394281.34300231934,0.0,1,-0.033416003202814855,False,False,18,68
2003-01-14 00:00:00+00:00,9924920.433987908,9112242.666867547,812677.7671203613,812677.7671203613,812677.7671203613,0.0,2,-0.0312743996696721,False,False,18,69
2003-01-15 00:00:00+00:00,9941829.06762178,9516669.545374466,425159.52224731445,425159.52224731445,425159.52224731445,0.0,1,-0.02962402610983519,False,False,18,69
2003-01-16 00:00:00+00:00,9937810.423612164,9937810.423612164,0.0,0.0,0.0,0.0,0,-0.03001626737329136,False,False,18,69
2003-01-17 00:00:00+00:00,9937810.423612164,9937810.423612164,0.0,0.0,0.0,0.0,0,-0.03001626737329136,False,False,18,69
2003-01-20 00:00:00+00:00,9937810.423612164,9937810.423612164,0.0,0.0,0.0,0.0,0,-0.03001626737329136,False,False,18,69
2003-01-21 00:00:00+00:00,9937810.423612164,9937810.423612164,0.0,0.0,0.0,0.0,0,-0.03001626737329136,False,False,18,69
2003-01-22 00:00:00+00:00,9937810.423612164,9937810.423612164,0.0,0.0,0.0,0.0,0,-0.03001626737329136,False,False,18,69
2003-01-23 00:00:00+00:00,9937810.423612164,9937810.423612164,0.0,0.0,0.0,0.0,0,-0.03001626737329136,False,False,18,69
2003-01-24 00:00:00+00:00,9937810.423612164,9937810.423612164,0.0,0.0,0.0,0.0,0,-0.03001626737329136,False,False,18,69
2003-01-27 00:00:00+00:00,9937810.423612164,9937810.423612164,0.0,0.0,0.0,0.0,0,-0.03001626737329136,False,False,18,69
2003-01-28 00:00:00+00:00,10016825.427550497,8738521.92273623,1278303.5048142672,1278303.5048142672,1278303.5048142672,0.0,3,-0.022303978127813935,False,False,18,70
2003-01-29 00:00:00+00:00,9946766.430116307,8730202.534797322,1216563.895318985,1216563.895318985,1216563.895318985,0.0,3,-0.02914211298233249,False,False,18,71
2003-01-30 00:00:00+00:00,9927959.75134181,8325757.858610859,1602201.8927309513,1602201.8927309513,1602201.8927309513,0.0,4,-0.030977745953621055,False,False,18,71
2003-01-31 00:00:00+00:00,9933042.573815987,7134294.847021028,2798747.726794958,2798747.726794958,2798747.726794958,0.0,7,-0.03048163514997099,False,False,18,71
2003-02-03 00:00:00+00:00,9992100.748500034,7134294.847021028,2857805.901479006,2857805.901479006,2857805.901479006,0.0,7,-0.02471723974693101,False,False,18,71
2003-02-04 00:00:00+00:00,9988221.080728933,7134294.847021028,2853926.233707905,2853926.233707905,2853926.233707905,0.0,7,-0.02509591618223739,False,False,18,71
2003-02-05 00:00:00+00:00,9976679.356914923,7134294.847021028,2842384.509893894,2842384.509893894,2842384.509893894,0.0,7,-0.026222450485956922,False,False,18,71
2003-02-06 00:00:00+00:00,10010796.46938353,7552461.423648885,2458335.045734644,2458335.045734644,2458335.045734644,0.0,6,-0.022892436862421043,False,False,18,71
2003-02-07 00:00:00+00:00,10027820.308176968,8383419.327262137,1644400.9809148312,1644400.9809148312,1644400.9809148312,0.0,4,-0.02123081865955617,False,False,18,71
2003-02-10 00:00:00+00:00,10017005.380270349,9217025.491576778,799979.8886935711,799979.8886935711,799979.8886935711,0.0,2,-0.022286413774756448,False,False,18,71
2003-02-11 00:00:00+00:00,10016520.892164972,8814048.670498397,1202472.2216665745,1202472.2216665745,1202472.2216665745,0.0,3,-0.022333702418917984,False,False,18,71
2003-02-12 00:00:00+00:00,10005674.60661941,8013303.896893791,1992370.7097256184,1992370.7097256184,1992370.7097256184,0.0,5,-0.02339235820828801,False,False,18,71
2003-02-13 00:00:00+00:00,10005674.60661941,8013303.896893791,1992370.7097256184,1992370.7097256184,1992370.7097256184,0.0,5,-0.02339235820828801,False,False,18,71
2003-02-14 00:00:00+00:00,9962360.502063565,8013303.896893791,1949056.605169773,1949056.605169773,1949056.605169773,0.0,5,-0.027620047711464427,False,False,18,71
2003-02-17 00:00:00+00:00,9997857.329145951,7610216.103109641,2387641.22603631,2387641.22603631,2387641.22603631,0.0,6,-0.02415536652294334,False,False,18,71
2003-02-18 00:00:00+00:00,10015389.915704902,8018135.013537582,1997254.9021673203,1997254.9021673203,1997254.9021673203,0.0,5,-0.022444091802644256,False,False,18,71
2003-02-19 00:00:00+00:00,10034582.255605873,8018135.013537582,2016447.2420682907,2016447.2420682907,2016447.2420682907,0.0,5,-0.020570816231724555,False,False,18,71
2003-02-20 00:00:00+00:00,10027792.424035445,8420747.047072068,1607045.376963377,1607045.376963377,1607045.376963377,0.0,4,-0.02123354030170097,False,False,18,71
2003-02-21 00:00:00+00:00,9999611.680730872,8014165.327571445,1985446.3531594276,1985446.3531594276,1985446.3531594276,0.0,5,-0.023984132375163895,False,False,18,71
2003-02-24 00:00:00+00:00,10011203.940348677,8014165.327571445,1997038.6127772331,1997038.6127772331,1997038.6127772331,0.0,5,-0.02285266550526462,False,False,18,71
2003-02-25 00:00:00+00:00,10008882.944996381,8428731.818341518,1580151.1266548634,1580151.1266548634,1580151.1266548634,0.0,4,-0.02307920713156495,False,False,18,71
2003-02-26 00:00:00+00:00,10001695.87505427,8024847.139730126,1976848.7353241444,1976848.7353241444,1976848.7353241444,0.0,5,-0.023780703802555408,False,False,18,71
2003-02-27 00:00:00+00:00,10003962.055900723,8024847.139730126,1979114.916170597,1979114.916170597,1979114.916170597,0.0,5,-0.023559512366761206,False,False,18,71
2003-02-28 00:00:00+00:00,10027359.744721562,8024847.139730126,2002512.604991436,2002512.604991436,2002512.604991436,0.0,5,-0.02127577212923851,False,False,18,71
2003-03-03 00:00:00+00:00,10043150.070600076,8842528.48761396,1200621.5829861164,1200621.5829861164,1200621.5829861164,0.0,3,-0.01973455141942888,False,False,18,71
2003-03-04 00:00:00+00:00,10026270.402818525,9646393.952391947,379876.4504265785,379876.4504265785,379876.4504265785,0.0,1,-0.021382097756330713,False,False,18,71
2003-03-05 00:00:00+00:00,10005449.628873019,8831810.49200168,1173639.136871338,1173639.136871338,1173639.136871338,0.0,3,-0.023414317246033836,False,False,18,72
2003-03-06 00:00:00+00:00,10018998.964347223,8398098.026875833,1620900.9374713898,1620900.9374713898,1620900.9374713898,0.0,4,-0.02209182924941706,False,False,18,72
2003-03-07 00:00:00+00:00,9996337.814824915,8793743.61574254,1202594.1990823746,1202594.1990823746,1202594.1990823746,0.0,3,-0.024303679291055404,False,False,18,72
2003-03-10 00:00:00+00:00,9980113.796668777,8409606.738321075,1570507.058347702,1570507.058347702,1570507.058347702,0.0,4,-0.02588723069911029,False,False,18,74
2003-03-11 00:00:00+00:00,9968558.067862552,6380086.39266209,3588471.6752004623,3588471.6752004623,3588471.6752004623,0.0,9,-0.027015131965374386,False,False,20,74
2003-03-12 00:00:00+00:00,9948867.738853496,6380086.39266209,3568781.3461914062,3568781.3461914062,3568781.3461914062,0.0,9,-0.028937013950914418,False,False,20,74
2003-03-13 00:00:00+00:00,9940458.334695857,6380086.39266209,3560371.9420337677,3560371.9420337677,3560371.9420337677,0.0,9,-0.029757817013791515,False,False,20,74
2003-03-14 00:00:00+00:00,9545711.855936091,6380086.39266209,3165625.463274002,3165625.463274002,3165625.463274002,0.0,9,-0.06828719587967179,False,False,20,74
2003-03-17 00:00:00+00:00,9941079.32013325,6380086.39266209,3560992.927471161,3560992.927471161,3560992.927471161,0.0,9,-0.02969720549608352,False,False,24,75
2003-03-18 00:00:00+00:00,9549178.49155786,6770868.2479245905,2778310.2436332703,2778310.2436332703,2778310.2436332703,0.0,8,-0.06794883360300055,False,False,24,75
2003-03-19 00:00:00+00:00,9952506.804904724,6770868.2479245905,3181638.556980133,3181638.556980133,3181638.556980133,0.0,8,-0.02858182153717523,False,False,25,75
2003-03-20 00:00:00+00:00,9983283.738889672,7171505.966866472,2811777.772023201,2811777.772023201,2811777.772023201,0.0,7,-0.025577827293675158,False,False,25,75
2003-03-21 00:00:00+00:00,9998471.781541348,8798726.13480711,1199745.6467342377,1199745.6467342377,1199745.6467342377,0.0,3,-0.024095392665262193,False,False,25,75
2003-03-24 00:00:00+00:00,9966564.730045319,8798726.13480711,1167838.5952382088,1167838.5952382088,1167838.5952382088,0.0,3,-0.027209692454448688,False,False,25,75
2003-03-25 00:00:00+00:00,9958831.957417011,8798726.13480711,1160105.8226099014,1160105.8226099014,1160105.8226099014,0.0,3,-0.027964452641837417,False,False,25,75
2003-03-26 00:00:00+00:00,9964095.047550224,8401591.328879856,1562503.7186703682,1562503.7186703682,1562503.7186703682,0.0,4,-0.02745074674537208,False,False,25,75
2003-03-27 00:00:00+00:00,9962888.694991611,8401591.328879856,1561297.3661117554,1561297.3661117554,1561297.3661117554,0.0,4,-0.027568493241611012,False,False,25,75
2003-03-28 00:00:00+00:00,9948183.050604843,8401591.328879856,1546591.721724987,1546591.721724987,1546591.721724987,0.0,4,-0.029003843205529303,False,False,25,76
2003-03-31 00:00:00+00:00,9906644.165009884,8770053.575531391,1136590.5894784927,1136590.5894784927,1136590.5894784927,0.0,3,-0.03305826179282877,False,False,25,78
2003-04-01 00:00:00+00:00,9529351.32014849,5941378.86479535,3587972.455353141,3587972.455353141,3587972.455353141,0.0,10,-0.06988407214260837,False,False,25,78
2003-04-02 00:00:00+00:00,9972037.630693741,6314777.194104023,3657260.436589718,3657260.436589718,3657260.436589718,0.0,9,-0.02667550792355456,False,False,25,78
2003-04-03 00:00:00+00:00,9994910.991044112,6314777.194104023,3680133.7969400883,3680133.7969400883,3680133.7969400883,0.0,9,-0.02444294496404666,False,False,25,78
2003-04-04 00:00:00+00:00,9997219.313431311,7960663.355640578,2036555.9577907324,2036555.9577907324,2036555.9577907324,0.0,5,-0.02421764028728185,False,False,25,78
2003-04-07 00:00:00+00:00,10016344.159144977,8380793.131414512,1635551.027730465,1635551.027730465,1635551.027730465,0.0,4,-0.022350952511957133,False,False,25,78
2003-04-08 00:00:00+00:00,9984911.406033123,8784280.632341946,1200630.7736911774,1200630.7736911774,1200630.7736911774,0.0,3,-0.02541895822856125,False,False,25,78
2003-04-09 00:00:00+00:00,9965885.567402923,8784280.632341946,1181604.935060978,1181604.935060978,1181604.935060978,0.0,3,-0.027275982380181803,False,False,25,78
2003-04-10 00:00:00+00:00,9910991.02974757,8784280.632341946,1126710.3974056244,1126710.3974056244,1126710.3974056244,0.0,3,-0.03263398442148088,False,False,25,79
2003-04-11 00:00:00+00:00,9903230.168562658,8721766.77693189,1181463.3916307688,1181463.3916307688,1181463.3916307688,0.0,3,-0.03339148620302546,False,False,25,80
2003-04-14 00:00:00+00:00,9468940.545516314,9066557.33109075,402383.2144255638,402383.2144255638,402383.2144255638,0.0,2,-0.07578048857347147,False,False,25,80
2003-04-15 00:00:00+00:00,9893305.020832758,8170423.456634145,1722881.5641986132,1722881.5641986132,1722881.5641986132,0.0,3,-0.03436023398865894,False,False,25,82
2003-04-16 00:00:00+00:00,9887845.388705323,9887845.388705323,0.0,0.0,0.0,0.0,0,-0.03489312344056037,False,False,25,82
2003-04-17 00:00:00+00:00,9887845.388705323,9887845.388705323,0.0,0.0,0.0,0.0,0,-0.03489312344056037,False,False,25,82
2003-04-18 00:00:00+00:00,9887845.388705323,9887845.388705323,0.0,0.0,0.0,0.0,0,-0.03489312344056037,False,False,25,82
2003-04-21 00:00:00+00:00,9887845.388705323,9887845.388705323,0.0,0.0,0.0,0.0,0,-0.03489312344056037,False,False,25,82
2003-04-22 00:00:00+00:00,9887845.388705323,9887845.388705323,0.0,0.0,0.0,0.0,0,-0.03489312344056037,False,False,25,82
2003-04-23 00:00:00+00:00,9887845.388705323,9887845.388705323,0.0,0.0,0.0,0.0,0,-0.03489312344056037,False,False,25,82
2003-04-24 00:00:00+00:00,9887845.388705323,9887845.388705323,0.0,0.0,0.0,0.0,0,-0.03489312344056037,False,False,25,82
2003-04-25 00:00:00+00:00,9887845.388705323,9887845.388705323,0.0,0.0,0.0,0.0,0,-0.03489312344056037,False,False,25,82
2003-04-28 00:00:00+00:00,9887845.388705323,9887845.388705323,0.0,0.0,0.0,0.0,0,-0.03489312344056037,False,False,25,82
2003-04-29 00:00:00+00:00,9887845.388705323,9887845.388705323,0.0,0.0,0.0,0.0,0,-0.03489312344056037,False,False,25,82
2003-04-30 00:00:00+00:00,9887845.388705323,9887845.388705323,0.0,0.0,0.0,0.0,0,-0.03489312344056037,False,False,25,82
2003-05-01 00:00:00+00:00,9887845.388705323,9887845.388705323,0.0,0.0,0.0,0.0,0,-0.03489312344056037,False,False,25,82
2003-05-02 00:00:00+00:00,9882734.017365633,9485438.854849992,397295.16251564026,397295.16251564026,397295.16251564026,0.0,1,-0.035392020766990905,False,False,25,82
2003-05-05 00:00:00+00:00,9879795.946381746,9485438.854849992,394357.09153175354,394357.09153175354,394357.09153175354,0.0,1,-0.03567879229293,False,False,25,82
2003-05-06 00:00:00+00:00,9879795.946381746,9485438.854849992,394357.09153175354,394357.09153175354,394357.09153175354,0.0,1,-0.03567879229293,False,False,25,82
2003-05-07 00:00:00+00:00,9880938.510516344,9485438.854849992,395499.6556663513,395499.6556663513,395499.6556663513,0.0,1,-0.03556727188986321,False,False,25,82
2003-05-08 00:00:00+00:00,9893670.242770372,9485438.854849992,408231.38792037964,408231.38792037964,408231.38792037964,0.0,1,-0.03432458636376143,False,False,25,82
2003-05-09 00:00:00+00:00,9898119.847252501,9092509.452667845,805610.3945846558,805610.3945846558,805610.3945846558,0.0,2,-0.0338902810409276,False,False,25,82
2003-05-12 00:00:00+00:00,9905736.756947173,9092509.452667845,813227.3042793274,813227.3042793274,813227.3042793274,0.0,2,-0.03314682969885293,False,False,25,82
2003-05-13 00:00:00+00:00,9906460.920701688,9507361.73192758,399099.1887741089,399099.1887741089,399099.1887741089,0.0,1,-0.033076147422607366,False,False,25,82
2003-05-14 00:00:00+00:00,9913703.390357679,9507361.73192758,406341.6584300995,406341.6584300995,406341.6584300995,0.0,1,-0.032369243441659826,False,False,25,82
2003-05-15 00:00:00+00:00,9914999.424533552,9507361.73192758,407637.6926059723,407637.6926059723,407637.6926059723,0.0,1,-0.032242743537361195,False,False,25,82
2003-05-16 00:00:00+00:00,9910049.562100146,9115480.062100146,794569.5,794569.5,794569.5,0.0,2,-0.03272587672611026,False,False,25,82
2003-05-19 00:00:00+00:00,9929071.451687548,9115480.062100146,813591.3895874023,813591.3895874023,813591.3895874023,0.0,2,-0.03086923802230058,False,False,25,82
2003-05-20 00:00:00+00:00,9916036.223180145,9916036.223180145,0.0,0.0,0.0,0.0,0,-0.0321415464146212,False,False,25,82
2003-05-21 00:00:00+00:00,9916036.223180145,9916036.223180145,0.0,0.0,0.0,0.0,0,-0.0321415464146212,False,False,25,82
2003-05-22 00:00:00+00:00,9916036.223180145,9916036.223180145,0.0,0.0,0.0,0.0,0,-0.0321415464146212,False,False,25,82
2003-05-23 00:00:00+00:00,9916036.223180145,9916036.223180145,0.0,0.0,0.0,0.0,0,-0.0321415464146212,False,False,25,82
2003-05-26 00:00:00+00:00,9916036.223180145,9916036.223180145,0.0,0.0,0.0,0.0,0,-0.0321415464146212,False,False,25,82
2003-05-27 00:00:00+00:00,9916036.223180145,9916036.223180145,0.0,0.0,0.0,0.0,0,-0.0321415464146212,False,False,25,82
2003-05-28 00:00:00+00:00,9916036.223180145,9916036.223180145,0.0,0.0,0.0,0.0,0,-0.0321415464146212,False,False,25,82
2003-05-29 00:00:00+00:00,9916036.223180145,9916036.223180145,0.0,0.0,0.0,0.0,0,-0.0321415464146212,False,False,25,82
2003-05-30 00:00:00+00:00,9916036.223180145,9916036.223180145,0.0,0.0,0.0,0.0,0,-0.0321415464146212,False,False,25,82
2003-06-02 00:00:00+00:00,9916036.223180145,9916036.223180145,0.0,0.0,0.0,0.0,0,-0.0321415464146212,False,False,25,82
2003-06-03 00:00:00+00:00,9916036.223180145,9916036.223180145,0.0,0.0,0.0,0.0,0,-0.0321415464146212,False,False,25,82
2003-06-04 00:00:00+00:00,9916036.223180145,9916036.223180145,0.0,0.0,0.0,0.0,0,-0.0321415464146212,False,False,25,82
2003-06-05 00:00:00+00:00,9916036.223180145,9916036.223180145,0.0,0.0,0.0,0.0,0,-0.0321415464146212,False,False,25,82
2003-06-06 00:00:00+00:00,9916036.223180145,9916036.223180145,0.0,0.0,0.0,0.0,0,-0.0321415464146212,False,False,25,82
2003-06-09 00:00:00+00:00,9916036.223180145,9916036.223180145,0.0,0.0,0.0,0.0,0,-0.0321415464146212,False,False,25,82
2003-06-10 00:00:00+00:00,9916036.223180145,9916036.223180145,0.0,0.0,0.0,0.0,0,-0.0321415464146212,False,False,25,82
2003-06-11 00:00:00+00:00,9916036.223180145,9916036.223180145,0.0,0.0,0.0,0.0,0,-0.0321415464146212,False,False,25,82
2003-06-12 00:00:00+00:00,9916036.223180145,9916036.223180145,0.0,0.0,0.0,0.0,0,-0.0321415464146212,False,False,25,82
2003-06-13 00:00:00+00:00,9916036.223180145,9916036.223180145,0.0,0.0,0.0,0.0,0,-0.0321415464146212,False,False,25,82
2003-06-16 00:00:00+00:00,9916036.223180145,9916036.223180145,0.0,0.0,0.0,0.0,0,-0.0321415464146212,False,False,25,82
2003-06-17 00:00:00+00:00,9916036.223180145,9916036.223180145,0.0,0.0,0.0,0.0,0,-0.0321415464146212,False,False,25,82
2003-06-18 00:00:00+00:00,9916036.223180145,9916036.223180145,0.0,0.0,0.0,0.0,0,-0.0321415464146212,False,False,25,82
2003-06-19 00:00:00+00:00,9916036.223180145,9916036.223180145,0.0,0.0,0.0,0.0,0,-0.0321415464146212,False,False,25,82
2003-06-20 00:00:00+00:00,9916036.223180145,9916036.223180145,0.0,0.0,0.0,0.0,0,-0.0321415464146212,False,False,25,82
2003-06-23 00:00:00+00:00,9916036.223180145,9916036.223180145,0.0,0.0,0.0,0.0,0,-0.0321415464146212,False,False,25,82
2003-06-24 00:00:00+00:00,9916036.223180145,9916036.223180145,0.0,0.0,0.0,0.0,0,-0.0321415464146212,False,False,25,82
2003-06-25 00:00:00+00:00,9916036.223180145,9916036.223180145,0.0,0.0,0.0,0.0,0,-0.0321415464146212,False,False,25,82
2003-06-26 00:00:00+00:00,9916036.223180145,9916036.223180145,0.0,0.0,0.0,0.0,0,-0.0321415464146212,False,False,25,82
2003-06-27 00:00:00+00:00,9916036.223180145,9916036.223180145,0.0,0.0,0.0,0.0,0,-0.0321415464146212,False,False,25,82
2003-06-30 00:00:00+00:00,9916036.223180145,9916036.223180145,0.0,0.0,0.0,0.0,0,-0.0321415464146212,False,False,25,82
2003-07-01 00:00:00+00:00,9916036.223180145,9916036.223180145,0.0,0.0,0.0,0.0,0,-0.0321415464146212,False,False,25,82
2003-07-02 00:00:00+00:00,9916036.223180145,9916036.223180145,0.0,0.0,0.0,0.0,0,-0.0321415464146212,False,False,25,82
2003-07-03 00:00:00+00:00,9916036.223180145,9916036.223180145,0.0,0.0,0.0,0.0,0,-0.0321415464146212,False,False,25,82
2003-07-04 00:00:00+00:00,9916036.223180145,9916036.223180145,0.0,0.0,0.0,0.0,0,-0.0321415464146212,False,False,25,82
2003-07-07 00:00:00+00:00,9916036.223180145,9916036.223180145,0.0,0.0,0.0,0.0,0,-0.0321415464146212,False,False,25,82
2003-07-08 00:00:00+00:00,9916036.223180145,9916036.223180145,0.0,0.0,0.0,0.0,0,-0.0321415464146212,False,False,25,82
2003-07-09 00:00:00+00:00,9916036.223180145,9916036.223180145,0.0,0.0,0.0,0.0,0,-0.0321415464146212,False,False,25,82
2003-07-10 00:00:00+00:00,9916036.223180145,9916036.223180145,0.0,0.0,0.0,0.0,0,-0.0321415464146212,False,False,25,82
2003-07-11 00:00:00+00:00,9916036.223180145,9916036.223180145,0.0,0.0,0.0,0.0,0,-0.0321415464146212,False,False,25,82
2003-07-14 00:00:00+00:00,9916036.223180145,9916036.223180145,0.0,0.0,0.0,0.0,0,-0.0321415464146212,False,False,25,82
2003-07-15 00:00:00+00:00,9916036.223180145,9916036.223180145,0.0,0.0,0.0,0.0,0,-0.0321415464146212,False,False,25,82
2003-07-16 00:00:00+00:00,9914859.233483896,9519243.233483896,395616.0,395616.0,395616.0,0.0,1,-0.03225642693761031,False,False,25,82
2003-07-17 00:00:00+00:00,9913432.733483896,9519243.233483896,394189.5,394189.5,394189.5,0.0,1,-0.03239566100785423,False,False,25,82
2003-07-18 00:00:00+00:00,9902355.499443896,9122677.499443896,779678.0,779678.0,779678.0,0.0,2,-0.03347685861208392,False,False,25,82
2003-07-21 00:00:00+00:00,9887007.290862624,8723419.582931105,1163587.7079315186,1163587.7079315186,1163587.7079315186,0.0,3,-0.03497492629643252,False,False,25,83
2003-07-22 00:00:00+00:00,9899737.453608068,9109681.869471105,790055.5841369629,790055.5841369629,790055.5841369629,0.0,2,-0.03373239396280776,False,False,25,83
2003-07-23 00:00:00+00:00,9910888.521716487,8309800.875495772,1601087.6462207139,1601087.6462207139,1601087.6462207139,0.0,4,-0.03264398975649695,False,False,25,83
2003-07-24 00:00:00+00:00,9924622.264214795,8309800.875495772,1614821.3887190223,1614821.3887190223,1614821.3887190223,0.0,4,-0.031303502642777065,False,False,25,83
2003-07-25 00:00:00+00:00,9938914.497760301,8734583.911748087,1204330.5860122144,1204330.5860122144,1204330.5860122144,0.0,3,-0.02990850379986253,False,False,25,83
2003-07-28 00:00:00+00:00,9961789.26935222,9147955.544350438,813833.7250017822,813833.7250017822,813833.7250017822,0.0,2,-0.027675803095591332,False,False,25,83
2003-07-29 00:00:00+00:00,9944774.93610032,9545354.93610032,399420.0,399420.0,399420.0,0.0,1,-0.029336493506491035,False,False,25,83
2003-07-30 00:00:00+00:00,9940495.43610032,9545354.93610032,395140.5,395140.5,395140.5,0.0,1,-0.0297541957172228,False,False,25,83
2003-07-31 00:00:00+00:00,9937166.93610032,9545354.93610032,391812.0,391812.0,391812.0,0.0,1,-0.030079075214458618,False,False,25,83
2003-08-01 00:00:00+00:00,9938593.43610032,9545354.93610032,393238.5,393238.5,393238.5,0.0,1,-0.029939841144214697,False,False,25,83
2003-08-04 00:00:00+00:00,9943823.93610032,9545354.93610032,398469.0,398469.0,398469.0,0.0,1,-0.02942931621998698,False,False,25,83
2003-08-05 00:00:00+00:00,9943930.190141572,9943930.190141572,0.0,0.0,0.0,0.0,0,-0.029418945254236394,False,False,25,83
2003-08-06 00:00:00+00:00,9949953.779552976,9540879.557125608,409074.22242736816,409074.22242736816,409074.22242736816,0.0,1,-0.02883101053903978,False,False,25,83
2003-08-07 00:00:00+00:00,9953095.613194028,9540879.557125608,412216.0560684204,412216.0560684204,412216.0560684204,0.0,1,-0.028524350682136178,False,False,25,83
2003-08-08 00:00:00+00:00,9961288.223484555,9540879.557125608,420408.66635894775,420408.66635894775,420408.66635894775,0.0,1,-0.027724707866382682,False,False,25,83
2003-08-11 00:00:00+00:00,9962441.557125608,9540879.557125608,421562.0,421562.0,421562.0,0.0,1,-0.027612136301578653,False,False,25,83
2003-08-12 00:00:00+00:00,9958086.737270871,9540879.557125608,417207.1801452637,417207.1801452637,417207.1801452637,0.0,1,-0.028037190135125085,False,False,25,83
2003-08-13 00:00:00+00:00,9958345.251980344,9540879.557125608,417465.6948547363,417465.6948547363,417465.6948547363,0.0,1,-0.0280119577094554,False,False,25,83
2003-08-14 00:00:00+00:00,9963873.279552976,9540879.557125608,422993.72242736816,422993.72242736816,422993.72242736816,0.0,1,-0.027472392494342777,False,False,25,83
2003-08-15 00:00:00+00:00,9963746.381436247,9963746.381436247,0.0,0.0,0.0,0.0,0,-0.027484778432862487,False,False,25,83
2003-08-18 00:00:00+00:00,9963746.381436247,9963746.381436247,0.0,0.0,0.0,0.0,0,-0.027484778432862487,False,False,25,83
2003-08-19 00:00:00+00:00,9963746.381436247,9963746.381436247,0.0,0.0,0.0,0.0,0,-0.027484778432862487,False,False,25,83
2003-08-20 00:00:00+00:00,9963746.381436247,9963746.381436247,0.0,0.0,0.0,0.0,0,-0.027484778432862487,False,False,25,83
2003-08-21 00:00:00+00:00,9963746.381436247,9963746.381436247,0.0,0.0,0.0,0.0,0,-0.027484778432862487,False,False,25,83
2003-08-22 00:00:00+00:00,9963746.381436247,9963746.381436247,0.0,0.0,0.0,0.0,0,-0.027484778432862487,False,False,25,83
2003-08-25 00:00:00+00:00,9963746.381436247,9963746.381436247,0.0,0.0,0.0,0.0,0,-0.027484778432862487,False,False,25,83
2003-08-26 00:00:00+00:00,9963746.381436247,9963746.381436247,0.0,0.0,0.0,0.0,0,-0.027484778432862487,False,False,25,83
2003-08-27 00:00:00+00:00,9963746.381436247,9963746.381436247,0.0,0.0,0.0,0.0,0,-0.027484778432862487,False,False,25,83
2003-08-28 00:00:00+00:00,9963746.381436247,9963746.381436247,0.0,0.0,0.0,0.0,0,-0.027484778432862487,False,False,25,83
2003-08-29 00:00:00+00:00,9963746.381436247,9963746.381436247,0.0,0.0,0.0,0.0,0,-0.027484778432862487,False,False,25,83
2003-09-01 00:00:00+00:00,9963746.381436247,9963746.381436247,0.0,0.0,0.0,0.0,0,-0.027484778432862487,False,False,25,83
2003-09-02 00:00:00+00:00,9963746.381436247,9963746.381436247,0.0,0.0,0.0,0.0,0,-0.027484778432862487,False,False,25,83
2003-09-03 00:00:00+00:00,9963746.381436247,9963746.381436247,0.0,0.0,0.0,0.0,0,-0.027484778432862487,False,False,25,83
2003-09-04 00:00:00+00:00,9963746.381436247,9963746.381436247,0.0,0.0,0.0,0.0,0,-0.027484778432862487,False,False,25,83
2003-09-05 00:00:00+00:00,9964263.453084068,9567105.704625206,397157.7484588623,397157.7484588623,397157.7484588623,0.0,1,-0.02743430945975779,False,False,25,83
2003-09-08 00:00:00+00:00,9963850.909871178,9567105.704625206,396745.2052459717,396745.2052459717,396745.2052459717,0.0,1,-0.027474575895567302,False,False,25,83
2003-09-09 00:00:00+00:00,9968389.068821983,9567105.704625206,401283.36419677734,401283.36419677734,401283.36419677734,0.0,1,-0.02703162718043617,False,False,25,83
2003-09-10 00:00:00+00:00,9970726.909871178,9567105.704625206,403621.2052459717,403621.2052459717,403621.2052459717,0.0,1,-0.026803441323539814,False,False,25,83
2003-09-11 00:00:00+00:00,9963438.340428429,9567105.704625206,396332.63580322266,396332.63580322266,396332.63580322266,0.0,1,-0.027514844891552027,False,False,25,83
2003-09-12 00:00:00+00:00,9955874.750920372,9567105.704625206,388769.046295166,388769.046295166,388769.046295166,0.0,1,-0.028253091896712178,False,False,25,83
2003-09-15 00:00:00+00:00,9954086.976231651,9567105.704625206,386981.2716064453,386981.2716064453,386981.2716064453,0.0,1,-0.028427588319137446,False,False,25,83
2003-09-16 00:00:00+00:00,9960530.335581677,8756573.570947545,1203956.7646341324,1203956.7646341324,1203956.7646341324,0.0,3,-0.027798681800842103,False,False,25,83
2003-09-17 00:00:00+00:00,9971713.467972653,8756573.570947545,1215139.8970251083,1215139.8970251083,1215139.8970251083,0.0,3,-0.026707147948145132,False,False,25,84
2003-09-18 00:00:00+00:00,9954650.70917485,9127381.24618695,827269.4629878998,827269.4629878998,827269.4629878998,0.0,2,-0.02837256495270772,False,False,25,84
2003-09-19 00:00:00+00:00,9956536.081456697,8732962.511805093,1223573.5696516037,1223573.5696516037,1223573.5696516037,0.0,3,-0.028188542480414202,False,False,25,84
2003-09-22 00:00:00+00:00,9944992.740116632,8732962.511805093,1212030.2283115387,1212030.2283115387,1212030.2283115387,0.0,3,-0.02931523466337402,False,False,25,84
2003-09-23 00:00:00+00:00,9963478.540981805,8732962.511805093,1230516.029176712,1230516.029176712,1230516.029176712,0.0,3,-0.027510921101385446,False,False,25,84
2003-09-24 00:00:00+00:00,9983134.446423532,9178290.41669369,804844.0297298431,804844.0297298431,804844.0297298431,0.0,2,-0.02559239904111108,False,False,25,84
2003-09-25 00:00:00+00:00,9978558.828104975,9178290.41669369,800268.4114112854,800268.4114112854,800268.4114112854,0.0,2,-0.026039003991952612,False,False,25,84
2003-09-26 00:00:00+00:00,9995614.122082712,9178290.41669369,817323.7053890228,817323.7053890228,817323.7053890228,0.0,2,-0.024374315593966606,False,False,25,84
2003-09-29 00:00:00+00:00,9996806.61036273,9594673.05166217,402133.5587005615,402133.5587005615,402133.5587005615,0.0,1,-0.024257922325866228,False,False,25,84
2003-09-30 00:00:00+00:00,9993696.864949785,9993696.864949785,0.0,0.0,0.0,0.0,0,-0.02456145019916928,False,False,25,84
2003-10-01 00:00:00+00:00,9993696.864949785,9993696.864949785,0.0,0.0,0.0,0.0,0,-0.02456145019916928,False,False,25,84
2003-10-02 00:00:00+00:00,9993696.864949785,9993696.864949785,0.0,0.0,0.0,0.0,0,-0.02456145019916928,False,False,25,84
2003-10-03 00:00:00+00:00,9993696.864949785,9993696.864949785,0.0,0.0,0.0,0.0,0,-0.02456145019916928,False,False,25,84
2003-10-06 00:00:00+00:00,9993696.864949785,9993696.864949785,0.0,0.0,0.0,0.0,0,-0.02456145019916928,False,False,25,84
2003-10-07 00:00:00+00:00,9993696.864949785,9993696.864949785,0.0,0.0,0.0,0.0,0,-0.02456145019916928,False,False,25,84
2003-10-08 00:00:00+00:00,9993696.864949785,9993696.864949785,0.0,0.0,0.0,0.0,0,-0.02456145019916928,False,False,25,84
2003-10-09 00:00:00+00:00,9993696.864949785,9993696.864949785,0.0,0.0,0.0,0.0,0,-0.02456145019916928,False,False,25,84
2003-10-10 00:00:00+00:00,9993696.864949785,9993696.864949785,0.0,0.0,0.0,0.0,0,-0.02456145019916928,False,False,25,84
2003-10-13 00:00:00+00:00,9996210.472969785,9594270.472969785,401940.0,401940.0,401940.0,0.0,1,-0.024316108540829013,False,False,25,84
2003-10-14 00:00:00+00:00,9998058.472969785,9594270.472969785,403788.0,403788.0,403788.0,0.0,1,-0.024135733804193354,False,False,25,84
2003-10-15 00:00:00+00:00,9994362.472969785,9594270.472969785,400092.0,400092.0,400092.0,0.0,1,-0.024496483277464672,False,False,25,84
2003-10-16 00:00:00+00:00,9991128.472969785,9594270.472969785,396858.0,396858.0,396858.0,0.0,1,-0.024812139066577078,False,False,25,84
2003-10-17 00:00:00+00:00,9990204.472969785,9594270.472969785,395934.0,395934.0,395934.0,0.0,1,-0.024902326434894907,False,False,25,84
2003-10-20 00:00:00+00:00,9989280.472969785,9594270.472969785,395010.0,395010.0,395010.0,0.0,1,-0.024992513803212737,False,False,25,84
2003-10-21 00:00:00+00:00,9992976.472969785,9594270.472969785,398706.0,398706.0,398706.0,0.0,1,-0.02463176432994142,False,False,25,84
2003-10-22 00:00:00+00:00,10001292.472969785,9594270.472969785,407022.0,407022.0,407022.0,0.0,1,-0.02382007801508095,False,False,25,84
2003-10-23 00:00:00+00:00,10000685.411899785,10000685.411899785,0.0,0.0,0.0,0.0,0,-0.023879330439660576,False,False,25,84
2003-10-24 00:00:00+00:00,10009289.764948156,9602757.24423435,406532.52071380615,406532.52071380615,406532.52071380615,0.0,1,-0.023039499316814156,False,False,25,84
2003-10-27 00:00:00+00:00,10000792.546377447,9602757.24423435,398035.3021430969,398035.3021430969,398035.3021430969,0.0,1,-0.023868873538582185,False,False,25,84
2003-10-28 00:00:00+00:00,9999949.853878286,9602757.24423435,397192.60964393616,397192.60964393616,397192.60964393616,0.0,1,-0.023951124857630325,False,False,25,84
2003-10-29 00:00:00+00:00,10000652.093162801,9602757.24423435,397894.84892845154,397894.84892845154,397894.84892845154,0.0,1,-0.02388258252754392,False,False,25,84
2003-10-30 00:00:00+00:00,10000441.426735189,9602757.24423435,397684.18250083923,397684.18250083923,397684.18250083923,0.0,1,-0.023903144703625385,False,False,25,84
2003-10-31 00:00:00+00:00,9988152.051735189,9602757.24423435,385394.80750083923,385394.80750083923,385394.80750083923,0.0,1,-0.025102653783193492,False,False,25,84
2003-11-03 00:00:00+00:00,9999107.134590413,9602757.24423435,396349.89035606384,396349.89035606384,396349.89035606384,0.0,1,-0.02403337879140076,False,False,25,84
2003-11-04 00:00:00+00:00,10005497.608518865,9602757.24423435,402740.3642845154,402740.3642845154,402740.3642845154,0.0,1,-0.023409634174614235,False,False,25,84
2003-11-05 00:00:00+00:00,10016312.264948156,9602757.24423435,413555.02071380615,413555.02071380615,413555.02071380615,0.0,1,-0.022354065557060952,False,False,25,84
2003-11-06 00:00:00+00:00,10018031.067068955,10018031.067068955,0.0,0.0,0.0,0.0,0,-0.02218630122812807,False,False,25,84
2003-11-07 00:00:00+00:00,10018031.067068955,10018031.067068955,0.0,0.0,0.0,0.0,0,-0.02218630122812807,False,False,25,84
2003-11-10 00:00:00+00:00,10018031.067068955,10018031.067068955,0.0,0.0,0.0,0.0,0,-0.02218630122812807,False,False,25,84
2003-11-11 00:00:00+00:00,10018031.067068955,10018031.067068955,0.0,0.0,0.0,0.0,0,-0.02218630122812807,False,False,25,84
2003-11-12 00:00:00+00:00,10018031.067068955,10018031.067068955,0.0,0.0,0.0,0.0,0,-0.02218630122812807,False,False,25,84
2003-11-13 00:00:00+00:00,10018031.067068955,10018031.067068955,0.0,0.0,0.0,0.0,0,-0.02218630122812807,False,False,25,84
2003-11-14 00:00:00+00:00,10018031.067068955,10018031.067068955,0.0,0.0,0.0,0.0,0,-0.02218630122812807,False,False,25,84
2003-11-17 00:00:00+00:00,10018031.067068955,10018031.067068955,0.0,0.0,0.0,0.0,0,-0.02218630122812807,False,False,25,84
2003-11-18 00:00:00+00:00,10031399.74935974,9612768.640221251,418631.10913848877,418631.10913848877,418631.10913848877,0.0,1,-0.020881445953579283,False,False,25,84
2003-11-19 00:00:00+00:00,10027135.022978503,9632624.396818835,394510.62615966797,394510.62615966797,394510.62615966797,0.0,1,-0.021297706179682487,False,False,25,84
2003-11-20 00:00:00+00:00,10023763.116362292,9632624.396818835,391138.71954345703,391138.71954345703,391138.71954345703,0.0,1,-0.021626822396056452,False,False,25,84
2003-11-21 00:00:00+00:00,10015421.303026935,9233454.480547687,781966.822479248,781966.822479248,781966.822479248,0.0,2,-0.022441028231245247,False,False,25,84
2003-11-24 00:00:00+00:00,10042915.314257404,9233454.480547687,809460.8337097168,809460.8337097168,809460.8337097168,0.0,2,-0.019757464900750837,False,False,25,84
2003-11-25 00:00:00+00:00,10045132.738848468,9233454.480547687,811678.2583007812,811678.2583007812,811678.2583007812,0.0,2,-0.019541032337643323,False,False,25,84
2003-11-26 00:00:00+00:00,10045132.738848468,9233454.480547687,811678.2583007812,811678.2583007812,811678.2583007812,0.0,2,-0.019541032337643323,False,False,25,84
2003-11-27 00:00:00+00:00,10046560.765993854,9233454.480547687,813106.285446167,813106.285446167,813106.285446167,0.0,2,-0.019401649209798342,False,False,25,84
2003-11-28 00:00:00+00:00,10064253.636355182,9233454.480547687,830799.1558074951,830799.1558074951,830799.1558074951,0.0,2,-0.017674729928546486,False,False,25,84
2003-12-01 00:00:00+00:00,10071911.17821677,9677400.552057102,394510.62615966797,394510.62615966797,394510.62615966797,0.0,1,-0.016927312668502927,False,False,25,84
2003-12-02 00:00:00+00:00,10068539.27160056,9677400.552057102,391138.71954345703,391138.71954345703,391138.71954345703,0.0,1,-0.01725642888487689,False,False,25,84
2003-12-03 00:00:00+00:00,10065167.393121555,9677400.552057102,387766.8410644531,387766.8410644531,387766.8410644531,0.0,1,-0.017585542354908154,False,False,25,84
2003-12-04 00:00:00+00:00,10060109.589471653,9677400.552057102,382709.0374145508,382709.0374145508,382709.0374145508,0.0,1,-0.018079211186783704,False,False,25,84
2003-12-05 00:00:00+00:00,10056737.682855442,9677400.552057102,379337.13079833984,379337.13079833984,379337.13079833984,0.0,1,-0.01840832740315767,False,False,25,84
2003-12-08 00:00:00+00:00,10056737.682855442,9677400.552057102,379337.13079833984,379337.13079833984,379337.13079833984,0.0,1,-0.01840832740315767,False,False,25,84
2003-12-09 00:00:00+00:00,10066853.34642966,9677400.552057102,389452.7943725586,389452.7943725586,389452.7943725586,0.0,1,-0.017420984246721172,False,False,25,84
2003-12-10 00:00:00+00:00,10070275.93069765,10070275.93069765,0.0,0.0,0.0,0.0,0,-0.01708692161904161,False,False,25,84
2003-12-11 00:00:00+00:00,10070275.93069765,10070275.93069765,0.0,0.0,0.0,0.0,0,-0.01708692161904161,False,False,25,84
2003-12-12 00:00:00+00:00,10070275.93069765,10070275.93069765,0.0,0.0,0.0,0.0,0,-0.01708692161904161,False,False,25,84
2003-12-15 00:00:00+00:00,10070275.93069765,10070275.93069765,0.0,0.0,0.0,0.0,0,-0.01708692161904161,False,False,25,84
2003-12-16 00:00:00+00:00,10070275.93069765,10070275.93069765,0.0,0.0,0.0,0.0,0,-0.01708692161904161,False,False,25,84
2003-12-17 00:00:00+00:00,10070275.93069765,10070275.93069765,0.0,0.0,0.0,0.0,0,-0.01708692161904161,False,False,25,84
2003-12-18 00:00:00+00:00,10070275.93069765,10070275.93069765,0.0,0.0,0.0,0.0,0,-0.01708692161904161,False,False,25,84
2003-12-19 00:00:00+00:00,10070275.93069765,10070275.93069765,0.0,0.0,0.0,0.0,0,-0.01708692161904161,False,False,25,84
2003-12-22 00:00:00+00:00,10070275.93069765,10070275.93069765,0.0,0.0,0.0,0.0,0,-0.01708692161904161,False,False,25,84
2003-12-23 00:00:00+00:00,10070275.93069765,10070275.93069765,0.0,0.0,0.0,0.0,0,-0.01708692161904161,False,False,25,84
2003-12-24 00:00:00+00:00,10070275.93069765,10070275.93069765,0.0,0.0,0.0,0.0,0,-0.01708692161904161,False,False,25,84
2003-12-25 00:00:00+00:00,10070275.93069765,10070275.93069765,0.0,0.0,0.0,0.0,0,-0.01708692161904161,False,False,25,84
2003-12-26 00:00:00+00:00,10070275.93069765,10070275.93069765,0.0,0.0,0.0,0.0,0,-0.01708692161904161,False,False,25,84
2003-12-29 00:00:00+00:00,10070275.93069765,10070275.93069765,0.0,0.0,0.0,0.0,0,-0.01708692161904161,False,False,25,84
2003-12-30 00:00:00+00:00,10070275.93069765,10070275.93069765,0.0,0.0,0.0,0.0,0,-0.01708692161904161,False,False,25,84
2003-12-31 00:00:00+00:00,10070275.93069765,10070275.93069765,0.0,0.0,0.0,0.0,0,-0.01708692161904161,False,False,25,84
2004-01-01 00:00:00+00:00,10070275.93069765,10070275.93069765,0.0,0.0,0.0,0.0,0,-0.01708692161904161,False,False,25,84
2004-01-02 00:00:00+00:00,10070275.93069765,10070275.93069765,0.0,0.0,0.0,0.0,0,-0.01708692161904161,False,False,25,84
2004-01-05 00:00:00+00:00,10070275.93069765,10070275.93069765,0.0,0.0,0.0,0.0,0,-0.01708692161904161,False,False,25,84
2004-01-06 00:00:00+00:00,10070275.93069765,10070275.93069765,0.0,0.0,0.0,0.0,0,-0.01708692161904161,False,False,25,84
2004-01-07 00:00:00+00:00,10070275.93069765,10070275.93069765,0.0,0.0,0.0,0.0,0,-0.01708692161904161,False,False,25,84
2004-01-08 00:00:00+00:00,10070275.93069765,10070275.93069765,0.0,0.0,0.0,0.0,0,-0.01708692161904161,False,False,25,84
2004-01-09 00:00:00+00:00,10070275.93069765,10070275.93069765,0.0,0.0,0.0,0.0,0,-0.01708692161904161,False,False,25,84
2004-01-12 00:00:00+00:00,10070275.93069765,10070275.93069765,0.0,0.0,0.0,0.0,0,-0.01708692161904161,False,False,25,84
2004-01-13 00:00:00+00:00,10070275.93069765,10070275.93069765,0.0,0.0,0.0,0.0,0,-0.01708692161904161,False,False,25,84
2004-01-14 00:00:00+00:00,10070275.93069765,10070275.93069765,0.0,0.0,0.0,0.0,0,-0.01708692161904161,False,False,25,84
2004-01-15 00:00:00+00:00,10070275.93069765,10070275.93069765,0.0,0.0,0.0,0.0,0,-0.01708692161904161,False,False,25,84
2004-01-16 00:00:00+00:00,10070275.93069765,10070275.93069765,0.0,0.0,0.0,0.0,0,-0.01708692161904161,False,False,25,84
2004-01-19 00:00:00+00:00,10060750.864828343,9661984.88011765,398765.98471069336,398765.98471069336,398765.98471069336,0.0,1,-0.01801661926385416,False,False,25,84
2004-01-20 00:00:00+00:00,10062614.05615067,9661984.88011765,400629.17603302,400629.17603302,400629.17603302,0.0,1,-0.01783476177247617,False,False,25,84
2004-01-21 00:00:00+00:00,10028166.719373936,9661984.88011765,366181.8392562866,366181.8392562866,366181.8392562866,0.0,1,-0.021197007064090435,False,False,25,85
2004-01-22 00:00:00+00:00,10032755.725022532,9647120.923493244,385634.8015292883,385634.8015292883,385634.8015292883,0.0,1,-0.02074909543785391,False,False,25,85
2004-01-23 00:00:00+00:00,10068708.689222764,9255129.931803238,813578.7574195266,813578.7574195266,813578.7574195266,0.0,2,-0.017239892813996672,False,False,25,85
2004-01-26 00:00:00+00:00,10068708.689222764,9255129.931803238,813578.7574195266,813578.7574195266,813578.7574195266,0.0,2,-0.017239892813996672,False,False,25,85
2004-01-27 00:00:00+00:00,10094114.638523709,9255129.931803238,838984.7067204714,838984.7067204714,838984.7067204714,0.0,2,-0.014760135555264614,False,False,25,85
2004-01-28 00:00:00+00:00,10081897.59580302,9681240.359963058,400657.23583996296,400657.23583996296,400657.23583996296,0.0,1,-0.015952584615443615,False,False,25,85
2004-01-29 00:00:00+00:00,10074281.961074648,9681240.359963058,393041.60111159086,393041.60111159086,393041.60111159086,0.0,1,-0.016695911513952003,False,False,25,85
2004-01-30 00:00:00+00:00,10062128.08197832,9681240.359963058,380887.72201526165,380887.72201526165,380887.72201526165,0.0,1,-0.01788219546476479,False,False,25,85
2004-02-02 00:00:00+00:00,10062128.08197832,9681240.359963058,380887.72201526165,380887.72201526165,380887.72201526165,0.0,1,-0.01788219546476479,False,False,25,85
2004-02-03 00:00:00+00:00,10045905.757591484,9681240.359963058,364665.39762842655,364665.39762842655,364665.39762842655,0.0,1,-0.019465581551828436,False,False,25,86
2004-02-04 00:00:00+00:00,10129775.475572998,8495727.651918823,1634047.8236541748,1634047.8236541748,1634047.8236541748,0.0,4,-0.011279446112097613,False,False,25,86
2004-02-05 00:00:00+00:00,10134742.091993116,8086035.26867082,2048706.8233222961,2048706.8233222961,2048706.8233222961,0.0,5,-0.01079467764415976,False,False,25,86
2004-02-06 00:00:00+00:00,10126814.26816398,8512438.863297286,1614375.4048666954,1614375.4048666954,1614375.4048666954,0.0,4,-0.0115684758775332,False,False,25,86
2004-02-09 00:00:00+00:00,10158563.259443583,8512438.863297286,1646124.3961462975,1646124.3961462975,1646124.3961462975,0.0,4,-0.00846960361535459,False,False,25,86
2004-02-10 00:00:00+00:00,10140970.897918643,8934039.862567844,1206931.0353507996,1206931.0353507996,1206931.0353507996,0.0,3,-0.010186712693742188,False,False,25,86
2004-02-11 00:00:00+00:00,10128482.849979343,8934039.862567844,1194442.987411499,1194442.987411499,1194442.987411499,0.0,3,-0.011405613320443934,False,False,25,86
2004-02-12 00:00:00+00:00,10134978.551258506,8934039.862567844,1200938.6886906624,1200938.6886906624,1200938.6886906624,0.0,3,-0.010771597948423906,False,False,25,86
2004-02-13 00:00:00+00:00,10155383.898505153,8934039.862567844,1221344.0359373093,1221344.0359373093,1221344.0359373093,0.0,3,-0.008779926338265295,False,False,25,86
2004-02-16 00:00:00+00:00,10166608.283015056,9364097.19735269,802511.085662365,802511.085662365,802511.085662365,0.0,2,-0.007684366056949801,False,False,25,86
2004-02-17 00:00:00+00:00,10210365.122302232,9786952.337457357,423412.78484487534,423412.78484487534,423412.78484487534,0.0,1,-0.0034134632634252406,False,False,25,86
2004-02-18 00:00:00+00:00,10211782.01048315,10211782.01048315,0.0,0.0,0.0,0.0,0,-0.003275167358406244,False,False,25,86
2004-02-19 00:00:00+00:00,10211782.01048315,10211782.01048315,0.0,0.0,0.0,0.0,0,-0.003275167358406244,False,False,25,86
2004-02-20 00:00:00+00:00,10211782.01048315,10211782.01048315,0.0,0.0,0.0,0.0,0,-0.003275167358406244,False,False,25,86
2004-02-23 00:00:00+00:00,10126036.065885063,9354245.87679815,771790.1890869141,771790.1890869141,771790.1890869141,0.0,2,-0.011644432604323808,False,False,25,86
2004-02-24 00:00:00+00:00,10164364.50017802,8947491.696345013,1216872.8038330078,1216872.8038330078,1216872.8038330078,0.0,3,-0.007903371326591482,False,False,25,86
2004-02-25 00:00:00+00:00,10161901.899592083,8947491.696345013,1214410.2032470703,1214410.2032470703,1214410.2032470703,0.0,3,-0.008143734385101924,False,False,25,86
2004-02-26 00:00:00+00:00,10094547.001286607,7712356.221146684,2382190.780139923,2382190.780139923,2382190.780139923,0.0,6,-0.014717934624805291,False,False,26,86
2004-02-27 00:00:00+00:00,10150705.099839311,7712356.221146684,2438348.878692627,2438348.878692627,2438348.878692627,0.0,6,-0.009236602245799135,False,False,26,86
2004-03-01 00:00:00+00:00,10170380.113127947,8142815.4230816355,2027564.6900463104,2027564.6900463104,2027564.6900463104,0.0,5,-0.007316215156924253,False,False,26,87
2004-03-02 00:00:00+00:00,10170135.01662194,8146017.474814766,2024117.5418071747,2024117.5418071747,2024117.5418071747,0.0,5,-0.007340137893786448,False,False,26,87
2004-03-03 00:00:00+00:00,10188357.070220344,8146017.474814766,2042339.5954055786,2042339.5954055786,2042339.5954055786,0.0,5,-0.0055615674831950065,False,False,26,87
2004-03-04 00:00:00+00:00,10148828.237041388,9002446.028283987,1146382.2087574005,1146382.2087574005,1146382.2087574005,0.0,3,-0.009419794146706437,False,False,26,89
2004-03-05 00:00:00+00:00,10127051.004964624,9293752.005224023,833298.9997406006,833298.9997406006,833298.9997406006,0.0,2,-0.011545369092864428,False,False,26,89
2004-03-08 00:00:00+00:00,10185914.286336694,9293752.005224023,892162.2811126709,892162.2811126709,892162.2811126709,0.0,2,-0.005799996325008414,False,False,26,89
2004-03-09 00:00:00+00:00,10207960.492748719,9787666.265194397,420294.2275543213,420294.2275543213,420294.2275543213,0.0,1,-0.0036481680374627623,False,False,26,89
2004-03-10 00:00:00+00:00,10207840.287640076,9787666.265194397,420174.0224456787,420174.0224456787,420174.0224456787,0.0,1,-0.0036599007024052223,False,False,26,89
2004-03-11 00:00:00+00:00,10216056.279987404,9379452.91775901,836603.3622283936,836603.3622283936,836603.3622283936,0.0,2,-0.002857975672183425,False,False,26,89
2004-03-12 00:00:00+00:00,10201336.182720253,9379452.91775901,821883.2649612427,821883.2649612427,821883.2649612427,0.0,2,-0.00429473631493972,False,False,26,89
2004-03-15 00:00:00+00:00,10193759.353389809,9379452.91775901,814306.4356307983,814306.4356307983,814306.4356307983,0.0,2,-0.005034275597955,False,False,26,89
2004-03-16 00:00:00+00:00,10156922.861837476,7773871.3365698755,2383051.525267601,2383051.525267601,2383051.525267601,0.0,6,-0.008629715242074947,False,False,32,89
2004-03-17 00:00:00+00:00,10165030.930905432,7773871.3365698755,2391159.594335556,2391159.594335556,2391159.594335556,0.0,6,-0.0078383241042199,False,False,34,90
2004-03-18 00:00:00+00:00,10136826.409735685,8170027.817526823,1966798.5922088623,1966798.5922088623,1966798.5922088623,0.0,5,-0.010591237025176545,False,False,34,90
2004-03-19 00:00:00+00:00,10144510.594808303,7364325.691077911,2780184.9037303925,2780184.9037303925,2780184.9037303925,0.0,7,-0.009841219244476831,False,False,35,92
2004-03-22 00:00:00+00:00,10122120.340629544,8164138.830544438,1957981.510085106,1957981.510085106,1957981.510085106,0.0,5,-0.012026628443989322,False,False,35,93
2004-03-23 00:00:00+00:00,10116314.776207905,5652167.083370191,4464147.692837715,4464147.692837715,4464147.692837715,0.0,11,-0.012593282747871607,False,False,35,93
2004-03-24 00:00:00+00:00,10119749.53206442,5652167.083370191,4467582.448694229,4467582.448694229,4467582.448694229,0.0,11,-0.012258032107705753,False,False,35,93
2004-03-25 00:00:00+00:00,10198942.353051167,5652167.083370191,4546775.269680977,4546775.269680977,4546775.269680977,0.0,11,-0.004528386962186507,False,False,35,93
2004-03-26 00:00:00+00:00,10312016.559154589,6512998.311367113,3799018.2477874756,3799018.2477874756,3799018.2477874756,0.0,9,0.0,False,False,35,93
2004-03-29 00:00:00+00:00,10312618.92543495,8249959.518395309,2062659.4070396423,2062659.4070396423,2062659.4070396423,0.0,5,0.0,False,False,35,93
2004-03-30 00:00:00+00:00,10318591.211991195,8249959.518395309,2068631.6935958862,2068631.6935958862,2068631.6935958862,0.0,5,0.0,False,False,35,93
2004-03-31 00:00:00+00:00,10376638.488919143,8249959.518395309,2126678.970523834,2126678.970523834,2126678.970523834,0.0,5,0.0,False,False,35,93
2004-04-01 00:00:00+00:00,10405280.003520729,9149647.459758522,1255632.543762207,1255632.543762207,1255632.543762207,0.0,3,0.0,False,False,35,93
2004-04-02 00:00:00+00:00,10422111.33760803,10024937.486602476,397173.8510055542,397173.8510055542,397173.8510055542,0.0,1,0.0,False,False,35,93
2004-04-05 00:00:00+00:00,10424231.922405362,10424231.922405362,0.0,0.0,0.0,0.0,0,0.0,False,False,35,93
2004-04-06 00:00:00+00:00,10424231.922405362,10424231.922405362,0.0,0.0,0.0,0.0,0,0.0,False,False,35,93
2004-04-07 00:00:00+00:00,10424231.922405362,10424231.922405362,0.0,0.0,0.0,0.0,0,0.0,False,False,35,93
2004-04-08 00:00:00+00:00,10424231.922405362,10424231.922405362,0.0,0.0,0.0,0.0,0,0.0,False,False,35,93
2004-04-09 00:00:00+00:00,10424231.922405362,10424231.922405362,0.0,0.0,0.0,0.0,0,0.0,False,False,35,93
2004-04-12 00:00:00+00:00,10424231.922405362,10424231.922405362,0.0,0.0,0.0,0.0,0,0.0,False,False,35,93
2004-04-13 00:00:00+00:00,10424231.922405362,10424231.922405362,0.0,0.0,0.0,0.0,0,0.0,False,False,35,93
2004-04-14 00:00:00+00:00,10424231.922405362,10424231.922405362,0.0,0.0,0.0,0.0,0,0.0,False,False,35,93
2004-04-15 00:00:00+00:00,10424231.922405362,10424231.922405362,0.0,0.0,0.0,0.0,0,0.0,False,False,35,93
2004-04-16 00:00:00+00:00,10419397.228708956,9999321.137400363,420076.09130859375,420076.09130859375,420076.09130859375,0.0,1,-0.0004637937578896601,False,False,35,93
2004-04-19 00:00:00+00:00,10418980.330332492,9999321.137400363,419659.1929321289,419659.1929321289,419659.1929321289,0.0,1,-0.0005037869563879381,False,False,35,93
2004-04-20 00:00:00+00:00,10418308.705881808,9999321.137400363,418987.5684814453,418987.5684814453,418987.5684814453,0.0,1,-0.0005682161110424921,False,False,35,93
2004-04-21 00:00:00+00:00,10419489.85315964,9999321.137400363,420168.71575927734,420168.71575927734,420168.71575927734,0.0,1,-0.00045490826384337826,False,False,35,93
2004-04-22 00:00:00+00:00,10422077.415256115,9592020.107726665,830057.3075294495,830057.3075294495,830057.3075294495,0.0,2,-0.00020668258009653973,False,False,35,93
2004-04-23 00:00:00+00:00,10440606.925075145,9592020.107726665,848586.8173484802,848586.8173484802,848586.8173484802,0.0,2,0.0,False,False,35,93
2004-04-26 00:00:00+00:00,10009001.594684215,9592020.107726665,416981.48695755005,416981.48695755005,416981.48695755005,0.0,2,-0.04133910351076872,False,False,35,93
2004-04-27 00:00:00+00:00,10422783.109751714,9405538.668675436,1017244.4410762787,1017244.4410762787,1017244.4410762787,0.0,2,-0.0017071627589602756,False,False,35,94
2004-04-28 00:00:00+00:00,10348567.281374224,9951934.606411226,396632.67496299744,396632.67496299744,396632.67496299744,0.0,1,-0.008815545337682508,False,False,35,94
2004-04-29 00:00:00+00:00,10351967.481287355,9539472.92261886,812494.5586684942,812494.5586684942,812494.5586684942,0.0,2,-0.008489874623562927,False,False,35,95
2004-04-30 00:00:00+00:00,10355801.449534813,9514500.217183152,841301.2323516607,841301.2323516607,841301.2323516607,0.0,2,-0.008122657633691358,False,False,35,95
2004-05-03 00:00:00+00:00,10360342.339018503,9514500.217183152,845842.121835351,845842.121835351,845842.121835351,0.0,2,-0.007687731817953154,False,False,35,95
2004-05-04 00:00:00+00:00,10369673.819798745,9093898.210084595,1275775.6097141504,1275775.6097141504,1275775.6097141504,0.0,3,-0.006793963778680394,False,False,35,95
2004-05-05 00:00:00+00:00,10378061.734275497,9093898.210084595,1284163.5241909027,1284163.5241909027,1284163.5241909027,0.0,3,-0.005990570399641569,False,False,35,95
2004-05-06 00:00:00+00:00,10402157.00421402,9532887.640665742,869269.3635482788,869269.3635482788,869269.3635482788,0.0,2,-0.0036827285173221145,False,False,35,95
2004-05-07 00:00:00+00:00,10396667.833628388,9532887.640665742,863780.1929626465,863780.1929626465,863780.1929626465,0.0,2,-0.004208480576088834,False,False,35,95
2004-05-10 00:00:00+00:00,10349615.337184846,9544581.304433763,805034.0327510834,805034.0327510834,805034.0327510834,0.0,2,-0.008715162685778838,False,False,35,95
2004-05-11 00:00:00+00:00,10308068.199171007,9544581.304433763,763486.8947372437,763486.8947372437,763486.8947372437,0.0,2,-0.012694542267061244,False,False,35,97
2004-05-12 00:00:00+00:00,10341494.459394723,8254300.148409159,2087194.3109855652,2087194.3109855652,2087194.3109855652,0.0,5,-0.009492979325022228,False,False,35,97
2004-05-13 00:00:00+00:00,10365595.376352578,8254300.148409159,2111295.2279434204,2111295.2279434204,2111295.2279434204,0.0,5,-0.007184596571911182,False,False,35,98
2004-05-14 00:00:00+00:00,10185233.751533646,7805265.365299363,2379968.3862342834,2379968.3862342834,2379968.3862342834,0.0,6,-0.024459609999124766,False,False,42,100
2004-05-17 00:00:00+00:00,10042070.172051251,8558822.035366833,1483248.1366844177,1483248.1366844177,1483248.1366844177,0.0,4,-0.03817179938713439,False,False,42,103
2004-05-18 00:00:00+00:00,10366443.296436759,3447023.6180500705,6919419.678386688,6919419.678386688,6919419.678386688,0.0,16,-0.007103382894366837,False,False,42,103
2004-05-19 00:00:00+00:00,10373022.235456325,4409333.023874142,5963689.211582184,5963689.211582184,5963689.211582184,0.0,14,-0.006473252953954484,False,False,42,104
2004-05-20 00:00:00+00:00,10388190.587852364,4630035.78519333,5758154.802659035,5758154.802659035,5758154.802659035,0.0,13,-0.005020430095581227,False,False,42,104
2004-05-21 00:00:00+00:00,10344162.60654271,5998962.285738114,4345200.320804596,4345200.320804596,4345200.320804596,0.0,10,-0.00923742453140396,False,False,42,104
2004-05-24 00:00:00+00:00,10452740.144471291,5998962.285738114,4453777.858733177,4453777.858733177,4453777.858733177,0.0,10,0.0,False,False,42,104
2004-05-25 00:00:00+00:00,10437513.362863233,7378053.528264692,3059459.8345985413,3059459.8345985413,3059459.8345985413,0.0,7,-0.0014567263126800253,False,False,42,105
2004-05-26 00:00:00+00:00,10458079.156950194,8253061.367597776,2205017.789352417,2205017.789352417,2205017.789352417,0.0,5,0.0,False,False,42,105
2004-05-27 00:00:00+00:00,10458931.235888759,8700122.300681392,1758808.935207367,1758808.935207367,1758808.935207367,0.0,4,0.0,False,False,42,105
2004-05-28 00:00:00+00:00,10379299.32217721,8700122.300681392,1679177.021495819,1679177.021495819,1679177.021495819,0.0,4,-0.00761377160969364,False,False,42,105
2004-05-31 00:00:00+00:00,10305661.942626277,8700122.300681392,1605539.6419448853,1605539.6419448853,1605539.6419448853,0.0,4,-0.014654393437118478,False,False,42,105
2004-06-01 00:00:00+00:00,10313356.32609109,8700122.300681392,1613234.0254096985,1613234.0254096985,1613234.0254096985,0.0,4,-0.013918717554824623,False,False,42,105
2004-06-02 00:00:00+00:00,10371378.925296107,8700122.300681392,1671256.6246147156,1671256.6246147156,1671256.6246147156,0.0,4,-0.008371057101152412,False,False,42,105
2004-06-03 00:00:00+00:00,10379879.755877834,9151399.428271633,1228480.3276062012,1228480.3276062012,1228480.3276062012,0.0,3,-0.007558275145711614,False,False,42,105
2004-06-04 00:00:00+00:00,10367774.20212875,9151399.428271633,1216374.7738571167,1216374.7738571167,1216374.7738571167,0.0,3,-0.008715712122402453,False,False,42,105
2004-06-07 00:00:00+00:00,10389126.136172634,9151399.428271633,1237726.707901001,1237726.707901001,1237726.707901001,0.0,3,-0.00667420964358155,False,False,42,105
2004-06-08 00:00:00+00:00,10415867.226177437,8737585.17661689,1678282.0495605469,1678282.0495605469,1678282.0495605469,0.0,4,-0.004117438841509128,False,False,42,105
2004-06-09 00:00:00+00:00,10427365.980051195,9165884.656198656,1261481.323852539,1261481.323852539,1261481.323852539,0.0,3,-0.0030180192531766973,False,False,42,105
2004-06-10 00:00:00+00:00,10420785.044116337,9580397.909449894,840387.1346664429,840387.1346664429,840387.1346664429,0.0,2,-0.003647236119263032,False,False,42,105
2004-06-11 00:00:00+00:00,10430478.536876041,9580397.909449894,850080.6274261475,850080.6274261475,850080.6274261475,0.0,2,-0.002720421271638606,False,False,42,105
2004-06-14 00:00:00+00:00,10418461.989372518,10023836.739372518,394625.25,394625.25,394625.25,0.0,1,-0.0038693481775054278,False,False,42,105
2004-06-15 00:00:00+00:00,10421557.094620015,10023836.739372518,397720.35524749756,397720.35524749756,397720.35524749756,0.0,1,-0.003573418777293194,False,False,42,105
2004-06-16 00:00:00+00:00,10420009.528877523,10023836.739372518,396172.7895050049,396172.7895050049,396172.7895050049,0.0,1,-0.0037213847317094885,False,False,42,105
2004-06-17 00:00:00+00:00,10417430.278877523,10023836.739372518,393593.5395050049,393593.5395050049,393593.5395050049,0.0,1,-0.0039679921471162906,False,False,42,105
2004-06-18 00:00:00+00:00,10417602.239372518,10023836.739372518,393765.5,393765.5,393765.5,0.0,1,-0.003951550649307695,False,False,42,105
2004-06-21 00:00:00+00:00,10417258.344620015,10023836.739372518,393421.60524749756,393421.60524749756,393421.60524749756,0.0,1,-0.003984431136304531,False,False,42,105
2004-06-22 00:00:00+00:00,10416398.594620015,10023836.739372518,392561.85524749756,392561.85524749756,392561.85524749756,0.0,1,-0.0040666336081067985,False,False,42,105
2004-06-23 00:00:00+00:00,10396159.359568434,9597071.630701857,799087.7288665771,799087.7288665771,799087.7288665771,0.0,2,-0.0060017486399498955,False,False,42,105
2004-06-24 00:00:00+00:00,10399587.10186957,9176969.845895754,1222617.255973816,1222617.255973816,1222617.255973816,0.0,3,-0.005674015124562176,False,False,42,105
2004-06-25 00:00:00+00:00,10467532.904977702,7937379.307609937,2530153.5973677635,2530153.5973677635,2530153.5973677635,0.0,6,0.0,False,False,42,105
2004-06-28 00:00:00+00:00,10517195.534529667,8418840.825809937,2098354.7087197304,2098354.7087197304,2098354.7087197304,0.0,5,0.0,False,False,42,106
2004-06-29 00:00:00+00:00,10497184.48723708,8845965.627126796,1651218.860110283,1651218.860110283,1651218.860110283,0.0,4,-0.0019026980364574139,False,False,42,106
2004-06-30 00:00:00+00:00,10484024.854020221,8845965.627126796,1638059.226893425,1638059.226893425,1638059.226893425,0.0,4,-0.0031539473047298055,False,False,42,106
2004-07-01 00:00:00+00:00,10495166.528123004,8845965.627126796,1649200.9009962082,1649200.9009962082,1649200.9009962082,0.0,4,-0.0020945703951531724,False,False,42,106
2004-07-02 00:00:00+00:00,10512364.682866676,8845965.627126796,1666399.0557398796,1666399.0557398796,1666399.0557398796,0.0,4,-0.00045932888165206164,False,False,42,106
2004-07-05 00:00:00+00:00,10507777.504659278,8845965.627126796,1661811.8775324821,1661811.8775324821,1661811.8775324821,0.0,4,-0.0008954887107944416,False,False,42,106
2004-07-06 00:00:00+00:00,10512172.77045594,8845965.627126796,1666207.1433291435,1666207.1433291435,1666207.1433291435,0.0,4,-0.00047757637073848246,False,False,42,106
2004-07-07 00:00:00+00:00,10511848.775851829,8845965.627126796,1665883.1487250328,1665883.1487250328,1665883.1487250328,0.0,4,-0.000508382549348264,False,False,42,106
2004-07-08 00:00:00+00:00,10496415.692009075,8845965.627126796,1650450.0648822784,1650450.0648822784,1650450.0648822784,0.0,4,-0.0019757969177590286,False,False,42,106
2004-07-09 00:00:00+00:00,10494810.436899938,8433324.431355275,2061486.0055446625,2061486.0055446625,2061486.0055446625,0.0,5,-0.002128428396737109,False,False,42,106
2004-07-12 00:00:00+00:00,10503988.283549108,8433324.431355275,2070663.8521938324,2070663.8521938324,2070663.8521938324,0.0,5,-0.0012557768786553582,False,False,42,106
2004-07-13 00:00:00+00:00,10498790.11595551,8848614.862629093,1650175.253326416,1650175.253326416,1650175.253326416,0.0,4,-0.001750031033817914,False,False,42,107
2004-07-14 00:00:00+00:00,10474221.65831495,8401145.051926859,2073076.606388092,2073076.606388092,2073076.606388092,0.0,5,-0.0040860585004458974,False,False,42,107
2004-07-15 00:00:00+00:00,10522331.950783905,7980204.270913298,2542127.6798706055,2542127.6798706055,2542127.6798706055,0.0,6,0.0,False,False,42,107
2004-07-16 00:00:00+00:00,10534615.585050127,8405617.024110338,2128998.560939789,2128998.560939789,2128998.560939789,0.0,5,0.0,False,False,42,107
2004-07-19 00:00:00+00:00,10537891.690718517,7985554.918272838,2552336.7724456787,2552336.7724456787,2552336.7724456787,0.0,6,0.0,False,False,42,107
2004-07-20 00:00:00+00:00,10541512.328630982,8860945.909319459,1680566.4193115234,1680566.4193115234,1680566.4193115234,0.0,4,0.0,False,False,42,107
2004-07-21 00:00:00+00:00,10551359.466281632,8013124.973567704,2538234.492713928,2538234.492713928,2538234.492713928,0.0,6,0.0,False,False,42,108
2004-07-22 00:00:00+00:00,10526818.332958875,8887136.814022718,1639681.5189361572,1639681.5189361572,1639681.5189361572,0.0,4,-0.0023258740640181405,False,False,42,108
2004-07-23 00:00:00+00:00,10530637.226757703,8887136.814022718,1643500.4127349854,1643500.4127349854,1643500.4127349854,0.0,4,-0.0019639402477140003,False,False,42,109
2004-07-26 00:00:00+00:00,10521538.16328224,9280202.296491468,1241335.8667907715,1241335.8667907715,1241335.8667907715,0.0,3,-0.002826299596245428,False,False,42,109
2004-07-27 00:00:00+00:00,10502331.478628004,9280202.296491468,1222129.1821365356,1222129.1821365356,1222129.1821365356,0.0,3,-0.0046466038627822216,False,False,42,109
2004-07-28 00:00:00+00:00,10486618.600919569,9280202.296491468,1206416.3044281006,1206416.3044281006,1206416.3044281006,0.0,3,-0.006135784262582626,False,False,42,110
2004-07-29 00:00:00+00:00,10487190.273996545,9662052.211496545,825138.0625,825138.0625,825138.0625,0.0,2,-0.006081604222673744,False,False,42,110
2004-07-30 00:00:00+00:00,10496254.398859216,9662052.211496545,834202.1873626709,834202.1873626709,834202.1873626709,0.0,2,-0.005222556164303958,False,False,42,110
2004-08-02 00:00:00+00:00,10525472.211633874,9662052.211496545,863420.0001373291,863420.0001373291,863420.0001373291,0.0,2,-0.0024534520627871943,False,False,42,110
2004-08-03 00:00:00+00:00,10532397.77008906,10532397.77008906,0.0,0.0,0.0,0.0,0,-0.0017970856033449232,False,False,42,110
2004-08-04 00:00:00+00:00,10532397.77008906,10532397.77008906,0.0,0.0,0.0,0.0,0,-0.0017970856033449232,False,False,42,110
2004-08-05 00:00:00+00:00,10532397.77008906,10532397.77008906,0.0,0.0,0.0,0.0,0,-0.0017970856033449232,False,False,42,110
2004-08-06 00:00:00+00:00,10532397.77008906,10532397.77008906,0.0,0.0,0.0,0.0,0,-0.0017970856033449232,False,False,42,110
2004-08-09 00:00:00+00:00,10532397.77008906,10532397.77008906,0.0,0.0,0.0,0.0,0,-0.0017970856033449232,False,False,42,110
2004-08-10 00:00:00+00:00,10532397.77008906,10532397.77008906,0.0,0.0,0.0,0.0,0,-0.0017970856033449232,False,False,42,110
2004-08-11 00:00:00+00:00,10532397.77008906,10532397.77008906,0.0,0.0,0.0,0.0,0,-0.0017970856033449232,False,False,42,110
2004-08-12 00:00:00+00:00,10532397.77008906,10532397.77008906,0.0,0.0,0.0,0.0,0,-0.0017970856033449232,False,False,42,110
2004-08-13 00:00:00+00:00,10527948.802615883,9683902.045276405,844046.7573394775,844046.7573394775,844046.7573394775,0.0,2,-0.0022187343479824788,False,False,42,110
2004-08-16 00:00:00+00:00,10534488.912936928,9683902.045276405,850586.8676605225,850586.8676605225,850586.8676605225,0.0,2,-0.001598898549387542,False,False,42,110
2004-08-17 00:00:00+00:00,10544065.784267189,9683902.045276405,860163.7389907837,860163.7389907837,860163.7389907837,0.0,2,-0.0006912551920679963,False,False,42,110
2004-08-18 00:00:00+00:00,10510643.757529162,9256153.661913775,1254490.095615387,1254490.095615387,1254490.095615387,0.0,3,-0.0038588116424791443,False,False,42,110
2004-08-19 00:00:00+00:00,10532689.340101035,8834741.777599128,1697947.5625019073,1697947.5625019073,1697947.5625019073,0.0,4,-0.0017694521962084307,False,False,42,110
2004-08-20 00:00:00+00:00,10498042.418631816,8844002.957251811,1654039.4613800049,1654039.4613800049,1654039.4613800049,0.0,4,-0.005053097453479609,False,False,42,110
2004-08-23 00:00:00+00:00,10456133.998679424,8844002.957251811,1612131.0414276123,1612131.0414276123,1612131.0414276123,0.0,4,-0.009024947724178554,False,False,42,111
2004-08-24 00:00:00+00:00,10442941.221686643,8810260.283133786,1632680.9385528564,1632680.9385528564,1632680.9385528564,0.0,4,-0.0102752867951713,False,False,42,112
2004-08-25 00:00:00+00:00,10398413.727598118,8587320.034612583,1811093.6929855347,1811093.6929855347,1811093.6929855347,0.0,5,-0.014495358552826689,False,False,42,113
2004-08-26 00:00:00+00:00,10460618.4397278,9029132.623073595,1431485.8166542053,1431485.8166542053,1431485.8166542053,0.0,4,-0.008599936988575533,False,False,42,113
2004-08-27 00:00:00+00:00,10457075.611000078,9029132.623073595,1427942.9879264832,1427942.9879264832,1427942.9879264832,0.0,4,-0.008935706871029427,False,False,42,113
2004-08-30 00:00:00+00:00,10486323.47258017,8599177.047933793,1887146.4246463776,1887146.4246463776,1887146.4246463776,0.0,5,-0.006163754908482974,False,False,42,113
2004-08-31 00:00:00+00:00,10486334.563646525,9469997.329060763,1016337.234585762,1016337.234585762,1016337.234585762,0.0,3,-0.006162703758023138,False,False,42,113
2004-09-01 00:00:00+00:00,10469206.401902407,9469997.329060763,999209.0728416443,999209.0728416443,999209.0728416443,0.0,3,-0.007786017019110792,False,False,42,113
2004-09-02 00:00:00+00:00,10447915.16100046,9469997.329060763,977917.8319396973,977917.8319396973,977917.8319396973,0.0,3,-0.009803884097754659,False,False,42,113
2004-09-03 00:00:00+00:00,10434306.399615496,9469997.329060763,964309.0705547333,964309.0705547333,964309.0705547333,0.0,3,-0.011093647888710007,False,False,42,114
2004-09-06 00:00:00+00:00,10053350.61285898,9469997.329060763,583353.2837982178,583353.2837982178,583353.2837982178,0.0,3,-0.047198548681249,False,False,42,114
2004-09-07 00:00:00+00:00,10435010.453478608,9855639.52150229,579370.9319763184,579370.9319763184,579370.9319763184,0.0,2,-0.011026921523698769,False,False,42,114
2004-09-08 00:00:00+00:00,10441990.885115419,9855639.52150229,586351.3636131287,586351.3636131287,586351.3636131287,0.0,2,-0.01036535448495677,False,False,42,114
2004-09-09 00:00:00+00:00,10426206.91351584,9855639.52150229,570567.3920135498,570567.3920135498,570567.3920135498,0.0,2,-0.011861272773971449,False,False,42,114
2004-09-10 00:00:00+00:00,10445041.477457842,9438875.181185564,1006166.2962722778,1006166.2962722778,1006166.2962722778,0.0,3,-0.010076236068304215,False,False,42,114
2004-09-13 00:00:00+00:00,10450346.00773822,9867387.6116315,582958.39610672,582958.39610672,582958.39610672,0.0,2,-0.009573501771616751,False,False,42,114
2004-09-14 00:00:00+00:00,10451713.339456664,9867387.6116315,584325.7278251648,584325.7278251648,584325.7278251648,0.0,2,-0.009443913568047881,False,False,42,114
2004-09-15 00:00:00+00:00,10457292.442418505,10032319.32062285,424973.1217956543,424973.1217956543,424973.1217956543,0.0,1,-0.008915156778018225,False,False,42,114
2004-09-16 00:00:00+00:00,10458512.27494948,10032319.32062285,426192.95432662964,426192.95432662964,426192.95432662964,0.0,1,-0.008799547738740065,False,False,42,114
2004-09-17 00:00:00+00:00,10456479.220731188,10032319.32062285,424159.9001083374,424159.9001083374,424159.9001083374,0.0,1,-0.008992229470870331,False,False,42,114
2004-09-20 00:00:00+00:00,10456004.846799303,10032319.32062285,423685.52617645264,423685.52617645264,423685.52617645264,0.0,1,-0.009037188031272021,False,False,42,114
2004-09-21 00:00:00+00:00,10462375.061807085,10032319.32062285,430055.7411842346,430055.7411842346,430055.7411842346,0.0,1,-0.008433453978978675,False,False,42,114
2004-09-22 00:00:00+00:00,10462584.758881228,10462584.758881228,0.0,0.0,0.0,0.0,0,-0.008413580040003006,False,False,42,114
2004-09-23 00:00:00+00:00,10462584.758881228,10462584.758881228,0.0,0.0,0.0,0.0,0,-0.008413580040003006,False,False,42,114
2004-09-24 00:00:00+00:00,10462584.758881228,10462584.758881228,0.0,0.0,0.0,0.0,0,-0.008413580040003006,False,False,42,114
2004-09-27 00:00:00+00:00,10462584.758881228,10462584.758881228,0.0,0.0,0.0,0.0,0,-0.008413580040003006,False,False,42,114
2004-09-28 00:00:00+00:00,10462584.758881228,10462584.758881228,0.0,0.0,0.0,0.0,0,-0.008413580040003006,False,False,42,114
2004-09-29 00:00:00+00:00,10462584.758881228,10462584.758881228,0.0,0.0,0.0,0.0,0,-0.008413580040003006,False,False,42,114
2004-09-30 00:00:00+00:00,10462584.758881228,10462584.758881228,0.0,0.0,0.0,0.0,0,-0.008413580040003006,False,False,42,114
2004-10-01 00:00:00+00:00,10462584.758881228,10462584.758881228,0.0,0.0,0.0,0.0,0,-0.008413580040003006,False,False,42,114
2004-10-04 00:00:00+00:00,10462584.758881228,10462584.758881228,0.0,0.0,0.0,0.0,0,-0.008413580040003006,False,False,42,114
2004-10-05 00:00:00+00:00,10462584.758881228,10462584.758881228,0.0,0.0,0.0,0.0,0,-0.008413580040003006,False,False,42,114
2004-10-06 00:00:00+00:00,10462584.758881228,10462584.758881228,0.0,0.0,0.0,0.0,0,-0.008413580040003006,False,False,42,114
2004-10-07 00:00:00+00:00,10462584.758881228,10462584.758881228,0.0,0.0,0.0,0.0,0,-0.008413580040003006,False,False,42,114
2004-10-08 00:00:00+00:00,10463659.570929224,10034323.392821008,429336.17810821533,429336.17810821533,429336.17810821533,0.0,1,-0.008311715246994074,False,False,42,114
2004-10-11 00:00:00+00:00,10459440.054953272,10034323.392821008,425116.6621322632,425116.6621322632,425116.6621322632,0.0,1,-0.008711617836744352,False,False,42,114
2004-10-12 00:00:00+00:00,10453140.062397808,9610293.429409832,842846.6329879761,842846.6329879761,842846.6329879761,0.0,2,-0.009308696590017446,False,False,42,114
2004-10-13 00:00:00+00:00,10031058.687397808,9610293.429409832,420765.2579879761,420765.2579879761,420765.2579879761,0.0,2,-0.049311255155936935,False,False,42,114
2004-10-14 00:00:00+00:00,10386169.35215228,8944103.664392881,1442065.6877593994,1442065.6877593994,1442065.6877593994,0.0,3,-0.015655813325026025,False,False,42,115
2004-10-15 00:00:00+00:00,10391749.251732187,9559533.772142725,832215.4795894623,832215.4795894623,832215.4795894623,0.0,2,-0.015126981035903642,False,False,42,115
2004-10-18 00:00:00+00:00,10386606.037489252,9559533.772142725,827072.2653465271,827072.2653465271,827072.2653465271,0.0,2,-0.015614426683013955,False,False,42,115
2004-10-19 00:00:00+00:00,10390269.55409463,9559533.772142725,830735.7819519043,830735.7819519043,830735.7819519043,0.0,2,-0.015267218665214497,False,False,42,115
2004-10-20 00:00:00+00:00,10393549.553716974,9559533.772142725,834015.7815742493,834015.7815742493,834015.7815742493,0.0,2,-0.014956358284348251,False,False,42,115
2004-10-21 00:00:00+00:00,10398972.22751649,9559533.772142725,839438.455373764,839438.455373764,839438.455373764,0.0,2,-0.014442426992665536,False,False,42,115
2004-10-22 00:00:00+00:00,10398844.93975535,9983699.02151385,415145.91824150085,415145.91824150085,415145.91824150085,0.0,1,-0.014454490628782334,False,False,42,115
2004-10-25 00:00:00+00:00,10401717.193686396,9983699.02151385,418018.1721725464,418018.1721725464,418018.1721725464,0.0,1,-0.014182274148979495,False,False,42,115
2004-10-26 00:00:00+00:00,10414421.89186675,9167500.700571125,1246921.1912956238,1246921.1912956238,1246921.1912956238,0.0,3,-0.012978192511826204,False,False,42,115
2004-10-27 00:00:00+00:00,10410113.32787511,8749827.72552869,1660285.6023464203,1660285.6023464203,1660285.6023464203,0.0,4,-0.013386534584277474,False,False,42,115
2004-10-28 00:00:00+00:00,10457283.647675984,8330243.662559024,2127039.9851169586,2127039.9851169586,2127039.9851169586,0.0,5,-0.008915990295495191,False,False,42,115
2004-10-29 00:00:00+00:00,10477463.800777625,7906180.58938999,2571283.2113876343,2571283.2113876343,2571283.2113876343,0.0,6,-0.007003426026774158,False,False,42,115
2004-11-01 00:00:00+00:00,10475351.765317442,8753519.258817198,1721832.5065002441,1721832.5065002441,1721832.5065002441,0.0,4,-0.007203593167978351,False,False,42,115
2004-11-02 00:00:00+00:00,10473020.571193807,9620544.055160634,852476.5160331726,852476.5160331726,852476.5160331726,0.0,2,-0.0074245309657175644,False,False,42,115
2004-11-03 00:00:00+00:00,10488309.39731609,9620544.055160634,867765.3421554565,867765.3421554565,867765.3421554565,0.0,2,-0.0059755398502938555,False,False,42,115
2004-11-04 00:00:00+00:00,10487564.41212818,10084243.506591529,403320.9055366516,403320.9055366516,403320.9055366516,0.0,1,-0.006046145461854262,False,False,42,115
2004-11-05 00:00:00+00:00,10500845.97501728,10084243.506591529,416602.46842575073,416602.46842575073,416602.46842575073,0.0,1,-0.004787391750397246,False,False,42,115
2004-11-08 00:00:00+00:00,10503622.663295478,10084243.506591529,419379.156703949,419379.156703949,419379.156703949,0.0,1,-0.0045242324592109735,False,False,42,115
2004-11-09 00:00:00+00:00,10495933.34988758,10084243.506591529,411689.843296051,411689.843296051,411689.843296051,0.0,1,-0.005252983425612056,False,False,42,115
2004-11-10 00:00:00+00:00,10505040.16212818,10084243.506591529,420796.6555366516,420796.6555366516,420796.6555366516,0.0,1,-0.004389889691605297,False,False,42,115
2004-11-11 00:00:00+00:00,10512399.381591529,10084243.506591529,428155.875,428155.875,428155.875,0.0,1,-0.0036924232194539284,False,False,42,115
2004-11-12 00:00:00+00:00,10516444.450824251,10516444.450824251,0.0,0.0,0.0,0.0,0,-0.003309053735583216,False,False,42,115
2004-11-15 00:00:00+00:00,10516444.450824251,10516444.450824251,0.0,0.0,0.0,0.0,0,-0.003309053735583216,False,False,42,115
2004-11-16 00:00:00+00:00,10516444.450824251,10516444.450824251,0.0,0.0,0.0,0.0,0,-0.003309053735583216,False,False,42,115
2004-11-17 00:00:00+00:00,10516444.450824251,10516444.450824251,0.0,0.0,0.0,0.0,0,-0.003309053735583216,False,False,42,115
2004-11-18 00:00:00+00:00,10516444.450824251,10516444.450824251,0.0,0.0,0.0,0.0,0,-0.003309053735583216,False,False,42,115
2004-11-19 00:00:00+00:00,10516444.450824251,10516444.450824251,0.0,0.0,0.0,0.0,0,-0.003309053735583216,False,False,42,115
2004-11-22 00:00:00+00:00,10516444.450824251,10516444.450824251,0.0,0.0,0.0,0.0,0,-0.003309053735583216,False,False,42,115
2004-11-23 00:00:00+00:00,10516444.450824251,10516444.450824251,0.0,0.0,0.0,0.0,0,-0.003309053735583216,False,False,42,115
2004-11-24 00:00:00+00:00,10516444.450824251,10516444.450824251,0.0,0.0,0.0,0.0,0,-0.003309053735583216,False,False,42,115
2004-11-25 00:00:00+00:00,10516444.450824251,10516444.450824251,0.0,0.0,0.0,0.0,0,-0.003309053735583216,False,False,42,115
2004-11-26 00:00:00+00:00,10516444.450824251,10516444.450824251,0.0,0.0,0.0,0.0,0,-0.003309053735583216,False,False,42,115
2004-11-29 00:00:00+00:00,10524550.399279976,10098528.145305062,426022.25397491455,426022.25397491455,426022.25397491455,0.0,1,-0.0025408163836449587,False,False,42,115
2004-11-30 00:00:00+00:00,10530945.552848566,9254826.198131312,1276119.3547172546,1276119.3547172546,1276119.3547172546,0.0,3,-0.0019347187912895204,False,False,42,115
2004-12-01 00:00:00+00:00,10532002.74873327,9254826.198131312,1277176.5506019592,1277176.5506019592,1277176.5506019592,0.0,3,-0.001834523561652713,False,False,42,115
2004-12-02 00:00:00+00:00,10532206.786702245,9697330.786702245,834876.0,834876.0,834876.0,0.0,2,-0.0018151859616376065,False,False,42,115
2004-12-03 00:00:00+00:00,10551369.286702245,9697330.786702245,854038.5,854038.5,854038.5,0.0,2,0.0,False,False,42,115
2004-12-06 00:00:00+00:00,10559403.4646303,9703460.889171774,855942.5754585266,855942.5754585266,855942.5754585266,0.0,2,0.0,False,False,42,115
2004-12-07 00:00:00+00:00,10535527.540088827,9703460.889171774,832066.6509170532,832066.6509170532,832066.6509170532,0.0,2,-0.002261105432844574,False,False,42,115
2004-12-08 00:00:00+00:00,10540656.115547353,9703460.889171774,837195.2263755798,837195.2263755798,837195.2263755798,0.0,2,-0.0017754174415006263,False,False,42,115
2004-12-09 00:00:00+00:00,10550541.007061178,9703460.889171774,847080.1178894043,847080.1178894043,847080.1178894043,0.0,2,-0.00083929528773173,False,False,42,115
2004-12-10 00:00:00+00:00,10523688.790088827,9703460.889171774,820227.9009170532,820227.9009170532,820227.9009170532,0.0,2,-0.003382262517111217,False,False,42,115
2004-12-13 00:00:00+00:00,10535513.38630866,9281874.276072493,1253639.110236168,1253639.110236168,1253639.110236168,0.0,3,-0.0022624458286551394,False,False,42,115
2004-12-14 00:00:00+00:00,10536276.066974154,9281874.276072493,1254401.790901661,1254401.790901661,1254401.790901661,0.0,3,-0.0021902182006411437,False,False,42,115
2004-12-15 00:00:00+00:00,10593290.201377383,9281874.276072493,1311415.9253048897,1311415.9253048897,1311415.9253048897,0.0,3,0.0,False,False,42,116
2004-12-16 00:00:00+00:00,10585338.209089816,10165400.21549803,419937.99359178543,419937.99359178543,419937.99359178543,0.0,1,-0.0007506631213155036,False,False,42,116
2004-12-17 00:00:00+00:00,10590108.788567603,10165400.21549803,424708.57306957245,424708.57306957245,424708.57306957245,0.0,1,-0.0003003233886074609,False,False,42,116
2004-12-20 00:00:00+00:00,10594126.140708983,10165400.21549803,428725.92521095276,428725.92521095276,428725.92521095276,0.0,1,0.0,False,False,42,116
2004-12-21 00:00:00+00:00,10598206.259300768,10165400.21549803,432806.0438027382,432806.0438027382,432806.0438027382,0.0,1,0.0,False,False,42,116
2004-12-22 00:00:00+00:00,10592431.326821864,10165400.21549803,427031.11132383347,427031.11132383347,427031.11132383347,0.0,1,-0.0005448971587844652,False,False,42,116
2004-12-23 00:00:00+00:00,10597453.002032816,10165400.21549803,432052.7865347862,432052.7865347862,432052.7865347862,0.0,1,-7.107403361686062e-05,False,False,42,116
2004-12-24 00:00:00+00:00,10165400.21549803,10165400.21549803,0.0,0.0,0.0,0.0,1,-0.04083766943325117,False,False,42,116
2004-12-27 00:00:00+00:00,10603102.40161091,10165400.21549803,437702.1861128807,437702.1861128807,437702.1861128807,0.0,1,0.0,False,False,42,116
2004-12-28 00:00:00+00:00,10603802.538817897,10603802.538817897,0.0,0.0,0.0,0.0,0,0.0,False,False,42,116
2004-12-29 00:00:00+00:00,10603802.538817897,10603802.538817897,0.0,0.0,0.0,0.0,0,0.0,False,False,42,116
2004-12-30 00:00:00+00:00,10606033.133139538,10179068.261807369,426964.8713321686,426964.8713321686,426964.8713321686,0.0,1,0.0,False,False,42,116
2004-12-31 00:00:00+00:00,10618066.882750846,9742717.403262474,875349.4794883728,875349.4794883728,875349.4794883728,0.0,2,0.0,False,False,42,116
2005-01-03 00:00:00+00:00,10631614.209333595,10190035.449743446,441578.7595901489,441578.7595901489,441578.7595901489,0.0,1,0.0,False,False,42,116
2005-01-04 00:00:00+00:00,10638721.01977809,10205230.927420454,433490.0923576355,433490.0923576355,433490.0923576355,0.0,1,0.0,False,False,42,116
2005-01-05 00:00:00+00:00,10633653.124869185,10205230.927420454,428422.19744873047,428422.19744873047,428422.19744873047,0.0,1,-0.00047636317368257667,False,False,42,116
2005-01-06 00:00:00+00:00,10649517.863730269,10205230.927420454,444286.93630981445,444286.93630981445,444286.93630981445,0.0,1,0.0,False,False,42,116
2005-01-07 00:00:00+00:00,10640537.921590753,9767826.886991449,872711.0345993042,872711.0345993042,872711.0345993042,0.0,2,-0.0008432252290124049,False,False,42,116
2005-01-10 00:00:00+00:00,10633297.857953973,9767826.886991449,865470.9709625244,865470.9709625244,865470.9709625244,0.0,2,-0.0015230741883195417,False,False,42,116
2005-01-11 00:00:00+00:00,10629708.806581445,9767826.886991449,861881.9195899963,861881.9195899963,861881.9195899963,0.0,2,-0.0018600895742227415,False,False,42,116
2005-01-12 00:00:00+00:00,10616427.30614657,9767826.886991449,848600.4191551208,848600.4191551208,848600.4191551208,0.0,2,-0.003107235276481163,False,False,42,116
2005-01-13 00:00:00+00:00,10688750.644412054,8485333.485484136,2203417.1589279175,2203417.1589279175,2203417.1589279175,0.0,5,0.0,False,False,42,116
2005-01-14 00:00:00+00:00,10670211.538486242,8956801.622260809,1713409.9162254333,1713409.9162254333,1713409.9162254333,0.0,4,-0.0017344502217855994,False,False,42,116
2005-01-17 00:00:00+00:00,10653324.158325886,8528148.661606526,2125175.4967193604,2125175.4967193604,2125175.4967193604,0.0,5,-0.0033143710864550783,False,False,42,117
2005-01-18 00:00:00+00:00,10664681.863102421,8494887.79557465,2169794.067527771,2169794.067527771,2169794.067527771,0.0,5,-0.0022517862106003423,False,False,42,117
2005-01-19 00:00:00+00:00,10669729.808628544,8494887.79557465,2174842.013053894,2174842.013053894,2174842.013053894,0.0,5,-0.00177951908658786,False,False,42,117
2005-01-20 00:00:00+00:00,10664097.27265384,8073052.012441896,2591045.2602119446,2591045.2602119446,2591045.2602119446,0.0,6,-0.002306478332067906,False,False,42,117
2005-01-21 00:00:00+00:00,8073052.012441896,8073052.012441896,0.0,0.0,0.0,0.0,6,-0.2447150952424559,False,False,42,117
2005-01-24 00:00:00+00:00,10687595.584900163,8073052.012441896,2614543.572458267,2614543.572458267,2614543.572458267,0.0,6,-0.00010806309832800578,False,False,43,117
2005-01-25 00:00:00+00:00,10704927.532564424,8073052.012441896,2631875.520122528,2631875.520122528,2631875.520122528,0.0,6,0.0,False,False,43,118
2005-01-26 00:00:00+00:00,8073052.012441896,8073052.012441896,0.0,0.0,0.0,0.0,6,-0.2458564536860576,False,False,43,118
2005-01-27 00:00:00+00:00,10703964.337022461,8968788.902925171,1735175.43409729,1735175.43409729,1735175.43409729,0.0,4,-8.997683908022145e-05,False,False,43,118
2005-01-28 00:00:00+00:00,10753895.075486816,8968788.902925171,1785106.1725616455,1785106.1725616455,1785106.1725616455,0.0,4,0.0,False,False,43,118
2005-01-31 00:00:00+00:00,10765699.792260492,9909149.42723974,856550.365020752,856550.365020752,856550.365020752,0.0,2,0.0,False,False,43,118
2005-02-01 00:00:00+00:00,10761567.540215814,9909149.42723974,852418.1129760742,852418.1129760742,852418.1129760742,0.0,2,-0.00038383496887479886,False,False,43,118
2005-02-02 00:00:00+00:00,10759156.929020597,10347421.154850675,411735.7741699219,411735.7741699219,411735.7741699219,0.0,1,-0.0006077508537437803,False,False,43,118
2005-02-03 00:00:00+00:00,10760143.598393155,10347421.154850675,412722.44354248047,412722.44354248047,412722.44354248047,0.0,1,-0.000516101505201857,False,False,43,118
2005-02-04 00:00:00+00:00,10772448.094334317,10347421.154850675,425026.9394836426,425026.9394836426,425026.9394836426,0.0,1,0.0,False,False,43,118
2005-02-07 00:00:00+00:00,10770289.773538612,10770289.773538612,0.0,0.0,0.0,0.0,0,-0.00020035564588523694,False,False,43,118
2005-02-08 00:00:00+00:00,10757526.09743368,10334998.01541769,422528.0820159912,422528.0820159912,422528.0820159912,0.0,1,-0.0013852001671268027,False,False,43,118
2005-02-09 00:00:00+00:00,10758999.34743368,10334998.01541769,424001.3320159912,424001.3320159912,424001.3320159912,0.0,1,-0.0012484392389609158,False,False,43,118
2005-02-10 00:00:00+00:00,10779330.224409694,10334998.01541769,444332.2089920044,444332.2089920044,444332.2089920044,0.0,1,0.0,False,False,43,118
2005-02-11 00:00:00+00:00,10772258.59743368,10334998.01541769,437260.5820159912,437260.5820159912,437260.5820159912,0.0,1,-0.0006560358416332352,False,False,43,118
2005-02-14 00:00:00+00:00,10767249.556425685,10334998.01541769,432251.5410079956,432251.5410079956,432251.5410079956,0.0,1,-0.0011207252892811677,False,False,43,118
2005-02-15 00:00:00+00:00,10760472.59743368,10334998.01541769,425474.5820159912,425474.5820159912,425474.5820159912,0.0,1,-0.0017494247400743194,False,False,43,118
2005-02-16 00:00:00+00:00,10769901.433401698,10334998.01541769,434903.4179840088,434903.4179840088,434903.4179840088,0.0,1,-0.0008747102845633392,False,False,43,118
2005-02-17 00:00:00+00:00,10767838.84743368,10334998.01541769,432840.8320159912,432840.8320159912,432840.8320159912,0.0,1,-0.0010660566785486419,False,False,43,118
2005-02-18 00:00:00+00:00,10745862.837196738,9445398.485580832,1300464.3516159058,1300464.3516159058,1300464.3516159058,0.0,3,-0.0031047742778275533,False,False,43,118
2005-02-21 00:00:00+00:00,10743158.376396567,9445398.485580832,1297759.8908157349,1297759.8908157349,1297759.8908157349,0.0,3,-0.0033556674914009413,False,False,43,118
2005-02-22 00:00:00+00:00,10744103.583019644,9445398.485580832,1298705.0974388123,1298705.0974388123,1298705.0974388123,0.0,3,-0.003267980538371431,False,False,43,118
2005-02-23 00:00:00+00:00,10745351.022411734,9445398.485580832,1299952.536830902,1299952.536830902,1299952.536830902,0.0,3,-0.0031522554083197487,False,False,43,118
2005-02-24 00:00:00+00:00,10744944.954489846,9010076.9020225,1734868.0524673462,1734868.0524673462,1734868.0524673462,0.0,4,-0.0031899263872613294,False,False,43,118
2005-02-25 00:00:00+00:00,10754480.616891714,9452596.80885491,1301883.8080368042,1301883.8080368042,1301883.8080368042,0.0,3,-0.002305301628268919,False,False,43,118
2005-02-28 00:00:00+00:00,10759520.05846581,9452596.80885491,1306923.2496109009,1306923.2496109009,1306923.2496109009,0.0,3,-0.0018377919157744533,False,False,43,118
2005-03-01 00:00:00+00:00,10765798.53551578,9901388.84177112,864409.6937446594,864409.6937446594,864409.6937446594,0.0,2,-0.0012553367057325916,False,False,43,118
2005-03-02 00:00:00+00:00,10762412.92247867,9901388.84177112,861024.08070755,861024.08070755,861024.08070755,0.0,2,-0.0015694205093294688,False,False,43,118
2005-03-03 00:00:00+00:00,10775754.953717226,9901388.84177112,874366.111946106,874366.111946106,874366.111946106,0.0,2,-0.0003316783712935635,False,False,43,118
2005-03-04 00:00:00+00:00,10776424.358421322,10342680.095916744,433744.26250457764,433744.26250457764,433744.26250457764,0.0,1,-0.000269577601564853,False,False,43,118
2005-03-07 00:00:00+00:00,10771485.658416744,10342680.095916744,428805.5625,428805.5625,428805.5625,0.0,1,-0.0007277415043084573,False,False,43,118
2005-03-08 00:00:00+00:00,10769251.983421322,10342680.095916744,426571.88750457764,426571.88750457764,426571.88750457764,0.0,1,-0.0009349598517308441,False,False,43,118
2005-03-09 00:00:00+00:00,10744097.879064655,9885056.370859241,859041.5082054138,859041.5082054138,859041.5082054138,0.0,2,-0.0032685096950880676,False,False,43,118
2005-03-10 00:00:00+00:00,10735381.421541309,9885056.370859241,850325.0506820679,850325.0506820679,850325.0506820679,0.0,2,-0.004077136700837238,False,False,43,118
2005-03-11 00:00:00+00:00,10730514.17511568,9885056.370859241,845457.8042564392,845457.8042564392,845457.8042564392,0.0,2,-0.004528671844886061,False,False,43,119
2005-03-14 00:00:00+00:00,10737884.965809846,10322358.534554506,415526.4312553406,415526.4312553406,415526.4312553406,0.0,1,-0.003844882542515967,False,False,43,119
2005-03-15 00:00:00+00:00,10745249.862884304,9889539.215911647,855710.6469726562,855710.6469726562,855710.6469726562,0.0,2,-0.0031616399920855595,False,False,43,119
2005-03-16 00:00:00+00:00,10749490.884483982,10329073.903435398,420416.981048584,420416.981048584,420416.981048584,0.0,1,-0.0027681998143206585,False,False,43,119
2005-03-17 00:00:00+00:00,10742354.508132963,9898628.858108548,843725.6500244141,843725.6500244141,843725.6500244141,0.0,2,-0.003430242464694158,False,False,43,119
2005-03-18 00:00:00+00:00,10751010.768714227,9037377.817298211,1713632.9514160156,1713632.9514160156,1713632.9514160156,0.0,4,-0.0026271999378345346,False,False,43,119
2005-03-21 00:00:00+00:00,10712477.348632134,9037377.817298211,1675099.5313339233,1675099.5313339233,1675099.5313339233,0.0,4,-0.006201950806384207,False,False,43,120
2005-03-22 00:00:00+00:00,10656884.449494498,8591734.645585196,2065149.8039093018,2065149.8039093018,2065149.8039093018,0.0,5,-0.011359311976352544,False,False,43,122
2005-03-23 00:00:00+00:00,10579252.278556935,8082397.351738087,2496854.9268188477,2496854.9268188477,2496854.9268188477,0.0,6,-0.01856125952980675,False,False,44,123
2005-03-24 00:00:00+00:00,10573167.179714004,8487840.454356948,2085326.7253570557,2085326.7253570557,2085326.7253570557,0.0,5,-0.01912577501604283,False,False,44,123
2005-03-28 00:00:00+00:00,10552192.648331106,8057362.048061789,2494830.6002693176,2494830.6002693176,2494830.6002693176,0.0,6,-0.021071585279411626,False,False,44,124
2005-03-29 00:00:00+00:00,10529720.776125738,8466537.41667826,2063183.3594474792,2063183.3594474792,2063183.3594474792,0.0,5,-0.02315630406411682,False,False,44,125
2005-03-30 00:00:00+00:00,10561479.519049503,8444354.374144413,2117125.1449050903,2117125.1449050903,2117125.1449050903,0.0,5,-0.02021004096032516,False,False,44,125
2005-03-31 00:00:00+00:00,10576464.114584781,8444354.374144413,2132109.7404403687,2132109.7404403687,2132109.7404403687,0.0,5,-0.01881991789856518,False,False,44,125
2005-04-01 00:00:00+00:00,10604263.002373515,8886109.358361064,1718153.6440124512,1718153.6440124512,1718153.6440124512,0.0,4,-0.016241011119572258,False,False,44,126
2005-04-04 00:00:00+00:00,10627891.888728729,9319827.952247253,1308063.9364814758,1308063.9364814758,1308063.9364814758,0.0,3,-0.014048955967415733,False,False,44,126
2005-04-05 00:00:00+00:00,10634580.9258803,9798466.6758803,836114.25,836114.25,836114.25,0.0,2,-0.013428413038280478,False,False,44,127
2005-04-06 00:00:00+00:00,10643421.700712437,10206779.736639256,436641.96407318115,436641.96407318115,436641.96407318115,0.0,1,-0.012608253098090775,False,False,44,127
2005-04-07 00:00:00+00:00,10644018.441606754,10206779.736639256,437238.7049674988,437238.7049674988,437238.7049674988,0.0,1,-0.012552893360343218,False,False,44,127
2005-04-08 00:00:00+00:00,10641452.442102665,10206779.736639256,434672.7054634094,434672.7054634094,434672.7054634094,0.0,1,-0.012790941499760886,False,False,44,127
2005-04-11 00:00:00+00:00,10637752.566606754,10206779.736639256,430972.8299674988,430972.8299674988,430972.8299674988,0.0,1,-0.013134179476414789,False,False,44,127
2005-04-12 00:00:00+00:00,10667506.395906245,9798191.184335506,869315.2115707397,869315.2115707397,869315.2115707397,0.0,2,-0.010373912495066204,False,False,44,127
2005-04-13 00:00:00+00:00,10666320.60808715,10236038.48308715,430282.125,430282.125,430282.125,0.0,1,-0.010483918199911367,False,False,44,127
2005-04-14 00:00:00+00:00,10236038.48308715,10236038.48308715,0.0,0.0,0.0,0.0,1,-0.05040125221252285,False,False,44,127
2005-04-15 00:00:00+00:00,10636754.703088371,10236038.48308715,400716.2200012207,400716.2200012207,400716.2200012207,0.0,1,-0.013226751417120687,False,False,44,128
2005-04-18 00:00:00+00:00,10623666.390508808,8947157.621366657,1676508.7691421509,1676508.7691421509,1676508.7691421509,0.0,4,-0.014440956039029803,False,False,44,128
2005-04-19 00:00:00+00:00,10514046.296174992,6759033.140070904,3755013.156104088,3755013.156104088,3755013.156104088,0.0,9,-0.02461042780134604,False,False,47,128
2005-04-20 00:00:00+00:00,10624983.149845112,6759033.140070904,3865950.009774208,3865950.009774208,3865950.009774208,0.0,9,-0.014318800087881547,False,False,47,128
2005-04-21 00:00:00+00:00,10676894.418061245,6759033.140070904,3917861.277990341,3917861.277990341,3917861.277990341,0.0,9,-0.009502984342801158,False,False,47,128
2005-04-22 00:00:00+00:00,10728773.366011154,7226206.587136279,3502566.778874874,3502566.778874874,3502566.778874874,0.0,8,-0.004690166953421133,False,False,47,128
2005-04-25 00:00:00+00:00,10728603.125368426,8558939.158603976,2169663.96676445,2169663.96676445,2169663.96676445,0.0,5,-0.00470596020209096,False,False,47,128
2005-04-26 00:00:00+00:00,10694673.450332751,8106071.608282199,2588601.8420505524,2588601.8420505524,2588601.8420505524,0.0,6,-0.007853620987066327,False,False,47,129
2005-04-27 00:00:00+00:00,10664303.67377716,8543701.800072249,2120601.8737049103,2120601.8737049103,2120601.8737049103,0.0,5,-0.01067102948308031,False,False,47,129
2005-04-28 00:00:00+00:00,10659408.465015944,8543701.800072249,2115706.664943695,2115706.664943695,2115706.664943695,0.0,5,-0.011125158696983608,False,False,47,129
2005-04-29 00:00:00+00:00,10616088.976860711,8544615.733994195,2071473.242866516,2071473.242866516,2071473.242866516,0.0,5,-0.015143913782261183,False,False,47,129
2005-05-02 00:00:00+00:00,10623614.16622274,8116664.188332726,2506949.9778900146,2506949.9778900146,2506949.9778900146,0.0,6,-0.0144458008934856,False,False,47,129
2005-05-03 00:00:00+00:00,10642987.539944816,8116664.188332726,2526323.351612091,2526323.351612091,2526323.351612091,0.0,6,-0.012648530254331639,False,False,48,129
2005-05-04 00:00:00+00:00,10669825.917092491,8116664.188332726,2553161.7287597656,2553161.7287597656,2553161.7287597656,0.0,6,-0.010158730184295812,False,False,48,129
2005-05-05 00:00:00+00:00,10688655.079764534,8116664.188332726,2571990.8914318085,2571990.8914318085,2571990.8914318085,0.0,6,-0.008411946081754416,False,False,48,129
2005-05-06 00:00:00+00:00,10697275.997142127,9423247.802119544,1274028.195022583,1274028.195022583,1274028.195022583,0.0,3,-0.007612182348932592,False,False,48,129
2005-05-09 00:00:00+00:00,10699138.843829539,8989569.443881419,1709569.3999481201,1709569.3999481201,1709569.3999481201,0.0,4,-0.007439365796453897,False,False,48,129
2005-05-10 00:00:00+00:00,10694224.127285985,9412474.519803075,1281749.6074829102,1281749.6074829102,1281749.6074829102,0.0,3,-0.007895304750102803,False,False,48,129
2005-05-11 00:00:00+00:00,10709824.221677601,9865968.15353185,843856.068145752,843856.068145752,843856.068145752,0.0,2,-0.006448081771787343,False,False,48,129
2005-05-12 00:00:00+00:00,10714530.49072057,9865968.15353185,848562.3371887207,848562.3371887207,848562.3371887207,0.0,2,-0.006011480522452626,False,False,48,129
2005-05-13 00:00:00+00:00,10711665.747922719,9865968.15353185,845697.5943908691,845697.5943908691,845697.5943908691,0.0,2,-0.006277243119776565,False,False,48,129
2005-05-16 00:00:00+00:00,10728249.5581339,9865968.15353185,862281.4046020508,862281.4046020508,862281.4046020508,0.0,2,-0.004738760684789301,False,False,48,129
2005-05-17 00:00:00+00:00,10726810.474700576,10726810.474700576,0.0,0.0,0.0,0.0,0,-0.004872264659838295,False,False,48,129
2005-05-18 00:00:00+00:00,10725955.947668873,10294410.56049236,431545.3871765137,431545.3871765137,431545.3871765137,0.0,1,-0.00495153925426234,False,False,48,129
2005-05-19 00:00:00+00:00,10726796.366904102,10294410.56049236,432385.80641174316,432385.80641174316,432385.80641174316,0.0,1,-0.004873573442126224,False,False,48,129
2005-05-20 00:00:00+00:00,10717131.754080616,10294410.56049236,422721.19358825684,422721.19358825684,422721.19358825684,0.0,1,-0.0057701609500959575,False,False,48,129
2005-05-23 00:00:00+00:00,10703265.173315845,10294410.56049236,408854.6128234863,408854.6128234863,408854.6128234863,0.0,1,-0.007056565622379748,False,False,48,129
2005-05-24 00:00:00+00:00,10733099.366904102,10294410.56049236,438688.80641174316,438688.80641174316,438688.80641174316,0.0,1,-0.004288843234517691,False,False,48,129
2005-05-25 00:00:00+00:00,10734942.088069983,10734942.088069983,0.0,0.0,0.0,0.0,0,-0.004117893729537528,False,False,48,129
2005-05-26 00:00:00+00:00,10734942.088069983,10734942.088069983,0.0,0.0,0.0,0.0,0,-0.004117893729537528,False,False,48,129
2005-05-27 00:00:00+00:00,10748287.631975047,9421459.653859966,1326827.9781150818,1326827.9781150818,1326827.9781150818,0.0,3,-0.0028798257209293856,False,False,48,129
2005-05-30 00:00:00+00:00,10316570.542146556,9421459.653859966,895110.8882865906,895110.8882865906,895110.8882865906,0.0,3,-0.04293028162503295,False,False,48,129
2005-05-31 00:00:00+00:00,10778454.798507476,9008047.423480773,1770407.3750267029,1770407.3750267029,1770407.3750267029,0.0,4,-8.121338561789606e-05,False,False,48,129
2005-06-01 00:00:00+00:00,10803778.323738586,9473623.131367218,1330155.1923713684,1330155.1923713684,1330155.1923713684,0.0,3,0.0,False,False,48,129
2005-06-02 00:00:00+00:00,10778305.245674696,9944952.233501997,833353.012172699,833353.012172699,833353.012172699,0.0,2,-0.002357793477483674,False,False,48,129
2005-06-03 00:00:00+00:00,10783256.898499098,9944952.233501997,838304.6649971008,838304.6649971008,838304.6649971008,0.0,2,-0.0018994674478277484,False,False,48,129
2005-06-06 00:00:00+00:00,10779304.783951368,9944952.233501997,834352.5504493713,834352.5504493713,834352.5504493713,0.0,2,-0.0022652760038072537,False,False,48,129
2005-06-07 00:00:00+00:00,10774443.658154096,9944952.233501997,829491.4246520996,829491.4246520996,829491.4246520996,0.0,2,-0.002715222832741223,False,False,48,129
2005-06-08 00:00:00+00:00,10771637.919979108,9511860.052536024,1259777.8674430847,1259777.8674430847,1259777.8674430847,0.0,3,-0.002974922549906194,False,False,48,129
2005-06-09 00:00:00+00:00,10786826.406707777,9511860.052536024,1274966.354171753,1274966.354171753,1274966.354171753,0.0,3,-0.00156907301527669,False,False,48,129
2005-06-10 00:00:00+00:00,10775669.147094361,9925664.063663118,850005.0834312439,850005.0834312439,850005.0834312439,0.0,2,-0.0026017913179930603,False,False,48,129
2005-06-13 00:00:00+00:00,10764106.928123109,9925664.063663118,838442.8644599915,838442.8644599915,838442.8644599915,0.0,2,-0.0036719927442706965,False,False,48,129
2005-06-14 00:00:00+00:00,10765902.25379171,9491977.950137993,1273924.303653717,1273924.303653717,1273924.303653717,0.0,3,-0.0035058170217777103,False,False,48,129
2005-06-15 00:00:00+00:00,10791359.073362252,9491977.950137993,1299381.1232242584,1299381.1232242584,1299381.1232242584,0.0,3,-0.0011495284338670884,False,False,48,129
2005-06-16 00:00:00+00:00,10772551.328038855,9933280.285293264,839271.0427455902,839271.0427455902,839271.0427455902,0.0,2,-0.002890377307272046,False,False,48,129
2005-06-17 00:00:00+00:00,10759814.703038855,9933280.285293264,826534.4177455902,826534.4177455902,826534.4177455902,0.0,2,-0.004069282003235168,False,False,48,129
2005-06-20 00:00:00+00:00,10783731.342694921,9933280.285293264,850451.0574016571,850451.0574016571,850451.0574016571,0.0,2,-0.00185555279300914,False,False,48,130
2005-06-21 00:00:00+00:00,10791064.982828338,10791064.982828338,0.0,0.0,0.0,0.0,0,-0.0011767495157054535,False,False,48,130
2005-06-22 00:00:00+00:00,10791064.982828338,10791064.982828338,0.0,0.0,0.0,0.0,0,-0.0011767495157054535,False,False,48,130
2005-06-23 00:00:00+00:00,10788895.355221407,10358006.844929354,430888.5102920532,430888.5102920532,430888.5102920532,0.0,1,-0.0013775707045448247,False,False,48,130
2005-06-24 00:00:00+00:00,10791605.011845248,10358006.844929354,433598.16691589355,433598.16691589355,433598.16691589355,0.0,1,-0.0011267643160162352,False,False,48,130
2005-06-27 00:00:00+00:00,10792658.792721407,10358006.844929354,434651.9477920532,434651.9477920532,434651.9477920532,0.0,1,-0.0010292261358923198,False,False,48,130
2005-06-28 00:00:00+00:00,10790551.230969088,10358006.844929354,432544.3860397339,432544.3860397339,432544.3860397339,0.0,1,-0.001224302496140151,False,False,48,130
2005-06-29 00:00:00+00:00,10791322.240602378,9923601.916528586,867720.3240737915,867720.3240737915,867720.3240737915,0.0,2,-0.0011529376818884968,False,False,48,130
2005-06-30 00:00:00+00:00,10771750.980310325,9923601.916528586,848149.0637817383,848149.0637817383,848149.0637817383,0.0,2,-0.0029644576618061058,False,False,48,130
2005-07-01 00:00:00+00:00,10775695.368558768,9923601.916528586,852093.4520301819,852093.4520301819,852093.4520301819,0.0,2,-0.002599364253717863,False,False,48,130
2005-07-04 00:00:00+00:00,10781110.099790458,9923601.916528586,857508.1832618713,857508.1832618713,857508.1832618713,0.0,2,-0.002098175589027109,False,False,48,130
2005-07-05 00:00:00+00:00,10774234.695880912,9490922.679576896,1283312.016304016,1283312.016304016,1283312.016304016,0.0,3,-0.0027345644248141614,False,False,48,130
2005-07-06 00:00:00+00:00,10786004.241274856,9490922.679576896,1295081.56169796,1295081.56169796,1295081.56169796,0.0,3,-0.0016451728211301828,False,False,48,131
2005-07-07 00:00:00+00:00,10788382.769947967,10351193.3913879,437189.3785600662,437189.3785600662,437189.3785600662,0.0,1,-0.0014250157055510607,False,False,48,131
2005-07-08 00:00:00+00:00,10791213.904747924,10351193.3913879,440020.5133600235,440020.5133600235,440020.5133600235,0.0,1,-0.0011629652714231621,False,False,48,131
2005-07-11 00:00:00+00:00,10795932.44274803,10351193.3913879,444739.0513601303,444739.0513601303,444739.0513601303,0.0,1,-0.000726216399064405,False,False,48,131
2005-07-12 00:00:00+00:00,10794611.25450798,10351193.3913879,443417.86312007904,443417.86312007904,443417.86312007904,0.0,1,-0.0008485058611823282,False,False,48,131
2005-07-13 00:00:00+00:00,10793667.552907905,10351193.3913879,442474.1615200043,442474.1615200043,442474.1615200043,0.0,1,-0.0009358550802977576,False,False,48,131
2005-07-14 00:00:00+00:00,10789137.74322792,10351193.3913879,437944.3518400192,437944.3518400192,437944.3518400192,0.0,1,-0.001355135219546073,False,False,48,131
2005-07-15 00:00:00+00:00,10784621.306737585,9914229.657097502,870391.6496400833,870391.6496400833,870391.6496400833,0.0,2,-0.0017731775335401354,False,False,48,131
2005-07-18 00:00:00+00:00,10787592.5947787,9914229.657097502,873362.9376811981,873362.9376811981,873362.9376811981,0.0,2,-0.00149815448585448,False,False,48,131
2005-07-19 00:00:00+00:00,10788426.802589102,9914229.657097502,874197.1454916,874197.1454916,874197.1454916,0.0,2,-0.0014209400350017672,False,False,48,131
2005-07-20 00:00:00+00:00,10793711.58554904,9914229.657097502,879481.9284515381,879481.9284515381,879481.9284515381,0.0,2,-0.0009317794097484642,False,False,48,131
2005-07-21 00:00:00+00:00,10801493.38741192,10363722.257948725,437771.1294631958,437771.1294631958,437771.1294631958,0.0,1,-0.00021149418825497658,False,False,48,131
2005-07-22 00:00:00+00:00,10809799.882948725,10363722.257948725,446077.625,446077.625,446077.625,0.0,1,0.0,False,False,48,131
2005-07-25 00:00:00+00:00,10813374.345951904,10813374.345951904,0.0,0.0,0.0,0.0,0,0.0,False,False,48,131
2005-07-26 00:00:00+00:00,10813374.345951904,10813374.345951904,0.0,0.0,0.0,0.0,0,0.0,False,False,48,131
2005-07-27 00:00:00+00:00,10813374.345951904,10813374.345951904,0.0,0.0,0.0,0.0,0,0.0,False,False,48,131
2005-07-28 00:00:00+00:00,10813374.345951904,10813374.345951904,0.0,0.0,0.0,0.0,0,0.0,False,False,48,131
2005-07-29 00:00:00+00:00,10813374.345951904,10813374.345951904,0.0,0.0,0.0,0.0,0,0.0,False,False,48,131
2005-08-01 00:00:00+00:00,10813374.345951904,10813374.345951904,0.0,0.0,0.0,0.0,0,0.0,False,False,48,131
2005-08-02 00:00:00+00:00,10813374.345951904,10813374.345951904,0.0,0.0,0.0,0.0,0,0.0,False,False,48,131
2005-08-03 00:00:00+00:00,10813374.345951904,10813374.345951904,0.0,0.0,0.0,0.0,0,0.0,False,False,48,131
2005-08-04 00:00:00+00:00,10813374.345951904,10813374.345951904,0.0,0.0,0.0,0.0,0,0.0,False,False,48,131
2005-08-05 00:00:00+00:00,10813374.345951904,10813374.345951904,0.0,0.0,0.0,0.0,0,0.0,False,False,48,131
2005-08-08 00:00:00+00:00,10813374.345951904,10813374.345951904,0.0,0.0,0.0,0.0,0,0.0,False,False,48,131
2005-08-09 00:00:00+00:00,10813374.345951904,10813374.345951904,0.0,0.0,0.0,0.0,0,0.0,False,False,48,131
2005-08-10 00:00:00+00:00,10813374.345951904,10813374.345951904,0.0,0.0,0.0,0.0,0,0.0,False,False,48,131
2005-08-11 00:00:00+00:00,10813374.345951904,10813374.345951904,0.0,0.0,0.0,0.0,0,0.0,False,False,48,131
2005-08-12 00:00:00+00:00,10813374.345951904,10813374.345951904,0.0,0.0,0.0,0.0,0,0.0,False,False,48,131
2005-08-15 00:00:00+00:00,10813374.345951904,10813374.345951904,0.0,0.0,0.0,0.0,0,0.0,False,False,48,131
2005-08-16 00:00:00+00:00,10815597.546708154,10380788.796708154,434808.75,434808.75,434808.75,0.0,1,0.0,False,False,48,131
2005-08-17 00:00:00+00:00,10814363.796708154,10380788.796708154,433575.0,433575.0,433575.0,0.0,1,-0.00011407136727045705,False,False,48,131
2005-08-18 00:00:00+00:00,10810662.546708154,10380788.796708154,429873.75,429873.75,429873.75,0.0,1,-0.0004562854690818282,False,False,48,131
2005-08-19 00:00:00+00:00,10801850.046708154,10380788.796708154,421061.25,421061.25,421061.25,0.0,1,-0.0012710809495850928,False,False,48,131
2005-08-22 00:00:00+00:00,10808900.046708154,10380788.796708154,428111.25,428111.25,428111.25,0.0,1,-0.0006192445651824811,False,False,48,132
2005-08-23 00:00:00+00:00,10809837.605939403,10809837.605939403,0.0,0.0,0.0,0.0,0,-0.0005325587184504184,False,False,48,132
2005-08-24 00:00:00+00:00,10809837.605939403,10809837.605939403,0.0,0.0,0.0,0.0,0,-0.0005325587184504184,False,False,48,132
2005-08-25 00:00:00+00:00,10790675.284351904,10380720.284351904,409955.0,409955.0,409955.0,0.0,1,-0.0023042889908412856,False,False,48,132
2005-08-26 00:00:00+00:00,10826847.784351904,10380720.284351904,446127.5,446127.5,446127.5,0.0,1,0.0,False,False,48,132
2005-08-29 00:00:00+00:00,10814790.284351904,10380720.284351904,434070.0,434070.0,434070.0,0.0,1,-0.0011136667144639055,False,False,48,132
2005-08-30 00:00:00+00:00,10809622.784351904,10380720.284351904,428902.5,428902.5,428902.5,0.0,1,-0.0015909524492341508,False,False,48,132
2005-08-31 00:00:00+00:00,10818235.284351904,10380720.284351904,437515.0,437515.0,437515.0,0.0,1,-0.0007954762246170754,False,False,48,132
2005-09-01 00:00:00+00:00,10813067.784351904,10380720.284351904,432347.5,432347.5,432347.5,0.0,1,-0.0012727619593873205,False,False,48,132
2005-09-02 00:00:00+00:00,10818235.284351904,10380720.284351904,437515.0,437515.0,437515.0,0.0,1,-0.0007954762246170754,False,False,48,132
2005-09-05 00:00:00+00:00,10816512.784351904,10380720.284351904,435792.5,435792.5,435792.5,0.0,1,-0.0009545714695404905,False,False,48,132
2005-09-06 00:00:00+00:00,10814790.284351904,10380720.284351904,434070.0,434070.0,434070.0,0.0,1,-0.0011136667144639055,False,False,48,132
2005-09-07 00:00:00+00:00,10380720.284351904,10380720.284351904,0.0,0.0,0.0,0.0,1,-0.0412056684351645,False,False,48,132
2005-09-08 00:00:00+00:00,10818235.284351904,10380720.284351904,437515.0,437515.0,437515.0,0.0,1,-0.0007954762246170754,False,False,48,132
2005-09-09 00:00:00+00:00,10817956.261015989,10390290.274330713,427665.98668527603,427665.98668527603,427665.98668527603,0.0,1,-0.0008212476533350752,False,False,48,132
2005-09-12 00:00:00+00:00,10820073.773680784,10390290.274330713,429783.49935007095,429783.49935007095,429783.49935007095,0.0,1,-0.0006256678588305866,False,False,48,132
2005-09-13 00:00:00+00:00,10826409.991888143,10390290.274330713,436119.71755743027,436119.71755743027,436119.71755743027,0.0,1,-4.0435819592251646e-05,False,False,48,132
2005-09-14 00:00:00+00:00,10835558.491006948,10390290.274330713,445268.2166762352,445268.2166762352,445268.2166762352,0.0,1,0.0,False,False,48,132
2005-09-15 00:00:00+00:00,10840425.872287402,9928836.904838214,911588.9674491882,911588.9674491882,911588.9674491882,0.0,2,0.0,False,False,48,133
2005-09-16 00:00:00+00:00,10840005.757646345,10840005.757646345,0.0,0.0,0.0,0.0,0,-3.8754440647144094e-05,False,False,48,133
2005-09-19 00:00:00+00:00,10840005.757646345,10840005.757646345,0.0,0.0,0.0,0.0,0,-3.8754440647144094e-05,False,False,48,133
2005-09-20 00:00:00+00:00,10840005.757646345,10840005.757646345,0.0,0.0,0.0,0.0,0,-3.8754440647144094e-05,False,False,48,133
2005-09-21 00:00:00+00:00,10840005.757646345,10840005.757646345,0.0,0.0,0.0,0.0,0,-3.8754440647144094e-05,False,False,48,133
2005-09-22 00:00:00+00:00,10840005.757646345,10840005.757646345,0.0,0.0,0.0,0.0,0,-3.8754440647144094e-05,False,False,48,133
2005-09-23 00:00:00+00:00,10831892.698448073,9958687.800910842,873204.8975372314,873204.8975372314,873204.8975372314,0.0,2,-0.0007871622332793328,False,False,48,133
2005-09-26 00:00:00+00:00,10862607.05017079,9958687.800910842,903919.2492599487,903919.2492599487,903919.2492599487,0.0,2,0.0,False,False,48,133
2005-09-27 00:00:00+00:00,10861657.006507766,9958687.800910842,902969.2055969238,902969.2055969238,902969.2055969238,0.0,2,-8.746000464133193e-05,False,False,48,133
2005-09-28 00:00:00+00:00,10865259.081252944,9958687.800910842,906571.280342102,906571.280342102,906571.280342102,0.0,2,0.0,False,False,48,133
2005-09-29 00:00:00+00:00,10851123.610450637,9958687.800910842,892435.8095397949,892435.8095397949,892435.8095397949,0.0,2,-0.0013009787154267356,False,False,48,133
2005-09-30 00:00:00+00:00,10845913.667770278,9958687.800910842,887225.866859436,887225.866859436,887225.866859436,0.0,2,-0.0017804834047671111,False,False,48,133
2005-10-03 00:00:00+00:00,10854747.152229201,9958687.800910842,896059.3513183594,896059.3513183594,896059.3513183594,0.0,2,-0.0009674807517365225,False,False,48,133
2005-10-04 00:00:00+00:00,10871636.654113661,9958687.800910842,912948.8532028198,912948.8532028198,912948.8532028198,0.0,2,0.0,False,False,48,133
2005-10-05 00:00:00+00:00,10868850.841205968,10418081.650745763,450769.1904602051,450769.1904602051,450769.1904602051,0.0,1,-0.0002562459541581348,False,False,48,133
2005-10-06 00:00:00+00:00,10858847.650745763,10418081.650745763,440766.0,440766.0,440766.0,0.0,1,-0.0011763641275722569,False,False,48,133
2005-10-07 00:00:00+00:00,10854158.650745763,10418081.650745763,436077.0,436077.0,436077.0,0.0,1,-0.0016076699326853952,False,False,48,133
2005-10-10 00:00:00+00:00,10840404.269825352,10418081.650745763,422322.61907958984,422322.61907958984,422322.61907958984,0.0,1,-0.0028728318726961213,False,False,48,133
2005-10-11 00:00:00+00:00,10849469.650745763,10418081.650745763,431388.0,431388.0,431388.0,0.0,1,-0.002038975737798534,False,False,48,133
2005-10-12 00:00:00+00:00,10418081.650745763,10418081.650745763,0.0,0.0,0.0,0.0,1,-0.041719109808207276,False,False,48,133
2005-10-13 00:00:00+00:00,10840404.269825352,10418081.650745763,422322.61907958984,422322.61907958984,422322.61907958984,0.0,1,-0.0028728318726961213,False,False,48,133
2005-10-14 00:00:00+00:00,10825712.031666173,10418081.650745763,407630.38092041016,407630.38092041016,407630.38092041016,0.0,1,-0.004224260238692916,False,False,48,133
2005-10-17 00:00:00+00:00,10801407.824367492,9556220.382663695,1245187.4417037964,1245187.4417037964,1245187.4417037964,0.0,3,-0.006459821274434926,False,False,48,134
2005-10-18 00:00:00+00:00,10786845.758423286,9512857.541752296,1273988.21667099,1273988.21667099,1273988.21667099,0.0,3,-0.007799276078481924,False,False,48,134
2005-10-19 00:00:00+00:00,10770752.97680326,9512857.541752296,1257895.4350509644,1257895.4350509644,1257895.4350509644,0.0,3,-0.009279529892330309,False,False,48,134
2005-10-20 00:00:00+00:00,10599378.106715895,7749216.193658568,2850161.9130573273,2850161.9130573273,2850161.9130573273,0.0,7,-0.025043013858888283,False,False,51,138
2005-10-21 00:00:00+00:00,10628597.31894006,9340517.079414265,1288080.239525795,1288080.239525795,1288080.239525795,0.0,3,-0.02235535852659672,False,False,51,139
2005-10-24 00:00:00+00:00,10613162.637803739,9767623.460954374,845539.1768493652,845539.1768493652,845539.1768493652,0.0,2,-0.023775078631984994,False,False,51,139
2005-10-25 00:00:00+00:00,10619725.967681788,9339264.048644923,1280461.9190368652,1280461.9190368652,1280461.9190368652,0.0,3,-0.023171367333781747,False,False,51,139
2005-10-26 00:00:00+00:00,10623175.341255091,9339264.048644923,1283911.2926101685,1283911.2926101685,1283911.2926101685,0.0,3,-0.022854085430141412,False,False,51,139
2005-10-27 00:00:00+00:00,10594298.02474203,9339264.048644923,1255033.976097107,1255033.976097107,1255033.976097107,0.0,3,-0.025510292350203884,False,False,51,139
2005-10-28 00:00:00+00:00,10591609.824108027,9339264.048644923,1252345.7754631042,1252345.7754631042,1252345.7754631042,0.0,3,-0.025757559686257238,False,False,51,139
2005-10-31 00:00:00+00:00,10601269.201164149,9339264.048644923,1262005.152519226,1262005.152519226,1262005.152519226,0.0,3,-0.02486906631921053,False,False,51,140
2005-11-01 00:00:00+00:00,9339264.048644923,9339264.048644923,0.0,0.0,0.0,0.0,3,-0.14095141828428495,False,False,51,140
2005-11-02 00:00:00+00:00,10657196.218102269,9738473.267243199,918722.9508590698,918722.9508590698,918722.9508590698,0.0,2,-0.019724761122351494,False,False,51,140
2005-11-03 00:00:00+00:00,9738473.267243199,9738473.267243199,0.0,0.0,0.0,0.0,2,-0.10423116803132772,False,False,51,140
2005-11-04 00:00:00+00:00,10656920.601217011,10656920.601217011,0.0,0.0,0.0,0.0,0,-0.0197501130444242,False,False,51,140
2005-11-07 00:00:00+00:00,10656920.601217011,10656920.601217011,0.0,0.0,0.0,0.0,0,-0.0197501130444242,False,False,51,140
2005-11-08 00:00:00+00:00,10656920.601217011,10656920.601217011,0.0,0.0,0.0,0.0,0,-0.0197501130444242,False,False,51,140
2005-11-09 00:00:00+00:00,10656920.601217011,10656920.601217011,0.0,0.0,0.0,0.0,0,-0.0197501130444242,False,False,51,140
2005-11-10 00:00:00+00:00,10656920.601217011,10656920.601217011,0.0,0.0,0.0,0.0,0,-0.0197501130444242,False,False,51,140
2005-11-11 00:00:00+00:00,10656920.601217011,10656920.601217011,0.0,0.0,0.0,0.0,0,-0.0197501130444242,False,False,51,140
2005-11-14 00:00:00+00:00,10656920.601217011,10656920.601217011,0.0,0.0,0.0,0.0,0,-0.0197501130444242,False,False,51,140
2005-11-15 00:00:00+00:00,10656920.601217011,10656920.601217011,0.0,0.0,0.0,0.0,0,-0.0197501130444242,False,False,51,140
2005-11-16 00:00:00+00:00,10656920.601217011,10656920.601217011,0.0,0.0,0.0,0.0,0,-0.0197501130444242,False,False,51,140
2005-11-17 00:00:00+00:00,10656920.601217011,10656920.601217011,0.0,0.0,0.0,0.0,0,-0.0197501130444242,False,False,51,140
2005-11-18 00:00:00+00:00,10656920.601217011,10656920.601217011,0.0,0.0,0.0,0.0,0,-0.0197501130444242,False,False,51,140
2005-11-21 00:00:00+00:00,10657224.40711951,10230562.40711951,426662.0,426662.0,426662.0,0.0,1,-0.01972216822689898,False,False,51,140
2005-11-22 00:00:00+00:00,10657224.40711951,10230562.40711951,426662.0,426662.0,426662.0,0.0,1,-0.01972216822689898,False,False,51,140
2005-11-23 00:00:00+00:00,10655553.40711951,10230562.40711951,424991.0,424991.0,424991.0,0.0,1,-0.01987587093543898,False,False,51,140
2005-11-24 00:00:00+00:00,10655553.40711951,10230562.40711951,424991.0,424991.0,424991.0,0.0,1,-0.01987587093543898,False,False,51,140
2005-11-25 00:00:00+00:00,10653325.40711951,10230562.40711951,422763.0,422763.0,422763.0,0.0,1,-0.02008080788015898,False,False,51,140
2005-11-28 00:00:00+00:00,10648869.40711951,10230562.40711951,418307.0,418307.0,418307.0,0.0,1,-0.020490681769598975,False,False,51,141
2005-11-29 00:00:00+00:00,10648535.102682011,10648535.102682011,0.0,0.0,0.0,0.0,0,-0.02052143191772621,False,False,51,141
2005-11-30 00:00:00+00:00,10648535.102682011,10648535.102682011,0.0,0.0,0.0,0.0,0,-0.02052143191772621,False,False,51,141
2005-12-01 00:00:00+00:00,10648535.102682011,10648535.102682011,0.0,0.0,0.0,0.0,0,-0.02052143191772621,False,False,51,141
2005-12-02 00:00:00+00:00,10648535.102682011,10648535.102682011,0.0,0.0,0.0,0.0,0,-0.02052143191772621,False,False,51,141
2005-12-05 00:00:00+00:00,10648535.102682011,10648535.102682011,0.0,0.0,0.0,0.0,0,-0.02052143191772621,False,False,51,141
2005-12-06 00:00:00+00:00,10648535.102682011,10648535.102682011,0.0,0.0,0.0,0.0,0,-0.02052143191772621,False,False,51,141
2005-12-07 00:00:00+00:00,10648535.102682011,10648535.102682011,0.0,0.0,0.0,0.0,0,-0.02052143191772621,False,False,51,141
2005-12-08 00:00:00+00:00,10648535.102682011,10648535.102682011,0.0,0.0,0.0,0.0,0,-0.02052143191772621,False,False,51,141
2005-12-09 00:00:00+00:00,10648535.102682011,10648535.102682011,0.0,0.0,0.0,0.0,0,-0.02052143191772621,False,False,51,141
2005-12-12 00:00:00+00:00,10648535.102682011,10648535.102682011,0.0,0.0,0.0,0.0,0,-0.02052143191772621,False,False,51,141
2005-12-13 00:00:00+00:00,10648535.102682011,10648535.102682011,0.0,0.0,0.0,0.0,0,-0.02052143191772621,False,False,51,141
2005-12-14 00:00:00+00:00,10648535.102682011,10648535.102682011,0.0,0.0,0.0,0.0,0,-0.02052143191772621,False,False,51,141
2005-12-15 00:00:00+00:00,10648535.102682011,10648535.102682011,0.0,0.0,0.0,0.0,0,-0.02052143191772621,False,False,51,141
2005-12-16 00:00:00+00:00,10648535.102682011,10648535.102682011,0.0,0.0,0.0,0.0,0,-0.02052143191772621,False,False,51,141
2005-12-19 00:00:00+00:00,10648535.102682011,10648535.102682011,0.0,0.0,0.0,0.0,0,-0.02052143191772621,False,False,51,141
2005-12-20 00:00:00+00:00,10648535.102682011,10648535.102682011,0.0,0.0,0.0,0.0,0,-0.02052143191772621,False,False,51,141
2005-12-21 00:00:00+00:00,10648535.102682011,10648535.102682011,0.0,0.0,0.0,0.0,0,-0.02052143191772621,False,False,51,141
2005-12-22 00:00:00+00:00,10648535.102682011,10648535.102682011,0.0,0.0,0.0,0.0,0,-0.02052143191772621,False,False,51,141
2005-12-23 00:00:00+00:00,10648535.102682011,10648535.102682011,0.0,0.0,0.0,0.0,0,-0.02052143191772621,False,False,51,141
2005-12-26 00:00:00+00:00,10648535.102682011,10648535.102682011,0.0,0.0,0.0,0.0,0,-0.02052143191772621,False,False,51,141
2005-12-27 00:00:00+00:00,10648535.102682011,10648535.102682011,0.0,0.0,0.0,0.0,0,-0.02052143191772621,False,False,51,141
2005-12-28 00:00:00+00:00,10648535.102682011,10648535.102682011,0.0,0.0,0.0,0.0,0,-0.02052143191772621,False,False,51,141
2005-12-29 00:00:00+00:00,10648535.102682011,10648535.102682011,0.0,0.0,0.0,0.0,0,-0.02052143191772621,False,False,51,141
2005-12-30 00:00:00+00:00,10648535.102682011,10648535.102682011,0.0,0.0,0.0,0.0,0,-0.02052143191772621,False,False,51,141
2006-01-02 00:00:00+00:00,10648535.102682011,10648535.102682011,0.0,0.0,0.0,0.0,0,-0.02052143191772621,False,False,51,141
2006-01-03 00:00:00+00:00,10648535.102682011,10648535.102682011,0.0,0.0,0.0,0.0,0,-0.02052143191772621,False,False,51,141
2006-01-04 00:00:00+00:00,10648535.102682011,10648535.102682011,0.0,0.0,0.0,0.0,0,-0.02052143191772621,False,False,51,141
2006-01-05 00:00:00+00:00,10648535.102682011,10648535.102682011,0.0,0.0,0.0,0.0,0,-0.02052143191772621,False,False,51,141
2006-01-06 00:00:00+00:00,10648535.102682011,10648535.102682011,0.0,0.0,0.0,0.0,0,-0.02052143191772621,False,False,51,141
2006-01-09 00:00:00+00:00,10648535.102682011,10648535.102682011,0.0,0.0,0.0,0.0,0,-0.02052143191772621,False,False,51,141
2006-01-10 00:00:00+00:00,10648535.102682011,10648535.102682011,0.0,0.0,0.0,0.0,0,-0.02052143191772621,False,False,51,141
2006-01-11 00:00:00+00:00,10648535.102682011,10648535.102682011,0.0,0.0,0.0,0.0,0,-0.02052143191772621,False,False,51,141
2006-01-12 00:00:00+00:00,10648535.102682011,10648535.102682011,0.0,0.0,0.0,0.0,0,-0.02052143191772621,False,False,51,141
2006-01-13 00:00:00+00:00,10648535.102682011,10648535.102682011,0.0,0.0,0.0,0.0,0,-0.02052143191772621,False,False,51,141
2006-01-16 00:00:00+00:00,10648535.102682011,10648535.102682011,0.0,0.0,0.0,0.0,0,-0.02052143191772621,False,False,51,141
2006-01-17 00:00:00+00:00,10648535.102682011,10648535.102682011,0.0,0.0,0.0,0.0,0,-0.02052143191772621,False,False,51,141
2006-01-18 00:00:00+00:00,10648535.102682011,10648535.102682011,0.0,0.0,0.0,0.0,0,-0.02052143191772621,False,False,51,141
2006-01-19 00:00:00+00:00,10651839.889413958,10214808.14632619,437031.74308776855,437031.74308776855,437031.74308776855,0.0,1,-0.020217449468984537,False,False,51,141
2006-01-20 00:00:00+00:00,10656188.68526662,10214808.14632619,441380.5389404297,441380.5389404297,441380.5389404297,0.0,1,-0.019817436481886077,False,False,51,141
2006-01-23 00:00:00+00:00,10652451.449091082,10214808.14632619,437643.3027648926,437643.3027648926,437643.3027648926,0.0,1,-0.020161196698902067,False,False,51,141
2006-01-24 00:00:00+00:00,10662213.593561297,10214808.14632619,447405.4472351074,447405.4472351074,447405.4472351074,0.0,1,-0.019263250531199618,False,False,51,141
2006-01-25 00:00:00+00:00,10688487.60738576,10214808.14632619,473679.4610595703,473679.4610595703,473679.4610595703,0.0,1,-0.016846501824414866,False,False,51,141
2006-01-26 00:00:00+00:00,10214808.14632619,10214808.14632619,0.0,0.0,0.0,0.0,1,-0.06041670897260329,False,False,51,141
2006-01-27 00:00:00+00:00,10695369.40683916,10695369.40683916,0.0,0.0,0.0,0.0,0,-0.016213496907827987,False,False,51,141
2006-01-30 00:00:00+00:00,10695369.40683916,10695369.40683916,0.0,0.0,0.0,0.0,0,-0.016213496907827987,False,False,51,141
2006-01-31 00:00:00+00:00,10690600.530490229,10266293.937014887,424306.5934753418,424306.5934753418,424306.5934753418,0.0,1,-0.01665214993686634,False,False,51,141
2006-02-01 00:00:00+00:00,10688731.155490229,10266293.937014887,422437.2184753418,422437.2184753418,422437.2184753418,0.0,1,-0.016824099668031486,False,False,51,141
2006-02-02 00:00:00+00:00,10695294.733752558,10266293.937014887,429000.7967376709,429000.7967376709,429000.7967376709,0.0,1,-0.01622036552282847,False,False,51,141
2006-02-03 00:00:00+00:00,10702647.601146052,10266293.937014887,436353.66413116455,436353.66413116455,436353.66413116455,0.0,1,-0.01554403061324414,False,False,51,141
2006-02-06 00:00:00+00:00,10693591.522883723,10266293.937014887,427297.58586883545,427297.58586883545,427297.58586883545,0.0,1,-0.016377031066667352,False,False,51,141
2006-02-07 00:00:00+00:00,10693840.750064204,10266293.937014887,427546.8130493164,427546.8130493164,427546.8130493164,0.0,1,-0.016354106534841074,False,False,51,141
2006-02-08 00:00:00+00:00,10702813.765277216,10266293.937014887,436519.8282623291,436519.8282623291,436519.8282623291,0.0,1,-0.015528746425917875,False,False,51,141
2006-02-09 00:00:00+00:00,10266293.937014887,10266293.937014887,0.0,0.0,0.0,0.0,1,-0.055680918739104655,False,False,51,141
2006-02-10 00:00:00+00:00,10700787.004897272,10700787.004897272,0.0,0.0,0.0,0.0,0,-0.015715172853182358,False,False,51,141
2006-02-13 00:00:00+00:00,10700787.004897272,10700787.004897272,0.0,0.0,0.0,0.0,0,-0.015715172853182358,False,False,51,141
2006-02-14 00:00:00+00:00,10700787.004897272,10700787.004897272,0.0,0.0,0.0,0.0,0,-0.015715172853182358,False,False,51,141
2006-02-15 00:00:00+00:00,10700787.004897272,10700787.004897272,0.0,0.0,0.0,0.0,0,-0.015715172853182358,False,False,51,141
2006-02-16 00:00:00+00:00,10700787.004897272,10700787.004897272,0.0,0.0,0.0,0.0,0,-0.015715172853182358,False,False,51,141
2006-02-17 00:00:00+00:00,10700787.004897272,10700787.004897272,0.0,0.0,0.0,0.0,0,-0.015715172853182358,False,False,51,141
2006-02-20 00:00:00+00:00,10700787.004897272,10700787.004897272,0.0,0.0,0.0,0.0,0,-0.015715172853182358,False,False,51,141
2006-02-21 00:00:00+00:00,10700787.004897272,10700787.004897272,0.0,0.0,0.0,0.0,0,-0.015715172853182358,False,False,51,141
2006-02-22 00:00:00+00:00,10700787.004897272,10700787.004897272,0.0,0.0,0.0,0.0,0,-0.015715172853182358,False,False,51,141
2006-02-23 00:00:00+00:00,10700787.004897272,10700787.004897272,0.0,0.0,0.0,0.0,0,-0.015715172853182358,False,False,51,141
2006-02-24 00:00:00+00:00,10700787.004897272,10700787.004897272,0.0,0.0,0.0,0.0,0,-0.015715172853182358,False,False,51,141
2006-02-27 00:00:00+00:00,10700787.004897272,10700787.004897272,0.0,0.0,0.0,0.0,0,-0.015715172853182358,False,False,51,141
2006-02-28 00:00:00+00:00,10700787.004897272,10700787.004897272,0.0,0.0,0.0,0.0,0,-0.015715172853182358,False,False,51,141
2006-03-01 00:00:00+00:00,10700787.004897272,10700787.004897272,0.0,0.0,0.0,0.0,0,-0.015715172853182358,False,False,51,141
2006-03-02 00:00:00+00:00,10700787.004897272,10700787.004897272,0.0,0.0,0.0,0.0,0,-0.015715172853182358,False,False,51,141
2006-03-03 00:00:00+00:00,10700787.004897272,10700787.004897272,0.0,0.0,0.0,0.0,0,-0.015715172853182358,False,False,51,141
2006-03-06 00:00:00+00:00,10700787.004897272,10700787.004897272,0.0,0.0,0.0,0.0,0,-0.015715172853182358,False,False,51,141
2006-03-07 00:00:00+00:00,10700787.004897272,10700787.004897272,0.0,0.0,0.0,0.0,0,-0.015715172853182358,False,False,51,141
2006-03-08 00:00:00+00:00,10700787.004897272,10700787.004897272,0.0,0.0,0.0,0.0,0,-0.015715172853182358,False,False,51,141
2006-03-09 00:00:00+00:00,10700787.004897272,10700787.004897272,0.0,0.0,0.0,0.0,0,-0.015715172853182358,False,False,51,141
2006-03-10 00:00:00+00:00,10700787.004897272,10700787.004897272,0.0,0.0,0.0,0.0,0,-0.015715172853182358,False,False,51,141
2006-03-13 00:00:00+00:00,10700787.004897272,10700787.004897272,0.0,0.0,0.0,0.0,0,-0.015715172853182358,False,False,51,141
2006-03-14 00:00:00+00:00,10700787.004897272,10700787.004897272,0.0,0.0,0.0,0.0,0,-0.015715172853182358,False,False,51,141
2006-03-15 00:00:00+00:00,10700787.004897272,10700787.004897272,0.0,0.0,0.0,0.0,0,-0.015715172853182358,False,False,51,141
2006-03-16 00:00:00+00:00,10700787.004897272,10700787.004897272,0.0,0.0,0.0,0.0,0,-0.015715172853182358,False,False,51,141
2006-03-17 00:00:00+00:00,10700787.004897272,10700787.004897272,0.0,0.0,0.0,0.0,0,-0.015715172853182358,False,False,51,141
2006-03-20 00:00:00+00:00,10700787.004897272,10700787.004897272,0.0,0.0,0.0,0.0,0,-0.015715172853182358,False,False,51,141
2006-03-21 00:00:00+00:00,10693083.568640774,10266939.568640774,426144.0,426144.0,426144.0,0.0,1,-0.01642375395293639,False,False,51,141
2006-03-22 00:00:00+00:00,10683819.568640774,10266939.568640774,416880.0,416880.0,416880.0,0.0,1,-0.017275879561502845,False,False,51,141
2006-03-23 00:00:00+00:00,10672702.761572903,10266939.568640774,405763.1929321289,405763.1929321289,405763.1929321289,0.0,1,-0.018298430941902838,False,False,51,141
2006-03-24 00:00:00+00:00,10671776.375708645,10266939.568640774,404836.8070678711,404836.8070678711,404836.8070678711,0.0,1,-0.018383642202518993,False,False,51,141
2006-03-27 00:00:00+00:00,10694473.182776516,10266939.568640774,427533.6141357422,427533.6141357422,427533.6141357422,0.0,1,-0.01629593381141093,False,False,51,141
2006-03-28 00:00:00+00:00,10684745.954505032,10266939.568640774,417806.3858642578,417806.3858642578,417806.3858642578,0.0,1,-0.01719066830088669,False,False,51,141
2006-03-29 00:00:00+00:00,10674092.375708645,10266939.568640774,407152.8070678711,407152.8070678711,407152.8070678711,0.0,1,-0.01817061080037738,False,False,51,141
2006-03-30 00:00:00+00:00,10667144.375708645,10266939.568640774,400204.8070678711,400204.8070678711,400204.8070678711,0.0,1,-0.01880970500680222,False,False,51,142
2006-03-31 00:00:00+00:00,10670011.043313092,10670011.043313092,0.0,0.0,0.0,0.0,0,-0.01854602183786908,False,False,51,142
2006-04-03 00:00:00+00:00,10670011.043313092,10670011.043313092,0.0,0.0,0.0,0.0,0,-0.01854602183786908,False,False,51,142
2006-04-04 00:00:00+00:00,10670011.043313092,10670011.043313092,0.0,0.0,0.0,0.0,0,-0.01854602183786908,False,False,51,142
2006-04-05 00:00:00+00:00,10670011.043313092,10670011.043313092,0.0,0.0,0.0,0.0,0,-0.01854602183786908,False,False,51,142
2006-04-06 00:00:00+00:00,10670011.043313092,10670011.043313092,0.0,0.0,0.0,0.0,0,-0.01854602183786908,False,False,51,142
2006-04-07 00:00:00+00:00,10670011.043313092,10670011.043313092,0.0,0.0,0.0,0.0,0,-0.01854602183786908,False,False,51,142
2006-04-10 00:00:00+00:00,10670011.043313092,10670011.043313092,0.0,0.0,0.0,0.0,0,-0.01854602183786908,False,False,51,142
2006-04-11 00:00:00+00:00,10670011.043313092,10670011.043313092,0.0,0.0,0.0,0.0,0,-0.01854602183786908,False,False,51,142
2006-04-12 00:00:00+00:00,10670011.043313092,10670011.043313092,0.0,0.0,0.0,0.0,0,-0.01854602183786908,False,False,51,142
2006-04-13 00:00:00+00:00,10670011.043313092,10670011.043313092,0.0,0.0,0.0,0.0,0,-0.01854602183786908,False,False,51,142
2006-04-17 00:00:00+00:00,10668405.525659304,10229653.463037234,438752.0626220703,438752.0626220703,438752.0626220703,0.0,1,-0.018693701318417206,False,False,51,142
2006-04-18 00:00:00+00:00,10683993.056726199,10229653.463037234,454339.59368896484,454339.59368896484,454339.59368896484,0.0,1,-0.017259921698768454,False,False,51,142
2006-04-19 00:00:00+00:00,10686127.003326856,10686127.003326856,0.0,0.0,0.0,0.0,0,-0.01706363601809778,False,False,51,142
2006-04-20 00:00:00+00:00,10686127.003326856,10686127.003326856,0.0,0.0,0.0,0.0,0,-0.01706363601809778,False,False,51,142
2006-04-21 00:00:00+00:00,10686127.003326856,10686127.003326856,0.0,0.0,0.0,0.0,0,-0.01706363601809778,False,False,51,142
2006-04-24 00:00:00+00:00,10686127.003326856,10686127.003326856,0.0,0.0,0.0,0.0,0,-0.01706363601809778,False,False,51,142
2006-04-25 00:00:00+00:00,10686127.003326856,10686127.003326856,0.0,0.0,0.0,0.0,0,-0.01706363601809778,False,False,51,142
2006-04-26 00:00:00+00:00,10686127.003326856,10686127.003326856,0.0,0.0,0.0,0.0,0,-0.01706363601809778,False,False,51,142
2006-04-27 00:00:00+00:00,10686127.003326856,10686127.003326856,0.0,0.0,0.0,0.0,0,-0.01706363601809778,False,False,51,142
2006-04-28 00:00:00+00:00,10686127.003326856,10686127.003326856,0.0,0.0,0.0,0.0,0,-0.01706363601809778,False,False,51,142
2006-05-01 00:00:00+00:00,10686127.003326856,10686127.003326856,0.0,0.0,0.0,0.0,0,-0.01706363601809778,False,False,51,142
2006-05-02 00:00:00+00:00,10686127.003326856,10686127.003326856,0.0,0.0,0.0,0.0,0,-0.01706363601809778,False,False,51,142
2006-05-03 00:00:00+00:00,10686127.003326856,10686127.003326856,0.0,0.0,0.0,0.0,0,-0.01706363601809778,False,False,51,142
2006-05-04 00:00:00+00:00,10686127.003326856,10686127.003326856,0.0,0.0,0.0,0.0,0,-0.01706363601809778,False,False,51,142
2006-05-05 00:00:00+00:00,10686127.003326856,10686127.003326856,0.0,0.0,0.0,0.0,0,-0.01706363601809778,False,False,51,142
2006-05-08 00:00:00+00:00,10686127.003326856,10686127.003326856,0.0,0.0,0.0,0.0,0,-0.01706363601809778,False,False,51,142
2006-05-09 00:00:00+00:00,10686127.003326856,10686127.003326856,0.0,0.0,0.0,0.0,0,-0.01706363601809778,False,False,51,142
2006-05-10 00:00:00+00:00,10686127.003326856,10686127.003326856,0.0,0.0,0.0,0.0,0,-0.01706363601809778,False,False,51,142
2006-05-11 00:00:00+00:00,10686127.003326856,10686127.003326856,0.0,0.0,0.0,0.0,0,-0.01706363601809778,False,False,51,142
2006-05-12 00:00:00+00:00,10686127.003326856,10686127.003326856,0.0,0.0,0.0,0.0,0,-0.01706363601809778,False,False,51,142
2006-05-15 00:00:00+00:00,10686127.003326856,10686127.003326856,0.0,0.0,0.0,0.0,0,-0.01706363601809778,False,False,51,142
2006-05-16 00:00:00+00:00,10662717.37066478,10255920.74566478,406796.625,406796.625,406796.625,0.0,1,-0.01921691186853918,False,False,51,142
2006-05-17 00:00:00+00:00,10677064.97845371,8913372.610369757,1763692.3680839539,1763692.3680839539,1763692.3680839539,0.0,4,-0.017897183455476123,False,False,51,142
2006-05-18 00:00:00+00:00,10579854.327090338,8913372.610369757,1666481.716720581,1666481.716720581,1666481.716720581,0.0,4,-0.02683885934625286,False,False,51,143
2006-05-19 00:00:00+00:00,10531723.806891287,9324395.426138723,1207328.3807525635,1207328.3807525635,1207328.3807525635,0.0,3,-0.031266023510246446,False,False,51,144
2006-05-22 00:00:00+00:00,10234884.656472214,7071420.651253708,3163464.005218506,3163464.005218506,3163464.005218506,0.0,8,-0.05857002196633482,False,False,63,150
2006-05-23 00:00:00+00:00,10262732.525531998,9422895.95847725,839836.5670547485,839836.5670547485,839836.5670547485,0.0,2,-0.05600850616648079,False,False,63,151
2006-05-24 00:00:00+00:00,10246896.177078547,9854488.621315302,392407.5557632446,392407.5557632446,392407.5557632446,0.0,1,-0.057465172624098164,False,False,63,151
2006-05-25 00:00:00+00:00,10235569.025131525,9854488.621315302,381080.40381622314,381080.40381622314,381080.40381622314,0.0,1,-0.05850707204618154,False,False,63,152
2006-05-26 00:00:00+00:00,10252194.056832153,10252194.056832153,0.0,0.0,0.0,0.0,0,-0.056977860554888994,False,False,63,152
2006-05-29 00:00:00+00:00,10252194.056832153,10252194.056832153,0.0,0.0,0.0,0.0,0,-0.056977860554888994,False,False,63,152
2006-05-30 00:00:00+00:00,10252194.056832153,10252194.056832153,0.0,0.0,0.0,0.0,0,-0.056977860554888994,False,False,63,152
2006-05-31 00:00:00+00:00,10252194.056832153,10252194.056832153,0.0,0.0,0.0,0.0,0,-0.056977860554888994,False,False,63,152
2006-06-01 00:00:00+00:00,10252194.056832153,10252194.056832153,0.0,0.0,0.0,0.0,0,-0.056977860554888994,False,False,63,152
2006-06-02 00:00:00+00:00,10252194.056832153,10252194.056832153,0.0,0.0,0.0,0.0,0,-0.056977860554888994,False,False,63,152
2006-06-05 00:00:00+00:00,10252194.056832153,10252194.056832153,0.0,0.0,0.0,0.0,0,-0.056977860554888994,False,False,63,152
2006-06-06 00:00:00+00:00,10252194.056832153,10252194.056832153,0.0,0.0,0.0,0.0,0,-0.056977860554888994,False,False,63,152
2006-06-07 00:00:00+00:00,10189622.332404006,9016604.909046996,1173017.42335701,1173017.42335701,1173017.42335701,0.0,3,-0.06273336236376069,False,False,63,152
2006-06-08 00:00:00+00:00,10016633.521955948,7482199.25607727,2534434.2658786774,2534434.2658786774,2534434.2658786774,0.0,7,-0.07864530055225798,False,False,72,156
2006-06-09 00:00:00+00:00,9972017.754767127,8856772.274061866,1115245.4807052612,1115245.4807052612,1115245.4807052612,0.0,3,-0.0827491690504697,False,False,72,156
2006-06-12 00:00:00+00:00,9883243.878594108,8856772.274061866,1026471.6045322418,1026471.6045322418,1026471.6045322418,0.0,3,-0.09091480951449576,False,False,72,156
2006-06-13 00:00:00+00:00,9832899.773783838,8467082.535336649,1365817.2384471893,1365817.2384471893,1365817.2384471893,0.0,4,-0.09554558466013312,False,False,72,156
2006-06-14 00:00:00+00:00,9802652.782051248,7276588.931571169,2526063.8504800797,2526063.8504800797,2526063.8504800797,0.0,7,-0.09832777769094461,False,False,74,156
2006-06-15 00:00:00+00:00,9983184.009874506,7276588.931571169,2706595.078303337,2706595.078303337,2706595.078303337,0.0,7,-0.08172206931722453,False,False,74,156
2006-06-16 00:00:00+00:00,10120799.892099543,7276588.931571169,2844210.9605283737,2844210.9605283737,2844210.9605283737,0.0,7,-0.06906382046258083,False,False,74,156
2006-06-19 00:00:00+00:00,10126359.799141344,8141127.090924677,1985232.7082166672,1985232.7082166672,1985232.7082166672,0.0,5,-0.06855240647601264,False,False,74,156
2006-06-20 00:00:00+00:00,10122630.318699572,8525637.52576134,1596992.7929382324,1596992.7929382324,1596992.7929382324,0.0,4,-0.06889545330147477,False,False,74,156
2006-06-21 00:00:00+00:00,10158886.927864764,8525637.52576134,1633249.402103424,1633249.402103424,1633249.402103424,0.0,4,-0.0655604808112497,False,False,74,156
2006-06-22 00:00:00+00:00,10170575.447411783,8942166.66702009,1228408.780391693,1228408.780391693,1228408.780391693,0.0,3,-0.06448534190448754,False,False,74,156
2006-06-23 00:00:00+00:00,10175040.013914388,9364997.698972981,810042.3149414062,810042.3149414062,810042.3149414062,0.0,2,-0.06407468004697271,False,False,74,156
2006-06-26 00:00:00+00:00,10179518.314134749,9760221.37138191,419296.94275283813,419296.94275283813,419296.94275283813,0.0,1,-0.06366275492816675,False,False,74,156
2006-06-27 00:00:00+00:00,10177714.723582419,9760221.37138191,417493.3522005081,417493.3522005081,417493.3522005081,0.0,1,-0.06382865364330158,False,False,74,156
2006-06-28 00:00:00+00:00,10176198.029687079,9760221.37138191,415976.65830516815,415976.65830516815,415976.65830516815,0.0,1,-0.06396816289509082,False,False,74,156
2006-06-29 00:00:00+00:00,10183781.381887587,9760221.37138191,423560.01050567627,423560.01050567627,423560.01050567627,0.0,1,-0.06327062742349844,False,False,74,156
2006-06-30 00:00:00+00:00,10179996.964981103,10179996.964981103,0.0,0.0,0.0,0.0,0,-0.06361872744071632,False,False,74,156
2006-07-03 00:00:00+00:00,10179996.964981103,10179996.964981103,0.0,0.0,0.0,0.0,0,-0.06361872744071632,False,False,74,156
2006-07-04 00:00:00+00:00,10179996.964981103,10179996.964981103,0.0,0.0,0.0,0.0,0,-0.06361872744071632,False,False,74,156
2006-07-05 00:00:00+00:00,10179996.964981103,10179996.964981103,0.0,0.0,0.0,0.0,0,-0.06361872744071632,False,False,74,156
2006-07-06 00:00:00+00:00,10179996.964981103,10179996.964981103,0.0,0.0,0.0,0.0,0,-0.06361872744071632,False,False,74,156
2006-07-07 00:00:00+00:00,10179996.964981103,10179996.964981103,0.0,0.0,0.0,0.0,0,-0.06361872744071632,False,False,74,156
2006-07-10 00:00:00+00:00,10179996.964981103,10179996.964981103,0.0,0.0,0.0,0.0,0,-0.06361872744071632,False,False,74,156
2006-07-11 00:00:00+00:00,10179996.964981103,10179996.964981103,0.0,0.0,0.0,0.0,0,-0.06361872744071632,False,False,74,156
2006-07-12 00:00:00+00:00,10179996.964981103,10179996.964981103,0.0,0.0,0.0,0.0,0,-0.06361872744071632,False,False,74,156
2006-07-13 00:00:00+00:00,10179996.964981103,10179996.964981103,0.0,0.0,0.0,0.0,0,-0.06361872744071632,False,False,74,156
2006-07-14 00:00:00+00:00,10179996.964981103,10179996.964981103,0.0,0.0,0.0,0.0,0,-0.06361872744071632,False,False,74,156
2006-07-17 00:00:00+00:00,10179996.964981103,10179996.964981103,0.0,0.0,0.0,0.0,0,-0.06361872744071632,False,False,74,156
2006-07-18 00:00:00+00:00,10179996.964981103,10179996.964981103,0.0,0.0,0.0,0.0,0,-0.06361872744071632,False,False,74,156
2006-07-19 00:00:00+00:00,10179996.964981103,10179996.964981103,0.0,0.0,0.0,0.0,0,-0.06361872744071632,False,False,74,156
2006-07-20 00:00:00+00:00,10185994.80397279,9347588.761259625,838406.0427131653,838406.0427131653,838406.0427131653,0.0,2,-0.06306703139139912,False,False,74,156
2006-07-21 00:00:00+00:00,10168948.92897279,9347588.761259625,821360.1677131653,821360.1677131653,821360.1677131653,0.0,2,-0.06463495308914552,False,False,74,156
2006-07-24 00:00:00+00:00,10191814.001493745,8946878.93637877,1244935.065114975,1244935.065114975,1244935.065114975,0.0,3,-0.06253176722592936,False,False,74,156
2006-07-25 00:00:00+00:00,10206975.048662476,8946878.93637877,1260096.1122837067,1260096.1122837067,1260096.1122837067,0.0,3,-0.061137216648947466,False,False,74,156
2006-07-26 00:00:00+00:00,10317375.67849379,8946878.93637877,1370496.7421150208,1370496.7421150208,1370496.7421150208,0.0,3,-0.05098229395020733,False,False,74,156
2006-07-27 00:00:00+00:00,10316829.343142956,9894456.677669019,422372.665473938,422372.665473938,422372.665473938,0.0,1,-0.05103254722560787,False,False,74,156
2006-07-28 00:00:00+00:00,10338125.427669019,9894456.677669019,443668.75,443668.75,443668.75,0.0,1,-0.04907368075466084,False,False,74,156
2006-07-31 00:00:00+00:00,10339234.22628217,10339234.22628217,0.0,0.0,0.0,0.0,0,-0.04897169071871423,False,False,74,156
2006-08-01 00:00:00+00:00,10339234.22628217,10339234.22628217,0.0,0.0,0.0,0.0,0,-0.04897169071871423,False,False,74,156
2006-08-02 00:00:00+00:00,10339234.22628217,10339234.22628217,0.0,0.0,0.0,0.0,0,-0.04897169071871423,False,False,74,156
2006-08-03 00:00:00+00:00,10339234.22628217,10339234.22628217,0.0,0.0,0.0,0.0,0,-0.04897169071871423,False,False,74,156
2006-08-04 00:00:00+00:00,10332499.279385353,9907453.54429605,425045.73508930206,425045.73508930206,425045.73508930206,0.0,1,-0.049591187774318014,False,False,74,156
2006-08-07 00:00:00+00:00,10332499.279385353,9907453.54429605,425045.73508930206,425045.73508930206,425045.73508930206,0.0,1,-0.049591187774318014,False,False,74,156
2006-08-08 00:00:00+00:00,10324827.401144885,9487708.458536051,837118.9426088333,837118.9426088333,837118.9426088333,0.0,2,-0.0502968660897872,False,False,74,156
2006-08-09 00:00:00+00:00,10332559.680586291,9073924.360536052,1258635.3200502396,1258635.3200502396,1258635.3200502396,0.0,3,-0.049585631922622386,False,False,74,156
2006-08-10 00:00:00+00:00,10326518.888105823,9073924.360536052,1252594.5275697708,1252594.5275697708,1252594.5275697708,0.0,3,-0.050141278939962966,False,False,74,156
2006-08-11 00:00:00+00:00,10341159.175970508,9073924.360536052,1267234.8154344559,1267234.8154344559,1267234.8154344559,0.0,3,-0.04879462909040739,False,False,74,156
2006-08-14 00:00:00+00:00,10332894.872758543,9517599.872758543,815295.0,815295.0,815295.0,0.0,2,-0.04955480011845932,False,False,74,156
2006-08-15 00:00:00+00:00,10337889.872758543,9517599.872758543,820290.0,820290.0,820290.0,0.0,2,-0.049095347677311926,False,False,74,156
2006-08-16 00:00:00+00:00,10333824.872758543,9517599.872758543,816225.0,816225.0,816225.0,0.0,2,-0.04946925642070816,False,False,74,156
2006-08-17 00:00:00+00:00,10328669.872758543,9517599.872758543,811070.0,811070.0,811070.0,0.0,2,-0.049943426057167575,False,False,74,156
2006-08-18 00:00:00+00:00,10326719.872758543,9517599.872758543,809120.0,809120.0,809120.0,0.0,2,-0.05012279187503293,False,False,74,156
2006-08-21 00:00:00+00:00,10329944.872758543,9517599.872758543,812345.0,812345.0,812345.0,0.0,2,-0.04982614840702485,False,False,74,156
2006-08-22 00:00:00+00:00,10327924.872758543,9517599.872758543,810325.0,810325.0,810325.0,0.0,2,-0.05001195299783921,False,False,74,156
2006-08-23 00:00:00+00:00,10337504.872758543,9517599.872758543,819905.0,819905.0,819905.0,0.0,2,-0.0491307609285315,False,False,74,156
2006-08-24 00:00:00+00:00,10344309.872758543,9517599.872758543,826710.0,826710.0,826710.0,0.0,2,-0.04850482021541678,False,False,74,156
2006-08-25 00:00:00+00:00,10336353.755058544,9934533.755058544,401820.0,401820.0,401820.0,0.0,1,-0.04923664357864414,False,False,74,157
2006-08-28 00:00:00+00:00,10334804.512796044,10334804.512796044,0.0,0.0,0.0,0.0,0,-0.049379146709661974,False,False,74,157
2006-08-29 00:00:00+00:00,10334804.512796044,10334804.512796044,0.0,0.0,0.0,0.0,0,-0.049379146709661974,False,False,74,157
2006-08-30 00:00:00+00:00,10334804.512796044,10334804.512796044,0.0,0.0,0.0,0.0,0,-0.049379146709661974,False,False,74,157
2006-08-31 00:00:00+00:00,10334804.512796044,10334804.512796044,0.0,0.0,0.0,0.0,0,-0.049379146709661974,False,False,74,157
2006-09-01 00:00:00+00:00,10334804.512796044,10334804.512796044,0.0,0.0,0.0,0.0,0,-0.049379146709661974,False,False,74,157
2006-09-04 00:00:00+00:00,10334804.512796044,10334804.512796044,0.0,0.0,0.0,0.0,0,-0.049379146709661974,False,False,74,157
2006-09-05 00:00:00+00:00,10334804.512796044,10334804.512796044,0.0,0.0,0.0,0.0,0,-0.049379146709661974,False,False,74,157
2006-09-06 00:00:00+00:00,10334804.512796044,10334804.512796044,0.0,0.0,0.0,0.0,0,-0.049379146709661974,False,False,74,157
2006-09-07 00:00:00+00:00,10334804.512796044,10334804.512796044,0.0,0.0,0.0,0.0,0,-0.049379146709661974,False,False,74,157
2006-09-08 00:00:00+00:00,10334804.512796044,10334804.512796044,0.0,0.0,0.0,0.0,0,-0.049379146709661974,False,False,74,157
2006-09-11 00:00:00+00:00,10334804.512796044,10334804.512796044,0.0,0.0,0.0,0.0,0,-0.049379146709661974,False,False,74,157
2006-09-12 00:00:00+00:00,10334804.512796044,10334804.512796044,0.0,0.0,0.0,0.0,0,-0.049379146709661974,False,False,74,157
2006-09-13 00:00:00+00:00,10334915.183719963,9920197.665806144,414717.51791381836,414717.51791381836,414717.51791381836,0.0,1,-0.049368966924645284,False,False,74,157
2006-09-14 00:00:00+00:00,10330052.933719963,9920197.665806144,409855.26791381836,409855.26791381836,409855.26791381836,0.0,1,-0.04981620869280723,False,False,74,157
2006-09-15 00:00:00+00:00,10333554.708215404,9502186.668977428,831368.0392379761,831368.0392379761,831368.0392379761,0.0,2,-0.04949410682288165,False,False,74,157
2006-09-18 00:00:00+00:00,10333223.144620586,9502186.668977428,831036.475643158,831036.475643158,831036.475643158,0.0,2,-0.04952460486152725,False,False,74,157
2006-09-19 00:00:00+00:00,10324755.235532451,9502186.668977428,822568.5665550232,822568.5665550232,822568.5665550232,0.0,2,-0.05030350406111839,False,False,74,157
2006-09-20 00:00:00+00:00,10310640.846696544,9502186.668977428,808454.1777191162,808454.1777191162,808454.1777191162,0.0,2,-0.051601780418668135,False,False,74,158
2006-09-21 00:00:00+00:00,10299563.04421834,9895740.648618976,403822.39559936523,403822.39559936523,403822.39559936523,0.0,1,-0.05262074406054186,False,False,74,158
2006-09-22 00:00:00+00:00,10286555.564375201,9895740.648618976,390814.9157562256,390814.9157562256,390814.9157562256,0.0,1,-0.053817204194096614,False,False,74,158
2006-09-25 00:00:00+00:00,10273717.04056386,9895740.648618976,377976.39194488525,377976.39194488525,377976.39194488525,0.0,1,-0.054998123334406776,False,False,74,158
2006-09-26 00:00:00+00:00,10278024.714552203,9895740.648618976,382284.06593322754,382284.06593322754,382284.06593322754,0.0,1,-0.054601892837988164,False,False,74,158
2006-09-27 00:00:00+00:00,10250573.930662433,9895740.648618976,354833.28204345703,354833.28204345703,354833.28204345703,0.0,1,-0.05712688376282592,False,False,74,158
2006-09-28 00:00:00+00:00,10296419.169115102,9079791.165971791,1216628.0031433105,1216628.0031433105,1216628.0031433105,0.0,2,-0.05290992546011056,False,False,74,159
2006-09-29 00:00:00+00:00,10303094.9068092,10303094.9068092,0.0,0.0,0.0,0.0,0,-0.052295874613261135,False,False,74,159
2006-10-02 00:00:00+00:00,10303094.9068092,10303094.9068092,0.0,0.0,0.0,0.0,0,-0.052295874613261135,False,False,74,159
2006-10-03 00:00:00+00:00,10303094.9068092,10303094.9068092,0.0,0.0,0.0,0.0,0,-0.052295874613261135,False,False,74,159
2006-10-04 00:00:00+00:00,10303094.9068092,10303094.9068092,0.0,0.0,0.0,0.0,0,-0.052295874613261135,False,False,74,159
2006-10-05 00:00:00+00:00,10303094.9068092,10303094.9068092,0.0,0.0,0.0,0.0,0,-0.052295874613261135,False,False,74,159
2006-10-06 00:00:00+00:00,10303094.9068092,10303094.9068092,0.0,0.0,0.0,0.0,0,-0.052295874613261135,False,False,74,159
2006-10-09 00:00:00+00:00,10303094.9068092,10303094.9068092,0.0,0.0,0.0,0.0,0,-0.052295874613261135,False,False,74,159
2006-10-10 00:00:00+00:00,10303094.9068092,10303094.9068092,0.0,0.0,0.0,0.0,0,-0.052295874613261135,False,False,74,159
2006-10-11 00:00:00+00:00,10303094.9068092,10303094.9068092,0.0,0.0,0.0,0.0,0,-0.052295874613261135,False,False,74,159
2006-10-12 00:00:00+00:00,10303094.9068092,10303094.9068092,0.0,0.0,0.0,0.0,0,-0.052295874613261135,False,False,74,159
2006-10-13 00:00:00+00:00,10303094.9068092,10303094.9068092,0.0,0.0,0.0,0.0,0,-0.052295874613261135,False,False,74,159
2006-10-16 00:00:00+00:00,10303094.9068092,10303094.9068092,0.0,0.0,0.0,0.0,0,-0.052295874613261135,False,False,74,159
2006-10-17 00:00:00+00:00,10303094.9068092,10303094.9068092,0.0,0.0,0.0,0.0,0,-0.052295874613261135,False,False,74,159
2006-10-18 00:00:00+00:00,10303094.9068092,10303094.9068092,0.0,0.0,0.0,0.0,0,-0.052295874613261135,False,False,74,159
2006-10-19 00:00:00+00:00,10303094.9068092,10303094.9068092,0.0,0.0,0.0,0.0,0,-0.052295874613261135,False,False,74,159
2006-10-20 00:00:00+00:00,10303094.9068092,10303094.9068092,0.0,0.0,0.0,0.0,0,-0.052295874613261135,False,False,74,159
2006-10-23 00:00:00+00:00,10303094.9068092,10303094.9068092,0.0,0.0,0.0,0.0,0,-0.052295874613261135,False,False,74,159
2006-10-24 00:00:00+00:00,10303094.9068092,10303094.9068092,0.0,0.0,0.0,0.0,0,-0.052295874613261135,False,False,74,159
2006-10-25 00:00:00+00:00,10303094.9068092,10303094.9068092,0.0,0.0,0.0,0.0,0,-0.052295874613261135,False,False,74,159
2006-10-26 00:00:00+00:00,10303094.9068092,10303094.9068092,0.0,0.0,0.0,0.0,0,-0.052295874613261135,False,False,74,159
2006-10-27 00:00:00+00:00,10303094.9068092,10303094.9068092,0.0,0.0,0.0,0.0,0,-0.052295874613261135,False,False,74,159
2006-10-30 00:00:00+00:00,10303094.9068092,10303094.9068092,0.0,0.0,0.0,0.0,0,-0.052295874613261135,False,False,74,159
2006-10-31 00:00:00+00:00,10303094.9068092,10303094.9068092,0.0,0.0,0.0,0.0,0,-0.052295874613261135,False,False,74,159
2006-11-01 00:00:00+00:00,10303094.9068092,10303094.9068092,0.0,0.0,0.0,0.0,0,-0.052295874613261135,False,False,74,159
2006-11-02 00:00:00+00:00,10303094.9068092,10303094.9068092,0.0,0.0,0.0,0.0,0,-0.052295874613261135,False,False,74,159
2006-11-03 00:00:00+00:00,10303094.9068092,10303094.9068092,0.0,0.0,0.0,0.0,0,-0.052295874613261135,False,False,74,159
2006-11-06 00:00:00+00:00,10303094.9068092,10303094.9068092,0.0,0.0,0.0,0.0,0,-0.052295874613261135,False,False,74,159
2006-11-07 00:00:00+00:00,10323452.06010351,9885141.02518377,438311.03491973877,438311.03491973877,438311.03491973877,0.0,1,-0.05042337335682822,False,False,74,159
2006-11-08 00:00:00+00:00,10333829.240264032,9885141.02518377,448688.21508026123,448688.21508026123,448688.21508026123,0.0,1,-0.04946885468676249,False,False,74,159
2006-11-09 00:00:00+00:00,10347814.67090897,9931780.677989049,416033.9929199219,416033.9929199219,416033.9929199219,0.0,1,-0.04818244022223503,False,False,74,159
2006-11-10 00:00:00+00:00,10352599.67090897,9931780.677989049,420818.9929199219,420818.9929199219,420818.9929199219,0.0,1,-0.04774230409993467,False,False,74,159
2006-11-13 00:00:00+00:00,10346190.677989049,9931780.677989049,414410.0,414410.0,414410.0,0.0,1,-0.04833181910340904,False,False,74,159
2006-11-14 00:00:00+00:00,10341463.663828893,9931780.677989049,409682.98583984375,409682.98583984375,409682.98583984375,0.0,1,-0.048766621544894945,False,False,74,159
2006-11-15 00:00:00+00:00,10345726.685069127,9931780.677989049,413946.0070800781,413946.0070800781,413946.0070800781,0.0,1,-0.048374498318570845,False,False,74,159
2006-11-16 00:00:00+00:00,10343232.692149205,9931780.677989049,411452.01416015625,411452.01416015625,411452.01416015625,0.0,1,-0.048603901949254014,False,False,74,159
2006-11-17 00:00:00+00:00,10334822.692149205,9931780.677989049,403042.01416015625,403042.01416015625,403042.01416015625,0.0,1,-0.04937747452784252,False,False,74,159
2006-11-20 00:00:00+00:00,10347095.060898947,9527010.460570501,820084.6003284454,820084.6003284454,820084.6003284454,0.0,2,-0.04824863172889763,False,False,74,159
2006-11-21 00:00:00+00:00,10369294.925460987,8270017.951633625,2099276.973827362,2099276.973827362,2099276.973827362,0.0,5,-0.04620663333727183,False,False,74,159
2006-11-22 00:00:00+00:00,10371240.97122877,8270017.951633625,2101223.019595146,2101223.019595146,2101223.019595146,0.0,5,-0.04602763123945542,False,False,74,159
2006-11-23 00:00:00+00:00,10364197.792860476,8693015.514283625,1671182.278576851,1671182.278576851,1671182.278576851,0.0,4,-0.046675480187353215,False,False,74,159
2006-11-24 00:00:00+00:00,10372200.011685817,8693015.514283625,1679184.4974021912,1679184.4974021912,1679184.4974021912,0.0,4,-0.045939416328714934,False,False,74,160
2006-11-27 00:00:00+00:00,10376377.85350488,9956344.401219113,420033.4522857666,420033.4522857666,420033.4522857666,0.0,1,-0.045555128116003006,False,False,74,160
2006-11-28 00:00:00+00:00,10373359.372738583,9956344.401219113,417014.9715194702,417014.9715194702,417014.9715194702,0.0,1,-0.045832775434647914,False,False,74,160
2006-11-29 00:00:00+00:00,10384040.163571103,9956344.401219113,427695.76235198975,427695.76235198975,427695.76235198975,0.0,1,-0.044850329904840947,False,False,74,160
2006-11-30 00:00:00+00:00,10384959.283774082,10384959.283774082,0.0,0.0,0.0,0.0,0,-0.04476578695770048,False,False,74,160
2006-12-01 00:00:00+00:00,10387831.620710444,9967277.290247034,420554.3304634094,420554.3304634094,420554.3304634094,0.0,1,-0.044501582309610516,False,False,74,160
2006-12-04 00:00:00+00:00,10390746.932466578,9967277.290247034,423469.64221954346,423469.64221954346,423469.64221954346,0.0,1,-0.04423342473142003,False,False,74,160
2006-12-05 00:00:00+00:00,10392210.505569886,9548426.48833127,843784.017238617,843784.017238617,843784.017238617,0.0,2,-0.044098801661327375,False,False,74,161
2006-12-06 00:00:00+00:00,10388866.696623247,9977534.420336168,411332.27628707886,411332.27628707886,411332.27628707886,0.0,1,-0.04440637346978862,False,False,74,161
2006-12-07 00:00:00+00:00,10388315.58154909,9977534.420336168,410781.16121292114,410781.16121292114,410781.16121292114,0.0,1,-0.044457066395949756,False,False,74,161
2006-12-08 00:00:00+00:00,10384335.134704988,9977534.420336168,406800.7143688202,406800.7143688202,406800.7143688202,0.0,1,-0.04482319773116089,False,False,74,161
2006-12-11 00:00:00+00:00,10353112.81563649,9562353.308602188,790759.5070343018,790759.5070343018,790759.5070343018,0.0,2,-0.047695103780070726,False,False,74,161
2006-12-12 00:00:00+00:00,10300842.432622993,8732160.798450554,1568681.6341724396,1568681.6341724396,1568681.6341724396,0.0,4,-0.05250306275409676,False,False,74,163
2006-12-13 00:00:00+00:00,10293920.143648002,7820297.346452568,2473622.7971954346,2473622.7971954346,2473622.7971954346,0.0,6,-0.05313979199691705,False,False,74,164
2006-12-14 00:00:00+00:00,10339901.36343829,8224333.1363722505,2115568.22706604,2115568.22706604,2115568.22706604,0.0,5,-0.04891032579479846,False,False,74,164
2006-12-15 00:00:00+00:00,10383491.627323788,8224333.1363722505,2159158.490951538,2159158.490951538,2159158.490951538,0.0,5,-0.044900785624137574,False,False,74,164
2006-12-18 00:00:00+00:00,10343256.37989692,9113019.889021676,1230236.4908752441,1230236.4908752441,1230236.4908752441,0.0,3,-0.04860172309169386,False,False,74,165
2006-12-19 00:00:00+00:00,10325137.583504964,9498418.567467976,826719.0160369873,826719.0160369873,826719.0160369873,0.0,2,-0.050268334749939504,False,False,74,165
2006-12-20 00:00:00+00:00,10317095.816613484,9498418.567467976,818677.2491455078,818677.2491455078,818677.2491455078,0.0,2,-0.05100803633741269,False,False,74,165
2006-12-21 00:00:00+00:00,10325155.801430989,9498418.567467976,826737.2339630127,826737.2339630127,826737.2339630127,0.0,2,-0.050266659020092655,False,False,74,165
2006-12-22 00:00:00+00:00,10325466.02249496,9920765.261233974,404700.7612609863,404700.7612609863,404700.7612609863,0.0,1,-0.05023812412016532,False,False,74,165
2006-12-25 00:00:00+00:00,9920765.261233974,9920765.261233974,0.0,0.0,0.0,0.0,1,-0.08746350003519406,False,False,74,165
2006-12-26 00:00:00+00:00,10328233.52249496,9920765.261233974,407468.2612609863,407468.2612609863,407468.2612609863,0.0,1,-0.04998356263250257,False,False,74,165
2006-12-27 00:00:00+00:00,10311935.925569601,9512322.466055937,799613.4595136642,799613.4595136642,799613.4595136642,0.0,2,-0.05148265586417275,False,False,74,165
2006-12-28 00:00:00+00:00,10341212.800591536,9512322.466055937,828890.3345355988,828890.3345355988,828890.3345355988,0.0,2,-0.04878969656527486,False,False,74,165
2006-12-29 00:00:00+00:00,10337279.458357878,9512322.466055937,824956.9923019409,824956.9923019409,824956.9923019409,0.0,2,-0.04915149510203607,False,False,74,165
2007-01-01 00:00:00+00:00,9512322.466055937,9512322.466055937,0.0,0.0,0.0,0.0,2,-0.125033077475357,False,False,74,165
2007-01-02 00:00:00+00:00,10337279.458357878,9512322.466055937,824956.9923019409,824956.9923019409,824956.9923019409,0.0,2,-0.04915149510203607,False,False,74,165
2007-01-03 00:00:00+00:00,10319970.339274473,9512322.466055937,807647.8732185364,807647.8732185364,807647.8732185364,0.0,2,-0.05074363064097124,False,False,74,165
2007-01-04 00:00:00+00:00,10316256.891652128,9105362.072685262,1210894.8189668655,1210894.8189668655,1210894.8189668655,0.0,3,-0.051085202728090306,False,False,74,165
2007-01-05 00:00:00+00:00,10318190.089730907,8693094.913263012,1625095.1764678955,1625095.1764678955,1625095.1764678955,0.0,4,-0.05090738239245133,False,False,74,166
2007-01-08 00:00:00+00:00,10328353.789359335,9093325.225660566,1235028.5636987686,1235028.5636987686,1235028.5636987686,0.0,3,-0.04997250018917406,False,False,74,167
2007-01-09 00:00:00+00:00,10335167.589399397,9062537.070328772,1272630.5190706253,1272630.5190706253,1272630.5190706253,0.0,3,-0.049345750026632135,False,False,74,167
2007-01-10 00:00:00+00:00,10331406.954253187,9516144.80081462,815262.1534385681,815262.1534385681,815262.1534385681,0.0,2,-0.04969166253878246,False,False,74,167
2007-01-11 00:00:00+00:00,10330913.3619323,9098923.614530109,1231989.7474021912,1231989.7474021912,1231989.7474021912,0.0,3,-0.04973706437997631,False,False,74,168
2007-01-12 00:00:00+00:00,10363022.383646522,9917408.397043739,445613.9866027832,445613.9866027832,445613.9866027832,0.0,1,-0.04678359723093651,False,False,74,168
2007-01-15 00:00:00+00:00,10365654.205867471,10365654.205867471,0.0,0.0,0.0,0.0,0,-0.04654151572060995,False,False,74,168
2007-01-16 00:00:00+00:00,10365654.205867471,10365654.205867471,0.0,0.0,0.0,0.0,0,-0.04654151572060995,False,False,74,168
2007-01-17 00:00:00+00:00,10365654.205867471,10365654.205867471,0.0,0.0,0.0,0.0,0,-0.04654151572060995,False,False,74,168
2007-01-18 00:00:00+00:00,10365654.205867471,10365654.205867471,0.0,0.0,0.0,0.0,0,-0.04654151572060995,False,False,74,168
2007-01-19 00:00:00+00:00,10365654.205867471,10365654.205867471,0.0,0.0,0.0,0.0,0,-0.04654151572060995,False,False,74,168
2007-01-22 00:00:00+00:00,10365654.205867471,10365654.205867471,0.0,0.0,0.0,0.0,0,-0.04654151572060995,False,False,74,168
2007-01-23 00:00:00+00:00,10365654.205867471,10365654.205867471,0.0,0.0,0.0,0.0,0,-0.04654151572060995,False,False,74,168
2007-01-24 00:00:00+00:00,10365654.205867471,10365654.205867471,0.0,0.0,0.0,0.0,0,-0.04654151572060995,False,False,74,168
2007-01-25 00:00:00+00:00,10365654.205867471,10365654.205867471,0.0,0.0,0.0,0.0,0,-0.04654151572060995,False,False,74,168
2007-01-26 00:00:00+00:00,10365654.205867471,10365654.205867471,0.0,0.0,0.0,0.0,0,-0.04654151572060995,False,False,74,168
2007-01-29 00:00:00+00:00,10351436.872933408,9700459.903466245,650976.9694671631,650976.9694671631,650976.9694671631,0.0,1,-0.04784926113065208,False,False,74,169
2007-01-30 00:00:00+00:00,9700459.903466245,9700459.903466245,0.0,0.0,0.0,0.0,1,-0.10772773115115661,False,False,74,169
2007-01-31 00:00:00+00:00,10295283.459633641,9879288.85115891,415994.60847473145,415994.60847473145,415994.60847473145,0.0,1,-0.053014390824212956,False,False,74,169
2007-02-01 00:00:00+00:00,10298338.134209447,9879288.85115891,419049.2830505371,419049.2830505371,419049.2830505371,0.0,1,-0.05273341430954533,False,False,74,169
2007-02-02 00:00:00+00:00,10295838.85115891,9879288.85115891,416550.0,416550.0,416550.0,0.0,1,-0.05296330453951281,False,False,74,169
2007-02-05 00:00:00+00:00,10292150.510434942,9468873.026631193,823277.4838037491,823277.4838037491,823277.4838037491,0.0,2,-0.0533025672320874,False,False,74,169
2007-02-06 00:00:00+00:00,10320261.68892272,9468873.026631193,851388.6622915268,851388.6622915268,851388.6622915268,0.0,2,-0.05071683158048789,False,False,74,169
2007-02-07 00:00:00+00:00,10308940.417498427,9468873.026631193,840067.3908672333,840067.3908672333,840067.3908672333,0.0,2,-0.05175819009756174,False,False,74,169
2007-02-08 00:00:00+00:00,10312123.30369504,9468873.026631193,843250.2770638466,843250.2770638466,843250.2770638466,0.0,2,-0.05146542036123975,False,False,74,169
2007-02-09 00:00:00+00:00,10318189.497058468,9468873.026631193,849316.4704272747,849316.4704272747,849316.4704272747,0.0,2,-0.05090743690792661,False,False,74,169
2007-02-12 00:00:00+00:00,10286402.948314965,9891513.556789696,394889.39152526855,394889.39152526855,394889.39152526855,0.0,1,-0.053831242196385694,False,False,74,169
2007-02-13 00:00:00+00:00,10284459.056789696,9891513.556789696,392945.5,392945.5,392945.5,0.0,1,-0.054010046141653036,False,False,74,169
2007-02-14 00:00:00+00:00,10305936.890682677,9506298.952915648,799637.9377670288,799637.9377670288,799637.9377670288,0.0,2,-0.05203446191488864,False,False,74,171
2007-02-15 00:00:00+00:00,10315264.855802506,10315264.855802506,0.0,0.0,0.0,0.0,0,-0.05117645263656164,False,False,74,171
2007-02-16 00:00:00+00:00,10315264.855802506,10315264.855802506,0.0,0.0,0.0,0.0,0,-0.05117645263656164,False,False,74,171
2007-02-19 00:00:00+00:00,10315264.855802506,10315264.855802506,0.0,0.0,0.0,0.0,0,-0.05117645263656164,False,False,74,171
2007-02-20 00:00:00+00:00,10315264.855802506,10315264.855802506,0.0,0.0,0.0,0.0,0,-0.05117645263656164,False,False,74,171
2007-02-21 00:00:00+00:00,10305994.180940952,9897199.627718296,408794.55322265625,408794.55322265625,408794.55322265625,0.0,1,-0.05202919221538543,False,False,74,171
2007-02-22 00:00:00+00:00,10285710.118440952,9897199.627718296,388510.49072265625,388510.49072265625,388510.49072265625,0.0,1,-0.05389497039997227,False,False,74,172
2007-02-23 00:00:00+00:00,10214118.114597084,8606641.451633217,1607476.6629638672,1607476.6629638672,1607476.6629638672,0.0,4,-0.06048017979590796,False,False,74,173
2007-02-26 00:00:00+00:00,10168685.244743345,7740397.448165892,2428287.7965774536,2428287.7965774536,2428287.7965774536,0.0,6,-0.06465920741605452,False,False,76,174
2007-02-27 00:00:00+00:00,10160958.10231749,8119193.71887175,2041764.3834457397,2041764.3834457397,2041764.3834457397,0.0,5,-0.06536996906783689,False,False,76,174
2007-02-28 00:00:00+00:00,10115533.661431793,7716705.2572341,2398828.404197693,2398828.404197693,2398828.404197693,0.0,6,-0.06954822137067748,False,False,81,177
2007-03-01 00:00:00+00:00,10101613.221755186,8879295.374510923,1222317.8472442627,1222317.8472442627,1222317.8472442627,0.0,3,-0.0708286578053646,False,False,81,177
2007-03-02 00:00:00+00:00,10095149.15769878,8486452.740393788,1608696.4173049927,1608696.4173049927,1608696.4173049927,0.0,4,-0.07142323838803702,False,False,81,177
2007-03-05 00:00:00+00:00,10053116.689372234,8093516.990939311,1959599.6984329224,1959599.6984329224,1959599.6984329224,0.0,5,-0.07528948867433975,False,False,81,178
2007-03-06 00:00:00+00:00,10051596.406918764,5597115.630152941,4454480.776765823,4454480.776765823,4454480.776765823,0.0,11,-0.07542932801057205,False,False,81,178
2007-03-07 00:00:00+00:00,10001207.893658876,5597115.630152941,4404092.263505936,4404092.263505936,4404092.263505936,0.0,11,-0.08006418795512524,False,False,83,179
2007-03-08 00:00:00+00:00,10120701.555793095,5985939.170983601,4134762.384809494,4134762.384809494,4134762.384809494,0.0,10,-0.06907286567900738,False,False,83,179
2007-03-09 00:00:00+00:00,10092669.551954996,6423037.339682352,3669632.212272644,3669632.212272644,3669632.212272644,0.0,9,-0.07165131865071267,False,False,84,179
2007-03-12 00:00:00+00:00,10115210.219473407,6841879.138727709,3273331.080745697,3273331.080745697,3273331.080745697,0.0,8,-0.06957797236113797,False,False,84,179
2007-03-13 00:00:00+00:00,10133068.646886326,7660944.268294789,2472124.3785915375,2472124.3785915375,2472124.3785915375,0.0,6,-0.06793531008487781,False,False,84,179
2007-03-14 00:00:00+00:00,10078299.472101633,8068865.405830805,2009434.0662708282,2009434.0662708282,2009434.0662708282,0.0,5,-0.0729731140997839,False,False,84,179
2007-03-15 00:00:00+00:00,10078250.942068521,8068865.405830805,2009385.5362377167,2009385.5362377167,2009385.5362377167,0.0,5,-0.07297757801213266,False,False,84,179
2007-03-16 00:00:00+00:00,10066891.65100712,8068865.405830805,1998026.2451763153,1998026.2451763153,1998026.2451763153,0.0,5,-0.07402243366936281,False,False,84,179
2007-03-19 00:00:00+00:00,10100840.10211796,8068865.405830805,2031974.6962871552,2031974.6962871552,2031974.6962871552,0.0,5,-0.07089977125974353,False,False,84,179
2007-03-20 00:00:00+00:00,10117819.418563502,8494172.229301112,1623647.1892623901,1623647.1892623901,1623647.1892623901,0.0,4,-0.06933797178228235,False,False,84,179
2007-03-21 00:00:00+00:00,10120510.851142295,9314018.838446982,806492.0126953125,806492.0126953125,806492.0126953125,0.0,2,-0.06909040716396203,False,False,84,179
2007-03-22 00:00:00+00:00,10142271.532481141,9709995.538828798,432275.99365234375,432275.99365234375,432275.99365234375,0.0,1,-0.06708880593029565,False,False,84,179
2007-03-23 00:00:00+00:00,10141816.953528797,10141816.953528797,0.0,0.0,0.0,0.0,0,-0.06713061922546056,False,False,84,179
2007-03-26 00:00:00+00:00,10141816.953528797,10141816.953528797,0.0,0.0,0.0,0.0,0,-0.06713061922546056,False,False,84,179
2007-03-27 00:00:00+00:00,10141816.953528797,10141816.953528797,0.0,0.0,0.0,0.0,0,-0.06713061922546056,False,False,84,179
2007-03-28 00:00:00+00:00,10141816.953528797,10141816.953528797,0.0,0.0,0.0,0.0,0,-0.06713061922546056,False,False,84,179
2007-03-29 00:00:00+00:00,10130454.890113724,9731532.147460831,398922.74265289307,398922.74265289307,398922.74265289307,0.0,1,-0.06817572989063107,False,False,84,179
2007-03-30 00:00:00+00:00,10119923.201728594,8914630.854392778,1205292.3473358154,1205292.3473358154,1205292.3473358154,0.0,3,-0.06914446060893978,False,False,84,179
2007-04-02 00:00:00+00:00,10053932.612964403,8914630.854392778,1139301.7585716248,1139301.7585716248,1139301.7585716248,0.0,3,-0.0752144380064295,False,False,84,181
2007-04-03 00:00:00+00:00,10016729.123126736,8852675.342872372,1164053.780254364,1164053.780254364,1164053.780254364,0.0,3,-0.0786365069203671,False,False,84,181
2007-04-04 00:00:00+00:00,10015237.78912317,8449355.408179872,1565882.3809432983,1565882.3809432983,1565882.3809432983,0.0,4,-0.07877368350665427,False,False,84,181
2007-04-05 00:00:00+00:00,10039421.635272615,8449355.408179872,1590066.227092743,1590066.227092743,1590066.227092743,0.0,4,-0.07654919358679536,False,False,84,181
2007-04-09 00:00:00+00:00,10069595.003970735,8449355.408179872,1620239.595790863,1620239.595790863,1620239.595790863,0.0,4,-0.07377377258459483,False,False,84,181
2007-04-10 00:00:00+00:00,10073942.990566319,8876606.994239872,1197335.9963264465,1197335.9963264465,1197335.9963264465,0.0,3,-0.07337383403496175,False,False,84,181
2007-04-11 00:00:00+00:00,10065144.280616825,8876606.994239872,1188537.2863769531,1188537.2863769531,1188537.2863769531,0.0,3,-0.07418316111509039,False,False,84,181
2007-04-12 00:00:00+00:00,10054688.88130576,8876606.994239872,1178081.8870658875,1178081.8870658875,1178081.8870658875,0.0,3,-0.07514487457587916,False,False,84,181
2007-04-13 00:00:00+00:00,10083429.897224491,8876606.994239872,1206822.9029846191,1206822.9029846191,1206822.9029846191,0.0,3,-0.07250120492124106,False,False,84,181
2007-04-16 00:00:00+00:00,10081678.411874093,9298067.65207795,783610.7597961426,783610.7597961426,783610.7597961426,0.0,2,-0.07266231087116587,False,False,84,181
2007-04-17 00:00:00+00:00,10062313.906976022,9298067.65207795,764246.2548980713,764246.2548980713,764246.2548980713,0.0,2,-0.07444350587557617,False,False,84,181
2007-04-18 00:00:00+00:00,10074408.637383737,9298067.65207795,776340.9853057861,776340.9853057861,776340.9853057861,0.0,2,-0.07333100269022198,False,False,84,181
2007-04-19 00:00:00+00:00,10081022.664323129,9298067.65207795,782955.0122451782,782955.0122451782,782955.0122451782,0.0,2,-0.07272262815105916,False,False,84,181
2007-04-20 00:00:00+00:00,10078243.940143807,9716797.9327967,361446.00734710693,361446.00734710693,361446.00734710693,0.0,1,-0.07297822206646751,False,False,84,181
2007-04-23 00:00:00+00:00,10081694.692592843,9716797.9327967,364896.7597961426,364896.7597961426,364896.7597961426,0.0,1,-0.07266081333043052,False,False,84,181
2007-04-24 00:00:00+00:00,10118208.436470253,9716797.9327967,401410.50367355347,401410.50367355347,401410.50367355347,0.0,1,-0.06930218895407274,False,False,84,181
2007-04-25 00:00:00+00:00,10157059.74930486,10157059.74930486,0.0,0.0,0.0,0.0,0,-0.06572854920959997,False,False,84,181
2007-04-26 00:00:00+00:00,10157059.74930486,10157059.74930486,0.0,0.0,0.0,0.0,0,-0.06572854920959997,False,False,84,181
2007-04-27 00:00:00+00:00,10157059.74930486,10157059.74930486,0.0,0.0,0.0,0.0,0,-0.06572854920959997,False,False,84,181
2007-04-30 00:00:00+00:00,10157059.74930486,10157059.74930486,0.0,0.0,0.0,0.0,0,-0.06572854920959997,False,False,84,181
2007-05-01 00:00:00+00:00,10157059.74930486,10157059.74930486,0.0,0.0,0.0,0.0,0,-0.06572854920959997,False,False,84,181
2007-05-02 00:00:00+00:00,10157059.74930486,10157059.74930486,0.0,0.0,0.0,0.0,0,-0.06572854920959997,False,False,84,181
2007-05-03 00:00:00+00:00,10157059.74930486,10157059.74930486,0.0,0.0,0.0,0.0,0,-0.06572854920959997,False,False,84,181
2007-05-04 00:00:00+00:00,10157059.74930486,10157059.74930486,0.0,0.0,0.0,0.0,0,-0.06572854920959997,False,False,84,181
2007-05-07 00:00:00+00:00,10157059.74930486,10157059.74930486,0.0,0.0,0.0,0.0,0,-0.06572854920959997,False,False,84,181
2007-05-08 00:00:00+00:00,10157059.74930486,10157059.74930486,0.0,0.0,0.0,0.0,0,-0.06572854920959997,False,False,84,181
2007-05-09 00:00:00+00:00,10157059.74930486,10157059.74930486,0.0,0.0,0.0,0.0,0,-0.06572854920959997,False,False,84,181
2007-05-10 00:00:00+00:00,10157059.74930486,10157059.74930486,0.0,0.0,0.0,0.0,0,-0.06572854920959997,False,False,84,181
2007-05-11 00:00:00+00:00,10152158.463283781,9749400.27946115,402758.18382263184,402758.18382263184,402758.18382263184,0.0,1,-0.06617938160742716,False,False,84,182
2007-05-14 00:00:00+00:00,10142907.21003167,10142907.21003167,0.0,0.0,0.0,0.0,0,-0.06703033473862942,False,False,84,182
2007-05-15 00:00:00+00:00,10142907.21003167,10142907.21003167,0.0,0.0,0.0,0.0,0,-0.06703033473862942,False,False,84,182
2007-05-16 00:00:00+00:00,10142907.21003167,10142907.21003167,0.0,0.0,0.0,0.0,0,-0.06703033473862942,False,False,84,182
2007-05-17 00:00:00+00:00,10142907.21003167,10142907.21003167,0.0,0.0,0.0,0.0,0,-0.06703033473862942,False,False,84,182
2007-05-18 00:00:00+00:00,10142907.21003167,10142907.21003167,0.0,0.0,0.0,0.0,0,-0.06703033473862942,False,False,84,182
2007-05-21 00:00:00+00:00,10142907.21003167,10142907.21003167,0.0,0.0,0.0,0.0,0,-0.06703033473862942,False,False,84,182
2007-05-22 00:00:00+00:00,10142907.21003167,10142907.21003167,0.0,0.0,0.0,0.0,0,-0.06703033473862942,False,False,84,182
2007-05-23 00:00:00+00:00,10134714.332465233,9329235.233954491,805479.0985107422,805479.0985107422,805479.0985107422,0.0,2,-0.0677839358593343,False,False,84,182
2007-05-24 00:00:00+00:00,10129293.635443749,9329235.233954491,800058.4014892578,800058.4014892578,800058.4014892578,0.0,2,-0.06828254496428754,False,False,84,182
2007-05-25 00:00:00+00:00,10129699.296454491,9329235.233954491,800464.0625,800464.0625,800464.0625,0.0,2,-0.06824523126225274,False,False,84,182
2007-05-28 00:00:00+00:00,10142384.260443749,9329235.233954491,813149.0264892578,813149.0264892578,813149.0264892578,0.0,2,-0.067078436933778,False,False,84,182
2007-05-29 00:00:00+00:00,10137756.519965233,9329235.233954491,808521.2860107422,808521.2860107422,808521.2860107422,0.0,2,-0.0675041079367511,False,False,84,182
2007-05-30 00:00:00+00:00,10141333.376959862,9329235.233954491,812098.1430053711,812098.1430053711,812098.1430053711,0.0,2,-0.06717509979304392,False,False,84,182
2007-05-31 00:00:00+00:00,10149556.519965233,9329235.233954491,820321.2860107422,820321.2860107422,820321.2860107422,0.0,2,-0.066418714782489,False,False,84,182
2007-06-01 00:00:00+00:00,10152780.398444237,9329235.233954491,823545.1644897461,823545.1644897461,823545.1644897461,0.0,2,-0.06612217447475308,False,False,84,182
2007-06-04 00:00:00+00:00,10147288.65344912,9329235.233954491,818053.4194946289,818053.4194946289,818053.4194946289,0.0,2,-0.0666273187478593,False,False,84,182
2007-06-05 00:00:00+00:00,10158000.858954491,9329235.233954491,828765.625,828765.625,828765.625,0.0,2,-0.06564198361882721,False,False,84,182
2007-06-06 00:00:00+00:00,10147399.296454491,9329235.233954491,818164.0625,818164.0625,818164.0625,0.0,2,-0.06661714153085957,False,False,84,182
2007-06-07 00:00:00+00:00,10154929.61107741,8944186.498597246,1210743.1124801636,1210743.1124801636,1210743.1124801636,0.0,3,-0.06592448458669388,False,False,84,183
2007-06-08 00:00:00+00:00,10136478.429688139,9355908.411682768,780570.0180053711,780570.0180053711,780570.0180053711,0.0,2,-0.06762166983821612,False,False,84,183
2007-06-11 00:00:00+00:00,10117221.744912306,8532764.261796156,1584457.48311615,1584457.48311615,1584457.48311615,0.0,4,-0.06939294728139177,False,False,84,183
2007-06-12 00:00:00+00:00,10097390.596116224,8532764.261796156,1564626.3343200684,1564626.3343200684,1564626.3343200684,0.0,4,-0.07121706534447822,False,False,84,183
2007-06-13 00:00:00+00:00,10105829.689950148,8532764.261796156,1573065.4281539917,1573065.4281539917,1573065.4281539917,0.0,4,-0.0704408166431633,False,False,84,183
2007-06-14 00:00:00+00:00,10120934.443238417,8532764.261796156,1588170.1814422607,1588170.1814422607,1588170.1814422607,0.0,4,-0.06905144411639166,False,False,84,183
2007-06-15 00:00:00+00:00,10123029.885926405,8532764.261796156,1590265.624130249,1590265.624130249,1590265.624130249,0.0,4,-0.06885870012073989,False,False,84,183
2007-06-18 00:00:00+00:00,10113649.976304213,8532764.261796156,1580885.7145080566,1580885.7145080566,1580885.7145080566,0.0,4,-0.06972148738273352,False,False,84,183
2007-06-19 00:00:00+00:00,10136178.535264174,8532764.261796156,1603414.2734680176,1603414.2734680176,1603414.2734680176,0.0,4,-0.06764925486828166,False,False,84,183
2007-06-20 00:00:00+00:00,10158312.294247562,8126033.979306156,2032278.3149414062,2032278.3149414062,2032278.3149414062,0.0,5,-0.0656133370311073,False,False,84,183
2007-06-21 00:00:00+00:00,10157753.397342553,9757366.205875268,400387.19146728516,400387.19146728516,400387.19146728516,0.0,1,-0.06566474574929669,False,False,84,183
2007-06-22 00:00:00+00:00,10155778.713809839,9757366.205875268,398412.5079345703,398412.5079345703,398412.5079345703,0.0,1,-0.06584638201948675,False,False,84,183
2007-06-25 00:00:00+00:00,10150815.830875268,9757366.205875268,393449.625,393449.625,393449.625,0.0,1,-0.06630288025360428,False,False,84,183
2007-06-26 00:00:00+00:00,10149417.830875268,9757366.205875268,392051.625,392051.625,392051.625,0.0,1,-0.06643147174764313,False,False,84,183
2007-06-27 00:00:00+00:00,10160862.84340453,9343116.43040633,817746.4129981995,817746.4129981995,817746.4129981995,0.0,2,-0.06537873121800718,False,False,84,183
2007-06-28 00:00:00+00:00,10168302.857442139,9343116.43040633,825186.4270358086,825186.4270358086,825186.4270358086,0.0,2,-0.06469438034478388,False,False,84,183
2007-06-29 00:00:00+00:00,10165665.260930153,9763967.444462867,401697.81646728516,401697.81646728516,401697.81646728516,0.0,1,-0.06493699298866654,False,False,84,183
2007-07-02 00:00:00+00:00,10160457.702397438,9763967.444462867,396490.2579345703,396490.2579345703,396490.2579345703,0.0,1,-0.06541599708882144,False,False,84,183
2007-07-03 00:00:00+00:00,10158063.635930153,9763967.444462867,394096.19146728516,394096.19146728516,394096.19146728516,0.0,1,-0.06563620923750278,False,False,84,183
2007-07-04 00:00:00+00:00,10154586.127995582,9763967.444462867,390618.68353271484,390618.68353271484,390618.68353271484,0.0,1,-0.06595607900920403,False,False,84,183
2007-07-05 00:00:00+00:00,10152489.127995582,9763967.444462867,388521.68353271484,388521.68353271484,388521.68353271484,0.0,1,-0.0661489662502623,False,False,84,183
2007-07-06 00:00:00+00:00,10168915.627995582,9763967.444462867,404948.18353271484,404948.18353271484,404948.18353271484,0.0,1,-0.06463801619530582,False,False,84,183
2007-07-09 00:00:00+00:00,10171744.784942511,10171744.784942511,0.0,0.0,0.0,0.0,0,-0.0643777833493287,False,False,84,183
2007-07-10 00:00:00+00:00,10171744.784942511,10171744.784942511,0.0,0.0,0.0,0.0,0,-0.0643777833493287,False,False,84,183
2007-07-11 00:00:00+00:00,10171744.784942511,10171744.784942511,0.0,0.0,0.0,0.0,0,-0.0643777833493287,False,False,84,183
2007-07-12 00:00:00+00:00,10171744.784942511,10171744.784942511,0.0,0.0,0.0,0.0,0,-0.0643777833493287,False,False,84,183
2007-07-13 00:00:00+00:00,10171744.784942511,10171744.784942511,0.0,0.0,0.0,0.0,0,-0.0643777833493287,False,False,84,183
2007-07-16 00:00:00+00:00,10171744.784942511,10171744.784942511,0.0,0.0,0.0,0.0,0,-0.0643777833493287,False,False,84,183
2007-07-17 00:00:00+00:00,10171744.784942511,10171744.784942511,0.0,0.0,0.0,0.0,0,-0.0643777833493287,False,False,84,183
2007-07-18 00:00:00+00:00,10171744.784942511,10171744.784942511,0.0,0.0,0.0,0.0,0,-0.0643777833493287,False,False,84,183
2007-07-19 00:00:00+00:00,10171744.784942511,10171744.784942511,0.0,0.0,0.0,0.0,0,-0.0643777833493287,False,False,84,183
2007-07-20 00:00:00+00:00,10171744.784942511,10171744.784942511,0.0,0.0,0.0,0.0,0,-0.0643777833493287,False,False,84,183
2007-07-23 00:00:00+00:00,10171744.784942511,10171744.784942511,0.0,0.0,0.0,0.0,0,-0.0643777833493287,False,False,84,183
2007-07-24 00:00:00+00:00,10157749.948621735,8946373.17978762,1211376.768834114,1211376.768834114,1211376.768834114,0.0,3,-0.06566506297115832,False,False,84,183
2007-07-25 00:00:00+00:00,10165172.49325532,8539612.486277284,1625560.006978035,1625560.006978035,1625560.006978035,0.0,4,-0.0649823189768789,False,False,84,183
2007-07-26 00:00:00+00:00,10200653.855638208,8539612.486277284,1661041.3693609238,1661041.3693609238,1661041.3693609238,0.0,4,-0.0617186556010924,False,False,84,183
2007-07-27 00:00:00+00:00,10161342.73801804,8136412.013941292,2024930.724076748,2024930.724076748,2024930.724076748,0.0,5,-0.06533458932578082,False,False,84,183
2007-07-30 00:00:00+00:00,10167710.556096805,7320674.999630226,2847035.5564665794,2847035.5564665794,2847035.5564665794,0.0,7,-0.06474886168592668,False,False,84,183
2007-07-31 00:00:00+00:00,10249759.69940365,7760296.7488135155,2489462.9505901337,2489462.9505901337,2489462.9505901337,0.0,6,-0.05720177876573014,False,False,85,183
2007-08-01 00:00:00+00:00,10179994.367810674,8194328.16602654,1985666.201784134,1985666.201784134,1985666.201784134,0.0,5,-0.06361896633486924,False,False,85,183
2007-08-02 00:00:00+00:00,10216210.710316338,7382815.163033165,2833395.5472831726,2833395.5472831726,2833395.5472831726,0.0,7,-0.06028769767147439,False,False,86,183
2007-08-03 00:00:00+00:00,10240806.691097893,7382815.163033165,2857991.528064728,2857991.528064728,2857991.528064728,0.0,7,-0.05802529858989283,False,False,86,183
2007-08-06 00:00:00+00:00,10226092.250799812,7382815.163033165,2843277.0877666473,2843277.0877666473,2843277.0877666473,0.0,7,-0.059378769163480546,False,False,86,184
2007-08-07 00:00:00+00:00,10245040.462897226,7776181.392750665,2468859.0701465607,2468859.0701465607,2468859.0701465607,0.0,6,-0.05763586579940941,False,False,86,184
2007-08-08 00:00:00+00:00,10266572.9174482,8184728.98109261,2081843.9363555908,2081843.9363555908,2081843.9363555908,0.0,5,-0.0556552574295715,False,False,86,184
2007-08-09 00:00:00+00:00,10248195.181436026,9025112.849721396,1223082.3317146301,1223082.3317146301,1223082.3317146301,0.0,3,-0.0573456869938469,False,False,86,184
2007-08-10 00:00:00+00:00,10232623.456178153,9025112.849721396,1207510.6064567566,1207510.6064567566,1207510.6064567566,0.0,3,-0.05877801275613049,False,False,86,184
2007-08-13 00:00:00+00:00,10253336.920537436,9025112.849721396,1228224.07081604,1228224.07081604,1228224.07081604,0.0,3,-0.0568727371276035,False,False,86,184
2007-08-14 00:00:00+00:00,10253781.398007834,9025112.849721396,1228668.548286438,1228668.548286438,1228668.548286438,0.0,3,-0.056831852991705734,False,False,86,184
2007-08-15 00:00:00+00:00,9025112.849721396,9025112.849721396,0.0,0.0,0.0,0.0,3,-0.16984782173469426,False,False,86,184
2007-08-16 00:00:00+00:00,10202396.139916861,9025112.849721396,1177283.290195465,1177283.290195465,1177283.290195465,0.0,3,-0.06155839598847977,False,False,86,185
2007-08-17 00:00:00+00:00,10200304.304060938,7779807.865810873,2420496.438250065,2420496.438250065,2420496.438250065,0.0,6,-0.061750808218806845,False,False,91,186
2007-08-20 00:00:00+00:00,10244202.497069173,8176467.773275666,2067734.7237935066,2067734.7237935066,2067734.7237935066,0.0,5,-0.0577129439666361,False,False,91,186
2007-08-21 00:00:00+00:00,10216824.873278806,8623864.370807836,1592960.5024709702,1592960.5024709702,1592960.5024709702,0.0,4,-0.06023120544477401,False,False,91,186
2007-08-22 00:00:00+00:00,10245284.456361594,8212082.993667902,2033201.4626936913,2033201.4626936913,2033201.4626936913,0.0,5,-0.05761342267772219,False,False,91,186
2007-08-23 00:00:00+00:00,10244074.39881164,8212082.993667902,2031991.4051437378,2031991.4051437378,2031991.4051437378,0.0,5,-0.05772472676085631,False,False,91,186
2007-08-24 00:00:00+00:00,10277998.158748155,7378746.089589125,2899252.069159031,2899252.069159031,2899252.069159031,0.0,7,-0.0546043355064559,False,False,91,186
2007-08-27 00:00:00+00:00,10333109.643918704,7820409.019694996,2512700.624223709,2512700.624223709,2512700.624223709,0.0,6,-0.049535044936512555,False,False,91,186
2007-08-28 00:00:00+00:00,10342580.317391861,8703637.655126084,1638942.6622657776,1638942.6622657776,1638942.6622657776,0.0,4,-0.048663908991256936,False,False,91,186
2007-08-29 00:00:00+00:00,10342534.073792923,8703637.655126084,1638896.4186668396,1638896.4186668396,1638896.4186668396,0.0,4,-0.04866816259174132,False,False,91,186
2007-08-30 00:00:00+00:00,10337621.258687485,8703637.655126084,1633983.6035614014,1633983.6035614014,1633983.6035614014,0.0,4,-0.049120055463232684,False,False,91,186
2007-08-31 00:00:00+00:00,10359843.469289292,8703637.655126084,1656205.814163208,1656205.814163208,1656205.814163208,0.0,4,-0.047076001627658806,False,False,91,186
2007-09-03 00:00:00+00:00,9936403.253712233,9515347.253712233,421056.0,421056.0,421056.0,0.0,2,-0.086025078850253,False,False,91,186
2007-09-04 00:00:00+00:00,10385351.101852272,9944833.509322975,440517.5925292969,440517.5925292969,440517.5925292969,0.0,1,-0.04472974656280356,False,False,91,186
2007-09-05 00:00:00+00:00,10389474.138225244,10389474.138225244,0.0,0.0,0.0,0.0,0,-0.044350499490430836,False,False,91,186
2007-09-06 00:00:00+00:00,10389474.138225244,10389474.138225244,0.0,0.0,0.0,0.0,0,-0.044350499490430836,False,False,91,186
2007-09-07 00:00:00+00:00,10389474.138225244,10389474.138225244,0.0,0.0,0.0,0.0,0,-0.044350499490430836,False,False,91,186
2007-09-10 00:00:00+00:00,10389474.138225244,10389474.138225244,0.0,0.0,0.0,0.0,0,-0.044350499490430836,False,False,91,186
2007-09-11 00:00:00+00:00,10389474.138225244,10389474.138225244,0.0,0.0,0.0,0.0,0,-0.044350499490430836,False,False,91,186
2007-09-12 00:00:00+00:00,10389474.138225244,10389474.138225244,0.0,0.0,0.0,0.0,0,-0.044350499490430836,False,False,91,186
2007-09-13 00:00:00+00:00,10389474.138225244,10389474.138225244,0.0,0.0,0.0,0.0,0,-0.044350499490430836,False,False,91,186
2007-09-14 00:00:00+00:00,10389474.138225244,10389474.138225244,0.0,0.0,0.0,0.0,0,-0.044350499490430836,False,False,91,186
2007-09-17 00:00:00+00:00,10389474.138225244,10389474.138225244,0.0,0.0,0.0,0.0,0,-0.044350499490430836,False,False,91,186
2007-09-18 00:00:00+00:00,10389474.138225244,10389474.138225244,0.0,0.0,0.0,0.0,0,-0.044350499490430836,False,False,91,186
2007-09-19 00:00:00+00:00,10389474.138225244,10389474.138225244,0.0,0.0,0.0,0.0,0,-0.044350499490430836,False,False,91,186
2007-09-20 00:00:00+00:00,10389474.138225244,10389474.138225244,0.0,0.0,0.0,0.0,0,-0.044350499490430836,False,False,91,186
2007-09-21 00:00:00+00:00,10389474.138225244,10389474.138225244,0.0,0.0,0.0,0.0,0,-0.044350499490430836,False,False,91,186
2007-09-24 00:00:00+00:00,10380837.033884143,9961332.714521503,419504.3193626404,419504.3193626404,419504.3193626404,0.0,1,-0.045144961687420535,False,False,91,186
2007-09-25 00:00:00+00:00,10372853.964521503,9961332.714521503,411521.25,411521.25,411521.25,0.0,1,-0.0458792641311671,False,False,91,186
2007-09-26 00:00:00+00:00,10381061.888296222,9961332.714521503,419729.17377471924,419729.17377471924,419729.17377471924,0.0,1,-0.04512427902304969,False,False,91,186
2007-09-27 00:00:00+00:00,10383423.082658863,9961332.714521503,422090.3681373596,422090.3681373596,422090.3681373596,0.0,1,-0.044907090531770694,False,False,91,186
2007-09-28 00:00:00+00:00,10387695.728246784,9961332.714521503,426363.01372528076,426363.01372528076,426363.01372528076,0.0,1,-0.044514082034167485,False,False,91,186
2007-10-01 00:00:00+00:00,10376002.200796222,9961332.714521503,414669.48627471924,414669.48627471924,414669.48627471924,0.0,1,-0.0455896815802705,False,False,91,186
2007-10-02 00:00:00+00:00,9961332.714521503,9961332.714521503,0.0,0.0,0.0,0.0,1,-0.08373200545179306,False,False,91,186
2007-10-03 00:00:00+00:00,10371954.478246784,9961332.714521503,410621.76372528076,410621.76372528076,410621.76372528076,0.0,1,-0.04596200110107668,False,False,91,186
2007-10-04 00:00:00+00:00,10361014.029557006,9519456.90919687,841557.120360136,841557.120360136,841557.120360136,0.0,2,-0.04696833060213094,False,False,91,186
2007-10-05 00:00:00+00:00,10356994.573350446,9519456.90919687,837537.6641535759,837537.6641535759,837537.6641535759,0.0,2,-0.04733805011488151,False,False,91,186
2007-10-08 00:00:00+00:00,10364701.376535194,9519456.90919687,845244.4673383236,845244.4673383236,845244.4673383236,0.0,2,-0.04662915931674841,False,False,91,186
2007-10-09 00:00:00+00:00,10349817.967272183,9518929.99995651,830887.9673156738,830887.9673156738,830887.9673156738,0.0,2,-0.04799817207320209,False,False,91,186
2007-10-10 00:00:00+00:00,10357789.683191678,9518929.99995651,838859.6832351685,838859.6832351685,838859.6832351685,0.0,2,-0.04726491394720703,False,False,91,186
2007-10-11 00:00:00+00:00,10356404.623726055,9526991.762619182,829412.8611068726,829412.8611068726,829412.8611068726,0.0,2,-0.047392315138921656,False,False,91,186
2007-10-12 00:00:00+00:00,10333437.499656841,9526991.762619182,806445.7370376587,806445.7370376587,806445.7370376587,0.0,2,-0.04950488795568549,False,False,91,186
2007-10-15 00:00:00+00:00,10331338.234832928,9526991.762619182,804346.4722137451,804346.4722137451,804346.4722137451,0.0,2,-0.049697983520843036,False,False,91,186
2007-10-16 00:00:00+00:00,10337254.887321636,9526991.762619182,810263.1247024536,810263.1247024536,810263.1247024536,0.0,2,-0.04915375520665727,False,False,91,186
2007-10-17 00:00:00+00:00,10308214.958908245,9526991.762619182,781223.1962890625,781223.1962890625,781223.1962890625,0.0,2,-0.05182491957107731,False,False,91,188
2007-10-18 00:00:00+00:00,10319374.354090855,9907917.215157673,411457.13893318176,411457.13893318176,411457.13893318176,0.0,1,-0.05079845083066121,False,False,91,188
2007-10-19 00:00:00+00:00,10290750.40739678,9066810.137928711,1223940.269468069,1223940.269468069,1223940.269468069,0.0,3,-0.05343135216877237,False,False,91,188
2007-10-22 00:00:00+00:00,10318372.570366131,9066810.137928711,1251562.43243742,1251562.43243742,1251562.43243742,0.0,3,-0.05089059737276849,False,False,91,188
2007-10-23 00:00:00+00:00,10317452.986190306,9066810.137928711,1250642.8482615948,1250642.8482615948,1250642.8482615948,0.0,3,-0.05097518299727768,False,False,91,188
2007-10-24 00:00:00+00:00,10349553.43266009,9066810.137928711,1282743.2947313786,1282743.2947313786,1282743.2947313786,0.0,3,-0.04802250462040813,False,False,91,188
2007-10-25 00:00:00+00:00,10350032.08625354,9521417.997982638,828614.0882709026,828614.0882709026,828614.0882709026,0.0,2,-0.047978476880273006,False,False,91,188
2007-10-26 00:00:00+00:00,10354746.701964753,9521417.997982638,833328.7039821148,833328.7039821148,833328.7039821148,0.0,2,-0.04754481487875383,False,False,91,188
2007-10-29 00:00:00+00:00,10351299.758427756,9521417.997982638,829881.760445118,829881.760445118,829881.760445118,0.0,2,-0.04786187326165082,False,False,91,188
2007-10-30 00:00:00+00:00,10342096.212861197,9521417.997982638,820678.2148785591,820678.2148785591,820678.2148785591,0.0,2,-0.04870843812206457,False,False,91,188
2007-10-31 00:00:00+00:00,10343738.64477791,9521417.997982638,822320.6467952728,822320.6467952728,822320.6467952728,0.0,2,-0.048557363176408415,False,False,91,188
2007-11-01 00:00:00+00:00,10331178.266308682,9521417.997982638,809760.2683260441,809760.2683260441,809760.2683260441,0.0,2,-0.04971269782093741,False,False,91,188
2007-11-02 00:00:00+00:00,10336061.460632296,8701021.12780306,1635040.332829237,1635040.332829237,1635040.332829237,0.0,4,-0.04926352954214228,False,False,91,188
2007-11-05 00:00:00+00:00,10331107.815808507,8701021.12780306,1630086.6880054474,1630086.6880054474,1630086.6880054474,0.0,4,-0.0497191780320056,False,False,91,188
2007-11-06 00:00:00+00:00,10333317.502464667,8286567.078878059,2046750.423586607,2046750.423586607,2046750.423586607,0.0,5,-0.04951592559389876,False,False,91,188
2007-11-07 00:00:00+00:00,10315547.010058299,8286567.078878059,2028979.9311802387,2028979.9311802387,2028979.9311802387,0.0,5,-0.05115049939099528,False,False,91,188
2007-11-08 00:00:00+00:00,10291328.062100306,8286567.078878059,2004760.9832222462,2004760.9832222462,2004760.9832222462,0.0,5,-0.05337821806193049,False,False,91,189
2007-11-09 00:00:00+00:00,8673742.86556251,8673742.86556251,0.0,0.0,0.0,0.0,4,-0.20216770100751136,False,False,91,189
2007-11-12 00:00:00+00:00,10287898.759893948,8268545.793239409,2019352.966654539,2019352.966654539,2019352.966654539,0.0,5,-0.05369365375164886,False,False,91,189
2007-11-13 00:00:00+00:00,10243803.618054036,6198461.069797163,4045342.548256874,4045342.548256874,4045342.548256874,0.0,10,-0.057749633843958814,False,False,92,189
2007-11-14 00:00:00+00:00,10319081.325179122,6626281.81911113,3692799.5060679913,3692799.5060679913,3692799.5060679913,0.0,9,-0.050825404353948916,False,False,92,189
2007-11-15 00:00:00+00:00,10342924.309256576,6626281.81911113,3716642.490145445,3716642.490145445,3716642.490145445,0.0,9,-0.048632267769639706,False,False,92,189
2007-11-16 00:00:00+00:00,10357920.907766582,7068655.603381874,3289265.3043847084,3289265.3043847084,3289265.3043847084,0.0,8,-0.047252843586590695,False,False,92,190
2007-11-19 00:00:00+00:00,10422928.500123285,7928477.523942493,2494450.976180792,2494450.976180792,2494450.976180792,0.0,6,-0.04127328462735116,False,False,92,190
2007-11-20 00:00:00+00:00,10389108.015626816,9192654.48658934,1196453.5290374756,1196453.5290374756,1196453.5290374756,0.0,3,-0.04438417635161344,False,False,92,190
2007-11-21 00:00:00+00:00,10370104.812761215,9192654.48658934,1177450.326171875,1177450.326171875,1177450.326171875,0.0,3,-0.046132137902408096,False,False,92,191
2007-11-22 00:00:00+00:00,10370682.773390722,9581327.674300145,789355.0990905762,789355.0990905762,789355.0990905762,0.0,2,-0.0460789756557387,False,False,92,191
2007-11-23 00:00:00+00:00,10381761.529509496,9581327.674300145,800433.8552093506,800433.8552093506,800433.8552093506,0.0,2,-0.04505992429564911,False,False,92,191
2007-11-26 00:00:00+00:00,10396691.545393895,9581327.674300145,815363.87109375,815363.87109375,815363.87109375,0.0,2,-0.04368662454700913,False,False,92,191
2007-11-27 00:00:00+00:00,10397371.272878084,10002975.23550931,394396.0373687744,394396.0373687744,394396.0373687744,0.0,1,-0.04362410153361061,False,False,92,191
2007-11-28 00:00:00+00:00,10396281.060246859,10002975.23550931,393305.8247375488,393305.8247375488,393305.8247375488,0.0,1,-0.04372438198501929,False,False,92,191
2007-11-29 00:00:00+00:00,10395767.26675931,10002975.23550931,392792.03125,392792.03125,392792.03125,0.0,1,-0.043771641979433694,False,False,92,191
2007-11-30 00:00:00+00:00,10404601.79800931,10002975.23550931,401626.5625,401626.5625,401626.5625,0.0,1,-0.04295901996758075,False,False,92,191
2007-12-03 00:00:00+00:00,10403665.769942101,10403665.769942101,0.0,0.0,0.0,0.0,0,-0.04304511814184733,False,False,92,191
2007-12-04 00:00:00+00:00,10403665.769942101,10403665.769942101,0.0,0.0,0.0,0.0,0,-0.04304511814184733,False,False,92,191
2007-12-05 00:00:00+00:00,10403665.769942101,10403665.769942101,0.0,0.0,0.0,0.0,0,-0.04304511814184733,False,False,92,191
2007-12-06 00:00:00+00:00,10403665.769942101,10403665.769942101,0.0,0.0,0.0,0.0,0,-0.04304511814184733,False,False,92,191
2007-12-07 00:00:00+00:00,10403665.769942101,10403665.769942101,0.0,0.0,0.0,0.0,0,-0.04304511814184733,False,False,92,191
2007-12-10 00:00:00+00:00,10403665.769942101,10403665.769942101,0.0,0.0,0.0,0.0,0,-0.04304511814184733,False,False,92,191
2007-12-11 00:00:00+00:00,10403665.769942101,10403665.769942101,0.0,0.0,0.0,0.0,0,-0.04304511814184733,False,False,92,191
2007-12-12 00:00:00+00:00,10403665.769942101,10403665.769942101,0.0,0.0,0.0,0.0,0,-0.04304511814184733,False,False,92,191
2007-12-13 00:00:00+00:00,10403665.769942101,10403665.769942101,0.0,0.0,0.0,0.0,0,-0.04304511814184733,False,False,92,191
2007-12-14 00:00:00+00:00,10403665.769942101,10403665.769942101,0.0,0.0,0.0,0.0,0,-0.04304511814184733,False,False,92,191
2007-12-17 00:00:00+00:00,10403665.769942101,10403665.769942101,0.0,0.0,0.0,0.0,0,-0.04304511814184733,False,False,92,191
2007-12-18 00:00:00+00:00,10403665.769942101,10403665.769942101,0.0,0.0,0.0,0.0,0,-0.04304511814184733,False,False,92,191
2007-12-19 00:00:00+00:00,10403665.769942101,10403665.769942101,0.0,0.0,0.0,0.0,0,-0.04304511814184733,False,False,92,191
2007-12-20 00:00:00+00:00,10403665.769942101,10403665.769942101,0.0,0.0,0.0,0.0,0,-0.04304511814184733,False,False,92,191
2007-12-21 00:00:00+00:00,10403665.769942101,10403665.769942101,0.0,0.0,0.0,0.0,0,-0.04304511814184733,False,False,92,191
2007-12-24 00:00:00+00:00,10408724.554140313,9979891.113085015,428833.44105529785,428833.44105529785,428833.44105529785,0.0,1,-0.04257979867255682,False,False,92,191
2007-12-26 00:00:00+00:00,10421748.023752434,9979891.113085015,441856.91066741943,441856.91066741943,441856.91066741943,0.0,1,-0.04138186776054517,False,False,92,191
2007-12-27 00:00:00+00:00,10424886.211252434,9979891.113085015,444995.09816741943,444995.09816741943,444995.09816741943,0.0,1,-0.041093209520774755,False,False,92,191
2007-12-28 00:00:00+00:00,10422987.983101029,10422987.983101029,0.0,0.0,0.0,0.0,0,-0.04126781323609364,False,False,92,191
2007-12-31 00:00:00+00:00,10422987.983101029,10422987.983101029,0.0,0.0,0.0,0.0,0,-0.04126781323609364,False,False,92,191
2008-01-01 00:00:00+00:00,10422987.983101029,10422987.983101029,0.0,0.0,0.0,0.0,0,-0.04126781323609364,False,False,92,191
2008-01-02 00:00:00+00:00,10422987.983101029,10422987.983101029,0.0,0.0,0.0,0.0,0,-0.04126781323609364,False,False,92,191
2008-01-03 00:00:00+00:00,10422987.983101029,10422987.983101029,0.0,0.0,0.0,0.0,0,-0.04126781323609364,False,False,92,191
2008-01-04 00:00:00+00:00,10422987.983101029,10422987.983101029,0.0,0.0,0.0,0.0,0,-0.04126781323609364,False,False,92,191
2008-01-07 00:00:00+00:00,10422987.983101029,10422987.983101029,0.0,0.0,0.0,0.0,0,-0.04126781323609364,False,False,92,191
2008-01-08 00:00:00+00:00,10422987.983101029,10422987.983101029,0.0,0.0,0.0,0.0,0,-0.04126781323609364,False,False,92,191
2008-01-09 00:00:00+00:00,10431228.778172081,10007780.591648644,423448.1865234375,423448.1865234375,423448.1865234375,0.0,1,-0.04050980454492439,False,False,92,191
2008-01-10 00:00:00+00:00,10420845.473850792,10007780.591648644,413064.88220214844,413064.88220214844,413064.88220214844,0.0,1,-0.041464886530428395,False,False,92,191
2008-01-11 00:00:00+00:00,10407848.645295441,9581747.169953644,826101.4753417969,826101.4753417969,826101.4753417969,0.0,2,-0.04266036693221623,False,False,92,191
2008-01-14 00:00:00+00:00,10361834.659452423,8736804.976087555,1625029.6833648682,1625029.6833648682,1625029.6833648682,0.0,4,-0.04689284703682005,False,False,92,191
2008-01-15 00:00:00+00:00,10352737.164228424,8736804.976087555,1615932.1881408691,1615932.1881408691,1615932.1881408691,0.0,4,-0.04772965712470656,False,False,92,191
2008-01-16 00:00:00+00:00,10313600.682820998,8320962.143026077,1992638.5397949219,1992638.5397949219,1992638.5397949219,0.0,5,-0.05132952737907324,False,False,92,192
2008-01-17 00:00:00+00:00,10284289.857432,7865452.146212214,2418837.7112197876,2418837.7112197876,2418837.7112197876,0.0,6,-0.05402560951661479,False,False,92,193
2008-01-18 00:00:00+00:00,10223801.675425382,8254931.539393278,1968870.1360321045,1968870.1360321045,1968870.1360321045,0.0,5,-0.05958946194574561,False,False,92,195
2008-01-21 00:00:00+00:00,9802468.598505376,7692094.403723119,2110374.194782257,2110374.194782257,2110374.194782257,0.0,6,-0.09834471934855629,False,False,106,201
2008-01-22 00:00:00+00:00,9617172.171698222,9617172.171698222,0.0,0.0,0.0,0.0,0,-0.11538874249819316,False,False,106,201
2008-01-23 00:00:00+00:00,9612763.436887305,5153325.403047126,4459438.033840179,4459438.033840179,4459438.033840179,0.0,11,-0.11579426881876316,False,False,106,201
2008-01-24 00:00:00+00:00,9472431.43266062,5153325.403047126,4319106.029613495,4319106.029613495,4319106.029613495,0.0,11,-0.12870235328584154,True,False,107,201
2008-01-25 00:00:00+00:00,9728608.60032038,5153325.403047126,4575283.197273254,4575283.197273254,4575283.197273254,0.0,11,-0.10513854446752292,True,False,107,201
2008-01-28 00:00:00+00:00,9736306.971002143,5153325.403047126,4582981.567955017,4582981.567955017,4582981.567955017,0.0,11,-0.10443042931184857,False,False,107,202
2008-01-29 00:00:00+00:00,9807130.672670478,5556612.505609626,4250518.167060852,4250518.167060852,4250518.167060852,0.0,10,-0.09791589024826272,False,False,107,202
2008-01-30 00:00:00+00:00,9686011.144751918,6850003.5820382945,2836007.562713623,2836007.562713623,2836007.562713623,0.0,7,-0.10905676367625121,False,False,107,202
2008-01-31 00:00:00+00:00,9641428.956843745,6850003.5820382945,2791425.3748054504,2791425.3748054504,2791425.3748054504,0.0,7,-0.11315754346926456,False,False,107,202
2008-02-01 00:00:00+00:00,9737151.089370143,6850003.5820382945,2887147.507331848,2887147.507331848,2887147.507331848,0.0,7,-0.10435278521879654,False,False,107,202
2008-02-04 00:00:00+00:00,9809328.123472624,7285752.6187614715,2523575.504711151,2523575.504711151,2523575.504711151,0.0,6,-0.0977137632942393,False,False,107,202
2008-02-05 00:00:00+00:00,9812961.108529968,8116837.369813843,1696123.7387161255,1696123.7387161255,1696123.7387161255,0.0,4,-0.0973795923526479,False,False,107,202
2008-02-06 00:00:00+00:00,9787933.153116055,9375266.162828274,412666.99028778076,412666.99028778076,412666.99028778076,0.0,1,-0.09968172552819357,False,False,107,202
2008-02-07 00:00:00+00:00,9788187.151178101,9788187.151178101,0.0,0.0,0.0,0.0,0,-0.0996583621588935,False,False,107,202
2008-02-08 00:00:00+00:00,9788187.151178101,9788187.151178101,0.0,0.0,0.0,0.0,0,-0.0996583621588935,False,False,107,202
2008-02-11 00:00:00+00:00,9788187.151178101,9788187.151178101,0.0,0.0,0.0,0.0,0,-0.0996583621588935,False,False,107,202
2008-02-12 00:00:00+00:00,9776232.535078863,9390691.14372144,385541.3913574219,385541.3913574219,385541.3913574219,0.0,1,-0.10075797728397358,False,False,107,202
2008-02-13 00:00:00+00:00,9777430.234358648,9390691.14372144,386739.09063720703,386739.09063720703,386739.09063720703,0.0,1,-0.10064780994506312,False,False,107,202
2008-02-14 00:00:00+00:00,9803850.433638433,9390691.14372144,413159.2899169922,413159.2899169922,413159.2899169922,0.0,1,-0.0982176147389174,False,False,107,202
2008-02-15 00:00:00+00:00,9808192.843001226,9390691.14372144,417501.69927978516,417501.69927978516,417501.69927978516,0.0,1,-0.0978181891969361,False,False,107,202
2008-02-18 00:00:00+00:00,9804729.545882085,9390691.14372144,414038.40216064453,414038.40216064453,414038.40216064453,0.0,1,-0.09813675182272347,False,False,107,202
2008-02-19 00:00:00+00:00,9810080.835799078,9390691.14372144,419389.6920776367,419389.6920776367,419389.6920776367,0.0,1,-0.09764452695472557,False,False,107,202
2008-02-20 00:00:00+00:00,9805549.331060963,9805549.331060963,0.0,0.0,0.0,0.0,0,-0.09806134595652694,False,False,107,202
2008-02-21 00:00:00+00:00,9805549.331060963,9805549.331060963,0.0,0.0,0.0,0.0,0,-0.09806134595652694,False,False,107,202
2008-02-22 00:00:00+00:00,9805549.331060963,9805549.331060963,0.0,0.0,0.0,0.0,0,-0.09806134595652694,False,False,107,202
2008-02-25 00:00:00+00:00,9805549.331060963,9805549.331060963,0.0,0.0,0.0,0.0,0,-0.09806134595652694,False,False,107,202
2008-02-26 00:00:00+00:00,9805549.331060963,9805549.331060963,0.0,0.0,0.0,0.0,0,-0.09806134595652694,False,False,107,202
2008-02-27 00:00:00+00:00,9805549.331060963,9805549.331060963,0.0,0.0,0.0,0.0,0,-0.09806134595652694,False,False,107,202
2008-02-28 00:00:00+00:00,9805549.331060963,9805549.331060963,0.0,0.0,0.0,0.0,0,-0.09806134595652694,False,False,107,202
2008-02-29 00:00:00+00:00,9805549.331060963,9805549.331060963,0.0,0.0,0.0,0.0,0,-0.09806134595652694,False,False,107,202
2008-03-03 00:00:00+00:00,9805549.331060963,9805549.331060963,0.0,0.0,0.0,0.0,0,-0.09806134595652694,False,False,107,202
2008-03-04 00:00:00+00:00,9767101.10721496,9025669.518927606,741431.5882873535,741431.5882873535,741431.5882873535,0.0,2,-0.10159790857991587,False,False,107,202
2008-03-05 00:00:00+00:00,9754247.878864486,8253602.41850682,1500645.460357666,1500645.460357666,1500645.460357666,0.0,4,-0.10278018028006601,False,False,107,202
2008-03-06 00:00:00+00:00,8253602.41850682,8253602.41850682,0.0,0.0,0.0,0.0,4,-0.24081325736877138,False,False,107,202
2008-03-07 00:00:00+00:00,9645356.874102546,7095584.954443885,2549771.919658661,2549771.919658661,2549771.919658661,0.0,7,-0.11279624393509417,False,False,116,204
2008-03-10 00:00:00+00:00,9658941.737934284,7784043.420604876,1874898.3173294067,1874898.3173294067,1874898.3173294067,0.0,5,-0.11154667459572541,False,False,116,207
2008-03-11 00:00:00+00:00,9668426.71337833,7713964.398314854,1954462.3150634766,1954462.3150634766,1954462.3150634766,0.0,5,-0.11067422311985146,False,False,116,207
2008-03-12 00:00:00+00:00,9682277.584029576,7713964.398314854,1968313.1857147217,1968313.1857147217,1968313.1857147217,0.0,5,-0.10940018581600135,False,False,116,207
2008-03-13 00:00:00+00:00,9594534.671976894,8127161.878336758,1467372.7936401367,1467372.7936401367,1467372.7936401367,0.0,4,-0.1174709956530355,False,False,116,209
2008-03-14 00:00:00+00:00,9616834.100326007,8049388.735511249,1567445.3648147583,1567445.3648147583,1567445.3648147583,0.0,4,-0.11541983913828247,False,False,116,209
2008-03-17 00:00:00+00:00,9549875.349004235,7905457.8040022515,1644417.5450019836,1644417.5450019836,1644417.5450019836,0.0,5,-0.12157887051985794,True,False,117,210
2008-03-18 00:00:00+00:00,9541128.59108311,8262558.522616924,1278570.0684661865,1278570.0684661865,1278570.0684661865,0.0,4,-0.12238341892405943,True,False,117,210
2008-03-19 00:00:00+00:00,9544243.761478007,8262558.522616924,1281685.238861084,1281685.238861084,1281685.238861084,0.0,4,-0.12209687785448471,True,False,119,210
2008-03-20 00:00:00+00:00,8262558.522616924,8262558.522616924,0.0,0.0,0.0,0.0,4,-0.239989452784876,True,False,119,210
2008-03-24 00:00:00+00:00,9562318.907687724,8262558.522616924,1299760.3850708008,1299760.3850708008,1299760.3850708008,0.0,4,-0.120434281247848,True,False,122,210
2008-03-25 00:00:00+00:00,9652245.614917338,8262558.522616924,1389687.092300415,1389687.092300415,1389687.092300415,0.0,4,-0.11216260053493644,False,False,122,210
2008-03-26 00:00:00+00:00,9688795.114745762,9561395.114745762,127400.0,127400.0,127400.0,0.0,1,-0.10880068723786221,False,False,122,210
2008-03-27 00:00:00+00:00,9681337.31713834,9561395.114745762,119942.20239257812,119942.20239257812,119942.20239257812,0.0,1,-0.10948667388777476,False,False,122,210
2008-03-28 00:00:00+00:00,9697615.114745762,9561395.114745762,136220.0,136220.0,136220.0,0.0,1,-0.10798940184628664,False,False,122,210
2008-03-31 00:00:00+00:00,9696831.114745762,9561395.114745762,135436.0,135436.0,135436.0,0.0,1,-0.10806151610331557,False,False,122,210
2008-04-01 00:00:00+00:00,9688687.31713834,9561395.114745762,127292.20239257812,127292.20239257812,127292.20239257812,0.0,1,-0.10881060272812844,False,False,122,210
2008-04-02 00:00:00+00:00,9688403.114745762,9561395.114745762,127008.0,127008.0,127008.0,0.0,1,-0.10883674436637668,False,False,122,210
2008-04-03 00:00:00+00:00,9695459.114745762,9561395.114745762,134064.0,134064.0,134064.0,0.0,1,-0.10818771605311622,False,False,122,210
2008-04-04 00:00:00+00:00,9692048.709960606,9561395.114745762,130653.59521484375,130653.59521484375,130653.59521484375,0.0,1,-0.10850141351134261,False,False,122,210
2008-04-07 00:00:00+00:00,9693891.114745762,9561395.114745762,132496.0,132496.0,132496.0,0.0,1,-0.1083319445671741,False,False,122,210
2008-04-08 00:00:00+00:00,9692715.114745762,9561395.114745762,131320.0,131320.0,131320.0,0.0,1,-0.1084401159527175,False,False,122,210
2008-04-09 00:00:00+00:00,9684373.899618862,9302875.88692355,381498.0126953125,381498.0126953125,381498.0126953125,0.0,1,-0.10920736152873148,False,False,122,210
2008-04-10 00:00:00+00:00,9686583.899618862,9302875.88692355,383708.0126953125,383708.0126953125,383708.0126953125,0.0,1,-0.10900408026848409,False,False,122,210
2008-04-11 00:00:00+00:00,9687233.899618862,9302875.88692355,384358.0126953125,384358.0126953125,384358.0126953125,0.0,1,-0.10894429166252897,False,False,122,210
2008-04-14 00:00:00+00:00,9302875.88692355,9302875.88692355,0.0,0.0,0.0,0.0,1,-0.14429849130365452,False,False,122,210
2008-04-15 00:00:00+00:00,9696151.880575893,9302875.88692355,393275.99365234375,393275.99365234375,393275.99365234375,0.0,1,-0.10812399374044408,False,False,122,210
2008-04-16 00:00:00+00:00,9696047.874228237,9302875.88692355,393171.9873046875,393171.9873046875,393171.9873046875,0.0,1,-0.10813356050127002,False,False,122,210
2008-04-17 00:00:00+00:00,9698335.88692355,9302875.88692355,395460.0,395460.0,395460.0,0.0,1,-0.10792310344056179,False,False,122,210
2008-04-18 00:00:00+00:00,9302875.88692355,9302875.88692355,0.0,0.0,0.0,0.0,1,-0.14429849130365452,False,False,122,210
2008-04-21 00:00:00+00:00,9702391.880575893,9302875.88692355,399515.99365234375,399515.99365234375,399515.99365234375,0.0,1,-0.10755002312327497,False,False,122,210
2008-04-22 00:00:00+00:00,9699956.126151687,9699956.126151687,0.0,0.0,0.0,0.0,0,-0.10777406983323241,False,False,122,210
2008-04-23 00:00:00+00:00,9699956.126151687,9699956.126151687,0.0,0.0,0.0,0.0,0,-0.10777406983323241,False,False,122,210
2008-04-24 00:00:00+00:00,9699956.126151687,9699956.126151687,0.0,0.0,0.0,0.0,0,-0.10777406983323241,False,False,122,210
2008-04-25 00:00:00+00:00,9694498.642046686,9311059.142046686,383439.5,383439.5,383439.5,0.0,1,-0.1082760627050173,False,False,122,210
2008-04-28 00:00:00+00:00,9706713.142046686,9311059.142046686,395654.0,395654.0,395654.0,0.0,1,-0.10715254281664996,False,False,122,210
2008-04-29 00:00:00+00:00,9691385.142046686,9311059.142046686,380326.0,380326.0,380326.0,0.0,1,-0.1085624501275423,False,False,122,210
2008-04-30 00:00:00+00:00,9688151.892046686,9311059.142046686,377092.75,377092.75,377092.75,0.0,1,-0.10885985245093366,False,False,122,210
2008-05-01 00:00:00+00:00,9683002.642046686,9311059.142046686,371943.5,371943.5,371943.5,0.0,1,-0.10933349318818655,False,False,122,210
2008-05-02 00:00:00+00:00,9679401.54172473,8915523.051612426,763878.4901123047,763878.4901123047,763878.4901123047,0.0,2,-0.10966473129303927,False,False,122,210
2008-05-05 00:00:00+00:00,9678603.017432738,8915523.051612426,763079.9658203125,763079.9658203125,763079.9658203125,0.0,2,-0.10973818153033083,False,False,122,210
2008-05-06 00:00:00+00:00,9681533.528174926,8915523.051612426,766010.4765625,766010.4765625,766010.4765625,0.0,2,-0.109468625911851,False,False,122,210
2008-05-07 00:00:00+00:00,9672712.449439574,8915523.051612426,757189.3978271484,757189.3978271484,757189.3978271484,0.0,2,-0.11028001052816945,False,False,122,210
2008-05-08 00:00:00+00:00,9679217.060157347,8915523.051612426,763694.0085449219,763694.0085449219,763694.0085449219,0.0,2,-0.10968170036340578,False,False,122,210
2008-05-09 00:00:00+00:00,9635471.199091602,8128748.666941334,1506722.5321502686,1506722.5321502686,1506722.5321502686,0.0,4,-0.1137055527471398,False,False,122,211
2008-05-12 00:00:00+00:00,9596449.203088587,8494856.936242884,1101592.2668457031,1101592.2668457031,1101592.2668457031,0.0,3,-0.11729489235114962,False,False,122,211
2008-05-13 00:00:00+00:00,9572543.149155568,8106473.346970509,1466069.8021850586,1466069.8021850586,1466069.8021850586,0.0,4,-0.11949383025660042,False,False,122,211
2008-05-14 00:00:00+00:00,9555841.56471343,8106473.346970509,1449368.21774292,1449368.21774292,1449368.21774292,0.0,4,-0.121030083258196,True,False,124,213
2008-05-15 00:00:00+00:00,9569867.359259384,8836125.460898178,733741.898361206,733741.898361206,733741.898361206,0.0,2,-0.11973995602232605,True,False,124,213
2008-05-16 00:00:00+00:00,9593048.554343002,8836125.460898178,756923.0934448242,756923.0934448242,756923.0934448242,0.0,2,-0.11760769242475201,True,False,124,213
2008-05-19 00:00:00+00:00,9215014.460898178,8836125.460898178,378889.0,378889.0,378889.0,0.0,2,-0.15238020234870922,True,False,124,213
2008-05-20 00:00:00+00:00,9591437.840607958,9216343.348801928,375094.4918060303,375094.4918060303,375094.4918060303,0.0,1,-0.11775584985369207,True,False,124,213
2008-05-21 00:00:00+00:00,9599868.747163134,9216343.348801928,383525.39836120605,383525.39836120605,383525.39836120605,0.0,1,-0.11698035423850467,False,False,124,213
2008-05-22 00:00:00+00:00,9560288.174276667,8830552.922045069,729735.2522315979,729735.2522315979,729735.2522315979,0.0,2,-0.12062107312433042,False,False,124,213
2008-05-23 00:00:00+00:00,9586952.38192995,8830552.922045069,756399.459884882,756399.459884882,756399.459884882,0.0,2,-0.11816843342511872,False,False,124,213
2008-05-26 00:00:00+00:00,9546935.440411475,8446760.248344328,1100175.1920671463,1100175.1920671463,1100175.1920671463,0.0,3,-0.12184929057585274,True,False,126,214
2008-05-27 00:00:00+00:00,9542256.081064275,8813416.018604329,728840.0624599457,728840.0624599457,728840.0624599457,0.0,2,-0.12227970960990217,True,False,132,214
2008-05-28 00:00:00+00:00,9559309.632087758,8813416.018604329,745893.613483429,745893.613483429,745893.613483429,0.0,2,-0.12071108185255061,True,False,132,214
2008-05-29 00:00:00+00:00,9540635.63621532,9189942.734850755,350692.9013645649,350692.9013645649,350692.9013645649,0.0,1,-0.1224287621307424,True,False,132,214
2008-05-30 00:00:00+00:00,9545008.300943246,9189942.734850755,355065.56609249115,355065.56609249115,355065.56609249115,0.0,1,-0.12202655362552421,True,False,132,215
2008-06-02 00:00:00+00:00,9552540.113113165,9552540.113113165,0.0,0.0,0.0,0.0,0,-0.12133375893328541,True,False,132,215
2008-06-03 00:00:00+00:00,9552540.113113165,9552540.113113165,0.0,0.0,0.0,0.0,0,-0.12133375893328541,True,False,133,215
2008-06-04 00:00:00+00:00,9552540.113113165,9552540.113113165,0.0,0.0,0.0,0.0,0,-0.12133375893328541,True,False,141,215
2008-06-05 00:00:00+00:00,9552540.113113165,9552540.113113165,0.0,0.0,0.0,0.0,0,-0.12133375893328541,True,False,143,215
2008-06-06 00:00:00+00:00,9552540.113113165,9552540.113113165,0.0,0.0,0.0,0.0,0,-0.12133375893328541,True,False,144,215
2008-06-09 00:00:00+00:00,9552540.113113165,9552540.113113165,0.0,0.0,0.0,0.0,0,-0.12133375893328541,True,False,145,215
2008-06-10 00:00:00+00:00,9552540.113113165,9552540.113113165,0.0,0.0,0.0,0.0,0,-0.12133375893328541,True,False,145,215
2008-06-11 00:00:00+00:00,9552540.113113165,9552540.113113165,0.0,0.0,0.0,0.0,0,-0.12133375893328541,True,False,145,215
2008-06-12 00:00:00+00:00,9552540.113113165,9552540.113113165,0.0,0.0,0.0,0.0,0,-0.12133375893328541,True,False,145,215
2008-06-13 00:00:00+00:00,9552540.113113165,9552540.113113165,0.0,0.0,0.0,0.0,0,-0.12133375893328541,True,False,145,215
2008-06-16 00:00:00+00:00,9552540.113113165,9552540.113113165,0.0,0.0,0.0,0.0,0,-0.12133375893328541,True,False,145,215
2008-06-17 00:00:00+00:00,9552540.113113165,9552540.113113165,0.0,0.0,0.0,0.0,0,-0.12133375893328541,True,False,145,215
2008-06-18 00:00:00+00:00,9552540.113113165,9552540.113113165,0.0,0.0,0.0,0.0,0,-0.12133375893328541,True,False,145,215
2008-06-19 00:00:00+00:00,9552540.113113165,9552540.113113165,0.0,0.0,0.0,0.0,0,-0.12133375893328541,True,False,145,215
2008-06-20 00:00:00+00:00,9552540.113113165,9552540.113113165,0.0,0.0,0.0,0.0,0,-0.12133375893328541,True,False,147,215
2008-06-23 00:00:00+00:00,9552540.113113165,9552540.113113165,0.0,0.0,0.0,0.0,0,-0.12133375893328541,True,False,156,215
2008-06-24 00:00:00+00:00,9552540.113113165,9552540.113113165,0.0,0.0,0.0,0.0,0,-0.12133375893328541,True,False,160,215
2008-06-25 00:00:00+00:00,9552540.113113165,9552540.113113165,0.0,0.0,0.0,0.0,0,-0.12133375893328541,True,False,161,215
2008-06-26 00:00:00+00:00,9552540.113113165,9552540.113113165,0.0,0.0,0.0,0.0,0,-0.12133375893328541,True,False,162,215
2008-06-27 00:00:00+00:00,9552540.113113165,9552540.113113165,0.0,0.0,0.0,0.0,0,-0.12133375893328541,True,False,166,215
2008-06-30 00:00:00+00:00,9552540.113113165,9552540.113113165,0.0,0.0,0.0,0.0,0,-0.12133375893328541,True,False,171,215
2008-07-01 00:00:00+00:00,9552540.113113165,9552540.113113165,0.0,0.0,0.0,0.0,0,-0.12133375893328541,True,False,177,215
2008-07-02 00:00:00+00:00,9552540.113113165,9552540.113113165,0.0,0.0,0.0,0.0,0,-0.12133375893328541,True,False,177,215
2008-07-03 00:00:00+00:00,9552540.113113165,9552540.113113165,0.0,0.0,0.0,0.0,0,-0.12133375893328541,True,False,180,215
2008-07-04 00:00:00+00:00,9552540.113113165,9552540.113113165,0.0,0.0,0.0,0.0,0,-0.12133375893328541,True,False,180,215
2008-07-07 00:00:00+00:00,9552540.113113165,9552540.113113165,0.0,0.0,0.0,0.0,0,-0.12133375893328541,True,False,180,215
2008-07-08 00:00:00+00:00,9552540.113113165,9552540.113113165,0.0,0.0,0.0,0.0,0,-0.12133375893328541,True,False,180,215
2008-07-09 00:00:00+00:00,9552540.113113165,9552540.113113165,0.0,0.0,0.0,0.0,0,-0.12133375893328541,True,False,180,215
2008-07-10 00:00:00+00:00,9552540.113113165,9552540.113113165,0.0,0.0,0.0,0.0,0,-0.12133375893328541,True,False,180,215
2008-07-11 00:00:00+00:00,9552540.113113165,9552540.113113165,0.0,0.0,0.0,0.0,0,-0.12133375893328541,True,False,180,215
2008-07-14 00:00:00+00:00,9552540.113113165,9552540.113113165,0.0,0.0,0.0,0.0,0,-0.12133375893328541,True,False,180,215
2008-07-15 00:00:00+00:00,9552540.113113165,9552540.113113165,0.0,0.0,0.0,0.0,0,-0.12133375893328541,True,False,182,215
2008-07-16 00:00:00+00:00,9552540.113113165,9552540.113113165,0.0,0.0,0.0,0.0,0,-0.12133375893328541,True,False,184,215
2008-07-17 00:00:00+00:00,9552540.113113165,9552540.113113165,0.0,0.0,0.0,0.0,0,-0.12133375893328541,True,False,185,215
2008-07-18 00:00:00+00:00,9552540.113113165,9552540.113113165,0.0,0.0,0.0,0.0,0,-0.12133375893328541,True,False,186,215
2008-07-21 00:00:00+00:00,9552540.113113165,9552540.113113165,0.0,0.0,0.0,0.0,0,-0.12133375893328541,True,False,186,215
2008-07-22 00:00:00+00:00,9552540.113113165,9552540.113113165,0.0,0.0,0.0,0.0,0,-0.12133375893328541,True,False,186,215
2008-07-23 00:00:00+00:00,9552540.113113165,9552540.113113165,0.0,0.0,0.0,0.0,0,-0.12133375893328541,True,False,186,215
2008-07-24 00:00:00+00:00,9552540.113113165,9552540.113113165,0.0,0.0,0.0,0.0,0,-0.12133375893328541,True,False,186,215
2008-07-25 00:00:00+00:00,9552540.113113165,9552540.113113165,0.0,0.0,0.0,0.0,0,-0.12133375893328541,True,False,186,215
2008-07-28 00:00:00+00:00,9552540.113113165,9552540.113113165,0.0,0.0,0.0,0.0,0,-0.12133375893328541,True,False,186,215
2008-07-29 00:00:00+00:00,9552540.113113165,9552540.113113165,0.0,0.0,0.0,0.0,0,-0.12133375893328541,True,False,186,215
2008-07-30 00:00:00+00:00,9552540.113113165,9552540.113113165,0.0,0.0,0.0,0.0,0,-0.12133375893328541,True,False,186,215
2008-07-31 00:00:00+00:00,9552540.113113165,9552540.113113165,0.0,0.0,0.0,0.0,0,-0.12133375893328541,True,False,187,215
2008-08-01 00:00:00+00:00,9552540.113113165,9552540.113113165,0.0,0.0,0.0,0.0,0,-0.12133375893328541,True,False,187,215
2008-08-04 00:00:00+00:00,9552540.113113165,9552540.113113165,0.0,0.0,0.0,0.0,0,-0.12133375893328541,True,False,188,215
2008-08-05 00:00:00+00:00,9552540.113113165,9552540.113113165,0.0,0.0,0.0,0.0,0,-0.12133375893328541,True,False,188,215
2008-08-06 00:00:00+00:00,9552540.113113165,9552540.113113165,0.0,0.0,0.0,0.0,0,-0.12133375893328541,True,False,188,215
2008-08-07 00:00:00+00:00,9552540.113113165,9552540.113113165,0.0,0.0,0.0,0.0,0,-0.12133375893328541,True,False,188,215
2008-08-08 00:00:00+00:00,9552540.113113165,9552540.113113165,0.0,0.0,0.0,0.0,0,-0.12133375893328541,True,False,189,215
2008-08-11 00:00:00+00:00,9552540.113113165,9552540.113113165,0.0,0.0,0.0,0.0,0,-0.12133375893328541,True,False,189,215
2008-08-12 00:00:00+00:00,9552540.113113165,9552540.113113165,0.0,0.0,0.0,0.0,0,-0.12133375893328541,True,False,189,215
2008-08-13 00:00:00+00:00,9552540.113113165,9552540.113113165,0.0,0.0,0.0,0.0,0,-0.12133375893328541,True,False,189,215
2008-08-14 00:00:00+00:00,9552540.113113165,9552540.113113165,0.0,0.0,0.0,0.0,0,-0.12133375893328541,True,False,189,215
2008-08-15 00:00:00+00:00,9552540.113113165,9552540.113113165,0.0,0.0,0.0,0.0,0,-0.12133375893328541,True,False,189,215
2008-08-18 00:00:00+00:00,9552540.113113165,9552540.113113165,0.0,0.0,0.0,0.0,0,-0.12133375893328541,True,False,189,215
2008-08-19 00:00:00+00:00,9552540.113113165,9552540.113113165,0.0,0.0,0.0,0.0,0,-0.12133375893328541,True,False,189,215
2008-08-20 00:00:00+00:00,9552540.113113165,9552540.113113165,0.0,0.0,0.0,0.0,0,-0.12133375893328541,True,False,189,215
2008-08-21 00:00:00+00:00,9552540.113113165,9552540.113113165,0.0,0.0,0.0,0.0,0,-0.12133375893328541,True,False,189,215
2008-08-22 00:00:00+00:00,9552540.113113165,9552540.113113165,0.0,0.0,0.0,0.0,0,-0.12133375893328541,True,False,189,215
2008-08-25 00:00:00+00:00,9552540.113113165,9552540.113113165,0.0,0.0,0.0,0.0,0,-0.12133375893328541,True,False,189,215
2008-08-26 00:00:00+00:00,9552540.113113165,9552540.113113165,0.0,0.0,0.0,0.0,0,-0.12133375893328541,True,False,189,215
2008-08-27 00:00:00+00:00,9552540.113113165,9552540.113113165,0.0,0.0,0.0,0.0,0,-0.12133375893328541,True,False,189,215
2008-08-28 00:00:00+00:00,9552540.113113165,9552540.113113165,0.0,0.0,0.0,0.0,0,-0.12133375893328541,True,False,189,215
2008-08-29 00:00:00+00:00,9552540.113113165,9552540.113113165,0.0,0.0,0.0,0.0,0,-0.12133375893328541,True,False,189,215
2008-09-01 00:00:00+00:00,9552540.113113165,9552540.113113165,0.0,0.0,0.0,0.0,0,-0.12133375893328541,True,False,189,215
2008-09-02 00:00:00+00:00,9552540.113113165,9552540.113113165,0.0,0.0,0.0,0.0,0,-0.12133375893328541,True,False,190,215
2008-09-03 00:00:00+00:00,9552540.113113165,9552540.113113165,0.0,0.0,0.0,0.0,0,-0.12133375893328541,True,False,190,215
2008-09-04 00:00:00+00:00,9552540.113113165,9552540.113113165,0.0,0.0,0.0,0.0,0,-0.12133375893328541,True,False,191,215
2008-09-05 00:00:00+00:00,9552540.113113165,9552540.113113165,0.0,0.0,0.0,0.0,0,-0.12133375893328541,True,False,191,215
2008-09-08 00:00:00+00:00,9552540.113113165,9552540.113113165,0.0,0.0,0.0,0.0,0,-0.12133375893328541,True,False,191,215
2008-09-09 00:00:00+00:00,9552540.113113165,9552540.113113165,0.0,0.0,0.0,0.0,0,-0.12133375893328541,True,False,191,215
2008-09-10 00:00:00+00:00,9552540.113113165,9552540.113113165,0.0,0.0,0.0,0.0,0,-0.12133375893328541,True,False,193,215
2008-09-11 00:00:00+00:00,9552540.113113165,9552540.113113165,0.0,0.0,0.0,0.0,0,-0.12133375893328541,True,False,193,215
2008-09-12 00:00:00+00:00,9552540.113113165,9552540.113113165,0.0,0.0,0.0,0.0,0,-0.12133375893328541,True,False,194,215
2008-09-15 00:00:00+00:00,9552540.113113165,9552540.113113165,0.0,0.0,0.0,0.0,0,-0.12133375893328541,True,False,206,215
2008-09-16 00:00:00+00:00,9552540.113113165,9552540.113113165,0.0,0.0,0.0,0.0,0,-0.12133375893328541,True,False,209,215
2008-09-17 00:00:00+00:00,9552540.113113165,9552540.113113165,0.0,0.0,0.0,0.0,0,-0.12133375893328541,True,False,215,215
2008-09-18 00:00:00+00:00,9552540.113113165,9552540.113113165,0.0,0.0,0.0,0.0,0,-0.12133375893328541,True,False,216,215
2008-09-19 00:00:00+00:00,9552540.113113165,9552540.113113165,0.0,0.0,0.0,0.0,0,-0.12133375893328541,True,False,217,215
2008-09-22 00:00:00+00:00,9552540.113113165,9552540.113113165,0.0,0.0,0.0,0.0,0,-0.12133375893328541,True,False,217,215
2008-09-23 00:00:00+00:00,9552540.113113165,9552540.113113165,0.0,0.0,0.0,0.0,0,-0.12133375893328541,True,False,217,215
2008-09-24 00:00:00+00:00,9552540.113113165,9552540.113113165,0.0,0.0,0.0,0.0,0,-0.12133375893328541,True,False,217,215
2008-09-25 00:00:00+00:00,9552540.113113165,9552540.113113165,0.0,0.0,0.0,0.0,0,-0.12133375893328541,True,False,217,215
2008-09-26 00:00:00+00:00,9552540.113113165,9552540.113113165,0.0,0.0,0.0,0.0,0,-0.12133375893328541,True,False,219,215
2008-09-29 00:00:00+00:00,9552540.113113165,9552540.113113165,0.0,0.0,0.0,0.0,0,-0.12133375893328541,True,False,222,215
2008-09-30 00:00:00+00:00,9552540.113113165,9552540.113113165,0.0,0.0,0.0,0.0,0,-0.12133375893328541,True,False,223,215
2008-10-01 00:00:00+00:00,9552540.113113165,9552540.113113165,0.0,0.0,0.0,0.0,0,-0.12133375893328541,True,False,223,215
2008-10-02 00:00:00+00:00,9552540.113113165,9552540.113113165,0.0,0.0,0.0,0.0,0,-0.12133375893328541,True,False,224,215
2008-10-03 00:00:00+00:00,9552540.113113165,9552540.113113165,0.0,0.0,0.0,0.0,0,-0.12133375893328541,True,False,227,215
2008-10-06 00:00:00+00:00,9552540.113113165,9552540.113113165,0.0,0.0,0.0,0.0,0,-0.12133375893328541,True,False,235,215
2008-10-07 00:00:00+00:00,9552540.113113165,9552540.113113165,0.0,0.0,0.0,0.0,0,-0.12133375893328541,True,False,238,215
2008-10-08 00:00:00+00:00,9552540.113113165,9552540.113113165,0.0,0.0,0.0,0.0,0,-0.12133375893328541,True,False,243,215
2008-10-09 00:00:00+00:00,9552540.113113165,9552540.113113165,0.0,0.0,0.0,0.0,0,-0.12133375893328541,True,False,243,215
2008-10-10 00:00:00+00:00,9552540.113113165,9552540.113113165,0.0,0.0,0.0,0.0,0,-0.12133375893328541,True,False,255,215
2008-10-13 00:00:00+00:00,9552540.113113165,9552540.113113165,0.0,0.0,0.0,0.0,0,-0.12133375893328541,True,False,256,215
2008-10-14 00:00:00+00:00,9552540.113113165,9552540.113113165,0.0,0.0,0.0,0.0,0,-0.12133375893328541,True,False,257,215
2008-10-15 00:00:00+00:00,9552540.113113165,9552540.113113165,0.0,0.0,0.0,0.0,0,-0.12133375893328541,True,False,257,215
2008-10-16 00:00:00+00:00,9552540.113113165,9552540.113113165,0.0,0.0,0.0,0.0,0,-0.12133375893328541,True,False,257,215
2008-10-17 00:00:00+00:00,9552540.113113165,9552540.113113165,0.0,0.0,0.0,0.0,0,-0.12133375893328541,True,False,258,215
2008-10-20 00:00:00+00:00,9552540.113113165,9552540.113113165,0.0,0.0,0.0,0.0,0,-0.12133375893328541,True,False,259,215
2008-10-21 00:00:00+00:00,9552540.113113165,9552540.113113165,0.0,0.0,0.0,0.0,0,-0.12133375893328541,True,False,259,215
2008-10-22 00:00:00+00:00,9552540.113113165,9552540.113113165,0.0,0.0,0.0,0.0,0,-0.12133375893328541,True,False,259,215
2008-10-23 00:00:00+00:00,9552540.113113165,9552540.113113165,0.0,0.0,0.0,0.0,0,-0.12133375893328541,True,False,259,215
2008-10-24 00:00:00+00:00,9552540.113113165,9552540.113113165,0.0,0.0,0.0,0.0,0,-0.12133375893328541,True,False,265,215
2008-10-27 00:00:00+00:00,9552540.113113165,9552540.113113165,0.0,0.0,0.0,0.0,0,-0.12133375893328541,True,False,266,215
2008-10-28 00:00:00+00:00,9552540.113113165,9552540.113113165,0.0,0.0,0.0,0.0,0,-0.12133375893328541,True,False,266,215
2008-10-29 00:00:00+00:00,9552540.113113165,9552540.113113165,0.0,0.0,0.0,0.0,0,-0.12133375893328541,True,False,267,215
2008-10-30 00:00:00+00:00,9552540.113113165,9552540.113113165,0.0,0.0,0.0,0.0,0,-0.12133375893328541,True,False,267,215
2008-10-31 00:00:00+00:00,9552540.113113165,9552540.113113165,0.0,0.0,0.0,0.0,0,-0.12133375893328541,True,False,267,215
2008-11-03 00:00:00+00:00,9552540.113113165,9552540.113113165,0.0,0.0,0.0,0.0,0,-0.12133375893328541,True,False,267,215
2008-11-04 00:00:00+00:00,9552540.113113165,9552540.113113165,0.0,0.0,0.0,0.0,0,-0.12133375893328541,True,False,267,215
2008-11-05 00:00:00+00:00,9552540.113113165,9552540.113113165,0.0,0.0,0.0,0.0,0,-0.12133375893328541,True,False,267,215
2008-11-06 00:00:00+00:00,9552540.113113165,9552540.113113165,0.0,0.0,0.0,0.0,0,-0.12133375893328541,True,False,267,215
2008-11-07 00:00:00+00:00,9552540.113113165,9552540.113113165,0.0,0.0,0.0,0.0,0,-0.12133375893328541,True,False,267,215
2008-11-10 00:00:00+00:00,9552540.113113165,9552540.113113165,0.0,0.0,0.0,0.0,0,-0.12133375893328541,True,False,267,215
2008-11-11 00:00:00+00:00,9552540.113113165,9552540.113113165,0.0,0.0,0.0,0.0,0,-0.12133375893328541,True,False,267,215
2008-11-12 00:00:00+00:00,9552540.113113165,9552540.113113165,0.0,0.0,0.0,0.0,0,-0.12133375893328541,True,False,267,215
2008-11-13 00:00:00+00:00,9552540.113113165,9552540.113113165,0.0,0.0,0.0,0.0,0,-0.12133375893328541,True,False,267,215
2008-11-14 00:00:00+00:00,9552540.113113165,9552540.113113165,0.0,0.0,0.0,0.0,0,-0.12133375893328541,True,False,267,215
2008-11-17 00:00:00+00:00,9552540.113113165,9552540.113113165,0.0,0.0,0.0,0.0,0,-0.12133375893328541,True,False,267,215
2008-11-18 00:00:00+00:00,9552540.113113165,9552540.113113165,0.0,0.0,0.0,0.0,0,-0.12133375893328541,True,False,269,215
2008-11-19 00:00:00+00:00,9552540.113113165,9552540.113113165,0.0,0.0,0.0,0.0,0,-0.12133375893328541,True,False,270,215
2008-11-20 00:00:00+00:00,9552540.113113165,9552540.113113165,0.0,0.0,0.0,0.0,0,-0.12133375893328541,True,False,272,215
2008-11-21 00:00:00+00:00,9552540.113113165,9552540.113113165,0.0,0.0,0.0,0.0,0,-0.12133375893328541,True,False,272,215
2008-11-24 00:00:00+00:00,9552540.113113165,9552540.113113165,0.0,0.0,0.0,0.0,0,-0.12133375893328541,True,False,273,215
2008-11-25 00:00:00+00:00,9552540.113113165,9552540.113113165,0.0,0.0,0.0,0.0,0,-0.12133375893328541,True,False,274,215
2008-11-26 00:00:00+00:00,9552540.113113165,9552540.113113165,0.0,0.0,0.0,0.0,0,-0.12133375893328541,True,False,275,215
2008-11-27 00:00:00+00:00,9552540.113113165,9552540.113113165,0.0,0.0,0.0,0.0,0,-0.12133375893328541,True,False,275,215
2008-11-28 00:00:00+00:00,9552540.113113165,9552540.113113165,0.0,0.0,0.0,0.0,0,-0.12133375893328541,True,False,275,215
2008-12-01 00:00:00+00:00,9552540.113113165,9552540.113113165,0.0,0.0,0.0,0.0,0,-0.12133375893328541,True,False,275,215
2008-12-02 00:00:00+00:00,9552540.113113165,9552540.113113165,0.0,0.0,0.0,0.0,0,-0.12133375893328541,True,False,275,215
2008-12-03 00:00:00+00:00,9552540.113113165,9552540.113113165,0.0,0.0,0.0,0.0,0,-0.12133375893328541,True,False,275,215
2008-12-04 00:00:00+00:00,9552540.113113165,9552540.113113165,0.0,0.0,0.0,0.0,0,-0.12133375893328541,True,False,276,215
2008-12-05 00:00:00+00:00,9552540.113113165,9552540.113113165,0.0,0.0,0.0,0.0,0,-0.12133375893328541,True,False,279,215
2008-12-08 00:00:00+00:00,9552540.113113165,9552540.113113165,0.0,0.0,0.0,0.0,0,-0.12133375893328541,True,False,279,215
2008-12-09 00:00:00+00:00,9552540.113113165,9552540.113113165,0.0,0.0,0.0,0.0,0,-0.12133375893328541,True,False,279,215
2008-12-10 00:00:00+00:00,9552540.113113165,9552540.113113165,0.0,0.0,0.0,0.0,0,-0.12133375893328541,True,False,279,215
2008-12-11 00:00:00+00:00,9552540.113113165,9552540.113113165,0.0,0.0,0.0,0.0,0,-0.12133375893328541,True,False,279,215
2008-12-12 00:00:00+00:00,9552540.113113165,9552540.113113165,0.0,0.0,0.0,0.0,0,-0.12133375893328541,True,False,279,215
2008-12-15 00:00:00+00:00,9552540.113113165,9552540.113113165,0.0,0.0,0.0,0.0,0,-0.12133375893328541,True,False,279,215
2008-12-16 00:00:00+00:00,9552540.113113165,9552540.113113165,0.0,0.0,0.0,0.0,0,-0.12133375893328541,True,False,279,215
2008-12-17 00:00:00+00:00,9552540.113113165,9552540.113113165,0.0,0.0,0.0,0.0,0,-0.12133375893328541,True,False,279,215
2008-12-18 00:00:00+00:00,9552540.113113165,9552540.113113165,0.0,0.0,0.0,0.0,0,-0.12133375893328541,True,False,280,215
2008-12-19 00:00:00+00:00,9552540.113113165,9552540.113113165,0.0,0.0,0.0,0.0,0,-0.12133375893328541,True,False,280,215
2008-12-22 00:00:00+00:00,9552540.113113165,9552540.113113165,0.0,0.0,0.0,0.0,0,-0.12133375893328541,True,False,280,215
2008-12-23 00:00:00+00:00,9552540.113113165,9552540.113113165,0.0,0.0,0.0,0.0,0,-0.12133375893328541,True,False,280,215
2008-12-24 00:00:00+00:00,9552540.113113165,9552540.113113165,0.0,0.0,0.0,0.0,0,-0.12133375893328541,True,False,280,215
2008-12-26 00:00:00+00:00,9552540.113113165,9552540.113113165,0.0,0.0,0.0,0.0,0,-0.12133375893328541,True,False,280,215
2008-12-29 00:00:00+00:00,9552540.113113165,9552540.113113165,0.0,0.0,0.0,0.0,0,-0.12133375893328541,True,False,280,215
2008-12-30 00:00:00+00:00,9552540.113113165,9552540.113113165,0.0,0.0,0.0,0.0,0,-0.12133375893328541,True,False,280,215
2008-12-31 00:00:00+00:00,9552540.113113165,9552540.113113165,0.0,0.0,0.0,0.0,0,-0.12133375893328541,True,False,280,215
2009-01-02 00:00:00+00:00,9552540.113113165,9552540.113113165,0.0,0.0,0.0,0.0,0,-0.12133375893328541,True,False,280,215
2009-01-05 00:00:00+00:00,9552540.113113165,9552540.113113165,0.0,0.0,0.0,0.0,0,-0.12133375893328541,True,False,280,215
2009-01-06 00:00:00+00:00,9552540.113113165,9552540.113113165,0.0,0.0,0.0,0.0,0,-0.12133375893328541,True,False,280,215
2009-01-07 00:00:00+00:00,9552540.113113165,9552540.113113165,0.0,0.0,0.0,0.0,0,-0.12133375893328541,True,False,280,215
2009-01-08 00:00:00+00:00,9552540.113113165,9552540.113113165,0.0,0.0,0.0,0.0,0,-0.12133375893328541,True,False,280,215
2009-01-09 00:00:00+00:00,9552540.113113165,9552540.113113165,0.0,0.0,0.0,0.0,0,-0.12133375893328541,True,False,280,215
2009-01-12 00:00:00+00:00,9552540.113113165,9552540.113113165,0.0,0.0,0.0,0.0,0,-0.12133375893328541,True,False,280,215
2009-01-13 00:00:00+00:00,9552540.113113165,9552540.113113165,0.0,0.0,0.0,0.0,0,-0.12133375893328541,True,False,282,215
2009-01-14 00:00:00+00:00,9552540.113113165,9552540.113113165,0.0,0.0,0.0,0.0,0,-0.12133375893328541,True,False,282,215
2009-01-15 00:00:00+00:00,9552540.113113165,9552540.113113165,0.0,0.0,0.0,0.0,0,-0.12133375893328541,True,False,282,215
2009-01-16 00:00:00+00:00,9552540.113113165,9552540.113113165,0.0,0.0,0.0,0.0,0,-0.12133375893328541,True,False,282,215
2009-01-19 00:00:00+00:00,9552540.113113165,9552540.113113165,0.0,0.0,0.0,0.0,0,-0.12133375893328541,True,False,282,215
2009-01-20 00:00:00+00:00,9552540.113113165,9552540.113113165,0.0,0.0,0.0,0.0,0,-0.12133375893328541,True,False,282,215
2009-01-21 00:00:00+00:00,9552540.113113165,9552540.113113165,0.0,0.0,0.0,0.0,0,-0.12133375893328541,True,False,282,215
2009-01-22 00:00:00+00:00,9552540.113113165,9552540.113113165,0.0,0.0,0.0,0.0,0,-0.12133375893328541,True,False,283,215
2009-01-23 00:00:00+00:00,9552540.113113165,9552540.113113165,0.0,0.0,0.0,0.0,0,-0.12133375893328541,True,False,284,215
2009-01-26 00:00:00+00:00,9552540.113113165,9552540.113113165,0.0,0.0,0.0,0.0,0,-0.12133375893328541,True,False,284,215
2009-01-27 00:00:00+00:00,9552540.113113165,9552540.113113165,0.0,0.0,0.0,0.0,0,-0.12133375893328541,True,False,284,215
2009-01-28 00:00:00+00:00,9552540.113113165,9552540.113113165,0.0,0.0,0.0,0.0,0,-0.12133375893328541,True,False,285,215
2009-01-29 00:00:00+00:00,9552540.113113165,9552540.113113165,0.0,0.0,0.0,0.0,0,-0.12133375893328541,True,False,285,215
2009-01-30 00:00:00+00:00,9552540.113113165,9552540.113113165,0.0,0.0,0.0,0.0,0,-0.12133375893328541,True,False,285,215
2009-02-02 00:00:00+00:00,9552540.113113165,9552540.113113165,0.0,0.0,0.0,0.0,0,-0.12133375893328541,True,False,285,215
2009-02-03 00:00:00+00:00,9552540.113113165,9552540.113113165,0.0,0.0,0.0,0.0,0,-0.12133375893328541,True,False,285,215
2009-02-04 00:00:00+00:00,9552540.113113165,9552540.113113165,0.0,0.0,0.0,0.0,0,-0.12133375893328541,True,False,285,215
2009-02-05 00:00:00+00:00,9552540.113113165,9552540.113113165,0.0,0.0,0.0,0.0,0,-0.12133375893328541,True,False,286,215
2009-02-06 00:00:00+00:00,9552540.113113165,9552540.113113165,0.0,0.0,0.0,0.0,0,-0.12133375893328541,True,False,286,215
2009-02-09 00:00:00+00:00,9552540.113113165,9552540.113113165,0.0,0.0,0.0,0.0,0,-0.12133375893328541,True,False,286,215
2009-02-10 00:00:00+00:00,9552540.113113165,9552540.113113165,0.0,0.0,0.0,0.0,0,-0.12133375893328541,True,False,286,215
2009-02-11 00:00:00+00:00,9552540.113113165,9552540.113113165,0.0,0.0,0.0,0.0,0,-0.12133375893328541,True,False,286,215
2009-02-12 00:00:00+00:00,9552540.113113165,9552540.113113165,0.0,0.0,0.0,0.0,0,-0.12133375893328541,True,False,286,215
2009-02-13 00:00:00+00:00,9552540.113113165,9552540.113113165,0.0,0.0,0.0,0.0,0,-0.12133375893328541,True,False,286,215
2009-02-16 00:00:00+00:00,9552540.113113165,9552540.113113165,0.0,0.0,0.0,0.0,0,-0.12133375893328541,True,False,286,215
2009-02-17 00:00:00+00:00,9552540.113113165,9552540.113113165,0.0,0.0,0.0,0.0,0,-0.12133375893328541,True,False,288,215
2009-02-18 00:00:00+00:00,9552540.113113165,9552540.113113165,0.0,0.0,0.0,0.0,0,-0.12133375893328541,True,False,288,215
2009-02-19 00:00:00+00:00,9552540.113113165,9552540.113113165,0.0,0.0,0.0,0.0,0,-0.12133375893328541,True,False,290,215
2009-02-20 00:00:00+00:00,9552540.113113165,9552540.113113165,0.0,0.0,0.0,0.0,0,-0.12133375893328541,True,False,291,215
2009-02-23 00:00:00+00:00,9552540.113113165,9552540.113113165,0.0,0.0,0.0,0.0,0,-0.12133375893328541,True,False,291,215
2009-02-24 00:00:00+00:00,9552540.113113165,9552540.113113165,0.0,0.0,0.0,0.0,0,-0.12133375893328541,True,False,292,215
2009-02-25 00:00:00+00:00,9552540.113113165,9552540.113113165,0.0,0.0,0.0,0.0,0,-0.12133375893328541,True,False,292,215
2009-02-26 00:00:00+00:00,9552540.113113165,9552540.113113165,0.0,0.0,0.0,0.0,0,-0.12133375893328541,True,False,292,215
2009-02-27 00:00:00+00:00,9552540.113113165,9552540.113113165,0.0,0.0,0.0,0.0,0,-0.12133375893328541,True,False,292,215
2009-03-02 00:00:00+00:00,9552540.113113165,9552540.113113165,0.0,0.0,0.0,0.0,0,-0.12133375893328541,True,False,293,215
2009-03-03 00:00:00+00:00,9552540.113113165,9552540.113113165,0.0,0.0,0.0,0.0,0,-0.12133375893328541,True,False,295,215
2009-03-04 00:00:00+00:00,9552540.113113165,9552540.113113165,0.0,0.0,0.0,0.0,0,-0.12133375893328541,True,False,295,215
2009-03-05 00:00:00+00:00,9552540.113113165,9552540.113113165,0.0,0.0,0.0,0.0,0,-0.12133375893328541,True,False,298,215
2009-03-06 00:00:00+00:00,9552540.113113165,9552540.113113165,0.0,0.0,0.0,0.0,0,-0.12133375893328541,True,False,298,215
2009-03-09 00:00:00+00:00,9552540.113113165,9552540.113113165,0.0,0.0,0.0,0.0,0,-0.12133375893328541,True,False,300,215
2009-03-10 00:00:00+00:00,9552540.113113165,9552540.113113165,0.0,0.0,0.0,0.0,0,-0.12133375893328541,True,False,300,215
2009-03-11 00:00:00+00:00,9552540.113113165,9552540.113113165,0.0,0.0,0.0,0.0,0,-0.12133375893328541,True,False,300,215
2009-03-12 00:00:00+00:00,9552540.113113165,9552540.113113165,0.0,0.0,0.0,0.0,0,-0.12133375893328541,True,False,301,215
2009-03-13 00:00:00+00:00,9552540.113113165,9552540.113113165,0.0,0.0,0.0,0.0,0,-0.12133375893328541,True,False,301,215
2009-03-16 00:00:00+00:00,9552540.113113165,9552540.113113165,0.0,0.0,0.0,0.0,0,-0.12133375893328541,True,False,301,215
2009-03-17 00:00:00+00:00,9552540.113113165,9552540.113113165,0.0,0.0,0.0,0.0,0,-0.12133375893328541,True,False,302,215
2009-03-18 00:00:00+00:00,9552540.113113165,9552540.113113165,0.0,0.0,0.0,0.0,0,-0.12133375893328541,True,False,303,215
2009-03-19 00:00:00+00:00,9552540.113113165,9552540.113113165,0.0,0.0,0.0,0.0,0,-0.12133375893328541,True,False,303,215
2009-03-20 00:00:00+00:00,9552540.113113165,9552540.113113165,0.0,0.0,0.0,0.0,0,-0.12133375893328541,True,False,303,215
2009-03-23 00:00:00+00:00,9552540.113113165,9552540.113113165,0.0,0.0,0.0,0.0,0,-0.12133375893328541,True,False,303,215
2009-03-24 00:00:00+00:00,9552540.113113165,9552540.113113165,0.0,0.0,0.0,0.0,0,-0.12133375893328541,True,False,303,215
2009-03-25 00:00:00+00:00,9552540.113113165,9552540.113113165,0.0,0.0,0.0,0.0,0,-0.12133375893328541,True,False,303,215
2009-03-26 00:00:00+00:00,9552540.113113165,9552540.113113165,0.0,0.0,0.0,0.0,0,-0.12133375893328541,True,False,303,215
2009-03-27 00:00:00+00:00,9552540.113113165,9552540.113113165,0.0,0.0,0.0,0.0,0,-0.12133375893328541,True,False,303,215
2009-03-30 00:00:00+00:00,9552540.113113165,9552540.113113165,0.0,0.0,0.0,0.0,0,-0.12133375893328541,True,False,303,215
2009-03-31 00:00:00+00:00,9552540.113113165,9552540.113113165,0.0,0.0,0.0,0.0,0,-0.12133375893328541,True,False,303,215
2009-04-01 00:00:00+00:00,9552540.113113165,9552540.113113165,0.0,0.0,0.0,0.0,0,-0.12133375893328541,True,False,303,215
2009-04-02 00:00:00+00:00,9552540.113113165,9552540.113113165,0.0,0.0,0.0,0.0,0,-0.12133375893328541,True,False,303,215
2009-04-03 00:00:00+00:00,9552540.113113165,9552540.113113165,0.0,0.0,0.0,0.0,0,-0.12133375893328541,True,False,303,215
2009-04-06 00:00:00+00:00,9552540.113113165,9552540.113113165,0.0,0.0,0.0,0.0,0,-0.12133375893328541,True,False,303,215
2009-04-07 00:00:00+00:00,9552540.113113165,9552540.113113165,0.0,0.0,0.0,0.0,0,-0.12133375893328541,True,False,303,215
2009-04-08 00:00:00+00:00,9552540.113113165,9552540.113113165,0.0,0.0,0.0,0.0,0,-0.12133375893328541,True,False,303,215
2009-04-09 00:00:00+00:00,9552540.113113165,9552540.113113165,0.0,0.0,0.0,0.0,0,-0.12133375893328541,True,False,303,215
2009-04-13 00:00:00+00:00,9552540.113113165,9552540.113113165,0.0,0.0,0.0,0.0,0,-0.12133375893328541,True,False,303,215
2009-04-14 00:00:00+00:00,9552540.113113165,9552540.113113165,0.0,0.0,0.0,0.0,0,-0.12133375893328541,True,False,303,215
2009-04-15 00:00:00+00:00,9552540.113113165,9552540.113113165,0.0,0.0,0.0,0.0,0,-0.12133375893328541,True,False,303,215
2009-04-16 00:00:00+00:00,9552540.113113165,9552540.113113165,0.0,0.0,0.0,0.0,0,-0.12133375893328541,True,False,303,215
2009-04-17 00:00:00+00:00,9552540.113113165,9552540.113113165,0.0,0.0,0.0,0.0,0,-0.12133375893328541,True,False,303,215
2009-04-20 00:00:00+00:00,9552540.113113165,9552540.113113165,0.0,0.0,0.0,0.0,0,-0.12133375893328541,True,False,303,215
2009-04-21 00:00:00+00:00,9552540.113113165,9552540.113113165,0.0,0.0,0.0,0.0,0,-0.12133375893328541,True,False,303,215
2009-04-22 00:00:00+00:00,9552540.113113165,9552540.113113165,0.0,0.0,0.0,0.0,0,-0.12133375893328541,True,False,303,215
2009-04-23 00:00:00+00:00,9552540.113113165,9552540.113113165,0.0,0.0,0.0,0.0,0,-0.12133375893328541,True,False,303,215
2009-04-24 00:00:00+00:00,9552540.113113165,9552540.113113165,0.0,0.0,0.0,0.0,0,-0.12133375893328541,True,False,304,215
2009-04-27 00:00:00+00:00,9552540.113113165,9552540.113113165,0.0,0.0,0.0,0.0,0,-0.12133375893328541,True,False,304,215
2009-04-28 00:00:00+00:00,9552540.113113165,9552540.113113165,0.0,0.0,0.0,0.0,0,-0.12133375893328541,True,False,304,215
2009-04-29 00:00:00+00:00,9552540.113113165,9552540.113113165,0.0,0.0,0.0,0.0,0,-0.12133375893328541,True,False,304,215
2009-04-30 00:00:00+00:00,9552540.113113165,9552540.113113165,0.0,0.0,0.0,0.0,0,-0.12133375893328541,True,False,304,215
2009-05-01 00:00:00+00:00,9552540.113113165,9552540.113113165,0.0,0.0,0.0,0.0,0,-0.12133375893328541,True,False,304,215
2009-05-04 00:00:00+00:00,9552540.113113165,9552540.113113165,0.0,0.0,0.0,0.0,0,-0.12133375893328541,True,False,304,215
2009-05-05 00:00:00+00:00,9552540.113113165,9552540.113113165,0.0,0.0,0.0,0.0,0,-0.12133375893328541,True,False,304,215
2009-05-06 00:00:00+00:00,9552540.113113165,9552540.113113165,0.0,0.0,0.0,0.0,0,-0.12133375893328541,True,False,304,215
2009-05-07 00:00:00+00:00,9552540.113113165,9552540.113113165,0.0,0.0,0.0,0.0,0,-0.12133375893328541,True,False,304,215
2009-05-08 00:00:00+00:00,9552540.113113165,9552540.113113165,0.0,0.0,0.0,0.0,0,-0.12133375893328541,True,False,304,215
2009-05-11 00:00:00+00:00,9552540.113113165,9552540.113113165,0.0,0.0,0.0,0.0,0,-0.12133375893328541,True,False,304,215
2009-05-12 00:00:00+00:00,9552540.113113165,9552540.113113165,0.0,0.0,0.0,0.0,0,-0.12133375893328541,True,False,304,215
2009-05-13 00:00:00+00:00,9552540.113113165,9552540.113113165,0.0,0.0,0.0,0.0,0,-0.12133375893328541,True,False,304,215
2009-05-14 00:00:00+00:00,9552540.113113165,9552540.113113165,0.0,0.0,0.0,0.0,0,-0.12133375893328541,True,False,304,215
2009-05-15 00:00:00+00:00,9552540.113113165,9552540.113113165,0.0,0.0,0.0,0.0,0,-0.12133375893328541,True,False,304,215
2009-05-18 00:00:00+00:00,9552540.113113165,9552540.113113165,0.0,0.0,0.0,0.0,0,-0.12133375893328541,True,False,304,215
2009-05-19 00:00:00+00:00,9552540.113113165,9552540.113113165,0.0,0.0,0.0,0.0,0,-0.12133375893328541,True,False,304,215
2009-05-20 00:00:00+00:00,9552540.113113165,9552540.113113165,0.0,0.0,0.0,0.0,0,-0.12133375893328541,True,False,304,215
2009-05-21 00:00:00+00:00,9552540.113113165,9552540.113113165,0.0,0.0,0.0,0.0,0,-0.12133375893328541,True,False,304,215
2009-05-22 00:00:00+00:00,9552540.113113165,9552540.113113165,0.0,0.0,0.0,0.0,0,-0.12133375893328541,True,False,304,215
2009-05-25 00:00:00+00:00,9552540.113113165,9552540.113113165,0.0,0.0,0.0,0.0,0,-0.12133375893328541,True,False,304,215
2009-05-26 00:00:00+00:00,9552540.113113165,9552540.113113165,0.0,0.0,0.0,0.0,0,-0.12133375893328541,True,False,304,215
2009-05-27 00:00:00+00:00,9552540.113113165,9552540.113113165,0.0,0.0,0.0,0.0,0,-0.12133375893328541,True,False,304,215
2009-05-28 00:00:00+00:00,9552540.113113165,9552540.113113165,0.0,0.0,0.0,0.0,0,-0.12133375893328541,True,False,304,215
2009-05-29 00:00:00+00:00,9552540.113113165,9552540.113113165,0.0,0.0,0.0,0.0,0,-0.12133375893328541,True,False,304,215
2009-06-01 00:00:00+00:00,9552540.113113165,9552540.113113165,0.0,0.0,0.0,0.0,0,-0.12133375893328541,True,False,304,215
2009-06-02 00:00:00+00:00,9552540.113113165,9552540.113113165,0.0,0.0,0.0,0.0,0,-0.12133375893328541,True,False,304,215
2009-06-03 00:00:00+00:00,9552540.113113165,9552540.113113165,0.0,0.0,0.0,0.0,0,-0.12133375893328541,True,False,304,215
2009-06-04 00:00:00+00:00,9552540.113113165,9552540.113113165,0.0,0.0,0.0,0.0,0,-0.12133375893328541,True,False,304,215
2009-06-05 00:00:00+00:00,9552540.113113165,9552540.113113165,0.0,0.0,0.0,0.0,0,-0.12133375893328541,True,False,304,215
2009-06-08 00:00:00+00:00,9552540.113113165,9552540.113113165,0.0,0.0,0.0,0.0,0,-0.12133375893328541,True,False,304,215
2009-06-09 00:00:00+00:00,9552540.113113165,9552540.113113165,0.0,0.0,0.0,0.0,0,-0.12133375893328541,True,False,304,215
2009-06-10 00:00:00+00:00,9552540.113113165,9552540.113113165,0.0,0.0,0.0,0.0,0,-0.12133375893328541,True,False,304,215
2009-06-11 00:00:00+00:00,9552540.113113165,9552540.113113165,0.0,0.0,0.0,0.0,0,-0.12133375893328541,True,False,304,215
2009-06-12 00:00:00+00:00,9552540.113113165,9552540.113113165,0.0,0.0,0.0,0.0,0,-0.12133375893328541,True,False,304,215
2009-06-15 00:00:00+00:00,9552540.113113165,9552540.113113165,0.0,0.0,0.0,0.0,0,-0.12133375893328541,True,False,304,215
2009-06-16 00:00:00+00:00,9552540.113113165,9552540.113113165,0.0,0.0,0.0,0.0,0,-0.12133375893328541,True,False,304,215
2009-06-17 00:00:00+00:00,9552540.113113165,9552540.113113165,0.0,0.0,0.0,0.0,0,-0.12133375893328541,True,False,304,215
2009-06-18 00:00:00+00:00,9552540.113113165,9552540.113113165,0.0,0.0,0.0,0.0,0,-0.12133375893328541,True,False,304,215
2009-06-19 00:00:00+00:00,9552540.113113165,9552540.113113165,0.0,0.0,0.0,0.0,0,-0.12133375893328541,True,False,304,215
2009-06-22 00:00:00+00:00,9552540.113113165,9552540.113113165,0.0,0.0,0.0,0.0,0,-0.12133375893328541,True,False,304,215
2009-06-23 00:00:00+00:00,9552540.113113165,9552540.113113165,0.0,0.0,0.0,0.0,0,-0.12133375893328541,True,False,304,215
2009-06-24 00:00:00+00:00,9552540.113113165,9552540.113113165,0.0,0.0,0.0,0.0,0,-0.12133375893328541,True,False,304,215
2009-06-25 00:00:00+00:00,9552540.113113165,9552540.113113165,0.0,0.0,0.0,0.0,0,-0.12133375893328541,True,False,304,215
2009-06-26 00:00:00+00:00,9552540.113113165,9552540.113113165,0.0,0.0,0.0,0.0,0,-0.12133375893328541,True,False,304,215
2009-06-29 00:00:00+00:00,9552540.113113165,9552540.113113165,0.0,0.0,0.0,0.0,0,-0.12133375893328541,True,False,304,215
2009-06-30 00:00:00+00:00,9552540.113113165,9552540.113113165,0.0,0.0,0.0,0.0,0,-0.12133375893328541,True,False,305,215
2009-07-01 00:00:00+00:00,9552540.113113165,9552540.113113165,0.0,0.0,0.0,0.0,0,-0.12133375893328541,True,False,305,215
2009-07-02 00:00:00+00:00,9552540.113113165,9552540.113113165,0.0,0.0,0.0,0.0,0,-0.12133375893328541,True,False,305,215
2009-07-03 00:00:00+00:00,9552540.113113165,9552540.113113165,0.0,0.0,0.0,0.0,0,-0.12133375893328541,True,False,305,215
2009-07-06 00:00:00+00:00,9552540.113113165,9552540.113113165,0.0,0.0,0.0,0.0,0,-0.12133375893328541,True,False,305,215
2009-07-07 00:00:00+00:00,9552540.113113165,9552540.113113165,0.0,0.0,0.0,0.0,0,-0.12133375893328541,True,False,307,215
2009-07-08 00:00:00+00:00,9552540.113113165,9552540.113113165,0.0,0.0,0.0,0.0,0,-0.12133375893328541,True,False,308,215
2009-07-09 00:00:00+00:00,9552540.113113165,9552540.113113165,0.0,0.0,0.0,0.0,0,-0.12133375893328541,True,False,308,215
2009-07-10 00:00:00+00:00,9552540.113113165,9552540.113113165,0.0,0.0,0.0,0.0,0,-0.12133375893328541,True,False,310,215
2009-07-13 00:00:00+00:00,9552540.113113165,9552540.113113165,0.0,0.0,0.0,0.0,0,-0.12133375893328541,True,False,315,215
2009-07-14 00:00:00+00:00,9552540.113113165,9552540.113113165,0.0,0.0,0.0,0.0,0,-0.12133375893328541,True,False,315,215
2009-07-15 00:00:00+00:00,9552540.113113165,9552540.113113165,0.0,0.0,0.0,0.0,0,-0.12133375893328541,True,False,315,215
2009-07-16 00:00:00+00:00,9552540.113113165,9552540.113113165,0.0,0.0,0.0,0.0,0,-0.12133375893328541,True,False,315,215
2009-07-17 00:00:00+00:00,9552540.113113165,9552540.113113165,0.0,0.0,0.0,0.0,0,-0.12133375893328541,True,False,315,215
2009-07-20 00:00:00+00:00,9552540.113113165,9552540.113113165,0.0,0.0,0.0,0.0,0,-0.12133375893328541,True,False,315,215
2009-07-21 00:00:00+00:00,9552540.113113165,9552540.113113165,0.0,0.0,0.0,0.0,0,-0.12133375893328541,True,False,315,215
2009-07-22 00:00:00+00:00,9552540.113113165,9552540.113113165,0.0,0.0,0.0,0.0,0,-0.12133375893328541,True,False,315,215
2009-07-23 00:00:00+00:00,9552540.113113165,9552540.113113165,0.0,0.0,0.0,0.0,0,-0.12133375893328541,True,False,315,215
2009-07-24 00:00:00+00:00,9552540.113113165,9552540.113113165,0.0,0.0,0.0,0.0,0,-0.12133375893328541,True,False,315,215
2009-07-27 00:00:00+00:00,9552540.113113165,9552540.113113165,0.0,0.0,0.0,0.0,0,-0.12133375893328541,True,False,315,215
2009-07-28 00:00:00+00:00,9552540.113113165,9552540.113113165,0.0,0.0,0.0,0.0,0,-0.12133375893328541,True,False,315,215
2009-07-29 00:00:00+00:00,9552540.113113165,9552540.113113165,0.0,0.0,0.0,0.0,0,-0.12133375893328541,True,False,315,215
2009-07-30 00:00:00+00:00,9552540.113113165,9552540.113113165,0.0,0.0,0.0,0.0,0,-0.12133375893328541,True,False,315,215
2009-07-31 00:00:00+00:00,9552540.113113165,9552540.113113165,0.0,0.0,0.0,0.0,0,-0.12133375893328541,True,False,315,215
2009-08-03 00:00:00+00:00,9552540.113113165,9552540.113113165,0.0,0.0,0.0,0.0,0,-0.12133375893328541,True,False,315,215
2009-08-04 00:00:00+00:00,9552540.113113165,9552540.113113165,0.0,0.0,0.0,0.0,0,-0.12133375893328541,True,False,315,215
2009-08-05 00:00:00+00:00,9552540.113113165,9552540.113113165,0.0,0.0,0.0,0.0,0,-0.12133375893328541,True,False,315,215
2009-08-06 00:00:00+00:00,9552540.113113165,9552540.113113165,0.0,0.0,0.0,0.0,0,-0.12133375893328541,True,False,315,215
2009-08-07 00:00:00+00:00,9552540.113113165,9552540.113113165,0.0,0.0,0.0,0.0,0,-0.12133375893328541,True,False,315,215
2009-08-10 00:00:00+00:00,9552540.113113165,9552540.113113165,0.0,0.0,0.0,0.0,0,-0.12133375893328541,True,False,315,215
2009-08-11 00:00:00+00:00,9552540.113113165,9552540.113113165,0.0,0.0,0.0,0.0,0,-0.12133375893328541,True,False,316,215
2009-08-12 00:00:00+00:00,9552540.113113165,9552540.113113165,0.0,0.0,0.0,0.0,0,-0.12133375893328541,True,False,317,215
2009-08-13 00:00:00+00:00,9552540.113113165,9552540.113113165,0.0,0.0,0.0,0.0,0,-0.12133375893328541,True,False,317,215
2009-08-14 00:00:00+00:00,9552540.113113165,9552540.113113165,0.0,0.0,0.0,0.0,0,-0.12133375893328541,True,False,317,215
2009-08-17 00:00:00+00:00,9552540.113113165,9552540.113113165,0.0,0.0,0.0,0.0,0,-0.12133375893328541,True,False,317,215
2009-08-18 00:00:00+00:00,9552540.113113165,9552540.113113165,0.0,0.0,0.0,0.0,0,-0.12133375893328541,True,False,317,215
2009-08-19 00:00:00+00:00,9552540.113113165,9552540.113113165,0.0,0.0,0.0,0.0,0,-0.12133375893328541,True,False,317,215
2009-08-20 00:00:00+00:00,9552540.113113165,9552540.113113165,0.0,0.0,0.0,0.0,0,-0.12133375893328541,True,False,317,215
2009-08-21 00:00:00+00:00,9552540.113113165,9552540.113113165,0.0,0.0,0.0,0.0,0,-0.12133375893328541,True,False,317,215
2009-08-24 00:00:00+00:00,9552540.113113165,9552540.113113165,0.0,0.0,0.0,0.0,0,-0.12133375893328541,True,False,317,215
2009-08-25 00:00:00+00:00,9552540.113113165,9552540.113113165,0.0,0.0,0.0,0.0,0,-0.12133375893328541,True,False,317,215
2009-08-26 00:00:00+00:00,9552540.113113165,9552540.113113165,0.0,0.0,0.0,0.0,0,-0.12133375893328541,True,False,317,215
2009-08-27 00:00:00+00:00,9552540.113113165,9552540.113113165,0.0,0.0,0.0,0.0,0,-0.12133375893328541,True,False,317,215
2009-08-28 00:00:00+00:00,9552540.113113165,9552540.113113165,0.0,0.0,0.0,0.0,0,-0.12133375893328541,True,False,317,215
2009-08-31 00:00:00+00:00,9552540.113113165,9552540.113113165,0.0,0.0,0.0,0.0,0,-0.12133375893328541,True,False,317,215
2009-09-01 00:00:00+00:00,9552540.113113165,9552540.113113165,0.0,0.0,0.0,0.0,0,-0.12133375893328541,True,False,317,215
2009-09-02 00:00:00+00:00,9552540.113113165,9552540.113113165,0.0,0.0,0.0,0.0,0,-0.12133375893328541,True,False,317,215
2009-09-03 00:00:00+00:00,9552540.113113165,9552540.113113165,0.0,0.0,0.0,0.0,0,-0.12133375893328541,True,False,317,215
2009-09-04 00:00:00+00:00,9552540.113113165,9552540.113113165,0.0,0.0,0.0,0.0,0,-0.12133375893328541,True,False,319,215
2009-09-07 00:00:00+00:00,9552540.113113165,9552540.113113165,0.0,0.0,0.0,0.0,0,-0.12133375893328541,True,False,319,215
2009-09-08 00:00:00+00:00,9552540.113113165,9552540.113113165,0.0,0.0,0.0,0.0,0,-0.12133375893328541,True,False,319,215
2009-09-09 00:00:00+00:00,9552540.113113165,9552540.113113165,0.0,0.0,0.0,0.0,0,-0.12133375893328541,True,False,319,215
2009-09-10 00:00:00+00:00,9552540.113113165,9552540.113113165,0.0,0.0,0.0,0.0,0,-0.12133375893328541,True,False,319,215
2009-09-11 00:00:00+00:00,9552540.113113165,9552540.113113165,0.0,0.0,0.0,0.0,0,-0.12133375893328541,True,False,319,215
2009-09-14 00:00:00+00:00,9552540.113113165,9552540.113113165,0.0,0.0,0.0,0.0,0,-0.12133375893328541,True,False,319,215
2009-09-15 00:00:00+00:00,9552540.113113165,9552540.113113165,0.0,0.0,0.0,0.0,0,-0.12133375893328541,True,False,319,215
2009-09-16 00:00:00+00:00,9552540.113113165,9552540.113113165,0.0,0.0,0.0,0.0,0,-0.12133375893328541,True,False,320,215
2009-09-17 00:00:00+00:00,9552540.113113165,9552540.113113165,0.0,0.0,0.0,0.0,0,-0.12133375893328541,True,False,320,215
2009-09-18 00:00:00+00:00,9552540.113113165,9552540.113113165,0.0,0.0,0.0,0.0,0,-0.12133375893328541,True,False,320,215
2009-09-21 00:00:00+00:00,9552540.113113165,9552540.113113165,0.0,0.0,0.0,0.0,0,-0.12133375893328541,True,False,320,215
2009-09-22 00:00:00+00:00,9552540.113113165,9552540.113113165,0.0,0.0,0.0,0.0,0,-0.12133375893328541,True,False,320,215
2009-09-23 00:00:00+00:00,9552540.113113165,9552540.113113165,0.0,0.0,0.0,0.0,0,-0.12133375893328541,True,False,320,215
2009-09-24 00:00:00+00:00,9552540.113113165,9552540.113113165,0.0,0.0,0.0,0.0,0,-0.12133375893328541,True,False,320,215
2009-09-25 00:00:00+00:00,9552540.113113165,9552540.113113165,0.0,0.0,0.0,0.0,0,-0.12133375893328541,True,False,320,215
2009-09-28 00:00:00+00:00,9552540.113113165,9552540.113113165,0.0,0.0,0.0,0.0,0,-0.12133375893328541,True,False,320,215
2009-09-29 00:00:00+00:00,9552540.113113165,9552540.113113165,0.0,0.0,0.0,0.0,0,-0.12133375893328541,True,False,320,215
2009-09-30 00:00:00+00:00,9552540.113113165,9552540.113113165,0.0,0.0,0.0,0.0,0,-0.12133375893328541,True,False,320,215
2009-10-01 00:00:00+00:00,9552540.113113165,9552540.113113165,0.0,0.0,0.0,0.0,0,-0.12133375893328541,True,False,320,215
2009-10-02 00:00:00+00:00,9552540.113113165,9552540.113113165,0.0,0.0,0.0,0.0,0,-0.12133375893328541,True,False,321,215
2009-10-05 00:00:00+00:00,9552540.113113165,9552540.113113165,0.0,0.0,0.0,0.0,0,-0.12133375893328541,True,False,321,215
2009-10-06 00:00:00+00:00,9552540.113113165,9552540.113113165,0.0,0.0,0.0,0.0,0,-0.12133375893328541,True,False,321,215
2009-10-07 00:00:00+00:00,9552540.113113165,9552540.113113165,0.0,0.0,0.0,0.0,0,-0.12133375893328541,True,False,321,215
2009-10-08 00:00:00+00:00,9552540.113113165,9552540.113113165,0.0,0.0,0.0,0.0,0,-0.12133375893328541,True,False,322,215
2009-10-09 00:00:00+00:00,9552540.113113165,9552540.113113165,0.0,0.0,0.0,0.0,0,-0.12133375893328541,True,False,322,215
2009-10-12 00:00:00+00:00,9552540.113113165,9552540.113113165,0.0,0.0,0.0,0.0,0,-0.12133375893328541,True,False,322,215
2009-10-13 00:00:00+00:00,9552540.113113165,9552540.113113165,0.0,0.0,0.0,0.0,0,-0.12133375893328541,True,False,322,215
2009-10-14 00:00:00+00:00,9552540.113113165,9552540.113113165,0.0,0.0,0.0,0.0,0,-0.12133375893328541,True,False,322,215
2009-10-15 00:00:00+00:00,9552540.113113165,9552540.113113165,0.0,0.0,0.0,0.0,0,-0.12133375893328541,True,False,322,215
2009-10-16 00:00:00+00:00,9552540.113113165,9552540.113113165,0.0,0.0,0.0,0.0,0,-0.12133375893328541,True,False,323,215
2009-10-19 00:00:00+00:00,9552540.113113165,9552540.113113165,0.0,0.0,0.0,0.0,0,-0.12133375893328541,True,False,323,215
2009-10-20 00:00:00+00:00,9552540.113113165,9552540.113113165,0.0,0.0,0.0,0.0,0,-0.12133375893328541,True,False,323,215
2009-10-21 00:00:00+00:00,9552540.113113165,9552540.113113165,0.0,0.0,0.0,0.0,0,-0.12133375893328541,True,False,323,215
2009-10-22 00:00:00+00:00,9552540.113113165,9552540.113113165,0.0,0.0,0.0,0.0,0,-0.12133375893328541,True,False,323,215
2009-10-23 00:00:00+00:00,9552540.113113165,9552540.113113165,0.0,0.0,0.0,0.0,0,-0.12133375893328541,True,False,323,215
2009-10-26 00:00:00+00:00,9552540.113113165,9552540.113113165,0.0,0.0,0.0,0.0,0,-0.12133375893328541,True,False,324,215
2009-10-27 00:00:00+00:00,9552540.113113165,9552540.113113165,0.0,0.0,0.0,0.0,0,-0.12133375893328541,True,False,324,215
2009-10-28 00:00:00+00:00,9552540.113113165,9552540.113113165,0.0,0.0,0.0,0.0,0,-0.12133375893328541,True,False,326,215
2009-10-29 00:00:00+00:00,9552540.113113165,9552540.113113165,0.0,0.0,0.0,0.0,0,-0.12133375893328541,True,False,329,215
2009-10-30 00:00:00+00:00,9552540.113113165,9552540.113113165,0.0,0.0,0.0,0.0,0,-0.12133375893328541,True,False,330,215
2009-11-02 00:00:00+00:00,9552540.113113165,9552540.113113165,0.0,0.0,0.0,0.0,0,-0.12133375893328541,True,False,330,215
2009-11-03 00:00:00+00:00,9552540.113113165,9552540.113113165,0.0,0.0,0.0,0.0,0,-0.12133375893328541,True,False,337,215
2009-11-04 00:00:00+00:00,9552540.113113165,9552540.113113165,0.0,0.0,0.0,0.0,0,-0.12133375893328541,True,False,337,215
2009-11-05 00:00:00+00:00,9552540.113113165,9552540.113113165,0.0,0.0,0.0,0.0,0,-0.12133375893328541,True,False,337,215
2009-11-06 00:00:00+00:00,9552540.113113165,9552540.113113165,0.0,0.0,0.0,0.0,0,-0.12133375893328541,True,False,337,215
2009-11-09 00:00:00+00:00,9552540.113113165,9552540.113113165,0.0,0.0,0.0,0.0,0,-0.12133375893328541,True,False,337,215
2009-11-10 00:00:00+00:00,9552540.113113165,9552540.113113165,0.0,0.0,0.0,0.0,0,-0.12133375893328541,True,False,337,215
2009-11-11 00:00:00+00:00,9552540.113113165,9552540.113113165,0.0,0.0,0.0,0.0,0,-0.12133375893328541,True,False,337,215
2009-11-12 00:00:00+00:00,9552540.113113165,9552540.113113165,0.0,0.0,0.0,0.0,0,-0.12133375893328541,True,False,337,215
2009-11-13 00:00:00+00:00,9552540.113113165,9552540.113113165,0.0,0.0,0.0,0.0,0,-0.12133375893328541,True,False,337,215
2009-11-16 00:00:00+00:00,9552540.113113165,9552540.113113165,0.0,0.0,0.0,0.0,0,-0.12133375893328541,True,False,337,215
2009-11-17 00:00:00+00:00,9552540.113113165,9552540.113113165,0.0,0.0,0.0,0.0,0,-0.12133375893328541,True,False,337,215
2009-11-18 00:00:00+00:00,9552540.113113165,9552540.113113165,0.0,0.0,0.0,0.0,0,-0.12133375893328541,True,False,337,215
2009-11-19 00:00:00+00:00,9552540.113113165,9552540.113113165,0.0,0.0,0.0,0.0,0,-0.12133375893328541,True,False,337,215
2009-11-20 00:00:00+00:00,9552540.113113165,9552540.113113165,0.0,0.0,0.0,0.0,0,-0.12133375893328541,True,False,337,215
2009-11-23 00:00:00+00:00,9552540.113113165,9552540.113113165,0.0,0.0,0.0,0.0,0,-0.12133375893328541,True,False,337,215
2009-11-24 00:00:00+00:00,9552540.113113165,9552540.113113165,0.0,0.0,0.0,0.0,0,-0.12133375893328541,True,False,337,215
2009-11-25 00:00:00+00:00,9552540.113113165,9552540.113113165,0.0,0.0,0.0,0.0,0,-0.12133375893328541,True,False,337,215
2009-11-26 00:00:00+00:00,9552540.113113165,9552540.113113165,0.0,0.0,0.0,0.0,0,-0.12133375893328541,True,False,337,215
2009-11-27 00:00:00+00:00,9552540.113113165,9552540.113113165,0.0,0.0,0.0,0.0,0,-0.12133375893328541,True,False,337,215
2009-11-30 00:00:00+00:00,9552540.113113165,9552540.113113165,0.0,0.0,0.0,0.0,0,-0.12133375893328541,True,False,337,215
2009-12-01 00:00:00+00:00,9552540.113113165,9552540.113113165,0.0,0.0,0.0,0.0,0,-0.12133375893328541,True,False,337,215
2009-12-02 00:00:00+00:00,9552540.113113165,9552540.113113165,0.0,0.0,0.0,0.0,0,-0.12133375893328541,True,False,337,215
2009-12-03 00:00:00+00:00,9552540.113113165,9552540.113113165,0.0,0.0,0.0,0.0,0,-0.12133375893328541,True,False,337,215
2009-12-04 00:00:00+00:00,9552540.113113165,9552540.113113165,0.0,0.0,0.0,0.0,0,-0.12133375893328541,True,False,337,215
2009-12-07 00:00:00+00:00,9552540.113113165,9552540.113113165,0.0,0.0,0.0,0.0,0,-0.12133375893328541,True,False,337,215
2009-12-08 00:00:00+00:00,9552540.113113165,9552540.113113165,0.0,0.0,0.0,0.0,0,-0.12133375893328541,True,False,337,215
2009-12-09 00:00:00+00:00,9552540.113113165,9552540.113113165,0.0,0.0,0.0,0.0,0,-0.12133375893328541,True,False,337,215
2009-12-10 00:00:00+00:00,9552540.113113165,9552540.113113165,0.0,0.0,0.0,0.0,0,-0.12133375893328541,True,False,337,215
2009-12-11 00:00:00+00:00,9552540.113113165,9552540.113113165,0.0,0.0,0.0,0.0,0,-0.12133375893328541,True,False,338,215
2009-12-14 00:00:00+00:00,9552540.113113165,9552540.113113165,0.0,0.0,0.0,0.0,0,-0.12133375893328541,True,False,338,215
2009-12-15 00:00:00+00:00,9552540.113113165,9552540.113113165,0.0,0.0,0.0,0.0,0,-0.12133375893328541,True,False,338,215
2009-12-16 00:00:00+00:00,9552540.113113165,9552540.113113165,0.0,0.0,0.0,0.0,0,-0.12133375893328541,True,False,338,215
2009-12-17 00:00:00+00:00,9552540.113113165,9552540.113113165,0.0,0.0,0.0,0.0,0,-0.12133375893328541,True,False,338,215
2009-12-18 00:00:00+00:00,9552540.113113165,9552540.113113165,0.0,0.0,0.0,0.0,0,-0.12133375893328541,True,False,338,215
2009-12-21 00:00:00+00:00,9552540.113113165,9552540.113113165,0.0,0.0,0.0,0.0,0,-0.12133375893328541,True,False,338,215
2009-12-22 00:00:00+00:00,9552540.113113165,9552540.113113165,0.0,0.0,0.0,0.0,0,-0.12133375893328541,True,False,338,215
2009-12-23 00:00:00+00:00,9552540.113113165,9552540.113113165,0.0,0.0,0.0,0.0,0,-0.12133375893328541,True,False,338,215
2009-12-24 00:00:00+00:00,9552540.113113165,9552540.113113165,0.0,0.0,0.0,0.0,0,-0.12133375893328541,True,False,338,215
2009-12-28 00:00:00+00:00,9552540.113113165,9552540.113113165,0.0,0.0,0.0,0.0,0,-0.12133375893328541,True,False,338,215
2009-12-29 00:00:00+00:00,9552540.113113165,9552540.113113165,0.0,0.0,0.0,0.0,0,-0.12133375893328541,True,False,338,215
2009-12-30 00:00:00+00:00,9552540.113113165,9552540.113113165,0.0,0.0,0.0,0.0,0,-0.12133375893328541,True,False,338,215
2009-12-31 00:00:00+00:00,9552540.113113165,9552540.113113165,0.0,0.0,0.0,0.0,0,-0.12133375893328541,True,False,338,215
2010-01-04 00:00:00+00:00,9552540.113113165,9552540.113113165,0.0,0.0,0.0,0.0,0,-0.12133375893328541,True,False,338,215
2010-01-05 00:00:00+00:00,9552540.113113165,9552540.113113165,0.0,0.0,0.0,0.0,0,-0.12133375893328541,True,False,338,215
2010-01-06 00:00:00+00:00,9552540.113113165,9552540.113113165,0.0,0.0,0.0,0.0,0,-0.12133375893328541,True,False,338,215
2010-01-07 00:00:00+00:00,9552540.113113165,9552540.113113165,0.0,0.0,0.0,0.0,0,-0.12133375893328541,True,False,339,215
2010-01-08 00:00:00+00:00,9552540.113113165,9552540.113113165,0.0,0.0,0.0,0.0,0,-0.12133375893328541,True,False,340,215
2010-01-11 00:00:00+00:00,9552540.113113165,9552540.113113165,0.0,0.0,0.0,0.0,0,-0.12133375893328541,True,False,340,215
2010-01-12 00:00:00+00:00,9552540.113113165,9552540.113113165,0.0,0.0,0.0,0.0,0,-0.12133375893328541,True,False,340,215
2010-01-13 00:00:00+00:00,9552540.113113165,9552540.113113165,0.0,0.0,0.0,0.0,0,-0.12133375893328541,True,False,340,215
2010-01-14 00:00:00+00:00,9552540.113113165,9552540.113113165,0.0,0.0,0.0,0.0,0,-0.12133375893328541,True,False,341,215
2010-01-15 00:00:00+00:00,9552540.113113165,9552540.113113165,0.0,0.0,0.0,0.0,0,-0.12133375893328541,True,False,341,215
2010-01-18 00:00:00+00:00,9552540.113113165,9552540.113113165,0.0,0.0,0.0,0.0,0,-0.12133375893328541,True,False,341,215
2010-01-19 00:00:00+00:00,9552540.113113165,9552540.113113165,0.0,0.0,0.0,0.0,0,-0.12133375893328541,True,False,341,215
2010-01-20 00:00:00+00:00,9552540.113113165,9552540.113113165,0.0,0.0,0.0,0.0,0,-0.12133375893328541,True,False,341,215
2010-01-21 00:00:00+00:00,9552540.113113165,9552540.113113165,0.0,0.0,0.0,0.0,0,-0.12133375893328541,True,False,342,215
2010-01-22 00:00:00+00:00,9552540.113113165,9552540.113113165,0.0,0.0,0.0,0.0,0,-0.12133375893328541,True,False,342,215
2010-01-25 00:00:00+00:00,9552540.113113165,9552540.113113165,0.0,0.0,0.0,0.0,0,-0.12133375893328541,True,False,342,215
2010-01-26 00:00:00+00:00,9552540.113113165,9552540.113113165,0.0,0.0,0.0,0.0,0,-0.12133375893328541,True,False,342,215
2010-01-27 00:00:00+00:00,9552540.113113165,9552540.113113165,0.0,0.0,0.0,0.0,0,-0.12133375893328541,True,False,346,215
2010-01-28 00:00:00+00:00,9552540.113113165,9552540.113113165,0.0,0.0,0.0,0.0,0,-0.12133375893328541,True,False,347,215
2010-01-29 00:00:00+00:00,9552540.113113165,9552540.113113165,0.0,0.0,0.0,0.0,0,-0.12133375893328541,True,False,350,215
2010-02-01 00:00:00+00:00,9552540.113113165,9552540.113113165,0.0,0.0,0.0,0.0,0,-0.12133375893328541,True,False,351,215
2010-02-02 00:00:00+00:00,9552540.113113165,9552540.113113165,0.0,0.0,0.0,0.0,0,-0.12133375893328541,True,False,351,215
2010-02-03 00:00:00+00:00,9552540.113113165,9552540.113113165,0.0,0.0,0.0,0.0,0,-0.12133375893328541,True,False,351,215
2010-02-04 00:00:00+00:00,9552540.113113165,9552540.113113165,0.0,0.0,0.0,0.0,0,-0.12133375893328541,True,False,352,215
2010-02-05 00:00:00+00:00,9552540.113113165,9552540.113113165,0.0,0.0,0.0,0.0,0,-0.12133375893328541,True,False,354,215
2010-02-06 00:00:00+00:00,9552540.113113165,9552540.113113165,0.0,0.0,0.0,0.0,0,-0.12133375893328541,True,False,354,215
2010-02-08 00:00:00+00:00,9552540.113113165,9552540.113113165,0.0,0.0,0.0,0.0,0,-0.12133375893328541,True,False,354,215
2010-02-09 00:00:00+00:00,9552540.113113165,9552540.113113165,0.0,0.0,0.0,0.0,0,-0.12133375893328541,True,False,354,215
2010-02-10 00:00:00+00:00,9552540.113113165,9552540.113113165,0.0,0.0,0.0,0.0,0,-0.12133375893328541,True,False,354,215
2010-02-11 00:00:00+00:00,9552540.113113165,9552540.113113165,0.0,0.0,0.0,0.0,0,-0.12133375893328541,True,False,354,215
2010-02-12 00:00:00+00:00,9552540.113113165,9552540.113113165,0.0,0.0,0.0,0.0,0,-0.12133375893328541,True,False,354,215
2010-02-15 00:00:00+00:00,9552540.113113165,9552540.113113165,0.0,0.0,0.0,0.0,0,-0.12133375893328541,True,False,354,215
2010-02-16 00:00:00+00:00,9552540.113113165,9552540.113113165,0.0,0.0,0.0,0.0,0,-0.12133375893328541,True,False,355,215
2010-02-17 00:00:00+00:00,9552540.113113165,9552540.113113165,0.0,0.0,0.0,0.0,0,-0.12133375893328541,True,False,355,215
2010-02-18 00:00:00+00:00,9552540.113113165,9552540.113113165,0.0,0.0,0.0,0.0,0,-0.12133375893328541,True,False,355,215
2010-02-19 00:00:00+00:00,9552540.113113165,9552540.113113165,0.0,0.0,0.0,0.0,0,-0.12133375893328541,True,False,356,215
2010-02-22 00:00:00+00:00,9552540.113113165,9552540.113113165,0.0,0.0,0.0,0.0,0,-0.12133375893328541,True,False,356,215
2010-02-23 00:00:00+00:00,9552540.113113165,9552540.113113165,0.0,0.0,0.0,0.0,0,-0.12133375893328541,True,False,356,215
2010-02-24 00:00:00+00:00,9552540.113113165,9552540.113113165,0.0,0.0,0.0,0.0,0,-0.12133375893328541,True,False,356,215
2010-02-25 00:00:00+00:00,9552540.113113165,9552540.113113165,0.0,0.0,0.0,0.0,0,-0.12133375893328541,True,False,358,215
2010-02-26 00:00:00+00:00,9552540.113113165,9552540.113113165,0.0,0.0,0.0,0.0,0,-0.12133375893328541,True,False,358,215
2010-03-01 00:00:00+00:00,9552540.113113165,9552540.113113165,0.0,0.0,0.0,0.0,0,-0.12133375893328541,True,False,358,215
2010-03-02 00:00:00+00:00,9552540.113113165,9552540.113113165,0.0,0.0,0.0,0.0,0,-0.12133375893328541,True,False,358,215
2010-03-03 00:00:00+00:00,9552540.113113165,9552540.113113165,0.0,0.0,0.0,0.0,0,-0.12133375893328541,True,False,358,215
2010-03-04 00:00:00+00:00,9552540.113113165,9552540.113113165,0.0,0.0,0.0,0.0,0,-0.12133375893328541,True,False,358,215
2010-03-05 00:00:00+00:00,9552540.113113165,9552540.113113165,0.0,0.0,0.0,0.0,0,-0.12133375893328541,True,False,358,215
2010-03-08 00:00:00+00:00,9552540.113113165,9552540.113113165,0.0,0.0,0.0,0.0,0,-0.12133375893328541,True,False,358,215
2010-03-09 00:00:00+00:00,9552540.113113165,9552540.113113165,0.0,0.0,0.0,0.0,0,-0.12133375893328541,True,False,359,215
2010-03-10 00:00:00+00:00,9552540.113113165,9552540.113113165,0.0,0.0,0.0,0.0,0,-0.12133375893328541,True,False,359,215
2010-03-11 00:00:00+00:00,9552540.113113165,9552540.113113165,0.0,0.0,0.0,0.0,0,-0.12133375893328541,True,False,359,215
2010-03-12 00:00:00+00:00,9552540.113113165,9552540.113113165,0.0,0.0,0.0,0.0,0,-0.12133375893328541,True,False,359,215
2010-03-15 00:00:00+00:00,9552540.113113165,9552540.113113165,0.0,0.0,0.0,0.0,0,-0.12133375893328541,True,False,359,215
2010-03-16 00:00:00+00:00,9552540.113113165,9552540.113113165,0.0,0.0,0.0,0.0,0,-0.12133375893328541,True,False,359,215
2010-03-17 00:00:00+00:00,9552540.113113165,9552540.113113165,0.0,0.0,0.0,0.0,0,-0.12133375893328541,True,False,359,215
2010-03-18 00:00:00+00:00,9552540.113113165,9552540.113113165,0.0,0.0,0.0,0.0,0,-0.12133375893328541,True,False,360,215
2010-03-19 00:00:00+00:00,9552540.113113165,9552540.113113165,0.0,0.0,0.0,0.0,0,-0.12133375893328541,True,False,360,215
2010-03-22 00:00:00+00:00,9552540.113113165,9552540.113113165,0.0,0.0,0.0,0.0,0,-0.12133375893328541,True,False,361,215
2010-03-23 00:00:00+00:00,9552540.113113165,9552540.113113165,0.0,0.0,0.0,0.0,0,-0.12133375893328541,True,False,361,215
2010-03-24 00:00:00+00:00,9552540.113113165,9552540.113113165,0.0,0.0,0.0,0.0,0,-0.12133375893328541,True,False,361,215
2010-03-25 00:00:00+00:00,9552540.113113165,9552540.113113165,0.0,0.0,0.0,0.0,0,-0.12133375893328541,True,False,361,215
2010-03-26 00:00:00+00:00,9552540.113113165,9552540.113113165,0.0,0.0,0.0,0.0,0,-0.12133375893328541,True,False,361,215
2010-03-29 00:00:00+00:00,9552540.113113165,9552540.113113165,0.0,0.0,0.0,0.0,0,-0.12133375893328541,True,False,362,215
2010-03-30 00:00:00+00:00,9552540.113113165,9552540.113113165,0.0,0.0,0.0,0.0,0,-0.12133375893328541,True,False,362,215
2010-03-31 00:00:00+00:00,9552540.113113165,9552540.113113165,0.0,0.0,0.0,0.0,0,-0.12133375893328541,True,False,364,215
2010-04-01 00:00:00+00:00,9552540.113113165,9552540.113113165,0.0,0.0,0.0,0.0,0,-0.12133375893328541,True,False,364,215
2010-04-05 00:00:00+00:00,9552540.113113165,9552540.113113165,0.0,0.0,0.0,0.0,0,-0.12133375893328541,True,False,364,215
2010-04-06 00:00:00+00:00,9552540.113113165,9552540.113113165,0.0,0.0,0.0,0.0,0,-0.12133375893328541,True,False,364,215
2010-04-07 00:00:00+00:00,9552540.113113165,9552540.113113165,0.0,0.0,0.0,0.0,0,-0.12133375893328541,True,False,364,215
2010-04-08 00:00:00+00:00,9552540.113113165,9552540.113113165,0.0,0.0,0.0,0.0,0,-0.12133375893328541,True,False,364,215
2010-04-09 00:00:00+00:00,9552540.113113165,9552540.113113165,0.0,0.0,0.0,0.0,0,-0.12133375893328541,True,False,364,215
2010-04-12 00:00:00+00:00,9552540.113113165,9552540.113113165,0.0,0.0,0.0,0.0,0,-0.12133375893328541,True,False,365,215
2010-04-13 00:00:00+00:00,9552540.113113165,9552540.113113165,0.0,0.0,0.0,0.0,0,-0.12133375893328541,True,False,365,215
2010-04-14 00:00:00+00:00,9552540.113113165,9552540.113113165,0.0,0.0,0.0,0.0,0,-0.12133375893328541,True,False,365,215
2010-04-15 00:00:00+00:00,9552540.113113165,9552540.113113165,0.0,0.0,0.0,0.0,0,-0.12133375893328541,True,False,365,215
2010-04-16 00:00:00+00:00,9552540.113113165,9552540.113113165,0.0,0.0,0.0,0.0,0,-0.12133375893328541,True,False,365,215
2010-04-19 00:00:00+00:00,9552540.113113165,9552540.113113165,0.0,0.0,0.0,0.0,0,-0.12133375893328541,True,False,367,215
2010-04-20 00:00:00+00:00,9552540.113113165,9552540.113113165,0.0,0.0,0.0,0.0,0,-0.12133375893328541,True,False,367,215
2010-04-21 00:00:00+00:00,9552540.113113165,9552540.113113165,0.0,0.0,0.0,0.0,0,-0.12133375893328541,True,False,367,215
2010-04-22 00:00:00+00:00,9552540.113113165,9552540.113113165,0.0,0.0,0.0,0.0,0,-0.12133375893328541,True,False,367,215
2010-04-23 00:00:00+00:00,9552540.113113165,9552540.113113165,0.0,0.0,0.0,0.0,0,-0.12133375893328541,True,False,367,215
2010-04-26 00:00:00+00:00,9552540.113113165,9552540.113113165,0.0,0.0,0.0,0.0,0,-0.12133375893328541,True,False,367,215
2010-04-27 00:00:00+00:00,9552540.113113165,9552540.113113165,0.0,0.0,0.0,0.0,0,-0.12133375893328541,True,False,367,215
2010-04-28 00:00:00+00:00,9552540.113113165,9552540.113113165,0.0,0.0,0.0,0.0,0,-0.12133375893328541,True,False,368,215
2010-04-29 00:00:00+00:00,9552540.113113165,9552540.113113165,0.0,0.0,0.0,0.0,0,-0.12133375893328541,True,False,368,215
2010-04-30 00:00:00+00:00,9552540.113113165,9552540.113113165,0.0,0.0,0.0,0.0,0,-0.12133375893328541,True,False,369,215
2010-05-03 00:00:00+00:00,9552540.113113165,9552540.113113165,0.0,0.0,0.0,0.0,0,-0.12133375893328541,True,False,372,215
2010-05-04 00:00:00+00:00,9552540.113113165,9552540.113113165,0.0,0.0,0.0,0.0,0,-0.12133375893328541,True,False,374,215
2010-05-05 00:00:00+00:00,9552540.113113165,9552540.113113165,0.0,0.0,0.0,0.0,0,-0.12133375893328541,True,False,374,215
2010-05-06 00:00:00+00:00,9552540.113113165,9552540.113113165,0.0,0.0,0.0,0.0,0,-0.12133375893328541,True,False,376,215
2010-05-07 00:00:00+00:00,9552540.113113165,9552540.113113165,0.0,0.0,0.0,0.0,0,-0.12133375893328541,True,False,382,215
2010-05-10 00:00:00+00:00,9552540.113113165,9552540.113113165,0.0,0.0,0.0,0.0,0,-0.12133375893328541,True,False,382,215
2010-05-11 00:00:00+00:00,9552540.113113165,9552540.113113165,0.0,0.0,0.0,0.0,0,-0.12133375893328541,True,False,383,215
2010-05-12 00:00:00+00:00,9552540.113113165,9552540.113113165,0.0,0.0,0.0,0.0,0,-0.12133375893328541,True,False,383,215
2010-05-13 00:00:00+00:00,9552540.113113165,9552540.113113165,0.0,0.0,0.0,0.0,0,-0.12133375893328541,True,False,383,215
2010-05-14 00:00:00+00:00,9552540.113113165,9552540.113113165,0.0,0.0,0.0,0.0,0,-0.12133375893328541,True,False,384,215
2010-05-17 00:00:00+00:00,9552540.113113165,9552540.113113165,0.0,0.0,0.0,0.0,0,-0.12133375893328541,True,False,384,215
2010-05-18 00:00:00+00:00,9552540.113113165,9552540.113113165,0.0,0.0,0.0,0.0,0,-0.12133375893328541,True,False,385,215
2010-05-19 00:00:00+00:00,9552540.113113165,9552540.113113165,0.0,0.0,0.0,0.0,0,-0.12133375893328541,True,False,385,215
2010-05-20 00:00:00+00:00,9552540.113113165,9552540.113113165,0.0,0.0,0.0,0.0,0,-0.12133375893328541,True,False,387,215
2010-05-21 00:00:00+00:00,9552540.113113165,9552540.113113165,0.0,0.0,0.0,0.0,0,-0.12133375893328541,True,False,388,215
2010-05-24 00:00:00+00:00,9552540.113113165,9552540.113113165,0.0,0.0,0.0,0.0,0,-0.12133375893328541,True,False,390,215
2010-05-25 00:00:00+00:00,9552540.113113165,9552540.113113165,0.0,0.0,0.0,0.0,0,-0.12133375893328541,True,False,398,215
2010-05-26 00:00:00+00:00,9552540.113113165,9552540.113113165,0.0,0.0,0.0,0.0,0,-0.12133375893328541,True,False,398,215
2010-05-27 00:00:00+00:00,9552540.113113165,9552540.113113165,0.0,0.0,0.0,0.0,0,-0.12133375893328541,True,False,398,215
2010-05-28 00:00:00+00:00,9552540.113113165,9552540.113113165,0.0,0.0,0.0,0.0,0,-0.12133375893328541,True,False,398,215
2010-05-31 00:00:00+00:00,9552540.113113165,9552540.113113165,0.0,0.0,0.0,0.0,0,-0.12133375893328541,True,False,399,215
2010-06-01 00:00:00+00:00,9552540.113113165,9552540.113113165,0.0,0.0,0.0,0.0,0,-0.12133375893328541,True,False,399,215
2010-06-02 00:00:00+00:00,9552540.113113165,9552540.113113165,0.0,0.0,0.0,0.0,0,-0.12133375893328541,True,False,399,215
2010-06-03 00:00:00+00:00,9552540.113113165,9552540.113113165,0.0,0.0,0.0,0.0,0,-0.12133375893328541,True,False,399,215
2010-06-04 00:00:00+00:00,9552540.113113165,9552540.113113165,0.0,0.0,0.0,0.0,0,-0.12133375893328541,True,False,399,215
2010-06-07 00:00:00+00:00,9552540.113113165,9552540.113113165,0.0,0.0,0.0,0.0,0,-0.12133375893328541,True,False,400,215
2010-06-08 00:00:00+00:00,9552540.113113165,9552540.113113165,0.0,0.0,0.0,0.0,0,-0.12133375893328541,True,False,400,215
2010-06-09 00:00:00+00:00,9552540.113113165,9552540.113113165,0.0,0.0,0.0,0.0,0,-0.12133375893328541,True,False,400,215
2010-06-10 00:00:00+00:00,9552540.113113165,9552540.113113165,0.0,0.0,0.0,0.0,0,-0.12133375893328541,True,False,400,215
2010-06-11 00:00:00+00:00,9552540.113113165,9552540.113113165,0.0,0.0,0.0,0.0,0,-0.12133375893328541,True,False,400,215
2010-06-14 00:00:00+00:00,9552540.113113165,9552540.113113165,0.0,0.0,0.0,0.0,0,-0.12133375893328541,True,False,400,215
2010-06-15 00:00:00+00:00,9552540.113113165,9552540.113113165,0.0,0.0,0.0,0.0,0,-0.12133375893328541,True,False,400,215
2010-06-16 00:00:00+00:00,9552540.113113165,9552540.113113165,0.0,0.0,0.0,0.0,0,-0.12133375893328541,True,False,400,215
2010-06-17 00:00:00+00:00,9552540.113113165,9552540.113113165,0.0,0.0,0.0,0.0,0,-0.12133375893328541,True,False,400,215
2010-06-18 00:00:00+00:00,9552540.113113165,9552540.113113165,0.0,0.0,0.0,0.0,0,-0.12133375893328541,True,False,401,215
2010-06-21 00:00:00+00:00,9552540.113113165,9552540.113113165,0.0,0.0,0.0,0.0,0,-0.12133375893328541,True,False,401,215
2010-06-22 00:00:00+00:00,9552540.113113165,9552540.113113165,0.0,0.0,0.0,0.0,0,-0.12133375893328541,True,False,401,215
2010-06-23 00:00:00+00:00,9552540.113113165,9552540.113113165,0.0,0.0,0.0,0.0,0,-0.12133375893328541,True,False,401,215
2010-06-24 00:00:00+00:00,9552540.113113165,9552540.113113165,0.0,0.0,0.0,0.0,0,-0.12133375893328541,True,False,401,215
2010-06-25 00:00:00+00:00,9552540.113113165,9552540.113113165,0.0,0.0,0.0,0.0,0,-0.12133375893328541,True,False,401,215
2010-06-28 00:00:00+00:00,9552540.113113165,9552540.113113165,0.0,0.0,0.0,0.0,0,-0.12133375893328541,True,False,401,215
2010-06-29 00:00:00+00:00,9552540.113113165,9552540.113113165,0.0,0.0,0.0,0.0,0,-0.12133375893328541,True,False,402,215
2010-06-30 00:00:00+00:00,9552540.113113165,9552540.113113165,0.0,0.0,0.0,0.0,0,-0.12133375893328541,True,False,402,215
2010-07-01 00:00:00+00:00,9552540.113113165,9552540.113113165,0.0,0.0,0.0,0.0,0,-0.12133375893328541,True,False,402,215
2010-07-02 00:00:00+00:00,9552540.113113165,9552540.113113165,0.0,0.0,0.0,0.0,0,-0.12133375893328541,True,False,402,215
2010-07-05 00:00:00+00:00,9552540.113113165,9552540.113113165,0.0,0.0,0.0,0.0,0,-0.12133375893328541,True,False,402,215
2010-07-06 00:00:00+00:00,9552540.113113165,9552540.113113165,0.0,0.0,0.0,0.0,0,-0.12133375893328541,True,False,402,215
2010-07-07 00:00:00+00:00,9552540.113113165,9552540.113113165,0.0,0.0,0.0,0.0,0,-0.12133375893328541,True,False,402,215
2010-07-08 00:00:00+00:00,9552540.113113165,9552540.113113165,0.0,0.0,0.0,0.0,0,-0.12133375893328541,True,False,402,215
2010-07-09 00:00:00+00:00,9552540.113113165,9552540.113113165,0.0,0.0,0.0,0.0,0,-0.12133375893328541,True,False,402,215
2010-07-12 00:00:00+00:00,9552540.113113165,9552540.113113165,0.0,0.0,0.0,0.0,0,-0.12133375893328541,True,False,402,215
2010-07-13 00:00:00+00:00,9552540.113113165,9552540.113113165,0.0,0.0,0.0,0.0,0,-0.12133375893328541,True,False,402,215
2010-07-14 00:00:00+00:00,9552540.113113165,9552540.113113165,0.0,0.0,0.0,0.0,0,-0.12133375893328541,True,False,402,215
2010-07-15 00:00:00+00:00,9552540.113113165,9552540.113113165,0.0,0.0,0.0,0.0,0,-0.12133375893328541,True,False,402,215
2010-07-16 00:00:00+00:00,9552540.113113165,9552540.113113165,0.0,0.0,0.0,0.0,0,-0.12133375893328541,True,False,402,215
2010-07-19 00:00:00+00:00,9552540.113113165,9552540.113113165,0.0,0.0,0.0,0.0,0,-0.12133375893328541,True,False,402,215
2010-07-20 00:00:00+00:00,9552540.113113165,9552540.113113165,0.0,0.0,0.0,0.0,0,-0.12133375893328541,True,False,402,215
2010-07-21 00:00:00+00:00,9552540.113113165,9552540.113113165,0.0,0.0,0.0,0.0,0,-0.12133375893328541,True,False,402,215
2010-07-22 00:00:00+00:00,9552540.113113165,9552540.113113165,0.0,0.0,0.0,0.0,0,-0.12133375893328541,True,False,402,215
2010-07-23 00:00:00+00:00,9552540.113113165,9552540.113113165,0.0,0.0,0.0,0.0,0,-0.12133375893328541,True,False,402,215
2010-07-26 00:00:00+00:00,9552540.113113165,9552540.113113165,0.0,0.0,0.0,0.0,0,-0.12133375893328541,True,False,405,215
2010-07-27 00:00:00+00:00,9552540.113113165,9552540.113113165,0.0,0.0,0.0,0.0,0,-0.12133375893328541,True,False,405,215
2010-07-28 00:00:00+00:00,9552540.113113165,9552540.113113165,0.0,0.0,0.0,0.0,0,-0.12133375893328541,True,False,405,215
2010-07-29 00:00:00+00:00,9552540.113113165,9552540.113113165,0.0,0.0,0.0,0.0,0,-0.12133375893328541,True,False,406,215
2010-07-30 00:00:00+00:00,9552540.113113165,9552540.113113165,0.0,0.0,0.0,0.0,0,-0.12133375893328541,True,False,406,215
2010-08-02 00:00:00+00:00,9552540.113113165,9552540.113113165,0.0,0.0,0.0,0.0,0,-0.12133375893328541,True,False,406,215
2010-08-03 00:00:00+00:00,9552540.113113165,9552540.113113165,0.0,0.0,0.0,0.0,0,-0.12133375893328541,True,False,406,215
2010-08-04 00:00:00+00:00,9552540.113113165,9552540.113113165,0.0,0.0,0.0,0.0,0,-0.12133375893328541,True,False,406,215
2010-08-05 00:00:00+00:00,9552540.113113165,9552540.113113165,0.0,0.0,0.0,0.0,0,-0.12133375893328541,True,False,408,215
2010-08-06 00:00:00+00:00,9552540.113113165,9552540.113113165,0.0,0.0,0.0,0.0,0,-0.12133375893328541,True,False,408,215
2010-08-09 00:00:00+00:00,9552540.113113165,9552540.113113165,0.0,0.0,0.0,0.0,0,-0.12133375893328541,True,False,409,215
2010-08-10 00:00:00+00:00,9552540.113113165,9552540.113113165,0.0,0.0,0.0,0.0,0,-0.12133375893328541,True,False,410,215
2010-08-11 00:00:00+00:00,9552540.113113165,9552540.113113165,0.0,0.0,0.0,0.0,0,-0.12133375893328541,True,False,410,215
2010-08-12 00:00:00+00:00,9552540.113113165,9552540.113113165,0.0,0.0,0.0,0.0,0,-0.12133375893328541,True,False,410,215
2010-08-13 00:00:00+00:00,9552540.113113165,9552540.113113165,0.0,0.0,0.0,0.0,0,-0.12133375893328541,True,False,410,215
2010-08-16 00:00:00+00:00,9552540.113113165,9552540.113113165,0.0,0.0,0.0,0.0,0,-0.12133375893328541,True,False,410,215
2010-08-17 00:00:00+00:00,9552540.113113165,9552540.113113165,0.0,0.0,0.0,0.0,0,-0.12133375893328541,True,False,411,215
2010-08-18 00:00:00+00:00,9552540.113113165,9552540.113113165,0.0,0.0,0.0,0.0,0,-0.12133375893328541,True,False,411,215
2010-08-19 00:00:00+00:00,9552540.113113165,9552540.113113165,0.0,0.0,0.0,0.0,0,-0.12133375893328541,True,False,411,215
2010-08-20 00:00:00+00:00,9552540.113113165,9552540.113113165,0.0,0.0,0.0,0.0,0,-0.12133375893328541,True,False,411,215
2010-08-23 00:00:00+00:00,9552540.113113165,9552540.113113165,0.0,0.0,0.0,0.0,0,-0.12133375893328541,True,False,411,215
2010-08-24 00:00:00+00:00,9552540.113113165,9552540.113113165,0.0,0.0,0.0,0.0,0,-0.12133375893328541,True,False,412,215
2010-08-25 00:00:00+00:00,9552540.113113165,9552540.113113165,0.0,0.0,0.0,0.0,0,-0.12133375893328541,True,False,412,215
2010-08-26 00:00:00+00:00,9552540.113113165,9552540.113113165,0.0,0.0,0.0,0.0,0,-0.12133375893328541,True,False,413,215
2010-08-27 00:00:00+00:00,9552540.113113165,9552540.113113165,0.0,0.0,0.0,0.0,0,-0.12133375893328541,True,False,414,215
2010-08-30 00:00:00+00:00,9552540.113113165,9552540.113113165,0.0,0.0,0.0,0.0,0,-0.12133375893328541,True,False,414,215
2010-08-31 00:00:00+00:00,9552540.113113165,9552540.113113165,0.0,0.0,0.0,0.0,0,-0.12133375893328541,True,False,416,215
2010-09-01 00:00:00+00:00,9552540.113113165,9552540.113113165,0.0,0.0,0.0,0.0,0,-0.12133375893328541,True,False,416,215
2010-09-02 00:00:00+00:00,9552540.113113165,9552540.113113165,0.0,0.0,0.0,0.0,0,-0.12133375893328541,True,False,416,215
2010-09-03 00:00:00+00:00,9552540.113113165,9552540.113113165,0.0,0.0,0.0,0.0,0,-0.12133375893328541,True,False,416,215
2010-09-06 00:00:00+00:00,9552540.113113165,9552540.113113165,0.0,0.0,0.0,0.0,0,-0.12133375893328541,True,False,416,215
2010-09-07 00:00:00+00:00,9552540.113113165,9552540.113113165,0.0,0.0,0.0,0.0,0,-0.12133375893328541,True,False,416,215
2010-09-08 00:00:00+00:00,9552540.113113165,9552540.113113165,0.0,0.0,0.0,0.0,0,-0.12133375893328541,True,False,416,215
2010-09-09 00:00:00+00:00,9552540.113113165,9552540.113113165,0.0,0.0,0.0,0.0,0,-0.12133375893328541,True,False,416,215
2010-09-10 00:00:00+00:00,9552540.113113165,9552540.113113165,0.0,0.0,0.0,0.0,0,-0.12133375893328541,True,False,416,215
2010-09-13 00:00:00+00:00,9552540.113113165,9552540.113113165,0.0,0.0,0.0,0.0,0,-0.12133375893328541,True,False,416,215
2010-09-14 00:00:00+00:00,9552540.113113165,9552540.113113165,0.0,0.0,0.0,0.0,0,-0.12133375893328541,True,False,416,215
2010-09-15 00:00:00+00:00,9552540.113113165,9552540.113113165,0.0,0.0,0.0,0.0,0,-0.12133375893328541,True,False,416,215
2010-09-16 00:00:00+00:00,9552540.113113165,9552540.113113165,0.0,0.0,0.0,0.0,0,-0.12133375893328541,True,False,416,215
2010-09-17 00:00:00+00:00,9552540.113113165,9552540.113113165,0.0,0.0,0.0,0.0,0,-0.12133375893328541,True,False,416,215
2010-09-20 00:00:00+00:00,9552540.113113165,9552540.113113165,0.0,0.0,0.0,0.0,0,-0.12133375893328541,True,False,417,215
2010-09-21 00:00:00+00:00,9552540.113113165,9552540.113113165,0.0,0.0,0.0,0.0,0,-0.12133375893328541,True,False,417,215
2010-09-22 00:00:00+00:00,9552540.113113165,9552540.113113165,0.0,0.0,0.0,0.0,0,-0.12133375893328541,True,False,417,215
2010-09-23 00:00:00+00:00,9552540.113113165,9552540.113113165,0.0,0.0,0.0,0.0,0,-0.12133375893328541,True,False,417,215
2010-09-24 00:00:00+00:00,9552540.113113165,9552540.113113165,0.0,0.0,0.0,0.0,0,-0.12133375893328541,True,False,417,215
2010-09-27 00:00:00+00:00,9552540.113113165,9552540.113113165,0.0,0.0,0.0,0.0,0,-0.12133375893328541,True,False,417,215
2010-09-28 00:00:00+00:00,9552540.113113165,9552540.113113165,0.0,0.0,0.0,0.0,0,-0.12133375893328541,True,False,417,215
2010-09-29 00:00:00+00:00,9552540.113113165,9552540.113113165,0.0,0.0,0.0,0.0,0,-0.12133375893328541,True,False,417,215
2010-09-30 00:00:00+00:00,9552540.113113165,9552540.113113165,0.0,0.0,0.0,0.0,0,-0.12133375893328541,True,False,417,215
2010-10-01 00:00:00+00:00,9552540.113113165,9552540.113113165,0.0,0.0,0.0,0.0,0,-0.12133375893328541,True,False,417,215
2010-10-04 00:00:00+00:00,9552540.113113165,9552540.113113165,0.0,0.0,0.0,0.0,0,-0.12133375893328541,True,False,417,215
2010-10-05 00:00:00+00:00,9552540.113113165,9552540.113113165,0.0,0.0,0.0,0.0,0,-0.12133375893328541,True,False,417,215
2010-10-06 00:00:00+00:00,9552540.113113165,9552540.113113165,0.0,0.0,0.0,0.0,0,-0.12133375893328541,True,False,417,215
2010-10-07 00:00:00+00:00,9552540.113113165,9552540.113113165,0.0,0.0,0.0,0.0,0,-0.12133375893328541,True,False,417,215
2010-10-08 00:00:00+00:00,9552540.113113165,9552540.113113165,0.0,0.0,0.0,0.0,0,-0.12133375893328541,True,False,417,215
2010-10-11 00:00:00+00:00,9552540.113113165,9552540.113113165,0.0,0.0,0.0,0.0,0,-0.12133375893328541,True,False,417,215
2010-10-12 00:00:00+00:00,9552540.113113165,9552540.113113165,0.0,0.0,0.0,0.0,0,-0.12133375893328541,True,False,417,215
2010-10-13 00:00:00+00:00,9552540.113113165,9552540.113113165,0.0,0.0,0.0,0.0,0,-0.12133375893328541,True,False,417,215
2010-10-14 00:00:00+00:00,9552540.113113165,9552540.113113165,0.0,0.0,0.0,0.0,0,-0.12133375893328541,True,False,417,215
2010-10-15 00:00:00+00:00,9552540.113113165,9552540.113113165,0.0,0.0,0.0,0.0,0,-0.12133375893328541,True,False,417,215
2010-10-18 00:00:00+00:00,9552540.113113165,9552540.113113165,0.0,0.0,0.0,0.0,0,-0.12133375893328541,True,False,418,215
2010-10-19 00:00:00+00:00,9552540.113113165,9552540.113113165,0.0,0.0,0.0,0.0,0,-0.12133375893328541,True,False,418,215
2010-10-20 00:00:00+00:00,9552540.113113165,9552540.113113165,0.0,0.0,0.0,0.0,0,-0.12133375893328541,True,False,418,215
2010-10-21 00:00:00+00:00,9552540.113113165,9552540.113113165,0.0,0.0,0.0,0.0,0,-0.12133375893328541,True,False,418,215
2010-10-22 00:00:00+00:00,9552540.113113165,9552540.113113165,0.0,0.0,0.0,0.0,0,-0.12133375893328541,True,False,418,215
2010-10-25 00:00:00+00:00,9552540.113113165,9552540.113113165,0.0,0.0,0.0,0.0,0,-0.12133375893328541,True,False,418,215
2010-10-26 00:00:00+00:00,9552540.113113165,9552540.113113165,0.0,0.0,0.0,0.0,0,-0.12133375893328541,True,False,418,215
2010-10-27 00:00:00+00:00,9552540.113113165,9552540.113113165,0.0,0.0,0.0,0.0,0,-0.12133375893328541,True,False,421,215
2010-10-28 00:00:00+00:00,9552540.113113165,9552540.113113165,0.0,0.0,0.0,0.0,0,-0.12133375893328541,True,False,424,215
2010-10-29 00:00:00+00:00,9552540.113113165,9552540.113113165,0.0,0.0,0.0,0.0,0,-0.12133375893328541,True,False,424,215
2010-11-01 00:00:00+00:00,9552540.113113165,9552540.113113165,0.0,0.0,0.0,0.0,0,-0.12133375893328541,True,False,424,215
2010-11-02 00:00:00+00:00,9552540.113113165,9552540.113113165,0.0,0.0,0.0,0.0,0,-0.12133375893328541,True,False,424,215
2010-11-03 00:00:00+00:00,9552540.113113165,9552540.113113165,0.0,0.0,0.0,0.0,0,-0.12133375893328541,True,False,424,215
2010-11-04 00:00:00+00:00,9552540.113113165,9552540.113113165,0.0,0.0,0.0,0.0,0,-0.12133375893328541,True,False,424,215
2010-11-05 00:00:00+00:00,9552540.113113165,9552540.113113165,0.0,0.0,0.0,0.0,0,-0.12133375893328541,True,False,424,215
2010-11-08 00:00:00+00:00,9552540.113113165,9552540.113113165,0.0,0.0,0.0,0.0,0,-0.12133375893328541,True,False,424,215
2010-11-09 00:00:00+00:00,9552540.113113165,9552540.113113165,0.0,0.0,0.0,0.0,0,-0.12133375893328541,True,False,424,215
2010-11-10 00:00:00+00:00,9552540.113113165,9552540.113113165,0.0,0.0,0.0,0.0,0,-0.12133375893328541,True,False,424,215
2010-11-11 00:00:00+00:00,9552540.113113165,9552540.113113165,0.0,0.0,0.0,0.0,0,-0.12133375893328541,True,False,425,215
2010-11-12 00:00:00+00:00,9552540.113113165,9552540.113113165,0.0,0.0,0.0,0.0,0,-0.12133375893328541,True,False,426,215
2010-11-15 00:00:00+00:00,9552540.113113165,9552540.113113165,0.0,0.0,0.0,0.0,0,-0.12133375893328541,True,False,426,215
2010-11-16 00:00:00+00:00,9552540.113113165,9552540.113113165,0.0,0.0,0.0,0.0,0,-0.12133375893328541,True,False,432,215
2010-11-17 00:00:00+00:00,9552540.113113165,9552540.113113165,0.0,0.0,0.0,0.0,0,-0.12133375893328541,True,False,432,215
2010-11-18 00:00:00+00:00,9552540.113113165,9552540.113113165,0.0,0.0,0.0,0.0,0,-0.12133375893328541,True,False,432,215
2010-11-19 00:00:00+00:00,9552540.113113165,9552540.113113165,0.0,0.0,0.0,0.0,0,-0.12133375893328541,True,False,434,215
2010-11-22 00:00:00+00:00,9552540.113113165,9552540.113113165,0.0,0.0,0.0,0.0,0,-0.12133375893328541,True,False,434,215
2010-11-23 00:00:00+00:00,9552540.113113165,9552540.113113165,0.0,0.0,0.0,0.0,0,-0.12133375893328541,True,False,437,215
2010-11-24 00:00:00+00:00,9552540.113113165,9552540.113113165,0.0,0.0,0.0,0.0,0,-0.12133375893328541,True,False,438,215
2010-11-25 00:00:00+00:00,9552540.113113165,9552540.113113165,0.0,0.0,0.0,0.0,0,-0.12133375893328541,True,False,442,215
2010-11-26 00:00:00+00:00,9552540.113113165,9552540.113113165,0.0,0.0,0.0,0.0,0,-0.12133375893328541,True,False,443,215
2010-11-29 00:00:00+00:00,9552540.113113165,9552540.113113165,0.0,0.0,0.0,0.0,0,-0.12133375893328541,True,False,444,215
2010-11-30 00:00:00+00:00,9552540.113113165,9552540.113113165,0.0,0.0,0.0,0.0,0,-0.12133375893328541,True,False,444,215
2010-12-01 00:00:00+00:00,9552540.113113165,9552540.113113165,0.0,0.0,0.0,0.0,0,-0.12133375893328541,True,False,444,215
2010-12-02 00:00:00+00:00,9552540.113113165,9552540.113113165,0.0,0.0,0.0,0.0,0,-0.12133375893328541,True,False,444,215
2010-12-03 00:00:00+00:00,9552540.113113165,9552540.113113165,0.0,0.0,0.0,0.0,0,-0.12133375893328541,True,False,444,215
2010-12-06 00:00:00+00:00,9552540.113113165,9552540.113113165,0.0,0.0,0.0,0.0,0,-0.12133375893328541,True,False,444,215
2010-12-07 00:00:00+00:00,9552540.113113165,9552540.113113165,0.0,0.0,0.0,0.0,0,-0.12133375893328541,True,False,444,215
2010-12-08 00:00:00+00:00,9552540.113113165,9552540.113113165,0.0,0.0,0.0,0.0,0,-0.12133375893328541,True,False,445,215
2010-12-09 00:00:00+00:00,9552540.113113165,9552540.113113165,0.0,0.0,0.0,0.0,0,-0.12133375893328541,True,False,452,215
2010-12-10 00:00:00+00:00,9552540.113113165,9552540.113113165,0.0,0.0,0.0,0.0,0,-0.12133375893328541,True,False,454,215
2010-12-13 00:00:00+00:00,9552540.113113165,9552540.113113165,0.0,0.0,0.0,0.0,0,-0.12133375893328541,True,False,454,215
2010-12-14 00:00:00+00:00,9552540.113113165,9552540.113113165,0.0,0.0,0.0,0.0,0,-0.12133375893328541,True,False,454,215
2010-12-15 00:00:00+00:00,9552540.113113165,9552540.113113165,0.0,0.0,0.0,0.0,0,-0.12133375893328541,True,False,454,215
2010-12-16 00:00:00+00:00,9552540.113113165,9552540.113113165,0.0,0.0,0.0,0.0,0,-0.12133375893328541,True,False,454,215
2010-12-17 00:00:00+00:00,9552540.113113165,9552540.113113165,0.0,0.0,0.0,0.0,0,-0.12133375893328541,True,False,454,215
2010-12-20 00:00:00+00:00,9552540.113113165,9552540.113113165,0.0,0.0,0.0,0.0,0,-0.12133375893328541,True,False,454,215
2010-12-21 00:00:00+00:00,9552540.113113165,9552540.113113165,0.0,0.0,0.0,0.0,0,-0.12133375893328541,True,False,454,215
2010-12-22 00:00:00+00:00,9552540.113113165,9552540.113113165,0.0,0.0,0.0,0.0,0,-0.12133375893328541,True,False,454,215
2010-12-23 00:00:00+00:00,9552540.113113165,9552540.113113165,0.0,0.0,0.0,0.0,0,-0.12133375893328541,True,False,454,215
2010-12-24 00:00:00+00:00,9552540.113113165,9552540.113113165,0.0,0.0,0.0,0.0,0,-0.12133375893328541,True,False,454,215
2010-12-27 00:00:00+00:00,9552540.113113165,9552540.113113165,0.0,0.0,0.0,0.0,0,-0.12133375893328541,True,False,454,215
2010-12-28 00:00:00+00:00,9552540.113113165,9552540.113113165,0.0,0.0,0.0,0.0,0,-0.12133375893328541,True,False,454,215
2010-12-29 00:00:00+00:00,9552540.113113165,9552540.113113165,0.0,0.0,0.0,0.0,0,-0.12133375893328541,True,False,454,215
2010-12-30 00:00:00+00:00,9552540.113113165,9552540.113113165,0.0,0.0,0.0,0.0,0,-0.12133375893328541,True,False,454,215
2010-12-31 00:00:00+00:00,9552540.113113165,9552540.113113165,0.0,0.0,0.0,0.0,0,-0.12133375893328541,True,False,454,215
2011-01-03 00:00:00+00:00,9552540.113113165,9552540.113113165,0.0,0.0,0.0,0.0,0,-0.12133375893328541,True,False,454,215
2011-01-04 00:00:00+00:00,9552540.113113165,9552540.113113165,0.0,0.0,0.0,0.0,0,-0.12133375893328541,True,False,455,215
2011-01-05 00:00:00+00:00,9552540.113113165,9552540.113113165,0.0,0.0,0.0,0.0,0,-0.12133375893328541,True,False,456,215
2011-01-06 00:00:00+00:00,9552540.113113165,9552540.113113165,0.0,0.0,0.0,0.0,0,-0.12133375893328541,True,False,461,215
2011-01-07 00:00:00+00:00,9552540.113113165,9552540.113113165,0.0,0.0,0.0,0.0,0,-0.12133375893328541,True,False,464,215
2011-01-10 00:00:00+00:00,9552540.113113165,9552540.113113165,0.0,0.0,0.0,0.0,0,-0.12133375893328541,True,False,469,215
2011-01-11 00:00:00+00:00,9552540.113113165,9552540.113113165,0.0,0.0,0.0,0.0,0,-0.12133375893328541,True,False,471,215
2011-01-12 00:00:00+00:00,9552540.113113165,9552540.113113165,0.0,0.0,0.0,0.0,0,-0.12133375893328541,True,False,471,215
2011-01-13 00:00:00+00:00,9552540.113113165,9552540.113113165,0.0,0.0,0.0,0.0,0,-0.12133375893328541,True,False,473,215
2011-01-14 00:00:00+00:00,9552540.113113165,9552540.113113165,0.0,0.0,0.0,0.0,0,-0.12133375893328541,True,False,473,215
2011-01-17 00:00:00+00:00,9552540.113113165,9552540.113113165,0.0,0.0,0.0,0.0,0,-0.12133375893328541,True,False,475,215
2011-01-18 00:00:00+00:00,9552540.113113165,9552540.113113165,0.0,0.0,0.0,0.0,0,-0.12133375893328541,True,False,475,215
2011-01-19 00:00:00+00:00,9552540.113113165,9552540.113113165,0.0,0.0,0.0,0.0,0,-0.12133375893328541,True,False,475,215
2011-01-20 00:00:00+00:00,9552540.113113165,9552540.113113165,0.0,0.0,0.0,0.0,0,-0.12133375893328541,True,False,476,215
2011-01-21 00:00:00+00:00,9552540.113113165,9552540.113113165,0.0,0.0,0.0,0.0,0,-0.12133375893328541,True,False,476,215
2011-01-24 00:00:00+00:00,9552540.113113165,9552540.113113165,0.0,0.0,0.0,0.0,0,-0.12133375893328541,True,False,476,215
2011-01-25 00:00:00+00:00,9552540.113113165,9552540.113113165,0.0,0.0,0.0,0.0,0,-0.12133375893328541,True,False,477,215
2011-01-26 00:00:00+00:00,9552540.113113165,9552540.113113165,0.0,0.0,0.0,0.0,0,-0.12133375893328541,True,False,477,215
2011-01-27 00:00:00+00:00,9552540.113113165,9552540.113113165,0.0,0.0,0.0,0.0,0,-0.12133375893328541,True,False,479,215
2011-01-28 00:00:00+00:00,9552540.113113165,9552540.113113165,0.0,0.0,0.0,0.0,0,-0.12133375893328541,True,False,483,215
2011-01-31 00:00:00+00:00,9552540.113113165,9552540.113113165,0.0,0.0,0.0,0.0,0,-0.12133375893328541,True,False,485,215
2011-02-01 00:00:00+00:00,9552540.113113165,9552540.113113165,0.0,0.0,0.0,0.0,0,-0.12133375893328541,True,False,490,215
2011-02-02 00:00:00+00:00,9552540.113113165,9552540.113113165,0.0,0.0,0.0,0.0,0,-0.12133375893328541,True,False,494,215
2011-02-03 00:00:00+00:00,9552540.113113165,9552540.113113165,0.0,0.0,0.0,0.0,0,-0.12133375893328541,True,False,494,215
2011-02-04 00:00:00+00:00,9552540.113113165,9552540.113113165,0.0,0.0,0.0,0.0,0,-0.12133375893328541,True,False,495,215
2011-02-07 00:00:00+00:00,9552540.113113165,9552540.113113165,0.0,0.0,0.0,0.0,0,-0.12133375893328541,True,False,496,215
2011-02-08 00:00:00+00:00,9552540.113113165,9552540.113113165,0.0,0.0,0.0,0.0,0,-0.12133375893328541,True,False,501,215
2011-02-09 00:00:00+00:00,9552540.113113165,9552540.113113165,0.0,0.0,0.0,0.0,0,-0.12133375893328541,True,False,504,215
2011-02-10 00:00:00+00:00,9552540.113113165,9552540.113113165,0.0,0.0,0.0,0.0,0,-0.12133375893328541,True,False,504,215
2011-02-11 00:00:00+00:00,9552540.113113165,9552540.113113165,0.0,0.0,0.0,0.0,0,-0.12133375893328541,True,False,504,215
2011-02-14 00:00:00+00:00,9552540.113113165,9552540.113113165,0.0,0.0,0.0,0.0,0,-0.12133375893328541,True,False,504,215
2011-02-15 00:00:00+00:00,9552540.113113165,9552540.113113165,0.0,0.0,0.0,0.0,0,-0.12133375893328541,True,False,504,215
2011-02-16 00:00:00+00:00,9552540.113113165,9552540.113113165,0.0,0.0,0.0,0.0,0,-0.12133375893328541,True,False,504,215
2011-02-17 00:00:00+00:00,9552540.113113165,9552540.113113165,0.0,0.0,0.0,0.0,0,-0.12133375893328541,True,False,504,215
2011-02-18 00:00:00+00:00,9552540.113113165,9552540.113113165,0.0,0.0,0.0,0.0,0,-0.12133375893328541,True,False,504,215
2011-02-21 00:00:00+00:00,9552540.113113165,9552540.113113165,0.0,0.0,0.0,0.0,0,-0.12133375893328541,True,False,504,215
2011-02-22 00:00:00+00:00,9552540.113113165,9552540.113113165,0.0,0.0,0.0,0.0,0,-0.12133375893328541,True,False,504,215
2011-02-23 00:00:00+00:00,9552540.113113165,9552540.113113165,0.0,0.0,0.0,0.0,0,-0.12133375893328541,True,False,505,215
2011-02-24 00:00:00+00:00,9552540.113113165,9552540.113113165,0.0,0.0,0.0,0.0,0,-0.12133375893328541,True,False,508,215
2011-02-25 00:00:00+00:00,9552540.113113165,9552540.113113165,0.0,0.0,0.0,0.0,0,-0.12133375893328541,True,False,510,215
2011-02-28 00:00:00+00:00,9552540.113113165,9552540.113113165,0.0,0.0,0.0,0.0,0,-0.12133375893328541,True,False,511,215
2011-03-01 00:00:00+00:00,9552540.113113165,9552540.113113165,0.0,0.0,0.0,0.0,0,-0.12133375893328541,True,False,511,215
2011-03-02 00:00:00+00:00,9552540.113113165,9552540.113113165,0.0,0.0,0.0,0.0,0,-0.12133375893328541,True,False,511,215
2011-03-03 00:00:00+00:00,9552540.113113165,9552540.113113165,0.0,0.0,0.0,0.0,0,-0.12133375893328541,True,False,513,215
2011-03-04 00:00:00+00:00,9552540.113113165,9552540.113113165,0.0,0.0,0.0,0.0,0,-0.12133375893328541,True,False,513,215
2011-03-07 00:00:00+00:00,9552540.113113165,9552540.113113165,0.0,0.0,0.0,0.0,0,-0.12133375893328541,True,False,513,215
2011-03-08 00:00:00+00:00,9552540.113113165,9552540.113113165,0.0,0.0,0.0,0.0,0,-0.12133375893328541,True,False,513,215
2011-03-09 00:00:00+00:00,9552540.113113165,9552540.113113165,0.0,0.0,0.0,0.0,0,-0.12133375893328541,True,False,513,215
2011-03-10 00:00:00+00:00,9552540.113113165,9552540.113113165,0.0,0.0,0.0,0.0,0,-0.12133375893328541,True,False,514,215
2011-03-11 00:00:00+00:00,9552540.113113165,9552540.113113165,0.0,0.0,0.0,0.0,0,-0.12133375893328541,True,False,514,215
2011-03-14 00:00:00+00:00,9552540.113113165,9552540.113113165,0.0,0.0,0.0,0.0,0,-0.12133375893328541,True,False,514,215
2011-03-15 00:00:00+00:00,9552540.113113165,9552540.113113165,0.0,0.0,0.0,0.0,0,-0.12133375893328541,True,False,516,215
2011-03-16 00:00:00+00:00,9552540.113113165,9552540.113113165,0.0,0.0,0.0,0.0,0,-0.12133375893328541,True,False,517,215
2011-03-17 00:00:00+00:00,9552540.113113165,9552540.113113165,0.0,0.0,0.0,0.0,0,-0.12133375893328541,True,False,517,215
2011-03-18 00:00:00+00:00,9552540.113113165,9552540.113113165,0.0,0.0,0.0,0.0,0,-0.12133375893328541,True,False,518,215
2011-03-21 00:00:00+00:00,9552540.113113165,9552540.113113165,0.0,0.0,0.0,0.0,0,-0.12133375893328541,True,False,519,215
2011-03-22 00:00:00+00:00,9552540.113113165,9552540.113113165,0.0,0.0,0.0,0.0,0,-0.12133375893328541,True,False,519,215
2011-03-23 00:00:00+00:00,9552540.113113165,9552540.113113165,0.0,0.0,0.0,0.0,0,-0.12133375893328541,True,False,519,215
2011-03-24 00:00:00+00:00,9552540.113113165,9552540.113113165,0.0,0.0,0.0,0.0,0,-0.12133375893328541,True,False,519,215
2011-03-25 00:00:00+00:00,9552540.113113165,9552540.113113165,0.0,0.0,0.0,0.0,0,-0.12133375893328541,True,False,519,215
2011-03-28 00:00:00+00:00,9552540.113113165,9552540.113113165,0.0,0.0,0.0,0.0,0,-0.12133375893328541,True,False,519,215
2011-03-29 00:00:00+00:00,9552540.113113165,9552540.113113165,0.0,0.0,0.0,0.0,0,-0.12133375893328541,True,False,519,215
2011-03-30 00:00:00+00:00,9552540.113113165,9552540.113113165,0.0,0.0,0.0,0.0,0,-0.12133375893328541,True,False,519,215
2011-03-31 00:00:00+00:00,9552540.113113165,9552540.113113165,0.0,0.0,0.0,0.0,0,-0.12133375893328541,True,False,519,215
2011-04-01 00:00:00+00:00,9552540.113113165,9552540.113113165,0.0,0.0,0.0,0.0,0,-0.12133375893328541,True,False,519,215
2011-04-04 00:00:00+00:00,9552540.113113165,9552540.113113165,0.0,0.0,0.0,0.0,0,-0.12133375893328541,True,False,519,215
2011-04-05 00:00:00+00:00,9552540.113113165,9552540.113113165,0.0,0.0,0.0,0.0,0,-0.12133375893328541,True,False,519,215
2011-04-06 00:00:00+00:00,9552540.113113165,9552540.113113165,0.0,0.0,0.0,0.0,0,-0.12133375893328541,True,False,519,215
2011-04-07 00:00:00+00:00,9552540.113113165,9552540.113113165,0.0,0.0,0.0,0.0,0,-0.12133375893328541,True,False,519,215
2011-04-08 00:00:00+00:00,9552540.113113165,9552540.113113165,0.0,0.0,0.0,0.0,0,-0.12133375893328541,True,False,519,215
2011-04-11 00:00:00+00:00,9552540.113113165,9552540.113113165,0.0,0.0,0.0,0.0,0,-0.12133375893328541,True,False,519,215
2011-04-12 00:00:00+00:00,9552540.113113165,9552540.113113165,0.0,0.0,0.0,0.0,0,-0.12133375893328541,True,False,519,215
2011-04-13 00:00:00+00:00,9552540.113113165,9552540.113113165,0.0,0.0,0.0,0.0,0,-0.12133375893328541,True,False,519,215
2011-04-14 00:00:00+00:00,9552540.113113165,9552540.113113165,0.0,0.0,0.0,0.0,0,-0.12133375893328541,True,False,519,215
2011-04-15 00:00:00+00:00,9552540.113113165,9552540.113113165,0.0,0.0,0.0,0.0,0,-0.12133375893328541,True,False,519,215
2011-04-18 00:00:00+00:00,9552540.113113165,9552540.113113165,0.0,0.0,0.0,0.0,0,-0.12133375893328541,True,False,519,215
2011-04-19 00:00:00+00:00,9552540.113113165,9552540.113113165,0.0,0.0,0.0,0.0,0,-0.12133375893328541,True,False,519,215
2011-04-20 00:00:00+00:00,9552540.113113165,9552540.113113165,0.0,0.0,0.0,0.0,0,-0.12133375893328541,True,False,519,215
2011-04-21 00:00:00+00:00,9552540.113113165,9552540.113113165,0.0,0.0,0.0,0.0,0,-0.12133375893328541,True,False,519,215
2011-04-25 00:00:00+00:00,9552540.113113165,9552540.113113165,0.0,0.0,0.0,0.0,0,-0.12133375893328541,True,False,519,215
2011-04-26 00:00:00+00:00,9552540.113113165,9552540.113113165,0.0,0.0,0.0,0.0,0,-0.12133375893328541,True,False,519,215
2011-04-27 00:00:00+00:00,9552540.113113165,9552540.113113165,0.0,0.0,0.0,0.0,0,-0.12133375893328541,True,False,519,215
2011-04-28 00:00:00+00:00,9552540.113113165,9552540.113113165,0.0,0.0,0.0,0.0,0,-0.12133375893328541,True,False,519,215
2011-04-29 00:00:00+00:00,9552540.113113165,9552540.113113165,0.0,0.0,0.0,0.0,0,-0.12133375893328541,True,False,519,215
2011-05-02 00:00:00+00:00,9552540.113113165,9552540.113113165,0.0,0.0,0.0,0.0,0,-0.12133375893328541,True,False,519,215
2011-05-03 00:00:00+00:00,9552540.113113165,9552540.113113165,0.0,0.0,0.0,0.0,0,-0.12133375893328541,True,False,521,215
2011-05-04 00:00:00+00:00,9552540.113113165,9552540.113113165,0.0,0.0,0.0,0.0,0,-0.12133375893328541,True,False,524,215
2011-05-05 00:00:00+00:00,9552540.113113165,9552540.113113165,0.0,0.0,0.0,0.0,0,-0.12133375893328541,True,False,530,215
2011-05-06 00:00:00+00:00,9552540.113113165,9552540.113113165,0.0,0.0,0.0,0.0,0,-0.12133375893328541,True,False,532,215
2011-05-09 00:00:00+00:00,9552540.113113165,9552540.113113165,0.0,0.0,0.0,0.0,0,-0.12133375893328541,True,False,532,215
2011-05-10 00:00:00+00:00,9552540.113113165,9552540.113113165,0.0,0.0,0.0,0.0,0,-0.12133375893328541,True,False,532,215
2011-05-11 00:00:00+00:00,9552540.113113165,9552540.113113165,0.0,0.0,0.0,0.0,0,-0.12133375893328541,True,False,532,215
2011-05-12 00:00:00+00:00,9552540.113113165,9552540.113113165,0.0,0.0,0.0,0.0,0,-0.12133375893328541,True,False,534,215
2011-05-13 00:00:00+00:00,9552540.113113165,9552540.113113165,0.0,0.0,0.0,0.0,0,-0.12133375893328541,True,False,534,215
2011-05-16 00:00:00+00:00,9552540.113113165,9552540.113113165,0.0,0.0,0.0,0.0,0,-0.12133375893328541,True,False,534,215
2011-05-17 00:00:00+00:00,9552540.113113165,9552540.113113165,0.0,0.0,0.0,0.0,0,-0.12133375893328541,True,False,535,215
2011-05-18 00:00:00+00:00,9552540.113113165,9552540.113113165,0.0,0.0,0.0,0.0,0,-0.12133375893328541,True,False,536,215
2011-05-19 00:00:00+00:00,9552540.113113165,9552540.113113165,0.0,0.0,0.0,0.0,0,-0.12133375893328541,True,False,536,215
2011-05-20 00:00:00+00:00,9552540.113113165,9552540.113113165,0.0,0.0,0.0,0.0,0,-0.12133375893328541,True,False,536,215
2011-05-23 00:00:00+00:00,9552540.113113165,9552540.113113165,0.0,0.0,0.0,0.0,0,-0.12133375893328541,True,False,536,215
2011-05-24 00:00:00+00:00,9552540.113113165,9552540.113113165,0.0,0.0,0.0,0.0,0,-0.12133375893328541,True,False,537,215
2011-05-25 00:00:00+00:00,9552540.113113165,9552540.113113165,0.0,0.0,0.0,0.0,0,-0.12133375893328541,True,False,540,215
2011-05-26 00:00:00+00:00,9552540.113113165,9552540.113113165,0.0,0.0,0.0,0.0,0,-0.12133375893328541,True,False,542,215
2011-05-27 00:00:00+00:00,9552540.113113165,9552540.113113165,0.0,0.0,0.0,0.0,0,-0.12133375893328541,True,False,542,215
2011-05-30 00:00:00+00:00,9552540.113113165,9552540.113113165,0.0,0.0,0.0,0.0,0,-0.12133375893328541,True,False,542,215
2011-05-31 00:00:00+00:00,9552540.113113165,9552540.113113165,0.0,0.0,0.0,0.0,0,-0.12133375893328541,True,False,542,215
2011-06-01 00:00:00+00:00,9552540.113113165,9552540.113113165,0.0,0.0,0.0,0.0,0,-0.12133375893328541,True,False,542,215
2011-06-02 00:00:00+00:00,9552540.113113165,9552540.113113165,0.0,0.0,0.0,0.0,0,-0.12133375893328541,True,False,542,215
2011-06-03 00:00:00+00:00,9552540.113113165,9552540.113113165,0.0,0.0,0.0,0.0,0,-0.12133375893328541,True,False,542,215
2011-06-06 00:00:00+00:00,9552540.113113165,9552540.113113165,0.0,0.0,0.0,0.0,0,-0.12133375893328541,True,False,542,215
2011-06-07 00:00:00+00:00,9552540.113113165,9552540.113113165,0.0,0.0,0.0,0.0,0,-0.12133375893328541,True,False,542,215
2011-06-08 00:00:00+00:00,9552540.113113165,9552540.113113165,0.0,0.0,0.0,0.0,0,-0.12133375893328541,True,False,542,215
2011-06-09 00:00:00+00:00,9552540.113113165,9552540.113113165,0.0,0.0,0.0,0.0,0,-0.12133375893328541,True,False,542,215
2011-06-10 00:00:00+00:00,9552540.113113165,9552540.113113165,0.0,0.0,0.0,0.0,0,-0.12133375893328541,True,False,542,215
2011-06-13 00:00:00+00:00,9552540.113113165,9552540.113113165,0.0,0.0,0.0,0.0,0,-0.12133375893328541,True,False,542,215
2011-06-14 00:00:00+00:00,9552540.113113165,9552540.113113165,0.0,0.0,0.0,0.0,0,-0.12133375893328541,True,False,542,215
2011-06-15 00:00:00+00:00,9552540.113113165,9552540.113113165,0.0,0.0,0.0,0.0,0,-0.12133375893328541,True,False,542,215
2011-06-16 00:00:00+00:00,9552540.113113165,9552540.113113165,0.0,0.0,0.0,0.0,0,-0.12133375893328541,True,False,545,215
2011-06-17 00:00:00+00:00,9552540.113113165,9552540.113113165,0.0,0.0,0.0,0.0,0,-0.12133375893328541,True,False,546,215
2011-06-20 00:00:00+00:00,9552540.113113165,9552540.113113165,0.0,0.0,0.0,0.0,0,-0.12133375893328541,True,False,552,215
2011-06-21 00:00:00+00:00,9552540.113113165,9552540.113113165,0.0,0.0,0.0,0.0,0,-0.12133375893328541,True,False,552,215
2011-06-22 00:00:00+00:00,9552540.113113165,9552540.113113165,0.0,0.0,0.0,0.0,0,-0.12133375893328541,True,False,553,215
2011-06-23 00:00:00+00:00,9552540.113113165,9552540.113113165,0.0,0.0,0.0,0.0,0,-0.12133375893328541,True,False,553,215
2011-06-24 00:00:00+00:00,9552540.113113165,9552540.113113165,0.0,0.0,0.0,0.0,0,-0.12133375893328541,True,False,553,215
2011-06-27 00:00:00+00:00,9552540.113113165,9552540.113113165,0.0,0.0,0.0,0.0,0,-0.12133375893328541,True,False,553,215
2011-06-28 00:00:00+00:00,9552540.113113165,9552540.113113165,0.0,0.0,0.0,0.0,0,-0.12133375893328541,True,False,553,215
2011-06-29 00:00:00+00:00,9552540.113113165,9552540.113113165,0.0,0.0,0.0,0.0,0,-0.12133375893328541,True,False,553,215
2011-06-30 00:00:00+00:00,9552540.113113165,9552540.113113165,0.0,0.0,0.0,0.0,0,-0.12133375893328541,True,False,553,215
2011-07-01 00:00:00+00:00,9552540.113113165,9552540.113113165,0.0,0.0,0.0,0.0,0,-0.12133375893328541,True,False,553,215
2011-07-04 00:00:00+00:00,9552540.113113165,9552540.113113165,0.0,0.0,0.0,0.0,0,-0.12133375893328541,True,False,553,215
2011-07-05 00:00:00+00:00,9552540.113113165,9552540.113113165,0.0,0.0,0.0,0.0,0,-0.12133375893328541,True,False,553,215
2011-07-06 00:00:00+00:00,9552540.113113165,9552540.113113165,0.0,0.0,0.0,0.0,0,-0.12133375893328541,True,False,553,215
2011-07-07 00:00:00+00:00,9552540.113113165,9552540.113113165,0.0,0.0,0.0,0.0,0,-0.12133375893328541,True,False,553,215
2011-07-08 00:00:00+00:00,9552540.113113165,9552540.113113165,0.0,0.0,0.0,0.0,0,-0.12133375893328541,True,False,553,215
2011-07-11 00:00:00+00:00,9552540.113113165,9552540.113113165,0.0,0.0,0.0,0.0,0,-0.12133375893328541,True,False,554,215
2011-07-12 00:00:00+00:00,9552540.113113165,9552540.113113165,0.0,0.0,0.0,0.0,0,-0.12133375893328541,True,False,554,215
2011-07-13 00:00:00+00:00,9552540.113113165,9552540.113113165,0.0,0.0,0.0,0.0,0,-0.12133375893328541,True,False,554,215
2011-07-14 00:00:00+00:00,9552540.113113165,9552540.113113165,0.0,0.0,0.0,0.0,0,-0.12133375893328541,True,False,554,215
2011-07-15 00:00:00+00:00,9552540.113113165,9552540.113113165,0.0,0.0,0.0,0.0,0,-0.12133375893328541,True,False,554,215
2011-07-18 00:00:00+00:00,9552540.113113165,9552540.113113165,0.0,0.0,0.0,0.0,0,-0.12133375893328541,True,False,554,215
2011-07-19 00:00:00+00:00,9552540.113113165,9552540.113113165,0.0,0.0,0.0,0.0,0,-0.12133375893328541,True,False,554,215
2011-07-20 00:00:00+00:00,9552540.113113165,9552540.113113165,0.0,0.0,0.0,0.0,0,-0.12133375893328541,True,False,554,215
2011-07-21 00:00:00+00:00,9552540.113113165,9552540.113113165,0.0,0.0,0.0,0.0,0,-0.12133375893328541,True,False,554,215
2011-07-22 00:00:00+00:00,9552540.113113165,9552540.113113165,0.0,0.0,0.0,0.0,0,-0.12133375893328541,True,False,554,215
2011-07-25 00:00:00+00:00,9552540.113113165,9552540.113113165,0.0,0.0,0.0,0.0,0,-0.12133375893328541,True,False,554,215
2011-07-26 00:00:00+00:00,9552540.113113165,9552540.113113165,0.0,0.0,0.0,0.0,0,-0.12133375893328541,True,False,554,215
2011-07-27 00:00:00+00:00,9552540.113113165,9552540.113113165,0.0,0.0,0.0,0.0,0,-0.12133375893328541,True,False,554,215
2011-07-28 00:00:00+00:00,9552540.113113165,9552540.113113165,0.0,0.0,0.0,0.0,0,-0.12133375893328541,True,False,555,215
2011-07-29 00:00:00+00:00,9552540.113113165,9552540.113113165,0.0,0.0,0.0,0.0,0,-0.12133375893328541,True,False,558,215
2011-08-01 00:00:00+00:00,9552540.113113165,9552540.113113165,0.0,0.0,0.0,0.0,0,-0.12133375893328541,True,False,559,215
2011-08-02 00:00:00+00:00,9552540.113113165,9552540.113113165,0.0,0.0,0.0,0.0,0,-0.12133375893328541,True,False,560,215
2011-08-03 00:00:00+00:00,9552540.113113165,9552540.113113165,0.0,0.0,0.0,0.0,0,-0.12133375893328541,True,False,562,215
2011-08-04 00:00:00+00:00,9552540.113113165,9552540.113113165,0.0,0.0,0.0,0.0,0,-0.12133375893328541,True,False,564,215
2011-08-05 00:00:00+00:00,9552540.113113165,9552540.113113165,0.0,0.0,0.0,0.0,0,-0.12133375893328541,True,False,575,215
2011-08-08 00:00:00+00:00,9552540.113113165,9552540.113113165,0.0,0.0,0.0,0.0,0,-0.12133375893328541,True,False,584,215
2011-08-09 00:00:00+00:00,9552540.113113165,9552540.113113165,0.0,0.0,0.0,0.0,0,-0.12133375893328541,True,False,591,215
2011-08-10 00:00:00+00:00,9552540.113113165,9552540.113113165,0.0,0.0,0.0,0.0,0,-0.12133375893328541,True,False,591,215
2011-08-11 00:00:00+00:00,9552540.113113165,9552540.113113165,0.0,0.0,0.0,0.0,0,-0.12133375893328541,True,False,591,215
2011-08-12 00:00:00+00:00,9552540.113113165,9552540.113113165,0.0,0.0,0.0,0.0,0,-0.12133375893328541,True,False,591,215
2011-08-15 00:00:00+00:00,9552540.113113165,9552540.113113165,0.0,0.0,0.0,0.0,0,-0.12133375893328541,True,False,591,215
2011-08-16 00:00:00+00:00,9552540.113113165,9552540.113113165,0.0,0.0,0.0,0.0,0,-0.12133375893328541,True,False,591,215
2011-08-17 00:00:00+00:00,9552540.113113165,9552540.113113165,0.0,0.0,0.0,0.0,0,-0.12133375893328541,True,False,592,215
2011-08-18 00:00:00+00:00,9552540.113113165,9552540.113113165,0.0,0.0,0.0,0.0,0,-0.12133375893328541,True,False,594,215
2011-08-19 00:00:00+00:00,9552540.113113165,9552540.113113165,0.0,0.0,0.0,0.0,0,-0.12133375893328541,True,False,597,215
2011-08-22 00:00:00+00:00,9552540.113113165,9552540.113113165,0.0,0.0,0.0,0.0,0,-0.12133375893328541,True,False,599,215
2011-08-23 00:00:00+00:00,9552540.113113165,9552540.113113165,0.0,0.0,0.0,0.0,0,-0.12133375893328541,True,False,599,215
2011-08-24 00:00:00+00:00,9552540.113113165,9552540.113113165,0.0,0.0,0.0,0.0,0,-0.12133375893328541,True,False,599,215
2011-08-25 00:00:00+00:00,9552540.113113165,9552540.113113165,0.0,0.0,0.0,0.0,0,-0.12133375893328541,True,False,599,215
2011-08-26 00:00:00+00:00,9552540.113113165,9552540.113113165,0.0,0.0,0.0,0.0,0,-0.12133375893328541,True,False,603,215
2011-08-29 00:00:00+00:00,9552540.113113165,9552540.113113165,0.0,0.0,0.0,0.0,0,-0.12133375893328541,True,False,603,215
2011-08-30 00:00:00+00:00,9552540.113113165,9552540.113113165,0.0,0.0,0.0,0.0,0,-0.12133375893328541,True,False,603,215
2011-08-31 00:00:00+00:00,9552540.113113165,9552540.113113165,0.0,0.0,0.0,0.0,0,-0.12133375893328541,True,False,603,215
2011-09-01 00:00:00+00:00,9552540.113113165,9552540.113113165,0.0,0.0,0.0,0.0,0,-0.12133375893328541,True,False,603,215
2011-09-02 00:00:00+00:00,9552540.113113165,9552540.113113165,0.0,0.0,0.0,0.0,0,-0.12133375893328541,True,False,603,215
2011-09-05 00:00:00+00:00,9552540.113113165,9552540.113113165,0.0,0.0,0.0,0.0,0,-0.12133375893328541,True,False,603,215
2011-09-06 00:00:00+00:00,9552540.113113165,9552540.113113165,0.0,0.0,0.0,0.0,0,-0.12133375893328541,True,False,603,215
2011-09-07 00:00:00+00:00,9552540.113113165,9552540.113113165,0.0,0.0,0.0,0.0,0,-0.12133375893328541,True,False,603,215
2011-09-08 00:00:00+00:00,9552540.113113165,9552540.113113165,0.0,0.0,0.0,0.0,0,-0.12133375893328541,True,False,603,215
2011-09-09 00:00:00+00:00,9552540.113113165,9552540.113113165,0.0,0.0,0.0,0.0,0,-0.12133375893328541,True,False,603,215
2011-09-12 00:00:00+00:00,9552540.113113165,9552540.113113165,0.0,0.0,0.0,0.0,0,-0.12133375893328541,True,False,603,215
2011-09-13 00:00:00+00:00,9552540.113113165,9552540.113113165,0.0,0.0,0.0,0.0,0,-0.12133375893328541,True,False,603,215
2011-09-14 00:00:00+00:00,9552540.113113165,9552540.113113165,0.0,0.0,0.0,0.0,0,-0.12133375893328541,True,False,603,215
2011-09-15 00:00:00+00:00,9552540.113113165,9552540.113113165,0.0,0.0,0.0,0.0,0,-0.12133375893328541,True,False,603,215
2011-09-16 00:00:00+00:00,9552540.113113165,9552540.113113165,0.0,0.0,0.0,0.0,0,-0.12133375893328541,True,False,603,215
2011-09-19 00:00:00+00:00,9552540.113113165,9552540.113113165,0.0,0.0,0.0,0.0,0,-0.12133375893328541,True,False,603,215
2011-09-20 00:00:00+00:00,9552540.113113165,9552540.113113165,0.0,0.0,0.0,0.0,0,-0.12133375893328541,True,False,603,215
2011-09-21 00:00:00+00:00,9552540.113113165,9552540.113113165,0.0,0.0,0.0,0.0,0,-0.12133375893328541,True,False,603,215
2011-09-22 00:00:00+00:00,9552540.113113165,9552540.113113165,0.0,0.0,0.0,0.0,0,-0.12133375893328541,True,False,605,215
2011-09-23 00:00:00+00:00,9552540.113113165,9552540.113113165,0.0,0.0,0.0,0.0,0,-0.12133375893328541,True,False,608,215
2011-09-26 00:00:00+00:00,9552540.113113165,9552540.113113165,0.0,0.0,0.0,0.0,0,-0.12133375893328541,True,False,610,215
2011-09-27 00:00:00+00:00,9552540.113113165,9552540.113113165,0.0,0.0,0.0,0.0,0,-0.12133375893328541,True,False,610,215
2011-09-28 00:00:00+00:00,9552540.113113165,9552540.113113165,0.0,0.0,0.0,0.0,0,-0.12133375893328541,True,False,610,215
2011-09-29 00:00:00+00:00,9552540.113113165,9552540.113113165,0.0,0.0,0.0,0.0,0,-0.12133375893328541,True,False,610,215
2011-09-30 00:00:00+00:00,9552540.113113165,9552540.113113165,0.0,0.0,0.0,0.0,0,-0.12133375893328541,True,False,610,215
2011-10-03 00:00:00+00:00,9552540.113113165,9552540.113113165,0.0,0.0,0.0,0.0,0,-0.12133375893328541,True,False,610,215
2011-10-04 00:00:00+00:00,9552540.113113165,9552540.113113165,0.0,0.0,0.0,0.0,0,-0.12133375893328541,True,False,611,215
2011-10-05 00:00:00+00:00,9552540.113113165,9552540.113113165,0.0,0.0,0.0,0.0,0,-0.12133375893328541,True,False,612,215
2011-10-06 00:00:00+00:00,9552540.113113165,9552540.113113165,0.0,0.0,0.0,0.0,0,-0.12133375893328541,True,False,612,215
2011-10-07 00:00:00+00:00,9552540.113113165,9552540.113113165,0.0,0.0,0.0,0.0,0,-0.12133375893328541,True,False,613,215
2011-10-10 00:00:00+00:00,9552540.113113165,9552540.113113165,0.0,0.0,0.0,0.0,0,-0.12133375893328541,True,False,613,215
2011-10-11 00:00:00+00:00,9552540.113113165,9552540.113113165,0.0,0.0,0.0,0.0,0,-0.12133375893328541,True,False,614,215
2011-10-12 00:00:00+00:00,9552540.113113165,9552540.113113165,0.0,0.0,0.0,0.0,0,-0.12133375893328541,True,False,614,215
2011-10-13 00:00:00+00:00,9552540.113113165,9552540.113113165,0.0,0.0,0.0,0.0,0,-0.12133375893328541,True,False,614,215
2011-10-14 00:00:00+00:00,9552540.113113165,9552540.113113165,0.0,0.0,0.0,0.0,0,-0.12133375893328541,True,False,614,215
2011-10-17 00:00:00+00:00,9552540.113113165,9552540.113113165,0.0,0.0,0.0,0.0,0,-0.12133375893328541,True,False,614,215
2011-10-18 00:00:00+00:00,9552540.113113165,9552540.113113165,0.0,0.0,0.0,0.0,0,-0.12133375893328541,True,False,614,215
2011-10-19 00:00:00+00:00,9552540.113113165,9552540.113113165,0.0,0.0,0.0,0.0,0,-0.12133375893328541,True,False,614,215
2011-10-20 00:00:00+00:00,9552540.113113165,9552540.113113165,0.0,0.0,0.0,0.0,0,-0.12133375893328541,True,False,614,215
2011-10-21 00:00:00+00:00,9552540.113113165,9552540.113113165,0.0,0.0,0.0,0.0,0,-0.12133375893328541,True,False,614,215
2011-10-24 00:00:00+00:00,9552540.113113165,9552540.113113165,0.0,0.0,0.0,0.0,0,-0.12133375893328541,True,False,615,215
2011-10-25 00:00:00+00:00,9552540.113113165,9552540.113113165,0.0,0.0,0.0,0.0,0,-0.12133375893328541,True,False,616,215
2011-10-26 00:00:00+00:00,9552540.113113165,9552540.113113165,0.0,0.0,0.0,0.0,0,-0.12133375893328541,True,False,616,215
2011-10-27 00:00:00+00:00,9552540.113113165,9552540.113113165,0.0,0.0,0.0,0.0,0,-0.12133375893328541,True,False,616,215
2011-10-28 00:00:00+00:00,9552540.113113165,9552540.113113165,0.0,0.0,0.0,0.0,0,-0.12133375893328541,True,False,616,215
2011-10-31 00:00:00+00:00,9552540.113113165,9552540.113113165,0.0,0.0,0.0,0.0,0,-0.12133375893328541,True,False,616,215
2011-11-01 00:00:00+00:00,9552540.113113165,9552540.113113165,0.0,0.0,0.0,0.0,0,-0.12133375893328541,True,False,616,215
2011-11-02 00:00:00+00:00,9552540.113113165,9552540.113113165,0.0,0.0,0.0,0.0,0,-0.12133375893328541,True,False,616,215
2011-11-03 00:00:00+00:00,9552540.113113165,9552540.113113165,0.0,0.0,0.0,0.0,0,-0.12133375893328541,True,False,616,215
2011-11-04 00:00:00+00:00,9552540.113113165,9552540.113113165,0.0,0.0,0.0,0.0,0,-0.12133375893328541,True,False,616,215
2011-11-07 00:00:00+00:00,9552540.113113165,9552540.113113165,0.0,0.0,0.0,0.0,0,-0.12133375893328541,True,False,616,215
2011-11-08 00:00:00+00:00,9552540.113113165,9552540.113113165,0.0,0.0,0.0,0.0,0,-0.12133375893328541,True,False,616,215
2011-11-09 00:00:00+00:00,9552540.113113165,9552540.113113165,0.0,0.0,0.0,0.0,0,-0.12133375893328541,True,False,617,215
2011-11-10 00:00:00+00:00,9552540.113113165,9552540.113113165,0.0,0.0,0.0,0.0,0,-0.12133375893328541,True,False,617,215
2011-11-11 00:00:00+00:00,9552540.113113165,9552540.113113165,0.0,0.0,0.0,0.0,0,-0.12133375893328541,True,False,618,215
2011-11-14 00:00:00+00:00,9552540.113113165,9552540.113113165,0.0,0.0,0.0,0.0,0,-0.12133375893328541,True,False,618,215
2011-11-15 00:00:00+00:00,9552540.113113165,9552540.113113165,0.0,0.0,0.0,0.0,0,-0.12133375893328541,True,False,619,215
2011-11-16 00:00:00+00:00,9552540.113113165,9552540.113113165,0.0,0.0,0.0,0.0,0,-0.12133375893328541,True,False,621,215
2011-11-17 00:00:00+00:00,9552540.113113165,9552540.113113165,0.0,0.0,0.0,0.0,0,-0.12133375893328541,True,False,625,215
2011-11-18 00:00:00+00:00,9552540.113113165,9552540.113113165,0.0,0.0,0.0,0.0,0,-0.12133375893328541,True,False,631,215
2011-11-21 00:00:00+00:00,9552540.113113165,9552540.113113165,0.0,0.0,0.0,0.0,0,-0.12133375893328541,True,False,635,215
2011-11-22 00:00:00+00:00,9552540.113113165,9552540.113113165,0.0,0.0,0.0,0.0,0,-0.12133375893328541,True,False,636,215
2011-11-23 00:00:00+00:00,9552540.113113165,9552540.113113165,0.0,0.0,0.0,0.0,0,-0.12133375893328541,True,False,639,215
2011-11-24 00:00:00+00:00,9552540.113113165,9552540.113113165,0.0,0.0,0.0,0.0,0,-0.12133375893328541,True,False,639,215
2011-11-25 00:00:00+00:00,9552540.113113165,9552540.113113165,0.0,0.0,0.0,0.0,0,-0.12133375893328541,True,False,640,215
2011-11-28 00:00:00+00:00,9552540.113113165,9552540.113113165,0.0,0.0,0.0,0.0,0,-0.12133375893328541,True,False,640,215
2011-11-29 00:00:00+00:00,9552540.113113165,9552540.113113165,0.0,0.0,0.0,0.0,0,-0.12133375893328541,True,False,640,215
2011-11-30 00:00:00+00:00,9552540.113113165,9552540.113113165,0.0,0.0,0.0,0.0,0,-0.12133375893328541,True,False,640,215
2011-12-01 00:00:00+00:00,9552540.113113165,9552540.113113165,0.0,0.0,0.0,0.0,0,-0.12133375893328541,True,False,641,215
2011-12-02 00:00:00+00:00,9552540.113113165,9552540.113113165,0.0,0.0,0.0,0.0,0,-0.12133375893328541,True,False,641,215
2011-12-05 00:00:00+00:00,9552540.113113165,9552540.113113165,0.0,0.0,0.0,0.0,0,-0.12133375893328541,True,False,641,215
2011-12-06 00:00:00+00:00,9552540.113113165,9552540.113113165,0.0,0.0,0.0,0.0,0,-0.12133375893328541,True,False,641,215
2011-12-07 00:00:00+00:00,9552540.113113165,9552540.113113165,0.0,0.0,0.0,0.0,0,-0.12133375893328541,True,False,641,215
2011-12-08 00:00:00+00:00,9552540.113113165,9552540.113113165,0.0,0.0,0.0,0.0,0,-0.12133375893328541,True,False,641,215
2011-12-09 00:00:00+00:00,9552540.113113165,9552540.113113165,0.0,0.0,0.0,0.0,0,-0.12133375893328541,True,False,641,215
2011-12-12 00:00:00+00:00,9552540.113113165,9552540.113113165,0.0,0.0,0.0,0.0,0,-0.12133375893328541,True,False,643,215
2011-12-13 00:00:00+00:00,9552540.113113165,9552540.113113165,0.0,0.0,0.0,0.0,0,-0.12133375893328541,True,False,643,215
2011-12-14 00:00:00+00:00,9552540.113113165,9552540.113113165,0.0,0.0,0.0,0.0,0,-0.12133375893328541,True,False,644,215
2011-12-15 00:00:00+00:00,9552540.113113165,9552540.113113165,0.0,0.0,0.0,0.0,0,-0.12133375893328541,True,False,646,215
2011-12-16 00:00:00+00:00,9552540.113113165,9552540.113113165,0.0,0.0,0.0,0.0,0,-0.12133375893328541,True,False,651,215
2011-12-19 00:00:00+00:00,9552540.113113165,9552540.113113165,0.0,0.0,0.0,0.0,0,-0.12133375893328541,True,False,655,215
2011-12-20 00:00:00+00:00,9552540.113113165,9552540.113113165,0.0,0.0,0.0,0.0,0,-0.12133375893328541,True,False,660,215
2011-12-21 00:00:00+00:00,9552540.113113165,9552540.113113165,0.0,0.0,0.0,0.0,0,-0.12133375893328541,True,False,661,215
2011-12-22 00:00:00+00:00,9552540.113113165,9552540.113113165,0.0,0.0,0.0,0.0,0,-0.12133375893328541,True,False,661,215
2011-12-23 00:00:00+00:00,9552540.113113165,9552540.113113165,0.0,0.0,0.0,0.0,0,-0.12133375893328541,True,False,661,215
2011-12-26 00:00:00+00:00,9552540.113113165,9552540.113113165,0.0,0.0,0.0,0.0,0,-0.12133375893328541,True,False,661,215
2011-12-27 00:00:00+00:00,9552540.113113165,9552540.113113165,0.0,0.0,0.0,0.0,0,-0.12133375893328541,True,False,661,215
2011-12-28 00:00:00+00:00,9552540.113113165,9552540.113113165,0.0,0.0,0.0,0.0,0,-0.12133375893328541,True,False,662,215
2011-12-29 00:00:00+00:00,9552540.113113165,9552540.113113165,0.0,0.0,0.0,0.0,0,-0.12133375893328541,True,False,662,215
2011-12-30 00:00:00+00:00,9552540.113113165,9552540.113113165,0.0,0.0,0.0,0.0,0,-0.12133375893328541,True,False,662,215
2012-01-02 00:00:00+00:00,9552540.113113165,9552540.113113165,0.0,0.0,0.0,0.0,0,-0.12133375893328541,True,False,663,215
2012-01-03 00:00:00+00:00,9552540.113113165,9552540.113113165,0.0,0.0,0.0,0.0,0,-0.12133375893328541,True,False,663,215
2012-01-04 00:00:00+00:00,9552540.113113165,9552540.113113165,0.0,0.0,0.0,0.0,0,-0.12133375893328541,True,False,663,215
2012-01-05 00:00:00+00:00,9552540.113113165,9552540.113113165,0.0,0.0,0.0,0.0,0,-0.12133375893328541,True,False,663,215
2012-01-06 00:00:00+00:00,9552540.113113165,9552540.113113165,0.0,0.0,0.0,0.0,0,-0.12133375893328541,True,False,663,215
2012-01-09 00:00:00+00:00,9552540.113113165,9552540.113113165,0.0,0.0,0.0,0.0,0,-0.12133375893328541,True,False,663,215
2012-01-10 00:00:00+00:00,9552540.113113165,9552540.113113165,0.0,0.0,0.0,0.0,0,-0.12133375893328541,True,False,663,215
2012-01-11 00:00:00+00:00,9552540.113113165,9552540.113113165,0.0,0.0,0.0,0.0,0,-0.12133375893328541,True,False,664,215
2012-01-12 00:00:00+00:00,9552540.113113165,9552540.113113165,0.0,0.0,0.0,0.0,0,-0.12133375893328541,True,False,665,215
2012-01-13 00:00:00+00:00,9552540.113113165,9552540.113113165,0.0,0.0,0.0,0.0,0,-0.12133375893328541,True,False,666,215
2012-01-16 00:00:00+00:00,9552540.113113165,9552540.113113165,0.0,0.0,0.0,0.0,0,-0.12133375893328541,True,False,666,215
2012-01-17 00:00:00+00:00,9552540.113113165,9552540.113113165,0.0,0.0,0.0,0.0,0,-0.12133375893328541,True,False,666,215
2012-01-18 00:00:00+00:00,9552540.113113165,9552540.113113165,0.0,0.0,0.0,0.0,0,-0.12133375893328541,True,False,666,215
2012-01-19 00:00:00+00:00,9552540.113113165,9552540.113113165,0.0,0.0,0.0,0.0,0,-0.12133375893328541,True,False,666,215
2012-01-20 00:00:00+00:00,9552540.113113165,9552540.113113165,0.0,0.0,0.0,0.0,0,-0.12133375893328541,True,False,666,215
2012-01-23 00:00:00+00:00,9552540.113113165,9552540.113113165,0.0,0.0,0.0,0.0,0,-0.12133375893328541,True,False,666,215
2012-01-24 00:00:00+00:00,9552540.113113165,9552540.113113165,0.0,0.0,0.0,0.0,0,-0.12133375893328541,True,False,666,215
2012-01-25 00:00:00+00:00,9552540.113113165,9552540.113113165,0.0,0.0,0.0,0.0,0,-0.12133375893328541,True,False,666,215
2012-01-26 00:00:00+00:00,9552540.113113165,9552540.113113165,0.0,0.0,0.0,0.0,0,-0.12133375893328541,True,False,666,215
2012-01-27 00:00:00+00:00,9552540.113113165,9552540.113113165,0.0,0.0,0.0,0.0,0,-0.12133375893328541,True,False,666,215
2012-01-30 00:00:00+00:00,9552540.113113165,9552540.113113165,0.0,0.0,0.0,0.0,0,-0.12133375893328541,True,False,666,215
2012-01-31 00:00:00+00:00,9552540.113113165,9552540.113113165,0.0,0.0,0.0,0.0,0,-0.12133375893328541,True,False,667,215
2012-02-01 00:00:00+00:00,9552540.113113165,9552540.113113165,0.0,0.0,0.0,0.0,0,-0.12133375893328541,True,False,667,215
2012-02-02 00:00:00+00:00,9552540.113113165,9552540.113113165,0.0,0.0,0.0,0.0,0,-0.12133375893328541,True,False,667,215
2012-02-03 00:00:00+00:00,9552540.113113165,9552540.113113165,0.0,0.0,0.0,0.0,0,-0.12133375893328541,True,False,667,215
2012-02-06 00:00:00+00:00,9552540.113113165,9552540.113113165,0.0,0.0,0.0,0.0,0,-0.12133375893328541,True,False,667,215
2012-02-07 00:00:00+00:00,9552540.113113165,9552540.113113165,0.0,0.0,0.0,0.0,0,-0.12133375893328541,True,False,667,215
2012-02-08 00:00:00+00:00,9552540.113113165,9552540.113113165,0.0,0.0,0.0,0.0,0,-0.12133375893328541,True,False,667,215
2012-02-09 00:00:00+00:00,9552540.113113165,9552540.113113165,0.0,0.0,0.0,0.0,0,-0.12133375893328541,True,False,667,215
2012-02-10 00:00:00+00:00,9552540.113113165,9552540.113113165,0.0,0.0,0.0,0.0,0,-0.12133375893328541,True,False,667,215
2012-02-13 00:00:00+00:00,9552540.113113165,9552540.113113165,0.0,0.0,0.0,0.0,0,-0.12133375893328541,True,False,667,215
2012-02-14 00:00:00+00:00,9552540.113113165,9552540.113113165,0.0,0.0,0.0,0.0,0,-0.12133375893328541,True,False,668,215
2012-02-15 00:00:00+00:00,9552540.113113165,9552540.113113165,0.0,0.0,0.0,0.0,0,-0.12133375893328541,True,False,668,215
2012-02-16 00:00:00+00:00,9552540.113113165,9552540.113113165,0.0,0.0,0.0,0.0,0,-0.12133375893328541,True,False,668,215
2012-02-17 00:00:00+00:00,9552540.113113165,9552540.113113165,0.0,0.0,0.0,0.0,0,-0.12133375893328541,True,False,668,215
2012-02-21 00:00:00+00:00,9552540.113113165,9552540.113113165,0.0,0.0,0.0,0.0,0,-0.12133375893328541,True,False,668,215
2012-02-22 00:00:00+00:00,9552540.113113165,9552540.113113165,0.0,0.0,0.0,0.0,0,-0.12133375893328541,True,False,668,215
2012-02-23 00:00:00+00:00,9552540.113113165,9552540.113113165,0.0,0.0,0.0,0.0,0,-0.12133375893328541,True,False,668,215
2012-02-24 00:00:00+00:00,9552540.113113165,9552540.113113165,0.0,0.0,0.0,0.0,0,-0.12133375893328541,True,False,668,215
2012-02-27 00:00:00+00:00,9552540.113113165,9552540.113113165,0.0,0.0,0.0,0.0,0,-0.12133375893328541,True,False,668,215
2012-02-28 00:00:00+00:00,9552540.113113165,9552540.113113165,0.0,0.0,0.0,0.0,0,-0.12133375893328541,True,False,668,215
2012-02-29 00:00:00+00:00,9552540.113113165,9552540.113113165,0.0,0.0,0.0,0.0,0,-0.12133375893328541,True,False,668,215
2012-03-01 00:00:00+00:00,9552540.113113165,9552540.113113165,0.0,0.0,0.0,0.0,0,-0.12133375893328541,True,False,668,215
2012-03-02 00:00:00+00:00,9552540.113113165,9552540.113113165,0.0,0.0,0.0,0.0,0,-0.12133375893328541,True,False,668,215
2012-03-05 00:00:00+00:00,9552540.113113165,9552540.113113165,0.0,0.0,0.0,0.0,0,-0.12133375893328541,True,False,669,215
2012-03-06 00:00:00+00:00,9552540.113113165,9552540.113113165,0.0,0.0,0.0,0.0,0,-0.12133375893328541,True,False,669,215
2012-03-07 00:00:00+00:00,9552540.113113165,9552540.113113165,0.0,0.0,0.0,0.0,0,-0.12133375893328541,True,False,671,215
2012-03-08 00:00:00+00:00,9552540.113113165,9552540.113113165,0.0,0.0,0.0,0.0,0,-0.12133375893328541,True,False,671,215
2012-03-09 00:00:00+00:00,9552540.113113165,9552540.113113165,0.0,0.0,0.0,0.0,0,-0.12133375893328541,True,False,671,215
2012-03-12 00:00:00+00:00,9552540.113113165,9552540.113113165,0.0,0.0,0.0,0.0,0,-0.12133375893328541,True,False,671,215
2012-03-13 00:00:00+00:00,9552540.113113165,9552540.113113165,0.0,0.0,0.0,0.0,0,-0.12133375893328541,True,False,671,215
2012-03-14 00:00:00+00:00,9552540.113113165,9552540.113113165,0.0,0.0,0.0,0.0,0,-0.12133375893328541,True,False,671,215
2012-03-15 00:00:00+00:00,9552540.113113165,9552540.113113165,0.0,0.0,0.0,0.0,0,-0.12133375893328541,True,False,671,215
2012-03-16 00:00:00+00:00,9552540.113113165,9552540.113113165,0.0,0.0,0.0,0.0,0,-0.12133375893328541,True,False,672,215
2012-03-19 00:00:00+00:00,9552540.113113165,9552540.113113165,0.0,0.0,0.0,0.0,0,-0.12133375893328541,True,False,672,215
2012-03-20 00:00:00+00:00,9552540.113113165,9552540.113113165,0.0,0.0,0.0,0.0,0,-0.12133375893328541,True,False,672,215
2012-03-21 00:00:00+00:00,9552540.113113165,9552540.113113165,0.0,0.0,0.0,0.0,0,-0.12133375893328541,True,False,672,215
2012-03-22 00:00:00+00:00,9552540.113113165,9552540.113113165,0.0,0.0,0.0,0.0,0,-0.12133375893328541,True,False,672,215
2012-03-23 00:00:00+00:00,9552540.113113165,9552540.113113165,0.0,0.0,0.0,0.0,0,-0.12133375893328541,True,False,672,215
2012-03-26 00:00:00+00:00,9552540.113113165,9552540.113113165,0.0,0.0,0.0,0.0,0,-0.12133375893328541,True,False,675,215
2012-03-27 00:00:00+00:00,9552540.113113165,9552540.113113165,0.0,0.0,0.0,0.0,0,-0.12133375893328541,True,False,675,215
2012-03-28 00:00:00+00:00,9552540.113113165,9552540.113113165,0.0,0.0,0.0,0.0,0,-0.12133375893328541,True,False,676,215
2012-03-29 00:00:00+00:00,9552540.113113165,9552540.113113165,0.0,0.0,0.0,0.0,0,-0.12133375893328541,True,False,677,215
2012-03-30 00:00:00+00:00,9552540.113113165,9552540.113113165,0.0,0.0,0.0,0.0,0,-0.12133375893328541,True,False,678,215
2012-04-02 00:00:00+00:00,9552540.113113165,9552540.113113165,0.0,0.0,0.0,0.0,0,-0.12133375893328541,True,False,678,215
2012-04-03 00:00:00+00:00,9552540.113113165,9552540.113113165,0.0,0.0,0.0,0.0,0,-0.12133375893328541,True,False,678,215
2012-04-04 00:00:00+00:00,9552540.113113165,9552540.113113165,0.0,0.0,0.0,0.0,0,-0.12133375893328541,True,False,678,215
2012-04-05 00:00:00+00:00,9552540.113113165,9552540.113113165,0.0,0.0,0.0,0.0,0,-0.12133375893328541,True,False,678,215
2012-04-09 00:00:00+00:00,9552540.113113165,9552540.113113165,0.0,0.0,0.0,0.0,0,-0.12133375893328541,True,False,678,215
2012-04-10 00:00:00+00:00,9552540.113113165,9552540.113113165,0.0,0.0,0.0,0.0,0,-0.12133375893328541,True,False,678,215
2012-04-11 00:00:00+00:00,9552540.113113165,9552540.113113165,0.0,0.0,0.0,0.0,0,-0.12133375893328541,True,False,678,215
2012-04-12 00:00:00+00:00,9552540.113113165,9552540.113113165,0.0,0.0,0.0,0.0,0,-0.12133375893328541,True,False,678,215
2012-04-13 00:00:00+00:00,9552540.113113165,9552540.113113165,0.0,0.0,0.0,0.0,0,-0.12133375893328541,True,False,681,215
2012-04-16 00:00:00+00:00,9552540.113113165,9552540.113113165,0.0,0.0,0.0,0.0,0,-0.12133375893328541,True,False,681,215
2012-04-17 00:00:00+00:00,9552540.113113165,9552540.113113165,0.0,0.0,0.0,0.0,0,-0.12133375893328541,True,False,681,215
2012-04-18 00:00:00+00:00,9552540.113113165,9552540.113113165,0.0,0.0,0.0,0.0,0,-0.12133375893328541,True,False,682,215
2012-04-19 00:00:00+00:00,9552540.113113165,9552540.113113165,0.0,0.0,0.0,0.0,0,-0.12133375893328541,True,False,682,215
2012-04-20 00:00:00+00:00,9552540.113113165,9552540.113113165,0.0,0.0,0.0,0.0,0,-0.12133375893328541,True,False,682,215
2012-04-23 00:00:00+00:00,9552540.113113165,9552540.113113165,0.0,0.0,0.0,0.0,0,-0.12133375893328541,True,False,682,215
2012-04-24 00:00:00+00:00,9552540.113113165,9552540.113113165,0.0,0.0,0.0,0.0,0,-0.12133375893328541,True,False,682,215
2012-04-25 00:00:00+00:00,9552540.113113165,9552540.113113165,0.0,0.0,0.0,0.0,0,-0.12133375893328541,True,False,683,215
2012-04-26 00:00:00+00:00,9552540.113113165,9552540.113113165,0.0,0.0,0.0,0.0,0,-0.12133375893328541,True,False,684,215
2012-04-27 00:00:00+00:00,9552540.113113165,9552540.113113165,0.0,0.0,0.0,0.0,0,-0.12133375893328541,True,False,684,215
2012-04-30 00:00:00+00:00,9552540.113113165,9552540.113113165,0.0,0.0,0.0,0.0,0,-0.12133375893328541,True,False,684,215
2012-05-01 00:00:00+00:00,9552540.113113165,9552540.113113165,0.0,0.0,0.0,0.0,0,-0.12133375893328541,True,False,684,215
2012-05-02 00:00:00+00:00,9552540.113113165,9552540.113113165,0.0,0.0,0.0,0.0,0,-0.12133375893328541,True,False,684,215
2012-05-03 00:00:00+00:00,9552540.113113165,9552540.113113165,0.0,0.0,0.0,0.0,0,-0.12133375893328541,True,False,684,215
2012-05-04 00:00:00+00:00,9552540.113113165,9552540.113113165,0.0,0.0,0.0,0.0,0,-0.12133375893328541,True,False,685,215
2012-05-07 00:00:00+00:00,9552540.113113165,9552540.113113165,0.0,0.0,0.0,0.0,0,-0.12133375893328541,True,False,686,215
2012-05-08 00:00:00+00:00,9552540.113113165,9552540.113113165,0.0,0.0,0.0,0.0,0,-0.12133375893328541,True,False,689,215
2012-05-09 00:00:00+00:00,9552540.113113165,9552540.113113165,0.0,0.0,0.0,0.0,0,-0.12133375893328541,True,False,701,215
2012-05-10 00:00:00+00:00,9552540.113113165,9552540.113113165,0.0,0.0,0.0,0.0,0,-0.12133375893328541,True,False,703,215
2012-05-11 00:00:00+00:00,9552540.113113165,9552540.113113165,0.0,0.0,0.0,0.0,0,-0.12133375893328541,True,False,703,215
2012-05-14 00:00:00+00:00,9552540.113113165,9552540.113113165,0.0,0.0,0.0,0.0,0,-0.12133375893328541,True,False,704,215
2012-05-15 00:00:00+00:00,9552540.113113165,9552540.113113165,0.0,0.0,0.0,0.0,0,-0.12133375893328541,True,False,704,215
2012-05-16 00:00:00+00:00,9552540.113113165,9552540.113113165,0.0,0.0,0.0,0.0,0,-0.12133375893328541,True,False,705,215
2012-05-17 00:00:00+00:00,9552540.113113165,9552540.113113165,0.0,0.0,0.0,0.0,0,-0.12133375893328541,True,False,705,215
2012-05-18 00:00:00+00:00,9552540.113113165,9552540.113113165,0.0,0.0,0.0,0.0,0,-0.12133375893328541,True,False,705,215
2012-05-21 00:00:00+00:00,9552540.113113165,9552540.113113165,0.0,0.0,0.0,0.0,0,-0.12133375893328541,True,False,705,215
2012-05-22 00:00:00+00:00,9552540.113113165,9552540.113113165,0.0,0.0,0.0,0.0,0,-0.12133375893328541,True,False,705,215
2012-05-23 00:00:00+00:00,9552540.113113165,9552540.113113165,0.0,0.0,0.0,0.0,0,-0.12133375893328541,True,False,707,215
2012-05-24 00:00:00+00:00,9552540.113113165,9552540.113113165,0.0,0.0,0.0,0.0,0,-0.12133375893328541,True,False,707,215
2012-05-25 00:00:00+00:00,9552540.113113165,9552540.113113165,0.0,0.0,0.0,0.0,0,-0.12133375893328541,True,False,707,215
2012-05-28 00:00:00+00:00,9552540.113113165,9552540.113113165,0.0,0.0,0.0,0.0,0,-0.12133375893328541,True,False,707,215
2012-05-29 00:00:00+00:00,9552540.113113165,9552540.113113165,0.0,0.0,0.0,0.0,0,-0.12133375893328541,True,False,707,215
2012-05-30 00:00:00+00:00,9552540.113113165,9552540.113113165,0.0,0.0,0.0,0.0,0,-0.12133375893328541,True,False,707,215
2012-05-31 00:00:00+00:00,9552540.113113165,9552540.113113165,0.0,0.0,0.0,0.0,0,-0.12133375893328541,True,False,707,215
2012-06-01 00:00:00+00:00,9552540.113113165,9552540.113113165,0.0,0.0,0.0,0.0,0,-0.12133375893328541,True,False,709,215
2012-06-04 00:00:00+00:00,9552540.113113165,9552540.113113165,0.0,0.0,0.0,0.0,0,-0.12133375893328541,True,False,711,215
2012-06-05 00:00:00+00:00,9552540.113113165,9552540.113113165,0.0,0.0,0.0,0.0,0,-0.12133375893328541,True,False,712,215
2012-06-06 00:00:00+00:00,9552540.113113165,9552540.113113165,0.0,0.0,0.0,0.0,0,-0.12133375893328541,True,False,712,215
2012-06-07 00:00:00+00:00,9552540.113113165,9552540.113113165,0.0,0.0,0.0,0.0,0,-0.12133375893328541,True,False,712,215
2012-06-08 00:00:00+00:00,9552540.113113165,9552540.113113165,0.0,0.0,0.0,0.0,0,-0.12133375893328541,True,False,712,215
2012-06-11 00:00:00+00:00,9552540.113113165,9552540.113113165,0.0,0.0,0.0,0.0,0,-0.12133375893328541,True,False,712,215
2012-06-12 00:00:00+00:00,9552540.113113165,9552540.113113165,0.0,0.0,0.0,0.0,0,-0.12133375893328541,True,False,712,215
2012-06-13 00:00:00+00:00,9552540.113113165,9552540.113113165,0.0,0.0,0.0,0.0,0,-0.12133375893328541,True,False,712,215
2012-06-14 00:00:00+00:00,9552540.113113165,9552540.113113165,0.0,0.0,0.0,0.0,0,-0.12133375893328541,True,False,712,215
2012-06-15 00:00:00+00:00,9552540.113113165,9552540.113113165,0.0,0.0,0.0,0.0,0,-0.12133375893328541,True,False,712,215
2012-06-18 00:00:00+00:00,9552540.113113165,9552540.113113165,0.0,0.0,0.0,0.0,0,-0.12133375893328541,True,False,712,215
2012-06-19 00:00:00+00:00,9552540.113113165,9552540.113113165,0.0,0.0,0.0,0.0,0,-0.12133375893328541,True,False,712,215
2012-06-20 00:00:00+00:00,9552540.113113165,9552540.113113165,0.0,0.0,0.0,0.0,0,-0.12133375893328541,True,False,712,215
2012-06-21 00:00:00+00:00,9552540.113113165,9552540.113113165,0.0,0.0,0.0,0.0,0,-0.12133375893328541,True,False,712,215
2012-06-22 00:00:00+00:00,9552540.113113165,9552540.113113165,0.0,0.0,0.0,0.0,0,-0.12133375893328541,True,False,712,215
2012-06-25 00:00:00+00:00,9552540.113113165,9552540.113113165,0.0,0.0,0.0,0.0,0,-0.12133375893328541,True,False,712,215
2012-06-26 00:00:00+00:00,9552540.113113165,9552540.113113165,0.0,0.0,0.0,0.0,0,-0.12133375893328541,True,False,713,215
2012-06-27 00:00:00+00:00,9552540.113113165,9552540.113113165,0.0,0.0,0.0,0.0,0,-0.12133375893328541,True,False,713,215
2012-06-28 00:00:00+00:00,9552540.113113165,9552540.113113165,0.0,0.0,0.0,0.0,0,-0.12133375893328541,True,False,713,215
2012-06-29 00:00:00+00:00,9552540.113113165,9552540.113113165,0.0,0.0,0.0,0.0,0,-0.12133375893328541,True,False,713,215
2012-07-02 00:00:00+00:00,9552540.113113165,9552540.113113165,0.0,0.0,0.0,0.0,0,-0.12133375893328541,True,False,713,215
2012-07-03 00:00:00+00:00,9552540.113113165,9552540.113113165,0.0,0.0,0.0,0.0,0,-0.12133375893328541,True,False,713,215
2012-07-04 00:00:00+00:00,9552540.113113165,9552540.113113165,0.0,0.0,0.0,0.0,0,-0.12133375893328541,True,False,713,215
2012-07-05 00:00:00+00:00,9552540.113113165,9552540.113113165,0.0,0.0,0.0,0.0,0,-0.12133375893328541,True,False,713,215
2012-07-06 00:00:00+00:00,9552540.113113165,9552540.113113165,0.0,0.0,0.0,0.0,0,-0.12133375893328541,True,False,713,215
2012-07-09 00:00:00+00:00,9552540.113113165,9552540.113113165,0.0,0.0,0.0,0.0,0,-0.12133375893328541,True,False,713,215
2012-07-10 00:00:00+00:00,9552540.113113165,9552540.113113165,0.0,0.0,0.0,0.0,0,-0.12133375893328541,True,False,713,215
2012-07-11 00:00:00+00:00,9552540.113113165,9552540.113113165,0.0,0.0,0.0,0.0,0,-0.12133375893328541,True,False,715,215
2012-07-12 00:00:00+00:00,9552540.113113165,9552540.113113165,0.0,0.0,0.0,0.0,0,-0.12133375893328541,True,False,717,215
2012-07-13 00:00:00+00:00,9552540.113113165,9552540.113113165,0.0,0.0,0.0,0.0,0,-0.12133375893328541,True,False,717,215
2012-07-16 00:00:00+00:00,9552540.113113165,9552540.113113165,0.0,0.0,0.0,0.0,0,-0.12133375893328541,True,False,717,215
2012-07-17 00:00:00+00:00,9552540.113113165,9552540.113113165,0.0,0.0,0.0,0.0,0,-0.12133375893328541,True,False,717,215
2012-07-18 00:00:00+00:00,9552540.113113165,9552540.113113165,0.0,0.0,0.0,0.0,0,-0.12133375893328541,True,False,717,215
2012-07-19 00:00:00+00:00,9552540.113113165,9552540.113113165,0.0,0.0,0.0,0.0,0,-0.12133375893328541,True,False,717,215
2012-07-20 00:00:00+00:00,9552540.113113165,9552540.113113165,0.0,0.0,0.0,0.0,0,-0.12133375893328541,True,False,717,215
2012-07-23 00:00:00+00:00,9552540.113113165,9552540.113113165,0.0,0.0,0.0,0.0,0,-0.12133375893328541,True,False,717,215
2012-07-24 00:00:00+00:00,9552540.113113165,9552540.113113165,0.0,0.0,0.0,0.0,0,-0.12133375893328541,True,False,717,215
2012-07-25 00:00:00+00:00,9552540.113113165,9552540.113113165,0.0,0.0,0.0,0.0,0,-0.12133375893328541,True,False,719,215
2012-07-26 00:00:00+00:00,9552540.113113165,9552540.113113165,0.0,0.0,0.0,0.0,0,-0.12133375893328541,True,False,720,215
2012-07-27 00:00:00+00:00,9552540.113113165,9552540.113113165,0.0,0.0,0.0,0.0,0,-0.12133375893328541,True,False,721,215
2012-07-30 00:00:00+00:00,9552540.113113165,9552540.113113165,0.0,0.0,0.0,0.0,0,-0.12133375893328541,True,False,721,215
2012-07-31 00:00:00+00:00,9552540.113113165,9552540.113113165,0.0,0.0,0.0,0.0,0,-0.12133375893328541,True,False,721,215
2012-08-01 00:00:00+00:00,9552540.113113165,9552540.113113165,0.0,0.0,0.0,0.0,0,-0.12133375893328541,True,False,721,215
2012-08-02 00:00:00+00:00,9552540.113113165,9552540.113113165,0.0,0.0,0.0,0.0,0,-0.12133375893328541,True,False,721,215
2012-08-03 00:00:00+00:00,9552540.113113165,9552540.113113165,0.0,0.0,0.0,0.0,0,-0.12133375893328541,True,False,721,215
2012-08-06 00:00:00+00:00,9552540.113113165,9552540.113113165,0.0,0.0,0.0,0.0,0,-0.12133375893328541,True,False,721,215
2012-08-07 00:00:00+00:00,9552540.113113165,9552540.113113165,0.0,0.0,0.0,0.0,0,-0.12133375893328541,True,False,721,215
2012-08-08 00:00:00+00:00,9552540.113113165,9552540.113113165,0.0,0.0,0.0,0.0,0,-0.12133375893328541,True,False,722,215
2012-08-09 00:00:00+00:00,9552540.113113165,9552540.113113165,0.0,0.0,0.0,0.0,0,-0.12133375893328541,True,False,722,215
2012-08-10 00:00:00+00:00,9552540.113113165,9552540.113113165,0.0,0.0,0.0,0.0,0,-0.12133375893328541,True,False,723,215
2012-08-13 00:00:00+00:00,9552540.113113165,9552540.113113165,0.0,0.0,0.0,0.0,0,-0.12133375893328541,True,False,723,215
2012-08-14 00:00:00+00:00,9552540.113113165,9552540.113113165,0.0,0.0,0.0,0.0,0,-0.12133375893328541,True,False,723,215
2012-08-15 00:00:00+00:00,9552540.113113165,9552540.113113165,0.0,0.0,0.0,0.0,0,-0.12133375893328541,True,False,723,215
2012-08-16 00:00:00+00:00,9552540.113113165,9552540.113113165,0.0,0.0,0.0,0.0,0,-0.12133375893328541,True,False,723,215
2012-08-17 00:00:00+00:00,9552540.113113165,9552540.113113165,0.0,0.0,0.0,0.0,0,-0.12133375893328541,True,False,723,215
2012-08-20 00:00:00+00:00,9552540.113113165,9552540.113113165,0.0,0.0,0.0,0.0,0,-0.12133375893328541,True,False,723,215
2012-08-21 00:00:00+00:00,9552540.113113165,9552540.113113165,0.0,0.0,0.0,0.0,0,-0.12133375893328541,True,False,723,215
2012-08-22 00:00:00+00:00,9552540.113113165,9552540.113113165,0.0,0.0,0.0,0.0,0,-0.12133375893328541,True,False,723,215
2012-08-23 00:00:00+00:00,9552540.113113165,9552540.113113165,0.0,0.0,0.0,0.0,0,-0.12133375893328541,True,False,723,215
2012-08-24 00:00:00+00:00,9552540.113113165,9552540.113113165,0.0,0.0,0.0,0.0,0,-0.12133375893328541,True,False,724,215
2012-08-27 00:00:00+00:00,9552540.113113165,9552540.113113165,0.0,0.0,0.0,0.0,0,-0.12133375893328541,True,False,724,215
2012-08-28 00:00:00+00:00,9552540.113113165,9552540.113113165,0.0,0.0,0.0,0.0,0,-0.12133375893328541,True,False,724,215
2012-08-29 00:00:00+00:00,9552540.113113165,9552540.113113165,0.0,0.0,0.0,0.0,0,-0.12133375893328541,True,False,725,215
2012-08-30 00:00:00+00:00,9552540.113113165,9552540.113113165,0.0,0.0,0.0,0.0,0,-0.12133375893328541,True,False,726,215
2012-08-31 00:00:00+00:00,9552540.113113165,9552540.113113165,0.0,0.0,0.0,0.0,0,-0.12133375893328541,True,False,726,215
2012-09-03 00:00:00+00:00,9552540.113113165,9552540.113113165,0.0,0.0,0.0,0.0,0,-0.12133375893328541,True,False,729,215
2012-09-04 00:00:00+00:00,9552540.113113165,9552540.113113165,0.0,0.0,0.0,0.0,0,-0.12133375893328541,True,False,729,215
2012-09-05 00:00:00+00:00,9552540.113113165,9552540.113113165,0.0,0.0,0.0,0.0,0,-0.12133375893328541,True,False,730,215
2012-09-06 00:00:00+00:00,9552540.113113165,9552540.113113165,0.0,0.0,0.0,0.0,0,-0.12133375893328541,True,False,730,215
2012-09-07 00:00:00+00:00,9552540.113113165,9552540.113113165,0.0,0.0,0.0,0.0,0,-0.12133375893328541,True,False,730,215
2012-09-10 00:00:00+00:00,9552540.113113165,9552540.113113165,0.0,0.0,0.0,0.0,0,-0.12133375893328541,True,False,730,215
2012-09-11 00:00:00+00:00,9552540.113113165,9552540.113113165,0.0,0.0,0.0,0.0,0,-0.12133375893328541,True,False,730,215
2012-09-12 00:00:00+00:00,9552540.113113165,9552540.113113165,0.0,0.0,0.0,0.0,0,-0.12133375893328541,True,False,730,215
2012-09-13 00:00:00+00:00,9552540.113113165,9552540.113113165,0.0,0.0,0.0,0.0,0,-0.12133375893328541,True,False,730,215
2012-09-14 00:00:00+00:00,9552540.113113165,9552540.113113165,0.0,0.0,0.0,0.0,0,-0.12133375893328541,True,False,730,215
2012-09-17 00:00:00+00:00,9552540.113113165,9552540.113113165,0.0,0.0,0.0,0.0,0,-0.12133375893328541,True,False,730,215
2012-09-18 00:00:00+00:00,9552540.113113165,9552540.113113165,0.0,0.0,0.0,0.0,0,-0.12133375893328541,True,False,730,215
2012-09-19 00:00:00+00:00,9552540.113113165,9552540.113113165,0.0,0.0,0.0,0.0,0,-0.12133375893328541,True,False,730,215
2012-09-20 00:00:00+00:00,9552540.113113165,9552540.113113165,0.0,0.0,0.0,0.0,0,-0.12133375893328541,True,False,730,215
2012-09-21 00:00:00+00:00,9552540.113113165,9552540.113113165,0.0,0.0,0.0,0.0,0,-0.12133375893328541,True,False,730,215
2012-09-24 00:00:00+00:00,9552540.113113165,9552540.113113165,0.0,0.0,0.0,0.0,0,-0.12133375893328541,True,False,730,215
2012-09-25 00:00:00+00:00,9552540.113113165,9552540.113113165,0.0,0.0,0.0,0.0,0,-0.12133375893328541,True,False,730,215
2012-09-26 00:00:00+00:00,9552540.113113165,9552540.113113165,0.0,0.0,0.0,0.0,0,-0.12133375893328541,True,False,730,215
2012-09-27 00:00:00+00:00,9552540.113113165,9552540.113113165,0.0,0.0,0.0,0.0,0,-0.12133375893328541,True,False,730,215
2012-09-28 00:00:00+00:00,9552540.113113165,9552540.113113165,0.0,0.0,0.0,0.0,0,-0.12133375893328541,True,False,730,215
2012-10-01 00:00:00+00:00,9552540.113113165,9552540.113113165,0.0,0.0,0.0,0.0,0,-0.12133375893328541,True,False,730,215
2012-10-02 00:00:00+00:00,9552540.113113165,9552540.113113165,0.0,0.0,0.0,0.0,0,-0.12133375893328541,True,False,730,215
2012-10-03 00:00:00+00:00,9552540.113113165,9552540.113113165,0.0,0.0,0.0,0.0,0,-0.12133375893328541,True,False,730,215
2012-10-04 00:00:00+00:00,9552540.113113165,9552540.113113165,0.0,0.0,0.0,0.0,0,-0.12133375893328541,True,False,730,215
2012-10-05 00:00:00+00:00,9552540.113113165,9552540.113113165,0.0,0.0,0.0,0.0,0,-0.12133375893328541,True,False,730,215
2012-10-08 00:00:00+00:00,9552540.113113165,9552540.113113165,0.0,0.0,0.0,0.0,0,-0.12133375893328541,True,False,730,215
2012-10-09 00:00:00+00:00,9552540.113113165,9552540.113113165,0.0,0.0,0.0,0.0,0,-0.12133375893328541,True,False,730,215
2012-10-10 00:00:00+00:00,9552540.113113165,9552540.113113165,0.0,0.0,0.0,0.0,0,-0.12133375893328541,True,False,730,215
2012-10-11 00:00:00+00:00,9552540.113113165,9552540.113113165,0.0,0.0,0.0,0.0,0,-0.12133375893328541,True,False,730,215
2012-10-12 00:00:00+00:00,9552540.113113165,9552540.113113165,0.0,0.0,0.0,0.0,0,-0.12133375893328541,True,False,730,215
2012-10-15 00:00:00+00:00,9552540.113113165,9552540.113113165,0.0,0.0,0.0,0.0,0,-0.12133375893328541,True,False,730,215
2012-10-16 00:00:00+00:00,9552540.113113165,9552540.113113165,0.0,0.0,0.0,0.0,0,-0.12133375893328541,True,False,730,215
2012-10-17 00:00:00+00:00,9552540.113113165,9552540.113113165,0.0,0.0,0.0,0.0,0,-0.12133375893328541,True,False,730,215
2012-10-18 00:00:00+00:00,9552540.113113165,9552540.113113165,0.0,0.0,0.0,0.0,0,-0.12133375893328541,True,False,730,215
2012-10-19 00:00:00+00:00,9552540.113113165,9552540.113113165,0.0,0.0,0.0,0.0,0,-0.12133375893328541,True,False,731,215
2012-10-22 00:00:00+00:00,9552540.113113165,9552540.113113165,0.0,0.0,0.0,0.0,0,-0.12133375893328541,True,False,731,215
2012-10-23 00:00:00+00:00,9552540.113113165,9552540.113113165,0.0,0.0,0.0,0.0,0,-0.12133375893328541,True,False,732,215
2012-10-24 00:00:00+00:00,9552540.113113165,9552540.113113165,0.0,0.0,0.0,0.0,0,-0.12133375893328541,True,False,733,215
2012-10-25 00:00:00+00:00,9552540.113113165,9552540.113113165,0.0,0.0,0.0,0.0,0,-0.12133375893328541,True,False,733,215
2012-10-26 00:00:00+00:00,9552540.113113165,9552540.113113165,0.0,0.0,0.0,0.0,0,-0.12133375893328541,True,False,733,215
2012-10-29 00:00:00+00:00,9552540.113113165,9552540.113113165,0.0,0.0,0.0,0.0,0,-0.12133375893328541,True,False,733,215
2012-10-30 00:00:00+00:00,9552540.113113165,9552540.113113165,0.0,0.0,0.0,0.0,0,-0.12133375893328541,True,False,734,215
2012-10-31 00:00:00+00:00,9552540.113113165,9552540.113113165,0.0,0.0,0.0,0.0,0,-0.12133375893328541,True,False,735,215
2012-11-01 00:00:00+00:00,9552540.113113165,9552540.113113165,0.0,0.0,0.0,0.0,0,-0.12133375893328541,True,False,735,215
2012-11-02 00:00:00+00:00,9552540.113113165,9552540.113113165,0.0,0.0,0.0,0.0,0,-0.12133375893328541,True,False,735,215
2012-11-05 00:00:00+00:00,9552540.113113165,9552540.113113165,0.0,0.0,0.0,0.0,0,-0.12133375893328541,True,False,735,215
2012-11-06 00:00:00+00:00,9552540.113113165,9552540.113113165,0.0,0.0,0.0,0.0,0,-0.12133375893328541,True,False,735,215
2012-11-07 00:00:00+00:00,9552540.113113165,9552540.113113165,0.0,0.0,0.0,0.0,0,-0.12133375893328541,True,False,735,215
2012-11-08 00:00:00+00:00,9552540.113113165,9552540.113113165,0.0,0.0,0.0,0.0,0,-0.12133375893328541,True,False,735,215
2012-11-09 00:00:00+00:00,9552540.113113165,9552540.113113165,0.0,0.0,0.0,0.0,0,-0.12133375893328541,True,False,737,215
2012-11-12 00:00:00+00:00,9552540.113113165,9552540.113113165,0.0,0.0,0.0,0.0,0,-0.12133375893328541,True,False,738,215
2012-11-13 00:00:00+00:00,9552540.113113165,9552540.113113165,0.0,0.0,0.0,0.0,0,-0.12133375893328541,True,False,738,215
2012-11-14 00:00:00+00:00,9552540.113113165,9552540.113113165,0.0,0.0,0.0,0.0,0,-0.12133375893328541,True,False,738,215
2012-11-15 00:00:00+00:00,9552540.113113165,9552540.113113165,0.0,0.0,0.0,0.0,0,-0.12133375893328541,True,False,742,215
2012-11-16 00:00:00+00:00,9552540.113113165,9552540.113113165,0.0,0.0,0.0,0.0,0,-0.12133375893328541,True,False,742,215
2012-11-19 00:00:00+00:00,9552540.113113165,9552540.113113165,0.0,0.0,0.0,0.0,0,-0.12133375893328541,True,False,744,215
2012-11-20 00:00:00+00:00,9552540.113113165,9552540.113113165,0.0,0.0,0.0,0.0,0,-0.12133375893328541,True,False,745,215
2012-11-21 00:00:00+00:00,9552540.113113165,9552540.113113165,0.0,0.0,0.0,0.0,0,-0.12133375893328541,True,False,746,215
2012-11-22 00:00:00+00:00,9552540.113113165,9552540.113113165,0.0,0.0,0.0,0.0,0,-0.12133375893328541,True,False,746,215
2012-11-23 00:00:00+00:00,9552540.113113165,9552540.113113165,0.0,0.0,0.0,0.0,0,-0.12133375893328541,True,False,746,215
2012-11-26 00:00:00+00:00,9552540.113113165,9552540.113113165,0.0,0.0,0.0,0.0,0,-0.12133375893328541,True,False,747,215
2012-11-27 00:00:00+00:00,9552540.113113165,9552540.113113165,0.0,0.0,0.0,0.0,0,-0.12133375893328541,True,False,747,215
2012-11-28 00:00:00+00:00,9552540.113113165,9552540.113113165,0.0,0.0,0.0,0.0,0,-0.12133375893328541,True,False,747,215
2012-11-29 00:00:00+00:00,9552540.113113165,9552540.113113165,0.0,0.0,0.0,0.0,0,-0.12133375893328541,True,False,747,215
2012-11-30 00:00:00+00:00,9552540.113113165,9552540.113113165,0.0,0.0,0.0,0.0,0,-0.12133375893328541,True,False,747,215
2012-12-03 00:00:00+00:00,9552540.113113165,9552540.113113165,0.0,0.0,0.0,0.0,0,-0.12133375893328541,True,False,747,215
2012-12-04 00:00:00+00:00,9552540.113113165,9552540.113113165,0.0,0.0,0.0,0.0,0,-0.12133375893328541,True,False,747,215
2012-12-05 00:00:00+00:00,9552540.113113165,9552540.113113165,0.0,0.0,0.0,0.0,0,-0.12133375893328541,True,False,747,215
2012-12-06 00:00:00+00:00,9552540.113113165,9552540.113113165,0.0,0.0,0.0,0.0,0,-0.12133375893328541,True,False,747,215
2012-12-07 00:00:00+00:00,9552540.113113165,9552540.113113165,0.0,0.0,0.0,0.0,0,-0.12133375893328541,True,False,747,215
2012-12-10 00:00:00+00:00,9552540.113113165,9552540.113113165,0.0,0.0,0.0,0.0,0,-0.12133375893328541,True,False,748,215
2012-12-11 00:00:00+00:00,9552540.113113165,9552540.113113165,0.0,0.0,0.0,0.0,0,-0.12133375893328541,True,False,749,215
2012-12-12 00:00:00+00:00,9552540.113113165,9552540.113113165,0.0,0.0,0.0,0.0,0,-0.12133375893328541,True,False,749,215
2012-12-13 00:00:00+00:00,9552540.113113165,9552540.113113165,0.0,0.0,0.0,0.0,0,-0.12133375893328541,True,False,750,215
2012-12-14 00:00:00+00:00,9552540.113113165,9552540.113113165,0.0,0.0,0.0,0.0,0,-0.12133375893328541,True,False,750,215
2012-12-17 00:00:00+00:00,9552540.113113165,9552540.113113165,0.0,0.0,0.0,0.0,0,-0.12133375893328541,True,False,751,215
2012-12-18 00:00:00+00:00,9552540.113113165,9552540.113113165,0.0,0.0,0.0,0.0,0,-0.12133375893328541,True,False,751,215
2012-12-19 00:00:00+00:00,9552540.113113165,9552540.113113165,0.0,0.0,0.0,0.0,0,-0.12133375893328541,True,False,751,215
2012-12-20 00:00:00+00:00,9552540.113113165,9552540.113113165,0.0,0.0,0.0,0.0,0,-0.12133375893328541,True,False,751,215
2012-12-21 00:00:00+00:00,9552540.113113165,9552540.113113165,0.0,0.0,0.0,0.0,0,-0.12133375893328541,True,False,751,215
2012-12-24 00:00:00+00:00,9552540.113113165,9552540.113113165,0.0,0.0,0.0,0.0,0,-0.12133375893328541,True,False,751,215
2012-12-26 00:00:00+00:00,9552540.113113165,9552540.113113165,0.0,0.0,0.0,0.0,0,-0.12133375893328541,True,False,751,215
2012-12-27 00:00:00+00:00,9552540.113113165,9552540.113113165,0.0,0.0,0.0,0.0,0,-0.12133375893328541,True,False,751,215
2012-12-28 00:00:00+00:00,9552540.113113165,9552540.113113165,0.0,0.0,0.0,0.0,0,-0.12133375893328541,True,False,751,215
2012-12-31 00:00:00+00:00,9552540.113113165,9552540.113113165,0.0,0.0,0.0,0.0,0,-0.12133375893328541,True,False,751,215
2013-01-01 00:00:00+00:00,9552540.113113165,9552540.113113165,0.0,0.0,0.0,0.0,0,-0.12133375893328541,True,False,751,215
2013-01-02 00:00:00+00:00,9552540.113113165,9552540.113113165,0.0,0.0,0.0,0.0,0,-0.12133375893328541,True,False,751,215
2013-01-03 00:00:00+00:00,9552540.113113165,9552540.113113165,0.0,0.0,0.0,0.0,0,-0.12133375893328541,True,False,751,215
2013-01-04 00:00:00+00:00,9552540.113113165,9552540.113113165,0.0,0.0,0.0,0.0,0,-0.12133375893328541,True,False,751,215
2013-01-07 00:00:00+00:00,9552540.113113165,9552540.113113165,0.0,0.0,0.0,0.0,0,-0.12133375893328541,True,False,751,215
2013-01-08 00:00:00+00:00,9552540.113113165,9552540.113113165,0.0,0.0,0.0,0.0,0,-0.12133375893328541,True,False,752,215
2013-01-09 00:00:00+00:00,9552540.113113165,9552540.113113165,0.0,0.0,0.0,0.0,0,-0.12133375893328541,True,False,753,215
2013-01-10 00:00:00+00:00,9552540.113113165,9552540.113113165,0.0,0.0,0.0,0.0,0,-0.12133375893328541,True,False,754,215
2013-01-11 00:00:00+00:00,9552540.113113165,9552540.113113165,0.0,0.0,0.0,0.0,0,-0.12133375893328541,True,False,759,215
2013-01-14 00:00:00+00:00,9552540.113113165,9552540.113113165,0.0,0.0,0.0,0.0,0,-0.12133375893328541,True,False,759,215
2013-01-15 00:00:00+00:00,9552540.113113165,9552540.113113165,0.0,0.0,0.0,0.0,0,-0.12133375893328541,True,False,759,215
2013-01-16 00:00:00+00:00,9552540.113113165,9552540.113113165,0.0,0.0,0.0,0.0,0,-0.12133375893328541,True,False,760,215
2013-01-17 00:00:00+00:00,9552540.113113165,9552540.113113165,0.0,0.0,0.0,0.0,0,-0.12133375893328541,True,False,760,215
2013-01-18 00:00:00+00:00,9552540.113113165,9552540.113113165,0.0,0.0,0.0,0.0,0,-0.12133375893328541,True,False,762,215
2013-01-21 00:00:00+00:00,9552540.113113165,9552540.113113165,0.0,0.0,0.0,0.0,0,-0.12133375893328541,True,False,762,215
2013-01-22 00:00:00+00:00,9552540.113113165,9552540.113113165,0.0,0.0,0.0,0.0,0,-0.12133375893328541,True,False,762,215
2013-01-23 00:00:00+00:00,9552540.113113165,9552540.113113165,0.0,0.0,0.0,0.0,0,-0.12133375893328541,True,False,764,215
2013-01-24 00:00:00+00:00,9552540.113113165,9552540.113113165,0.0,0.0,0.0,0.0,0,-0.12133375893328541,True,False,767,215
2013-01-25 00:00:00+00:00,9552540.113113165,9552540.113113165,0.0,0.0,0.0,0.0,0,-0.12133375893328541,True,False,767,215
2013-01-28 00:00:00+00:00,9552540.113113165,9552540.113113165,0.0,0.0,0.0,0.0,0,-0.12133375893328541,True,False,767,215
2013-01-29 00:00:00+00:00,9552540.113113165,9552540.113113165,0.0,0.0,0.0,0.0,0,-0.12133375893328541,True,False,768,215
2013-01-30 00:00:00+00:00,9552540.113113165,9552540.113113165,0.0,0.0,0.0,0.0,0,-0.12133375893328541,True,False,768,215
2013-01-31 00:00:00+00:00,9552540.113113165,9552540.113113165,0.0,0.0,0.0,0.0,0,-0.12133375893328541,True,False,769,215
2013-02-01 00:00:00+00:00,9552540.113113165,9552540.113113165,0.0,0.0,0.0,0.0,0,-0.12133375893328541,True,False,769,215
2013-02-04 00:00:00+00:00,9552540.113113165,9552540.113113165,0.0,0.0,0.0,0.0,0,-0.12133375893328541,True,False,770,215
2013-02-05 00:00:00+00:00,9552540.113113165,9552540.113113165,0.0,0.0,0.0,0.0,0,-0.12133375893328541,True,False,770,215
2013-02-06 00:00:00+00:00,9552540.113113165,9552540.113113165,0.0,0.0,0.0,0.0,0,-0.12133375893328541,True,False,772,215
2013-02-07 00:00:00+00:00,9552540.113113165,9552540.113113165,0.0,0.0,0.0,0.0,0,-0.12133375893328541,True,False,772,215
2013-02-08 00:00:00+00:00,9552540.113113165,9552540.113113165,0.0,0.0,0.0,0.0,0,-0.12133375893328541,True,False,776,215
2013-02-11 00:00:00+00:00,9552540.113113165,9552540.113113165,0.0,0.0,0.0,0.0,0,-0.12133375893328541,True,False,777,215
2013-02-12 00:00:00+00:00,9552540.113113165,9552540.113113165,0.0,0.0,0.0,0.0,0,-0.12133375893328541,True,False,778,215
2013-02-13 00:00:00+00:00,9552540.113113165,9552540.113113165,0.0,0.0,0.0,0.0,0,-0.12133375893328541,True,False,779,215
2013-02-14 00:00:00+00:00,9552540.113113165,9552540.113113165,0.0,0.0,0.0,0.0,0,-0.12133375893328541,True,False,781,215
2013-02-15 00:00:00+00:00,9552540.113113165,9552540.113113165,0.0,0.0,0.0,0.0,0,-0.12133375893328541,True,False,781,215
2013-02-18 00:00:00+00:00,9552540.113113165,9552540.113113165,0.0,0.0,0.0,0.0,0,-0.12133375893328541,True,False,781,215
2013-02-19 00:00:00+00:00,9552540.113113165,9552540.113113165,0.0,0.0,0.0,0.0,0,-0.12133375893328541,True,False,781,215
2013-02-20 00:00:00+00:00,9552540.113113165,9552540.113113165,0.0,0.0,0.0,0.0,0,-0.12133375893328541,True,False,782,215
2013-02-21 00:00:00+00:00,9552540.113113165,9552540.113113165,0.0,0.0,0.0,0.0,0,-0.12133375893328541,True,False,784,215
2013-02-22 00:00:00+00:00,9552540.113113165,9552540.113113165,0.0,0.0,0.0,0.0,0,-0.12133375893328541,True,False,784,215
2013-02-25 00:00:00+00:00,9552540.113113165,9552540.113113165,0.0,0.0,0.0,0.0,0,-0.12133375893328541,True,False,785,215
2013-02-26 00:00:00+00:00,9552540.113113165,9552540.113113165,0.0,0.0,0.0,0.0,0,-0.12133375893328541,True,False,791,215
2013-02-27 00:00:00+00:00,9552540.113113165,9552540.113113165,0.0,0.0,0.0,0.0,0,-0.12133375893328541,True,False,791,215
2013-02-28 00:00:00+00:00,9552540.113113165,9552540.113113165,0.0,0.0,0.0,0.0,0,-0.12133375893328541,True,False,796,215
2013-03-01 00:00:00+00:00,9552540.113113165,9552540.113113165,0.0,0.0,0.0,0.0,0,-0.12133375893328541,True,False,799,215
2013-03-04 00:00:00+00:00,9552540.113113165,9552540.113113165,0.0,0.0,0.0,0.0,0,-0.12133375893328541,True,False,801,215
2013-03-05 00:00:00+00:00,9552540.113113165,9552540.113113165,0.0,0.0,0.0,0.0,0,-0.12133375893328541,True,False,801,215
2013-03-06 00:00:00+00:00,9552540.113113165,9552540.113113165,0.0,0.0,0.0,0.0,0,-0.12133375893328541,True,False,802,215
2013-03-07 00:00:00+00:00,9552540.113113165,9552540.113113165,0.0,0.0,0.0,0.0,0,-0.12133375893328541,True,False,802,215
2013-03-08 00:00:00+00:00,9552540.113113165,9552540.113113165,0.0,0.0,0.0,0.0,0,-0.12133375893328541,True,False,802,215
2013-03-11 00:00:00+00:00,9552540.113113165,9552540.113113165,0.0,0.0,0.0,0.0,0,-0.12133375893328541,True,False,802,215
2013-03-12 00:00:00+00:00,9552540.113113165,9552540.113113165,0.0,0.0,0.0,0.0,0,-0.12133375893328541,True,False,802,215
2013-03-13 00:00:00+00:00,9552540.113113165,9552540.113113165,0.0,0.0,0.0,0.0,0,-0.12133375893328541,True,False,802,215
2013-03-14 00:00:00+00:00,9552540.113113165,9552540.113113165,0.0,0.0,0.0,0.0,0,-0.12133375893328541,True,False,803,215
2013-03-15 00:00:00+00:00,9552540.113113165,9552540.113113165,0.0,0.0,0.0,0.0,0,-0.12133375893328541,True,False,805,215
2013-03-18 00:00:00+00:00,9552540.113113165,9552540.113113165,0.0,0.0,0.0,0.0,0,-0.12133375893328541,True,False,806,215
2013-03-19 00:00:00+00:00,9552540.113113165,9552540.113113165,0.0,0.0,0.0,0.0,0,-0.12133375893328541,True,False,806,215
2013-03-20 00:00:00+00:00,9552540.113113165,9552540.113113165,0.0,0.0,0.0,0.0,0,-0.12133375893328541,True,False,810,215
2013-03-21 00:00:00+00:00,9552540.113113165,9552540.113113165,0.0,0.0,0.0,0.0,0,-0.12133375893328541,True,False,816,215
2013-03-22 00:00:00+00:00,9552540.113113165,9552540.113113165,0.0,0.0,0.0,0.0,0,-0.12133375893328541,True,False,821,215
2013-03-25 00:00:00+00:00,9552540.113113165,9552540.113113165,0.0,0.0,0.0,0.0,0,-0.12133375893328541,True,False,822,215
2013-03-26 00:00:00+00:00,9552540.113113165,9552540.113113165,0.0,0.0,0.0,0.0,0,-0.12133375893328541,True,False,825,215
2013-03-27 00:00:00+00:00,9552540.113113165,9552540.113113165,0.0,0.0,0.0,0.0,0,-0.12133375893328541,True,False,825,215
2013-03-28 00:00:00+00:00,9552540.113113165,9552540.113113165,0.0,0.0,0.0,0.0,0,-0.12133375893328541,True,False,825,215
2013-04-01 00:00:00+00:00,9552540.113113165,9552540.113113165,0.0,0.0,0.0,0.0,0,-0.12133375893328541,True,False,827,215
2013-04-02 00:00:00+00:00,9552540.113113165,9552540.113113165,0.0,0.0,0.0,0.0,0,-0.12133375893328541,True,False,828,215
2013-04-03 00:00:00+00:00,9552540.113113165,9552540.113113165,0.0,0.0,0.0,0.0,0,-0.12133375893328541,True,False,828,215
2013-04-04 00:00:00+00:00,9552540.113113165,9552540.113113165,0.0,0.0,0.0,0.0,0,-0.12133375893328541,True,False,828,215
2013-04-05 00:00:00+00:00,9552540.113113165,9552540.113113165,0.0,0.0,0.0,0.0,0,-0.12133375893328541,True,False,829,215
2013-04-08 00:00:00+00:00,9552540.113113165,9552540.113113165,0.0,0.0,0.0,0.0,0,-0.12133375893328541,True,False,830,215
2013-04-09 00:00:00+00:00,9552540.113113165,9552540.113113165,0.0,0.0,0.0,0.0,0,-0.12133375893328541,True,False,830,215
2013-04-10 00:00:00+00:00,9552540.113113165,9552540.113113165,0.0,0.0,0.0,0.0,0,-0.12133375893328541,True,False,830,215
2013-04-11 00:00:00+00:00,9552540.113113165,9552540.113113165,0.0,0.0,0.0,0.0,0,-0.12133375893328541,True,False,830,215
2013-04-12 00:00:00+00:00,9552540.113113165,9552540.113113165,0.0,0.0,0.0,0.0,0,-0.12133375893328541,True,False,833,215
2013-04-15 00:00:00+00:00,9552540.113113165,9552540.113113165,0.0,0.0,0.0,0.0,0,-0.12133375893328541,True,False,835,215
2013-04-16 00:00:00+00:00,9552540.113113165,9552540.113113165,0.0,0.0,0.0,0.0,0,-0.12133375893328541,True,False,835,215
2013-04-17 00:00:00+00:00,9552540.113113165,9552540.113113165,0.0,0.0,0.0,0.0,0,-0.12133375893328541,True,False,836,215
2013-04-18 00:00:00+00:00,9552540.113113165,9552540.113113165,0.0,0.0,0.0,0.0,0,-0.12133375893328541,True,False,836,215
2013-04-19 00:00:00+00:00,9552540.113113165,9552540.113113165,0.0,0.0,0.0,0.0,0,-0.12133375893328541,True,False,836,215
2013-04-22 00:00:00+00:00,9552540.113113165,9552540.113113165,0.0,0.0,0.0,0.0,0,-0.12133375893328541,True,False,837,215
2013-04-23 00:00:00+00:00,9552540.113113165,9552540.113113165,0.0,0.0,0.0,0.0,0,-0.12133375893328541,True,False,837,215
2013-04-24 00:00:00+00:00,9552540.113113165,9552540.113113165,0.0,0.0,0.0,0.0,0,-0.12133375893328541,True,False,837,215
2013-04-25 00:00:00+00:00,9552540.113113165,9552540.113113165,0.0,0.0,0.0,0.0,0,-0.12133375893328541,True,False,837,215
2013-04-26 00:00:00+00:00,9552540.113113165,9552540.113113165,0.0,0.0,0.0,0.0,0,-0.12133375893328541,True,False,837,215
2013-04-29 00:00:00+00:00,9552540.113113165,9552540.113113165,0.0,0.0,0.0,0.0,0,-0.12133375893328541,True,False,837,215
2013-04-30 00:00:00+00:00,9552540.113113165,9552540.113113165,0.0,0.0,0.0,0.0,0,-0.12133375893328541,True,False,837,215
2013-05-01 00:00:00+00:00,9552540.113113165,9552540.113113165,0.0,0.0,0.0,0.0,0,-0.12133375893328541,True,False,837,215
2013-05-02 00:00:00+00:00,9552540.113113165,9552540.113113165,0.0,0.0,0.0,0.0,0,-0.12133375893328541,True,False,837,215
2013-05-03 00:00:00+00:00,9552540.113113165,9552540.113113165,0.0,0.0,0.0,0.0,0,-0.12133375893328541,True,False,837,215
2013-05-06 00:00:00+00:00,9552540.113113165,9552540.113113165,0.0,0.0,0.0,0.0,0,-0.12133375893328541,True,False,837,215
2013-05-07 00:00:00+00:00,9552540.113113165,9552540.113113165,0.0,0.0,0.0,0.0,0,-0.12133375893328541,True,False,837,215
2013-05-08 00:00:00+00:00,9552540.113113165,9552540.113113165,0.0,0.0,0.0,0.0,0,-0.12133375893328541,True,False,837,215
2013-05-09 00:00:00+00:00,9552540.113113165,9552540.113113165,0.0,0.0,0.0,0.0,0,-0.12133375893328541,True,False,837,215
2013-05-10 00:00:00+00:00,9552540.113113165,9552540.113113165,0.0,0.0,0.0,0.0,0,-0.12133375893328541,True,False,837,215
2013-05-13 00:00:00+00:00,9552540.113113165,9552540.113113165,0.0,0.0,0.0,0.0,0,-0.12133375893328541,True,False,837,215
2013-05-14 00:00:00+00:00,9552540.113113165,9552540.113113165,0.0,0.0,0.0,0.0,0,-0.12133375893328541,True,False,837,215
2013-05-15 00:00:00+00:00,9552540.113113165,9552540.113113165,0.0,0.0,0.0,0.0,0,-0.12133375893328541,True,False,837,215
2013-05-16 00:00:00+00:00,9552540.113113165,9552540.113113165,0.0,0.0,0.0,0.0,0,-0.12133375893328541,True,False,837,215
2013-05-17 00:00:00+00:00,9552540.113113165,9552540.113113165,0.0,0.0,0.0,0.0,0,-0.12133375893328541,True,False,837,215
2013-05-20 00:00:00+00:00,9552540.113113165,9552540.113113165,0.0,0.0,0.0,0.0,0,-0.12133375893328541,True,False,837,215
2013-05-21 00:00:00+00:00,9552540.113113165,9552540.113113165,0.0,0.0,0.0,0.0,0,-0.12133375893328541,True,False,838,215
2013-05-22 00:00:00+00:00,9552540.113113165,9552540.113113165,0.0,0.0,0.0,0.0,0,-0.12133375893328541,True,False,839,215
2013-05-23 00:00:00+00:00,9552540.113113165,9552540.113113165,0.0,0.0,0.0,0.0,0,-0.12133375893328541,True,False,839,215
2013-05-24 00:00:00+00:00,9552540.113113165,9552540.113113165,0.0,0.0,0.0,0.0,0,-0.12133375893328541,True,False,840,215
2013-05-27 00:00:00+00:00,9552540.113113165,9552540.113113165,0.0,0.0,0.0,0.0,0,-0.12133375893328541,True,False,841,215
2013-05-28 00:00:00+00:00,9552540.113113165,9552540.113113165,0.0,0.0,0.0,0.0,0,-0.12133375893328541,True,False,841,215
2013-05-29 00:00:00+00:00,9552540.113113165,9552540.113113165,0.0,0.0,0.0,0.0,0,-0.12133375893328541,True,False,841,215
2013-05-30 00:00:00+00:00,9552540.113113165,9552540.113113165,0.0,0.0,0.0,0.0,0,-0.12133375893328541,True,False,841,215
2013-05-31 00:00:00+00:00,9552540.113113165,9552540.113113165,0.0,0.0,0.0,0.0,0,-0.12133375893328541,True,False,844,215
2013-06-03 00:00:00+00:00,9552540.113113165,9552540.113113165,0.0,0.0,0.0,0.0,0,-0.12133375893328541,True,False,845,215
2013-06-04 00:00:00+00:00,9552540.113113165,9552540.113113165,0.0,0.0,0.0,0.0,0,-0.12133375893328541,True,False,846,215
2013-06-05 00:00:00+00:00,9552540.113113165,9552540.113113165,0.0,0.0,0.0,0.0,0,-0.12133375893328541,True,False,846,215
2013-06-06 00:00:00+00:00,9552540.113113165,9552540.113113165,0.0,0.0,0.0,0.0,0,-0.12133375893328541,True,False,846,215
2013-06-07 00:00:00+00:00,9552540.113113165,9552540.113113165,0.0,0.0,0.0,0.0,0,-0.12133375893328541,True,False,847,215
2013-06-10 00:00:00+00:00,9552540.113113165,9552540.113113165,0.0,0.0,0.0,0.0,0,-0.12133375893328541,True,False,847,215
2013-06-11 00:00:00+00:00,9552540.113113165,9552540.113113165,0.0,0.0,0.0,0.0,0,-0.12133375893328541,True,False,851,215
2013-06-12 00:00:00+00:00,9552540.113113165,9552540.113113165,0.0,0.0,0.0,0.0,0,-0.12133375893328541,True,False,856,215
2013-06-13 00:00:00+00:00,9552540.113113165,9552540.113113165,0.0,0.0,0.0,0.0,0,-0.12133375893328541,True,False,859,215
2013-06-14 00:00:00+00:00,9552540.113113165,9552540.113113165,0.0,0.0,0.0,0.0,0,-0.12133375893328541,True,False,859,215
2013-06-17 00:00:00+00:00,9552540.113113165,9552540.113113165,0.0,0.0,0.0,0.0,0,-0.12133375893328541,True,False,859,215
2013-06-18 00:00:00+00:00,9552540.113113165,9552540.113113165,0.0,0.0,0.0,0.0,0,-0.12133375893328541,True,False,859,215
2013-06-19 00:00:00+00:00,9552540.113113165,9552540.113113165,0.0,0.0,0.0,0.0,0,-0.12133375893328541,True,False,859,215
2013-06-20 00:00:00+00:00,9552540.113113165,9552540.113113165,0.0,0.0,0.0,0.0,0,-0.12133375893328541,True,False,862,215
2013-06-21 00:00:00+00:00,9552540.113113165,9552540.113113165,0.0,0.0,0.0,0.0,0,-0.12133375893328541,True,False,863,215
2013-06-24 00:00:00+00:00,9552540.113113165,9552540.113113165,0.0,0.0,0.0,0.0,0,-0.12133375893328541,True,False,869,215
2013-06-25 00:00:00+00:00,9552540.113113165,9552540.113113165,0.0,0.0,0.0,0.0,0,-0.12133375893328541,True,False,872,215
2013-06-26 00:00:00+00:00,9552540.113113165,9552540.113113165,0.0,0.0,0.0,0.0,0,-0.12133375893328541,True,False,872,215
2013-06-27 00:00:00+00:00,9552540.113113165,9552540.113113165,0.0,0.0,0.0,0.0,0,-0.12133375893328541,True,False,873,215
2013-06-28 00:00:00+00:00,9552540.113113165,9552540.113113165,0.0,0.0,0.0,0.0,0,-0.12133375893328541,True,False,873,215
2013-07-01 00:00:00+00:00,9552540.113113165,9552540.113113165,0.0,0.0,0.0,0.0,0,-0.12133375893328541,True,False,874,215
2013-07-02 00:00:00+00:00,9552540.113113165,9552540.113113165,0.0,0.0,0.0,0.0,0,-0.12133375893328541,True,False,874,215
2013-07-03 00:00:00+00:00,9552540.113113165,9552540.113113165,0.0,0.0,0.0,0.0,0,-0.12133375893328541,True,False,874,215
2013-07-04 00:00:00+00:00,9552540.113113165,9552540.113113165,0.0,0.0,0.0,0.0,0,-0.12133375893328541,True,False,874,215
2013-07-05 00:00:00+00:00,9552540.113113165,9552540.113113165,0.0,0.0,0.0,0.0,0,-0.12133375893328541,True,False,874,215
2013-07-08 00:00:00+00:00,9552540.113113165,9552540.113113165,0.0,0.0,0.0,0.0,0,-0.12133375893328541,True,False,874,215
2013-07-09 00:00:00+00:00,9552540.113113165,9552540.113113165,0.0,0.0,0.0,0.0,0,-0.12133375893328541,True,False,874,215
2013-07-10 00:00:00+00:00,9552540.113113165,9552540.113113165,0.0,0.0,0.0,0.0,0,-0.12133375893328541,True,False,874,215
2013-07-11 00:00:00+00:00,9552540.113113165,9552540.113113165,0.0,0.0,0.0,0.0,0,-0.12133375893328541,True,False,874,215
2013-07-12 00:00:00+00:00,9552540.113113165,9552540.113113165,0.0,0.0,0.0,0.0,0,-0.12133375893328541,True,False,874,215
2013-07-15 00:00:00+00:00,9552540.113113165,9552540.113113165,0.0,0.0,0.0,0.0,0,-0.12133375893328541,True,False,875,215
2013-07-16 00:00:00+00:00,9552540.113113165,9552540.113113165,0.0,0.0,0.0,0.0,0,-0.12133375893328541,True,False,875,215
2013-07-17 00:00:00+00:00,9552540.113113165,9552540.113113165,0.0,0.0,0.0,0.0,0,-0.12133375893328541,True,False,876,215
2013-07-18 00:00:00+00:00,9552540.113113165,9552540.113113165,0.0,0.0,0.0,0.0,0,-0.12133375893328541,True,False,876,215
2013-07-19 00:00:00+00:00,9552540.113113165,9552540.113113165,0.0,0.0,0.0,0.0,0,-0.12133375893328541,True,False,876,215
2013-07-22 00:00:00+00:00,9552540.113113165,9552540.113113165,0.0,0.0,0.0,0.0,0,-0.12133375893328541,True,False,877,215
2013-07-23 00:00:00+00:00,9552540.113113165,9552540.113113165,0.0,0.0,0.0,0.0,0,-0.12133375893328541,True,False,877,215
2013-07-24 00:00:00+00:00,9552540.113113165,9552540.113113165,0.0,0.0,0.0,0.0,0,-0.12133375893328541,True,False,877,215
2013-07-25 00:00:00+00:00,9552540.113113165,9552540.113113165,0.0,0.0,0.0,0.0,0,-0.12133375893328541,True,False,877,215
2013-07-26 00:00:00+00:00,9552540.113113165,9552540.113113165,0.0,0.0,0.0,0.0,0,-0.12133375893328541,True,False,877,215
2013-07-29 00:00:00+00:00,9552540.113113165,9552540.113113165,0.0,0.0,0.0,0.0,0,-0.12133375893328541,True,False,877,215
2013-07-30 00:00:00+00:00,9552540.113113165,9552540.113113165,0.0,0.0,0.0,0.0,0,-0.12133375893328541,True,False,882,215
2013-07-31 00:00:00+00:00,9552540.113113165,9552540.113113165,0.0,0.0,0.0,0.0,0,-0.12133375893328541,True,False,888,215
2013-08-01 00:00:00+00:00,9552540.113113165,9552540.113113165,0.0,0.0,0.0,0.0,0,-0.12133375893328541,True,False,893,215
2013-08-02 00:00:00+00:00,9552540.113113165,9552540.113113165,0.0,0.0,0.0,0.0,0,-0.12133375893328541,True,False,896,215
2013-08-05 00:00:00+00:00,9552540.113113165,9552540.113113165,0.0,0.0,0.0,0.0,0,-0.12133375893328541,True,False,898,215
2013-08-06 00:00:00+00:00,9552540.113113165,9552540.113113165,0.0,0.0,0.0,0.0,0,-0.12133375893328541,True,False,901,215
2013-08-07 00:00:00+00:00,9552540.113113165,9552540.113113165,0.0,0.0,0.0,0.0,0,-0.12133375893328541,True,False,904,215
2013-08-08 00:00:00+00:00,9552540.113113165,9552540.113113165,0.0,0.0,0.0,0.0,0,-0.12133375893328541,True,False,904,215
2013-08-09 00:00:00+00:00,9552540.113113165,9552540.113113165,0.0,0.0,0.0,0.0,0,-0.12133375893328541,True,False,905,215
2013-08-12 00:00:00+00:00,9552540.113113165,9552540.113113165,0.0,0.0,0.0,0.0,0,-0.12133375893328541,True,False,905,215
2013-08-13 00:00:00+00:00,9552540.113113165,9552540.113113165,0.0,0.0,0.0,0.0,0,-0.12133375893328541,True,False,905,215
2013-08-14 00:00:00+00:00,9552540.113113165,9552540.113113165,0.0,0.0,0.0,0.0,0,-0.12133375893328541,True,False,905,215
2013-08-15 00:00:00+00:00,9552540.113113165,9552540.113113165,0.0,0.0,0.0,0.0,0,-0.12133375893328541,True,False,905,215
2013-08-16 00:00:00+00:00,9552540.113113165,9552540.113113165,0.0,0.0,0.0,0.0,0,-0.12133375893328541,True,False,905,215
2013-08-19 00:00:00+00:00,9552540.113113165,9552540.113113165,0.0,0.0,0.0,0.0,0,-0.12133375893328541,True,False,907,215
2013-08-20 00:00:00+00:00,9552540.113113165,9552540.113113165,0.0,0.0,0.0,0.0,0,-0.12133375893328541,True,False,909,215
2013-08-21 00:00:00+00:00,9552540.113113165,9552540.113113165,0.0,0.0,0.0,0.0,0,-0.12133375893328541,True,False,912,215
2013-08-22 00:00:00+00:00,9552540.113113165,9552540.113113165,0.0,0.0,0.0,0.0,0,-0.12133375893328541,True,False,912,215
2013-08-23 00:00:00+00:00,9552540.113113165,9552540.113113165,0.0,0.0,0.0,0.0,0,-0.12133375893328541,True,False,912,215
2013-08-26 00:00:00+00:00,9552540.113113165,9552540.113113165,0.0,0.0,0.0,0.0,0,-0.12133375893328541,True,False,912,215
2013-08-27 00:00:00+00:00,9552540.113113165,9552540.113113165,0.0,0.0,0.0,0.0,0,-0.12133375893328541,True,False,915,215
2013-08-28 00:00:00+00:00,9552540.113113165,9552540.113113165,0.0,0.0,0.0,0.0,0,-0.12133375893328541,True,False,917,215
2013-08-29 00:00:00+00:00,9552540.113113165,9552540.113113165,0.0,0.0,0.0,0.0,0,-0.12133375893328541,True,False,917,215
2013-08-30 00:00:00+00:00,9552540.113113165,9552540.113113165,0.0,0.0,0.0,0.0,0,-0.12133375893328541,True,False,917,215
2013-09-02 00:00:00+00:00,9552540.113113165,9552540.113113165,0.0,0.0,0.0,0.0,0,-0.12133375893328541,True,False,917,215
2013-09-03 00:00:00+00:00,9552540.113113165,9552540.113113165,0.0,0.0,0.0,0.0,0,-0.12133375893328541,True,False,917,215
2013-09-04 00:00:00+00:00,9552540.113113165,9552540.113113165,0.0,0.0,0.0,0.0,0,-0.12133375893328541,True,False,917,215
2013-09-05 00:00:00+00:00,9552540.113113165,9552540.113113165,0.0,0.0,0.0,0.0,0,-0.12133375893328541,True,False,917,215
2013-09-06 00:00:00+00:00,9552540.113113165,9552540.113113165,0.0,0.0,0.0,0.0,0,-0.12133375893328541,True,False,917,215
2013-09-09 00:00:00+00:00,9552540.113113165,9552540.113113165,0.0,0.0,0.0,0.0,0,-0.12133375893328541,True,False,917,215
2013-09-10 00:00:00+00:00,9552540.113113165,9552540.113113165,0.0,0.0,0.0,0.0,0,-0.12133375893328541,True,False,917,215
2013-09-11 00:00:00+00:00,9552540.113113165,9552540.113113165,0.0,0.0,0.0,0.0,0,-0.12133375893328541,True,False,917,215
2013-09-12 00:00:00+00:00,9552540.113113165,9552540.113113165,0.0,0.0,0.0,0.0,0,-0.12133375893328541,True,False,917,215
2013-09-13 00:00:00+00:00,9552540.113113165,9552540.113113165,0.0,0.0,0.0,0.0,0,-0.12133375893328541,True,False,917,215
2013-09-16 00:00:00+00:00,9552540.113113165,9552540.113113165,0.0,0.0,0.0,0.0,0,-0.12133375893328541,True,False,917,215
2013-09-17 00:00:00+00:00,9552540.113113165,9552540.113113165,0.0,0.0,0.0,0.0,0,-0.12133375893328541,True,False,917,215
2013-09-18 00:00:00+00:00,9552540.113113165,9552540.113113165,0.0,0.0,0.0,0.0,0,-0.12133375893328541,True,False,917,215
2013-09-19 00:00:00+00:00,9552540.113113165,9552540.113113165,0.0,0.0,0.0,0.0,0,-0.12133375893328541,True,False,917,215
2013-09-20 00:00:00+00:00,9552540.113113165,9552540.113113165,0.0,0.0,0.0,0.0,0,-0.12133375893328541,True,False,917,215
2013-09-23 00:00:00+00:00,9552540.113113165,9552540.113113165,0.0,0.0,0.0,0.0,0,-0.12133375893328541,True,False,917,215
2013-09-24 00:00:00+00:00,9552540.113113165,9552540.113113165,0.0,0.0,0.0,0.0,0,-0.12133375893328541,True,False,917,215
2013-09-25 00:00:00+00:00,9552540.113113165,9552540.113113165,0.0,0.0,0.0,0.0,0,-0.12133375893328541,True,False,917,215
2013-09-26 00:00:00+00:00,9552540.113113165,9552540.113113165,0.0,0.0,0.0,0.0,0,-0.12133375893328541,True,False,917,215
2013-09-27 00:00:00+00:00,9552540.113113165,9552540.113113165,0.0,0.0,0.0,0.0,0,-0.12133375893328541,True,False,917,215
2013-09-30 00:00:00+00:00,9552540.113113165,9552540.113113165,0.0,0.0,0.0,0.0,0,-0.12133375893328541,True,False,917,215
2013-10-01 00:00:00+00:00,9552540.113113165,9552540.113113165,0.0,0.0,0.0,0.0,0,-0.12133375893328541,True,False,917,215
2013-10-02 00:00:00+00:00,9552540.113113165,9552540.113113165,0.0,0.0,0.0,0.0,0,-0.12133375893328541,True,False,917,215
2013-10-03 00:00:00+00:00,9552540.113113165,9552540.113113165,0.0,0.0,0.0,0.0,0,-0.12133375893328541,True,False,917,215
2013-10-04 00:00:00+00:00,9552540.113113165,9552540.113113165,0.0,0.0,0.0,0.0,0,-0.12133375893328541,True,False,917,215
2013-10-07 00:00:00+00:00,9552540.113113165,9552540.113113165,0.0,0.0,0.0,0.0,0,-0.12133375893328541,True,False,917,215
2013-10-08 00:00:00+00:00,9552540.113113165,9552540.113113165,0.0,0.0,0.0,0.0,0,-0.12133375893328541,True,False,917,215
2013-10-09 00:00:00+00:00,9552540.113113165,9552540.113113165,0.0,0.0,0.0,0.0,0,-0.12133375893328541,True,False,917,215
2013-10-10 00:00:00+00:00,9552540.113113165,9552540.113113165,0.0,0.0,0.0,0.0,0,-0.12133375893328541,True,False,917,215
2013-10-11 00:00:00+00:00,9552540.113113165,9552540.113113165,0.0,0.0,0.0,0.0,0,-0.12133375893328541,True,False,917,215
2013-10-14 00:00:00+00:00,9552540.113113165,9552540.113113165,0.0,0.0,0.0,0.0,0,-0.12133375893328541,True,False,917,215
2013-10-15 00:00:00+00:00,9552540.113113165,9552540.113113165,0.0,0.0,0.0,0.0,0,-0.12133375893328541,True,False,917,215
2013-10-16 00:00:00+00:00,9552540.113113165,9552540.113113165,0.0,0.0,0.0,0.0,0,-0.12133375893328541,True,False,917,215
2013-10-17 00:00:00+00:00,9552540.113113165,9552540.113113165,0.0,0.0,0.0,0.0,0,-0.12133375893328541,True,False,917,215
2013-10-18 00:00:00+00:00,9552540.113113165,9552540.113113165,0.0,0.0,0.0,0.0,0,-0.12133375893328541,True,False,917,215
2013-10-21 00:00:00+00:00,9552540.113113165,9552540.113113165,0.0,0.0,0.0,0.0,0,-0.12133375893328541,True,False,918,215
2013-10-22 00:00:00+00:00,9552540.113113165,9552540.113113165,0.0,0.0,0.0,0.0,0,-0.12133375893328541,True,False,918,215
2013-10-23 00:00:00+00:00,9552540.113113165,9552540.113113165,0.0,0.0,0.0,0.0,0,-0.12133375893328541,True,False,918,215
2013-10-24 00:00:00+00:00,9552540.113113165,9552540.113113165,0.0,0.0,0.0,0.0,0,-0.12133375893328541,True,False,919,215
2013-10-25 00:00:00+00:00,9552540.113113165,9552540.113113165,0.0,0.0,0.0,0.0,0,-0.12133375893328541,True,False,919,215
2013-10-28 00:00:00+00:00,9552540.113113165,9552540.113113165,0.0,0.0,0.0,0.0,0,-0.12133375893328541,True,False,920,215
2013-10-29 00:00:00+00:00,9552540.113113165,9552540.113113165,0.0,0.0,0.0,0.0,0,-0.12133375893328541,True,False,920,215
2013-10-30 00:00:00+00:00,9552540.113113165,9552540.113113165,0.0,0.0,0.0,0.0,0,-0.12133375893328541,True,False,920,215
2013-10-31 00:00:00+00:00,9552540.113113165,9552540.113113165,0.0,0.0,0.0,0.0,0,-0.12133375893328541,True,False,920,215
2013-11-01 00:00:00+00:00,9552540.113113165,9552540.113113165,0.0,0.0,0.0,0.0,0,-0.12133375893328541,True,False,920,215
2013-11-04 00:00:00+00:00,9552540.113113165,9552540.113113165,0.0,0.0,0.0,0.0,0,-0.12133375893328541,True,False,920,215
2013-11-05 00:00:00+00:00,9552540.113113165,9552540.113113165,0.0,0.0,0.0,0.0,0,-0.12133375893328541,True,False,920,215
2013-11-06 00:00:00+00:00,9552540.113113165,9552540.113113165,0.0,0.0,0.0,0.0,0,-0.12133375893328541,True,False,920,215
2013-11-07 00:00:00+00:00,9552540.113113165,9552540.113113165,0.0,0.0,0.0,0.0,0,-0.12133375893328541,True,False,920,215
2013-11-08 00:00:00+00:00,9552540.113113165,9552540.113113165,0.0,0.0,0.0,0.0,0,-0.12133375893328541,True,False,920,215
2013-11-11 00:00:00+00:00,9552540.113113165,9552540.113113165,0.0,0.0,0.0,0.0,0,-0.12133375893328541,True,False,921,215
2013-11-12 00:00:00+00:00,9552540.113113165,9552540.113113165,0.0,0.0,0.0,0.0,0,-0.12133375893328541,True,False,921,215
2013-11-13 00:00:00+00:00,9552540.113113165,9552540.113113165,0.0,0.0,0.0,0.0,0,-0.12133375893328541,True,False,922,215
2013-11-14 00:00:00+00:00,9552540.113113165,9552540.113113165,0.0,0.0,0.0,0.0,0,-0.12133375893328541,True,False,923,215
2013-11-15 00:00:00+00:00,9552540.113113165,9552540.113113165,0.0,0.0,0.0,0.0,0,-0.12133375893328541,True,False,923,215
2013-11-18 00:00:00+00:00,9552540.113113165,9552540.113113165,0.0,0.0,0.0,0.0,0,-0.12133375893328541,True,False,924,215
2013-11-19 00:00:00+00:00,9552540.113113165,9552540.113113165,0.0,0.0,0.0,0.0,0,-0.12133375893328541,True,False,924,215
2013-11-20 00:00:00+00:00,9552540.113113165,9552540.113113165,0.0,0.0,0.0,0.0,0,-0.12133375893328541,True,False,926,215
2013-11-21 00:00:00+00:00,9552540.113113165,9552540.113113165,0.0,0.0,0.0,0.0,0,-0.12133375893328541,True,False,926,215
2013-11-22 00:00:00+00:00,9552540.113113165,9552540.113113165,0.0,0.0,0.0,0.0,0,-0.12133375893328541,True,False,927,215
2013-11-25 00:00:00+00:00,9552540.113113165,9552540.113113165,0.0,0.0,0.0,0.0,0,-0.12133375893328541,True,False,928,215
2013-11-26 00:00:00+00:00,9552540.113113165,9552540.113113165,0.0,0.0,0.0,0.0,0,-0.12133375893328541,True,False,928,215
2013-11-27 00:00:00+00:00,9552540.113113165,9552540.113113165,0.0,0.0,0.0,0.0,0,-0.12133375893328541,True,False,928,215
2013-11-28 00:00:00+00:00,9552540.113113165,9552540.113113165,0.0,0.0,0.0,0.0,0,-0.12133375893328541,True,False,928,215
2013-11-29 00:00:00+00:00,9552540.113113165,9552540.113113165,0.0,0.0,0.0,0.0,0,-0.12133375893328541,True,False,928,215
2013-12-02 00:00:00+00:00,9552540.113113165,9552540.113113165,0.0,0.0,0.0,0.0,0,-0.12133375893328541,True,False,928,215
2013-12-03 00:00:00+00:00,9552540.113113165,9552540.113113165,0.0,0.0,0.0,0.0,0,-0.12133375893328541,True,False,928,215
2013-12-04 00:00:00+00:00,9552540.113113165,9552540.113113165,0.0,0.0,0.0,0.0,0,-0.12133375893328541,True,False,928,215
2013-12-05 00:00:00+00:00,9552540.113113165,9552540.113113165,0.0,0.0,0.0,0.0,0,-0.12133375893328541,True,False,928,215
2013-12-06 00:00:00+00:00,9552540.113113165,9552540.113113165,0.0,0.0,0.0,0.0,0,-0.12133375893328541,True,False,928,215
2013-12-09 00:00:00+00:00,9552540.113113165,9552540.113113165,0.0,0.0,0.0,0.0,0,-0.12133375893328541,True,False,928,215
2013-12-10 00:00:00+00:00,9552540.113113165,9552540.113113165,0.0,0.0,0.0,0.0,0,-0.12133375893328541,True,False,928,215
2013-12-11 00:00:00+00:00,9552540.113113165,9552540.113113165,0.0,0.0,0.0,0.0,0,-0.12133375893328541,True,False,928,215
2013-12-12 00:00:00+00:00,9552540.113113165,9552540.113113165,0.0,0.0,0.0,0.0,0,-0.12133375893328541,True,False,929,215
2013-12-13 00:00:00+00:00,9552540.113113165,9552540.113113165,0.0,0.0,0.0,0.0,0,-0.12133375893328541,True,False,929,215
2013-12-16 00:00:00+00:00,9552540.113113165,9552540.113113165,0.0,0.0,0.0,0.0,0,-0.12133375893328541,True,False,930,215
2013-12-17 00:00:00+00:00,9552540.113113165,9552540.113113165,0.0,0.0,0.0,0.0,0,-0.12133375893328541,True,False,930,215
2013-12-18 00:00:00+00:00,9552540.113113165,9552540.113113165,0.0,0.0,0.0,0.0,0,-0.12133375893328541,True,False,930,215
2013-12-19 00:00:00+00:00,9552540.113113165,9552540.113113165,0.0,0.0,0.0,0.0,0,-0.12133375893328541,True,False,931,215
2013-12-20 00:00:00+00:00,9552540.113113165,9552540.113113165,0.0,0.0,0.0,0.0,0,-0.12133375893328541,True,False,931,215
2013-12-23 00:00:00+00:00,9552540.113113165,9552540.113113165,0.0,0.0,0.0,0.0,0,-0.12133375893328541,True,False,931,215
2013-12-24 00:00:00+00:00,9552540.113113165,9552540.113113165,0.0,0.0,0.0,0.0,0,-0.12133375893328541,True,False,931,215
2013-12-26 00:00:00+00:00,9552540.113113165,9552540.113113165,0.0,0.0,0.0,0.0,0,-0.12133375893328541,True,False,931,215
2013-12-27 00:00:00+00:00,9552540.113113165,9552540.113113165,0.0,0.0,0.0,0.0,0,-0.12133375893328541,True,False,931,215
2013-12-30 00:00:00+00:00,9552540.113113165,9552540.113113165,0.0,0.0,0.0,0.0,0,-0.12133375893328541,True,False,931,215
2013-12-31 00:00:00+00:00,9552540.113113165,9552540.113113165,0.0,0.0,0.0,0.0,0,-0.12133375893328541,True,False,931,215
2014-01-01 00:00:00+00:00,9552540.113113165,9552540.113113165,0.0,0.0,0.0,0.0,0,-0.12133375893328541,True,False,931,215
2014-01-02 00:00:00+00:00,9552540.113113165,9552540.113113165,0.0,0.0,0.0,0.0,0,-0.12133375893328541,True,False,931,215
2014-01-03 00:00:00+00:00,9552540.113113165,9552540.113113165,0.0,0.0,0.0,0.0,0,-0.12133375893328541,True,False,931,215
2014-01-06 00:00:00+00:00,9552540.113113165,9552540.113113165,0.0,0.0,0.0,0.0,0,-0.12133375893328541,True,False,931,215
2014-01-07 00:00:00+00:00,9552540.113113165,9552540.113113165,0.0,0.0,0.0,0.0,0,-0.12133375893328541,True,False,932,215
2014-01-08 00:00:00+00:00,9552540.113113165,9552540.113113165,0.0,0.0,0.0,0.0,0,-0.12133375893328541,True,False,935,215
2014-01-09 00:00:00+00:00,9552540.113113165,9552540.113113165,0.0,0.0,0.0,0.0,0,-0.12133375893328541,True,False,937,215
2014-01-10 00:00:00+00:00,9552540.113113165,9552540.113113165,0.0,0.0,0.0,0.0,0,-0.12133375893328541,True,False,945,215
2014-01-13 00:00:00+00:00,9552540.113113165,9552540.113113165,0.0,0.0,0.0,0.0,0,-0.12133375893328541,True,False,945,215
2014-01-14 00:00:00+00:00,9552540.113113165,9552540.113113165,0.0,0.0,0.0,0.0,0,-0.12133375893328541,True,False,946,215
2014-01-15 00:00:00+00:00,9552540.113113165,9552540.113113165,0.0,0.0,0.0,0.0,0,-0.12133375893328541,True,False,946,215
2014-01-16 00:00:00+00:00,9552540.113113165,9552540.113113165,0.0,0.0,0.0,0.0,0,-0.12133375893328541,True,False,946,215
2014-01-17 00:00:00+00:00,9552540.113113165,9552540.113113165,0.0,0.0,0.0,0.0,0,-0.12133375893328541,True,False,946,215
2014-01-20 00:00:00+00:00,9552540.113113165,9552540.113113165,0.0,0.0,0.0,0.0,0,-0.12133375893328541,True,False,946,215
2014-01-21 00:00:00+00:00,9552540.113113165,9552540.113113165,0.0,0.0,0.0,0.0,0,-0.12133375893328541,True,False,947,215
2014-01-22 00:00:00+00:00,9552540.113113165,9552540.113113165,0.0,0.0,0.0,0.0,0,-0.12133375893328541,True,False,947,215
2014-01-23 00:00:00+00:00,9552540.113113165,9552540.113113165,0.0,0.0,0.0,0.0,0,-0.12133375893328541,True,False,947,215
2014-01-24 00:00:00+00:00,9552540.113113165,9552540.113113165,0.0,0.0,0.0,0.0,0,-0.12133375893328541,True,False,948,215
2014-01-27 00:00:00+00:00,9552540.113113165,9552540.113113165,0.0,0.0,0.0,0.0,0,-0.12133375893328541,True,False,955,215
2014-01-28 00:00:00+00:00,9552540.113113165,9552540.113113165,0.0,0.0,0.0,0.0,0,-0.12133375893328541,True,False,958,215
2014-01-29 00:00:00+00:00,9552540.113113165,9552540.113113165,0.0,0.0,0.0,0.0,0,-0.12133375893328541,True,False,961,215
2014-01-30 00:00:00+00:00,9552540.113113165,9552540.113113165,0.0,0.0,0.0,0.0,0,-0.12133375893328541,True,False,968,215
2014-01-31 00:00:00+00:00,9552540.113113165,9552540.113113165,0.0,0.0,0.0,0.0,0,-0.12133375893328541,True,False,969,215
2014-02-03 00:00:00+00:00,9552540.113113165,9552540.113113165,0.0,0.0,0.0,0.0,0,-0.12133375893328541,True,False,973,215
2014-02-04 00:00:00+00:00,9552540.113113165,9552540.113113165,0.0,0.0,0.0,0.0,0,-0.12133375893328541,True,False,973,215
2014-02-05 00:00:00+00:00,9552540.113113165,9552540.113113165,0.0,0.0,0.0,0.0,0,-0.12133375893328541,True,False,973,215
2014-02-06 00:00:00+00:00,9552540.113113165,9552540.113113165,0.0,0.0,0.0,0.0,0,-0.12133375893328541,True,False,973,215
2014-02-07 00:00:00+00:00,9552540.113113165,9552540.113113165,0.0,0.0,0.0,0.0,0,-0.12133375893328541,True,False,973,215
2014-02-10 00:00:00+00:00,9552540.113113165,9552540.113113165,0.0,0.0,0.0,0.0,0,-0.12133375893328541,True,False,973,215
2014-02-11 00:00:00+00:00,9552540.113113165,9552540.113113165,0.0,0.0,0.0,0.0,0,-0.12133375893328541,True,False,973,215
2014-02-12 00:00:00+00:00,9552540.113113165,9552540.113113165,0.0,0.0,0.0,0.0,0,-0.12133375893328541,True,False,973,215
2014-02-13 00:00:00+00:00,9552540.113113165,9552540.113113165,0.0,0.0,0.0,0.0,0,-0.12133375893328541,True,False,973,215
2014-02-14 00:00:00+00:00,9552540.113113165,9552540.113113165,0.0,0.0,0.0,0.0,0,-0.12133375893328541,True,False,974,215
2014-02-17 00:00:00+00:00,9552540.113113165,9552540.113113165,0.0,0.0,0.0,0.0,0,-0.12133375893328541,True,False,975,215
2014-02-18 00:00:00+00:00,9552540.113113165,9552540.113113165,0.0,0.0,0.0,0.0,0,-0.12133375893328541,True,False,975,215
2014-02-19 00:00:00+00:00,9552540.113113165,9552540.113113165,0.0,0.0,0.0,0.0,0,-0.12133375893328541,True,False,975,215
2014-02-20 00:00:00+00:00,9552540.113113165,9552540.113113165,0.0,0.0,0.0,0.0,0,-0.12133375893328541,True,False,976,215
2014-02-21 00:00:00+00:00,9552540.113113165,9552540.113113165,0.0,0.0,0.0,0.0,0,-0.12133375893328541,True,False,976,215
2014-02-24 00:00:00+00:00,9552540.113113165,9552540.113113165,0.0,0.0,0.0,0.0,0,-0.12133375893328541,True,False,976,215
2014-02-25 00:00:00+00:00,9552540.113113165,9552540.113113165,0.0,0.0,0.0,0.0,0,-0.12133375893328541,True,False,977,215
2014-02-26 00:00:00+00:00,9552540.113113165,9552540.113113165,0.0,0.0,0.0,0.0,0,-0.12133375893328541,True,False,977,215
2014-02-27 00:00:00+00:00,9552540.113113165,9552540.113113165,0.0,0.0,0.0,0.0,0,-0.12133375893328541,True,False,977,215
2014-02-28 00:00:00+00:00,9552540.113113165,9552540.113113165,0.0,0.0,0.0,0.0,0,-0.12133375893328541,True,False,978,215
2014-03-03 00:00:00+00:00,9552540.113113165,9552540.113113165,0.0,0.0,0.0,0.0,0,-0.12133375893328541,True,False,979,215
2014-03-04 00:00:00+00:00,9552540.113113165,9552540.113113165,0.0,0.0,0.0,0.0,0,-0.12133375893328541,True,False,979,215
2014-03-05 00:00:00+00:00,9552540.113113165,9552540.113113165,0.0,0.0,0.0,0.0,0,-0.12133375893328541,True,False,979,215
2014-03-06 00:00:00+00:00,9552540.113113165,9552540.113113165,0.0,0.0,0.0,0.0,0,-0.12133375893328541,True,False,979,215
2014-03-07 00:00:00+00:00,9552540.113113165,9552540.113113165,0.0,0.0,0.0,0.0,0,-0.12133375893328541,True,False,979,215
2014-03-10 00:00:00+00:00,9552540.113113165,9552540.113113165,0.0,0.0,0.0,0.0,0,-0.12133375893328541,True,False,980,215
2014-03-11 00:00:00+00:00,9552540.113113165,9552540.113113165,0.0,0.0,0.0,0.0,0,-0.12133375893328541,True,False,982,215
2014-03-12 00:00:00+00:00,9552540.113113165,9552540.113113165,0.0,0.0,0.0,0.0,0,-0.12133375893328541,True,False,982,215
2014-03-13 00:00:00+00:00,9552540.113113165,9552540.113113165,0.0,0.0,0.0,0.0,0,-0.12133375893328541,True,False,983,215
2014-03-14 00:00:00+00:00,9552540.113113165,9552540.113113165,0.0,0.0,0.0,0.0,0,-0.12133375893328541,True,False,983,215
2014-03-17 00:00:00+00:00,9552540.113113165,9552540.113113165,0.0,0.0,0.0,0.0,0,-0.12133375893328541,True,False,983,215
2014-03-18 00:00:00+00:00,9552540.113113165,9552540.113113165,0.0,0.0,0.0,0.0,0,-0.12133375893328541,True,False,983,215
2014-03-19 00:00:00+00:00,9552540.113113165,9552540.113113165,0.0,0.0,0.0,0.0,0,-0.12133375893328541,True,False,983,215
2014-03-20 00:00:00+00:00,9552540.113113165,9552540.113113165,0.0,0.0,0.0,0.0,0,-0.12133375893328541,True,False,983,215
2014-03-21 00:00:00+00:00,9552540.113113165,9552540.113113165,0.0,0.0,0.0,0.0,0,-0.12133375893328541,True,False,983,215
2014-03-24 00:00:00+00:00,9552540.113113165,9552540.113113165,0.0,0.0,0.0,0.0,0,-0.12133375893328541,True,False,984,215
2014-03-25 00:00:00+00:00,9552540.113113165,9552540.113113165,0.0,0.0,0.0,0.0,0,-0.12133375893328541,True,False,984,215
2014-03-26 00:00:00+00:00,9552540.113113165,9552540.113113165,0.0,0.0,0.0,0.0,0,-0.12133375893328541,True,False,984,215
2014-03-27 00:00:00+00:00,9552540.113113165,9552540.113113165,0.0,0.0,0.0,0.0,0,-0.12133375893328541,True,False,985,215
2014-03-28 00:00:00+00:00,9552540.113113165,9552540.113113165,0.0,0.0,0.0,0.0,0,-0.12133375893328541,True,False,985,215
2014-03-31 00:00:00+00:00,9552540.113113165,9552540.113113165,0.0,0.0,0.0,0.0,0,-0.12133375893328541,True,False,985,215
2014-04-01 00:00:00+00:00,9552540.113113165,9552540.113113165,0.0,0.0,0.0,0.0,0,-0.12133375893328541,True,False,985,215
2014-04-02 00:00:00+00:00,9552540.113113165,9552540.113113165,0.0,0.0,0.0,0.0,0,-0.12133375893328541,True,False,985,215
2014-04-03 00:00:00+00:00,9552540.113113165,9552540.113113165,0.0,0.0,0.0,0.0,0,-0.12133375893328541,True,False,985,215
2014-04-04 00:00:00+00:00,9552540.113113165,9552540.113113165,0.0,0.0,0.0,0.0,0,-0.12133375893328541,True,False,985,215
2014-04-07 00:00:00+00:00,9552540.113113165,9552540.113113165,0.0,0.0,0.0,0.0,0,-0.12133375893328541,True,False,985,215
2014-04-08 00:00:00+00:00,9552540.113113165,9552540.113113165,0.0,0.0,0.0,0.0,0,-0.12133375893328541,True,False,985,215
2014-04-09 00:00:00+00:00,9552540.113113165,9552540.113113165,0.0,0.0,0.0,0.0,0,-0.12133375893328541,True,False,985,215
2014-04-10 00:00:00+00:00,9552540.113113165,9552540.113113165,0.0,0.0,0.0,0.0,0,-0.12133375893328541,True,False,987,215
2014-04-11 00:00:00+00:00,9552540.113113165,9552540.113113165,0.0,0.0,0.0,0.0,0,-0.12133375893328541,True,False,987,215
2014-04-14 00:00:00+00:00,9552540.113113165,9552540.113113165,0.0,0.0,0.0,0.0,0,-0.12133375893328541,True,False,987,215
2014-04-15 00:00:00+00:00,9552540.113113165,9552540.113113165,0.0,0.0,0.0,0.0,0,-0.12133375893328541,True,False,987,215
2014-04-16 00:00:00+00:00,9552540.113113165,9552540.113113165,0.0,0.0,0.0,0.0,0,-0.12133375893328541,True,False,988,215
2014-04-17 00:00:00+00:00,9552540.113113165,9552540.113113165,0.0,0.0,0.0,0.0,0,-0.12133375893328541,True,False,988,215
2014-04-21 00:00:00+00:00,9552540.113113165,9552540.113113165,0.0,0.0,0.0,0.0,0,-0.12133375893328541,True,False,988,215
2014-04-22 00:00:00+00:00,9552540.113113165,9552540.113113165,0.0,0.0,0.0,0.0,0,-0.12133375893328541,True,False,988,215
2014-04-23 00:00:00+00:00,9552540.113113165,9552540.113113165,0.0,0.0,0.0,0.0,0,-0.12133375893328541,True,False,988,215
2014-04-24 00:00:00+00:00,9552540.113113165,9552540.113113165,0.0,0.0,0.0,0.0,0,-0.12133375893328541,True,False,988,215
2014-04-25 00:00:00+00:00,9552540.113113165,9552540.113113165,0.0,0.0,0.0,0.0,0,-0.12133375893328541,True,False,988,215
2014-04-28 00:00:00+00:00,9552540.113113165,9552540.113113165,0.0,0.0,0.0,0.0,0,-0.12133375893328541,True,False,988,215
2014-04-29 00:00:00+00:00,9552540.113113165,9552540.113113165,0.0,0.0,0.0,0.0,0,-0.12133375893328541,True,False,988,215
2014-04-30 00:00:00+00:00,9552540.113113165,9552540.113113165,0.0,0.0,0.0,0.0,0,-0.12133375893328541,True,False,990,215
2014-05-01 00:00:00+00:00,9552540.113113165,9552540.113113165,0.0,0.0,0.0,0.0,0,-0.12133375893328541,True,False,990,215
2014-05-02 00:00:00+00:00,9552540.113113165,9552540.113113165,0.0,0.0,0.0,0.0,0,-0.12133375893328541,True,False,990,215
2014-05-05 00:00:00+00:00,9552540.113113165,9552540.113113165,0.0,0.0,0.0,0.0,0,-0.12133375893328541,True,False,991,215
2014-05-06 00:00:00+00:00,9552540.113113165,9552540.113113165,0.0,0.0,0.0,0.0,0,-0.12133375893328541,True,False,991,215
2014-05-07 00:00:00+00:00,9552540.113113165,9552540.113113165,0.0,0.0,0.0,0.0,0,-0.12133375893328541,True,False,991,215
2014-05-08 00:00:00+00:00,9552540.113113165,9552540.113113165,0.0,0.0,0.0,0.0,0,-0.12133375893328541,True,False,993,215
2014-05-09 00:00:00+00:00,9552540.113113165,9552540.113113165,0.0,0.0,0.0,0.0,0,-0.12133375893328541,True,False,993,215
2014-05-12 00:00:00+00:00,9552540.113113165,9552540.113113165,0.0,0.0,0.0,0.0,0,-0.12133375893328541,True,False,993,215
2014-05-13 00:00:00+00:00,9552540.113113165,9552540.113113165,0.0,0.0,0.0,0.0,0,-0.12133375893328541,True,False,993,215
2014-05-14 00:00:00+00:00,9552540.113113165,9552540.113113165,0.0,0.0,0.0,0.0,0,-0.12133375893328541,True,False,993,215
2014-05-15 00:00:00+00:00,9552540.113113165,9552540.113113165,0.0,0.0,0.0,0.0,0,-0.12133375893328541,True,False,994,215
2014-05-16 00:00:00+00:00,9552540.113113165,9552540.113113165,0.0,0.0,0.0,0.0,0,-0.12133375893328541,True,False,996,215
2014-05-19 00:00:00+00:00,9552540.113113165,9552540.113113165,0.0,0.0,0.0,0.0,0,-0.12133375893328541,True,False,998,215
2014-05-20 00:00:00+00:00,9552540.113113165,9552540.113113165,0.0,0.0,0.0,0.0,0,-0.12133375893328541,True,False,999,215
2014-05-21 00:00:00+00:00,9552540.113113165,9552540.113113165,0.0,0.0,0.0,0.0,0,-0.12133375893328541,True,False,999,215
2014-05-22 00:00:00+00:00,9552540.113113165,9552540.113113165,0.0,0.0,0.0,0.0,0,-0.12133375893328541,True,False,999,215
2014-05-23 00:00:00+00:00,9552540.113113165,9552540.113113165,0.0,0.0,0.0,0.0,0,-0.12133375893328541,True,False,999,215
2014-05-26 00:00:00+00:00,9552540.113113165,9552540.113113165,0.0,0.0,0.0,0.0,0,-0.12133375893328541,True,False,999,215
2014-05-27 00:00:00+00:00,9552540.113113165,9552540.113113165,0.0,0.0,0.0,0.0,0,-0.12133375893328541,True,False,999,215
2014-05-28 00:00:00+00:00,9552540.113113165,9552540.113113165,0.0,0.0,0.0,0.0,0,-0.12133375893328541,True,False,999,215
2014-05-29 00:00:00+00:00,9552540.113113165,9552540.113113165,0.0,0.0,0.0,0.0,0,-0.12133375893328541,True,False,999,215
2014-05-30 00:00:00+00:00,9552540.113113165,9552540.113113165,0.0,0.0,0.0,0.0,0,-0.12133375893328541,True,False,999,215
2014-06-02 00:00:00+00:00,9552540.113113165,9552540.113113165,0.0,0.0,0.0,0.0,0,-0.12133375893328541,True,False,999,215
2014-06-03 00:00:00+00:00,9552540.113113165,9552540.113113165,0.0,0.0,0.0,0.0,0,-0.12133375893328541,True,False,999,215
2014-06-04 00:00:00+00:00,9552540.113113165,9552540.113113165,0.0,0.0,0.0,0.0,0,-0.12133375893328541,True,False,999,215
2014-06-05 00:00:00+00:00,9552540.113113165,9552540.113113165,0.0,0.0,0.0,0.0,0,-0.12133375893328541,True,False,999,215
2014-06-06 00:00:00+00:00,9552540.113113165,9552540.113113165,0.0,0.0,0.0,0.0,0,-0.12133375893328541,True,False,999,215
2014-06-09 00:00:00+00:00,9552540.113113165,9552540.113113165,0.0,0.0,0.0,0.0,0,-0.12133375893328541,True,False,999,215
2014-06-10 00:00:00+00:00,9552540.113113165,9552540.113113165,0.0,0.0,0.0,0.0,0,-0.12133375893328541,True,False,999,215
2014-06-11 00:00:00+00:00,9552540.113113165,9552540.113113165,0.0,0.0,0.0,0.0,0,-0.12133375893328541,True,False,999,215
2014-06-12 00:00:00+00:00,9552540.113113165,9552540.113113165,0.0,0.0,0.0,0.0,0,-0.12133375893328541,True,False,999,215
2014-06-13 00:00:00+00:00,9552540.113113165,9552540.113113165,0.0,0.0,0.0,0.0,0,-0.12133375893328541,True,False,999,215
2014-06-16 00:00:00+00:00,9552540.113113165,9552540.113113165,0.0,0.0,0.0,0.0,0,-0.12133375893328541,True,False,999,215
2014-06-17 00:00:00+00:00,9552540.113113165,9552540.113113165,0.0,0.0,0.0,0.0,0,-0.12133375893328541,True,False,999,215
2014-06-18 00:00:00+00:00,9552540.113113165,9552540.113113165,0.0,0.0,0.0,0.0,0,-0.12133375893328541,True,False,999,215
2014-06-19 00:00:00+00:00,9552540.113113165,9552540.113113165,0.0,0.0,0.0,0.0,0,-0.12133375893328541,True,False,999,215
2014-06-20 00:00:00+00:00,9552540.113113165,9552540.113113165,0.0,0.0,0.0,0.0,0,-0.12133375893328541,True,False,999,215
2014-06-23 00:00:00+00:00,9552540.113113165,9552540.113113165,0.0,0.0,0.0,0.0,0,-0.12133375893328541,True,False,1000,215
2014-06-24 00:00:00+00:00,9552540.113113165,9552540.113113165,0.0,0.0,0.0,0.0,0,-0.12133375893328541,True,False,1000,215
2014-06-25 00:00:00+00:00,9552540.113113165,9552540.113113165,0.0,0.0,0.0,0.0,0,-0.12133375893328541,True,False,1000,215
2014-06-26 00:00:00+00:00,9552540.113113165,9552540.113113165,0.0,0.0,0.0,0.0,0,-0.12133375893328541,True,False,1000,215
2014-06-27 00:00:00+00:00,9552540.113113165,9552540.113113165,0.0,0.0,0.0,0.0,0,-0.12133375893328541,True,False,1000,215
2014-06-30 00:00:00+00:00,9552540.113113165,9552540.113113165,0.0,0.0,0.0,0.0,0,-0.12133375893328541,True,False,1001,215
2014-07-01 00:00:00+00:00,9552540.113113165,9552540.113113165,0.0,0.0,0.0,0.0,0,-0.12133375893328541,True,False,1001,215
2014-07-02 00:00:00+00:00,9552540.113113165,9552540.113113165,0.0,0.0,0.0,0.0,0,-0.12133375893328541,True,False,1001,215
2014-07-03 00:00:00+00:00,9552540.113113165,9552540.113113165,0.0,0.0,0.0,0.0,0,-0.12133375893328541,True,False,1001,215
2014-07-04 00:00:00+00:00,9552540.113113165,9552540.113113165,0.0,0.0,0.0,0.0,0,-0.12133375893328541,True,False,1001,215
2014-07-07 00:00:00+00:00,9552540.113113165,9552540.113113165,0.0,0.0,0.0,0.0,0,-0.12133375893328541,True,False,1003,215
2014-07-08 00:00:00+00:00,9552540.113113165,9552540.113113165,0.0,0.0,0.0,0.0,0,-0.12133375893328541,True,False,1003,215
2014-07-09 00:00:00+00:00,9552540.113113165,9552540.113113165,0.0,0.0,0.0,0.0,0,-0.12133375893328541,True,False,1003,215
2014-07-10 00:00:00+00:00,9552540.113113165,9552540.113113165,0.0,0.0,0.0,0.0,0,-0.12133375893328541,True,False,1004,215
2014-07-11 00:00:00+00:00,9552540.113113165,9552540.113113165,0.0,0.0,0.0,0.0,0,-0.12133375893328541,True,False,1014,215
2014-07-14 00:00:00+00:00,9552540.113113165,9552540.113113165,0.0,0.0,0.0,0.0,0,-0.12133375893328541,True,False,1014,215
2014-07-15 00:00:00+00:00,9552540.113113165,9552540.113113165,0.0,0.0,0.0,0.0,0,-0.12133375893328541,True,False,1014,215
2014-07-16 00:00:00+00:00,9552540.113113165,9552540.113113165,0.0,0.0,0.0,0.0,0,-0.12133375893328541,True,False,1014,215
2014-07-17 00:00:00+00:00,9552540.113113165,9552540.113113165,0.0,0.0,0.0,0.0,0,-0.12133375893328541,True,False,1014,215
2014-07-18 00:00:00+00:00,9552540.113113165,9552540.113113165,0.0,0.0,0.0,0.0,0,-0.12133375893328541,True,False,1014,215
2014-07-21 00:00:00+00:00,9552540.113113165,9552540.113113165,0.0,0.0,0.0,0.0,0,-0.12133375893328541,True,False,1014,215
2014-07-22 00:00:00+00:00,9552540.113113165,9552540.113113165,0.0,0.0,0.0,0.0,0,-0.12133375893328541,True,False,1014,215
2014-07-23 00:00:00+00:00,9552540.113113165,9552540.113113165,0.0,0.0,0.0,0.0,0,-0.12133375893328541,True,False,1014,215
2014-07-24 00:00:00+00:00,9552540.113113165,9552540.113113165,0.0,0.0,0.0,0.0,0,-0.12133375893328541,True,False,1014,215
2014-07-25 00:00:00+00:00,9552540.113113165,9552540.113113165,0.0,0.0,0.0,0.0,0,-0.12133375893328541,True,False,1014,215
2014-07-28 00:00:00+00:00,9552540.113113165,9552540.113113165,0.0,0.0,0.0,0.0,0,-0.12133375893328541,True,False,1015,215
2014-07-29 00:00:00+00:00,9552540.113113165,9552540.113113165,0.0,0.0,0.0,0.0,0,-0.12133375893328541,True,False,1015,215
2014-07-30 00:00:00+00:00,9552540.113113165,9552540.113113165,0.0,0.0,0.0,0.0,0,-0.12133375893328541,True,False,1015,215
2014-07-31 00:00:00+00:00,9552540.113113165,9552540.113113165,0.0,0.0,0.0,0.0,0,-0.12133375893328541,True,False,1016,215
2014-08-01 00:00:00+00:00,9552540.113113165,9552540.113113165,0.0,0.0,0.0,0.0,0,-0.12133375893328541,True,False,1017,215
2014-08-04 00:00:00+00:00,9552540.113113165,9552540.113113165,0.0,0.0,0.0,0.0,0,-0.12133375893328541,True,False,1017,215
2014-08-05 00:00:00+00:00,9552540.113113165,9552540.113113165,0.0,0.0,0.0,0.0,0,-0.12133375893328541,True,False,1019,215
2014-08-06 00:00:00+00:00,9552540.113113165,9552540.113113165,0.0,0.0,0.0,0.0,0,-0.12133375893328541,True,False,1019,215
2014-08-07 00:00:00+00:00,9552540.113113165,9552540.113113165,0.0,0.0,0.0,0.0,0,-0.12133375893328541,True,False,1019,215
2014-08-08 00:00:00+00:00,9552540.113113165,9552540.113113165,0.0,0.0,0.0,0.0,0,-0.12133375893328541,True,False,1023,215
2014-08-11 00:00:00+00:00,9552540.113113165,9552540.113113165,0.0,0.0,0.0,0.0,0,-0.12133375893328541,True,False,1023,215
2014-08-12 00:00:00+00:00,9552540.113113165,9552540.113113165,0.0,0.0,0.0,0.0,0,-0.12133375893328541,True,False,1023,215
2014-08-13 00:00:00+00:00,9552540.113113165,9552540.113113165,0.0,0.0,0.0,0.0,0,-0.12133375893328541,True,False,1024,215
2014-08-14 00:00:00+00:00,9552540.113113165,9552540.113113165,0.0,0.0,0.0,0.0,0,-0.12133375893328541,True,False,1024,215
2014-08-15 00:00:00+00:00,9552540.113113165,9552540.113113165,0.0,0.0,0.0,0.0,0,-0.12133375893328541,True,False,1024,215
2014-08-18 00:00:00+00:00,9552540.113113165,9552540.113113165,0.0,0.0,0.0,0.0,0,-0.12133375893328541,True,False,1024,215
2014-08-19 00:00:00+00:00,9552540.113113165,9552540.113113165,0.0,0.0,0.0,0.0,0,-0.12133375893328541,True,False,1024,215
2014-08-20 00:00:00+00:00,9552540.113113165,9552540.113113165,0.0,0.0,0.0,0.0,0,-0.12133375893328541,True,False,1024,215
2014-08-21 00:00:00+00:00,9552540.113113165,9552540.113113165,0.0,0.0,0.0,0.0,0,-0.12133375893328541,True,False,1024,215
2014-08-22 00:00:00+00:00,9552540.113113165,9552540.113113165,0.0,0.0,0.0,0.0,0,-0.12133375893328541,True,False,1024,215
2014-08-25 00:00:00+00:00,9552540.113113165,9552540.113113165,0.0,0.0,0.0,0.0,0,-0.12133375893328541,True,False,1024,215
2014-08-26 00:00:00+00:00,9552540.113113165,9552540.113113165,0.0,0.0,0.0,0.0,0,-0.12133375893328541,True,False,1025,215
2014-08-27 00:00:00+00:00,9552540.113113165,9552540.113113165,0.0,0.0,0.0,0.0,0,-0.12133375893328541,True,False,1025,215
2014-08-28 00:00:00+00:00,9552540.113113165,9552540.113113165,0.0,0.0,0.0,0.0,0,-0.12133375893328541,True,False,1027,215
2014-08-29 00:00:00+00:00,9552540.113113165,9552540.113113165,0.0,0.0,0.0,0.0,0,-0.12133375893328541,True,False,1027,215
2014-09-01 00:00:00+00:00,9552540.113113165,9552540.113113165,0.0,0.0,0.0,0.0,0,-0.12133375893328541,True,False,1027,215
2014-09-02 00:00:00+00:00,9552540.113113165,9552540.113113165,0.0,0.0,0.0,0.0,0,-0.12133375893328541,True,False,1027,215
2014-09-03 00:00:00+00:00,9552540.113113165,9552540.113113165,0.0,0.0,0.0,0.0,0,-0.12133375893328541,True,False,1027,215
2014-09-04 00:00:00+00:00,9552540.113113165,9552540.113113165,0.0,0.0,0.0,0.0,0,-0.12133375893328541,True,False,1027,215
2014-09-05 00:00:00+00:00,9552540.113113165,9552540.113113165,0.0,0.0,0.0,0.0,0,-0.12133375893328541,True,False,1027,215
2014-09-08 00:00:00+00:00,9552540.113113165,9552540.113113165,0.0,0.0,0.0,0.0,0,-0.12133375893328541,True,False,1027,215
2014-09-09 00:00:00+00:00,9552540.113113165,9552540.113113165,0.0,0.0,0.0,0.0,0,-0.12133375893328541,True,False,1027,215
2014-09-10 00:00:00+00:00,9552540.113113165,9552540.113113165,0.0,0.0,0.0,0.0,0,-0.12133375893328541,True,False,1027,215
2014-09-11 00:00:00+00:00,9552540.113113165,9552540.113113165,0.0,0.0,0.0,0.0,0,-0.12133375893328541,True,False,1027,215
2014-09-12 00:00:00+00:00,9552540.113113165,9552540.113113165,0.0,0.0,0.0,0.0,0,-0.12133375893328541,True,False,1027,215
2014-09-15 00:00:00+00:00,9552540.113113165,9552540.113113165,0.0,0.0,0.0,0.0,0,-0.12133375893328541,True,False,1028,215
2014-09-16 00:00:00+00:00,9552540.113113165,9552540.113113165,0.0,0.0,0.0,0.0,0,-0.12133375893328541,True,False,1028,215
2014-09-17 00:00:00+00:00,9552540.113113165,9552540.113113165,0.0,0.0,0.0,0.0,0,-0.12133375893328541,True,False,1028,215
2014-09-18 00:00:00+00:00,9552540.113113165,9552540.113113165,0.0,0.0,0.0,0.0,0,-0.12133375893328541,True,False,1028,215
2014-09-19 00:00:00+00:00,9552540.113113165,9552540.113113165,0.0,0.0,0.0,0.0,0,-0.12133375893328541,True,False,1029,215
2014-09-22 00:00:00+00:00,9552540.113113165,9552540.113113165,0.0,0.0,0.0,0.0,0,-0.12133375893328541,True,False,1030,215
2014-09-23 00:00:00+00:00,9552540.113113165,9552540.113113165,0.0,0.0,0.0,0.0,0,-0.12133375893328541,True,False,1032,215
2014-09-24 00:00:00+00:00,9552540.113113165,9552540.113113165,0.0,0.0,0.0,0.0,0,-0.12133375893328541,True,False,1032,215
2014-09-25 00:00:00+00:00,9552540.113113165,9552540.113113165,0.0,0.0,0.0,0.0,0,-0.12133375893328541,True,False,1036,215
2014-09-26 00:00:00+00:00,9552540.113113165,9552540.113113165,0.0,0.0,0.0,0.0,0,-0.12133375893328541,True,False,1036,215
2014-09-29 00:00:00+00:00,9552540.113113165,9552540.113113165,0.0,0.0,0.0,0.0,0,-0.12133375893328541,True,False,1036,215
2014-09-30 00:00:00+00:00,9552540.113113165,9552540.113113165,0.0,0.0,0.0,0.0,0,-0.12133375893328541,True,False,1036,215
2014-10-01 00:00:00+00:00,9552540.113113165,9552540.113113165,0.0,0.0,0.0,0.0,0,-0.12133375893328541,True,False,1036,215
2014-10-02 00:00:00+00:00,9552540.113113165,9552540.113113165,0.0,0.0,0.0,0.0,0,-0.12133375893328541,True,False,1036,215
2014-10-03 00:00:00+00:00,9552540.113113165,9552540.113113165,0.0,0.0,0.0,0.0,0,-0.12133375893328541,True,False,1036,215
2014-10-06 00:00:00+00:00,9552540.113113165,9552540.113113165,0.0,0.0,0.0,0.0,0,-0.12133375893328541,True,False,1036,215
2014-10-07 00:00:00+00:00,9552540.113113165,9552540.113113165,0.0,0.0,0.0,0.0,0,-0.12133375893328541,True,False,1038,215
2014-10-08 00:00:00+00:00,9552540.113113165,9552540.113113165,0.0,0.0,0.0,0.0,0,-0.12133375893328541,True,False,1038,215
2014-10-09 00:00:00+00:00,9552540.113113165,9552540.113113165,0.0,0.0,0.0,0.0,0,-0.12133375893328541,True,False,1038,215
2014-10-10 00:00:00+00:00,9552540.113113165,9552540.113113165,0.0,0.0,0.0,0.0,0,-0.12133375893328541,True,False,1039,215
2014-10-13 00:00:00+00:00,9552540.113113165,9552540.113113165,0.0,0.0,0.0,0.0,0,-0.12133375893328541,True,False,1040,215
2014-10-14 00:00:00+00:00,9552540.113113165,9552540.113113165,0.0,0.0,0.0,0.0,0,-0.12133375893328541,True,False,1044,215
2014-10-15 00:00:00+00:00,9552540.113113165,9552540.113113165,0.0,0.0,0.0,0.0,0,-0.12133375893328541,True,False,1044,215
2014-10-16 00:00:00+00:00,9552540.113113165,9552540.113113165,0.0,0.0,0.0,0.0,0,-0.12133375893328541,True,False,1047,215
2014-10-17 00:00:00+00:00,9552540.113113165,9552540.113113165,0.0,0.0,0.0,0.0,0,-0.12133375893328541,True,False,1048,215
2014-10-20 00:00:00+00:00,9552540.113113165,9552540.113113165,0.0,0.0,0.0,0.0,0,-0.12133375893328541,True,False,1048,215
2014-10-21 00:00:00+00:00,9552540.113113165,9552540.113113165,0.0,0.0,0.0,0.0,0,-0.12133375893328541,True,False,1048,215
2014-10-22 00:00:00+00:00,9552540.113113165,9552540.113113165,0.0,0.0,0.0,0.0,0,-0.12133375893328541,True,False,1048,215
2014-10-23 00:00:00+00:00,9552540.113113165,9552540.113113165,0.0,0.0,0.0,0.0,0,-0.12133375893328541,True,False,1048,215
2014-10-24 00:00:00+00:00,9552540.113113165,9552540.113113165,0.0,0.0,0.0,0.0,0,-0.12133375893328541,True,False,1048,215
2014-10-27 00:00:00+00:00,9552540.113113165,9552540.113113165,0.0,0.0,0.0,0.0,0,-0.12133375893328541,True,False,1048,215
2014-10-28 00:00:00+00:00,9552540.113113165,9552540.113113165,0.0,0.0,0.0,0.0,0,-0.12133375893328541,True,False,1048,215
2014-10-29 00:00:00+00:00,9552540.113113165,9552540.113113165,0.0,0.0,0.0,0.0,0,-0.12133375893328541,True,False,1048,215
2014-10-30 00:00:00+00:00,9552540.113113165,9552540.113113165,0.0,0.0,0.0,0.0,0,-0.12133375893328541,True,False,1048,215
2014-10-31 00:00:00+00:00,9552540.113113165,9552540.113113165,0.0,0.0,0.0,0.0,0,-0.12133375893328541,True,False,1048,215
2014-11-03 00:00:00+00:00,9552540.113113165,9552540.113113165,0.0,0.0,0.0,0.0,0,-0.12133375893328541,True,False,1048,215
2014-11-04 00:00:00+00:00,9552540.113113165,9552540.113113165,0.0,0.0,0.0,0.0,0,-0.12133375893328541,True,False,1048,215
2014-11-05 00:00:00+00:00,9552540.113113165,9552540.113113165,0.0,0.0,0.0,0.0,0,-0.12133375893328541,True,False,1049,215
2014-11-06 00:00:00+00:00,9552540.113113165,9552540.113113165,0.0,0.0,0.0,0.0,0,-0.12133375893328541,True,False,1049,215
2014-11-07 00:00:00+00:00,9552540.113113165,9552540.113113165,0.0,0.0,0.0,0.0,0,-0.12133375893328541,True,False,1049,215
2014-11-10 00:00:00+00:00,9552540.113113165,9552540.113113165,0.0,0.0,0.0,0.0,0,-0.12133375893328541,True,False,1049,215
2014-11-11 00:00:00+00:00,9552540.113113165,9552540.113113165,0.0,0.0,0.0,0.0,0,-0.12133375893328541,True,False,1049,215
2014-11-12 00:00:00+00:00,9552540.113113165,9552540.113113165,0.0,0.0,0.0,0.0,0,-0.12133375893328541,True,False,1049,215
2014-11-13 00:00:00+00:00,9552540.113113165,9552540.113113165,0.0,0.0,0.0,0.0,0,-0.12133375893328541,True,False,1049,215
2014-11-14 00:00:00+00:00,9552540.113113165,9552540.113113165,0.0,0.0,0.0,0.0,0,-0.12133375893328541,True,False,1049,215
2014-11-17 00:00:00+00:00,9552540.113113165,9552540.113113165,0.0,0.0,0.0,0.0,0,-0.12133375893328541,True,False,1049,215
2014-11-18 00:00:00+00:00,9552540.113113165,9552540.113113165,0.0,0.0,0.0,0.0,0,-0.12133375893328541,True,False,1049,215
2014-11-19 00:00:00+00:00,9552540.113113165,9552540.113113165,0.0,0.0,0.0,0.0,0,-0.12133375893328541,True,False,1049,215
2014-11-20 00:00:00+00:00,9552540.113113165,9552540.113113165,0.0,0.0,0.0,0.0,0,-0.12133375893328541,True,False,1049,215
2014-11-21 00:00:00+00:00,9552540.113113165,9552540.113113165,0.0,0.0,0.0,0.0,0,-0.12133375893328541,True,False,1049,215
2014-11-24 00:00:00+00:00,9552540.113113165,9552540.113113165,0.0,0.0,0.0,0.0,0,-0.12133375893328541,True,False,1049,215
2014-11-25 00:00:00+00:00,9552540.113113165,9552540.113113165,0.0,0.0,0.0,0.0,0,-0.12133375893328541,True,False,1049,215
2014-11-26 00:00:00+00:00,9552540.113113165,9552540.113113165,0.0,0.0,0.0,0.0,0,-0.12133375893328541,True,False,1049,215
2014-11-27 00:00:00+00:00,9552540.113113165,9552540.113113165,0.0,0.0,0.0,0.0,0,-0.12133375893328541,True,False,1049,215
2014-11-28 00:00:00+00:00,9552540.113113165,9552540.113113165,0.0,0.0,0.0,0.0,0,-0.12133375893328541,True,False,1050,215
2014-12-01 00:00:00+00:00,9552540.113113165,9552540.113113165,0.0,0.0,0.0,0.0,0,-0.12133375893328541,True,False,1051,215
2014-12-02 00:00:00+00:00,9552540.113113165,9552540.113113165,0.0,0.0,0.0,0.0,0,-0.12133375893328541,True,False,1051,215
2014-12-03 00:00:00+00:00,9552540.113113165,9552540.113113165,0.0,0.0,0.0,0.0,0,-0.12133375893328541,True,False,1051,215
2014-12-04 00:00:00+00:00,9552540.113113165,9552540.113113165,0.0,0.0,0.0,0.0,0,-0.12133375893328541,True,False,1051,215
2014-12-05 00:00:00+00:00,9552540.113113165,9552540.113113165,0.0,0.0,0.0,0.0,0,-0.12133375893328541,True,False,1052,215
2014-12-08 00:00:00+00:00,9552540.113113165,9552540.113113165,0.0,0.0,0.0,0.0,0,-0.12133375893328541,True,False,1052,215
2014-12-09 00:00:00+00:00,9552540.113113165,9552540.113113165,0.0,0.0,0.0,0.0,0,-0.12133375893328541,True,False,1055,215
2014-12-10 00:00:00+00:00,9552540.113113165,9552540.113113165,0.0,0.0,0.0,0.0,0,-0.12133375893328541,True,False,1056,215
2014-12-11 00:00:00+00:00,9552540.113113165,9552540.113113165,0.0,0.0,0.0,0.0,0,-0.12133375893328541,True,False,1060,215
2014-12-12 00:00:00+00:00,9552540.113113165,9552540.113113165,0.0,0.0,0.0,0.0,0,-0.12133375893328541,True,False,1063,215
2014-12-15 00:00:00+00:00,9552540.113113165,9552540.113113165,0.0,0.0,0.0,0.0,0,-0.12133375893328541,True,False,1066,215
2014-12-16 00:00:00+00:00,9552540.113113165,9552540.113113165,0.0,0.0,0.0,0.0,0,-0.12133375893328541,True,False,1075,215
2014-12-17 00:00:00+00:00,9552540.113113165,9552540.113113165,0.0,0.0,0.0,0.0,0,-0.12133375893328541,True,False,1078,215
2014-12-18 00:00:00+00:00,9552540.113113165,9552540.113113165,0.0,0.0,0.0,0.0,0,-0.12133375893328541,True,False,1078,215
2014-12-19 00:00:00+00:00,9552540.113113165,9552540.113113165,0.0,0.0,0.0,0.0,0,-0.12133375893328541,True,False,1078,215
2014-12-22 00:00:00+00:00,9552540.113113165,9552540.113113165,0.0,0.0,0.0,0.0,0,-0.12133375893328541,True,False,1079,215
2014-12-23 00:00:00+00:00,9552540.113113165,9552540.113113165,0.0,0.0,0.0,0.0,0,-0.12133375893328541,True,False,1079,215
2014-12-24 00:00:00+00:00,9552540.113113165,9552540.113113165,0.0,0.0,0.0,0.0,0,-0.12133375893328541,True,False,1079,215
2014-12-26 00:00:00+00:00,9552540.113113165,9552540.113113165,0.0,0.0,0.0,0.0,0,-0.12133375893328541,True,False,1079,215
2014-12-29 00:00:00+00:00,9552540.113113165,9552540.113113165,0.0,0.0,0.0,0.0,0,-0.12133375893328541,True,False,1079,215
2014-12-30 00:00:00+00:00,9552540.113113165,9552540.113113165,0.0,0.0,0.0,0.0,0,-0.12133375893328541,True,False,1079,215
2014-12-31 00:00:00+00:00,9552540.113113165,9552540.113113165,0.0,0.0,0.0,0.0,0,-0.12133375893328541,True,False,1079,215
2015-01-01 00:00:00+00:00,9552540.113113165,9552540.113113165,0.0,0.0,0.0,0.0,0,-0.12133375893328541,True,False,1079,215
2015-01-02 00:00:00+00:00,9552540.113113165,9552540.113113165,0.0,0.0,0.0,0.0,0,-0.12133375893328541,True,False,1079,215
2015-01-05 00:00:00+00:00,9552540.113113165,9552540.113113165,0.0,0.0,0.0,0.0,0,-0.12133375893328541,True,False,1079,215
2015-01-06 00:00:00+00:00,9552540.113113165,9552540.113113165,0.0,0.0,0.0,0.0,0,-0.12133375893328541,True,False,1080,215
2015-01-07 00:00:00+00:00,9552540.113113165,9552540.113113165,0.0,0.0,0.0,0.0,0,-0.12133375893328541,True,False,1081,215
2015-01-08 00:00:00+00:00,9552540.113113165,9552540.113113165,0.0,0.0,0.0,0.0,0,-0.12133375893328541,True,False,1081,215
2015-01-09 00:00:00+00:00,9552540.113113165,9552540.113113165,0.0,0.0,0.0,0.0,0,-0.12133375893328541,True,False,1081,215
2015-01-12 00:00:00+00:00,9552540.113113165,9552540.113113165,0.0,0.0,0.0,0.0,0,-0.12133375893328541,True,False,1081,215
2015-01-13 00:00:00+00:00,9552540.113113165,9552540.113113165,0.0,0.0,0.0,0.0,0,-0.12133375893328541,True,False,1082,215
2015-01-14 00:00:00+00:00,9552540.113113165,9552540.113113165,0.0,0.0,0.0,0.0,0,-0.12133375893328541,True,False,1085,215
2015-01-15 00:00:00+00:00,9552540.113113165,9552540.113113165,0.0,0.0,0.0,0.0,0,-0.12133375893328541,True,False,1085,215
2015-01-16 00:00:00+00:00,9552540.113113165,9552540.113113165,0.0,0.0,0.0,0.0,0,-0.12133375893328541,True,False,1085,215
2015-01-19 00:00:00+00:00,9552540.113113165,9552540.113113165,0.0,0.0,0.0,0.0,0,-0.12133375893328541,True,False,1085,215
2015-01-20 00:00:00+00:00,9552540.113113165,9552540.113113165,0.0,0.0,0.0,0.0,0,-0.12133375893328541,True,False,1085,215
2015-01-21 00:00:00+00:00,9552540.113113165,9552540.113113165,0.0,0.0,0.0,0.0,0,-0.12133375893328541,True,False,1085,215
2015-01-22 00:00:00+00:00,9552540.113113165,9552540.113113165,0.0,0.0,0.0,0.0,0,-0.12133375893328541,True,False,1085,215
2015-01-23 00:00:00+00:00,9552540.113113165,9552540.113113165,0.0,0.0,0.0,0.0,0,-0.12133375893328541,True,False,1085,215
2015-01-26 00:00:00+00:00,9552540.113113165,9552540.113113165,0.0,0.0,0.0,0.0,0,-0.12133375893328541,True,False,1085,215
2015-01-27 00:00:00+00:00,9552540.113113165,9552540.113113165,0.0,0.0,0.0,0.0,0,-0.12133375893328541,True,False,1085,215
2015-01-28 00:00:00+00:00,9552540.113113165,9552540.113113165,0.0,0.0,0.0,0.0,0,-0.12133375893328541,True,False,1085,215
2015-01-29 00:00:00+00:00,9552540.113113165,9552540.113113165,0.0,0.0,0.0,0.0,0,-0.12133375893328541,True,False,1085,215
2015-01-30 00:00:00+00:00,9552540.113113165,9552540.113113165,0.0,0.0,0.0,0.0,0,-0.12133375893328541,True,False,1085,215
2015-02-02 00:00:00+00:00,9552540.113113165,9552540.113113165,0.0,0.0,0.0,0.0,0,-0.12133375893328541,True,False,1085,215
2015-02-03 00:00:00+00:00,9552540.113113165,9552540.113113165,0.0,0.0,0.0,0.0,0,-0.12133375893328541,True,False,1088,215
2015-02-04 00:00:00+00:00,9552540.113113165,9552540.113113165,0.0,0.0,0.0,0.0,0,-0.12133375893328541,True,False,1088,215
2015-02-05 00:00:00+00:00,9552540.113113165,9552540.113113165,0.0,0.0,0.0,0.0,0,-0.12133375893328541,True,False,1088,215
2015-02-06 00:00:00+00:00,9552540.113113165,9552540.113113165,0.0,0.0,0.0,0.0,0,-0.12133375893328541,True,False,1088,215
2015-02-09 00:00:00+00:00,9552540.113113165,9552540.113113165,0.0,0.0,0.0,0.0,0,-0.12133375893328541,True,False,1089,215
2015-02-10 00:00:00+00:00,9552540.113113165,9552540.113113165,0.0,0.0,0.0,0.0,0,-0.12133375893328541,True,False,1089,215
2015-02-11 00:00:00+00:00,9552540.113113165,9552540.113113165,0.0,0.0,0.0,0.0,0,-0.12133375893328541,True,False,1089,215
2015-02-12 00:00:00+00:00,9552540.113113165,9552540.113113165,0.0,0.0,0.0,0.0,0,-0.12133375893328541,True,False,1089,215
2015-02-13 00:00:00+00:00,9552540.113113165,9552540.113113165,0.0,0.0,0.0,0.0,0,-0.12133375893328541,True,False,1089,215
2015-02-16 00:00:00+00:00,9552540.113113165,9552540.113113165,0.0,0.0,0.0,0.0,0,-0.12133375893328541,True,False,1089,215
2015-02-17 00:00:00+00:00,9552540.113113165,9552540.113113165,0.0,0.0,0.0,0.0,0,-0.12133375893328541,True,False,1089,215
2015-02-18 00:00:00+00:00,9552540.113113165,9552540.113113165,0.0,0.0,0.0,0.0,0,-0.12133375893328541,True,False,1089,215
2015-02-19 00:00:00+00:00,9552540.113113165,9552540.113113165,0.0,0.0,0.0,0.0,0,-0.12133375893328541,True,False,1089,215
2015-02-20 00:00:00+00:00,9552540.113113165,9552540.113113165,0.0,0.0,0.0,0.0,0,-0.12133375893328541,True,False,1089,215
2015-02-23 00:00:00+00:00,9552540.113113165,9552540.113113165,0.0,0.0,0.0,0.0,0,-0.12133375893328541,True,False,1089,215
2015-02-24 00:00:00+00:00,9552540.113113165,9552540.113113165,0.0,0.0,0.0,0.0,0,-0.12133375893328541,True,False,1091,215
2015-02-25 00:00:00+00:00,9552540.113113165,9552540.113113165,0.0,0.0,0.0,0.0,0,-0.12133375893328541,True,False,1091,215
2015-02-26 00:00:00+00:00,9552540.113113165,9552540.113113165,0.0,0.0,0.0,0.0,0,-0.12133375893328541,True,False,1091,215
2015-02-27 00:00:00+00:00,9552540.113113165,9552540.113113165,0.0,0.0,0.0,0.0,0,-0.12133375893328541,True,False,1091,215
2015-03-02 00:00:00+00:00,9552540.113113165,9552540.113113165,0.0,0.0,0.0,0.0,0,-0.12133375893328541,True,False,1091,215
2015-03-03 00:00:00+00:00,9552540.113113165,9552540.113113165,0.0,0.0,0.0,0.0,0,-0.12133375893328541,True,False,1091,215
2015-03-04 00:00:00+00:00,9552540.113113165,9552540.113113165,0.0,0.0,0.0,0.0,0,-0.12133375893328541,True,False,1091,215
2015-03-05 00:00:00+00:00,9552540.113113165,9552540.113113165,0.0,0.0,0.0,0.0,0,-0.12133375893328541,True,False,1091,215
2015-03-06 00:00:00+00:00,9552540.113113165,9552540.113113165,0.0,0.0,0.0,0.0,0,-0.12133375893328541,True,False,1091,215
2015-03-09 00:00:00+00:00,9552540.113113165,9552540.113113165,0.0,0.0,0.0,0.0,0,-0.12133375893328541,True,False,1091,215
2015-03-10 00:00:00+00:00,9552540.113113165,9552540.113113165,0.0,0.0,0.0,0.0,0,-0.12133375893328541,True,False,1092,215
2015-03-11 00:00:00+00:00,9552540.113113165,9552540.113113165,0.0,0.0,0.0,0.0,0,-0.12133375893328541,True,False,1095,215
2015-03-12 00:00:00+00:00,9552540.113113165,9552540.113113165,0.0,0.0,0.0,0.0,0,-0.12133375893328541,True,False,1095,215
2015-03-13 00:00:00+00:00,9552540.113113165,9552540.113113165,0.0,0.0,0.0,0.0,0,-0.12133375893328541,True,False,1095,215
2015-03-16 00:00:00+00:00,9552540.113113165,9552540.113113165,0.0,0.0,0.0,0.0,0,-0.12133375893328541,True,False,1095,215
2015-03-17 00:00:00+00:00,9552540.113113165,9552540.113113165,0.0,0.0,0.0,0.0,0,-0.12133375893328541,True,False,1095,215
2015-03-18 00:00:00+00:00,9552540.113113165,9552540.113113165,0.0,0.0,0.0,0.0,0,-0.12133375893328541,True,False,1095,215
2015-03-19 00:00:00+00:00,9552540.113113165,9552540.113113165,0.0,0.0,0.0,0.0,0,-0.12133375893328541,True,False,1095,215
2015-03-20 00:00:00+00:00,9552540.113113165,9552540.113113165,0.0,0.0,0.0,0.0,0,-0.12133375893328541,True,False,1095,215
2015-03-23 00:00:00+00:00,9552540.113113165,9552540.113113165,0.0,0.0,0.0,0.0,0,-0.12133375893328541,True,False,1095,215
2015-03-24 00:00:00+00:00,9552540.113113165,9552540.113113165,0.0,0.0,0.0,0.0,0,-0.12133375893328541,True,False,1095,215
2015-03-25 00:00:00+00:00,9552540.113113165,9552540.113113165,0.0,0.0,0.0,0.0,0,-0.12133375893328541,True,False,1096,215
2015-03-26 00:00:00+00:00,9552540.113113165,9552540.113113165,0.0,0.0,0.0,0.0,0,-0.12133375893328541,True,False,1098,215
2015-03-27 00:00:00+00:00,9552540.113113165,9552540.113113165,0.0,0.0,0.0,0.0,0,-0.12133375893328541,True,False,1098,215
2015-03-30 00:00:00+00:00,9552540.113113165,9552540.113113165,0.0,0.0,0.0,0.0,0,-0.12133375893328541,True,False,1098,215
2015-03-31 00:00:00+00:00,9552540.113113165,9552540.113113165,0.0,0.0,0.0,0.0,0,-0.12133375893328541,True,False,1098,215
2015-04-01 00:00:00+00:00,9552540.113113165,9552540.113113165,0.0,0.0,0.0,0.0,0,-0.12133375893328541,True,False,1098,215
2015-04-02 00:00:00+00:00,9552540.113113165,9552540.113113165,0.0,0.0,0.0,0.0,0,-0.12133375893328541,True,False,1098,215
2015-04-06 00:00:00+00:00,9552540.113113165,9552540.113113165,0.0,0.0,0.0,0.0,0,-0.12133375893328541,True,False,1098,215
2015-04-07 00:00:00+00:00,9552540.113113165,9552540.113113165,0.0,0.0,0.0,0.0,0,-0.12133375893328541,True,False,1098,215
2015-04-08 00:00:00+00:00,9552540.113113165,9552540.113113165,0.0,0.0,0.0,0.0,0,-0.12133375893328541,True,False,1098,215
2015-04-09 00:00:00+00:00,9552540.113113165,9552540.113113165,0.0,0.0,0.0,0.0,0,-0.12133375893328541,True,False,1098,215
2015-04-10 00:00:00+00:00,9552540.113113165,9552540.113113165,0.0,0.0,0.0,0.0,0,-0.12133375893328541,True,False,1098,215
2015-04-13 00:00:00+00:00,9552540.113113165,9552540.113113165,0.0,0.0,0.0,0.0,0,-0.12133375893328541,True,False,1098,215
2015-04-14 00:00:00+00:00,9552540.113113165,9552540.113113165,0.0,0.0,0.0,0.0,0,-0.12133375893328541,True,False,1098,215
2015-04-15 00:00:00+00:00,9552540.113113165,9552540.113113165,0.0,0.0,0.0,0.0,0,-0.12133375893328541,True,False,1098,215
2015-04-16 00:00:00+00:00,9552540.113113165,9552540.113113165,0.0,0.0,0.0,0.0,0,-0.12133375893328541,True,False,1099,215
2015-04-17 00:00:00+00:00,9552540.113113165,9552540.113113165,0.0,0.0,0.0,0.0,0,-0.12133375893328541,True,False,1100,215
2015-04-20 00:00:00+00:00,9552540.113113165,9552540.113113165,0.0,0.0,0.0,0.0,0,-0.12133375893328541,True,False,1102,215
2015-04-21 00:00:00+00:00,9552540.113113165,9552540.113113165,0.0,0.0,0.0,0.0,0,-0.12133375893328541,True,False,1106,215
2015-04-22 00:00:00+00:00,9552540.113113165,9552540.113113165,0.0,0.0,0.0,0.0,0,-0.12133375893328541,True,False,1108,215
2015-04-23 00:00:00+00:00,9552540.113113165,9552540.113113165,0.0,0.0,0.0,0.0,0,-0.12133375893328541,True,False,1108,215
2015-04-24 00:00:00+00:00,9552540.113113165,9552540.113113165,0.0,0.0,0.0,0.0,0,-0.12133375893328541,True,False,1110,215
2015-04-27 00:00:00+00:00,9552540.113113165,9552540.113113165,0.0,0.0,0.0,0.0,0,-0.12133375893328541,True,False,1115,215
2015-04-28 00:00:00+00:00,9552540.113113165,9552540.113113165,0.0,0.0,0.0,0.0,0,-0.12133375893328541,True,False,1115,215
2015-04-29 00:00:00+00:00,9552540.113113165,9552540.113113165,0.0,0.0,0.0,0.0,0,-0.12133375893328541,True,False,1116,215
2015-04-30 00:00:00+00:00,9552540.113113165,9552540.113113165,0.0,0.0,0.0,0.0,0,-0.12133375893328541,True,False,1116,215
2015-05-01 00:00:00+00:00,9552540.113113165,9552540.113113165,0.0,0.0,0.0,0.0,0,-0.12133375893328541,True,False,1116,215
2015-05-04 00:00:00+00:00,9552540.113113165,9552540.113113165,0.0,0.0,0.0,0.0,0,-0.12133375893328541,True,False,1116,215
2015-05-05 00:00:00+00:00,9552540.113113165,9552540.113113165,0.0,0.0,0.0,0.0,0,-0.12133375893328541,True,False,1116,215
2015-05-06 00:00:00+00:00,9552540.113113165,9552540.113113165,0.0,0.0,0.0,0.0,0,-0.12133375893328541,True,False,1118,215
2015-05-07 00:00:00+00:00,9552540.113113165,9552540.113113165,0.0,0.0,0.0,0.0,0,-0.12133375893328541,True,False,1119,215
2015-05-08 00:00:00+00:00,9552540.113113165,9552540.113113165,0.0,0.0,0.0,0.0,0,-0.12133375893328541,True,False,1120,215
2015-05-11 00:00:00+00:00,9552540.113113165,9552540.113113165,0.0,0.0,0.0,0.0,0,-0.12133375893328541,True,False,1120,215
2015-05-12 00:00:00+00:00,9552540.113113165,9552540.113113165,0.0,0.0,0.0,0.0,0,-0.12133375893328541,True,False,1120,215
2015-05-13 00:00:00+00:00,9552540.113113165,9552540.113113165,0.0,0.0,0.0,0.0,0,-0.12133375893328541,True,False,1120,215
2015-05-14 00:00:00+00:00,9552540.113113165,9552540.113113165,0.0,0.0,0.0,0.0,0,-0.12133375893328541,True,False,1120,215
2015-05-15 00:00:00+00:00,9552540.113113165,9552540.113113165,0.0,0.0,0.0,0.0,0,-0.12133375893328541,True,False,1120,215
2015-05-18 00:00:00+00:00,9552540.113113165,9552540.113113165,0.0,0.0,0.0,0.0,0,-0.12133375893328541,True,False,1120,215
2015-05-19 00:00:00+00:00,9552540.113113165,9552540.113113165,0.0,0.0,0.0,0.0,0,-0.12133375893328541,True,False,1120,215
2015-05-20 00:00:00+00:00,9552540.113113165,9552540.113113165,0.0,0.0,0.0,0.0,0,-0.12133375893328541,True,False,1120,215
2015-05-21 00:00:00+00:00,9552540.113113165,9552540.113113165,0.0,0.0,0.0,0.0,0,-0.12133375893328541,True,False,1120,215
2015-05-22 00:00:00+00:00,9552540.113113165,9552540.113113165,0.0,0.0,0.0,0.0,0,-0.12133375893328541,True,False,1120,215
2015-05-25 00:00:00+00:00,9552540.113113165,9552540.113113165,0.0,0.0,0.0,0.0,0,-0.12133375893328541,True,False,1120,215
2015-05-26 00:00:00+00:00,9552540.113113165,9552540.113113165,0.0,0.0,0.0,0.0,0,-0.12133375893328541,True,False,1120,215
2015-05-27 00:00:00+00:00,9552540.113113165,9552540.113113165,0.0,0.0,0.0,0.0,0,-0.12133375893328541,True,False,1120,215
2015-05-28 00:00:00+00:00,9552540.113113165,9552540.113113165,0.0,0.0,0.0,0.0,0,-0.12133375893328541,True,False,1120,215
2015-05-29 00:00:00+00:00,9552540.113113165,9552540.113113165,0.0,0.0,0.0,0.0,0,-0.12133375893328541,True,False,1120,215
2015-06-01 00:00:00+00:00,9552540.113113165,9552540.113113165,0.0,0.0,0.0,0.0,0,-0.12133375893328541,True,False,1120,215
2015-06-02 00:00:00+00:00,9552540.113113165,9552540.113113165,0.0,0.0,0.0,0.0,0,-0.12133375893328541,True,False,1122,215
2015-06-03 00:00:00+00:00,9552540.113113165,9552540.113113165,0.0,0.0,0.0,0.0,0,-0.12133375893328541,True,False,1123,215
2015-06-04 00:00:00+00:00,9552540.113113165,9552540.113113165,0.0,0.0,0.0,0.0,0,-0.12133375893328541,True,False,1125,215
2015-06-05 00:00:00+00:00,9552540.113113165,9552540.113113165,0.0,0.0,0.0,0.0,0,-0.12133375893328541,True,False,1126,215
2015-06-08 00:00:00+00:00,9552540.113113165,9552540.113113165,0.0,0.0,0.0,0.0,0,-0.12133375893328541,True,False,1126,215
2015-06-09 00:00:00+00:00,9552540.113113165,9552540.113113165,0.0,0.0,0.0,0.0,0,-0.12133375893328541,True,False,1126,215
2015-06-10 00:00:00+00:00,9552540.113113165,9552540.113113165,0.0,0.0,0.0,0.0,0,-0.12133375893328541,True,False,1126,215
2015-06-11 00:00:00+00:00,9552540.113113165,9552540.113113165,0.0,0.0,0.0,0.0,0,-0.12133375893328541,True,False,1129,215
2015-06-12 00:00:00+00:00,9552540.113113165,9552540.113113165,0.0,0.0,0.0,0.0,0,-0.12133375893328541,True,False,1129,215
2015-06-15 00:00:00+00:00,9552540.113113165,9552540.113113165,0.0,0.0,0.0,0.0,0,-0.12133375893328541,True,False,1129,215
2015-06-16 00:00:00+00:00,9552540.113113165,9552540.113113165,0.0,0.0,0.0,0.0,0,-0.12133375893328541,True,False,1129,215
2015-06-17 00:00:00+00:00,9552540.113113165,9552540.113113165,0.0,0.0,0.0,0.0,0,-0.12133375893328541,True,False,1129,215
2015-06-18 00:00:00+00:00,9552540.113113165,9552540.113113165,0.0,0.0,0.0,0.0,0,-0.12133375893328541,True,False,1129,215
2015-06-19 00:00:00+00:00,9552540.113113165,9552540.113113165,0.0,0.0,0.0,0.0,0,-0.12133375893328541,True,False,1129,215
2015-06-22 00:00:00+00:00,9552540.113113165,9552540.113113165,0.0,0.0,0.0,0.0,0,-0.12133375893328541,True,False,1129,215
2015-06-23 00:00:00+00:00,9552540.113113165,9552540.113113165,0.0,0.0,0.0,0.0,0,-0.12133375893328541,True,False,1129,215
2015-06-24 00:00:00+00:00,9552540.113113165,9552540.113113165,0.0,0.0,0.0,0.0,0,-0.12133375893328541,True,False,1130,215
2015-06-25 00:00:00+00:00,9552540.113113165,9552540.113113165,0.0,0.0,0.0,0.0,0,-0.12133375893328541,True,False,1131,215
2015-06-26 00:00:00+00:00,9552540.113113165,9552540.113113165,0.0,0.0,0.0,0.0,0,-0.12133375893328541,True,False,1131,215
2015-06-29 00:00:00+00:00,9552540.113113165,9552540.113113165,0.0,0.0,0.0,0.0,0,-0.12133375893328541,True,False,1132,215
2015-06-30 00:00:00+00:00,9552540.113113165,9552540.113113165,0.0,0.0,0.0,0.0,0,-0.12133375893328541,True,False,1132,215
2015-07-01 00:00:00+00:00,9552540.113113165,9552540.113113165,0.0,0.0,0.0,0.0,0,-0.12133375893328541,True,False,1132,215
2015-07-02 00:00:00+00:00,9552540.113113165,9552540.113113165,0.0,0.0,0.0,0.0,0,-0.12133375893328541,True,False,1132,215
2015-07-03 00:00:00+00:00,9552540.113113165,9552540.113113165,0.0,0.0,0.0,0.0,0,-0.12133375893328541,True,False,1132,215
2015-07-06 00:00:00+00:00,9552540.113113165,9552540.113113165,0.0,0.0,0.0,0.0,0,-0.12133375893328541,True,False,1133,215
2015-07-07 00:00:00+00:00,9552540.113113165,9552540.113113165,0.0,0.0,0.0,0.0,0,-0.12133375893328541,True,False,1136,215
2015-07-08 00:00:00+00:00,9552540.113113165,9552540.113113165,0.0,0.0,0.0,0.0,0,-0.12133375893328541,True,False,1136,215
2015-07-09 00:00:00+00:00,9552540.113113165,9552540.113113165,0.0,0.0,0.0,0.0,0,-0.12133375893328541,True,False,1136,215
2015-07-10 00:00:00+00:00,9552540.113113165,9552540.113113165,0.0,0.0,0.0,0.0,0,-0.12133375893328541,True,False,1137,215
2015-07-13 00:00:00+00:00,9552540.113113165,9552540.113113165,0.0,0.0,0.0,0.0,0,-0.12133375893328541,True,False,1137,215
2015-07-14 00:00:00+00:00,9552540.113113165,9552540.113113165,0.0,0.0,0.0,0.0,0,-0.12133375893328541,True,False,1137,215
2015-07-15 00:00:00+00:00,9552540.113113165,9552540.113113165,0.0,0.0,0.0,0.0,0,-0.12133375893328541,True,False,1137,215
2015-07-16 00:00:00+00:00,9552540.113113165,9552540.113113165,0.0,0.0,0.0,0.0,0,-0.12133375893328541,True,False,1137,215
2015-07-17 00:00:00+00:00,9552540.113113165,9552540.113113165,0.0,0.0,0.0,0.0,0,-0.12133375893328541,True,False,1137,215
2015-07-20 00:00:00+00:00,9552540.113113165,9552540.113113165,0.0,0.0,0.0,0.0,0,-0.12133375893328541,True,False,1137,215
2015-07-21 00:00:00+00:00,9552540.113113165,9552540.113113165,0.0,0.0,0.0,0.0,0,-0.12133375893328541,True,False,1138,215
2015-07-22 00:00:00+00:00,9552540.113113165,9552540.113113165,0.0,0.0,0.0,0.0,0,-0.12133375893328541,True,False,1138,215
2015-07-23 00:00:00+00:00,9552540.113113165,9552540.113113165,0.0,0.0,0.0,0.0,0,-0.12133375893328541,True,False,1138,215
2015-07-24 00:00:00+00:00,9552540.113113165,9552540.113113165,0.0,0.0,0.0,0.0,0,-0.12133375893328541,True,False,1139,215
2015-07-27 00:00:00+00:00,9552540.113113165,9552540.113113165,0.0,0.0,0.0,0.0,0,-0.12133375893328541,True,False,1144,215
2015-07-28 00:00:00+00:00,9552540.113113165,9552540.113113165,0.0,0.0,0.0,0.0,0,-0.12133375893328541,True,False,1144,215
2015-07-29 00:00:00+00:00,9552540.113113165,9552540.113113165,0.0,0.0,0.0,0.0,0,-0.12133375893328541,True,False,1144,215
2015-07-30 00:00:00+00:00,9552540.113113165,9552540.113113165,0.0,0.0,0.0,0.0,0,-0.12133375893328541,True,False,1144,215
2015-07-31 00:00:00+00:00,9552540.113113165,9552540.113113165,0.0,0.0,0.0,0.0,0,-0.12133375893328541,True,False,1145,215
2015-08-03 00:00:00+00:00,9552540.113113165,9552540.113113165,0.0,0.0,0.0,0.0,0,-0.12133375893328541,True,False,1145,215
2015-08-04 00:00:00+00:00,9552540.113113165,9552540.113113165,0.0,0.0,0.0,0.0,0,-0.12133375893328541,True,False,1145,215
2015-08-05 00:00:00+00:00,9552540.113113165,9552540.113113165,0.0,0.0,0.0,0.0,0,-0.12133375893328541,True,False,1145,215
2015-08-06 00:00:00+00:00,9552540.113113165,9552540.113113165,0.0,0.0,0.0,0.0,0,-0.12133375893328541,True,False,1145,215
2015-08-07 00:00:00+00:00,9552540.113113165,9552540.113113165,0.0,0.0,0.0,0.0,0,-0.12133375893328541,True,False,1145,215
2015-08-10 00:00:00+00:00,9552540.113113165,9552540.113113165,0.0,0.0,0.0,0.0,0,-0.12133375893328541,True,False,1145,215
2015-08-11 00:00:00+00:00,9552540.113113165,9552540.113113165,0.0,0.0,0.0,0.0,0,-0.12133375893328541,True,False,1145,215
2015-08-12 00:00:00+00:00,9552540.113113165,9552540.113113165,0.0,0.0,0.0,0.0,0,-0.12133375893328541,True,False,1147,215
2015-08-13 00:00:00+00:00,9552540.113113165,9552540.113113165,0.0,0.0,0.0,0.0,0,-0.12133375893328541,True,False,1152,215
2015-08-14 00:00:00+00:00,9552540.113113165,9552540.113113165,0.0,0.0,0.0,0.0,0,-0.12133375893328541,True,False,1152,215
2015-08-17 00:00:00+00:00,9552540.113113165,9552540.113113165,0.0,0.0,0.0,0.0,0,-0.12133375893328541,True,False,1152,215
2015-08-18 00:00:00+00:00,9552540.113113165,9552540.113113165,0.0,0.0,0.0,0.0,0,-0.12133375893328541,True,False,1153,215
2015-08-19 00:00:00+00:00,9552540.113113165,9552540.113113165,0.0,0.0,0.0,0.0,0,-0.12133375893328541,True,False,1153,215
2015-08-20 00:00:00+00:00,9552540.113113165,9552540.113113165,0.0,0.0,0.0,0.0,0,-0.12133375893328541,True,False,1156,215
2015-08-21 00:00:00+00:00,9552540.113113165,9552540.113113165,0.0,0.0,0.0,0.0,0,-0.12133375893328541,True,False,1156,215
2015-08-24 00:00:00+00:00,9552540.113113165,9552540.113113165,0.0,0.0,0.0,0.0,0,-0.12133375893328541,True,False,1176,215
2015-08-25 00:00:00+00:00,9552540.113113165,9552540.113113165,0.0,0.0,0.0,0.0,0,-0.12133375893328541,True,False,1177,215
2015-08-26 00:00:00+00:00,9552540.113113165,9552540.113113165,0.0,0.0,0.0,0.0,0,-0.12133375893328541,True,False,1179,215
2015-08-27 00:00:00+00:00,9552540.113113165,9552540.113113165,0.0,0.0,0.0,0.0,0,-0.12133375893328541,True,False,1179,215
2015-08-28 00:00:00+00:00,9552540.113113165,9552540.113113165,0.0,0.0,0.0,0.0,0,-0.12133375893328541,True,False,1179,215
2015-08-31 00:00:00+00:00,9552540.113113165,9552540.113113165,0.0,0.0,0.0,0.0,0,-0.12133375893328541,True,False,1179,215
2015-09-01 00:00:00+00:00,9552540.113113165,9552540.113113165,0.0,0.0,0.0,0.0,0,-0.12133375893328541,True,False,1179,215
2015-09-02 00:00:00+00:00,9552540.113113165,9552540.113113165,0.0,0.0,0.0,0.0,0,-0.12133375893328541,True,False,1182,215
2015-09-03 00:00:00+00:00,9552540.113113165,9552540.113113165,0.0,0.0,0.0,0.0,0,-0.12133375893328541,True,False,1182,215
2015-09-04 00:00:00+00:00,9552540.113113165,9552540.113113165,0.0,0.0,0.0,0.0,0,-0.12133375893328541,True,False,1182,215
2015-09-07 00:00:00+00:00,9552540.113113165,9552540.113113165,0.0,0.0,0.0,0.0,0,-0.12133375893328541,True,False,1185,215
2015-09-08 00:00:00+00:00,9552540.113113165,9552540.113113165,0.0,0.0,0.0,0.0,0,-0.12133375893328541,True,False,1186,215
2015-09-09 00:00:00+00:00,9552540.113113165,9552540.113113165,0.0,0.0,0.0,0.0,0,-0.12133375893328541,True,False,1186,215
2015-09-10 00:00:00+00:00,9552540.113113165,9552540.113113165,0.0,0.0,0.0,0.0,0,-0.12133375893328541,True,False,1186,215
2015-09-11 00:00:00+00:00,9552540.113113165,9552540.113113165,0.0,0.0,0.0,0.0,0,-0.12133375893328541,True,False,1186,215
2015-09-14 00:00:00+00:00,9552540.113113165,9552540.113113165,0.0,0.0,0.0,0.0,0,-0.12133375893328541,True,False,1186,215
2015-09-15 00:00:00+00:00,9552540.113113165,9552540.113113165,0.0,0.0,0.0,0.0,0,-0.12133375893328541,True,False,1186,215
2015-09-16 00:00:00+00:00,9552540.113113165,9552540.113113165,0.0,0.0,0.0,0.0,0,-0.12133375893328541,True,False,1186,215
2015-09-17 00:00:00+00:00,9552540.113113165,9552540.113113165,0.0,0.0,0.0,0.0,0,-0.12133375893328541,True,False,1186,215
2015-09-18 00:00:00+00:00,9552540.113113165,9552540.113113165,0.0,0.0,0.0,0.0,0,-0.12133375893328541,True,False,1186,215
2015-09-21 00:00:00+00:00,9552540.113113165,9552540.113113165,0.0,0.0,0.0,0.0,0,-0.12133375893328541,True,False,1186,215
2015-09-22 00:00:00+00:00,9552540.113113165,9552540.113113165,0.0,0.0,0.0,0.0,0,-0.12133375893328541,True,False,1187,215
2015-09-23 00:00:00+00:00,9552540.113113165,9552540.113113165,0.0,0.0,0.0,0.0,0,-0.12133375893328541,True,False,1187,215
2015-09-24 00:00:00+00:00,9552540.113113165,9552540.113113165,0.0,0.0,0.0,0.0,0,-0.12133375893328541,True,False,1187,215
2015-09-25 00:00:00+00:00,9552540.113113165,9552540.113113165,0.0,0.0,0.0,0.0,0,-0.12133375893328541,True,False,1187,215
2015-09-28 00:00:00+00:00,9552540.113113165,9552540.113113165,0.0,0.0,0.0,0.0,0,-0.12133375893328541,True,False,1187,215
2015-09-29 00:00:00+00:00,9552540.113113165,9552540.113113165,0.0,0.0,0.0,0.0,0,-0.12133375893328541,True,False,1187,215
2015-09-30 00:00:00+00:00,9552540.113113165,9552540.113113165,0.0,0.0,0.0,0.0,0,-0.12133375893328541,True,False,1187,215
2015-10-01 00:00:00+00:00,9552540.113113165,9552540.113113165,0.0,0.0,0.0,0.0,0,-0.12133375893328541,True,False,1187,215
2015-10-02 00:00:00+00:00,9552540.113113165,9552540.113113165,0.0,0.0,0.0,0.0,0,-0.12133375893328541,True,False,1187,215
2015-10-05 00:00:00+00:00,9552540.113113165,9552540.113113165,0.0,0.0,0.0,0.0,0,-0.12133375893328541,True,False,1187,215
2015-10-06 00:00:00+00:00,9552540.113113165,9552540.113113165,0.0,0.0,0.0,0.0,0,-0.12133375893328541,True,False,1187,215
2015-10-07 00:00:00+00:00,9552540.113113165,9552540.113113165,0.0,0.0,0.0,0.0,0,-0.12133375893328541,True,False,1188,215
2015-10-08 00:00:00+00:00,9552540.113113165,9552540.113113165,0.0,0.0,0.0,0.0,0,-0.12133375893328541,True,False,1188,215
2015-10-09 00:00:00+00:00,9552540.113113165,9552540.113113165,0.0,0.0,0.0,0.0,0,-0.12133375893328541,True,False,1188,215
2015-10-12 00:00:00+00:00,9552540.113113165,9552540.113113165,0.0,0.0,0.0,0.0,0,-0.12133375893328541,True,False,1188,215
2015-10-13 00:00:00+00:00,9552540.113113165,9552540.113113165,0.0,0.0,0.0,0.0,0,-0.12133375893328541,True,False,1188,215
2015-10-14 00:00:00+00:00,9552540.113113165,9552540.113113165,0.0,0.0,0.0,0.0,0,-0.12133375893328541,True,False,1188,215
2015-10-15 00:00:00+00:00,9552540.113113165,9552540.113113165,0.0,0.0,0.0,0.0,0,-0.12133375893328541,True,False,1188,215
2015-10-16 00:00:00+00:00,9552540.113113165,9552540.113113165,0.0,0.0,0.0,0.0,0,-0.12133375893328541,True,False,1188,215
2015-10-19 00:00:00+00:00,9552540.113113165,9552540.113113165,0.0,0.0,0.0,0.0,0,-0.12133375893328541,True,False,1188,215
2015-10-20 00:00:00+00:00,9552540.113113165,9552540.113113165,0.0,0.0,0.0,0.0,0,-0.12133375893328541,True,False,1188,215
2015-10-21 00:00:00+00:00,9552540.113113165,9552540.113113165,0.0,0.0,0.0,0.0,0,-0.12133375893328541,True,False,1188,215
2015-10-22 00:00:00+00:00,9552540.113113165,9552540.113113165,0.0,0.0,0.0,0.0,0,-0.12133375893328541,True,False,1188,215
2015-10-23 00:00:00+00:00,9552540.113113165,9552540.113113165,0.0,0.0,0.0,0.0,0,-0.12133375893328541,True,False,1189,215
2015-10-26 00:00:00+00:00,9552540.113113165,9552540.113113165,0.0,0.0,0.0,0.0,0,-0.12133375893328541,True,False,1189,215
2015-10-27 00:00:00+00:00,9552540.113113165,9552540.113113165,0.0,0.0,0.0,0.0,0,-0.12133375893328541,True,False,1189,215
2015-10-28 00:00:00+00:00,9552540.113113165,9552540.113113165,0.0,0.0,0.0,0.0,0,-0.12133375893328541,True,False,1189,215
2015-10-29 00:00:00+00:00,9552540.113113165,9552540.113113165,0.0,0.0,0.0,0.0,0,-0.12133375893328541,True,False,1189,215
2015-10-30 00:00:00+00:00,9552540.113113165,9552540.113113165,0.0,0.0,0.0,0.0,0,-0.12133375893328541,True,False,1189,215
2015-11-02 00:00:00+00:00,9552540.113113165,9552540.113113165,0.0,0.0,0.0,0.0,0,-0.12133375893328541,True,False,1189,215
2015-11-03 00:00:00+00:00,9552540.113113165,9552540.113113165,0.0,0.0,0.0,0.0,0,-0.12133375893328541,True,False,1189,215
2015-11-04 00:00:00+00:00,9552540.113113165,9552540.113113165,0.0,0.0,0.0,0.0,0,-0.12133375893328541,True,False,1189,215
2015-11-05 00:00:00+00:00,9552540.113113165,9552540.113113165,0.0,0.0,0.0,0.0,0,-0.12133375893328541,True,False,1189,215
2015-11-06 00:00:00+00:00,9552540.113113165,9552540.113113165,0.0,0.0,0.0,0.0,0,-0.12133375893328541,True,False,1195,215
2015-11-09 00:00:00+00:00,9552540.113113165,9552540.113113165,0.0,0.0,0.0,0.0,0,-0.12133375893328541,True,False,1197,215
2015-11-10 00:00:00+00:00,9552540.113113165,9552540.113113165,0.0,0.0,0.0,0.0,0,-0.12133375893328541,True,False,1206,215
2015-11-11 00:00:00+00:00,9552540.113113165,9552540.113113165,0.0,0.0,0.0,0.0,0,-0.12133375893328541,True,False,1206,215
2015-11-12 00:00:00+00:00,9552540.113113165,9552540.113113165,0.0,0.0,0.0,0.0,0,-0.12133375893328541,True,False,1206,215
2015-11-13 00:00:00+00:00,9552540.113113165,9552540.113113165,0.0,0.0,0.0,0.0,0,-0.12133375893328541,True,False,1212,215
2015-11-16 00:00:00+00:00,9552540.113113165,9552540.113113165,0.0,0.0,0.0,0.0,0,-0.12133375893328541,True,False,1214,215
2015-11-17 00:00:00+00:00,9552540.113113165,9552540.113113165,0.0,0.0,0.0,0.0,0,-0.12133375893328541,True,False,1214,215
2015-11-18 00:00:00+00:00,9552540.113113165,9552540.113113165,0.0,0.0,0.0,0.0,0,-0.12133375893328541,True,False,1216,215
2015-11-19 00:00:00+00:00,9552540.113113165,9552540.113113165,0.0,0.0,0.0,0.0,0,-0.12133375893328541,True,False,1216,215
2015-11-20 00:00:00+00:00,9552540.113113165,9552540.113113165,0.0,0.0,0.0,0.0,0,-0.12133375893328541,True,False,1216,215
2015-11-23 00:00:00+00:00,9552540.113113165,9552540.113113165,0.0,0.0,0.0,0.0,0,-0.12133375893328541,True,False,1217,215
2015-11-24 00:00:00+00:00,9552540.113113165,9552540.113113165,0.0,0.0,0.0,0.0,0,-0.12133375893328541,True,False,1217,215
2015-11-25 00:00:00+00:00,9552540.113113165,9552540.113113165,0.0,0.0,0.0,0.0,0,-0.12133375893328541,True,False,1217,215
2015-11-26 00:00:00+00:00,9552540.113113165,9552540.113113165,0.0,0.0,0.0,0.0,0,-0.12133375893328541,True,False,1217,215
2015-11-27 00:00:00+00:00,9552540.113113165,9552540.113113165,0.0,0.0,0.0,0.0,0,-0.12133375893328541,True,False,1217,215
2015-11-30 00:00:00+00:00,9552540.113113165,9552540.113113165,0.0,0.0,0.0,0.0,0,-0.12133375893328541,True,False,1218,215
2015-12-01 00:00:00+00:00,9552540.113113165,9552540.113113165,0.0,0.0,0.0,0.0,0,-0.12133375893328541,True,False,1219,215
2015-12-02 00:00:00+00:00,9552540.113113165,9552540.113113165,0.0,0.0,0.0,0.0,0,-0.12133375893328541,True,False,1219,215
2015-12-03 00:00:00+00:00,9552540.113113165,9552540.113113165,0.0,0.0,0.0,0.0,0,-0.12133375893328541,True,False,1219,215
2015-12-04 00:00:00+00:00,9552540.113113165,9552540.113113165,0.0,0.0,0.0,0.0,0,-0.12133375893328541,True,False,1220,215
2015-12-07 00:00:00+00:00,9552540.113113165,9552540.113113165,0.0,0.0,0.0,0.0,0,-0.12133375893328541,True,False,1221,215
2015-12-08 00:00:00+00:00,9552540.113113165,9552540.113113165,0.0,0.0,0.0,0.0,0,-0.12133375893328541,True,False,1224,215
2015-12-09 00:00:00+00:00,9552540.113113165,9552540.113113165,0.0,0.0,0.0,0.0,0,-0.12133375893328541,True,False,1230,215
2015-12-10 00:00:00+00:00,9552540.113113165,9552540.113113165,0.0,0.0,0.0,0.0,0,-0.12133375893328541,True,False,1231,215
2015-12-11 00:00:00+00:00,9552540.113113165,9552540.113113165,0.0,0.0,0.0,0.0,0,-0.12133375893328541,True,False,1233,215
2015-12-14 00:00:00+00:00,9552540.113113165,9552540.113113165,0.0,0.0,0.0,0.0,0,-0.12133375893328541,True,False,1236,215
2015-12-15 00:00:00+00:00,9552540.113113165,9552540.113113165,0.0,0.0,0.0,0.0,0,-0.12133375893328541,True,False,1236,215
2015-12-16 00:00:00+00:00,9552540.113113165,9552540.113113165,0.0,0.0,0.0,0.0,0,-0.12133375893328541,True,False,1236,215
2015-12-17 00:00:00+00:00,9552540.113113165,9552540.113113165,0.0,0.0,0.0,0.0,0,-0.12133375893328541,True,False,1236,215
2015-12-18 00:00:00+00:00,9552540.113113165,9552540.113113165,0.0,0.0,0.0,0.0,0,-0.12133375893328541,True,False,1236,215
2015-12-21 00:00:00+00:00,9552540.113113165,9552540.113113165,0.0,0.0,0.0,0.0,0,-0.12133375893328541,True,False,1236,215
2015-12-22 00:00:00+00:00,9552540.113113165,9552540.113113165,0.0,0.0,0.0,0.0,0,-0.12133375893328541,True,False,1236,215
2015-12-23 00:00:00+00:00,9552540.113113165,9552540.113113165,0.0,0.0,0.0,0.0,0,-0.12133375893328541,True,False,1236,215
2015-12-24 00:00:00+00:00,9552540.113113165,9552540.113113165,0.0,0.0,0.0,0.0,0,-0.12133375893328541,True,False,1236,215
2015-12-28 00:00:00+00:00,9552540.113113165,9552540.113113165,0.0,0.0,0.0,0.0,0,-0.12133375893328541,True,False,1236,215
2015-12-29 00:00:00+00:00,9552540.113113165,9552540.113113165,0.0,0.0,0.0,0.0,0,-0.12133375893328541,True,False,1236,215
2015-12-30 00:00:00+00:00,9552540.113113165,9552540.113113165,0.0,0.0,0.0,0.0,0,-0.12133375893328541,True,False,1236,215
2015-12-31 00:00:00+00:00,9552540.113113165,9552540.113113165,0.0,0.0,0.0,0.0,0,-0.12133375893328541,True,False,1236,215
2016-01-01 00:00:00+00:00,9552540.113113165,9552540.113113165,0.0,0.0,0.0,0.0,0,-0.12133375893328541,True,False,1236,215
2016-01-04 00:00:00+00:00,9552540.113113165,9552540.113113165,0.0,0.0,0.0,0.0,0,-0.12133375893328541,True,False,1237,215
2016-01-05 00:00:00+00:00,9552540.113113165,9552540.113113165,0.0,0.0,0.0,0.0,0,-0.12133375893328541,True,False,1237,215
2016-01-06 00:00:00+00:00,9552540.113113165,9552540.113113165,0.0,0.0,0.0,0.0,0,-0.12133375893328541,True,False,1238,215
2016-01-07 00:00:00+00:00,9552540.113113165,9552540.113113165,0.0,0.0,0.0,0.0,0,-0.12133375893328541,True,False,1242,215
2016-01-08 00:00:00+00:00,9552540.113113165,9552540.113113165,0.0,0.0,0.0,0.0,0,-0.12133375893328541,True,False,1242,215
2016-01-11 00:00:00+00:00,9552540.113113165,9552540.113113165,0.0,0.0,0.0,0.0,0,-0.12133375893328541,True,False,1246,215
2016-01-12 00:00:00+00:00,9552540.113113165,9552540.113113165,0.0,0.0,0.0,0.0,0,-0.12133375893328541,True,False,1247,215
2016-01-13 00:00:00+00:00,9552540.113113165,9552540.113113165,0.0,0.0,0.0,0.0,0,-0.12133375893328541,True,False,1247,215
2016-01-14 00:00:00+00:00,9552540.113113165,9552540.113113165,0.0,0.0,0.0,0.0,0,-0.12133375893328541,True,False,1247,215
2016-01-15 00:00:00+00:00,9552540.113113165,9552540.113113165,0.0,0.0,0.0,0.0,0,-0.12133375893328541,True,False,1250,215
2016-01-18 00:00:00+00:00,9552540.113113165,9552540.113113165,0.0,0.0,0.0,0.0,0,-0.12133375893328541,True,False,1251,215
2016-01-19 00:00:00+00:00,9552540.113113165,9552540.113113165,0.0,0.0,0.0,0.0,0,-0.12133375893328541,True,False,1251,215
2016-01-20 00:00:00+00:00,9552540.113113165,9552540.113113165,0.0,0.0,0.0,0.0,0,-0.12133375893328541,True,False,1257,215
2016-01-21 00:00:00+00:00,9552540.113113165,9552540.113113165,0.0,0.0,0.0,0.0,0,-0.12133375893328541,True,False,1261,215
2016-01-22 00:00:00+00:00,9552540.113113165,9552540.113113165,0.0,0.0,0.0,0.0,0,-0.12133375893328541,True,False,1261,215
2016-01-25 00:00:00+00:00,9552540.113113165,9552540.113113165,0.0,0.0,0.0,0.0,0,-0.12133375893328541,True,False,1261,215
2016-01-26 00:00:00+00:00,9552540.113113165,9552540.113113165,0.0,0.0,0.0,0.0,0,-0.12133375893328541,True,False,1261,215
2016-01-27 00:00:00+00:00,9552540.113113165,9552540.113113165,0.0,0.0,0.0,0.0,0,-0.12133375893328541,True,False,1261,215
2016-01-28 00:00:00+00:00,9552540.113113165,9552540.113113165,0.0,0.0,0.0,0.0,0,-0.12133375893328541,True,False,1261,215
2016-01-29 00:00:00+00:00,9552540.113113165,9552540.113113165,0.0,0.0,0.0,0.0,0,-0.12133375893328541,True,False,1261,215
2016-02-01 00:00:00+00:00,9552540.113113165,9552540.113113165,0.0,0.0,0.0,0.0,0,-0.12133375893328541,True,False,1261,215
2016-02-02 00:00:00+00:00,9552540.113113165,9552540.113113165,0.0,0.0,0.0,0.0,0,-0.12133375893328541,True,False,1263,215
2016-02-03 00:00:00+00:00,9552540.113113165,9552540.113113165,0.0,0.0,0.0,0.0,0,-0.12133375893328541,True,False,1263,215
2016-02-04 00:00:00+00:00,9552540.113113165,9552540.113113165,0.0,0.0,0.0,0.0,0,-0.12133375893328541,True,False,1265,215
2016-02-05 00:00:00+00:00,9552540.113113165,9552540.113113165,0.0,0.0,0.0,0.0,0,-0.12133375893328541,True,False,1265,215
2016-02-08 00:00:00+00:00,9552540.113113165,9552540.113113165,0.0,0.0,0.0,0.0,0,-0.12133375893328541,True,False,1265,215
2016-02-09 00:00:00+00:00,9552540.113113165,9552540.113113165,0.0,0.0,0.0,0.0,0,-0.12133375893328541,True,False,1265,215
2016-02-10 00:00:00+00:00,9552540.113113165,9552540.113113165,0.0,0.0,0.0,0.0,0,-0.12133375893328541,True,False,1266,215
2016-02-11 00:00:00+00:00,9552540.113113165,9552540.113113165,0.0,0.0,0.0,0.0,0,-0.12133375893328541,True,False,1280,215
2016-02-12 00:00:00+00:00,9552540.113113165,9552540.113113165,0.0,0.0,0.0,0.0,0,-0.12133375893328541,True,False,1287,215
2016-02-15 00:00:00+00:00,9552540.113113165,9552540.113113165,0.0,0.0,0.0,0.0,0,-0.12133375893328541,True,False,1287,215
2016-02-16 00:00:00+00:00,9552540.113113165,9552540.113113165,0.0,0.0,0.0,0.0,0,-0.12133375893328541,True,False,1287,215
2016-02-17 00:00:00+00:00,9552540.113113165,9552540.113113165,0.0,0.0,0.0,0.0,0,-0.12133375893328541,True,False,1287,215
2016-02-18 00:00:00+00:00,9552540.113113165,9552540.113113165,0.0,0.0,0.0,0.0,0,-0.12133375893328541,True,False,1287,215
2016-02-19 00:00:00+00:00,9552540.113113165,9552540.113113165,0.0,0.0,0.0,0.0,0,-0.12133375893328541,True,False,1287,215
2016-02-22 00:00:00+00:00,9552540.113113165,9552540.113113165,0.0,0.0,0.0,0.0,0,-0.12133375893328541,True,False,1287,215
2016-02-23 00:00:00+00:00,9552540.113113165,9552540.113113165,0.0,0.0,0.0,0.0,0,-0.12133375893328541,True,False,1288,215
2016-02-24 00:00:00+00:00,9552540.113113165,9552540.113113165,0.0,0.0,0.0,0.0,0,-0.12133375893328541,True,False,1288,215
2016-02-25 00:00:00+00:00,9552540.113113165,9552540.113113165,0.0,0.0,0.0,0.0,0,-0.12133375893328541,True,False,1288,215
2016-02-26 00:00:00+00:00,9552540.113113165,9552540.113113165,0.0,0.0,0.0,0.0,0,-0.12133375893328541,True,False,1288,215
2016-02-29 00:00:00+00:00,9552540.113113165,9552540.113113165,0.0,0.0,0.0,0.0,0,-0.12133375893328541,True,False,1288,215
2016-03-01 00:00:00+00:00,9552540.113113165,9552540.113113165,0.0,0.0,0.0,0.0,0,-0.12133375893328541,True,False,1288,215
2016-03-02 00:00:00+00:00,9552540.113113165,9552540.113113165,0.0,0.0,0.0,0.0,0,-0.12133375893328541,True,False,1288,215
2016-03-03 00:00:00+00:00,9552540.113113165,9552540.113113165,0.0,0.0,0.0,0.0,0,-0.12133375893328541,True,False,1288,215
2016-03-04 00:00:00+00:00,9552540.113113165,9552540.113113165,0.0,0.0,0.0,0.0,0,-0.12133375893328541,True,False,1288,215
2016-03-07 00:00:00+00:00,9552540.113113165,9552540.113113165,0.0,0.0,0.0,0.0,0,-0.12133375893328541,True,False,1288,215
2016-03-08 00:00:00+00:00,9552540.113113165,9552540.113113165,0.0,0.0,0.0,0.0,0,-0.12133375893328541,True,False,1288,215
2016-03-09 00:00:00+00:00,9552540.113113165,9552540.113113165,0.0,0.0,0.0,0.0,0,-0.12133375893328541,True,False,1288,215
2016-03-10 00:00:00+00:00,9552540.113113165,9552540.113113165,0.0,0.0,0.0,0.0,0,-0.12133375893328541,True,False,1288,215
2016-03-11 00:00:00+00:00,9552540.113113165,9552540.113113165,0.0,0.0,0.0,0.0,0,-0.12133375893328541,True,False,1288,215
2016-03-14 00:00:00+00:00,9552540.113113165,9552540.113113165,0.0,0.0,0.0,0.0,0,-0.12133375893328541,True,False,1288,215
2016-03-15 00:00:00+00:00,9552540.113113165,9552540.113113165,0.0,0.0,0.0,0.0,0,-0.12133375893328541,True,False,1288,215
2016-03-16 00:00:00+00:00,9552540.113113165,9552540.113113165,0.0,0.0,0.0,0.0,0,-0.12133375893328541,True,False,1288,215
2016-03-17 00:00:00+00:00,9552540.113113165,9552540.113113165,0.0,0.0,0.0,0.0,0,-0.12133375893328541,True,False,1288,215
2016-03-18 00:00:00+00:00,9552540.113113165,9552540.113113165,0.0,0.0,0.0,0.0,0,-0.12133375893328541,True,False,1288,215
2016-03-21 00:00:00+00:00,9552540.113113165,9552540.113113165,0.0,0.0,0.0,0.0,0,-0.12133375893328541,True,False,1288,215
2016-03-22 00:00:00+00:00,9552540.113113165,9552540.113113165,0.0,0.0,0.0,0.0,0,-0.12133375893328541,True,False,1288,215
2016-03-23 00:00:00+00:00,9552540.113113165,9552540.113113165,0.0,0.0,0.0,0.0,0,-0.12133375893328541,True,False,1288,215
2016-03-24 00:00:00+00:00,9552540.113113165,9552540.113113165,0.0,0.0,0.0,0.0,0,-0.12133375893328541,True,False,1288,215
2016-03-28 00:00:00+00:00,9552540.113113165,9552540.113113165,0.0,0.0,0.0,0.0,0,-0.12133375893328541,True,False,1288,215
2016-03-29 00:00:00+00:00,9552540.113113165,9552540.113113165,0.0,0.0,0.0,0.0,0,-0.12133375893328541,True,False,1289,215
2016-03-30 00:00:00+00:00,9552540.113113165,9552540.113113165,0.0,0.0,0.0,0.0,0,-0.12133375893328541,True,False,1289,215
2016-03-31 00:00:00+00:00,9552540.113113165,9552540.113113165,0.0,0.0,0.0,0.0,0,-0.12133375893328541,True,False,1289,215
2016-04-01 00:00:00+00:00,9552540.113113165,9552540.113113165,0.0,0.0,0.0,0.0,0,-0.12133375893328541,True,False,1289,215
2016-04-04 00:00:00+00:00,9552540.113113165,9552540.113113165,0.0,0.0,0.0,0.0,0,-0.12133375893328541,True,False,1289,215
2016-04-05 00:00:00+00:00,9552540.113113165,9552540.113113165,0.0,0.0,0.0,0.0,0,-0.12133375893328541,True,False,1289,215
2016-04-06 00:00:00+00:00,9552540.113113165,9552540.113113165,0.0,0.0,0.0,0.0,0,-0.12133375893328541,True,False,1289,215
2016-04-07 00:00:00+00:00,9552540.113113165,9552540.113113165,0.0,0.0,0.0,0.0,0,-0.12133375893328541,True,False,1290,215
2016-04-08 00:00:00+00:00,9552540.113113165,9552540.113113165,0.0,0.0,0.0,0.0,0,-0.12133375893328541,True,False,1290,215
2016-04-11 00:00:00+00:00,9552540.113113165,9552540.113113165,0.0,0.0,0.0,0.0,0,-0.12133375893328541,True,False,1290,215
2016-04-12 00:00:00+00:00,9552540.113113165,9552540.113113165,0.0,0.0,0.0,0.0,0,-0.12133375893328541,True,False,1290,215
2016-04-13 00:00:00+00:00,9552540.113113165,9552540.113113165,0.0,0.0,0.0,0.0,0,-0.12133375893328541,True,False,1290,215
2016-04-14 00:00:00+00:00,9552540.113113165,9552540.113113165,0.0,0.0,0.0,0.0,0,-0.12133375893328541,True,False,1290,215
2016-04-15 00:00:00+00:00,9552540.113113165,9552540.113113165,0.0,0.0,0.0,0.0,0,-0.12133375893328541,True,False,1290,215
2016-04-18 00:00:00+00:00,9552540.113113165,9552540.113113165,0.0,0.0,0.0,0.0,0,-0.12133375893328541,True,False,1290,215
2016-04-19 00:00:00+00:00,9552540.113113165,9552540.113113165,0.0,0.0,0.0,0.0,0,-0.12133375893328541,True,False,1290,215
2016-04-20 00:00:00+00:00,9552540.113113165,9552540.113113165,0.0,0.0,0.0,0.0,0,-0.12133375893328541,True,False,1290,215
2016-04-21 00:00:00+00:00,9552540.113113165,9552540.113113165,0.0,0.0,0.0,0.0,0,-0.12133375893328541,True,False,1290,215
2016-04-22 00:00:00+00:00,9552540.113113165,9552540.113113165,0.0,0.0,0.0,0.0,0,-0.12133375893328541,True,False,1290,215
2016-04-25 00:00:00+00:00,9552540.113113165,9552540.113113165,0.0,0.0,0.0,0.0,0,-0.12133375893328541,True,False,1290,215
2016-04-26 00:00:00+00:00,9552540.113113165,9552540.113113165,0.0,0.0,0.0,0.0,0,-0.12133375893328541,True,False,1290,215
2016-04-27 00:00:00+00:00,9552540.113113165,9552540.113113165,0.0,0.0,0.0,0.0,0,-0.12133375893328541,True,False,1290,215
2016-04-28 00:00:00+00:00,9552540.113113165,9552540.113113165,0.0,0.0,0.0,0.0,0,-0.12133375893328541,True,False,1290,215
2016-04-29 00:00:00+00:00,9552540.113113165,9552540.113113165,0.0,0.0,0.0,0.0,0,-0.12133375893328541,True,False,1292,215
2016-05-02 00:00:00+00:00,9552540.113113165,9552540.113113165,0.0,0.0,0.0,0.0,0,-0.12133375893328541,True,False,1292,215
2016-05-03 00:00:00+00:00,9552540.113113165,9552540.113113165,0.0,0.0,0.0,0.0,0,-0.12133375893328541,True,False,1292,215
2016-05-04 00:00:00+00:00,9552540.113113165,9552540.113113165,0.0,0.0,0.0,0.0,0,-0.12133375893328541,True,False,1292,215
2016-05-05 00:00:00+00:00,9552540.113113165,9552540.113113165,0.0,0.0,0.0,0.0,0,-0.12133375893328541,True,False,1293,215
2016-05-06 00:00:00+00:00,9552540.113113165,9552540.113113165,0.0,0.0,0.0,0.0,0,-0.12133375893328541,True,False,1294,215
2016-05-09 00:00:00+00:00,9552540.113113165,9552540.113113165,0.0,0.0,0.0,0.0,0,-0.12133375893328541,True,False,1294,215
2016-05-10 00:00:00+00:00,9552540.113113165,9552540.113113165,0.0,0.0,0.0,0.0,0,-0.12133375893328541,True,False,1294,215
2016-05-11 00:00:00+00:00,9552540.113113165,9552540.113113165,0.0,0.0,0.0,0.0,0,-0.12133375893328541,True,False,1294,215
2016-05-12 00:00:00+00:00,9552540.113113165,9552540.113113165,0.0,0.0,0.0,0.0,0,-0.12133375893328541,True,False,1294,215
2016-05-13 00:00:00+00:00,9552540.113113165,9552540.113113165,0.0,0.0,0.0,0.0,0,-0.12133375893328541,True,False,1294,215
2016-05-16 00:00:00+00:00,9552540.113113165,9552540.113113165,0.0,0.0,0.0,0.0,0,-0.12133375893328541,True,False,1294,215
2016-05-17 00:00:00+00:00,9552540.113113165,9552540.113113165,0.0,0.0,0.0,0.0,0,-0.12133375893328541,True,False,1294,215
2016-05-18 00:00:00+00:00,9552540.113113165,9552540.113113165,0.0,0.0,0.0,0.0,0,-0.12133375893328541,True,False,1294,215
2016-05-19 00:00:00+00:00,9552540.113113165,9552540.113113165,0.0,0.0,0.0,0.0,0,-0.12133375893328541,True,False,1294,215
2016-05-20 00:00:00+00:00,9552540.113113165,9552540.113113165,0.0,0.0,0.0,0.0,0,-0.12133375893328541,True,False,1298,215
2016-05-23 00:00:00+00:00,9552540.113113165,9552540.113113165,0.0,0.0,0.0,0.0,0,-0.12133375893328541,True,False,1298,215
2016-05-24 00:00:00+00:00,9552540.113113165,9552540.113113165,0.0,0.0,0.0,0.0,0,-0.12133375893328541,True,False,1300,215
2016-05-25 00:00:00+00:00,9552540.113113165,9552540.113113165,0.0,0.0,0.0,0.0,0,-0.12133375893328541,True,False,1300,215
2016-05-26 00:00:00+00:00,9552540.113113165,9552540.113113165,0.0,0.0,0.0,0.0,0,-0.12133375893328541,True,False,1300,215
2016-05-27 00:00:00+00:00,9552540.113113165,9552540.113113165,0.0,0.0,0.0,0.0,0,-0.12133375893328541,True,False,1300,215
2016-05-30 00:00:00+00:00,9552540.113113165,9552540.113113165,0.0,0.0,0.0,0.0,0,-0.12133375893328541,True,False,1301,215
2016-05-31 00:00:00+00:00,9552540.113113165,9552540.113113165,0.0,0.0,0.0,0.0,0,-0.12133375893328541,True,False,1301,215
2016-06-01 00:00:00+00:00,9552540.113113165,9552540.113113165,0.0,0.0,0.0,0.0,0,-0.12133375893328541,True,False,1301,215
2016-06-02 00:00:00+00:00,9552540.113113165,9552540.113113165,0.0,0.0,0.0,0.0,0,-0.12133375893328541,True,False,1301,215
2016-06-03 00:00:00+00:00,9552540.113113165,9552540.113113165,0.0,0.0,0.0,0.0,0,-0.12133375893328541,True,False,1301,215
2016-06-06 00:00:00+00:00,9552540.113113165,9552540.113113165,0.0,0.0,0.0,0.0,0,-0.12133375893328541,True,False,1302,215
2016-06-07 00:00:00+00:00,9552540.113113165,9552540.113113165,0.0,0.0,0.0,0.0,0,-0.12133375893328541,True,False,1302,215
2016-06-08 00:00:00+00:00,9552540.113113165,9552540.113113165,0.0,0.0,0.0,0.0,0,-0.12133375893328541,True,False,1302,215
2016-06-09 00:00:00+00:00,9552540.113113165,9552540.113113165,0.0,0.0,0.0,0.0,0,-0.12133375893328541,True,False,1302,215
2016-06-10 00:00:00+00:00,9552540.113113165,9552540.113113165,0.0,0.0,0.0,0.0,0,-0.12133375893328541,True,False,1302,215
2016-06-13 00:00:00+00:00,9552540.113113165,9552540.113113165,0.0,0.0,0.0,0.0,0,-0.12133375893328541,True,False,1302,215
2016-06-14 00:00:00+00:00,9552540.113113165,9552540.113113165,0.0,0.0,0.0,0.0,0,-0.12133375893328541,True,False,1302,215
2016-06-15 00:00:00+00:00,9552540.113113165,9552540.113113165,0.0,0.0,0.0,0.0,0,-0.12133375893328541,True,False,1302,215
2016-06-16 00:00:00+00:00,9552540.113113165,9552540.113113165,0.0,0.0,0.0,0.0,0,-0.12133375893328541,True,False,1302,215
2016-06-17 00:00:00+00:00,9552540.113113165,9552540.113113165,0.0,0.0,0.0,0.0,0,-0.12133375893328541,True,False,1303,215
2016-06-20 00:00:00+00:00,9552540.113113165,9552540.113113165,0.0,0.0,0.0,0.0,0,-0.12133375893328541,True,False,1303,215
2016-06-21 00:00:00+00:00,9552540.113113165,9552540.113113165,0.0,0.0,0.0,0.0,0,-0.12133375893328541,True,False,1304,215
2016-06-22 00:00:00+00:00,9552540.113113165,9552540.113113165,0.0,0.0,0.0,0.0,0,-0.12133375893328541,True,False,1304,215
2016-06-23 00:00:00+00:00,9552540.113113165,9552540.113113165,0.0,0.0,0.0,0.0,0,-0.12133375893328541,True,False,1304,215
2016-06-24 00:00:00+00:00,9552540.113113165,9552540.113113165,0.0,0.0,0.0,0.0,0,-0.12133375893328541,True,False,1304,215
2016-06-27 00:00:00+00:00,9552540.113113165,9552540.113113165,0.0,0.0,0.0,0.0,0,-0.12133375893328541,True,False,1304,215
2016-06-28 00:00:00+00:00,9552540.113113165,9552540.113113165,0.0,0.0,0.0,0.0,0,-0.12133375893328541,True,False,1305,215
2016-06-29 00:00:00+00:00,9552540.113113165,9552540.113113165,0.0,0.0,0.0,0.0,0,-0.12133375893328541,True,False,1305,215
2016-06-30 00:00:00+00:00,9552540.113113165,9552540.113113165,0.0,0.0,0.0,0.0,0,-0.12133375893328541,True,False,1306,215
2016-07-01 00:00:00+00:00,9552540.113113165,9552540.113113165,0.0,0.0,0.0,0.0,0,-0.12133375893328541,True,False,1306,215
2016-07-04 00:00:00+00:00,9552540.113113165,9552540.113113165,0.0,0.0,0.0,0.0,0,-0.12133375893328541,True,False,1306,215
2016-07-05 00:00:00+00:00,9552540.113113165,9552540.113113165,0.0,0.0,0.0,0.0,0,-0.12133375893328541,True,False,1306,215
2016-07-06 00:00:00+00:00,9552540.113113165,9552540.113113165,0.0,0.0,0.0,0.0,0,-0.12133375893328541,True,False,1306,215
2016-07-07 00:00:00+00:00,9552540.113113165,9552540.113113165,0.0,0.0,0.0,0.0,0,-0.12133375893328541,True,False,1307,215
2016-07-08 00:00:00+00:00,9552540.113113165,9552540.113113165,0.0,0.0,0.0,0.0,0,-0.12133375893328541,True,False,1307,215
2016-07-11 00:00:00+00:00,9552540.113113165,9552540.113113165,0.0,0.0,0.0,0.0,0,-0.12133375893328541,True,False,1307,215
2016-07-12 00:00:00+00:00,9552540.113113165,9552540.113113165,0.0,0.0,0.0,0.0,0,-0.12133375893328541,True,False,1307,215
2016-07-13 00:00:00+00:00,9552540.113113165,9552540.113113165,0.0,0.0,0.0,0.0,0,-0.12133375893328541,True,False,1307,215
2016-07-14 00:00:00+00:00,9552540.113113165,9552540.113113165,0.0,0.0,0.0,0.0,0,-0.12133375893328541,True,False,1307,215
2016-07-15 00:00:00+00:00,9552540.113113165,9552540.113113165,0.0,0.0,0.0,0.0,0,-0.12133375893328541,True,False,1308,215
2016-07-18 00:00:00+00:00,9552540.113113165,9552540.113113165,0.0,0.0,0.0,0.0,0,-0.12133375893328541,True,False,1308,215
2016-07-19 00:00:00+00:00,9552540.113113165,9552540.113113165,0.0,0.0,0.0,0.0,0,-0.12133375893328541,True,False,1308,215
2016-07-20 00:00:00+00:00,9552540.113113165,9552540.113113165,0.0,0.0,0.0,0.0,0,-0.12133375893328541,True,False,1308,215
2016-07-21 00:00:00+00:00,9552540.113113165,9552540.113113165,0.0,0.0,0.0,0.0,0,-0.12133375893328541,True,False,1308,215
2016-07-22 00:00:00+00:00,9552540.113113165,9552540.113113165,0.0,0.0,0.0,0.0,0,-0.12133375893328541,True,False,1308,215
2016-07-25 00:00:00+00:00,9552540.113113165,9552540.113113165,0.0,0.0,0.0,0.0,0,-0.12133375893328541,True,False,1308,215
2016-07-26 00:00:00+00:00,9552540.113113165,9552540.113113165,0.0,0.0,0.0,0.0,0,-0.12133375893328541,True,False,1308,215
2016-07-27 00:00:00+00:00,9552540.113113165,9552540.113113165,0.0,0.0,0.0,0.0,0,-0.12133375893328541,True,False,1308,215
2016-07-28 00:00:00+00:00,9552540.113113165,9552540.113113165,0.0,0.0,0.0,0.0,0,-0.12133375893328541,True,False,1308,215
2016-07-29 00:00:00+00:00,9552540.113113165,9552540.113113165,0.0,0.0,0.0,0.0,0,-0.12133375893328541,True,False,1308,215
2016-08-01 00:00:00+00:00,9552540.113113165,9552540.113113165,0.0,0.0,0.0,0.0,0,-0.12133375893328541,True,False,1308,215
2016-08-02 00:00:00+00:00,9552540.113113165,9552540.113113165,0.0,0.0,0.0,0.0,0,-0.12133375893328541,True,False,1310,215
2016-08-03 00:00:00+00:00,9552540.113113165,9552540.113113165,0.0,0.0,0.0,0.0,0,-0.12133375893328541,True,False,1310,215
2016-08-04 00:00:00+00:00,9552540.113113165,9552540.113113165,0.0,0.0,0.0,0.0,0,-0.12133375893328541,True,False,1310,215
2016-08-05 00:00:00+00:00,9552540.113113165,9552540.113113165,0.0,0.0,0.0,0.0,0,-0.12133375893328541,True,False,1310,215
2016-08-08 00:00:00+00:00,9552540.113113165,9552540.113113165,0.0,0.0,0.0,0.0,0,-0.12133375893328541,True,False,1310,215
2016-08-09 00:00:00+00:00,9552540.113113165,9552540.113113165,0.0,0.0,0.0,0.0,0,-0.12133375893328541,True,False,1311,215
2016-08-10 00:00:00+00:00,9552540.113113165,9552540.113113165,0.0,0.0,0.0,0.0,0,-0.12133375893328541,True,False,1311,215
2016-08-11 00:00:00+00:00,9552540.113113165,9552540.113113165,0.0,0.0,0.0,0.0,0,-0.12133375893328541,True,False,1311,215
2016-08-12 00:00:00+00:00,9552540.113113165,9552540.113113165,0.0,0.0,0.0,0.0,0,-0.12133375893328541,True,False,1312,215
2016-08-15 00:00:00+00:00,9552540.113113165,9552540.113113165,0.0,0.0,0.0,0.0,0,-0.12133375893328541,True,False,1312,215
2016-08-16 00:00:00+00:00,9552540.113113165,9552540.113113165,0.0,0.0,0.0,0.0,0,-0.12133375893328541,True,False,1312,215
2016-08-17 00:00:00+00:00,9552540.113113165,9552540.113113165,0.0,0.0,0.0,0.0,0,-0.12133375893328541,True,False,1313,215
2016-08-18 00:00:00+00:00,9552540.113113165,9552540.113113165,0.0,0.0,0.0,0.0,0,-0.12133375893328541,True,False,1313,215
2016-08-19 00:00:00+00:00,9552540.113113165,9552540.113113165,0.0,0.0,0.0,0.0,0,-0.12133375893328541,True,False,1313,215
2016-08-22 00:00:00+00:00,9552540.113113165,9552540.113113165,0.0,0.0,0.0,0.0,0,-0.12133375893328541,True,False,1313,215
2016-08-23 00:00:00+00:00,9552540.113113165,9552540.113113165,0.0,0.0,0.0,0.0,0,-0.12133375893328541,True,False,1313,215
2016-08-24 00:00:00+00:00,9552540.113113165,9552540.113113165,0.0,0.0,0.0,0.0,0,-0.12133375893328541,True,False,1314,215
2016-08-25 00:00:00+00:00,9552540.113113165,9552540.113113165,0.0,0.0,0.0,0.0,0,-0.12133375893328541,True,False,1314,215
2016-08-26 00:00:00+00:00,9552540.113113165,9552540.113113165,0.0,0.0,0.0,0.0,0,-0.12133375893328541,True,False,1316,215
2016-08-29 00:00:00+00:00,9552540.113113165,9552540.113113165,0.0,0.0,0.0,0.0,0,-0.12133375893328541,True,False,1318,215
2016-08-30 00:00:00+00:00,9552540.113113165,9552540.113113165,0.0,0.0,0.0,0.0,0,-0.12133375893328541,True,False,1319,215
2016-08-31 00:00:00+00:00,9552540.113113165,9552540.113113165,0.0,0.0,0.0,0.0,0,-0.12133375893328541,True,False,1321,215
2016-09-01 00:00:00+00:00,9552540.113113165,9552540.113113165,0.0,0.0,0.0,0.0,0,-0.12133375893328541,True,False,1321,215
2016-09-02 00:00:00+00:00,9552540.113113165,9552540.113113165,0.0,0.0,0.0,0.0,0,-0.12133375893328541,True,False,1321,215
2016-09-06 00:00:00+00:00,9552540.113113165,9552540.113113165,0.0,0.0,0.0,0.0,0,-0.12133375893328541,True,False,1321,215
2016-09-07 00:00:00+00:00,9552540.113113165,9552540.113113165,0.0,0.0,0.0,0.0,0,-0.12133375893328541,True,False,1321,215
2016-09-08 00:00:00+00:00,9552540.113113165,9552540.113113165,0.0,0.0,0.0,0.0,0,-0.12133375893328541,True,False,1322,215
2016-09-09 00:00:00+00:00,9552540.113113165,9552540.113113165,0.0,0.0,0.0,0.0,0,-0.12133375893328541,True,False,1322,215
2016-09-12 00:00:00+00:00,9552540.113113165,9552540.113113165,0.0,0.0,0.0,0.0,0,-0.12133375893328541,True,False,1322,215
2016-09-13 00:00:00+00:00,9552540.113113165,9552540.113113165,0.0,0.0,0.0,0.0,0,-0.12133375893328541,True,False,1322,215
2016-09-14 00:00:00+00:00,9552540.113113165,9552540.113113165,0.0,0.0,0.0,0.0,0,-0.12133375893328541,True,False,1324,215
2016-09-15 00:00:00+00:00,9552540.113113165,9552540.113113165,0.0,0.0,0.0,0.0,0,-0.12133375893328541,True,False,1324,215
2016-09-16 00:00:00+00:00,9552540.113113165,9552540.113113165,0.0,0.0,0.0,0.0,0,-0.12133375893328541,True,False,1324,215
2016-09-19 00:00:00+00:00,9552540.113113165,9552540.113113165,0.0,0.0,0.0,0.0,0,-0.12133375893328541,True,False,1324,215
2016-09-20 00:00:00+00:00,9552540.113113165,9552540.113113165,0.0,0.0,0.0,0.0,0,-0.12133375893328541,True,False,1324,215
2016-09-21 00:00:00+00:00,9552540.113113165,9552540.113113165,0.0,0.0,0.0,0.0,0,-0.12133375893328541,True,False,1324,215
2016-09-22 00:00:00+00:00,9552540.113113165,9552540.113113165,0.0,0.0,0.0,0.0,0,-0.12133375893328541,True,False,1324,215
2016-09-23 00:00:00+00:00,9552540.113113165,9552540.113113165,0.0,0.0,0.0,0.0,0,-0.12133375893328541,True,False,1324,215
2016-09-26 00:00:00+00:00,9552540.113113165,9552540.113113165,0.0,0.0,0.0,0.0,0,-0.12133375893328541,True,False,1324,215
2016-09-27 00:00:00+00:00,9552540.113113165,9552540.113113165,0.0,0.0,0.0,0.0,0,-0.12133375893328541,True,False,1324,215
2016-09-28 00:00:00+00:00,9552540.113113165,9552540.113113165,0.0,0.0,0.0,0.0,0,-0.12133375893328541,True,False,1324,215
2016-09-29 00:00:00+00:00,9552540.113113165,9552540.113113165,0.0,0.0,0.0,0.0,0,-0.12133375893328541,True,False,1325,215
2016-09-30 00:00:00+00:00,9552540.113113165,9552540.113113165,0.0,0.0,0.0,0.0,0,-0.12133375893328541,True,False,1326,215
2016-10-03 00:00:00+00:00,9552540.113113165,9552540.113113165,0.0,0.0,0.0,0.0,0,-0.12133375893328541,True,False,1326,215
2016-10-04 00:00:00+00:00,9552540.113113165,9552540.113113165,0.0,0.0,0.0,0.0,0,-0.12133375893328541,True,False,1326,215
2016-10-05 00:00:00+00:00,9552540.113113165,9552540.113113165,0.0,0.0,0.0,0.0,0,-0.12133375893328541,True,False,1326,215
2016-10-06 00:00:00+00:00,9552540.113113165,9552540.113113165,0.0,0.0,0.0,0.0,0,-0.12133375893328541,True,False,1327,215
2016-10-07 00:00:00+00:00,9552540.113113165,9552540.113113165,0.0,0.0,0.0,0.0,0,-0.12133375893328541,True,False,1327,215
2016-10-10 00:00:00+00:00,9552540.113113165,9552540.113113165,0.0,0.0,0.0,0.0,0,-0.12133375893328541,True,False,1327,215
2016-10-11 00:00:00+00:00,9552540.113113165,9552540.113113165,0.0,0.0,0.0,0.0,0,-0.12133375893328541,True,False,1327,215
2016-10-12 00:00:00+00:00,9552540.113113165,9552540.113113165,0.0,0.0,0.0,0.0,0,-0.12133375893328541,True,False,1327,215
2016-10-13 00:00:00+00:00,9552540.113113165,9552540.113113165,0.0,0.0,0.0,0.0,0,-0.12133375893328541,True,False,1331,215
2016-10-14 00:00:00+00:00,9552540.113113165,9552540.113113165,0.0,0.0,0.0,0.0,0,-0.12133375893328541,True,False,1333,215
2016-10-17 00:00:00+00:00,9552540.113113165,9552540.113113165,0.0,0.0,0.0,0.0,0,-0.12133375893328541,True,False,1334,215
2016-10-18 00:00:00+00:00,9552540.113113165,9552540.113113165,0.0,0.0,0.0,0.0,0,-0.12133375893328541,True,False,1334,215
2016-10-19 00:00:00+00:00,9552540.113113165,9552540.113113165,0.0,0.0,0.0,0.0,0,-0.12133375893328541,True,False,1334,215
2016-10-20 00:00:00+00:00,9552540.113113165,9552540.113113165,0.0,0.0,0.0,0.0,0,-0.12133375893328541,True,False,1334,215
2016-10-21 00:00:00+00:00,9552540.113113165,9552540.113113165,0.0,0.0,0.0,0.0,0,-0.12133375893328541,True,False,1334,215
2016-10-24 00:00:00+00:00,9552540.113113165,9552540.113113165,0.0,0.0,0.0,0.0,0,-0.12133375893328541,True,False,1334,215
2016-10-25 00:00:00+00:00,9552540.113113165,9552540.113113165,0.0,0.0,0.0,0.0,0,-0.12133375893328541,True,False,1334,215
2016-10-26 00:00:00+00:00,9552540.113113165,9552540.113113165,0.0,0.0,0.0,0.0,0,-0.12133375893328541,True,False,1335,215
2016-10-27 00:00:00+00:00,9552540.113113165,9552540.113113165,0.0,0.0,0.0,0.0,0,-0.12133375893328541,True,False,1337,215
2016-10-28 00:00:00+00:00,9552540.113113165,9552540.113113165,0.0,0.0,0.0,0.0,0,-0.12133375893328541,True,False,1337,215
2016-10-31 00:00:00+00:00,9552540.113113165,9552540.113113165,0.0,0.0,0.0,0.0,0,-0.12133375893328541,True,False,1337,215
2016-11-01 00:00:00+00:00,9552540.113113165,9552540.113113165,0.0,0.0,0.0,0.0,0,-0.12133375893328541,True,False,1337,215
2016-11-02 00:00:00+00:00,9552540.113113165,9552540.113113165,0.0,0.0,0.0,0.0,0,-0.12133375893328541,True,False,1338,215
2016-11-03 00:00:00+00:00,9552540.113113165,9552540.113113165,0.0,0.0,0.0,0.0,0,-0.12133375893328541,True,False,1341,215
2016-11-04 00:00:00+00:00,9552540.113113165,9552540.113113165,0.0,0.0,0.0,0.0,0,-0.12133375893328541,True,False,1344,215
2016-11-07 00:00:00+00:00,9552540.113113165,9552540.113113165,0.0,0.0,0.0,0.0,0,-0.12133375893328541,True,False,1344,215
2016-11-08 00:00:00+00:00,9552540.113113165,9552540.113113165,0.0,0.0,0.0,0.0,0,-0.12133375893328541,True,False,1345,215
2016-11-09 00:00:00+00:00,9552540.113113165,9552540.113113165,0.0,0.0,0.0,0.0,0,-0.12133375893328541,True,False,1354,215
2016-11-10 00:00:00+00:00,9552540.113113165,9552540.113113165,0.0,0.0,0.0,0.0,0,-0.12133375893328541,True,False,1357,215
2016-11-11 00:00:00+00:00,9552540.113113165,9552540.113113165,0.0,0.0,0.0,0.0,0,-0.12133375893328541,True,False,1362,215
2016-11-14 00:00:00+00:00,9552540.113113165,9552540.113113165,0.0,0.0,0.0,0.0,0,-0.12133375893328541,True,False,1362,215
2016-11-15 00:00:00+00:00,9552540.113113165,9552540.113113165,0.0,0.0,0.0,0.0,0,-0.12133375893328541,True,False,1373,215
2016-11-16 00:00:00+00:00,9552540.113113165,9552540.113113165,0.0,0.0,0.0,0.0,0,-0.12133375893328541,True,False,1375,215
2016-11-17 00:00:00+00:00,9552540.113113165,9552540.113113165,0.0,0.0,0.0,0.0,0,-0.12133375893328541,True,False,1375,215
2016-11-18 00:00:00+00:00,9552540.113113165,9552540.113113165,0.0,0.0,0.0,0.0,0,-0.12133375893328541,True,False,1375,215
2016-11-21 00:00:00+00:00,9552540.113113165,9552540.113113165,0.0,0.0,0.0,0.0,0,-0.12133375893328541,True,False,1375,215
2016-11-22 00:00:00+00:00,9552540.113113165,9552540.113113165,0.0,0.0,0.0,0.0,0,-0.12133375893328541,True,False,1375,215
2016-11-23 00:00:00+00:00,9552540.113113165,9552540.113113165,0.0,0.0,0.0,0.0,0,-0.12133375893328541,True,False,1376,215
2016-11-24 00:00:00+00:00,9552540.113113165,9552540.113113165,0.0,0.0,0.0,0.0,0,-0.12133375893328541,True,False,1377,215
2016-11-25 00:00:00+00:00,9552540.113113165,9552540.113113165,0.0,0.0,0.0,0.0,0,-0.12133375893328541,True,False,1377,215
2016-11-28 00:00:00+00:00,9552540.113113165,9552540.113113165,0.0,0.0,0.0,0.0,0,-0.12133375893328541,True,False,1377,215
2016-11-29 00:00:00+00:00,9552540.113113165,9552540.113113165,0.0,0.0,0.0,0.0,0,-0.12133375893328541,True,False,1377,215
2016-11-30 00:00:00+00:00,9552540.113113165,9552540.113113165,0.0,0.0,0.0,0.0,0,-0.12133375893328541,True,False,1377,215
2016-12-01 00:00:00+00:00,9552540.113113165,9552540.113113165,0.0,0.0,0.0,0.0,0,-0.12133375893328541,True,False,1378,215
2016-12-02 00:00:00+00:00,9552540.113113165,9552540.113113165,0.0,0.0,0.0,0.0,0,-0.12133375893328541,True,False,1378,215
2016-12-05 00:00:00+00:00,9552540.113113165,9552540.113113165,0.0,0.0,0.0,0.0,0,-0.12133375893328541,True,False,1379,215
2016-12-06 00:00:00+00:00,9552540.113113165,9552540.113113165,0.0,0.0,0.0,0.0,0,-0.12133375893328541,True,False,1379,215
2016-12-07 00:00:00+00:00,9552540.113113165,9552540.113113165,0.0,0.0,0.0,0.0,0,-0.12133375893328541,True,False,1379,215
2016-12-08 00:00:00+00:00,9552540.113113165,9552540.113113165,0.0,0.0,0.0,0.0,0,-0.12133375893328541,True,False,1379,215
2016-12-09 00:00:00+00:00,9552540.113113165,9552540.113113165,0.0,0.0,0.0,0.0,0,-0.12133375893328541,True,False,1379,215
2016-12-12 00:00:00+00:00,9552540.113113165,9552540.113113165,0.0,0.0,0.0,0.0,0,-0.12133375893328541,True,False,1379,215
2016-12-13 00:00:00+00:00,9552540.113113165,9552540.113113165,0.0,0.0,0.0,0.0,0,-0.12133375893328541,True,False,1379,215
2016-12-14 00:00:00+00:00,9552540.113113165,9552540.113113165,0.0,0.0,0.0,0.0,0,-0.12133375893328541,True,False,1380,215
2016-12-15 00:00:00+00:00,9552540.113113165,9552540.113113165,0.0,0.0,0.0,0.0,0,-0.12133375893328541,True,False,1382,215
2016-12-16 00:00:00+00:00,9552540.113113165,9552540.113113165,0.0,0.0,0.0,0.0,0,-0.12133375893328541,True,False,1382,215
2016-12-19 00:00:00+00:00,9552540.113113165,9552540.113113165,0.0,0.0,0.0,0.0,0,-0.12133375893328541,True,False,1382,215
2016-12-20 00:00:00+00:00,9552540.113113165,9552540.113113165,0.0,0.0,0.0,0.0,0,-0.12133375893328541,True,False,1382,215
2016-12-21 00:00:00+00:00,9552540.113113165,9552540.113113165,0.0,0.0,0.0,0.0,0,-0.12133375893328541,True,False,1383,215
2016-12-22 00:00:00+00:00,9552540.113113165,9552540.113113165,0.0,0.0,0.0,0.0,0,-0.12133375893328541,True,False,1383,215
2016-12-23 00:00:00+00:00,9552540.113113165,9552540.113113165,0.0,0.0,0.0,0.0,0,-0.12133375893328541,True,False,1385,215
2016-12-26 00:00:00+00:00,9552540.113113165,9552540.113113165,0.0,0.0,0.0,0.0,0,-0.12133375893328541,True,False,1388,215
2016-12-27 00:00:00+00:00,9552540.113113165,9552540.113113165,0.0,0.0,0.0,0.0,0,-0.12133375893328541,True,False,1389,215
2016-12-28 00:00:00+00:00,9552540.113113165,9552540.113113165,0.0,0.0,0.0,0.0,0,-0.12133375893328541,True,False,1389,215
2016-12-29 00:00:00+00:00,9552540.113113165,9552540.113113165,0.0,0.0,0.0,0.0,0,-0.12133375893328541,True,False,1389,215
2016-12-30 00:00:00+00:00,9552540.113113165,9552540.113113165,0.0,0.0,0.0,0.0,0,-0.12133375893328541,True,False,1389,215
2017-01-02 00:00:00+00:00,9552540.113113165,9552540.113113165,0.0,0.0,0.0,0.0,0,-0.12133375893328541,True,False,1389,215
2017-01-03 00:00:00+00:00,9552540.113113165,9552540.113113165,0.0,0.0,0.0,0.0,0,-0.12133375893328541,True,False,1389,215
2017-01-04 00:00:00+00:00,9552540.113113165,9552540.113113165,0.0,0.0,0.0,0.0,0,-0.12133375893328541,True,False,1389,215
2017-01-05 00:00:00+00:00,9552540.113113165,9552540.113113165,0.0,0.0,0.0,0.0,0,-0.12133375893328541,True,False,1389,215
2017-01-06 00:00:00+00:00,9552540.113113165,9552540.113113165,0.0,0.0,0.0,0.0,0,-0.12133375893328541,True,False,1389,215
2017-01-09 00:00:00+00:00,9552540.113113165,9552540.113113165,0.0,0.0,0.0,0.0,0,-0.12133375893328541,True,False,1389,215
2017-01-10 00:00:00+00:00,9552540.113113165,9552540.113113165,0.0,0.0,0.0,0.0,0,-0.12133375893328541,True,False,1389,215
2017-01-11 00:00:00+00:00,9552540.113113165,9552540.113113165,0.0,0.0,0.0,0.0,0,-0.12133375893328541,True,False,1389,215
2017-01-12 00:00:00+00:00,9552540.113113165,9552540.113113165,0.0,0.0,0.0,0.0,0,-0.12133375893328541,True,False,1389,215
2017-01-13 00:00:00+00:00,9552540.113113165,9552540.113113165,0.0,0.0,0.0,0.0,0,-0.12133375893328541,True,False,1389,215
2017-01-16 00:00:00+00:00,9552540.113113165,9552540.113113165,0.0,0.0,0.0,0.0,0,-0.12133375893328541,True,False,1389,215
2017-01-17 00:00:00+00:00,9552540.113113165,9552540.113113165,0.0,0.0,0.0,0.0,0,-0.12133375893328541,True,False,1389,215
2017-01-18 00:00:00+00:00,9552540.113113165,9552540.113113165,0.0,0.0,0.0,0.0,0,-0.12133375893328541,True,False,1389,215
2017-01-19 00:00:00+00:00,9552540.113113165,9552540.113113165,0.0,0.0,0.0,0.0,0,-0.12133375893328541,True,False,1389,215
2017-01-20 00:00:00+00:00,9552540.113113165,9552540.113113165,0.0,0.0,0.0,0.0,0,-0.12133375893328541,True,False,1389,215
2017-01-23 00:00:00+00:00,9552540.113113165,9552540.113113165,0.0,0.0,0.0,0.0,0,-0.12133375893328541,True,False,1389,215
2017-01-24 00:00:00+00:00,9552540.113113165,9552540.113113165,0.0,0.0,0.0,0.0,0,-0.12133375893328541,True,False,1389,215
2017-01-25 00:00:00+00:00,9552540.113113165,9552540.113113165,0.0,0.0,0.0,0.0,0,-0.12133375893328541,True,False,1389,215
2017-01-26 00:00:00+00:00,9552540.113113165,9552540.113113165,0.0,0.0,0.0,0.0,0,-0.12133375893328541,True,False,1389,215
2017-01-27 00:00:00+00:00,9552540.113113165,9552540.113113165,0.0,0.0,0.0,0.0,0,-0.12133375893328541,True,False,1389,215
2017-01-30 00:00:00+00:00,9552540.113113165,9552540.113113165,0.0,0.0,0.0,0.0,0,-0.12133375893328541,True,False,1389,215
2017-01-31 00:00:00+00:00,9552540.113113165,9552540.113113165,0.0,0.0,0.0,0.0,0,-0.12133375893328541,True,False,1389,215
2017-02-01 00:00:00+00:00,9552540.113113165,9552540.113113165,0.0,0.0,0.0,0.0,0,-0.12133375893328541,True,False,1389,215
2017-02-02 00:00:00+00:00,9552540.113113165,9552540.113113165,0.0,0.0,0.0,0.0,0,-0.12133375893328541,True,False,1389,215
2017-02-03 00:00:00+00:00,9552540.113113165,9552540.113113165,0.0,0.0,0.0,0.0,0,-0.12133375893328541,True,False,1389,215
2017-02-06 00:00:00+00:00,9552540.113113165,9552540.113113165,0.0,0.0,0.0,0.0,0,-0.12133375893328541,True,False,1389,215
2017-02-07 00:00:00+00:00,9552540.113113165,9552540.113113165,0.0,0.0,0.0,0.0,0,-0.12133375893328541,True,False,1389,215
2017-02-08 00:00:00+00:00,9552540.113113165,9552540.113113165,0.0,0.0,0.0,0.0,0,-0.12133375893328541,True,False,1389,215
2017-02-09 00:00:00+00:00,9552540.113113165,9552540.113113165,0.0,0.0,0.0,0.0,0,-0.12133375893328541,True,False,1390,215
2017-02-10 00:00:00+00:00,9552540.113113165,9552540.113113165,0.0,0.0,0.0,0.0,0,-0.12133375893328541,True,False,1390,215
2017-02-13 00:00:00+00:00,9552540.113113165,9552540.113113165,0.0,0.0,0.0,0.0,0,-0.12133375893328541,True,False,1390,215
2017-02-14 00:00:00+00:00,9552540.113113165,9552540.113113165,0.0,0.0,0.0,0.0,0,-0.12133375893328541,True,False,1390,215
2017-02-15 00:00:00+00:00,9552540.113113165,9552540.113113165,0.0,0.0,0.0,0.0,0,-0.12133375893328541,True,False,1390,215
2017-02-16 00:00:00+00:00,9552540.113113165,9552540.113113165,0.0,0.0,0.0,0.0,0,-0.12133375893328541,True,False,1390,215
2017-02-17 00:00:00+00:00,9552540.113113165,9552540.113113165,0.0,0.0,0.0,0.0,0,-0.12133375893328541,True,False,1390,215
2017-02-20 00:00:00+00:00,9552540.113113165,9552540.113113165,0.0,0.0,0.0,0.0,0,-0.12133375893328541,True,False,1390,215
2017-02-21 00:00:00+00:00,9552540.113113165,9552540.113113165,0.0,0.0,0.0,0.0,0,-0.12133375893328541,True,False,1391,215
2017-02-22 00:00:00+00:00,9552540.113113165,9552540.113113165,0.0,0.0,0.0,0.0,0,-0.12133375893328541,True,False,1391,215
2017-02-23 00:00:00+00:00,9552540.113113165,9552540.113113165,0.0,0.0,0.0,0.0,0,-0.12133375893328541,True,False,1391,215
2017-02-24 00:00:00+00:00,9552540.113113165,9552540.113113165,0.0,0.0,0.0,0.0,0,-0.12133375893328541,True,False,1391,215
2017-02-27 00:00:00+00:00,9552540.113113165,9552540.113113165,0.0,0.0,0.0,0.0,0,-0.12133375893328541,True,False,1391,215
2017-02-28 00:00:00+00:00,9552540.113113165,9552540.113113165,0.0,0.0,0.0,0.0,0,-0.12133375893328541,True,False,1391,215
2017-03-01 00:00:00+00:00,9552540.113113165,9552540.113113165,0.0,0.0,0.0,0.0,0,-0.12133375893328541,True,False,1391,215
2017-03-02 00:00:00+00:00,9552540.113113165,9552540.113113165,0.0,0.0,0.0,0.0,0,-0.12133375893328541,True,False,1393,215
2017-03-03 00:00:00+00:00,9552540.113113165,9552540.113113165,0.0,0.0,0.0,0.0,0,-0.12133375893328541,True,False,1393,215
2017-03-06 00:00:00+00:00,9552540.113113165,9552540.113113165,0.0,0.0,0.0,0.0,0,-0.12133375893328541,True,False,1393,215
2017-03-07 00:00:00+00:00,9552540.113113165,9552540.113113165,0.0,0.0,0.0,0.0,0,-0.12133375893328541,True,False,1394,215
2017-03-08 00:00:00+00:00,9552540.113113165,9552540.113113165,0.0,0.0,0.0,0.0,0,-0.12133375893328541,True,False,1394,215
2017-03-09 00:00:00+00:00,9552540.113113165,9552540.113113165,0.0,0.0,0.0,0.0,0,-0.12133375893328541,True,False,1396,215
2017-03-10 00:00:00+00:00,9552540.113113165,9552540.113113165,0.0,0.0,0.0,0.0,0,-0.12133375893328541,True,False,1398,215
2017-03-13 00:00:00+00:00,9552540.113113165,9552540.113113165,0.0,0.0,0.0,0.0,0,-0.12133375893328541,True,False,1398,215
2017-03-14 00:00:00+00:00,9552540.113113165,9552540.113113165,0.0,0.0,0.0,0.0,0,-0.12133375893328541,True,False,1398,215
2017-03-15 00:00:00+00:00,9552540.113113165,9552540.113113165,0.0,0.0,0.0,0.0,0,-0.12133375893328541,True,False,1398,215
2017-03-16 00:00:00+00:00,9552540.113113165,9552540.113113165,0.0,0.0,0.0,0.0,0,-0.12133375893328541,True,False,1398,215
2017-03-17 00:00:00+00:00,9552540.113113165,9552540.113113165,0.0,0.0,0.0,0.0,0,-0.12133375893328541,True,False,1399,215
2017-03-20 00:00:00+00:00,9552540.113113165,9552540.113113165,0.0,0.0,0.0,0.0,0,-0.12133375893328541,True,False,1399,215
2017-03-21 00:00:00+00:00,9552540.113113165,9552540.113113165,0.0,0.0,0.0,0.0,0,-0.12133375893328541,True,False,1399,215
2017-03-22 00:00:00+00:00,9552540.113113165,9552540.113113165,0.0,0.0,0.0,0.0,0,-0.12133375893328541,True,False,1399,215
2017-03-23 00:00:00+00:00,9552540.113113165,9552540.113113165,0.0,0.0,0.0,0.0,0,-0.12133375893328541,True,False,1400,215
2017-03-24 00:00:00+00:00,9552540.113113165,9552540.113113165,0.0,0.0,0.0,0.0,0,-0.12133375893328541,True,False,1400,215
2017-03-27 00:00:00+00:00,9552540.113113165,9552540.113113165,0.0,0.0,0.0,0.0,0,-0.12133375893328541,True,False,1400,215
2017-03-28 00:00:00+00:00,9552540.113113165,9552540.113113165,0.0,0.0,0.0,0.0,0,-0.12133375893328541,True,False,1401,215
2017-03-29 00:00:00+00:00,9552540.113113165,9552540.113113165,0.0,0.0,0.0,0.0,0,-0.12133375893328541,True,False,1401,215
2017-03-30 00:00:00+00:00,9552540.113113165,9552540.113113165,0.0,0.0,0.0,0.0,0,-0.12133375893328541,True,False,1402,215
2017-03-31 00:00:00+00:00,9552540.113113165,9552540.113113165,0.0,0.0,0.0,0.0,0,-0.12133375893328541,True,False,1403,215
2017-04-03 00:00:00+00:00,9552540.113113165,9552540.113113165,0.0,0.0,0.0,0.0,0,-0.12133375893328541,True,False,1403,215
2017-04-04 00:00:00+00:00,9552540.113113165,9552540.113113165,0.0,0.0,0.0,0.0,0,-0.12133375893328541,True,False,1403,215
2017-04-05 00:00:00+00:00,9552540.113113165,9552540.113113165,0.0,0.0,0.0,0.0,0,-0.12133375893328541,True,False,1403,215
2017-04-06 00:00:00+00:00,9552540.113113165,9552540.113113165,0.0,0.0,0.0,0.0,0,-0.12133375893328541,True,False,1404,215
2017-04-07 00:00:00+00:00,9552540.113113165,9552540.113113165,0.0,0.0,0.0,0.0,0,-0.12133375893328541,True,False,1404,215
2017-04-10 00:00:00+00:00,9552540.113113165,9552540.113113165,0.0,0.0,0.0,0.0,0,-0.12133375893328541,True,False,1405,215
2017-04-11 00:00:00+00:00,9552540.113113165,9552540.113113165,0.0,0.0,0.0,0.0,0,-0.12133375893328541,True,False,1405,215
2017-04-12 00:00:00+00:00,9552540.113113165,9552540.113113165,0.0,0.0,0.0,0.0,0,-0.12133375893328541,True,False,1405,215
2017-04-13 00:00:00+00:00,9552540.113113165,9552540.113113165,0.0,0.0,0.0,0.0,0,-0.12133375893328541,True,False,1407,215
2017-04-17 00:00:00+00:00,9552540.113113165,9552540.113113165,0.0,0.0,0.0,0.0,0,-0.12133375893328541,True,False,1407,215
2017-04-18 00:00:00+00:00,9552540.113113165,9552540.113113165,0.0,0.0,0.0,0.0,0,-0.12133375893328541,True,False,1407,215
2017-04-19 00:00:00+00:00,9552540.113113165,9552540.113113165,0.0,0.0,0.0,0.0,0,-0.12133375893328541,True,False,1407,215
2017-04-20 00:00:00+00:00,9552540.113113165,9552540.113113165,0.0,0.0,0.0,0.0,0,-0.12133375893328541,True,False,1408,215
2017-04-21 00:00:00+00:00,9552540.113113165,9552540.113113165,0.0,0.0,0.0,0.0,0,-0.12133375893328541,True,False,1410,215
2017-04-24 00:00:00+00:00,9552540.113113165,9552540.113113165,0.0,0.0,0.0,0.0,0,-0.12133375893328541,True,False,1410,215
2017-04-25 00:00:00+00:00,9552540.113113165,9552540.113113165,0.0,0.0,0.0,0.0,0,-0.12133375893328541,True,False,1410,215
2017-04-26 00:00:00+00:00,9552540.113113165,9552540.113113165,0.0,0.0,0.0,0.0,0,-0.12133375893328541,True,False,1410,215
2017-04-27 00:00:00+00:00,9552540.113113165,9552540.113113165,0.0,0.0,0.0,0.0,0,-0.12133375893328541,True,False,1411,215
2017-04-28 00:00:00+00:00,9552540.113113165,9552540.113113165,0.0,0.0,0.0,0.0,0,-0.12133375893328541,True,False,1412,215
2017-05-01 00:00:00+00:00,9552540.113113165,9552540.113113165,0.0,0.0,0.0,0.0,0,-0.12133375893328541,True,False,1412,215
2017-05-02 00:00:00+00:00,9552540.113113165,9552540.113113165,0.0,0.0,0.0,0.0,0,-0.12133375893328541,True,False,1412,215
2017-05-03 00:00:00+00:00,9552540.113113165,9552540.113113165,0.0,0.0,0.0,0.0,0,-0.12133375893328541,True,False,1412,215
2017-05-04 00:00:00+00:00,9552540.113113165,9552540.113113165,0.0,0.0,0.0,0.0,0,-0.12133375893328541,True,False,1413,215
2017-05-05 00:00:00+00:00,9552540.113113165,9552540.113113165,0.0,0.0,0.0,0.0,0,-0.12133375893328541,True,False,1414,215
2017-05-08 00:00:00+00:00,9552540.113113165,9552540.113113165,0.0,0.0,0.0,0.0,0,-0.12133375893328541,True,False,1414,215
2017-05-09 00:00:00+00:00,9552540.113113165,9552540.113113165,0.0,0.0,0.0,0.0,0,-0.12133375893328541,True,False,1414,215
2017-05-10 00:00:00+00:00,9552540.113113165,9552540.113113165,0.0,0.0,0.0,0.0,0,-0.12133375893328541,True,False,1415,215
2017-05-11 00:00:00+00:00,9552540.113113165,9552540.113113165,0.0,0.0,0.0,0.0,0,-0.12133375893328541,True,False,1415,215
2017-05-12 00:00:00+00:00,9552540.113113165,9552540.113113165,0.0,0.0,0.0,0.0,0,-0.12133375893328541,True,False,1415,215
2017-05-15 00:00:00+00:00,9552540.113113165,9552540.113113165,0.0,0.0,0.0,0.0,0,-0.12133375893328541,True,False,1415,215
2017-05-16 00:00:00+00:00,9552540.113113165,9552540.113113165,0.0,0.0,0.0,0.0,0,-0.12133375893328541,True,False,1415,215
2017-05-17 00:00:00+00:00,9552540.113113165,9552540.113113165,0.0,0.0,0.0,0.0,0,-0.12133375893328541,True,False,1415,215
2017-05-18 00:00:00+00:00,9552540.113113165,9552540.113113165,0.0,0.0,0.0,0.0,0,-0.12133375893328541,True,False,1416,215
2017-05-19 00:00:00+00:00,9552540.113113165,9552540.113113165,0.0,0.0,0.0,0.0,0,-0.12133375893328541,True,False,1416,215
2017-05-22 00:00:00+00:00,9552540.113113165,9552540.113113165,0.0,0.0,0.0,0.0,0,-0.12133375893328541,True,False,1417,215
2017-05-23 00:00:00+00:00,9552540.113113165,9552540.113113165,0.0,0.0,0.0,0.0,0,-0.12133375893328541,True,False,1421,215
2017-05-24 00:00:00+00:00,9552540.113113165,9552540.113113165,0.0,0.0,0.0,0.0,0,-0.12133375893328541,True,False,1423,215
2017-05-25 00:00:00+00:00,9552540.113113165,9552540.113113165,0.0,0.0,0.0,0.0,0,-0.12133375893328541,True,False,1424,215
2017-05-26 00:00:00+00:00,9552540.113113165,9552540.113113165,0.0,0.0,0.0,0.0,0,-0.12133375893328541,True,False,1424,215
2017-05-29 00:00:00+00:00,9552540.113113165,9552540.113113165,0.0,0.0,0.0,0.0,0,-0.12133375893328541,True,False,1426,215
2017-05-30 00:00:00+00:00,9552540.113113165,9552540.113113165,0.0,0.0,0.0,0.0,0,-0.12133375893328541,True,False,1426,215
2017-05-31 00:00:00+00:00,9552540.113113165,9552540.113113165,0.0,0.0,0.0,0.0,0,-0.12133375893328541,True,False,1426,215
2017-06-01 00:00:00+00:00,9552540.113113165,9552540.113113165,0.0,0.0,0.0,0.0,0,-0.12133375893328541,True,False,1426,215
2017-06-02 00:00:00+00:00,9552540.113113165,9552540.113113165,0.0,0.0,0.0,0.0,0,-0.12133375893328541,True,False,1426,215
2017-06-05 00:00:00+00:00,9552540.113113165,9552540.113113165,0.0,0.0,0.0,0.0,0,-0.12133375893328541,True,False,1426,215
2017-06-06 00:00:00+00:00,9552540.113113165,9552540.113113165,0.0,0.0,0.0,0.0,0,-0.12133375893328541,True,False,1426,215
2017-06-07 00:00:00+00:00,9552540.113113165,9552540.113113165,0.0,0.0,0.0,0.0,0,-0.12133375893328541,True,False,1426,215
2017-06-08 00:00:00+00:00,9552540.113113165,9552540.113113165,0.0,0.0,0.0,0.0,0,-0.12133375893328541,True,False,1426,215
2017-06-09 00:00:00+00:00,9552540.113113165,9552540.113113165,0.0,0.0,0.0,0.0,0,-0.12133375893328541,True,False,1426,215
2017-06-12 00:00:00+00:00,9552540.113113165,9552540.113113165,0.0,0.0,0.0,0.0,0,-0.12133375893328541,True,False,1426,215
2017-06-13 00:00:00+00:00,9552540.113113165,9552540.113113165,0.0,0.0,0.0,0.0,0,-0.12133375893328541,True,False,1426,215
2017-06-14 00:00:00+00:00,9552540.113113165,9552540.113113165,0.0,0.0,0.0,0.0,0,-0.12133375893328541,True,False,1426,215
2017-06-15 00:00:00+00:00,9552540.113113165,9552540.113113165,0.0,0.0,0.0,0.0,0,-0.12133375893328541,True,False,1426,215
2017-06-16 00:00:00+00:00,9552540.113113165,9552540.113113165,0.0,0.0,0.0,0.0,0,-0.12133375893328541,True,False,1426,215
2017-06-19 00:00:00+00:00,9552540.113113165,9552540.113113165,0.0,0.0,0.0,0.0,0,-0.12133375893328541,True,False,1426,215
2017-06-20 00:00:00+00:00,9552540.113113165,9552540.113113165,0.0,0.0,0.0,0.0,0,-0.12133375893328541,True,False,1426,215
2017-06-21 00:00:00+00:00,9552540.113113165,9552540.113113165,0.0,0.0,0.0,0.0,0,-0.12133375893328541,True,False,1426,215
2017-06-22 00:00:00+00:00,9552540.113113165,9552540.113113165,0.0,0.0,0.0,0.0,0,-0.12133375893328541,True,False,1430,215
2017-06-23 00:00:00+00:00,9552540.113113165,9552540.113113165,0.0,0.0,0.0,0.0,0,-0.12133375893328541,True,False,1430,215
2017-06-26 00:00:00+00:00,9552540.113113165,9552540.113113165,0.0,0.0,0.0,0.0,0,-0.12133375893328541,True,False,1430,215
2017-06-27 00:00:00+00:00,9552540.113113165,9552540.113113165,0.0,0.0,0.0,0.0,0,-0.12133375893328541,True,False,1431,215
2017-06-28 00:00:00+00:00,9552540.113113165,9552540.113113165,0.0,0.0,0.0,0.0,0,-0.12133375893328541,True,False,1431,215
2017-06-29 00:00:00+00:00,9552540.113113165,9552540.113113165,0.0,0.0,0.0,0.0,0,-0.12133375893328541,True,False,1432,215
2017-06-30 00:00:00+00:00,9552540.113113165,9552540.113113165,0.0,0.0,0.0,0.0,0,-0.12133375893328541,True,False,1432,215
2017-07-03 00:00:00+00:00,9552540.113113165,9552540.113113165,0.0,0.0,0.0,0.0,0,-0.12133375893328541,True,False,1432,215
2017-07-04 00:00:00+00:00,9552540.113113165,9552540.113113165,0.0,0.0,0.0,0.0,0,-0.12133375893328541,True,False,1432,215
2017-07-05 00:00:00+00:00,9552540.113113165,9552540.113113165,0.0,0.0,0.0,0.0,0,-0.12133375893328541,True,False,1433,215
2017-07-06 00:00:00+00:00,9552540.113113165,9552540.113113165,0.0,0.0,0.0,0.0,0,-0.12133375893328541,True,False,1433,215
2017-07-07 00:00:00+00:00,9552540.113113165,9552540.113113165,0.0,0.0,0.0,0.0,0,-0.12133375893328541,True,False,1433,215
2017-07-10 00:00:00+00:00,9552540.113113165,9552540.113113165,0.0,0.0,0.0,0.0,0,-0.12133375893328541,True,False,1433,215
2017-07-11 00:00:00+00:00,9552540.113113165,9552540.113113165,0.0,0.0,0.0,0.0,0,-0.12133375893328541,True,False,1433,215
2017-07-12 00:00:00+00:00,9552540.113113165,9552540.113113165,0.0,0.0,0.0,0.0,0,-0.12133375893328541,True,False,1433,215
2017-07-13 00:00:00+00:00,9552540.113113165,9552540.113113165,0.0,0.0,0.0,0.0,0,-0.12133375893328541,True,False,1433,215
2017-07-14 00:00:00+00:00,9552540.113113165,9552540.113113165,0.0,0.0,0.0,0.0,0,-0.12133375893328541,True,False,1433,215
2017-07-17 00:00:00+00:00,9552540.113113165,9552540.113113165,0.0,0.0,0.0,0.0,0,-0.12133375893328541,True,False,1433,215
2017-07-18 00:00:00+00:00,9552540.113113165,9552540.113113165,0.0,0.0,0.0,0.0,0,-0.12133375893328541,True,False,1433,215
2017-07-19 00:00:00+00:00,9552540.113113165,9552540.113113165,0.0,0.0,0.0,0.0,0,-0.12133375893328541,True,False,1433,215
2017-07-20 00:00:00+00:00,9552540.113113165,9552540.113113165,0.0,0.0,0.0,0.0,0,-0.12133375893328541,True,False,1433,215
2017-07-21 00:00:00+00:00,9552540.113113165,9552540.113113165,0.0,0.0,0.0,0.0,0,-0.12133375893328541,True,False,1433,215
2017-07-24 00:00:00+00:00,9552540.113113165,9552540.113113165,0.0,0.0,0.0,0.0,0,-0.12133375893328541,True,False,1433,215
2017-07-25 00:00:00+00:00,9552540.113113165,9552540.113113165,0.0,0.0,0.0,0.0,0,-0.12133375893328541,True,False,1433,215
2017-07-26 00:00:00+00:00,9552540.113113165,9552540.113113165,0.0,0.0,0.0,0.0,0,-0.12133375893328541,True,False,1433,215
2017-07-27 00:00:00+00:00,9552540.113113165,9552540.113113165,0.0,0.0,0.0,0.0,0,-0.12133375893328541,True,False,1433,215
2017-07-28 00:00:00+00:00,9552540.113113165,9552540.113113165,0.0,0.0,0.0,0.0,0,-0.12133375893328541,True,False,1434,215
2017-07-31 00:00:00+00:00,9552540.113113165,9552540.113113165,0.0,0.0,0.0,0.0,0,-0.12133375893328541,True,False,1434,215
2017-08-01 00:00:00+00:00,9552540.113113165,9552540.113113165,0.0,0.0,0.0,0.0,0,-0.12133375893328541,True,False,1434,215
2017-08-02 00:00:00+00:00,9552540.113113165,9552540.113113165,0.0,0.0,0.0,0.0,0,-0.12133375893328541,True,False,1435,215
2017-08-03 00:00:00+00:00,9552540.113113165,9552540.113113165,0.0,0.0,0.0,0.0,0,-0.12133375893328541,True,False,1435,215
2017-08-04 00:00:00+00:00,9552540.113113165,9552540.113113165,0.0,0.0,0.0,0.0,0,-0.12133375893328541,True,False,1435,215
2017-08-07 00:00:00+00:00,9552540.113113165,9552540.113113165,0.0,0.0,0.0,0.0,0,-0.12133375893328541,True,False,1436,215
2017-08-08 00:00:00+00:00,9552540.113113165,9552540.113113165,0.0,0.0,0.0,0.0,0,-0.12133375893328541,True,False,1438,215
2017-08-09 00:00:00+00:00,9552540.113113165,9552540.113113165,0.0,0.0,0.0,0.0,0,-0.12133375893328541,True,False,1440,215
2017-08-10 00:00:00+00:00,9552540.113113165,9552540.113113165,0.0,0.0,0.0,0.0,0,-0.12133375893328541,True,False,1441,215
2017-08-11 00:00:00+00:00,9552540.113113165,9552540.113113165,0.0,0.0,0.0,0.0,0,-0.12133375893328541,True,False,1442,215
2017-08-14 00:00:00+00:00,9552540.113113165,9552540.113113165,0.0,0.0,0.0,0.0,0,-0.12133375893328541,True,False,1442,215
2017-08-15 00:00:00+00:00,9552540.113113165,9552540.113113165,0.0,0.0,0.0,0.0,0,-0.12133375893328541,True,False,1442,215
2017-08-16 00:00:00+00:00,9552540.113113165,9552540.113113165,0.0,0.0,0.0,0.0,0,-0.12133375893328541,True,False,1443,215
2017-08-17 00:00:00+00:00,9552540.113113165,9552540.113113165,0.0,0.0,0.0,0.0,0,-0.12133375893328541,True,False,1443,215
2017-08-18 00:00:00+00:00,9552540.113113165,9552540.113113165,0.0,0.0,0.0,0.0,0,-0.12133375893328541,True,False,1443,215
2017-08-21 00:00:00+00:00,9552540.113113165,9552540.113113165,0.0,0.0,0.0,0.0,0,-0.12133375893328541,True,False,1443,215
2017-08-22 00:00:00+00:00,9552540.113113165,9552540.113113165,0.0,0.0,0.0,0.0,0,-0.12133375893328541,True,False,1443,215
2017-08-23 00:00:00+00:00,9552540.113113165,9552540.113113165,0.0,0.0,0.0,0.0,0,-0.12133375893328541,True,False,1443,215
2017-08-24 00:00:00+00:00,9552540.113113165,9552540.113113165,0.0,0.0,0.0,0.0,0,-0.12133375893328541,True,False,1443,215
2017-08-25 00:00:00+00:00,9552540.113113165,9552540.113113165,0.0,0.0,0.0,0.0,0,-0.12133375893328541,True,False,1443,215
2017-08-28 00:00:00+00:00,9552540.113113165,9552540.113113165,0.0,0.0,0.0,0.0,0,-0.12133375893328541,True,False,1443,215
2017-08-29 00:00:00+00:00,9552540.113113165,9552540.113113165,0.0,0.0,0.0,0.0,0,-0.12133375893328541,True,False,1443,215
2017-08-30 00:00:00+00:00,9552540.113113165,9552540.113113165,0.0,0.0,0.0,0.0,0,-0.12133375893328541,True,False,1443,215
2017-08-31 00:00:00+00:00,9552540.113113165,9552540.113113165,0.0,0.0,0.0,0.0,0,-0.12133375893328541,True,False,1443,215
2017-09-01 00:00:00+00:00,9552540.113113165,9552540.113113165,0.0,0.0,0.0,0.0,0,-0.12133375893328541,True,False,1443,215
2017-09-04 00:00:00+00:00,9552540.113113165,9552540.113113165,0.0,0.0,0.0,0.0,0,-0.12133375893328541,True,False,1444,215
2017-09-05 00:00:00+00:00,9552540.113113165,9552540.113113165,0.0,0.0,0.0,0.0,0,-0.12133375893328541,True,False,1444,215
2017-09-06 00:00:00+00:00,9552540.113113165,9552540.113113165,0.0,0.0,0.0,0.0,0,-0.12133375893328541,True,False,1444,215
2017-09-07 00:00:00+00:00,9552540.113113165,9552540.113113165,0.0,0.0,0.0,0.0,0,-0.12133375893328541,True,False,1445,215
2017-09-08 00:00:00+00:00,9552540.113113165,9552540.113113165,0.0,0.0,0.0,0.0,0,-0.12133375893328541,True,False,1445,215
2017-09-11 00:00:00+00:00,9552540.113113165,9552540.113113165,0.0,0.0,0.0,0.0,0,-0.12133375893328541,True,False,1445,215
2017-09-12 00:00:00+00:00,9552540.113113165,9552540.113113165,0.0,0.0,0.0,0.0,0,-0.12133375893328541,True,False,1445,215
2017-09-13 00:00:00+00:00,9552540.113113165,9552540.113113165,0.0,0.0,0.0,0.0,0,-0.12133375893328541,True,False,1445,215
2017-09-14 00:00:00+00:00,9552540.113113165,9552540.113113165,0.0,0.0,0.0,0.0,0,-0.12133375893328541,True,False,1445,215
2017-09-15 00:00:00+00:00,9552540.113113165,9552540.113113165,0.0,0.0,0.0,0.0,0,-0.12133375893328541,True,False,1445,215
2017-09-18 00:00:00+00:00,9552540.113113165,9552540.113113165,0.0,0.0,0.0,0.0,0,-0.12133375893328541,True,False,1445,215
2017-09-19 00:00:00+00:00,9552540.113113165,9552540.113113165,0.0,0.0,0.0,0.0,0,-0.12133375893328541,True,False,1446,215
2017-09-20 00:00:00+00:00,9552540.113113165,9552540.113113165,0.0,0.0,0.0,0.0,0,-0.12133375893328541,True,False,1446,215
2017-09-21 00:00:00+00:00,9552540.113113165,9552540.113113165,0.0,0.0,0.0,0.0,0,-0.12133375893328541,True,False,1446,215
2017-09-22 00:00:00+00:00,9552540.113113165,9552540.113113165,0.0,0.0,0.0,0.0,0,-0.12133375893328541,True,False,1447,215
2017-09-25 00:00:00+00:00,9552540.113113165,9552540.113113165,0.0,0.0,0.0,0.0,0,-0.12133375893328541,True,False,1448,215
2017-09-26 00:00:00+00:00,9552540.113113165,9552540.113113165,0.0,0.0,0.0,0.0,0,-0.12133375893328541,True,False,1448,215
2017-09-27 00:00:00+00:00,9552540.113113165,9552540.113113165,0.0,0.0,0.0,0.0,0,-0.12133375893328541,True,False,1450,215
2017-09-28 00:00:00+00:00,9552540.113113165,9552540.113113165,0.0,0.0,0.0,0.0,0,-0.12133375893328541,True,False,1450,215
2017-09-29 00:00:00+00:00,9552540.113113165,9552540.113113165,0.0,0.0,0.0,0.0,0,-0.12133375893328541,True,False,1450,215
2017-10-02 00:00:00+00:00,9552540.113113165,9552540.113113165,0.0,0.0,0.0,0.0,0,-0.12133375893328541,True,False,1450,215
2017-10-03 00:00:00+00:00,9552540.113113165,9552540.113113165,0.0,0.0,0.0,0.0,0,-0.12133375893328541,True,False,1450,215
2017-10-04 00:00:00+00:00,9552540.113113165,9552540.113113165,0.0,0.0,0.0,0.0,0,-0.12133375893328541,True,False,1450,215
2017-10-05 00:00:00+00:00,9552540.113113165,9552540.113113165,0.0,0.0,0.0,0.0,0,-0.12133375893328541,True,False,1450,215
2017-10-06 00:00:00+00:00,9552540.113113165,9552540.113113165,0.0,0.0,0.0,0.0,0,-0.12133375893328541,True,False,1450,215
2017-10-09 00:00:00+00:00,9552540.113113165,9552540.113113165,0.0,0.0,0.0,0.0,0,-0.12133375893328541,True,False,1450,215
2017-10-10 00:00:00+00:00,9552540.113113165,9552540.113113165,0.0,0.0,0.0,0.0,0,-0.12133375893328541,True,False,1450,215
2017-10-11 00:00:00+00:00,9552540.113113165,9552540.113113165,0.0,0.0,0.0,0.0,0,-0.12133375893328541,True,False,1450,215
2017-10-12 00:00:00+00:00,9552540.113113165,9552540.113113165,0.0,0.0,0.0,0.0,0,-0.12133375893328541,True,False,1450,215
2017-10-13 00:00:00+00:00,9552540.113113165,9552540.113113165,0.0,0.0,0.0,0.0,0,-0.12133375893328541,True,False,1450,215
2017-10-16 00:00:00+00:00,9552540.113113165,9552540.113113165,0.0,0.0,0.0,0.0,0,-0.12133375893328541,True,False,1450,215
2017-10-17 00:00:00+00:00,9552540.113113165,9552540.113113165,0.0,0.0,0.0,0.0,0,-0.12133375893328541,True,False,1450,215
2017-10-18 00:00:00+00:00,9552540.113113165,9552540.113113165,0.0,0.0,0.0,0.0,0,-0.12133375893328541,True,False,1451,215
2017-10-19 00:00:00+00:00,9552540.113113165,9552540.113113165,0.0,0.0,0.0,0.0,0,-0.12133375893328541,True,False,1452,215
2017-10-20 00:00:00+00:00,9552540.113113165,9552540.113113165,0.0,0.0,0.0,0.0,0,-0.12133375893328541,True,False,1452,215
2017-10-23 00:00:00+00:00,9552540.113113165,9552540.113113165,0.0,0.0,0.0,0.0,0,-0.12133375893328541,True,False,1452,215
2017-10-24 00:00:00+00:00,9552540.113113165,9552540.113113165,0.0,0.0,0.0,0.0,0,-0.12133375893328541,True,False,1452,215
2017-10-25 00:00:00+00:00,9552540.113113165,9552540.113113165,0.0,0.0,0.0,0.0,0,-0.12133375893328541,True,False,1454,215
2017-10-26 00:00:00+00:00,9552540.113113165,9552540.113113165,0.0,0.0,0.0,0.0,0,-0.12133375893328541,True,False,1454,215
2017-10-27 00:00:00+00:00,9552540.113113165,9552540.113113165,0.0,0.0,0.0,0.0,0,-0.12133375893328541,True,False,1454,215
2017-10-30 00:00:00+00:00,9552540.113113165,9552540.113113165,0.0,0.0,0.0,0.0,0,-0.12133375893328541,True,False,1454,215
2017-10-31 00:00:00+00:00,9552540.113113165,9552540.113113165,0.0,0.0,0.0,0.0,0,-0.12133375893328541,True,False,1455,215
2017-11-01 00:00:00+00:00,9552540.113113165,9552540.113113165,0.0,0.0,0.0,0.0,0,-0.12133375893328541,True,False,1455,215
2017-11-02 00:00:00+00:00,9552540.113113165,9552540.113113165,0.0,0.0,0.0,0.0,0,-0.12133375893328541,True,False,1455,215
2017-11-03 00:00:00+00:00,9552540.113113165,9552540.113113165,0.0,0.0,0.0,0.0,0,-0.12133375893328541,True,False,1455,215
2017-11-06 00:00:00+00:00,9552540.113113165,9552540.113113165,0.0,0.0,0.0,0.0,0,-0.12133375893328541,True,False,1455,215
2017-11-07 00:00:00+00:00,9552540.113113165,9552540.113113165,0.0,0.0,0.0,0.0,0,-0.12133375893328541,True,False,1455,215
2017-11-08 00:00:00+00:00,9552540.113113165,9552540.113113165,0.0,0.0,0.0,0.0,0,-0.12133375893328541,True,False,1456,215
2017-11-09 00:00:00+00:00,9552540.113113165,9552540.113113165,0.0,0.0,0.0,0.0,0,-0.12133375893328541,True,False,1456,215
2017-11-10 00:00:00+00:00,9552540.113113165,9552540.113113165,0.0,0.0,0.0,0.0,0,-0.12133375893328541,True,False,1456,215
2017-11-13 00:00:00+00:00,9552540.113113165,9552540.113113165,0.0,0.0,0.0,0.0,0,-0.12133375893328541,True,False,1456,215
2017-11-14 00:00:00+00:00,9552540.113113165,9552540.113113165,0.0,0.0,0.0,0.0,0,-0.12133375893328541,True,False,1456,215
2017-11-15 00:00:00+00:00,9552540.113113165,9552540.113113165,0.0,0.0,0.0,0.0,0,-0.12133375893328541,True,False,1458,215
2017-11-16 00:00:00+00:00,9552540.113113165,9552540.113113165,0.0,0.0,0.0,0.0,0,-0.12133375893328541,True,False,1459,215
2017-11-17 00:00:00+00:00,9552540.113113165,9552540.113113165,0.0,0.0,0.0,0.0,0,-0.12133375893328541,True,False,1459,215
2017-11-20 00:00:00+00:00,9552540.113113165,9552540.113113165,0.0,0.0,0.0,0.0,0,-0.12133375893328541,True,False,1459,215
2017-11-21 00:00:00+00:00,9552540.113113165,9552540.113113165,0.0,0.0,0.0,0.0,0,-0.12133375893328541,True,False,1459,215
2017-11-22 00:00:00+00:00,9552540.113113165,9552540.113113165,0.0,0.0,0.0,0.0,0,-0.12133375893328541,True,False,1459,215
2017-11-23 00:00:00+00:00,9552540.113113165,9552540.113113165,0.0,0.0,0.0,0.0,0,-0.12133375893328541,True,False,1459,215
2017-11-24 00:00:00+00:00,9552540.113113165,9552540.113113165,0.0,0.0,0.0,0.0,0,-0.12133375893328541,True,False,1459,215
2017-11-27 00:00:00+00:00,9552540.113113165,9552540.113113165,0.0,0.0,0.0,0.0,0,-0.12133375893328541,True,False,1459,215
2017-11-28 00:00:00+00:00,9552540.113113165,9552540.113113165,0.0,0.0,0.0,0.0,0,-0.12133375893328541,True,False,1459,215
2017-11-29 00:00:00+00:00,9552540.113113165,9552540.113113165,0.0,0.0,0.0,0.0,0,-0.12133375893328541,True,False,1459,215
2017-11-30 00:00:00+00:00,9552540.113113165,9552540.113113165,0.0,0.0,0.0,0.0,0,-0.12133375893328541,True,False,1460,215
2017-12-01 00:00:00+00:00,9552540.113113165,9552540.113113165,0.0,0.0,0.0,0.0,0,-0.12133375893328541,True,False,1461,215
2017-12-04 00:00:00+00:00,9552540.113113165,9552540.113113165,0.0,0.0,0.0,0.0,0,-0.12133375893328541,True,False,1461,215
2017-12-05 00:00:00+00:00,9552540.113113165,9552540.113113165,0.0,0.0,0.0,0.0,0,-0.12133375893328541,True,False,1466,215
2017-12-06 00:00:00+00:00,9552540.113113165,9552540.113113165,0.0,0.0,0.0,0.0,0,-0.12133375893328541,True,False,1470,215
2017-12-07 00:00:00+00:00,9552540.113113165,9552540.113113165,0.0,0.0,0.0,0.0,0,-0.12133375893328541,True,False,1471,215
2017-12-08 00:00:00+00:00,9552540.113113165,9552540.113113165,0.0,0.0,0.0,0.0,0,-0.12133375893328541,True,False,1472,215
2017-12-11 00:00:00+00:00,9552540.113113165,9552540.113113165,0.0,0.0,0.0,0.0,0,-0.12133375893328541,True,False,1472,215
2017-12-12 00:00:00+00:00,9552540.113113165,9552540.113113165,0.0,0.0,0.0,0.0,0,-0.12133375893328541,True,False,1472,215
2017-12-13 00:00:00+00:00,9552540.113113165,9552540.113113165,0.0,0.0,0.0,0.0,0,-0.12133375893328541,True,False,1472,215
2017-12-14 00:00:00+00:00,9552540.113113165,9552540.113113165,0.0,0.0,0.0,0.0,0,-0.12133375893328541,True,False,1473,215
2017-12-15 00:00:00+00:00,9552540.113113165,9552540.113113165,0.0,0.0,0.0,0.0,0,-0.12133375893328541,True,False,1473,215
2017-12-18 00:00:00+00:00,9552540.113113165,9552540.113113165,0.0,0.0,0.0,0.0,0,-0.12133375893328541,True,False,1473,215
2017-12-19 00:00:00+00:00,9552540.113113165,9552540.113113165,0.0,0.0,0.0,0.0,0,-0.12133375893328541,True,False,1473,215
2017-12-20 00:00:00+00:00,9552540.113113165,9552540.113113165,0.0,0.0,0.0,0.0,0,-0.12133375893328541,True,False,1473,215
2017-12-21 00:00:00+00:00,9552540.113113165,9552540.113113165,0.0,0.0,0.0,0.0,0,-0.12133375893328541,True,False,1473,215
2017-12-22 00:00:00+00:00,9552540.113113165,9552540.113113165,0.0,0.0,0.0,0.0,0,-0.12133375893328541,True,False,1473,215
2017-12-26 00:00:00+00:00,9552540.113113165,9552540.113113165,0.0,0.0,0.0,0.0,0,-0.12133375893328541,True,False,1473,215
2017-12-27 00:00:00+00:00,9552540.113113165,9552540.113113165,0.0,0.0,0.0,0.0,0,-0.12133375893328541,True,False,1473,215
2017-12-28 00:00:00+00:00,9552540.113113165,9552540.113113165,0.0,0.0,0.0,0.0,0,-0.12133375893328541,True,False,1473,215
2017-12-29 00:00:00+00:00,9552540.113113165,9552540.113113165,0.0,0.0,0.0,0.0,0,-0.12133375893328541,True,False,1473,215
2018-01-01 00:00:00+00:00,9552540.113113165,9552540.113113165,0.0,0.0,0.0,0.0,0,-0.12133375893328541,True,False,1473,215
2018-01-02 00:00:00+00:00,9552540.113113165,9552540.113113165,0.0,0.0,0.0,0.0,0,-0.12133375893328541,True,False,1473,215
2018-01-03 00:00:00+00:00,9552540.113113165,9552540.113113165,0.0,0.0,0.0,0.0,0,-0.12133375893328541,True,False,1473,215
2018-01-04 00:00:00+00:00,9552540.113113165,9552540.113113165,0.0,0.0,0.0,0.0,0,-0.12133375893328541,True,False,1473,215
2018-01-05 00:00:00+00:00,9552540.113113165,9552540.113113165,0.0,0.0,0.0,0.0,0,-0.12133375893328541,True,False,1473,215
2018-01-08 00:00:00+00:00,9552540.113113165,9552540.113113165,0.0,0.0,0.0,0.0,0,-0.12133375893328541,True,False,1473,215
2018-01-09 00:00:00+00:00,9552540.113113165,9552540.113113165,0.0,0.0,0.0,0.0,0,-0.12133375893328541,True,False,1473,215
2018-01-10 00:00:00+00:00,9552540.113113165,9552540.113113165,0.0,0.0,0.0,0.0,0,-0.12133375893328541,True,False,1473,215
2018-01-11 00:00:00+00:00,9552540.113113165,9552540.113113165,0.0,0.0,0.0,0.0,0,-0.12133375893328541,True,False,1473,215
2018-01-12 00:00:00+00:00,9552540.113113165,9552540.113113165,0.0,0.0,0.0,0.0,0,-0.12133375893328541,True,False,1473,215
2018-01-15 00:00:00+00:00,9552540.113113165,9552540.113113165,0.0,0.0,0.0,0.0,0,-0.12133375893328541,True,False,1473,215
2018-01-16 00:00:00+00:00,9552540.113113165,9552540.113113165,0.0,0.0,0.0,0.0,0,-0.12133375893328541,True,False,1473,215
2018-01-17 00:00:00+00:00,9552540.113113165,9552540.113113165,0.0,0.0,0.0,0.0,0,-0.12133375893328541,True,False,1473,215
2018-01-18 00:00:00+00:00,9552540.113113165,9552540.113113165,0.0,0.0,0.0,0.0,0,-0.12133375893328541,True,False,1473,215
2018-01-19 00:00:00+00:00,9552540.113113165,9552540.113113165,0.0,0.0,0.0,0.0,0,-0.12133375893328541,True,False,1474,215
2018-01-22 00:00:00+00:00,9552540.113113165,9552540.113113165,0.0,0.0,0.0,0.0,0,-0.12133375893328541,True,False,1474,215
2018-01-23 00:00:00+00:00,9552540.113113165,9552540.113113165,0.0,0.0,0.0,0.0,0,-0.12133375893328541,True,False,1475,215
2018-01-24 00:00:00+00:00,9552540.113113165,9552540.113113165,0.0,0.0,0.0,0.0,0,-0.12133375893328541,True,False,1477,215
2018-01-25 00:00:00+00:00,9552540.113113165,9552540.113113165,0.0,0.0,0.0,0.0,0,-0.12133375893328541,True,False,1477,215
2018-01-26 00:00:00+00:00,9552540.113113165,9552540.113113165,0.0,0.0,0.0,0.0,0,-0.12133375893328541,True,False,1477,215
2018-01-29 00:00:00+00:00,9552540.113113165,9552540.113113165,0.0,0.0,0.0,0.0,0,-0.12133375893328541,True,False,1477,215
2018-01-30 00:00:00+00:00,9552540.113113165,9552540.113113165,0.0,0.0,0.0,0.0,0,-0.12133375893328541,True,False,1477,215
2018-01-31 00:00:00+00:00,9552540.113113165,9552540.113113165,0.0,0.0,0.0,0.0,0,-0.12133375893328541,True,False,1477,215
2018-02-01 00:00:00+00:00,9552540.113113165,9552540.113113165,0.0,0.0,0.0,0.0,0,-0.12133375893328541,True,False,1479,215
2018-02-02 00:00:00+00:00,9552540.113113165,9552540.113113165,0.0,0.0,0.0,0.0,0,-0.12133375893328541,True,False,1484,215
2018-02-05 00:00:00+00:00,9552540.113113165,9552540.113113165,0.0,0.0,0.0,0.0,0,-0.12133375893328541,True,False,1485,215
2018-02-06 00:00:00+00:00,9552540.113113165,9552540.113113165,0.0,0.0,0.0,0.0,0,-0.12133375893328541,True,False,1489,215
2018-02-07 00:00:00+00:00,9552540.113113165,9552540.113113165,0.0,0.0,0.0,0.0,0,-0.12133375893328541,True,False,1491,215
2018-02-08 00:00:00+00:00,9552540.113113165,9552540.113113165,0.0,0.0,0.0,0.0,0,-0.12133375893328541,True,False,1491,215
2018-02-09 00:00:00+00:00,9552540.113113165,9552540.113113165,0.0,0.0,0.0,0.0,0,-0.12133375893328541,True,False,1491,215
2018-02-12 00:00:00+00:00,9552540.113113165,9552540.113113165,0.0,0.0,0.0,0.0,0,-0.12133375893328541,True,False,1491,215
2018-02-13 00:00:00+00:00,9552540.113113165,9552540.113113165,0.0,0.0,0.0,0.0,0,-0.12133375893328541,True,False,1491,215
2018-02-14 00:00:00+00:00,9552540.113113165,9552540.113113165,0.0,0.0,0.0,0.0,0,-0.12133375893328541,True,False,1491,215
2018-02-15 00:00:00+00:00,9552540.113113165,9552540.113113165,0.0,0.0,0.0,0.0,0,-0.12133375893328541,True,False,1491,215
2018-02-16 00:00:00+00:00,9552540.113113165,9552540.113113165,0.0,0.0,0.0,0.0,0,-0.12133375893328541,True,False,1491,215
2018-02-19 00:00:00+00:00,9552540.113113165,9552540.113113165,0.0,0.0,0.0,0.0,0,-0.12133375893328541,True,False,1491,215
2018-02-20 00:00:00+00:00,9552540.113113165,9552540.113113165,0.0,0.0,0.0,0.0,0,-0.12133375893328541,True,False,1491,215
2018-02-21 00:00:00+00:00,9552540.113113165,9552540.113113165,0.0,0.0,0.0,0.0,0,-0.12133375893328541,True,False,1491,215
2018-02-22 00:00:00+00:00,9552540.113113165,9552540.113113165,0.0,0.0,0.0,0.0,0,-0.12133375893328541,True,False,1492,215
2018-02-23 00:00:00+00:00,9552540.113113165,9552540.113113165,0.0,0.0,0.0,0.0,0,-0.12133375893328541,True,False,1493,215
2018-02-26 00:00:00+00:00,9552540.113113165,9552540.113113165,0.0,0.0,0.0,0.0,0,-0.12133375893328541,True,False,1493,215
2018-02-27 00:00:00+00:00,9552540.113113165,9552540.113113165,0.0,0.0,0.0,0.0,0,-0.12133375893328541,True,False,1493,215
2018-02-28 00:00:00+00:00,9552540.113113165,9552540.113113165,0.0,0.0,0.0,0.0,0,-0.12133375893328541,True,False,1493,215
2018-03-01 00:00:00+00:00,9552540.113113165,9552540.113113165,0.0,0.0,0.0,0.0,0,-0.12133375893328541,True,False,1494,215
2018-03-02 00:00:00+00:00,9552540.113113165,9552540.113113165,0.0,0.0,0.0,0.0,0,-0.12133375893328541,True,False,1494,215
2018-03-05 00:00:00+00:00,9552540.113113165,9552540.113113165,0.0,0.0,0.0,0.0,0,-0.12133375893328541,True,False,1497,215
2018-03-06 00:00:00+00:00,9552540.113113165,9552540.113113165,0.0,0.0,0.0,0.0,0,-0.12133375893328541,True,False,1505,215
2018-03-07 00:00:00+00:00,9552540.113113165,9552540.113113165,0.0,0.0,0.0,0.0,0,-0.12133375893328541,True,False,1511,215
2018-03-08 00:00:00+00:00,9552540.113113165,9552540.113113165,0.0,0.0,0.0,0.0,0,-0.12133375893328541,True,False,1512,215
2018-03-09 00:00:00+00:00,9552540.113113165,9552540.113113165,0.0,0.0,0.0,0.0,0,-0.12133375893328541,True,False,1512,215
2018-03-12 00:00:00+00:00,9552540.113113165,9552540.113113165,0.0,0.0,0.0,0.0,0,-0.12133375893328541,True,False,1512,215
2018-03-13 00:00:00+00:00,9552540.113113165,9552540.113113165,0.0,0.0,0.0,0.0,0,-0.12133375893328541,True,False,1512,215
2018-03-14 00:00:00+00:00,9552540.113113165,9552540.113113165,0.0,0.0,0.0,0.0,0,-0.12133375893328541,True,False,1512,215
2018-03-15 00:00:00+00:00,9552540.113113165,9552540.113113165,0.0,0.0,0.0,0.0,0,-0.12133375893328541,True,False,1512,215
2018-03-16 00:00:00+00:00,9552540.113113165,9552540.113113165,0.0,0.0,0.0,0.0,0,-0.12133375893328541,True,False,1513,215
2018-03-19 00:00:00+00:00,9552540.113113165,9552540.113113165,0.0,0.0,0.0,0.0,0,-0.12133375893328541,True,False,1518,215
2018-03-20 00:00:00+00:00,9552540.113113165,9552540.113113165,0.0,0.0,0.0,0.0,0,-0.12133375893328541,True,False,1519,215
2018-03-21 00:00:00+00:00,9552540.113113165,9552540.113113165,0.0,0.0,0.0,0.0,0,-0.12133375893328541,True,False,1520,215
2018-03-22 00:00:00+00:00,9552540.113113165,9552540.113113165,0.0,0.0,0.0,0.0,0,-0.12133375893328541,True,False,1521,215
2018-03-23 00:00:00+00:00,9552540.113113165,9552540.113113165,0.0,0.0,0.0,0.0,0,-0.12133375893328541,True,False,1521,215
2018-03-26 00:00:00+00:00,9552540.113113165,9552540.113113165,0.0,0.0,0.0,0.0,0,-0.12133375893328541,True,False,1523,215
2018-03-27 00:00:00+00:00,9552540.113113165,9552540.113113165,0.0,0.0,0.0,0.0,0,-0.12133375893328541,True,False,1523,215
2018-03-28 00:00:00+00:00,9552540.113113165,9552540.113113165,0.0,0.0,0.0,0.0,0,-0.12133375893328541,True,False,1523,215
2018-03-29 00:00:00+00:00,9552540.113113165,9552540.113113165,0.0,0.0,0.0,0.0,0,-0.12133375893328541,True,False,1523,215
2018-04-02 00:00:00+00:00,9552540.113113165,9552540.113113165,0.0,0.0,0.0,0.0,0,-0.12133375893328541,True,False,1525,215
2018-04-03 00:00:00+00:00,9552540.113113165,9552540.113113165,0.0,0.0,0.0,0.0,0,-0.12133375893328541,True,False,1525,215
2018-04-04 00:00:00+00:00,9552540.113113165,9552540.113113165,0.0,0.0,0.0,0.0,0,-0.12133375893328541,True,False,1525,215
2018-04-05 00:00:00+00:00,9552540.113113165,9552540.113113165,0.0,0.0,0.0,0.0,0,-0.12133375893328541,True,False,1525,215
2018-04-06 00:00:00+00:00,9552540.113113165,9552540.113113165,0.0,0.0,0.0,0.0,0,-0.12133375893328541,True,False,1525,215
2018-04-09 00:00:00+00:00,9552540.113113165,9552540.113113165,0.0,0.0,0.0,0.0,0,-0.12133375893328541,True,False,1525,215
2018-04-10 00:00:00+00:00,9552540.113113165,9552540.113113165,0.0,0.0,0.0,0.0,0,-0.12133375893328541,True,False,1525,215
2018-04-11 00:00:00+00:00,9552540.113113165,9552540.113113165,0.0,0.0,0.0,0.0,0,-0.12133375893328541,True,False,1525,215
2018-04-12 00:00:00+00:00,9552540.113113165,9552540.113113165,0.0,0.0,0.0,0.0,0,-0.12133375893328541,True,False,1525,215
2018-04-13 00:00:00+00:00,9552540.113113165,9552540.113113165,0.0,0.0,0.0,0.0,0,-0.12133375893328541,True,False,1525,215
2018-04-16 00:00:00+00:00,9552540.113113165,9552540.113113165,0.0,0.0,0.0,0.0,0,-0.12133375893328541,True,False,1525,215
2018-04-17 00:00:00+00:00,9552540.113113165,9552540.113113165,0.0,0.0,0.0,0.0,0,-0.12133375893328541,True,False,1525,215
2018-04-18 00:00:00+00:00,9552540.113113165,9552540.113113165,0.0,0.0,0.0,0.0,0,-0.12133375893328541,True,False,1525,215
2018-04-19 00:00:00+00:00,9552540.113113165,9552540.113113165,0.0,0.0,0.0,0.0,0,-0.12133375893328541,True,False,1527,215
2018-04-20 00:00:00+00:00,9552540.113113165,9552540.113113165,0.0,0.0,0.0,0.0,0,-0.12133375893328541,True,False,1527,215
2018-04-23 00:00:00+00:00,9552540.113113165,9552540.113113165,0.0,0.0,0.0,0.0,0,-0.12133375893328541,True,False,1527,215
2018-04-24 00:00:00+00:00,9552540.113113165,9552540.113113165,0.0,0.0,0.0,0.0,0,-0.12133375893328541,True,False,1527,215
2018-04-25 00:00:00+00:00,9552540.113113165,9552540.113113165,0.0,0.0,0.0,0.0,0,-0.12133375893328541,True,False,1527,215
2018-04-26 00:00:00+00:00,9552540.113113165,9552540.113113165,0.0,0.0,0.0,0.0,0,-0.12133375893328541,True,False,1527,215
2018-04-27 00:00:00+00:00,9552540.113113165,9552540.113113165,0.0,0.0,0.0,0.0,0,-0.12133375893328541,True,False,1527,215
2018-04-30 00:00:00+00:00,9552540.113113165,9552540.113113165,0.0,0.0,0.0,0.0,0,-0.12133375893328541,True,False,1527,215
2018-05-01 00:00:00+00:00,9552540.113113165,9552540.113113165,0.0,0.0,0.0,0.0,0,-0.12133375893328541,True,False,1527,215
2018-05-02 00:00:00+00:00,9552540.113113165,9552540.113113165,0.0,0.0,0.0,0.0,0,-0.12133375893328541,True,False,1527,215
2018-05-03 00:00:00+00:00,9552540.113113165,9552540.113113165,0.0,0.0,0.0,0.0,0,-0.12133375893328541,True,False,1527,215
2018-05-04 00:00:00+00:00,9552540.113113165,9552540.113113165,0.0,0.0,0.0,0.0,0,-0.12133375893328541,True,False,1527,215
2018-05-07 00:00:00+00:00,9552540.113113165,9552540.113113165,0.0,0.0,0.0,0.0,0,-0.12133375893328541,True,False,1527,215
2018-05-08 00:00:00+00:00,9552540.113113165,9552540.113113165,0.0,0.0,0.0,0.0,0,-0.12133375893328541,True,False,1527,215
2018-05-09 00:00:00+00:00,9552540.113113165,9552540.113113165,0.0,0.0,0.0,0.0,0,-0.12133375893328541,True,False,1527,215
2018-05-10 00:00:00+00:00,9552540.113113165,9552540.113113165,0.0,0.0,0.0,0.0,0,-0.12133375893328541,True,False,1529,215
2018-05-11 00:00:00+00:00,9552540.113113165,9552540.113113165,0.0,0.0,0.0,0.0,0,-0.12133375893328541,True,False,1529,215
2018-05-14 00:00:00+00:00,9552540.113113165,9552540.113113165,0.0,0.0,0.0,0.0,0,-0.12133375893328541,True,False,1530,215
2018-05-15 00:00:00+00:00,9552540.113113165,9552540.113113165,0.0,0.0,0.0,0.0,0,-0.12133375893328541,True,False,1531,215
2018-05-16 00:00:00+00:00,9552540.113113165,9552540.113113165,0.0,0.0,0.0,0.0,0,-0.12133375893328541,True,False,1531,215
2018-05-17 00:00:00+00:00,9552540.113113165,9552540.113113165,0.0,0.0,0.0,0.0,0,-0.12133375893328541,True,False,1532,215
2018-05-18 00:00:00+00:00,9552540.113113165,9552540.113113165,0.0,0.0,0.0,0.0,0,-0.12133375893328541,True,False,1535,215
2018-05-21 00:00:00+00:00,9552540.113113165,9552540.113113165,0.0,0.0,0.0,0.0,0,-0.12133375893328541,True,False,1541,215
2018-05-22 00:00:00+00:00,9552540.113113165,9552540.113113165,0.0,0.0,0.0,0.0,0,-0.12133375893328541,True,False,1541,215
2018-05-23 00:00:00+00:00,9552540.113113165,9552540.113113165,0.0,0.0,0.0,0.0,0,-0.12133375893328541,True,False,1545,215
2018-05-24 00:00:00+00:00,9552540.113113165,9552540.113113165,0.0,0.0,0.0,0.0,0,-0.12133375893328541,True,False,1546,215
2018-05-25 00:00:00+00:00,9552540.113113165,9552540.113113165,0.0,0.0,0.0,0.0,0,-0.12133375893328541,True,False,1546,215
2018-05-28 00:00:00+00:00,9552540.113113165,9552540.113113165,0.0,0.0,0.0,0.0,0,-0.12133375893328541,True,False,1546,215
2018-05-29 00:00:00+00:00,9552540.113113165,9552540.113113165,0.0,0.0,0.0,0.0,0,-0.12133375893328541,True,False,1546,215
2018-05-30 00:00:00+00:00,9552540.113113165,9552540.113113165,0.0,0.0,0.0,0.0,0,-0.12133375893328541,True,False,1546,215
2018-05-31 00:00:00+00:00,9552540.113113165,9552540.113113165,0.0,0.0,0.0,0.0,0,-0.12133375893328541,True,False,1546,215
2018-06-01 00:00:00+00:00,9552540.113113165,9552540.113113165,0.0,0.0,0.0,0.0,0,-0.12133375893328541,True,False,1547,215
2018-06-04 00:00:00+00:00,9552540.113113165,9552540.113113165,0.0,0.0,0.0,0.0,0,-0.12133375893328541,True,False,1548,215
2018-06-05 00:00:00+00:00,9552540.113113165,9552540.113113165,0.0,0.0,0.0,0.0,0,-0.12133375893328541,True,False,1549,215
2018-06-06 00:00:00+00:00,9552540.113113165,9552540.113113165,0.0,0.0,0.0,0.0,0,-0.12133375893328541,True,False,1549,215
2018-06-07 00:00:00+00:00,9552540.113113165,9552540.113113165,0.0,0.0,0.0,0.0,0,-0.12133375893328541,True,False,1549,215
2018-06-08 00:00:00+00:00,9552540.113113165,9552540.113113165,0.0,0.0,0.0,0.0,0,-0.12133375893328541,True,False,1549,215
2018-06-11 00:00:00+00:00,9552540.113113165,9552540.113113165,0.0,0.0,0.0,0.0,0,-0.12133375893328541,True,False,1550,215
2018-06-12 00:00:00+00:00,9552540.113113165,9552540.113113165,0.0,0.0,0.0,0.0,0,-0.12133375893328541,True,False,1550,215
2018-06-13 00:00:00+00:00,9552540.113113165,9552540.113113165,0.0,0.0,0.0,0.0,0,-0.12133375893328541,True,False,1551,215
2018-06-14 00:00:00+00:00,9552540.113113165,9552540.113113165,0.0,0.0,0.0,0.0,0,-0.12133375893328541,True,False,1552,215
2018-06-15 00:00:00+00:00,9552540.113113165,9552540.113113165,0.0,0.0,0.0,0.0,0,-0.12133375893328541,True,False,1552,215
2018-06-18 00:00:00+00:00,9552540.113113165,9552540.113113165,0.0,0.0,0.0,0.0,0,-0.12133375893328541,True,False,1552,215
2018-06-19 00:00:00+00:00,9552540.113113165,9552540.113113165,0.0,0.0,0.0,0.0,0,-0.12133375893328541,True,False,1552,215
2018-06-20 00:00:00+00:00,9552540.113113165,9552540.113113165,0.0,0.0,0.0,0.0,0,-0.12133375893328541,True,False,1552,215
2018-06-21 00:00:00+00:00,9552540.113113165,9552540.113113165,0.0,0.0,0.0,0.0,0,-0.12133375893328541,True,False,1553,215
2018-06-22 00:00:00+00:00,9552540.113113165,9552540.113113165,0.0,0.0,0.0,0.0,0,-0.12133375893328541,True,False,1553,215
2018-06-25 00:00:00+00:00,9552540.113113165,9552540.113113165,0.0,0.0,0.0,0.0,0,-0.12133375893328541,True,False,1553,215
2018-06-26 00:00:00+00:00,9552540.113113165,9552540.113113165,0.0,0.0,0.0,0.0,0,-0.12133375893328541,True,False,1553,215
2018-06-27 00:00:00+00:00,9552540.113113165,9552540.113113165,0.0,0.0,0.0,0.0,0,-0.12133375893328541,True,False,1559,215
2018-06-28 00:00:00+00:00,9552540.113113165,9552540.113113165,0.0,0.0,0.0,0.0,0,-0.12133375893328541,True,False,1565,215
2018-06-29 00:00:00+00:00,9552540.113113165,9552540.113113165,0.0,0.0,0.0,0.0,0,-0.12133375893328541,True,False,1565,215
2018-07-02 00:00:00+00:00,9552540.113113165,9552540.113113165,0.0,0.0,0.0,0.0,0,-0.12133375893328541,True,False,1566,215
2018-07-03 00:00:00+00:00,9552540.113113165,9552540.113113165,0.0,0.0,0.0,0.0,0,-0.12133375893328541,True,False,1566,215
2018-07-04 00:00:00+00:00,9552540.113113165,9552540.113113165,0.0,0.0,0.0,0.0,0,-0.12133375893328541,True,False,1566,215
2018-07-05 00:00:00+00:00,9552540.113113165,9552540.113113165,0.0,0.0,0.0,0.0,0,-0.12133375893328541,True,False,1566,215
2018-07-06 00:00:00+00:00,9552540.113113165,9552540.113113165,0.0,0.0,0.0,0.0,0,-0.12133375893328541,True,False,1566,215
2018-07-09 00:00:00+00:00,9552540.113113165,9552540.113113165,0.0,0.0,0.0,0.0,0,-0.12133375893328541,True,False,1566,215
2018-07-10 00:00:00+00:00,9552540.113113165,9552540.113113165,0.0,0.0,0.0,0.0,0,-0.12133375893328541,True,False,1566,215
2018-07-11 00:00:00+00:00,9552540.113113165,9552540.113113165,0.0,0.0,0.0,0.0,0,-0.12133375893328541,True,False,1566,215
2018-07-12 00:00:00+00:00,9552540.113113165,9552540.113113165,0.0,0.0,0.0,0.0,0,-0.12133375893328541,True,False,1567,215
2018-07-13 00:00:00+00:00,9552540.113113165,9552540.113113165,0.0,0.0,0.0,0.0,0,-0.12133375893328541,True,False,1569,215
2018-07-16 00:00:00+00:00,9552540.113113165,9552540.113113165,0.0,0.0,0.0,0.0,0,-0.12133375893328541,True,False,1572,215
2018-07-17 00:00:00+00:00,9552540.113113165,9552540.113113165,0.0,0.0,0.0,0.0,0,-0.12133375893328541,True,False,1573,215
2018-07-18 00:00:00+00:00,9552540.113113165,9552540.113113165,0.0,0.0,0.0,0.0,0,-0.12133375893328541,True,False,1575,215
2018-07-19 00:00:00+00:00,9552540.113113165,9552540.113113165,0.0,0.0,0.0,0.0,0,-0.12133375893328541,True,False,1577,215
2018-07-20 00:00:00+00:00,9552540.113113165,9552540.113113165,0.0,0.0,0.0,0.0,0,-0.12133375893328541,True,False,1577,215
2018-07-23 00:00:00+00:00,9552540.113113165,9552540.113113165,0.0,0.0,0.0,0.0,0,-0.12133375893328541,True,False,1578,215
2018-07-24 00:00:00+00:00,9552540.113113165,9552540.113113165,0.0,0.0,0.0,0.0,0,-0.12133375893328541,True,False,1578,215
2018-07-25 00:00:00+00:00,9552540.113113165,9552540.113113165,0.0,0.0,0.0,0.0,0,-0.12133375893328541,True,False,1578,215
2018-07-26 00:00:00+00:00,9552540.113113165,9552540.113113165,0.0,0.0,0.0,0.0,0,-0.12133375893328541,True,False,1579,215
2018-07-27 00:00:00+00:00,9552540.113113165,9552540.113113165,0.0,0.0,0.0,0.0,0,-0.12133375893328541,True,False,1579,215
2018-07-30 00:00:00+00:00,9552540.113113165,9552540.113113165,0.0,0.0,0.0,0.0,0,-0.12133375893328541,True,False,1579,215
2018-07-31 00:00:00+00:00,9552540.113113165,9552540.113113165,0.0,0.0,0.0,0.0,0,-0.12133375893328541,True,False,1579,215
2018-08-01 00:00:00+00:00,9552540.113113165,9552540.113113165,0.0,0.0,0.0,0.0,0,-0.12133375893328541,True,False,1579,215
2018-08-02 00:00:00+00:00,9552540.113113165,9552540.113113165,0.0,0.0,0.0,0.0,0,-0.12133375893328541,True,False,1579,215
2018-08-03 00:00:00+00:00,9552540.113113165,9552540.113113165,0.0,0.0,0.0,0.0,0,-0.12133375893328541,True,False,1579,215
2018-08-06 00:00:00+00:00,9552540.113113165,9552540.113113165,0.0,0.0,0.0,0.0,0,-0.12133375893328541,True,False,1579,215
2018-08-07 00:00:00+00:00,9552540.113113165,9552540.113113165,0.0,0.0,0.0,0.0,0,-0.12133375893328541,True,False,1579,215
2018-08-08 00:00:00+00:00,9552540.113113165,9552540.113113165,0.0,0.0,0.0,0.0,0,-0.12133375893328541,True,False,1579,215
2018-08-09 00:00:00+00:00,9552540.113113165,9552540.113113165,0.0,0.0,0.0,0.0,0,-0.12133375893328541,True,False,1579,215
2018-08-10 00:00:00+00:00,9552540.113113165,9552540.113113165,0.0,0.0,0.0,0.0,0,-0.12133375893328541,True,False,1579,215
2018-08-13 00:00:00+00:00,9552540.113113165,9552540.113113165,0.0,0.0,0.0,0.0,0,-0.12133375893328541,True,False,1580,215
2018-08-14 00:00:00+00:00,9552540.113113165,9552540.113113165,0.0,0.0,0.0,0.0,0,-0.12133375893328541,True,False,1580,215
2018-08-15 00:00:00+00:00,9552540.113113165,9552540.113113165,0.0,0.0,0.0,0.0,0,-0.12133375893328541,True,False,1581,215
2018-08-16 00:00:00+00:00,9552540.113113165,9552540.113113165,0.0,0.0,0.0,0.0,0,-0.12133375893328541,True,False,1582,215
2018-08-17 00:00:00+00:00,9552540.113113165,9552540.113113165,0.0,0.0,0.0,0.0,0,-0.12133375893328541,True,False,1582,215
2018-08-20 00:00:00+00:00,9552540.113113165,9552540.113113165,0.0,0.0,0.0,0.0,0,-0.12133375893328541,True,False,1582,215
2018-08-21 00:00:00+00:00,9552540.113113165,9552540.113113165,0.0,0.0,0.0,0.0,0,-0.12133375893328541,True,False,1582,215
2018-08-22 00:00:00+00:00,9552540.113113165,9552540.113113165,0.0,0.0,0.0,0.0,0,-0.12133375893328541,True,False,1582,215
2018-08-23 00:00:00+00:00,9552540.113113165,9552540.113113165,0.0,0.0,0.0,0.0,0,-0.12133375893328541,True,False,1582,215
2018-08-24 00:00:00+00:00,9552540.113113165,9552540.113113165,0.0,0.0,0.0,0.0,0,-0.12133375893328541,True,False,1582,215
2018-08-27 00:00:00+00:00,9552540.113113165,9552540.113113165,0.0,0.0,0.0,0.0,0,-0.12133375893328541,True,False,1582,215
2018-08-28 00:00:00+00:00,9552540.113113165,9552540.113113165,0.0,0.0,0.0,0.0,0,-0.12133375893328541,True,False,1582,215
2018-08-29 00:00:00+00:00,9552540.113113165,9552540.113113165,0.0,0.0,0.0,0.0,0,-0.12133375893328541,True,False,1582,215
2018-08-30 00:00:00+00:00,9552540.113113165,9552540.113113165,0.0,0.0,0.0,0.0,0,-0.12133375893328541,True,False,1582,215
2018-08-31 00:00:00+00:00,9552540.113113165,9552540.113113165,0.0,0.0,0.0,0.0,0,-0.12133375893328541,True,False,1583,215
2018-09-03 00:00:00+00:00,9552540.113113165,9552540.113113165,0.0,0.0,0.0,0.0,0,-0.12133375893328541,True,False,1583,215
2018-09-04 00:00:00+00:00,9552540.113113165,9552540.113113165,0.0,0.0,0.0,0.0,0,-0.12133375893328541,True,False,1587,215
2018-09-05 00:00:00+00:00,9552540.113113165,9552540.113113165,0.0,0.0,0.0,0.0,0,-0.12133375893328541,True,False,1587,215
2018-09-06 00:00:00+00:00,9552540.113113165,9552540.113113165,0.0,0.0,0.0,0.0,0,-0.12133375893328541,True,False,1589,215
2018-09-07 00:00:00+00:00,9552540.113113165,9552540.113113165,0.0,0.0,0.0,0.0,0,-0.12133375893328541,True,False,1590,215
2018-09-10 00:00:00+00:00,9552540.113113165,9552540.113113165,0.0,0.0,0.0,0.0,0,-0.12133375893328541,True,False,1590,215
2018-09-11 00:00:00+00:00,9552540.113113165,9552540.113113165,0.0,0.0,0.0,0.0,0,-0.12133375893328541,True,False,1595,215
2018-09-12 00:00:00+00:00,9552540.113113165,9552540.113113165,0.0,0.0,0.0,0.0,0,-0.12133375893328541,True,False,1596,215
2018-09-13 00:00:00+00:00,9552540.113113165,9552540.113113165,0.0,0.0,0.0,0.0,0,-0.12133375893328541,True,False,1596,215
2018-09-14 00:00:00+00:00,9552540.113113165,9552540.113113165,0.0,0.0,0.0,0.0,0,-0.12133375893328541,True,False,1596,215
2018-09-17 00:00:00+00:00,9552540.113113165,9552540.113113165,0.0,0.0,0.0,0.0,0,-0.12133375893328541,True,False,1596,215
2018-09-18 00:00:00+00:00,9552540.113113165,9552540.113113165,0.0,0.0,0.0,0.0,0,-0.12133375893328541,True,False,1596,215
2018-09-19 00:00:00+00:00,9552540.113113165,9552540.113113165,0.0,0.0,0.0,0.0,0,-0.12133375893328541,True,False,1596,215
2018-09-20 00:00:00+00:00,9552540.113113165,9552540.113113165,0.0,0.0,0.0,0.0,0,-0.12133375893328541,True,False,1596,215
2018-09-21 00:00:00+00:00,9552540.113113165,9552540.113113165,0.0,0.0,0.0,0.0,0,-0.12133375893328541,True,False,1599,215
2018-09-24 00:00:00+00:00,9552540.113113165,9552540.113113165,0.0,0.0,0.0,0.0,0,-0.12133375893328541,True,False,1605,215
2018-09-25 00:00:00+00:00,9552540.113113165,9552540.113113165,0.0,0.0,0.0,0.0,0,-0.12133375893328541,True,False,1608,215
2018-09-26 00:00:00+00:00,9552540.113113165,9552540.113113165,0.0,0.0,0.0,0.0,0,-0.12133375893328541,True,False,1609,215
2018-09-27 00:00:00+00:00,9552540.113113165,9552540.113113165,0.0,0.0,0.0,0.0,0,-0.12133375893328541,True,False,1609,215
2018-09-28 00:00:00+00:00,9552540.113113165,9552540.113113165,0.0,0.0,0.0,0.0,0,-0.12133375893328541,True,False,1611,215
2018-10-01 00:00:00+00:00,9552540.113113165,9552540.113113165,0.0,0.0,0.0,0.0,0,-0.12133375893328541,True,False,1613,215
2018-10-02 00:00:00+00:00,9552540.113113165,9552540.113113165,0.0,0.0,0.0,0.0,0,-0.12133375893328541,True,False,1613,215
2018-10-03 00:00:00+00:00,9552540.113113165,9552540.113113165,0.0,0.0,0.0,0.0,0,-0.12133375893328541,True,False,1618,215
2018-10-04 00:00:00+00:00,9552540.113113165,9552540.113113165,0.0,0.0,0.0,0.0,0,-0.12133375893328541,True,False,1626,215
2018-10-05 00:00:00+00:00,9552540.113113165,9552540.113113165,0.0,0.0,0.0,0.0,0,-0.12133375893328541,True,False,1637,215
2018-10-08 00:00:00+00:00,9552540.113113165,9552540.113113165,0.0,0.0,0.0,0.0,0,-0.12133375893328541,True,False,1640,215
2018-10-09 00:00:00+00:00,9552540.113113165,9552540.113113165,0.0,0.0,0.0,0.0,0,-0.12133375893328541,True,False,1641,215
2018-10-10 00:00:00+00:00,9552540.113113165,9552540.113113165,0.0,0.0,0.0,0.0,0,-0.12133375893328541,True,False,1641,215
2018-10-11 00:00:00+00:00,9552540.113113165,9552540.113113165,0.0,0.0,0.0,0.0,0,-0.12133375893328541,True,False,1643,215
2018-10-12 00:00:00+00:00,9552540.113113165,9552540.113113165,0.0,0.0,0.0,0.0,0,-0.12133375893328541,True,False,1643,215
2018-10-15 00:00:00+00:00,9552540.113113165,9552540.113113165,0.0,0.0,0.0,0.0,0,-0.12133375893328541,True,False,1643,215
2018-10-16 00:00:00+00:00,9552540.113113165,9552540.113113165,0.0,0.0,0.0,0.0,0,-0.12133375893328541,True,False,1643,215
2018-10-17 00:00:00+00:00,9552540.113113165,9552540.113113165,0.0,0.0,0.0,0.0,0,-0.12133375893328541,True,False,1643,215
2018-10-18 00:00:00+00:00,9552540.113113165,9552540.113113165,0.0,0.0,0.0,0.0,0,-0.12133375893328541,True,False,1643,215
2018-10-19 00:00:00+00:00,9552540.113113165,9552540.113113165,0.0,0.0,0.0,0.0,0,-0.12133375893328541,True,False,1643,215
2018-10-22 00:00:00+00:00,9552540.113113165,9552540.113113165,0.0,0.0,0.0,0.0,0,-0.12133375893328541,True,False,1645,215
2018-10-23 00:00:00+00:00,9552540.113113165,9552540.113113165,0.0,0.0,0.0,0.0,0,-0.12133375893328541,True,False,1646,215
2018-10-24 00:00:00+00:00,9552540.113113165,9552540.113113165,0.0,0.0,0.0,0.0,0,-0.12133375893328541,True,False,1646,215
2018-10-25 00:00:00+00:00,9552540.113113165,9552540.113113165,0.0,0.0,0.0,0.0,0,-0.12133375893328541,True,False,1650,215
2018-10-26 00:00:00+00:00,9552540.113113165,9552540.113113165,0.0,0.0,0.0,0.0,0,-0.12133375893328541,True,False,1651,215
2018-10-29 00:00:00+00:00,9552540.113113165,9552540.113113165,0.0,0.0,0.0,0.0,0,-0.12133375893328541,True,False,1651,215
2018-10-30 00:00:00+00:00,9552540.113113165,9552540.113113165,0.0,0.0,0.0,0.0,0,-0.12133375893328541,True,False,1651,215
2018-10-31 00:00:00+00:00,9552540.113113165,9552540.113113165,0.0,0.0,0.0,0.0,0,-0.12133375893328541,True,False,1651,215
2018-11-01 00:00:00+00:00,9552540.113113165,9552540.113113165,0.0,0.0,0.0,0.0,0,-0.12133375893328541,True,False,1651,215
2018-11-02 00:00:00+00:00,9552540.113113165,9552540.113113165,0.0,0.0,0.0,0.0,0,-0.12133375893328541,True,False,1651,215
2018-11-05 00:00:00+00:00,9552540.113113165,9552540.113113165,0.0,0.0,0.0,0.0,0,-0.12133375893328541,True,False,1653,215
2018-11-06 00:00:00+00:00,9552540.113113165,9552540.113113165,0.0,0.0,0.0,0.0,0,-0.12133375893328541,True,False,1654,215
2018-11-07 00:00:00+00:00,9552540.113113165,9552540.113113165,0.0,0.0,0.0,0.0,0,-0.12133375893328541,True,False,1654,215
2018-11-08 00:00:00+00:00,9552540.113113165,9552540.113113165,0.0,0.0,0.0,0.0,0,-0.12133375893328541,True,False,1654,215
2018-11-09 00:00:00+00:00,9552540.113113165,9552540.113113165,0.0,0.0,0.0,0.0,0,-0.12133375893328541,True,False,1654,215
2018-11-12 00:00:00+00:00,9552540.113113165,9552540.113113165,0.0,0.0,0.0,0.0,0,-0.12133375893328541,True,False,1654,215
2018-11-13 00:00:00+00:00,9552540.113113165,9552540.113113165,0.0,0.0,0.0,0.0,0,-0.12133375893328541,True,False,1655,215
2018-11-14 00:00:00+00:00,9552540.113113165,9552540.113113165,0.0,0.0,0.0,0.0,0,-0.12133375893328541,True,False,1655,215
2018-11-15 00:00:00+00:00,9552540.113113165,9552540.113113165,0.0,0.0,0.0,0.0,0,-0.12133375893328541,True,False,1655,215
2018-11-16 00:00:00+00:00,9552540.113113165,9552540.113113165,0.0,0.0,0.0,0.0,0,-0.12133375893328541,True,False,1655,215
2018-11-19 00:00:00+00:00,9552540.113113165,9552540.113113165,0.0,0.0,0.0,0.0,0,-0.12133375893328541,True,False,1655,215
2018-11-20 00:00:00+00:00,9552540.113113165,9552540.113113165,0.0,0.0,0.0,0.0,0,-0.12133375893328541,True,False,1657,215
2018-11-21 00:00:00+00:00,9552540.113113165,9552540.113113165,0.0,0.0,0.0,0.0,0,-0.12133375893328541,True,False,1658,215
2018-11-22 00:00:00+00:00,9552540.113113165,9552540.113113165,0.0,0.0,0.0,0.0,0,-0.12133375893328541,True,False,1658,215
2018-11-23 00:00:00+00:00,9552540.113113165,9552540.113113165,0.0,0.0,0.0,0.0,0,-0.12133375893328541,True,False,1658,215
2018-11-26 00:00:00+00:00,9552540.113113165,9552540.113113165,0.0,0.0,0.0,0.0,0,-0.12133375893328541,True,False,1658,215
2018-11-27 00:00:00+00:00,9552540.113113165,9552540.113113165,0.0,0.0,0.0,0.0,0,-0.12133375893328541,True,False,1658,215
2018-11-28 00:00:00+00:00,9552540.113113165,9552540.113113165,0.0,0.0,0.0,0.0,0,-0.12133375893328541,True,False,1661,215
2018-11-29 00:00:00+00:00,9552540.113113165,9552540.113113165,0.0,0.0,0.0,0.0,0,-0.12133375893328541,True,False,1661,215
2018-11-30 00:00:00+00:00,9552540.113113165,9552540.113113165,0.0,0.0,0.0,0.0,0,-0.12133375893328541,True,False,1661,215
2018-12-03 00:00:00+00:00,9552540.113113165,9552540.113113165,0.0,0.0,0.0,0.0,0,-0.12133375893328541,True,False,1661,215
2018-12-04 00:00:00+00:00,9552540.113113165,9552540.113113165,0.0,0.0,0.0,0.0,0,-0.12133375893328541,True,False,1661,215
2018-12-05 00:00:00+00:00,9552540.113113165,9552540.113113165,0.0,0.0,0.0,0.0,0,-0.12133375893328541,True,False,1662,215
2018-12-06 00:00:00+00:00,9552540.113113165,9552540.113113165,0.0,0.0,0.0,0.0,0,-0.12133375893328541,True,False,1663,215
2018-12-07 00:00:00+00:00,9552540.113113165,9552540.113113165,0.0,0.0,0.0,0.0,0,-0.12133375893328541,True,False,1663,215
2018-12-10 00:00:00+00:00,9552540.113113165,9552540.113113165,0.0,0.0,0.0,0.0,0,-0.12133375893328541,True,False,1663,215
2018-12-11 00:00:00+00:00,9552540.113113165,9552540.113113165,0.0,0.0,0.0,0.0,0,-0.12133375893328541,True,False,1663,215
2018-12-12 00:00:00+00:00,9552540.113113165,9552540.113113165,0.0,0.0,0.0,0.0,0,-0.12133375893328541,True,False,1663,215
2018-12-13 00:00:00+00:00,9552540.113113165,9552540.113113165,0.0,0.0,0.0,0.0,0,-0.12133375893328541,True,False,1663,215
2018-12-14 00:00:00+00:00,9552540.113113165,9552540.113113165,0.0,0.0,0.0,0.0,0,-0.12133375893328541,True,False,1663,215
2018-12-17 00:00:00+00:00,9552540.113113165,9552540.113113165,0.0,0.0,0.0,0.0,0,-0.12133375893328541,True,False,1663,215
2018-12-18 00:00:00+00:00,9552540.113113165,9552540.113113165,0.0,0.0,0.0,0.0,0,-0.12133375893328541,True,False,1663,215
2018-12-19 00:00:00+00:00,9552540.113113165,9552540.113113165,0.0,0.0,0.0,0.0,0,-0.12133375893328541,True,False,1663,215
2018-12-20 00:00:00+00:00,9552540.113113165,9552540.113113165,0.0,0.0,0.0,0.0,0,-0.12133375893328541,True,False,1663,215
2018-12-21 00:00:00+00:00,9552540.113113165,9552540.113113165,0.0,0.0,0.0,0.0,0,-0.12133375893328541,True,False,1663,215
2018-12-24 00:00:00+00:00,9552540.113113165,9552540.113113165,0.0,0.0,0.0,0.0,0,-0.12133375893328541,True,False,1664,215
2018-12-26 00:00:00+00:00,9552540.113113165,9552540.113113165,0.0,0.0,0.0,0.0,0,-0.12133375893328541,True,False,1664,215
2018-12-27 00:00:00+00:00,9552540.113113165,9552540.113113165,0.0,0.0,0.0,0.0,0,-0.12133375893328541,True,False,1664,215
2018-12-28 00:00:00+00:00,9552540.113113165,9552540.113113165,0.0,0.0,0.0,0.0,0,-0.12133375893328541,True,False,1664,215
2018-12-31 00:00:00+00:00,9552540.113113165,9552540.113113165,0.0,0.0,0.0,0.0,0,-0.12133375893328541,True,False,1664,215
2019-01-01 00:00:00+00:00,9552540.113113165,9552540.113113165,0.0,0.0,0.0,0.0,0,-0.12133375893328541,True,False,1664,215
2019-01-02 00:00:00+00:00,9552540.113113165,9552540.113113165,0.0,0.0,0.0,0.0,0,-0.12133375893328541,True,False,1665,215
2019-01-03 00:00:00+00:00,9552540.113113165,9552540.113113165,0.0,0.0,0.0,0.0,0,-0.12133375893328541,True,False,1666,215
2019-01-04 00:00:00+00:00,9552540.113113165,9552540.113113165,0.0,0.0,0.0,0.0,0,-0.12133375893328541,True,False,1666,215
2019-01-07 00:00:00+00:00,9552540.113113165,9552540.113113165,0.0,0.0,0.0,0.0,0,-0.12133375893328541,True,False,1667,215
2019-01-08 00:00:00+00:00,9552540.113113165,9552540.113113165,0.0,0.0,0.0,0.0,0,-0.12133375893328541,True,False,1667,215
2019-01-09 00:00:00+00:00,9552540.113113165,9552540.113113165,0.0,0.0,0.0,0.0,0,-0.12133375893328541,True,False,1667,215
2019-01-10 00:00:00+00:00,9552540.113113165,9552540.113113165,0.0,0.0,0.0,0.0,0,-0.12133375893328541,True,False,1667,215
2019-01-11 00:00:00+00:00,9552540.113113165,9552540.113113165,0.0,0.0,0.0,0.0,0,-0.12133375893328541,True,False,1667,215
2019-01-14 00:00:00+00:00,9552540.113113165,9552540.113113165,0.0,0.0,0.0,0.0,0,-0.12133375893328541,True,False,1668,215
2019-01-15 00:00:00+00:00,9552540.113113165,9552540.113113165,0.0,0.0,0.0,0.0,0,-0.12133375893328541,True,False,1668,215
2019-01-16 00:00:00+00:00,9552540.113113165,9552540.113113165,0.0,0.0,0.0,0.0,0,-0.12133375893328541,True,False,1668,215
2019-01-17 00:00:00+00:00,9552540.113113165,9552540.113113165,0.0,0.0,0.0,0.0,0,-0.12133375893328541,True,False,1669,215
2019-01-18 00:00:00+00:00,9552540.113113165,9552540.113113165,0.0,0.0,0.0,0.0,0,-0.12133375893328541,True,False,1669,215
2019-01-21 00:00:00+00:00,9552540.113113165,9552540.113113165,0.0,0.0,0.0,0.0,0,-0.12133375893328541,True,False,1670,215
2019-01-22 00:00:00+00:00,9552540.113113165,9552540.113113165,0.0,0.0,0.0,0.0,0,-0.12133375893328541,True,False,1672,215
2019-01-23 00:00:00+00:00,9552540.113113165,9552540.113113165,0.0,0.0,0.0,0.0,0,-0.12133375893328541,True,False,1673,215
2019-01-24 00:00:00+00:00,9552540.113113165,9552540.113113165,0.0,0.0,0.0,0.0,0,-0.12133375893328541,True,False,1674,215
2019-01-25 00:00:00+00:00,9552540.113113165,9552540.113113165,0.0,0.0,0.0,0.0,0,-0.12133375893328541,True,False,1680,215
2019-01-28 00:00:00+00:00,9552540.113113165,9552540.113113165,0.0,0.0,0.0,0.0,0,-0.12133375893328541,True,False,1688,215
2019-01-29 00:00:00+00:00,9552540.113113165,9552540.113113165,0.0,0.0,0.0,0.0,0,-0.12133375893328541,True,False,1690,215
2019-01-30 00:00:00+00:00,9552540.113113165,9552540.113113165,0.0,0.0,0.0,0.0,0,-0.12133375893328541,True,False,1691,215
2019-01-31 00:00:00+00:00,9552540.113113165,9552540.113113165,0.0,0.0,0.0,0.0,0,-0.12133375893328541,True,False,1691,215
2019-02-01 00:00:00+00:00,9552540.113113165,9552540.113113165,0.0,0.0,0.0,0.0,0,-0.12133375893328541,True,False,1692,215
2019-02-04 00:00:00+00:00,9552540.113113165,9552540.113113165,0.0,0.0,0.0,0.0,0,-0.12133375893328541,True,False,1692,215
2019-02-05 00:00:00+00:00,9552540.113113165,9552540.113113165,0.0,0.0,0.0,0.0,0,-0.12133375893328541,True,False,1692,215
2019-02-06 00:00:00+00:00,9552540.113113165,9552540.113113165,0.0,0.0,0.0,0.0,0,-0.12133375893328541,True,False,1692,215
2019-02-07 00:00:00+00:00,9552540.113113165,9552540.113113165,0.0,0.0,0.0,0.0,0,-0.12133375893328541,True,False,1692,215
2019-02-08 00:00:00+00:00,9552540.113113165,9552540.113113165,0.0,0.0,0.0,0.0,0,-0.12133375893328541,True,False,1694,215
2019-02-11 00:00:00+00:00,9552540.113113165,9552540.113113165,0.0,0.0,0.0,0.0,0,-0.12133375893328541,True,False,1695,215
2019-02-12 00:00:00+00:00,9552540.113113165,9552540.113113165,0.0,0.0,0.0,0.0,0,-0.12133375893328541,True,False,1695,215
2019-02-13 00:00:00+00:00,9552540.113113165,9552540.113113165,0.0,0.0,0.0,0.0,0,-0.12133375893328541,True,False,1695,215
2019-02-14 00:00:00+00:00,9552540.113113165,9552540.113113165,0.0,0.0,0.0,0.0,0,-0.12133375893328541,True,False,1698,215
2019-02-15 00:00:00+00:00,9552540.113113165,9552540.113113165,0.0,0.0,0.0,0.0,0,-0.12133375893328541,True,False,1701,215
2019-02-18 00:00:00+00:00,9552540.113113165,9552540.113113165,0.0,0.0,0.0,0.0,0,-0.12133375893328541,True,False,1705,215
2019-02-19 00:00:00+00:00,9552540.113113165,9552540.113113165,0.0,0.0,0.0,0.0,0,-0.12133375893328541,True,False,1705,215
2019-02-20 00:00:00+00:00,9552540.113113165,9552540.113113165,0.0,0.0,0.0,0.0,0,-0.12133375893328541,True,False,1706,215
2019-02-21 00:00:00+00:00,9552540.113113165,9552540.113113165,0.0,0.0,0.0,0.0,0,-0.12133375893328541,True,False,1706,215
2019-02-22 00:00:00+00:00,9552540.113113165,9552540.113113165,0.0,0.0,0.0,0.0,0,-0.12133375893328541,True,False,1706,215
2019-02-25 00:00:00+00:00,9552540.113113165,9552540.113113165,0.0,0.0,0.0,0.0,0,-0.12133375893328541,True,False,1706,215
2019-02-26 00:00:00+00:00,9552540.113113165,9552540.113113165,0.0,0.0,0.0,0.0,0,-0.12133375893328541,True,False,1706,215
2019-02-27 00:00:00+00:00,9552540.113113165,9552540.113113165,0.0,0.0,0.0,0.0,0,-0.12133375893328541,True,False,1706,215
2019-02-28 00:00:00+00:00,9552540.113113165,9552540.113113165,0.0,0.0,0.0,0.0,0,-0.12133375893328541,True,False,1706,215
2019-03-01 00:00:00+00:00,9552540.113113165,9552540.113113165,0.0,0.0,0.0,0.0,0,-0.12133375893328541,True,False,1706,215
2019-03-04 00:00:00+00:00,9552540.113113165,9552540.113113165,0.0,0.0,0.0,0.0,0,-0.12133375893328541,True,False,1706,215
2019-03-05 00:00:00+00:00,9552540.113113165,9552540.113113165,0.0,0.0,0.0,0.0,0,-0.12133375893328541,True,False,1706,215
2019-03-06 00:00:00+00:00,9552540.113113165,9552540.113113165,0.0,0.0,0.0,0.0,0,-0.12133375893328541,True,False,1706,215
2019-03-07 00:00:00+00:00,9552540.113113165,9552540.113113165,0.0,0.0,0.0,0.0,0,-0.12133375893328541,True,False,1707,215
2019-03-08 00:00:00+00:00,9552540.113113165,9552540.113113165,0.0,0.0,0.0,0.0,0,-0.12133375893328541,True,False,1707,215
2019-03-11 00:00:00+00:00,9552540.113113165,9552540.113113165,0.0,0.0,0.0,0.0,0,-0.12133375893328541,True,False,1708,215
2019-03-12 00:00:00+00:00,9552540.113113165,9552540.113113165,0.0,0.0,0.0,0.0,0,-0.12133375893328541,True,False,1708,215
2019-03-13 00:00:00+00:00,9552540.113113165,9552540.113113165,0.0,0.0,0.0,0.0,0,-0.12133375893328541,True,False,1708,215
2019-03-14 00:00:00+00:00,9552540.113113165,9552540.113113165,0.0,0.0,0.0,0.0,0,-0.12133375893328541,True,False,1708,215
2019-03-15 00:00:00+00:00,9552540.113113165,9552540.113113165,0.0,0.0,0.0,0.0,0,-0.12133375893328541,True,False,1708,215
2019-03-18 00:00:00+00:00,9552540.113113165,9552540.113113165,0.0,0.0,0.0,0.0,0,-0.12133375893328541,True,False,1708,215
2019-03-19 00:00:00+00:00,9552540.113113165,9552540.113113165,0.0,0.0,0.0,0.0,0,-0.12133375893328541,True,False,1708,215
2019-03-20 00:00:00+00:00,9552540.113113165,9552540.113113165,0.0,0.0,0.0,0.0,0,-0.12133375893328541,True,False,1708,215
2019-03-21 00:00:00+00:00,9552540.113113165,9552540.113113165,0.0,0.0,0.0,0.0,0,-0.12133375893328541,True,False,1708,215
2019-03-22 00:00:00+00:00,9552540.113113165,9552540.113113165,0.0,0.0,0.0,0.0,0,-0.12133375893328541,True,False,1708,215
2019-03-25 00:00:00+00:00,9552540.113113165,9552540.113113165,0.0,0.0,0.0,0.0,0,-0.12133375893328541,True,False,1708,215
2019-03-26 00:00:00+00:00,9552540.113113165,9552540.113113165,0.0,0.0,0.0,0.0,0,-0.12133375893328541,True,False,1708,215
2019-03-27 00:00:00+00:00,9552540.113113165,9552540.113113165,0.0,0.0,0.0,0.0,0,-0.12133375893328541,True,False,1708,215
2019-03-28 00:00:00+00:00,9552540.113113165,9552540.113113165,0.0,0.0,0.0,0.0,0,-0.12133375893328541,True,False,1708,215
2019-03-29 00:00:00+00:00,9552540.113113165,9552540.113113165,0.0,0.0,0.0,0.0,0,-0.12133375893328541,True,False,1708,215
2019-04-01 00:00:00+00:00,9552540.113113165,9552540.113113165,0.0,0.0,0.0,0.0,0,-0.12133375893328541,True,False,1708,215
2019-04-02 00:00:00+00:00,9552540.113113165,9552540.113113165,0.0,0.0,0.0,0.0,0,-0.12133375893328541,True,False,1708,215
2019-04-03 00:00:00+00:00,9552540.113113165,9552540.113113165,0.0,0.0,0.0,0.0,0,-0.12133375893328541,True,False,1708,215
2019-04-04 00:00:00+00:00,9552540.113113165,9552540.113113165,0.0,0.0,0.0,0.0,0,-0.12133375893328541,True,False,1708,215
2019-04-05 00:00:00+00:00,9552540.113113165,9552540.113113165,0.0,0.0,0.0,0.0,0,-0.12133375893328541,True,False,1708,215
2019-04-08 00:00:00+00:00,9552540.113113165,9552540.113113165,0.0,0.0,0.0,0.0,0,-0.12133375893328541,True,False,1708,215
2019-04-09 00:00:00+00:00,9552540.113113165,9552540.113113165,0.0,0.0,0.0,0.0,0,-0.12133375893328541,True,False,1708,215
2019-04-10 00:00:00+00:00,9552540.113113165,9552540.113113165,0.0,0.0,0.0,0.0,0,-0.12133375893328541,True,False,1708,215
2019-04-11 00:00:00+00:00,9552540.113113165,9552540.113113165,0.0,0.0,0.0,0.0,0,-0.12133375893328541,True,False,1708,215
2019-04-12 00:00:00+00:00,9552540.113113165,9552540.113113165,0.0,0.0,0.0,0.0,0,-0.12133375893328541,True,False,1708,215
2019-04-15 00:00:00+00:00,9552540.113113165,9552540.113113165,0.0,0.0,0.0,0.0,0,-0.12133375893328541,True,False,1708,215
2019-04-16 00:00:00+00:00,9552540.113113165,9552540.113113165,0.0,0.0,0.0,0.0,0,-0.12133375893328541,True,False,1708,215
2019-04-17 00:00:00+00:00,9552540.113113165,9552540.113113165,0.0,0.0,0.0,0.0,0,-0.12133375893328541,True,False,1709,215
2019-04-18 00:00:00+00:00,9552540.113113165,9552540.113113165,0.0,0.0,0.0,0.0,0,-0.12133375893328541,True,False,1710,215
2019-04-22 00:00:00+00:00,9552540.113113165,9552540.113113165,0.0,0.0,0.0,0.0,0,-0.12133375893328541,True,False,1710,215
2019-04-23 00:00:00+00:00,9552540.113113165,9552540.113113165,0.0,0.0,0.0,0.0,0,-0.12133375893328541,True,False,1711,215
2019-04-24 00:00:00+00:00,9552540.113113165,9552540.113113165,0.0,0.0,0.0,0.0,0,-0.12133375893328541,True,False,1713,215
2019-04-25 00:00:00+00:00,9552540.113113165,9552540.113113165,0.0,0.0,0.0,0.0,0,-0.12133375893328541,True,False,1714,215
2019-04-26 00:00:00+00:00,9552540.113113165,9552540.113113165,0.0,0.0,0.0,0.0,0,-0.12133375893328541,True,False,1714,215
2019-04-29 00:00:00+00:00,9552540.113113165,9552540.113113165,0.0,0.0,0.0,0.0,0,-0.12133375893328541,True,False,1714,215
2019-04-30 00:00:00+00:00,9552540.113113165,9552540.113113165,0.0,0.0,0.0,0.0,0,-0.12133375893328541,True,False,1715,215
2019-05-01 00:00:00+00:00,9552540.113113165,9552540.113113165,0.0,0.0,0.0,0.0,0,-0.12133375893328541,True,False,1715,215
2019-05-02 00:00:00+00:00,9552540.113113165,9552540.113113165,0.0,0.0,0.0,0.0,0,-0.12133375893328541,True,False,1716,215
2019-05-03 00:00:00+00:00,9552540.113113165,9552540.113113165,0.0,0.0,0.0,0.0,0,-0.12133375893328541,True,False,1717,215
2019-05-06 00:00:00+00:00,9552540.113113165,9552540.113113165,0.0,0.0,0.0,0.0,0,-0.12133375893328541,True,False,1720,215
2019-05-07 00:00:00+00:00,9552540.113113165,9552540.113113165,0.0,0.0,0.0,0.0,0,-0.12133375893328541,True,False,1720,215
2019-05-08 00:00:00+00:00,9552540.113113165,9552540.113113165,0.0,0.0,0.0,0.0,0,-0.12133375893328541,True,False,1725,215
2019-05-09 00:00:00+00:00,9552540.113113165,9552540.113113165,0.0,0.0,0.0,0.0,0,-0.12133375893328541,True,False,1729,215
2019-05-10 00:00:00+00:00,9552540.113113165,9552540.113113165,0.0,0.0,0.0,0.0,0,-0.12133375893328541,True,False,1729,215
2019-05-13 00:00:00+00:00,9552540.113113165,9552540.113113165,0.0,0.0,0.0,0.0,0,-0.12133375893328541,True,False,1736,215
2019-05-14 00:00:00+00:00,9552540.113113165,9552540.113113165,0.0,0.0,0.0,0.0,0,-0.12133375893328541,True,False,1737,215
2019-05-15 00:00:00+00:00,9552540.113113165,9552540.113113165,0.0,0.0,0.0,0.0,0,-0.12133375893328541,True,False,1737,215
2019-05-16 00:00:00+00:00,9552540.113113165,9552540.113113165,0.0,0.0,0.0,0.0,0,-0.12133375893328541,True,False,1737,215
2019-05-17 00:00:00+00:00,9552540.113113165,9552540.113113165,0.0,0.0,0.0,0.0,0,-0.12133375893328541,True,False,1737,215
2019-05-20 00:00:00+00:00,9552540.113113165,9552540.113113165,0.0,0.0,0.0,0.0,0,-0.12133375893328541,True,False,1738,215
2019-05-21 00:00:00+00:00,9552540.113113165,9552540.113113165,0.0,0.0,0.0,0.0,0,-0.12133375893328541,True,False,1738,215
2019-05-22 00:00:00+00:00,9552540.113113165,9552540.113113165,0.0,0.0,0.0,0.0,0,-0.12133375893328541,True,False,1740,215
2019-05-23 00:00:00+00:00,9552540.113113165,9552540.113113165,0.0,0.0,0.0,0.0,0,-0.12133375893328541,True,False,1741,215
2019-05-24 00:00:00+00:00,9552540.113113165,9552540.113113165,0.0,0.0,0.0,0.0,0,-0.12133375893328541,True,False,1741,215
2019-05-27 00:00:00+00:00,9552540.113113165,9552540.113113165,0.0,0.0,0.0,0.0,0,-0.12133375893328541,True,False,1741,215
2019-05-28 00:00:00+00:00,9552540.113113165,9552540.113113165,0.0,0.0,0.0,0.0,0,-0.12133375893328541,True,False,1742,215
2019-05-29 00:00:00+00:00,9552540.113113165,9552540.113113165,0.0,0.0,0.0,0.0,0,-0.12133375893328541,True,False,1742,215
2019-05-30 00:00:00+00:00,9552540.113113165,9552540.113113165,0.0,0.0,0.0,0.0,0,-0.12133375893328541,True,False,1742,215
2019-05-31 00:00:00+00:00,9552540.113113165,9552540.113113165,0.0,0.0,0.0,0.0,0,-0.12133375893328541,True,False,1742,215
2019-06-03 00:00:00+00:00,9552540.113113165,9552540.113113165,0.0,0.0,0.0,0.0,0,-0.12133375893328541,True,False,1742,215
2019-06-04 00:00:00+00:00,9552540.113113165,9552540.113113165,0.0,0.0,0.0,0.0,0,-0.12133375893328541,True,False,1742,215
2019-06-05 00:00:00+00:00,9552540.113113165,9552540.113113165,0.0,0.0,0.0,0.0,0,-0.12133375893328541,True,False,1742,215
2019-06-06 00:00:00+00:00,9552540.113113165,9552540.113113165,0.0,0.0,0.0,0.0,0,-0.12133375893328541,True,False,1742,215
2019-06-07 00:00:00+00:00,9552540.113113165,9552540.113113165,0.0,0.0,0.0,0.0,0,-0.12133375893328541,True,False,1743,215
2019-06-10 00:00:00+00:00,9552540.113113165,9552540.113113165,0.0,0.0,0.0,0.0,0,-0.12133375893328541,True,False,1743,215
2019-06-11 00:00:00+00:00,9552540.113113165,9552540.113113165,0.0,0.0,0.0,0.0,0,-0.12133375893328541,True,False,1743,215
2019-06-12 00:00:00+00:00,9552540.113113165,9552540.113113165,0.0,0.0,0.0,0.0,0,-0.12133375893328541,True,False,1743,215
2019-06-13 00:00:00+00:00,9552540.113113165,9552540.113113165,0.0,0.0,0.0,0.0,0,-0.12133375893328541,True,False,1743,215
2019-06-14 00:00:00+00:00,9552540.113113165,9552540.113113165,0.0,0.0,0.0,0.0,0,-0.12133375893328541,True,False,1743,215
2019-06-17 00:00:00+00:00,9552540.113113165,9552540.113113165,0.0,0.0,0.0,0.0,0,-0.12133375893328541,True,False,1743,215
2019-06-18 00:00:00+00:00,9552540.113113165,9552540.113113165,0.0,0.0,0.0,0.0,0,-0.12133375893328541,True,False,1743,215
2019-06-19 00:00:00+00:00,9552540.113113165,9552540.113113165,0.0,0.0,0.0,0.0,0,-0.12133375893328541,True,False,1743,215
2019-06-20 00:00:00+00:00,9552540.113113165,9552540.113113165,0.0,0.0,0.0,0.0,0,-0.12133375893328541,True,False,1743,215
2019-06-21 00:00:00+00:00,9552540.113113165,9552540.113113165,0.0,0.0,0.0,0.0,0,-0.12133375893328541,True,False,1743,215
2019-06-24 00:00:00+00:00,9552540.113113165,9552540.113113165,0.0,0.0,0.0,0.0,0,-0.12133375893328541,True,False,1744,215
2019-06-25 00:00:00+00:00,9552540.113113165,9552540.113113165,0.0,0.0,0.0,0.0,0,-0.12133375893328541,True,False,1744,215
2019-06-26 00:00:00+00:00,9552540.113113165,9552540.113113165,0.0,0.0,0.0,0.0,0,-0.12133375893328541,True,False,1744,215
2019-06-27 00:00:00+00:00,9552540.113113165,9552540.113113165,0.0,0.0,0.0,0.0,0,-0.12133375893328541,True,False,1744,215
2019-06-28 00:00:00+00:00,9552540.113113165,9552540.113113165,0.0,0.0,0.0,0.0,0,-0.12133375893328541,True,False,1744,215
2019-07-01 00:00:00+00:00,9552540.113113165,9552540.113113165,0.0,0.0,0.0,0.0,0,-0.12133375893328541,True,False,1744,215
2019-07-02 00:00:00+00:00,9552540.113113165,9552540.113113165,0.0,0.0,0.0,0.0,0,-0.12133375893328541,True,False,1744,215
2019-07-03 00:00:00+00:00,9552540.113113165,9552540.113113165,0.0,0.0,0.0,0.0,0,-0.12133375893328541,True,False,1744,215
2019-07-04 00:00:00+00:00,9552540.113113165,9552540.113113165,0.0,0.0,0.0,0.0,0,-0.12133375893328541,True,False,1744,215
2019-07-05 00:00:00+00:00,9552540.113113165,9552540.113113165,0.0,0.0,0.0,0.0,0,-0.12133375893328541,True,False,1747,215
2019-07-08 00:00:00+00:00,9552540.113113165,9552540.113113165,0.0,0.0,0.0,0.0,0,-0.12133375893328541,True,False,1757,215
2019-07-09 00:00:00+00:00,9552540.113113165,9552540.113113165,0.0,0.0,0.0,0.0,0,-0.12133375893328541,True,False,1758,215
2019-07-10 00:00:00+00:00,9552540.113113165,9552540.113113165,0.0,0.0,0.0,0.0,0,-0.12133375893328541,True,False,1759,215
2019-07-11 00:00:00+00:00,9552540.113113165,9552540.113113165,0.0,0.0,0.0,0.0,0,-0.12133375893328541,True,False,1760,215
2019-07-12 00:00:00+00:00,9552540.113113165,9552540.113113165,0.0,0.0,0.0,0.0,0,-0.12133375893328541,True,False,1760,215
2019-07-15 00:00:00+00:00,9552540.113113165,9552540.113113165,0.0,0.0,0.0,0.0,0,-0.12133375893328541,True,False,1760,215
2019-07-16 00:00:00+00:00,9552540.113113165,9552540.113113165,0.0,0.0,0.0,0.0,0,-0.12133375893328541,True,False,1760,215
2019-07-17 00:00:00+00:00,9552540.113113165,9552540.113113165,0.0,0.0,0.0,0.0,0,-0.12133375893328541,True,False,1760,215
2019-07-18 00:00:00+00:00,9552540.113113165,9552540.113113165,0.0,0.0,0.0,0.0,0,-0.12133375893328541,True,False,1760,215
2019-07-19 00:00:00+00:00,9552540.113113165,9552540.113113165,0.0,0.0,0.0,0.0,0,-0.12133375893328541,True,False,1762,215
2019-07-22 00:00:00+00:00,9552540.113113165,9552540.113113165,0.0,0.0,0.0,0.0,0,-0.12133375893328541,True,False,1763,215
2019-07-23 00:00:00+00:00,9552540.113113165,9552540.113113165,0.0,0.0,0.0,0.0,0,-0.12133375893328541,True,False,1767,215
2019-07-24 00:00:00+00:00,9552540.113113165,9552540.113113165,0.0,0.0,0.0,0.0,0,-0.12133375893328541,True,False,1769,215
2019-07-25 00:00:00+00:00,9552540.113113165,9552540.113113165,0.0,0.0,0.0,0.0,0,-0.12133375893328541,True,False,1770,215
2019-07-26 00:00:00+00:00,9552540.113113165,9552540.113113165,0.0,0.0,0.0,0.0,0,-0.12133375893328541,True,False,1770,215
2019-07-29 00:00:00+00:00,9552540.113113165,9552540.113113165,0.0,0.0,0.0,0.0,0,-0.12133375893328541,True,False,1773,215
2019-07-30 00:00:00+00:00,9552540.113113165,9552540.113113165,0.0,0.0,0.0,0.0,0,-0.12133375893328541,True,False,1778,215
2019-07-31 00:00:00+00:00,9552540.113113165,9552540.113113165,0.0,0.0,0.0,0.0,0,-0.12133375893328541,True,False,1779,215
2019-08-01 00:00:00+00:00,9552540.113113165,9552540.113113165,0.0,0.0,0.0,0.0,0,-0.12133375893328541,True,False,1782,215
2019-08-02 00:00:00+00:00,9552540.113113165,9552540.113113165,0.0,0.0,0.0,0.0,0,-0.12133375893328541,True,False,1784,215
2019-08-05 00:00:00+00:00,9552540.113113165,9552540.113113165,0.0,0.0,0.0,0.0,0,-0.12133375893328541,True,False,1787,215
2019-08-06 00:00:00+00:00,9552540.113113165,9552540.113113165,0.0,0.0,0.0,0.0,0,-0.12133375893328541,True,False,1788,215
2019-08-07 00:00:00+00:00,9552540.113113165,9552540.113113165,0.0,0.0,0.0,0.0,0,-0.12133375893328541,True,False,1788,215
2019-08-08 00:00:00+00:00,9552540.113113165,9552540.113113165,0.0,0.0,0.0,0.0,0,-0.12133375893328541,True,False,1788,215
2019-08-09 00:00:00+00:00,9552540.113113165,9552540.113113165,0.0,0.0,0.0,0.0,0,-0.12133375893328541,True,False,1788,215
2019-08-12 00:00:00+00:00,9552540.113113165,9552540.113113165,0.0,0.0,0.0,0.0,0,-0.12133375893328541,True,False,1788,215
2019-08-13 00:00:00+00:00,9552540.113113165,9552540.113113165,0.0,0.0,0.0,0.0,0,-0.12133375893328541,True,False,1790,215
2019-08-14 00:00:00+00:00,9552540.113113165,9552540.113113165,0.0,0.0,0.0,0.0,0,-0.12133375893328541,True,False,1790,215
2019-08-15 00:00:00+00:00,9552540.113113165,9552540.113113165,0.0,0.0,0.0,0.0,0,-0.12133375893328541,True,False,1790,215
2019-08-16 00:00:00+00:00,9552540.113113165,9552540.113113165,0.0,0.0,0.0,0.0,0,-0.12133375893328541,True,False,1790,215
2019-08-19 00:00:00+00:00,9552540.113113165,9552540.113113165,0.0,0.0,0.0,0.0,0,-0.12133375893328541,True,False,1790,215
2019-08-20 00:00:00+00:00,9552540.113113165,9552540.113113165,0.0,0.0,0.0,0.0,0,-0.12133375893328541,True,False,1793,215
2019-08-21 00:00:00+00:00,9552540.113113165,9552540.113113165,0.0,0.0,0.0,0.0,0,-0.12133375893328541,True,False,1794,215
2019-08-22 00:00:00+00:00,9552540.113113165,9552540.113113165,0.0,0.0,0.0,0.0,0,-0.12133375893328541,True,False,1800,215
2019-08-23 00:00:00+00:00,9552540.113113165,9552540.113113165,0.0,0.0,0.0,0.0,0,-0.12133375893328541,True,False,1800,215
2019-08-26 00:00:00+00:00,9552540.113113165,9552540.113113165,0.0,0.0,0.0,0.0,0,-0.12133375893328541,True,False,1800,215
2019-08-27 00:00:00+00:00,9552540.113113165,9552540.113113165,0.0,0.0,0.0,0.0,0,-0.12133375893328541,True,False,1800,215
2019-08-28 00:00:00+00:00,9552540.113113165,9552540.113113165,0.0,0.0,0.0,0.0,0,-0.12133375893328541,True,False,1800,215
2019-08-29 00:00:00+00:00,9552540.113113165,9552540.113113165,0.0,0.0,0.0,0.0,0,-0.12133375893328541,True,False,1800,215
2019-08-30 00:00:00+00:00,9552540.113113165,9552540.113113165,0.0,0.0,0.0,0.0,0,-0.12133375893328541,True,False,1800,215
2019-09-03 00:00:00+00:00,9552540.113113165,9552540.113113165,0.0,0.0,0.0,0.0,0,-0.12133375893328541,True,False,1800,215
2019-09-04 00:00:00+00:00,9552540.113113165,9552540.113113165,0.0,0.0,0.0,0.0,0,-0.12133375893328541,True,False,1800,215
2019-09-05 00:00:00+00:00,9552540.113113165,9552540.113113165,0.0,0.0,0.0,0.0,0,-0.12133375893328541,True,False,1800,215
2019-09-06 00:00:00+00:00,9552540.113113165,9552540.113113165,0.0,0.0,0.0,0.0,0,-0.12133375893328541,True,False,1800,215
2019-09-09 00:00:00+00:00,9552540.113113165,9552540.113113165,0.0,0.0,0.0,0.0,0,-0.12133375893328541,True,False,1800,215
2019-09-10 00:00:00+00:00,9552540.113113165,9552540.113113165,0.0,0.0,0.0,0.0,0,-0.12133375893328541,True,False,1800,215
2019-09-11 00:00:00+00:00,9552540.113113165,9552540.113113165,0.0,0.0,0.0,0.0,0,-0.12133375893328541,True,False,1800,215
2019-09-12 00:00:00+00:00,9552540.113113165,9552540.113113165,0.0,0.0,0.0,0.0,0,-0.12133375893328541,True,False,1800,215
2019-09-13 00:00:00+00:00,9552540.113113165,9552540.113113165,0.0,0.0,0.0,0.0,0,-0.12133375893328541,True,False,1800,215
2019-09-16 00:00:00+00:00,9552540.113113165,9552540.113113165,0.0,0.0,0.0,0.0,0,-0.12133375893328541,True,False,1800,215
2019-09-17 00:00:00+00:00,9552540.113113165,9552540.113113165,0.0,0.0,0.0,0.0,0,-0.12133375893328541,True,False,1800,215
2019-09-18 00:00:00+00:00,9552540.113113165,9552540.113113165,0.0,0.0,0.0,0.0,0,-0.12133375893328541,True,False,1800,215
2019-09-19 00:00:00+00:00,9552540.113113165,9552540.113113165,0.0,0.0,0.0,0.0,0,-0.12133375893328541,True,False,1801,215
2019-09-20 00:00:00+00:00,9552540.113113165,9552540.113113165,0.0,0.0,0.0,0.0,0,-0.12133375893328541,True,False,1801,215
2019-09-23 00:00:00+00:00,9552540.113113165,9552540.113113165,0.0,0.0,0.0,0.0,0,-0.12133375893328541,True,False,1803,215
2019-09-24 00:00:00+00:00,9552540.113113165,9552540.113113165,0.0,0.0,0.0,0.0,0,-0.12133375893328541,True,False,1803,215
2019-09-25 00:00:00+00:00,9552540.113113165,9552540.113113165,0.0,0.0,0.0,0.0,0,-0.12133375893328541,True,False,1803,215
2019-09-26 00:00:00+00:00,9552540.113113165,9552540.113113165,0.0,0.0,0.0,0.0,0,-0.12133375893328541,True,False,1803,215
2019-09-27 00:00:00+00:00,9552540.113113165,9552540.113113165,0.0,0.0,0.0,0.0,0,-0.12133375893328541,True,False,1803,215
2019-09-30 00:00:00+00:00,9552540.113113165,9552540.113113165,0.0,0.0,0.0,0.0,0,-0.12133375893328541,True,False,1803,215
2019-10-01 00:00:00+00:00,9552540.113113165,9552540.113113165,0.0,0.0,0.0,0.0,0,-0.12133375893328541,True,False,1803,215
2019-10-02 00:00:00+00:00,9552540.113113165,9552540.113113165,0.0,0.0,0.0,0.0,0,-0.12133375893328541,True,False,1803,215
2019-10-03 00:00:00+00:00,9552540.113113165,9552540.113113165,0.0,0.0,0.0,0.0,0,-0.12133375893328541,True,False,1803,215
2019-10-04 00:00:00+00:00,9552540.113113165,9552540.113113165,0.0,0.0,0.0,0.0,0,-0.12133375893328541,True,False,1803,215
2019-10-07 00:00:00+00:00,9552540.113113165,9552540.113113165,0.0,0.0,0.0,0.0,0,-0.12133375893328541,True,False,1805,215
2019-10-08 00:00:00+00:00,9552540.113113165,9552540.113113165,0.0,0.0,0.0,0.0,0,-0.12133375893328541,True,False,1805,215
2019-10-09 00:00:00+00:00,9552540.113113165,9552540.113113165,0.0,0.0,0.0,0.0,0,-0.12133375893328541,True,False,1805,215
2019-10-10 00:00:00+00:00,9552540.113113165,9552540.113113165,0.0,0.0,0.0,0.0,0,-0.12133375893328541,True,False,1805,215
2019-10-11 00:00:00+00:00,9552540.113113165,9552540.113113165,0.0,0.0,0.0,0.0,0,-0.12133375893328541,True,False,1806,215
2019-10-14 00:00:00+00:00,9552540.113113165,9552540.113113165,0.0,0.0,0.0,0.0,0,-0.12133375893328541,True,False,1806,215
2019-10-15 00:00:00+00:00,9552540.113113165,9552540.113113165,0.0,0.0,0.0,0.0,0,-0.12133375893328541,True,False,1806,215
2019-10-16 00:00:00+00:00,9552540.113113165,9552540.113113165,0.0,0.0,0.0,0.0,0,-0.12133375893328541,True,False,1806,215
2019-10-17 00:00:00+00:00,9552540.113113165,9552540.113113165,0.0,0.0,0.0,0.0,0,-0.12133375893328541,True,False,1806,215
2019-10-18 00:00:00+00:00,9552540.113113165,9552540.113113165,0.0,0.0,0.0,0.0,0,-0.12133375893328541,True,False,1806,215
2019-10-21 00:00:00+00:00,9552540.113113165,9552540.113113165,0.0,0.0,0.0,0.0,0,-0.12133375893328541,True,False,1806,215
2019-10-22 00:00:00+00:00,9552540.113113165,9552540.113113165,0.0,0.0,0.0,0.0,0,-0.12133375893328541,True,False,1807,215
2019-10-23 00:00:00+00:00,9552540.113113165,9552540.113113165,0.0,0.0,0.0,0.0,0,-0.12133375893328541,True,False,1807,215
2019-10-24 00:00:00+00:00,9552540.113113165,9552540.113113165,0.0,0.0,0.0,0.0,0,-0.12133375893328541,True,False,1807,215
2019-10-25 00:00:00+00:00,9552540.113113165,9552540.113113165,0.0,0.0,0.0,0.0,0,-0.12133375893328541,True,False,1807,215
2019-10-27 00:00:00+00:00,9552540.113113165,9552540.113113165,0.0,0.0,0.0,0.0,0,-0.12133375893328541,True,False,1807,215
2019-10-28 00:00:00+00:00,9552540.113113165,9552540.113113165,0.0,0.0,0.0,0.0,0,-0.12133375893328541,True,False,1807,215
2019-10-29 00:00:00+00:00,9552540.113113165,9552540.113113165,0.0,0.0,0.0,0.0,0,-0.12133375893328541,True,False,1807,215
2019-10-30 00:00:00+00:00,9552540.113113165,9552540.113113165,0.0,0.0,0.0,0.0,0,-0.12133375893328541,True,False,1807,215
2019-10-31 00:00:00+00:00,9552540.113113165,9552540.113113165,0.0,0.0,0.0,0.0,0,-0.12133375893328541,True,False,1807,215
2019-11-01 00:00:00+00:00,9552540.113113165,9552540.113113165,0.0,0.0,0.0,0.0,0,-0.12133375893328541,True,False,1807,215
2019-11-04 00:00:00+00:00,9552540.113113165,9552540.113113165,0.0,0.0,0.0,0.0,0,-0.12133375893328541,True,False,1807,215
2019-11-05 00:00:00+00:00,9552540.113113165,9552540.113113165,0.0,0.0,0.0,0.0,0,-0.12133375893328541,True,False,1807,215
2019-11-06 00:00:00+00:00,9552540.113113165,9552540.113113165,0.0,0.0,0.0,0.0,0,-0.12133375893328541,True,False,1808,215
2019-11-07 00:00:00+00:00,9552540.113113165,9552540.113113165,0.0,0.0,0.0,0.0,0,-0.12133375893328541,True,False,1808,215
2019-11-08 00:00:00+00:00,9552540.113113165,9552540.113113165,0.0,0.0,0.0,0.0,0,-0.12133375893328541,True,False,1810,215
2019-11-11 00:00:00+00:00,9552540.113113165,9552540.113113165,0.0,0.0,0.0,0.0,0,-0.12133375893328541,True,False,1811,215
2019-11-12 00:00:00+00:00,9552540.113113165,9552540.113113165,0.0,0.0,0.0,0.0,0,-0.12133375893328541,True,False,1811,215
2019-11-13 00:00:00+00:00,9552540.113113165,9552540.113113165,0.0,0.0,0.0,0.0,0,-0.12133375893328541,True,False,1811,215
2019-11-14 00:00:00+00:00,9552540.113113165,9552540.113113165,0.0,0.0,0.0,0.0,0,-0.12133375893328541,True,False,1812,215
2019-11-15 00:00:00+00:00,9552540.113113165,9552540.113113165,0.0,0.0,0.0,0.0,0,-0.12133375893328541,True,False,1812,215
2019-11-18 00:00:00+00:00,9552540.113113165,9552540.113113165,0.0,0.0,0.0,0.0,0,-0.12133375893328541,True,False,1812,215
2019-11-19 00:00:00+00:00,9552540.113113165,9552540.113113165,0.0,0.0,0.0,0.0,0,-0.12133375893328541,True,False,1813,215
2019-11-20 00:00:00+00:00,9552540.113113165,9552540.113113165,0.0,0.0,0.0,0.0,0,-0.12133375893328541,True,False,1813,215
2019-11-21 00:00:00+00:00,9552540.113113165,9552540.113113165,0.0,0.0,0.0,0.0,0,-0.12133375893328541,True,False,1813,215
2019-11-22 00:00:00+00:00,9552540.113113165,9552540.113113165,0.0,0.0,0.0,0.0,0,-0.12133375893328541,True,False,1814,215
2019-11-25 00:00:00+00:00,9552540.113113165,9552540.113113165,0.0,0.0,0.0,0.0,0,-0.12133375893328541,True,False,1814,215
2019-11-26 00:00:00+00:00,9552540.113113165,9552540.113113165,0.0,0.0,0.0,0.0,0,-0.12133375893328541,True,False,1816,215
2019-11-27 00:00:00+00:00,9552540.113113165,9552540.113113165,0.0,0.0,0.0,0.0,0,-0.12133375893328541,True,False,1816,215
2019-11-28 00:00:00+00:00,9552540.113113165,9552540.113113165,0.0,0.0,0.0,0.0,0,-0.12133375893328541,True,False,1816,215
2019-11-29 00:00:00+00:00,9552540.113113165,9552540.113113165,0.0,0.0,0.0,0.0,0,-0.12133375893328541,True,False,1816,215
2019-12-02 00:00:00+00:00,9552540.113113165,9552540.113113165,0.0,0.0,0.0,0.0,0,-0.12133375893328541,True,False,1816,215
2019-12-03 00:00:00+00:00,9552540.113113165,9552540.113113165,0.0,0.0,0.0,0.0,0,-0.12133375893328541,True,False,1816,215
2019-12-04 00:00:00+00:00,9552540.113113165,9552540.113113165,0.0,0.0,0.0,0.0,0,-0.12133375893328541,True,False,1817,215
2019-12-05 00:00:00+00:00,9552540.113113165,9552540.113113165,0.0,0.0,0.0,0.0,0,-0.12133375893328541,True,False,1817,215
2019-12-06 00:00:00+00:00,9552540.113113165,9552540.113113165,0.0,0.0,0.0,0.0,0,-0.12133375893328541,True,False,1822,215
2019-12-09 00:00:00+00:00,9552540.113113165,9552540.113113165,0.0,0.0,0.0,0.0,0,-0.12133375893328541,True,False,1825,215
2019-12-10 00:00:00+00:00,9552540.113113165,9552540.113113165,0.0,0.0,0.0,0.0,0,-0.12133375893328541,True,False,1830,215
2019-12-11 00:00:00+00:00,9552540.113113165,9552540.113113165,0.0,0.0,0.0,0.0,0,-0.12133375893328541,True,False,1831,215
2019-12-12 00:00:00+00:00,9552540.113113165,9552540.113113165,0.0,0.0,0.0,0.0,0,-0.12133375893328541,True,False,1831,215
2019-12-13 00:00:00+00:00,9552540.113113165,9552540.113113165,0.0,0.0,0.0,0.0,0,-0.12133375893328541,True,False,1831,215
2019-12-16 00:00:00+00:00,9552540.113113165,9552540.113113165,0.0,0.0,0.0,0.0,0,-0.12133375893328541,True,False,1831,215
2019-12-17 00:00:00+00:00,9552540.113113165,9552540.113113165,0.0,0.0,0.0,0.0,0,-0.12133375893328541,True,False,1831,215
2019-12-18 00:00:00+00:00,9552540.113113165,9552540.113113165,0.0,0.0,0.0,0.0,0,-0.12133375893328541,True,False,1832,215
2019-12-19 00:00:00+00:00,9552540.113113165,9552540.113113165,0.0,0.0,0.0,0.0,0,-0.12133375893328541,True,False,1832,215
2019-12-20 00:00:00+00:00,9552540.113113165,9552540.113113165,0.0,0.0,0.0,0.0,0,-0.12133375893328541,True,False,1832,215
2019-12-23 00:00:00+00:00,9552540.113113165,9552540.113113165,0.0,0.0,0.0,0.0,0,-0.12133375893328541,True,False,1832,215
2019-12-24 00:00:00+00:00,9552540.113113165,9552540.113113165,0.0,0.0,0.0,0.0,0,-0.12133375893328541,True,False,1832,215
2019-12-26 00:00:00+00:00,9552540.113113165,9552540.113113165,0.0,0.0,0.0,0.0,0,-0.12133375893328541,True,False,1832,215
2019-12-27 00:00:00+00:00,9552540.113113165,9552540.113113165,0.0,0.0,0.0,0.0,0,-0.12133375893328541,True,False,1832,215
2019-12-30 00:00:00+00:00,9552540.113113165,9552540.113113165,0.0,0.0,0.0,0.0,0,-0.12133375893328541,True,False,1832,215
2019-12-31 00:00:00+00:00,9552540.113113165,9552540.113113165,0.0,0.0,0.0,0.0,0,-0.12133375893328541,True,False,1832,215
2020-01-01 00:00:00+00:00,9552540.113113165,9552540.113113165,0.0,0.0,0.0,0.0,0,-0.12133375893328541,True,False,1832,215
2020-01-02 00:00:00+00:00,9552540.113113165,9552540.113113165,0.0,0.0,0.0,0.0,0,-0.12133375893328541,True,False,1832,215
2020-01-03 00:00:00+00:00,9552540.113113165,9552540.113113165,0.0,0.0,0.0,0.0,0,-0.12133375893328541,True,False,1832,215
2020-01-06 00:00:00+00:00,9552540.113113165,9552540.113113165,0.0,0.0,0.0,0.0,0,-0.12133375893328541,True,False,1833,215
2020-01-07 00:00:00+00:00,9552540.113113165,9552540.113113165,0.0,0.0,0.0,0.0,0,-0.12133375893328541,True,False,1833,215
2020-01-08 00:00:00+00:00,9552540.113113165,9552540.113113165,0.0,0.0,0.0,0.0,0,-0.12133375893328541,True,False,1833,215
2020-01-09 00:00:00+00:00,9552540.113113165,9552540.113113165,0.0,0.0,0.0,0.0,0,-0.12133375893328541,True,False,1833,215
2020-01-10 00:00:00+00:00,9552540.113113165,9552540.113113165,0.0,0.0,0.0,0.0,0,-0.12133375893328541,True,False,1833,215
2020-01-13 00:00:00+00:00,9552540.113113165,9552540.113113165,0.0,0.0,0.0,0.0,0,-0.12133375893328541,True,False,1833,215
2020-01-14 00:00:00+00:00,9552540.113113165,9552540.113113165,0.0,0.0,0.0,0.0,0,-0.12133375893328541,True,False,1833,215
2020-01-15 00:00:00+00:00,9552540.113113165,9552540.113113165,0.0,0.0,0.0,0.0,0,-0.12133375893328541,True,False,1833,215
2020-01-16 00:00:00+00:00,9552540.113113165,9552540.113113165,0.0,0.0,0.0,0.0,0,-0.12133375893328541,True,False,1833,215
2020-01-17 00:00:00+00:00,9552540.113113165,9552540.113113165,0.0,0.0,0.0,0.0,0,-0.12133375893328541,True,False,1833,215
2020-01-20 00:00:00+00:00,9552540.113113165,9552540.113113165,0.0,0.0,0.0,0.0,0,-0.12133375893328541,True,False,1833,215
2020-01-21 00:00:00+00:00,9552540.113113165,9552540.113113165,0.0,0.0,0.0,0.0,0,-0.12133375893328541,True,False,1835,215
2020-01-22 00:00:00+00:00,9552540.113113165,9552540.113113165,0.0,0.0,0.0,0.0,0,-0.12133375893328541,True,False,1837,215
2020-01-23 00:00:00+00:00,9552540.113113165,9552540.113113165,0.0,0.0,0.0,0.0,0,-0.12133375893328541,True,False,1837,215
2020-01-24 00:00:00+00:00,9552540.113113165,9552540.113113165,0.0,0.0,0.0,0.0,0,-0.12133375893328541,True,False,1839,215
2020-01-27 00:00:00+00:00,9552540.113113165,9552540.113113165,0.0,0.0,0.0,0.0,0,-0.12133375893328541,True,False,1841,215
2020-01-28 00:00:00+00:00,9552540.113113165,9552540.113113165,0.0,0.0,0.0,0.0,0,-0.12133375893328541,True,False,1842,215
2020-01-29 00:00:00+00:00,9552540.113113165,9552540.113113165,0.0,0.0,0.0,0.0,0,-0.12133375893328541,True,False,1842,215
2020-01-30 00:00:00+00:00,9552540.113113165,9552540.113113165,0.0,0.0,0.0,0.0,0,-0.12133375893328541,True,False,1843,215
2020-01-31 00:00:00+00:00,9552540.113113165,9552540.113113165,0.0,0.0,0.0,0.0,0,-0.12133375893328541,True,False,1844,215
2020-02-03 00:00:00+00:00,9552540.113113165,9552540.113113165,0.0,0.0,0.0,0.0,0,-0.12133375893328541,True,False,1852,215
2020-02-04 00:00:00+00:00,9552540.113113165,9552540.113113165,0.0,0.0,0.0,0.0,0,-0.12133375893328541,True,False,1852,215
2020-02-05 00:00:00+00:00,9552540.113113165,9552540.113113165,0.0,0.0,0.0,0.0,0,-0.12133375893328541,True,False,1852,215
2020-02-06 00:00:00+00:00,9552540.113113165,9552540.113113165,0.0,0.0,0.0,0.0,0,-0.12133375893328541,True,False,1852,215
2020-02-07 00:00:00+00:00,9552540.113113165,9552540.113113165,0.0,0.0,0.0,0.0,0,-0.12133375893328541,True,False,1852,215
2020-02-10 00:00:00+00:00,9552540.113113165,9552540.113113165,0.0,0.0,0.0,0.0,0,-0.12133375893328541,True,False,1852,215
2020-02-11 00:00:00+00:00,9552540.113113165,9552540.113113165,0.0,0.0,0.0,0.0,0,-0.12133375893328541,True,False,1852,215
2020-02-12 00:00:00+00:00,9552540.113113165,9552540.113113165,0.0,0.0,0.0,0.0,0,-0.12133375893328541,True,False,1852,215
2020-02-13 00:00:00+00:00,9552540.113113165,9552540.113113165,0.0,0.0,0.0,0.0,0,-0.12133375893328541,True,False,1852,215
2020-02-14 00:00:00+00:00,9552540.113113165,9552540.113113165,0.0,0.0,0.0,0.0,0,-0.12133375893328541,True,False,1853,215
2020-02-17 00:00:00+00:00,9552540.113113165,9552540.113113165,0.0,0.0,0.0,0.0,0,-0.12133375893328541,True,False,1857,215
2020-02-18 00:00:00+00:00,9552540.113113165,9552540.113113165,0.0,0.0,0.0,0.0,0,-0.12133375893328541,True,False,1860,215
2020-02-19 00:00:00+00:00,9552540.113113165,9552540.113113165,0.0,0.0,0.0,0.0,0,-0.12133375893328541,True,False,1860,215
2020-02-20 00:00:00+00:00,9552540.113113165,9552540.113113165,0.0,0.0,0.0,0.0,0,-0.12133375893328541,True,False,1860,215
2020-02-21 00:00:00+00:00,9552540.113113165,9552540.113113165,0.0,0.0,0.0,0.0,0,-0.12133375893328541,True,False,1860,215
2020-02-24 00:00:00+00:00,9552540.113113165,9552540.113113165,0.0,0.0,0.0,0.0,0,-0.12133375893328541,True,False,1861,215
2020-02-25 00:00:00+00:00,9552540.113113165,9552540.113113165,0.0,0.0,0.0,0.0,0,-0.12133375893328541,True,False,1862,215
2020-02-26 00:00:00+00:00,9552540.113113165,9552540.113113165,0.0,0.0,0.0,0.0,0,-0.12133375893328541,True,False,1866,215
2020-02-27 00:00:00+00:00,9552540.113113165,9552540.113113165,0.0,0.0,0.0,0.0,0,-0.12133375893328541,True,False,1873,215
2020-02-28 00:00:00+00:00,9552540.113113165,9552540.113113165,0.0,0.0,0.0,0.0,0,-0.12133375893328541,True,False,1890,215
2020-03-02 00:00:00+00:00,9552540.113113165,9552540.113113165,0.0,0.0,0.0,0.0,0,-0.12133375893328541,True,False,1895,215
2020-03-03 00:00:00+00:00,9552540.113113165,9552540.113113165,0.0,0.0,0.0,0.0,0,-0.12133375893328541,True,False,1895,215
2020-03-04 00:00:00+00:00,9552540.113113165,9552540.113113165,0.0,0.0,0.0,0.0,0,-0.12133375893328541,True,False,1896,215
2020-03-05 00:00:00+00:00,9552540.113113165,9552540.113113165,0.0,0.0,0.0,0.0,0,-0.12133375893328541,True,False,1897,215
2020-03-06 00:00:00+00:00,9552540.113113165,9552540.113113165,0.0,0.0,0.0,0.0,0,-0.12133375893328541,True,False,1897,215
2020-03-09 00:00:00+00:00,9552540.113113165,9552540.113113165,0.0,0.0,0.0,0.0,0,-0.12133375893328541,True,False,1908,215
2020-03-10 00:00:00+00:00,9552540.113113165,9552540.113113165,0.0,0.0,0.0,0.0,0,-0.12133375893328541,True,False,1908,215
2020-03-11 00:00:00+00:00,9552540.113113165,9552540.113113165,0.0,0.0,0.0,0.0,0,-0.12133375893328541,True,False,1908,215
2020-03-12 00:00:00+00:00,9552540.113113165,9552540.113113165,0.0,0.0,0.0,0.0,0,-0.12133375893328541,True,False,1925,215
2020-03-13 00:00:00+00:00,9552540.113113165,9552540.113113165,0.0,0.0,0.0,0.0,0,-0.12133375893328541,True,False,1926,215
2020-03-16 00:00:00+00:00,9552540.113113165,9552540.113113165,0.0,0.0,0.0,0.0,0,-0.12133375893328541,True,False,1932,215
2020-03-17 00:00:00+00:00,9552540.113113165,9552540.113113165,0.0,0.0,0.0,0.0,0,-0.12133375893328541,True,False,1933,215
2020-03-18 00:00:00+00:00,9552540.113113165,9552540.113113165,0.0,0.0,0.0,0.0,0,-0.12133375893328541,True,False,1936,215
2020-03-19 00:00:00+00:00,9552540.113113165,9552540.113113165,0.0,0.0,0.0,0.0,0,-0.12133375893328541,True,False,1938,215
2020-03-20 00:00:00+00:00,9552540.113113165,9552540.113113165,0.0,0.0,0.0,0.0,0,-0.12133375893328541,True,False,1938,215
2020-03-23 00:00:00+00:00,9552540.113113165,9552540.113113165,0.0,0.0,0.0,0.0,0,-0.12133375893328541,True,False,1938,215
2020-03-24 00:00:00+00:00,9552540.113113165,9552540.113113165,0.0,0.0,0.0,0.0,0,-0.12133375893328541,True,False,1938,215
2020-03-25 00:00:00+00:00,9552540.113113165,9552540.113113165,0.0,0.0,0.0,0.0,0,-0.12133375893328541,True,False,1938,215
2020-03-26 00:00:00+00:00,9552540.113113165,9552540.113113165,0.0,0.0,0.0,0.0,0,-0.12133375893328541,True,False,1938,215
2020-03-27 00:00:00+00:00,9552540.113113165,9552540.113113165,0.0,0.0,0.0,0.0,0,-0.12133375893328541,True,False,1938,215
2020-03-30 00:00:00+00:00,9552540.113113165,9552540.113113165,0.0,0.0,0.0,0.0,0,-0.12133375893328541,True,False,1938,215
2020-03-31 00:00:00+00:00,9552540.113113165,9552540.113113165,0.0,0.0,0.0,0.0,0,-0.12133375893328541,True,False,1938,215
2020-04-01 00:00:00+00:00,9552540.113113165,9552540.113113165,0.0,0.0,0.0,0.0,0,-0.12133375893328541,True,False,1938,215
2020-04-02 00:00:00+00:00,9552540.113113165,9552540.113113165,0.0,0.0,0.0,0.0,0,-0.12133375893328541,True,False,1938,215
2020-04-03 00:00:00+00:00,9552540.113113165,9552540.113113165,0.0,0.0,0.0,0.0,0,-0.12133375893328541,True,False,1938,215
2020-04-06 00:00:00+00:00,9552540.113113165,9552540.113113165,0.0,0.0,0.0,0.0,0,-0.12133375893328541,True,False,1938,215
2020-04-07 00:00:00+00:00,9552540.113113165,9552540.113113165,0.0,0.0,0.0,0.0,0,-0.12133375893328541,True,False,1938,215
2020-04-08 00:00:00+00:00,9552540.113113165,9552540.113113165,0.0,0.0,0.0,0.0,0,-0.12133375893328541,True,False,1938,215
2020-04-09 00:00:00+00:00,9552540.113113165,9552540.113113165,0.0,0.0,0.0,0.0,0,-0.12133375893328541,True,False,1938,215
2020-04-13 00:00:00+00:00,9552540.113113165,9552540.113113165,0.0,0.0,0.0,0.0,0,-0.12133375893328541,True,False,1938,215
2020-04-14 00:00:00+00:00,9552540.113113165,9552540.113113165,0.0,0.0,0.0,0.0,0,-0.12133375893328541,True,False,1938,215
2020-04-15 00:00:00+00:00,9552540.113113165,9552540.113113165,0.0,0.0,0.0,0.0,0,-0.12133375893328541,True,False,1938,215
2020-04-16 00:00:00+00:00,9552540.113113165,9552540.113113165,0.0,0.0,0.0,0.0,0,-0.12133375893328541,True,False,1938,215
2020-04-17 00:00:00+00:00,9552540.113113165,9552540.113113165,0.0,0.0,0.0,0.0,0,-0.12133375893328541,True,False,1938,215
2020-04-20 00:00:00+00:00,9552540.113113165,9552540.113113165,0.0,0.0,0.0,0.0,0,-0.12133375893328541,True,False,1938,215
2020-04-21 00:00:00+00:00,9552540.113113165,9552540.113113165,0.0,0.0,0.0,0.0,0,-0.12133375893328541,True,False,1938,215
2020-04-22 00:00:00+00:00,9552540.113113165,9552540.113113165,0.0,0.0,0.0,0.0,0,-0.12133375893328541,True,False,1938,215
2020-04-23 00:00:00+00:00,9552540.113113165,9552540.113113165,0.0,0.0,0.0,0.0,0,-0.12133375893328541,True,False,1938,215
2020-04-24 00:00:00+00:00,9552540.113113165,9552540.113113165,0.0,0.0,0.0,0.0,0,-0.12133375893328541,True,False,1938,215
2020-04-27 00:00:00+00:00,9552540.113113165,9552540.113113165,0.0,0.0,0.0,0.0,0,-0.12133375893328541,True,False,1938,215
2020-04-28 00:00:00+00:00,9552540.113113165,9552540.113113165,0.0,0.0,0.0,0.0,0,-0.12133375893328541,True,False,1938,215
2020-04-29 00:00:00+00:00,9552540.113113165,9552540.113113165,0.0,0.0,0.0,0.0,0,-0.12133375893328541,True,False,1938,215
2020-04-30 00:00:00+00:00,9552540.113113165,9552540.113113165,0.0,0.0,0.0,0.0,0,-0.12133375893328541,True,False,1938,215
2020-05-01 00:00:00+00:00,9552540.113113165,9552540.113113165,0.0,0.0,0.0,0.0,0,-0.12133375893328541,True,False,1938,215
2020-05-04 00:00:00+00:00,9552540.113113165,9552540.113113165,0.0,0.0,0.0,0.0,0,-0.12133375893328541,True,False,1938,215
2020-05-05 00:00:00+00:00,9552540.113113165,9552540.113113165,0.0,0.0,0.0,0.0,0,-0.12133375893328541,True,False,1938,215
2020-05-06 00:00:00+00:00,9552540.113113165,9552540.113113165,0.0,0.0,0.0,0.0,0,-0.12133375893328541,True,False,1938,215
2020-05-07 00:00:00+00:00,9552540.113113165,9552540.113113165,0.0,0.0,0.0,0.0,0,-0.12133375893328541,True,False,1938,215
2020-05-08 00:00:00+00:00,9552540.113113165,9552540.113113165,0.0,0.0,0.0,0.0,0,-0.12133375893328541,True,False,1938,215
2020-05-11 00:00:00+00:00,9552540.113113165,9552540.113113165,0.0,0.0,0.0,0.0,0,-0.12133375893328541,True,False,1938,215
2020-05-12 00:00:00+00:00,9552540.113113165,9552540.113113165,0.0,0.0,0.0,0.0,0,-0.12133375893328541,True,False,1938,215
2020-05-13 00:00:00+00:00,9552540.113113165,9552540.113113165,0.0,0.0,0.0,0.0,0,-0.12133375893328541,True,False,1938,215
2020-05-14 00:00:00+00:00,9552540.113113165,9552540.113113165,0.0,0.0,0.0,0.0,0,-0.12133375893328541,True,False,1938,215
2020-05-15 00:00:00+00:00,9552540.113113165,9552540.113113165,0.0,0.0,0.0,0.0,0,-0.12133375893328541,True,False,1939,215
2020-05-18 00:00:00+00:00,9552540.113113165,9552540.113113165,0.0,0.0,0.0,0.0,0,-0.12133375893328541,True,False,1940,215
2020-05-19 00:00:00+00:00,9552540.113113165,9552540.113113165,0.0,0.0,0.0,0.0,0,-0.12133375893328541,True,False,1940,215
2020-05-20 00:00:00+00:00,9552540.113113165,9552540.113113165,0.0,0.0,0.0,0.0,0,-0.12133375893328541,True,False,1940,215
2020-05-21 00:00:00+00:00,9552540.113113165,9552540.113113165,0.0,0.0,0.0,0.0,0,-0.12133375893328541,True,False,1940,215
2020-05-22 00:00:00+00:00,9552540.113113165,9552540.113113165,0.0,0.0,0.0,0.0,0,-0.12133375893328541,True,False,1940,215
2020-05-26 00:00:00+00:00,9552540.113113165,9552540.113113165,0.0,0.0,0.0,0.0,0,-0.12133375893328541,True,False,1940,215
2020-05-27 00:00:00+00:00,9552540.113113165,9552540.113113165,0.0,0.0,0.0,0.0,0,-0.12133375893328541,True,False,1940,215
2020-05-28 00:00:00+00:00,9552540.113113165,9552540.113113165,0.0,0.0,0.0,0.0,0,-0.12133375893328541,True,False,1940,215
2020-05-29 00:00:00+00:00,9552540.113113165,9552540.113113165,0.0,0.0,0.0,0.0,0,-0.12133375893328541,True,False,1940,215
2020-06-01 00:00:00+00:00,9552540.113113165,9552540.113113165,0.0,0.0,0.0,0.0,0,-0.12133375893328541,True,False,1940,215
2020-06-02 00:00:00+00:00,9552540.113113165,9552540.113113165,0.0,0.0,0.0,0.0,0,-0.12133375893328541,True,False,1940,215
2020-06-03 00:00:00+00:00,9552540.113113165,9552540.113113165,0.0,0.0,0.0,0.0,0,-0.12133375893328541,True,False,1940,215
2020-06-04 00:00:00+00:00,9552540.113113165,9552540.113113165,0.0,0.0,0.0,0.0,0,-0.12133375893328541,True,False,1940,215
2020-06-05 00:00:00+00:00,9552540.113113165,9552540.113113165,0.0,0.0,0.0,0.0,0,-0.12133375893328541,True,False,1940,215
2020-06-08 00:00:00+00:00,9552540.113113165,9552540.113113165,0.0,0.0,0.0,0.0,0,-0.12133375893328541,True,False,1940,215
2020-06-09 00:00:00+00:00,9552540.113113165,9552540.113113165,0.0,0.0,0.0,0.0,0,-0.12133375893328541,True,False,1940,215
2020-06-10 00:00:00+00:00,9552540.113113165,9552540.113113165,0.0,0.0,0.0,0.0,0,-0.12133375893328541,True,False,1940,215
2020-06-11 00:00:00+00:00,9552540.113113165,9552540.113113165,0.0,0.0,0.0,0.0,0,-0.12133375893328541,True,False,1940,215
2020-06-12 00:00:00+00:00,9552540.113113165,9552540.113113165,0.0,0.0,0.0,0.0,0,-0.12133375893328541,True,False,1940,215
2020-06-15 00:00:00+00:00,9552540.113113165,9552540.113113165,0.0,0.0,0.0,0.0,0,-0.12133375893328541,True,False,1940,215
2020-06-16 00:00:00+00:00,9552540.113113165,9552540.113113165,0.0,0.0,0.0,0.0,0,-0.12133375893328541,True,False,1940,215
2020-06-17 00:00:00+00:00,9552540.113113165,9552540.113113165,0.0,0.0,0.0,0.0,0,-0.12133375893328541,True,False,1940,215
2020-06-18 00:00:00+00:00,9552540.113113165,9552540.113113165,0.0,0.0,0.0,0.0,0,-0.12133375893328541,True,False,1940,215
2020-06-19 00:00:00+00:00,9552540.113113165,9552540.113113165,0.0,0.0,0.0,0.0,0,-0.12133375893328541,True,False,1940,215
2020-06-22 00:00:00+00:00,9552540.113113165,9552540.113113165,0.0,0.0,0.0,0.0,0,-0.12133375893328541,True,False,1940,215
2020-06-23 00:00:00+00:00,9552540.113113165,9552540.113113165,0.0,0.0,0.0,0.0,0,-0.12133375893328541,True,False,1940,215
2020-06-24 00:00:00+00:00,9552540.113113165,9552540.113113165,0.0,0.0,0.0,0.0,0,-0.12133375893328541,True,False,1940,215
2020-06-25 00:00:00+00:00,9552540.113113165,9552540.113113165,0.0,0.0,0.0,0.0,0,-0.12133375893328541,True,False,1940,215
2020-06-26 00:00:00+00:00,9552540.113113165,9552540.113113165,0.0,0.0,0.0,0.0,0,-0.12133375893328541,True,False,1940,215
2020-06-29 00:00:00+00:00,9552540.113113165,9552540.113113165,0.0,0.0,0.0,0.0,0,-0.12133375893328541,True,False,1940,215
2020-06-30 00:00:00+00:00,9552540.113113165,9552540.113113165,0.0,0.0,0.0,0.0,0,-0.12133375893328541,True,False,1940,215
2020-07-01 00:00:00+00:00,9552540.113113165,9552540.113113165,0.0,0.0,0.0,0.0,0,-0.12133375893328541,True,False,1940,215
2020-07-02 00:00:00+00:00,9552540.113113165,9552540.113113165,0.0,0.0,0.0,0.0,0,-0.12133375893328541,True,False,1941,215
2020-07-03 00:00:00+00:00,9552540.113113165,9552540.113113165,0.0,0.0,0.0,0.0,0,-0.12133375893328541,True,False,1941,215
2020-07-06 00:00:00+00:00,9552540.113113165,9552540.113113165,0.0,0.0,0.0,0.0,0,-0.12133375893328541,True,False,1941,215
2020-07-07 00:00:00+00:00,9552540.113113165,9552540.113113165,0.0,0.0,0.0,0.0,0,-0.12133375893328541,True,False,1941,215
2020-07-08 00:00:00+00:00,9552540.113113165,9552540.113113165,0.0,0.0,0.0,0.0,0,-0.12133375893328541,True,False,1941,215
2020-07-09 00:00:00+00:00,9552540.113113165,9552540.113113165,0.0,0.0,0.0,0.0,0,-0.12133375893328541,True,False,1941,215
2020-07-10 00:00:00+00:00,9552540.113113165,9552540.113113165,0.0,0.0,0.0,0.0,0,-0.12133375893328541,True,False,1942,215
2020-07-13 00:00:00+00:00,9552540.113113165,9552540.113113165,0.0,0.0,0.0,0.0,0,-0.12133375893328541,True,False,1942,215
2020-07-14 00:00:00+00:00,9552540.113113165,9552540.113113165,0.0,0.0,0.0,0.0,0,-0.12133375893328541,True,False,1943,215
2020-07-15 00:00:00+00:00,9552540.113113165,9552540.113113165,0.0,0.0,0.0,0.0,0,-0.12133375893328541,True,False,1944,215
2020-07-16 00:00:00+00:00,9552540.113113165,9552540.113113165,0.0,0.0,0.0,0.0,0,-0.12133375893328541,True,False,1944,215
2020-07-17 00:00:00+00:00,9552540.113113165,9552540.113113165,0.0,0.0,0.0,0.0,0,-0.12133375893328541,True,False,1944,215
2020-07-20 00:00:00+00:00,9552540.113113165,9552540.113113165,0.0,0.0,0.0,0.0,0,-0.12133375893328541,True,False,1944,215
2020-07-21 00:00:00+00:00,9552540.113113165,9552540.113113165,0.0,0.0,0.0,0.0,0,-0.12133375893328541,True,False,1944,215
2020-07-22 00:00:00+00:00,9552540.113113165,9552540.113113165,0.0,0.0,0.0,0.0,0,-0.12133375893328541,True,False,1944,215
2020-07-23 00:00:00+00:00,9552540.113113165,9552540.113113165,0.0,0.0,0.0,0.0,0,-0.12133375893328541,True,False,1944,215
2020-07-24 00:00:00+00:00,9552540.113113165,9552540.113113165,0.0,0.0,0.0,0.0,0,-0.12133375893328541,True,False,1944,215
2020-07-27 00:00:00+00:00,9552540.113113165,9552540.113113165,0.0,0.0,0.0,0.0,0,-0.12133375893328541,True,False,1944,215
2020-07-28 00:00:00+00:00,9552540.113113165,9552540.113113165,0.0,0.0,0.0,0.0,0,-0.12133375893328541,True,False,1944,215
2020-07-29 00:00:00+00:00,9552540.113113165,9552540.113113165,0.0,0.0,0.0,0.0,0,-0.12133375893328541,True,False,1944,215
2020-07-30 00:00:00+00:00,9552540.113113165,9552540.113113165,0.0,0.0,0.0,0.0,0,-0.12133375893328541,True,False,1944,215
2020-07-31 00:00:00+00:00,9552540.113113165,9552540.113113165,0.0,0.0,0.0,0.0,0,-0.12133375893328541,True,False,1944,215
2020-08-03 00:00:00+00:00,9552540.113113165,9552540.113113165,0.0,0.0,0.0,0.0,0,-0.12133375893328541,True,False,1944,215
2020-08-04 00:00:00+00:00,9552540.113113165,9552540.113113165,0.0,0.0,0.0,0.0,0,-0.12133375893328541,True,False,1944,215
2020-08-05 00:00:00+00:00,9552540.113113165,9552540.113113165,0.0,0.0,0.0,0.0,0,-0.12133375893328541,True,False,1944,215
2020-08-06 00:00:00+00:00,9552540.113113165,9552540.113113165,0.0,0.0,0.0,0.0,0,-0.12133375893328541,True,False,1944,215
2020-08-07 00:00:00+00:00,9552540.113113165,9552540.113113165,0.0,0.0,0.0,0.0,0,-0.12133375893328541,True,False,1944,215
2020-08-10 00:00:00+00:00,9552540.113113165,9552540.113113165,0.0,0.0,0.0,0.0,0,-0.12133375893328541,True,False,1944,215
2020-08-11 00:00:00+00:00,9552540.113113165,9552540.113113165,0.0,0.0,0.0,0.0,0,-0.12133375893328541,True,False,1944,215
2020-08-12 00:00:00+00:00,9552540.113113165,9552540.113113165,0.0,0.0,0.0,0.0,0,-0.12133375893328541,True,False,1944,215
2020-08-13 00:00:00+00:00,9552540.113113165,9552540.113113165,0.0,0.0,0.0,0.0,0,-0.12133375893328541,True,False,1945,215
2020-08-14 00:00:00+00:00,9552540.113113165,9552540.113113165,0.0,0.0,0.0,0.0,0,-0.12133375893328541,True,False,1945,215
2020-08-17 00:00:00+00:00,9552540.113113165,9552540.113113165,0.0,0.0,0.0,0.0,0,-0.12133375893328541,True,False,1945,215
2020-08-18 00:00:00+00:00,9552540.113113165,9552540.113113165,0.0,0.0,0.0,0.0,0,-0.12133375893328541,True,False,1945,215
2020-08-19 00:00:00+00:00,9552540.113113165,9552540.113113165,0.0,0.0,0.0,0.0,0,-0.12133375893328541,True,False,1945,215
2020-08-20 00:00:00+00:00,9552540.113113165,9552540.113113165,0.0,0.0,0.0,0.0,0,-0.12133375893328541,True,False,1945,215
2020-08-21 00:00:00+00:00,9552540.113113165,9552540.113113165,0.0,0.0,0.0,0.0,0,-0.12133375893328541,True,False,1945,215
2020-08-24 00:00:00+00:00,9552540.113113165,9552540.113113165,0.0,0.0,0.0,0.0,0,-0.12133375893328541,True,False,1945,215
2020-08-25 00:00:00+00:00,9552540.113113165,9552540.113113165,0.0,0.0,0.0,0.0,0,-0.12133375893328541,True,False,1945,215
2020-08-26 00:00:00+00:00,9552540.113113165,9552540.113113165,0.0,0.0,0.0,0.0,0,-0.12133375893328541,True,False,1945,215
2020-08-27 00:00:00+00:00,9552540.113113165,9552540.113113165,0.0,0.0,0.0,0.0,0,-0.12133375893328541,True,False,1946,215
2020-08-28 00:00:00+00:00,9552540.113113165,9552540.113113165,0.0,0.0,0.0,0.0,0,-0.12133375893328541,True,False,1946,215
2020-08-31 00:00:00+00:00,9552540.113113165,9552540.113113165,0.0,0.0,0.0,0.0,0,-0.12133375893328541,True,False,1949,215
2020-09-01 00:00:00+00:00,9552540.113113165,9552540.113113165,0.0,0.0,0.0,0.0,0,-0.12133375893328541,True,False,1949,215
2020-09-02 00:00:00+00:00,9552540.113113165,9552540.113113165,0.0,0.0,0.0,0.0,0,-0.12133375893328541,True,False,1949,215
2020-09-03 00:00:00+00:00,9552540.113113165,9552540.113113165,0.0,0.0,0.0,0.0,0,-0.12133375893328541,True,False,1949,215
2020-09-04 00:00:00+00:00,9552540.113113165,9552540.113113165,0.0,0.0,0.0,0.0,0,-0.12133375893328541,True,False,1949,215
2020-09-07 00:00:00+00:00,9552540.113113165,9552540.113113165,0.0,0.0,0.0,0.0,0,-0.12133375893328541,True,False,1949,215
2020-09-08 00:00:00+00:00,9552540.113113165,9552540.113113165,0.0,0.0,0.0,0.0,0,-0.12133375893328541,True,False,1950,215
2020-09-09 00:00:00+00:00,9552540.113113165,9552540.113113165,0.0,0.0,0.0,0.0,0,-0.12133375893328541,True,False,1950,215
2020-09-10 00:00:00+00:00,9552540.113113165,9552540.113113165,0.0,0.0,0.0,0.0,0,-0.12133375893328541,True,False,1950,215
2020-09-11 00:00:00+00:00,9552540.113113165,9552540.113113165,0.0,0.0,0.0,0.0,0,-0.12133375893328541,True,False,1950,215
2020-09-14 00:00:00+00:00,9552540.113113165,9552540.113113165,0.0,0.0,0.0,0.0,0,-0.12133375893328541,True,False,1951,215
2020-09-15 00:00:00+00:00,9552540.113113165,9552540.113113165,0.0,0.0,0.0,0.0,0,-0.12133375893328541,True,False,1951,215
2020-09-16 00:00:00+00:00,9552540.113113165,9552540.113113165,0.0,0.0,0.0,0.0,0,-0.12133375893328541,True,False,1951,215
2020-09-17 00:00:00+00:00,9552540.113113165,9552540.113113165,0.0,0.0,0.0,0.0,0,-0.12133375893328541,True,False,1951,215
2020-09-18 00:00:00+00:00,9552540.113113165,9552540.113113165,0.0,0.0,0.0,0.0,0,-0.12133375893328541,True,False,1951,215
2020-09-21 00:00:00+00:00,9552540.113113165,9552540.113113165,0.0,0.0,0.0,0.0,0,-0.12133375893328541,True,False,1959,215
2020-09-22 00:00:00+00:00,9552540.113113165,9552540.113113165,0.0,0.0,0.0,0.0,0,-0.12133375893328541,True,False,1964,215
2020-09-23 00:00:00+00:00,9552540.113113165,9552540.113113165,0.0,0.0,0.0,0.0,0,-0.12133375893328541,True,False,1967,215
2020-09-24 00:00:00+00:00,9552540.113113165,9552540.113113165,0.0,0.0,0.0,0.0,0,-0.12133375893328541,True,False,1976,215
2020-09-25 00:00:00+00:00,9552540.113113165,9552540.113113165,0.0,0.0,0.0,0.0,0,-0.12133375893328541,True,False,1976,215
2020-09-28 00:00:00+00:00,9552540.113113165,9552540.113113165,0.0,0.0,0.0,0.0,0,-0.12133375893328541,True,False,1976,215
2020-09-29 00:00:00+00:00,9552540.113113165,9552540.113113165,0.0,0.0,0.0,0.0,0,-0.12133375893328541,True,False,1976,215
2020-09-30 00:00:00+00:00,9552540.113113165,9552540.113113165,0.0,0.0,0.0,0.0,0,-0.12133375893328541,True,False,1977,215
2020-10-01 00:00:00+00:00,9552540.113113165,9552540.113113165,0.0,0.0,0.0,0.0,0,-0.12133375893328541,True,False,1977,215
2020-10-02 00:00:00+00:00,9552540.113113165,9552540.113113165,0.0,0.0,0.0,0.0,0,-0.12133375893328541,True,False,1977,215
2020-10-05 00:00:00+00:00,9552540.113113165,9552540.113113165,0.0,0.0,0.0,0.0,0,-0.12133375893328541,True,False,1977,215
2020-10-06 00:00:00+00:00,9552540.113113165,9552540.113113165,0.0,0.0,0.0,0.0,0,-0.12133375893328541,True,False,1977,215
2020-10-07 00:00:00+00:00,9552540.113113165,9552540.113113165,0.0,0.0,0.0,0.0,0,-0.12133375893328541,True,False,1977,215
2020-10-08 00:00:00+00:00,9552540.113113165,9552540.113113165,0.0,0.0,0.0,0.0,0,-0.12133375893328541,True,False,1977,215
2020-10-09 00:00:00+00:00,9552540.113113165,9552540.113113165,0.0,0.0,0.0,0.0,0,-0.12133375893328541,True,False,1977,215
2020-10-12 00:00:00+00:00,9552540.113113165,9552540.113113165,0.0,0.0,0.0,0.0,0,-0.12133375893328541,True,False,1978,215
2020-10-13 00:00:00+00:00,9552540.113113165,9552540.113113165,0.0,0.0,0.0,0.0,0,-0.12133375893328541,True,False,1979,215
2020-10-14 00:00:00+00:00,9552540.113113165,9552540.113113165,0.0,0.0,0.0,0.0,0,-0.12133375893328541,True,False,1980,215
2020-10-15 00:00:00+00:00,9552540.113113165,9552540.113113165,0.0,0.0,0.0,0.0,0,-0.12133375893328541,True,False,1980,215
2020-10-16 00:00:00+00:00,9552540.113113165,9552540.113113165,0.0,0.0,0.0,0.0,0,-0.12133375893328541,True,False,1980,215
2020-10-19 00:00:00+00:00,9552540.113113165,9552540.113113165,0.0,0.0,0.0,0.0,0,-0.12133375893328541,True,False,1980,215
2020-10-20 00:00:00+00:00,9552540.113113165,9552540.113113165,0.0,0.0,0.0,0.0,0,-0.12133375893328541,True,False,1980,215
2020-10-21 00:00:00+00:00,9552540.113113165,9552540.113113165,0.0,0.0,0.0,0.0,0,-0.12133375893328541,True,False,1982,215
2020-10-22 00:00:00+00:00,9552540.113113165,9552540.113113165,0.0,0.0,0.0,0.0,0,-0.12133375893328541,True,False,1983,215
2020-10-23 00:00:00+00:00,9552540.113113165,9552540.113113165,0.0,0.0,0.0,0.0,0,-0.12133375893328541,True,False,1983,215
2020-10-26 00:00:00+00:00,9552540.113113165,9552540.113113165,0.0,0.0,0.0,0.0,0,-0.12133375893328541,True,False,1983,215
2020-10-27 00:00:00+00:00,9552540.113113165,9552540.113113165,0.0,0.0,0.0,0.0,0,-0.12133375893328541,True,False,1983,215
2020-10-28 00:00:00+00:00,9552540.113113165,9552540.113113165,0.0,0.0,0.0,0.0,0,-0.12133375893328541,True,False,1983,215
2020-10-29 00:00:00+00:00,9552540.113113165,9552540.113113165,0.0,0.0,0.0,0.0,0,-0.12133375893328541,True,False,1983,215
2020-10-30 00:00:00+00:00,9552540.113113165,9552540.113113165,0.0,0.0,0.0,0.0,0,-0.12133375893328541,True,False,1983,215
2020-11-02 00:00:00+00:00,9552540.113113165,9552540.113113165,0.0,0.0,0.0,0.0,0,-0.12133375893328541,True,False,1983,215
2020-11-03 00:00:00+00:00,9552540.113113165,9552540.113113165,0.0,0.0,0.0,0.0,0,-0.12133375893328541,True,False,1983,215
2020-11-04 00:00:00+00:00,9552540.113113165,9552540.113113165,0.0,0.0,0.0,0.0,0,-0.12133375893328541,True,False,1983,215
2020-11-05 00:00:00+00:00,9552540.113113165,9552540.113113165,0.0,0.0,0.0,0.0,0,-0.12133375893328541,True,False,1983,215
2020-11-06 00:00:00+00:00,9552540.113113165,9552540.113113165,0.0,0.0,0.0,0.0,0,-0.12133375893328541,True,False,1983,215
2020-11-09 00:00:00+00:00,9552540.113113165,9552540.113113165,0.0,0.0,0.0,0.0,0,-0.12133375893328541,True,False,1983,215
2020-11-10 00:00:00+00:00,9552540.113113165,9552540.113113165,0.0,0.0,0.0,0.0,0,-0.12133375893328541,True,False,1985,215
2020-11-11 00:00:00+00:00,9552540.113113165,9552540.113113165,0.0,0.0,0.0,0.0,0,-0.12133375893328541,True,False,1985,215
2020-11-12 00:00:00+00:00,9552540.113113165,9552540.113113165,0.0,0.0,0.0,0.0,0,-0.12133375893328541,True,False,1985,215
2020-11-13 00:00:00+00:00,9552540.113113165,9552540.113113165,0.0,0.0,0.0,0.0,0,-0.12133375893328541,True,False,1985,215
2020-11-14 00:00:00+00:00,9552540.113113165,9552540.113113165,0.0,0.0,0.0,0.0,0,-0.12133375893328541,True,False,1985,215
2020-11-16 00:00:00+00:00,9552540.113113165,9552540.113113165,0.0,0.0,0.0,0.0,0,-0.12133375893328541,True,False,1985,215
2020-11-17 00:00:00+00:00,9552540.113113165,9552540.113113165,0.0,0.0,0.0,0.0,0,-0.12133375893328541,True,False,1985,215
2020-11-18 00:00:00+00:00,9552540.113113165,9552540.113113165,0.0,0.0,0.0,0.0,0,-0.12133375893328541,True,False,1985,215
2020-11-19 00:00:00+00:00,9552540.113113165,9552540.113113165,0.0,0.0,0.0,0.0,0,-0.12133375893328541,True,False,1985,215
2020-11-20 00:00:00+00:00,9552540.113113165,9552540.113113165,0.0,0.0,0.0,0.0,0,-0.12133375893328541,True,False,1985,215
2020-11-23 00:00:00+00:00,9552540.113113165,9552540.113113165,0.0,0.0,0.0,0.0,0,-0.12133375893328541,True,False,1985,215
2020-11-24 00:00:00+00:00,9552540.113113165,9552540.113113165,0.0,0.0,0.0,0.0,0,-0.12133375893328541,True,False,1985,215
2020-11-25 00:00:00+00:00,9552540.113113165,9552540.113113165,0.0,0.0,0.0,0.0,0,-0.12133375893328541,True,False,1985,215
2020-11-26 00:00:00+00:00,9552540.113113165,9552540.113113165,0.0,0.0,0.0,0.0,0,-0.12133375893328541,True,False,1985,215
2020-11-27 00:00:00+00:00,9552540.113113165,9552540.113113165,0.0,0.0,0.0,0.0,0,-0.12133375893328541,True,False,1985,215
2020-11-30 00:00:00+00:00,9552540.113113165,9552540.113113165,0.0,0.0,0.0,0.0,0,-0.12133375893328541,True,False,1985,215
2020-12-01 00:00:00+00:00,9552540.113113165,9552540.113113165,0.0,0.0,0.0,0.0,0,-0.12133375893328541,True,False,1985,215
2020-12-02 00:00:00+00:00,9552540.113113165,9552540.113113165,0.0,0.0,0.0,0.0,0,-0.12133375893328541,True,False,1985,215
2020-12-03 00:00:00+00:00,9552540.113113165,9552540.113113165,0.0,0.0,0.0,0.0,0,-0.12133375893328541,True,False,1986,215
2020-12-04 00:00:00+00:00,9552540.113113165,9552540.113113165,0.0,0.0,0.0,0.0,0,-0.12133375893328541,True,False,1986,215
2020-12-07 00:00:00+00:00,9552540.113113165,9552540.113113165,0.0,0.0,0.0,0.0,0,-0.12133375893328541,True,False,1986,215
2020-12-08 00:00:00+00:00,9552540.113113165,9552540.113113165,0.0,0.0,0.0,0.0,0,-0.12133375893328541,True,False,1986,215
2020-12-09 00:00:00+00:00,9552540.113113165,9552540.113113165,0.0,0.0,0.0,0.0,0,-0.12133375893328541,True,False,1986,215
2020-12-10 00:00:00+00:00,9552540.113113165,9552540.113113165,0.0,0.0,0.0,0.0,0,-0.12133375893328541,True,False,1986,215
2020-12-11 00:00:00+00:00,9552540.113113165,9552540.113113165,0.0,0.0,0.0,0.0,0,-0.12133375893328541,True,False,1986,215
2020-12-14 00:00:00+00:00,9552540.113113165,9552540.113113165,0.0,0.0,0.0,0.0,0,-0.12133375893328541,True,False,1986,215
2020-12-15 00:00:00+00:00,9552540.113113165,9552540.113113165,0.0,0.0,0.0,0.0,0,-0.12133375893328541,True,False,1986,215
2020-12-16 00:00:00+00:00,9552540.113113165,9552540.113113165,0.0,0.0,0.0,0.0,0,-0.12133375893328541,True,False,1986,215
2020-12-17 00:00:00+00:00,9552540.113113165,9552540.113113165,0.0,0.0,0.0,0.0,0,-0.12133375893328541,True,False,1986,215
2020-12-18 00:00:00+00:00,9552540.113113165,9552540.113113165,0.0,0.0,0.0,0.0,0,-0.12133375893328541,True,False,1986,215
2020-12-21 00:00:00+00:00,9552540.113113165,9552540.113113165,0.0,0.0,0.0,0.0,0,-0.12133375893328541,True,False,1987,215
2020-12-22 00:00:00+00:00,9552540.113113165,9552540.113113165,0.0,0.0,0.0,0.0,0,-0.12133375893328541,True,False,1987,215
2020-12-23 00:00:00+00:00,9552540.113113165,9552540.113113165,0.0,0.0,0.0,0.0,0,-0.12133375893328541,True,False,1987,215
2020-12-24 00:00:00+00:00,9552540.113113165,9552540.113113165,0.0,0.0,0.0,0.0,0,-0.12133375893328541,True,False,1987,215
2020-12-28 00:00:00+00:00,9552540.113113165,9552540.113113165,0.0,0.0,0.0,0.0,0,-0.12133375893328541,True,False,1987,215
2020-12-29 00:00:00+00:00,9552540.113113165,9552540.113113165,0.0,0.0,0.0,0.0,0,-0.12133375893328541,True,False,1987,215
2020-12-30 00:00:00+00:00,9552540.113113165,9552540.113113165,0.0,0.0,0.0,0.0,0,-0.12133375893328541,True,False,1987,215
2020-12-31 00:00:00+00:00,9552540.113113165,9552540.113113165,0.0,0.0,0.0,0.0,0,-0.12133375893328541,True,False,1987,215
2021-01-01 00:00:00+00:00,9552540.113113165,9552540.113113165,0.0,0.0,0.0,0.0,0,-0.12133375893328541,True,False,1987,215
2021-01-04 00:00:00+00:00,9552540.113113165,9552540.113113165,0.0,0.0,0.0,0.0,0,-0.12133375893328541,True,False,1987,215
2021-01-05 00:00:00+00:00,9552540.113113165,9552540.113113165,0.0,0.0,0.0,0.0,0,-0.12133375893328541,True,False,1987,215
2021-01-06 00:00:00+00:00,9552540.113113165,9552540.113113165,0.0,0.0,0.0,0.0,0,-0.12133375893328541,True,False,1987,215
2021-01-07 00:00:00+00:00,9552540.113113165,9552540.113113165,0.0,0.0,0.0,0.0,0,-0.12133375893328541,True,False,1987,215
2021-01-08 00:00:00+00:00,9552540.113113165,9552540.113113165,0.0,0.0,0.0,0.0,0,-0.12133375893328541,True,False,1987,215
2021-01-11 00:00:00+00:00,9552540.113113165,9552540.113113165,0.0,0.0,0.0,0.0,0,-0.12133375893328541,True,False,1988,215
2021-01-12 00:00:00+00:00,9552540.113113165,9552540.113113165,0.0,0.0,0.0,0.0,0,-0.12133375893328541,True,False,1988,215
2021-01-13 00:00:00+00:00,9552540.113113165,9552540.113113165,0.0,0.0,0.0,0.0,0,-0.12133375893328541,True,False,1988,215
2021-01-14 00:00:00+00:00,9552540.113113165,9552540.113113165,0.0,0.0,0.0,0.0,0,-0.12133375893328541,True,False,1988,215
2021-01-15 00:00:00+00:00,9552540.113113165,9552540.113113165,0.0,0.0,0.0,0.0,0,-0.12133375893328541,True,False,1988,215
2021-01-18 00:00:00+00:00,9552540.113113165,9552540.113113165,0.0,0.0,0.0,0.0,0,-0.12133375893328541,True,False,1989,215
2021-01-19 00:00:00+00:00,9552540.113113165,9552540.113113165,0.0,0.0,0.0,0.0,0,-0.12133375893328541,True,False,1989,215
2021-01-20 00:00:00+00:00,9552540.113113165,9552540.113113165,0.0,0.0,0.0,0.0,0,-0.12133375893328541,True,False,1989,215
2021-01-21 00:00:00+00:00,9552540.113113165,9552540.113113165,0.0,0.0,0.0,0.0,0,-0.12133375893328541,True,False,1989,215
2021-01-22 00:00:00+00:00,9552540.113113165,9552540.113113165,0.0,0.0,0.0,0.0,0,-0.12133375893328541,True,False,1989,215
2021-01-25 00:00:00+00:00,9552540.113113165,9552540.113113165,0.0,0.0,0.0,0.0,0,-0.12133375893328541,True,False,1989,215
2021-01-26 00:00:00+00:00,9552540.113113165,9552540.113113165,0.0,0.0,0.0,0.0,0,-0.12133375893328541,True,False,1989,215
2021-01-27 00:00:00+00:00,9552540.113113165,9552540.113113165,0.0,0.0,0.0,0.0,0,-0.12133375893328541,True,False,1989,215
2021-01-28 00:00:00+00:00,9552540.113113165,9552540.113113165,0.0,0.0,0.0,0.0,0,-0.12133375893328541,True,False,1990,215
2021-01-29 00:00:00+00:00,9552540.113113165,9552540.113113165,0.0,0.0,0.0,0.0,0,-0.12133375893328541,True,False,1993,215
2021-02-01 00:00:00+00:00,9552540.113113165,9552540.113113165,0.0,0.0,0.0,0.0,0,-0.12133375893328541,True,False,1993,215
2021-02-02 00:00:00+00:00,9552540.113113165,9552540.113113165,0.0,0.0,0.0,0.0,0,-0.12133375893328541,True,False,1993,215
2021-02-03 00:00:00+00:00,9552540.113113165,9552540.113113165,0.0,0.0,0.0,0.0,0,-0.12133375893328541,True,False,1993,215
2021-02-04 00:00:00+00:00,9552540.113113165,9552540.113113165,0.0,0.0,0.0,0.0,0,-0.12133375893328541,True,False,1993,215
2021-02-05 00:00:00+00:00,9552540.113113165,9552540.113113165,0.0,0.0,0.0,0.0,0,-0.12133375893328541,True,False,1993,215
2021-02-08 00:00:00+00:00,9552540.113113165,9552540.113113165,0.0,0.0,0.0,0.0,0,-0.12133375893328541,True,False,1993,215
2021-02-09 00:00:00+00:00,9552540.113113165,9552540.113113165,0.0,0.0,0.0,0.0,0,-0.12133375893328541,True,False,1993,215
2021-02-10 00:00:00+00:00,9552540.113113165,9552540.113113165,0.0,0.0,0.0,0.0,0,-0.12133375893328541,True,False,1993,215
2021-02-11 00:00:00+00:00,9552540.113113165,9552540.113113165,0.0,0.0,0.0,0.0,0,-0.12133375893328541,True,False,1993,215
2021-02-12 00:00:00+00:00,9552540.113113165,9552540.113113165,0.0,0.0,0.0,0.0,0,-0.12133375893328541,True,False,1993,215
2021-02-15 00:00:00+00:00,9552540.113113165,9552540.113113165,0.0,0.0,0.0,0.0,0,-0.12133375893328541,True,False,1993,215
2021-02-16 00:00:00+00:00,9552540.113113165,9552540.113113165,0.0,0.0,0.0,0.0,0,-0.12133375893328541,True,False,1993,215
2021-02-17 00:00:00+00:00,9552540.113113165,9552540.113113165,0.0,0.0,0.0,0.0,0,-0.12133375893328541,True,False,1994,215
2021-02-18 00:00:00+00:00,9552540.113113165,9552540.113113165,0.0,0.0,0.0,0.0,0,-0.12133375893328541,True,False,1994,215
2021-02-19 00:00:00+00:00,9552540.113113165,9552540.113113165,0.0,0.0,0.0,0.0,0,-0.12133375893328541,True,False,1994,215
2021-02-22 00:00:00+00:00,9552540.113113165,9552540.113113165,0.0,0.0,0.0,0.0,0,-0.12133375893328541,True,False,1999,215
2021-02-23 00:00:00+00:00,9552540.113113165,9552540.113113165,0.0,0.0,0.0,0.0,0,-0.12133375893328541,True,False,2000,215
2021-02-24 00:00:00+00:00,9552540.113113165,9552540.113113165,0.0,0.0,0.0,0.0,0,-0.12133375893328541,True,False,2000,215
2021-02-25 00:00:00+00:00,9552540.113113165,9552540.113113165,0.0,0.0,0.0,0.0,0,-0.12133375893328541,True,False,2000,215
2021-02-26 00:00:00+00:00,9552540.113113165,9552540.113113165,0.0,0.0,0.0,0.0,0,-0.12133375893328541,True,False,2002,215
2021-03-01 00:00:00+00:00,9552540.113113165,9552540.113113165,0.0,0.0,0.0,0.0,0,-0.12133375893328541,True,False,2002,215
2021-03-02 00:00:00+00:00,9552540.113113165,9552540.113113165,0.0,0.0,0.0,0.0,0,-0.12133375893328541,True,False,2002,215
2021-03-03 00:00:00+00:00,9552540.113113165,9552540.113113165,0.0,0.0,0.0,0.0,0,-0.12133375893328541,True,False,2002,215
2021-03-04 00:00:00+00:00,9552540.113113165,9552540.113113165,0.0,0.0,0.0,0.0,0,-0.12133375893328541,True,False,2002,215
2021-03-05 00:00:00+00:00,9552540.113113165,9552540.113113165,0.0,0.0,0.0,0.0,0,-0.12133375893328541,True,False,2003,215
2021-03-08 00:00:00+00:00,9552540.113113165,9552540.113113165,0.0,0.0,0.0,0.0,0,-0.12133375893328541,True,False,2003,215
2021-03-09 00:00:00+00:00,9552540.113113165,9552540.113113165,0.0,0.0,0.0,0.0,0,-0.12133375893328541,True,False,2003,215
2021-03-10 00:00:00+00:00,9552540.113113165,9552540.113113165,0.0,0.0,0.0,0.0,0,-0.12133375893328541,True,False,2003,215
2021-03-11 00:00:00+00:00,9552540.113113165,9552540.113113165,0.0,0.0,0.0,0.0,0,-0.12133375893328541,True,False,2003,215
2021-03-12 00:00:00+00:00,9552540.113113165,9552540.113113165,0.0,0.0,0.0,0.0,0,-0.12133375893328541,True,False,2003,215
2021-03-15 00:00:00+00:00,9552540.113113165,9552540.113113165,0.0,0.0,0.0,0.0,0,-0.12133375893328541,True,False,2003,215
2021-03-16 00:00:00+00:00,9552540.113113165,9552540.113113165,0.0,0.0,0.0,0.0,0,-0.12133375893328541,True,False,2003,215
2021-03-17 00:00:00+00:00,9552540.113113165,9552540.113113165,0.0,0.0,0.0,0.0,0,-0.12133375893328541,True,False,2005,215
2021-03-18 00:00:00+00:00,9552540.113113165,9552540.113113165,0.0,0.0,0.0,0.0,0,-0.12133375893328541,True,False,2008,215
2021-03-19 00:00:00+00:00,9552540.113113165,9552540.113113165,0.0,0.0,0.0,0.0,0,-0.12133375893328541,True,False,2008,215
2021-03-22 00:00:00+00:00,9552540.113113165,9552540.113113165,0.0,0.0,0.0,0.0,0,-0.12133375893328541,True,False,2008,215
2021-03-23 00:00:00+00:00,9552540.113113165,9552540.113113165,0.0,0.0,0.0,0.0,0,-0.12133375893328541,True,False,2008,215
2021-03-24 00:00:00+00:00,9552540.113113165,9552540.113113165,0.0,0.0,0.0,0.0,0,-0.12133375893328541,True,False,2008,215
2021-03-25 00:00:00+00:00,9552540.113113165,9552540.113113165,0.0,0.0,0.0,0.0,0,-0.12133375893328541,True,False,2009,215
2021-03-26 00:00:00+00:00,9552540.113113165,9552540.113113165,0.0,0.0,0.0,0.0,0,-0.12133375893328541,True,False,2009,215
2021-03-29 00:00:00+00:00,9552540.113113165,9552540.113113165,0.0,0.0,0.0,0.0,0,-0.12133375893328541,True,False,2009,215
2021-03-30 00:00:00+00:00,9552540.113113165,9552540.113113165,0.0,0.0,0.0,0.0,0,-0.12133375893328541,True,False,2011,215
2021-03-31 00:00:00+00:00,9552540.113113165,9552540.113113165,0.0,0.0,0.0,0.0,0,-0.12133375893328541,True,False,2011,215
2021-04-01 00:00:00+00:00,9552540.113113165,9552540.113113165,0.0,0.0,0.0,0.0,0,-0.12133375893328541,True,False,2011,215
2021-04-05 00:00:00+00:00,9552540.113113165,9552540.113113165,0.0,0.0,0.0,0.0,0,-0.12133375893328541,True,False,2011,215
2021-04-06 00:00:00+00:00,9552540.113113165,9552540.113113165,0.0,0.0,0.0,0.0,0,-0.12133375893328541,True,False,2011,215
2021-04-07 00:00:00+00:00,9552540.113113165,9552540.113113165,0.0,0.0,0.0,0.0,0,-0.12133375893328541,True,False,2011,215
2021-04-08 00:00:00+00:00,9552540.113113165,9552540.113113165,0.0,0.0,0.0,0.0,0,-0.12133375893328541,True,False,2011,215
2021-04-09 00:00:00+00:00,9552540.113113165,9552540.113113165,0.0,0.0,0.0,0.0,0,-0.12133375893328541,True,False,2011,215
2021-04-12 00:00:00+00:00,9552540.113113165,9552540.113113165,0.0,0.0,0.0,0.0,0,-0.12133375893328541,True,False,2023,215
2021-04-13 00:00:00+00:00,9552540.113113165,9552540.113113165,0.0,0.0,0.0,0.0,0,-0.12133375893328541,True,False,2023,215
2021-04-14 00:00:00+00:00,9552540.113113165,9552540.113113165,0.0,0.0,0.0,0.0,0,-0.12133375893328541,True,False,2023,215
2021-04-15 00:00:00+00:00,9552540.113113165,9552540.113113165,0.0,0.0,0.0,0.0,0,-0.12133375893328541,True,False,2023,215
2021-04-16 00:00:00+00:00,9552540.113113165,9552540.113113165,0.0,0.0,0.0,0.0,0,-0.12133375893328541,True,False,2023,215
2021-04-19 00:00:00+00:00,9552540.113113165,9552540.113113165,0.0,0.0,0.0,0.0,0,-0.12133375893328541,True,False,2025,215
2021-04-20 00:00:00+00:00,9552540.113113165,9552540.113113165,0.0,0.0,0.0,0.0,0,-0.12133375893328541,True,False,2025,215
2021-04-21 00:00:00+00:00,9552540.113113165,9552540.113113165,0.0,0.0,0.0,0.0,0,-0.12133375893328541,True,False,2025,215
2021-04-22 00:00:00+00:00,9552540.113113165,9552540.113113165,0.0,0.0,0.0,0.0,0,-0.12133375893328541,True,False,2025,215
2021-04-23 00:00:00+00:00,9552540.113113165,9552540.113113165,0.0,0.0,0.0,0.0,0,-0.12133375893328541,True,False,2025,215
2021-04-26 00:00:00+00:00,9552540.113113165,9552540.113113165,0.0,0.0,0.0,0.0,0,-0.12133375893328541,True,False,2025,215
2021-04-27 00:00:00+00:00,9552540.113113165,9552540.113113165,0.0,0.0,0.0,0.0,0,-0.12133375893328541,True,False,2025,215
2021-04-28 00:00:00+00:00,9552540.113113165,9552540.113113165,0.0,0.0,0.0,0.0,0,-0.12133375893328541,True,False,2025,215
2021-04-29 00:00:00+00:00,9552540.113113165,9552540.113113165,0.0,0.0,0.0,0.0,0,-0.12133375893328541,True,False,2025,215
2021-04-30 00:00:00+00:00,9552540.113113165,9552540.113113165,0.0,0.0,0.0,0.0,0,-0.12133375893328541,True,False,2025,215
2021-05-03 00:00:00+00:00,9552540.113113165,9552540.113113165,0.0,0.0,0.0,0.0,0,-0.12133375893328541,True,False,2025,215
2021-05-04 00:00:00+00:00,9552540.113113165,9552540.113113165,0.0,0.0,0.0,0.0,0,-0.12133375893328541,True,False,2025,215
2021-05-05 00:00:00+00:00,9552540.113113165,9552540.113113165,0.0,0.0,0.0,0.0,0,-0.12133375893328541,True,False,2025,215
2021-05-06 00:00:00+00:00,9552540.113113165,9552540.113113165,0.0,0.0,0.0,0.0,0,-0.12133375893328541,True,False,2025,215
2021-05-07 00:00:00+00:00,9552540.113113165,9552540.113113165,0.0,0.0,0.0,0.0,0,-0.12133375893328541,True,False,2025,215
2021-05-10 00:00:00+00:00,9552540.113113165,9552540.113113165,0.0,0.0,0.0,0.0,0,-0.12133375893328541,True,False,2025,215
2021-05-11 00:00:00+00:00,9552540.113113165,9552540.113113165,0.0,0.0,0.0,0.0,0,-0.12133375893328541,True,False,2025,215
2021-05-12 00:00:00+00:00,9552540.113113165,9552540.113113165,0.0,0.0,0.0,0.0,0,-0.12133375893328541,True,False,2025,215
2021-05-13 00:00:00+00:00,9552540.113113165,9552540.113113165,0.0,0.0,0.0,0.0,0,-0.12133375893328541,True,False,2025,215
2021-05-14 00:00:00+00:00,9552540.113113165,9552540.113113165,0.0,0.0,0.0,0.0,0,-0.12133375893328541,True,False,2026,215
2021-05-17 00:00:00+00:00,9552540.113113165,9552540.113113165,0.0,0.0,0.0,0.0,0,-0.12133375893328541,True,False,2026,215
2021-05-18 00:00:00+00:00,9552540.113113165,9552540.113113165,0.0,0.0,0.0,0.0,0,-0.12133375893328541,True,False,2026,215
2021-05-19 00:00:00+00:00,9552540.113113165,9552540.113113165,0.0,0.0,0.0,0.0,0,-0.12133375893328541,True,False,2026,215
2021-05-20 00:00:00+00:00,9552540.113113165,9552540.113113165,0.0,0.0,0.0,0.0,0,-0.12133375893328541,True,False,2026,215
2021-05-21 00:00:00+00:00,9552540.113113165,9552540.113113165,0.0,0.0,0.0,0.0,0,-0.12133375893328541,True,False,2026,215
2021-05-24 00:00:00+00:00,9552540.113113165,9552540.113113165,0.0,0.0,0.0,0.0,0,-0.12133375893328541,True,False,2026,215
2021-05-25 00:00:00+00:00,9552540.113113165,9552540.113113165,0.0,0.0,0.0,0.0,0,-0.12133375893328541,True,False,2026,215
2021-05-26 00:00:00+00:00,9552540.113113165,9552540.113113165,0.0,0.0,0.0,0.0,0,-0.12133375893328541,True,False,2026,215
2021-05-27 00:00:00+00:00,9552540.113113165,9552540.113113165,0.0,0.0,0.0,0.0,0,-0.12133375893328541,True,False,2026,215
2021-05-28 00:00:00+00:00,9552540.113113165,9552540.113113165,0.0,0.0,0.0,0.0,0,-0.12133375893328541,True,False,2026,215
2021-05-31 00:00:00+00:00,9552540.113113165,9552540.113113165,0.0,0.0,0.0,0.0,0,-0.12133375893328541,True,False,2026,215
2021-06-01 00:00:00+00:00,9552540.113113165,9552540.113113165,0.0,0.0,0.0,0.0,0,-0.12133375893328541,True,False,2026,215
2021-06-02 00:00:00+00:00,9552540.113113165,9552540.113113165,0.0,0.0,0.0,0.0,0,-0.12133375893328541,True,False,2026,215
2021-06-03 00:00:00+00:00,9552540.113113165,9552540.113113165,0.0,0.0,0.0,0.0,0,-0.12133375893328541,True,False,2026,215
2021-06-04 00:00:00+00:00,9552540.113113165,9552540.113113165,0.0,0.0,0.0,0.0,0,-0.12133375893328541,True,False,2026,215
2021-06-07 00:00:00+00:00,9552540.113113165,9552540.113113165,0.0,0.0,0.0,0.0,0,-0.12133375893328541,True,False,2026,215
2021-06-08 00:00:00+00:00,9552540.113113165,9552540.113113165,0.0,0.0,0.0,0.0,0,-0.12133375893328541,True,False,2026,215
2021-06-09 00:00:00+00:00,9552540.113113165,9552540.113113165,0.0,0.0,0.0,0.0,0,-0.12133375893328541,True,False,2026,215
2021-06-10 00:00:00+00:00,9552540.113113165,9552540.113113165,0.0,0.0,0.0,0.0,0,-0.12133375893328541,True,False,2026,215
2021-06-11 00:00:00+00:00,9552540.113113165,9552540.113113165,0.0,0.0,0.0,0.0,0,-0.12133375893328541,True,False,2026,215
2021-06-14 00:00:00+00:00,9552540.113113165,9552540.113113165,0.0,0.0,0.0,0.0,0,-0.12133375893328541,True,False,2027,215
2021-06-15 00:00:00+00:00,9552540.113113165,9552540.113113165,0.0,0.0,0.0,0.0,0,-0.12133375893328541,True,False,2027,215
2021-06-16 00:00:00+00:00,9552540.113113165,9552540.113113165,0.0,0.0,0.0,0.0,0,-0.12133375893328541,True,False,2027,215
2021-06-17 00:00:00+00:00,9552540.113113165,9552540.113113165,0.0,0.0,0.0,0.0,0,-0.12133375893328541,True,False,2030,215
2021-06-18 00:00:00+00:00,9552540.113113165,9552540.113113165,0.0,0.0,0.0,0.0,0,-0.12133375893328541,True,False,2032,215
2021-06-21 00:00:00+00:00,9552540.113113165,9552540.113113165,0.0,0.0,0.0,0.0,0,-0.12133375893328541,True,False,2032,215
2021-06-22 00:00:00+00:00,9552540.113113165,9552540.113113165,0.0,0.0,0.0,0.0,0,-0.12133375893328541,True,False,2032,215
2021-06-23 00:00:00+00:00,9552540.113113165,9552540.113113165,0.0,0.0,0.0,0.0,0,-0.12133375893328541,True,False,2032,215
2021-06-24 00:00:00+00:00,9552540.113113165,9552540.113113165,0.0,0.0,0.0,0.0,0,-0.12133375893328541,True,False,2032,215
2021-06-25 00:00:00+00:00,9552540.113113165,9552540.113113165,0.0,0.0,0.0,0.0,0,-0.12133375893328541,True,False,2032,215
2021-06-28 00:00:00+00:00,9552540.113113165,9552540.113113165,0.0,0.0,0.0,0.0,0,-0.12133375893328541,True,False,2032,215
2021-06-29 00:00:00+00:00,9552540.113113165,9552540.113113165,0.0,0.0,0.0,0.0,0,-0.12133375893328541,True,False,2032,215
2021-06-30 00:00:00+00:00,9552540.113113165,9552540.113113165,0.0,0.0,0.0,0.0,0,-0.12133375893328541,True,False,2032,215
2021-07-01 00:00:00+00:00,9552540.113113165,9552540.113113165,0.0,0.0,0.0,0.0,0,-0.12133375893328541,True,False,2032,215
2021-07-02 00:00:00+00:00,9552540.113113165,9552540.113113165,0.0,0.0,0.0,0.0,0,-0.12133375893328541,True,False,2033,215
2021-07-05 00:00:00+00:00,9552540.113113165,9552540.113113165,0.0,0.0,0.0,0.0,0,-0.12133375893328541,True,False,2033,215
2021-07-06 00:00:00+00:00,9552540.113113165,9552540.113113165,0.0,0.0,0.0,0.0,0,-0.12133375893328541,True,False,2033,215
2021-07-07 00:00:00+00:00,9552540.113113165,9552540.113113165,0.0,0.0,0.0,0.0,0,-0.12133375893328541,True,False,2033,215
2021-07-08 00:00:00+00:00,9552540.113113165,9552540.113113165,0.0,0.0,0.0,0.0,0,-0.12133375893328541,True,False,2034,215
2021-07-09 00:00:00+00:00,9552540.113113165,9552540.113113165,0.0,0.0,0.0,0.0,0,-0.12133375893328541,True,False,2034,215
2021-07-12 00:00:00+00:00,9552540.113113165,9552540.113113165,0.0,0.0,0.0,0.0,0,-0.12133375893328541,True,False,2034,215
2021-07-13 00:00:00+00:00,9552540.113113165,9552540.113113165,0.0,0.0,0.0,0.0,0,-0.12133375893328541,True,False,2034,215
2021-07-14 00:00:00+00:00,9552540.113113165,9552540.113113165,0.0,0.0,0.0,0.0,0,-0.12133375893328541,True,False,2034,215
2021-07-15 00:00:00+00:00,9552540.113113165,9552540.113113165,0.0,0.0,0.0,0.0,0,-0.12133375893328541,True,False,2035,215
2021-07-16 00:00:00+00:00,9552540.113113165,9552540.113113165,0.0,0.0,0.0,0.0,0,-0.12133375893328541,True,False,2035,215
2021-07-19 00:00:00+00:00,9552540.113113165,9552540.113113165,0.0,0.0,0.0,0.0,0,-0.12133375893328541,True,False,2037,215
2021-07-20 00:00:00+00:00,9552540.113113165,9552540.113113165,0.0,0.0,0.0,0.0,0,-0.12133375893328541,True,False,2037,215
2021-07-21 00:00:00+00:00,9552540.113113165,9552540.113113165,0.0,0.0,0.0,0.0,0,-0.12133375893328541,True,False,2037,215
2021-07-22 00:00:00+00:00,9552540.113113165,9552540.113113165,0.0,0.0,0.0,0.0,0,-0.12133375893328541,True,False,2037,215
2021-07-23 00:00:00+00:00,9552540.113113165,9552540.113113165,0.0,0.0,0.0,0.0,0,-0.12133375893328541,True,False,2038,215
2021-07-26 00:00:00+00:00,9552540.113113165,9552540.113113165,0.0,0.0,0.0,0.0,0,-0.12133375893328541,True,False,2038,215
2021-07-27 00:00:00+00:00,9552540.113113165,9552540.113113165,0.0,0.0,0.0,0.0,0,-0.12133375893328541,True,False,2040,215
2021-07-28 00:00:00+00:00,9552540.113113165,9552540.113113165,0.0,0.0,0.0,0.0,0,-0.12133375893328541,True,False,2043,215
2021-07-29 00:00:00+00:00,9552540.113113165,9552540.113113165,0.0,0.0,0.0,0.0,0,-0.12133375893328541,True,False,2046,215
2021-07-30 00:00:00+00:00,9552540.113113165,9552540.113113165,0.0,0.0,0.0,0.0,0,-0.12133375893328541,True,False,2047,215
2021-08-02 00:00:00+00:00,9552540.113113165,9552540.113113165,0.0,0.0,0.0,0.0,0,-0.12133375893328541,True,False,2047,215
2021-08-03 00:00:00+00:00,9552540.113113165,9552540.113113165,0.0,0.0,0.0,0.0,0,-0.12133375893328541,True,False,2047,215
2021-08-04 00:00:00+00:00,9552540.113113165,9552540.113113165,0.0,0.0,0.0,0.0,0,-0.12133375893328541,True,False,2047,215
2021-08-05 00:00:00+00:00,9552540.113113165,9552540.113113165,0.0,0.0,0.0,0.0,0,-0.12133375893328541,True,False,2047,215
2021-08-06 00:00:00+00:00,9552540.113113165,9552540.113113165,0.0,0.0,0.0,0.0,0,-0.12133375893328541,True,False,2047,215
2021-08-09 00:00:00+00:00,9552540.113113165,9552540.113113165,0.0,0.0,0.0,0.0,0,-0.12133375893328541,True,False,2048,215
2021-08-10 00:00:00+00:00,9552540.113113165,9552540.113113165,0.0,0.0,0.0,0.0,0,-0.12133375893328541,True,False,2049,215
2021-08-11 00:00:00+00:00,9552540.113113165,9552540.113113165,0.0,0.0,0.0,0.0,0,-0.12133375893328541,True,False,2051,215
2021-08-12 00:00:00+00:00,9552540.113113165,9552540.113113165,0.0,0.0,0.0,0.0,0,-0.12133375893328541,True,False,2051,215
2021-08-13 00:00:00+00:00,9552540.113113165,9552540.113113165,0.0,0.0,0.0,0.0,0,-0.12133375893328541,True,False,2051,215
2021-08-16 00:00:00+00:00,9552540.113113165,9552540.113113165,0.0,0.0,0.0,0.0,0,-0.12133375893328541,True,False,2051,215
2021-08-17 00:00:00+00:00,9552540.113113165,9552540.113113165,0.0,0.0,0.0,0.0,0,-0.12133375893328541,True,False,2051,215
2021-08-18 00:00:00+00:00,9552540.113113165,9552540.113113165,0.0,0.0,0.0,0.0,0,-0.12133375893328541,True,False,2051,215
2021-08-19 00:00:00+00:00,9552540.113113165,9552540.113113165,0.0,0.0,0.0,0.0,0,-0.12133375893328541,True,False,2051,215
2021-08-20 00:00:00+00:00,9552540.113113165,9552540.113113165,0.0,0.0,0.0,0.0,0,-0.12133375893328541,True,False,2055,215
2021-08-23 00:00:00+00:00,9552540.113113165,9552540.113113165,0.0,0.0,0.0,0.0,0,-0.12133375893328541,True,False,2055,215
2021-08-24 00:00:00+00:00,9552540.113113165,9552540.113113165,0.0,0.0,0.0,0.0,0,-0.12133375893328541,True,False,2055,215
2021-08-25 00:00:00+00:00,9552540.113113165,9552540.113113165,0.0,0.0,0.0,0.0,0,-0.12133375893328541,True,False,2055,215
2021-08-26 00:00:00+00:00,9552540.113113165,9552540.113113165,0.0,0.0,0.0,0.0,0,-0.12133375893328541,True,False,2055,215
2021-08-27 00:00:00+00:00,9552540.113113165,9552540.113113165,0.0,0.0,0.0,0.0,0,-0.12133375893328541,True,False,2055,215
2021-08-30 00:00:00+00:00,9552540.113113165,9552540.113113165,0.0,0.0,0.0,0.0,0,-0.12133375893328541,True,False,2055,215
2021-08-31 00:00:00+00:00,9552540.113113165,9552540.113113165,0.0,0.0,0.0,0.0,0,-0.12133375893328541,True,False,2055,215
2021-09-01 00:00:00+00:00,9552540.113113165,9552540.113113165,0.0,0.0,0.0,0.0,0,-0.12133375893328541,True,False,2055,215
2021-09-02 00:00:00+00:00,9552540.113113165,9552540.113113165,0.0,0.0,0.0,0.0,0,-0.12133375893328541,True,False,2055,215
2021-09-03 00:00:00+00:00,9552540.113113165,9552540.113113165,0.0,0.0,0.0,0.0,0,-0.12133375893328541,True,False,2055,215
2021-09-06 00:00:00+00:00,9552540.113113165,9552540.113113165,0.0,0.0,0.0,0.0,0,-0.12133375893328541,True,False,2055,215
2021-09-07 00:00:00+00:00,9552540.113113165,9552540.113113165,0.0,0.0,0.0,0.0,0,-0.12133375893328541,True,False,2056,215
2021-09-08 00:00:00+00:00,9552540.113113165,9552540.113113165,0.0,0.0,0.0,0.0,0,-0.12133375893328541,True,False,2056,215
2021-09-09 00:00:00+00:00,9552540.113113165,9552540.113113165,0.0,0.0,0.0,0.0,0,-0.12133375893328541,True,False,2056,215
2021-09-10 00:00:00+00:00,9552540.113113165,9552540.113113165,0.0,0.0,0.0,0.0,0,-0.12133375893328541,True,False,2056,215
2021-09-13 00:00:00+00:00,9552540.113113165,9552540.113113165,0.0,0.0,0.0,0.0,0,-0.12133375893328541,True,False,2056,215
2021-09-14 00:00:00+00:00,9552540.113113165,9552540.113113165,0.0,0.0,0.0,0.0,0,-0.12133375893328541,True,False,2056,215
2021-09-15 00:00:00+00:00,9552540.113113165,9552540.113113165,0.0,0.0,0.0,0.0,0,-0.12133375893328541,True,False,2056,215
2021-09-16 00:00:00+00:00,9552540.113113165,9552540.113113165,0.0,0.0,0.0,0.0,0,-0.12133375893328541,True,False,2056,215
2021-09-17 00:00:00+00:00,9552540.113113165,9552540.113113165,0.0,0.0,0.0,0.0,0,-0.12133375893328541,True,False,2057,215
2021-09-20 00:00:00+00:00,9552540.113113165,9552540.113113165,0.0,0.0,0.0,0.0,0,-0.12133375893328541,True,False,2060,215
2021-09-21 00:00:00+00:00,9552540.113113165,9552540.113113165,0.0,0.0,0.0,0.0,0,-0.12133375893328541,True,False,2060,215
2021-09-22 00:00:00+00:00,9552540.113113165,9552540.113113165,0.0,0.0,0.0,0.0,0,-0.12133375893328541,True,False,2060,215
2021-09-23 00:00:00+00:00,9552540.113113165,9552540.113113165,0.0,0.0,0.0,0.0,0,-0.12133375893328541,True,False,2060,215
2021-09-24 00:00:00+00:00,9552540.113113165,9552540.113113165,0.0,0.0,0.0,0.0,0,-0.12133375893328541,True,False,2060,215
2021-09-27 00:00:00+00:00,9552540.113113165,9552540.113113165,0.0,0.0,0.0,0.0,0,-0.12133375893328541,True,False,2060,215
2021-09-28 00:00:00+00:00,9552540.113113165,9552540.113113165,0.0,0.0,0.0,0.0,0,-0.12133375893328541,True,False,2060,215
2021-09-29 00:00:00+00:00,9552540.113113165,9552540.113113165,0.0,0.0,0.0,0.0,0,-0.12133375893328541,True,False,2060,215
2021-09-30 00:00:00+00:00,9552540.113113165,9552540.113113165,0.0,0.0,0.0,0.0,0,-0.12133375893328541,True,False,2061,215
2021-10-01 00:00:00+00:00,9552540.113113165,9552540.113113165,0.0,0.0,0.0,0.0,0,-0.12133375893328541,True,False,2061,215
2021-10-04 00:00:00+00:00,9552540.113113165,9552540.113113165,0.0,0.0,0.0,0.0,0,-0.12133375893328541,True,False,2061,215
2021-10-05 00:00:00+00:00,9552540.113113165,9552540.113113165,0.0,0.0,0.0,0.0,0,-0.12133375893328541,True,False,2061,215
2021-10-06 00:00:00+00:00,9552540.113113165,9552540.113113165,0.0,0.0,0.0,0.0,0,-0.12133375893328541,True,False,2061,215
2021-10-07 00:00:00+00:00,9552540.113113165,9552540.113113165,0.0,0.0,0.0,0.0,0,-0.12133375893328541,True,False,2061,215
2021-10-08 00:00:00+00:00,9552540.113113165,9552540.113113165,0.0,0.0,0.0,0.0,0,-0.12133375893328541,True,False,2061,215
2021-10-11 00:00:00+00:00,9552540.113113165,9552540.113113165,0.0,0.0,0.0,0.0,0,-0.12133375893328541,True,False,2061,215
2021-10-12 00:00:00+00:00,9552540.113113165,9552540.113113165,0.0,0.0,0.0,0.0,0,-0.12133375893328541,True,False,2061,215
2021-10-13 00:00:00+00:00,9552540.113113165,9552540.113113165,0.0,0.0,0.0,0.0,0,-0.12133375893328541,True,False,2061,215
2021-10-14 00:00:00+00:00,9552540.113113165,9552540.113113165,0.0,0.0,0.0,0.0,0,-0.12133375893328541,True,False,2061,215
2021-10-15 00:00:00+00:00,9552540.113113165,9552540.113113165,0.0,0.0,0.0,0.0,0,-0.12133375893328541,True,False,2061,215
2021-10-18 00:00:00+00:00,9552540.113113165,9552540.113113165,0.0,0.0,0.0,0.0,0,-0.12133375893328541,True,False,2061,215
2021-10-19 00:00:00+00:00,9552540.113113165,9552540.113113165,0.0,0.0,0.0,0.0,0,-0.12133375893328541,True,False,2065,215
2021-10-20 00:00:00+00:00,9552540.113113165,9552540.113113165,0.0,0.0,0.0,0.0,0,-0.12133375893328541,True,False,2065,215
2021-10-21 00:00:00+00:00,9552540.113113165,9552540.113113165,0.0,0.0,0.0,0.0,0,-0.12133375893328541,True,False,2070,215
2021-10-22 00:00:00+00:00,9552540.113113165,9552540.113113165,0.0,0.0,0.0,0.0,0,-0.12133375893328541,True,False,2072,215
2021-10-25 00:00:00+00:00,9552540.113113165,9552540.113113165,0.0,0.0,0.0,0.0,0,-0.12133375893328541,True,False,2074,215
2021-10-26 00:00:00+00:00,9552540.113113165,9552540.113113165,0.0,0.0,0.0,0.0,0,-0.12133375893328541,True,False,2074,215
2021-10-27 00:00:00+00:00,9552540.113113165,9552540.113113165,0.0,0.0,0.0,0.0,0,-0.12133375893328541,True,False,2074,215
2021-10-28 00:00:00+00:00,9552540.113113165,9552540.113113165,0.0,0.0,0.0,0.0,0,-0.12133375893328541,True,False,2074,215
2021-10-29 00:00:00+00:00,9552540.113113165,9552540.113113165,0.0,0.0,0.0,0.0,0,-0.12133375893328541,True,False,2074,215
2021-11-01 00:00:00+00:00,9552540.113113165,9552540.113113165,0.0,0.0,0.0,0.0,0,-0.12133375893328541,True,False,2074,215
2021-11-02 00:00:00+00:00,9552540.113113165,9552540.113113165,0.0,0.0,0.0,0.0,0,-0.12133375893328541,True,False,2074,215
2021-11-03 00:00:00+00:00,9552540.113113165,9552540.113113165,0.0,0.0,0.0,0.0,0,-0.12133375893328541,True,False,2074,215
2021-11-04 00:00:00+00:00,9552540.113113165,9552540.113113165,0.0,0.0,0.0,0.0,0,-0.12133375893328541,True,False,2074,215
2021-11-05 00:00:00+00:00,9552540.113113165,9552540.113113165,0.0,0.0,0.0,0.0,0,-0.12133375893328541,True,False,2074,215
2021-11-08 00:00:00+00:00,9552540.113113165,9552540.113113165,0.0,0.0,0.0,0.0,0,-0.12133375893328541,True,False,2074,215
2021-11-09 00:00:00+00:00,9552540.113113165,9552540.113113165,0.0,0.0,0.0,0.0,0,-0.12133375893328541,True,False,2074,215
2021-11-10 00:00:00+00:00,9552540.113113165,9552540.113113165,0.0,0.0,0.0,0.0,0,-0.12133375893328541,True,False,2074,215
2021-11-11 00:00:00+00:00,9552540.113113165,9552540.113113165,0.0,0.0,0.0,0.0,0,-0.12133375893328541,True,False,2074,215
2021-11-12 00:00:00+00:00,9552540.113113165,9552540.113113165,0.0,0.0,0.0,0.0,0,-0.12133375893328541,True,False,2074,215
2021-11-15 00:00:00+00:00,9552540.113113165,9552540.113113165,0.0,0.0,0.0,0.0,0,-0.12133375893328541,True,False,2074,215
2021-11-16 00:00:00+00:00,9552540.113113165,9552540.113113165,0.0,0.0,0.0,0.0,0,-0.12133375893328541,True,False,2074,215
2021-11-17 00:00:00+00:00,9552540.113113165,9552540.113113165,0.0,0.0,0.0,0.0,0,-0.12133375893328541,True,False,2075,215
2021-11-18 00:00:00+00:00,9552540.113113165,9552540.113113165,0.0,0.0,0.0,0.0,0,-0.12133375893328541,True,False,2081,215
2021-11-19 00:00:00+00:00,9552540.113113165,9552540.113113165,0.0,0.0,0.0,0.0,0,-0.12133375893328541,True,False,2081,215
2021-11-22 00:00:00+00:00,9552540.113113165,9552540.113113165,0.0,0.0,0.0,0.0,0,-0.12133375893328541,True,False,2090,215
2021-11-23 00:00:00+00:00,9552540.113113165,9552540.113113165,0.0,0.0,0.0,0.0,0,-0.12133375893328541,True,False,2090,215
2021-11-24 00:00:00+00:00,9552540.113113165,9552540.113113165,0.0,0.0,0.0,0.0,0,-0.12133375893328541,True,False,2091,215
2021-11-25 00:00:00+00:00,9552540.113113165,9552540.113113165,0.0,0.0,0.0,0.0,0,-0.12133375893328541,True,False,2091,215
2021-11-26 00:00:00+00:00,9552540.113113165,9552540.113113165,0.0,0.0,0.0,0.0,0,-0.12133375893328541,True,False,2094,215
2021-11-29 00:00:00+00:00,9552540.113113165,9552540.113113165,0.0,0.0,0.0,0.0,0,-0.12133375893328541,True,False,2096,215
2021-11-30 00:00:00+00:00,9552540.113113165,9552540.113113165,0.0,0.0,0.0,0.0,0,-0.12133375893328541,True,False,2099,215
2021-12-01 00:00:00+00:00,9552540.113113165,9552540.113113165,0.0,0.0,0.0,0.0,0,-0.12133375893328541,True,False,2099,215
2021-12-02 00:00:00+00:00,9552540.113113165,9552540.113113165,0.0,0.0,0.0,0.0,0,-0.12133375893328541,True,False,2099,215
2021-12-03 00:00:00+00:00,9552540.113113165,9552540.113113165,0.0,0.0,0.0,0.0,0,-0.12133375893328541,True,False,2099,215
2021-12-06 00:00:00+00:00,9552540.113113165,9552540.113113165,0.0,0.0,0.0,0.0,0,-0.12133375893328541,True,False,2101,215
2021-12-07 00:00:00+00:00,9552540.113113165,9552540.113113165,0.0,0.0,0.0,0.0,0,-0.12133375893328541,True,False,2101,215
2021-12-08 00:00:00+00:00,9552540.113113165,9552540.113113165,0.0,0.0,0.0,0.0,0,-0.12133375893328541,True,False,2101,215
2021-12-09 00:00:00+00:00,9552540.113113165,9552540.113113165,0.0,0.0,0.0,0.0,0,-0.12133375893328541,True,False,2101,215
2021-12-10 00:00:00+00:00,9552540.113113165,9552540.113113165,0.0,0.0,0.0,0.0,0,-0.12133375893328541,True,False,2101,215
2021-12-13 00:00:00+00:00,9552540.113113165,9552540.113113165,0.0,0.0,0.0,0.0,0,-0.12133375893328541,True,False,2101,215
2021-12-14 00:00:00+00:00,9552540.113113165,9552540.113113165,0.0,0.0,0.0,0.0,0,-0.12133375893328541,True,False,2101,215
2021-12-15 00:00:00+00:00,9552540.113113165,9552540.113113165,0.0,0.0,0.0,0.0,0,-0.12133375893328541,True,False,2101,215
2021-12-16 00:00:00+00:00,9552540.113113165,9552540.113113165,0.0,0.0,0.0,0.0,0,-0.12133375893328541,True,False,2102,215
2021-12-17 00:00:00+00:00,9552540.113113165,9552540.113113165,0.0,0.0,0.0,0.0,0,-0.12133375893328541,True,False,2109,215
2021-12-20 00:00:00+00:00,9552540.113113165,9552540.113113165,0.0,0.0,0.0,0.0,0,-0.12133375893328541,True,False,2124,215
2021-12-21 00:00:00+00:00,9552540.113113165,9552540.113113165,0.0,0.0,0.0,0.0,0,-0.12133375893328541,True,False,2124,215
2021-12-22 00:00:00+00:00,9552540.113113165,9552540.113113165,0.0,0.0,0.0,0.0,0,-0.12133375893328541,True,False,2124,215
2021-12-23 00:00:00+00:00,9552540.113113165,9552540.113113165,0.0,0.0,0.0,0.0,0,-0.12133375893328541,True,False,2124,215
2021-12-24 00:00:00+00:00,9552540.113113165,9552540.113113165,0.0,0.0,0.0,0.0,0,-0.12133375893328541,True,False,2124,215
2021-12-27 00:00:00+00:00,9552540.113113165,9552540.113113165,0.0,0.0,0.0,0.0,0,-0.12133375893328541,True,False,2124,215
2021-12-28 00:00:00+00:00,9552540.113113165,9552540.113113165,0.0,0.0,0.0,0.0,0,-0.12133375893328541,True,False,2124,215
2021-12-29 00:00:00+00:00,9552540.113113165,9552540.113113165,0.0,0.0,0.0,0.0,0,-0.12133375893328541,True,False,2124,215
2021-12-30 00:00:00+00:00,9552540.113113165,9552540.113113165,0.0,0.0,0.0,0.0,0,-0.12133375893328541,True,False,2124,215
2021-12-31 00:00:00+00:00,9552540.113113165,9552540.113113165,0.0,0.0,0.0,0.0,0,-0.12133375893328541,True,False,2124,215
2022-01-03 00:00:00+00:00,9552540.113113165,9552540.113113165,0.0,0.0,0.0,0.0,0,-0.12133375893328541,True,False,2124,215
2022-01-04 00:00:00+00:00,9552540.113113165,9552540.113113165,0.0,0.0,0.0,0.0,0,-0.12133375893328541,True,False,2124,215
2022-01-05 00:00:00+00:00,9552540.113113165,9552540.113113165,0.0,0.0,0.0,0.0,0,-0.12133375893328541,True,False,2124,215
2022-01-06 00:00:00+00:00,9552540.113113165,9552540.113113165,0.0,0.0,0.0,0.0,0,-0.12133375893328541,True,False,2124,215
2022-01-07 00:00:00+00:00,9552540.113113165,9552540.113113165,0.0,0.0,0.0,0.0,0,-0.12133375893328541,True,False,2124,215
2022-01-10 00:00:00+00:00,9552540.113113165,9552540.113113165,0.0,0.0,0.0,0.0,0,-0.12133375893328541,True,False,2124,215
2022-01-11 00:00:00+00:00,9552540.113113165,9552540.113113165,0.0,0.0,0.0,0.0,0,-0.12133375893328541,True,False,2124,215
2022-01-12 00:00:00+00:00,9552540.113113165,9552540.113113165,0.0,0.0,0.0,0.0,0,-0.12133375893328541,True,False,2125,215
2022-01-13 00:00:00+00:00,9552540.113113165,9552540.113113165,0.0,0.0,0.0,0.0,0,-0.12133375893328541,True,False,2125,215
2022-01-14 00:00:00+00:00,9552540.113113165,9552540.113113165,0.0,0.0,0.0,0.0,0,-0.12133375893328541,True,False,2125,215
2022-01-17 00:00:00+00:00,9552540.113113165,9552540.113113165,0.0,0.0,0.0,0.0,0,-0.12133375893328541,True,False,2125,215
2022-01-18 00:00:00+00:00,9552540.113113165,9552540.113113165,0.0,0.0,0.0,0.0,0,-0.12133375893328541,True,False,2126,215
2022-01-19 00:00:00+00:00,9552540.113113165,9552540.113113165,0.0,0.0,0.0,0.0,0,-0.12133375893328541,True,False,2126,215
2022-01-20 00:00:00+00:00,9552540.113113165,9552540.113113165,0.0,0.0,0.0,0.0,0,-0.12133375893328541,True,False,2126,215
2022-01-21 00:00:00+00:00,9552540.113113165,9552540.113113165,0.0,0.0,0.0,0.0,0,-0.12133375893328541,True,False,2126,215
2022-01-24 00:00:00+00:00,9552540.113113165,9552540.113113165,0.0,0.0,0.0,0.0,0,-0.12133375893328541,True,False,2135,215
2022-01-25 00:00:00+00:00,9552540.113113165,9552540.113113165,0.0,0.0,0.0,0.0,0,-0.12133375893328541,True,False,2137,215
2022-01-26 00:00:00+00:00,9552540.113113165,9552540.113113165,0.0,0.0,0.0,0.0,0,-0.12133375893328541,True,False,2137,215
2022-01-27 00:00:00+00:00,9552540.113113165,9552540.113113165,0.0,0.0,0.0,0.0,0,-0.12133375893328541,True,False,2140,215
2022-01-28 00:00:00+00:00,9552540.113113165,9552540.113113165,0.0,0.0,0.0,0.0,0,-0.12133375893328541,True,False,2140,215
2022-01-31 00:00:00+00:00,9552540.113113165,9552540.113113165,0.0,0.0,0.0,0.0,0,-0.12133375893328541,True,False,2140,215
2022-02-01 00:00:00+00:00,9552540.113113165,9552540.113113165,0.0,0.0,0.0,0.0,0,-0.12133375893328541,True,False,2140,215
2022-02-02 00:00:00+00:00,9552540.113113165,9552540.113113165,0.0,0.0,0.0,0.0,0,-0.12133375893328541,True,False,2140,215
2022-02-03 00:00:00+00:00,9552540.113113165,9552540.113113165,0.0,0.0,0.0,0.0,0,-0.12133375893328541,True,False,2140,215
2022-02-04 00:00:00+00:00,9552540.113113165,9552540.113113165,0.0,0.0,0.0,0.0,0,-0.12133375893328541,True,False,2140,215
2022-02-07 00:00:00+00:00,9552540.113113165,9552540.113113165,0.0,0.0,0.0,0.0,0,-0.12133375893328541,True,False,2140,215
2022-02-08 00:00:00+00:00,9552540.113113165,9552540.113113165,0.0,0.0,0.0,0.0,0,-0.12133375893328541,True,False,2140,215
2022-02-09 00:00:00+00:00,9552540.113113165,9552540.113113165,0.0,0.0,0.0,0.0,0,-0.12133375893328541,True,False,2140,215
2022-02-10 00:00:00+00:00,9552540.113113165,9552540.113113165,0.0,0.0,0.0,0.0,0,-0.12133375893328541,True,False,2140,215
2022-02-11 00:00:00+00:00,9552540.113113165,9552540.113113165,0.0,0.0,0.0,0.0,0,-0.12133375893328541,True,False,2141,215
2022-02-14 00:00:00+00:00,9552540.113113165,9552540.113113165,0.0,0.0,0.0,0.0,0,-0.12133375893328541,True,False,2142,215
2022-02-15 00:00:00+00:00,9552540.113113165,9552540.113113165,0.0,0.0,0.0,0.0,0,-0.12133375893328541,True,False,2142,215
2022-02-16 00:00:00+00:00,9552540.113113165,9552540.113113165,0.0,0.0,0.0,0.0,0,-0.12133375893328541,True,False,2142,215
2022-02-17 00:00:00+00:00,9552540.113113165,9552540.113113165,0.0,0.0,0.0,0.0,0,-0.12133375893328541,True,False,2142,215
2022-02-18 00:00:00+00:00,9552540.113113165,9552540.113113165,0.0,0.0,0.0,0.0,0,-0.12133375893328541,True,False,2143,215
2022-02-21 00:00:00+00:00,9552540.113113165,9552540.113113165,0.0,0.0,0.0,0.0,0,-0.12133375893328541,True,False,2143,215
2022-02-22 00:00:00+00:00,9552540.113113165,9552540.113113165,0.0,0.0,0.0,0.0,0,-0.12133375893328541,True,False,2144,215
2022-02-23 00:00:00+00:00,9552540.113113165,9552540.113113165,0.0,0.0,0.0,0.0,0,-0.12133375893328541,True,False,2144,215
2022-02-24 00:00:00+00:00,9552540.113113165,9552540.113113165,0.0,0.0,0.0,0.0,0,-0.12133375893328541,True,False,2154,215
2022-02-25 00:00:00+00:00,9552540.113113165,9552540.113113165,0.0,0.0,0.0,0.0,0,-0.12133375893328541,True,False,2154,215
2022-02-28 00:00:00+00:00,9552540.113113165,9552540.113113165,0.0,0.0,0.0,0.0,0,-0.12133375893328541,True,False,2154,215
2022-03-01 00:00:00+00:00,9552540.113113165,9552540.113113165,0.0,0.0,0.0,0.0,0,-0.12133375893328541,True,False,2154,215
2022-03-02 00:00:00+00:00,9552540.113113165,9552540.113113165,0.0,0.0,0.0,0.0,0,-0.12133375893328541,True,False,2155,215
2022-03-03 00:00:00+00:00,9552540.113113165,9552540.113113165,0.0,0.0,0.0,0.0,0,-0.12133375893328541,True,False,2159,215
2022-03-04 00:00:00+00:00,9552540.113113165,9552540.113113165,0.0,0.0,0.0,0.0,0,-0.12133375893328541,True,False,2162,215
2022-03-07 00:00:00+00:00,9552540.113113165,9552540.113113165,0.0,0.0,0.0,0.0,0,-0.12133375893328541,True,False,2175,215
2022-03-08 00:00:00+00:00,9552540.113113165,9552540.113113165,0.0,0.0,0.0,0.0,0,-0.12133375893328541,True,False,2176,215
2022-03-09 00:00:00+00:00,9552540.113113165,9552540.113113165,0.0,0.0,0.0,0.0,0,-0.12133375893328541,True,False,2176,215
2022-03-10 00:00:00+00:00,9552540.113113165,9552540.113113165,0.0,0.0,0.0,0.0,0,-0.12133375893328541,True,False,2176,215
2022-03-11 00:00:00+00:00,9552540.113113165,9552540.113113165,0.0,0.0,0.0,0.0,0,-0.12133375893328541,True,False,2176,215
2022-03-14 00:00:00+00:00,9552540.113113165,9552540.113113165,0.0,0.0,0.0,0.0,0,-0.12133375893328541,True,False,2176,215
2022-03-15 00:00:00+00:00,9552540.113113165,9552540.113113165,0.0,0.0,0.0,0.0,0,-0.12133375893328541,True,False,2176,215
2022-03-16 00:00:00+00:00,9552540.113113165,9552540.113113165,0.0,0.0,0.0,0.0,0,-0.12133375893328541,True,False,2176,215
2022-03-17 00:00:00+00:00,9552540.113113165,9552540.113113165,0.0,0.0,0.0,0.0,0,-0.12133375893328541,True,False,2176,215
2022-03-18 00:00:00+00:00,9552540.113113165,9552540.113113165,0.0,0.0,0.0,0.0,0,-0.12133375893328541,True,False,2176,215
2022-03-21 00:00:00+00:00,9552540.113113165,9552540.113113165,0.0,0.0,0.0,0.0,0,-0.12133375893328541,True,False,2176,215
2022-03-22 00:00:00+00:00,9552540.113113165,9552540.113113165,0.0,0.0,0.0,0.0,0,-0.12133375893328541,True,False,2176,215
2022-03-23 00:00:00+00:00,9552540.113113165,9552540.113113165,0.0,0.0,0.0,0.0,0,-0.12133375893328541,True,False,2176,215
2022-03-24 00:00:00+00:00,9552540.113113165,9552540.113113165,0.0,0.0,0.0,0.0,0,-0.12133375893328541,True,False,2176,215
2022-03-25 00:00:00+00:00,9552540.113113165,9552540.113113165,0.0,0.0,0.0,0.0,0,-0.12133375893328541,True,False,2176,215
2022-03-28 00:00:00+00:00,9552540.113113165,9552540.113113165,0.0,0.0,0.0,0.0,0,-0.12133375893328541,True,False,2176,215
2022-03-29 00:00:00+00:00,9552540.113113165,9552540.113113165,0.0,0.0,0.0,0.0,0,-0.12133375893328541,True,False,2176,215
2022-03-30 00:00:00+00:00,9552540.113113165,9552540.113113165,0.0,0.0,0.0,0.0,0,-0.12133375893328541,True,False,2176,215
2022-03-31 00:00:00+00:00,9552540.113113165,9552540.113113165,0.0,0.0,0.0,0.0,0,-0.12133375893328541,True,False,2176,215
2022-04-01 00:00:00+00:00,9552540.113113165,9552540.113113165,0.0,0.0,0.0,0.0,0,-0.12133375893328541,True,False,2176,215
2022-04-04 00:00:00+00:00,9552540.113113165,9552540.113113165,0.0,0.0,0.0,0.0,0,-0.12133375893328541,True,False,2176,215
2022-04-05 00:00:00+00:00,9552540.113113165,9552540.113113165,0.0,0.0,0.0,0.0,0,-0.12133375893328541,True,False,2176,215
2022-04-06 00:00:00+00:00,9552540.113113165,9552540.113113165,0.0,0.0,0.0,0.0,0,-0.12133375893328541,True,False,2176,215
2022-04-07 00:00:00+00:00,9552540.113113165,9552540.113113165,0.0,0.0,0.0,0.0,0,-0.12133375893328541,True,False,2176,215
2022-04-08 00:00:00+00:00,9552540.113113165,9552540.113113165,0.0,0.0,0.0,0.0,0,-0.12133375893328541,True,False,2176,215
2022-04-11 00:00:00+00:00,9552540.113113165,9552540.113113165,0.0,0.0,0.0,0.0,0,-0.12133375893328541,True,False,2176,215
2022-04-12 00:00:00+00:00,9552540.113113165,9552540.113113165,0.0,0.0,0.0,0.0,0,-0.12133375893328541,True,False,2176,215
2022-04-13 00:00:00+00:00,9552540.113113165,9552540.113113165,0.0,0.0,0.0,0.0,0,-0.12133375893328541,True,False,2176,215
2022-04-14 00:00:00+00:00,9552540.113113165,9552540.113113165,0.0,0.0,0.0,0.0,0,-0.12133375893328541,True,False,2176,215
2022-04-18 00:00:00+00:00,9552540.113113165,9552540.113113165,0.0,0.0,0.0,0.0,0,-0.12133375893328541,True,False,2182,215
2022-04-19 00:00:00+00:00,9552540.113113165,9552540.113113165,0.0,0.0,0.0,0.0,0,-0.12133375893328541,True,False,2182,215
2022-04-20 00:00:00+00:00,9552540.113113165,9552540.113113165,0.0,0.0,0.0,0.0,0,-0.12133375893328541,True,False,2182,215
2022-04-21 00:00:00+00:00,9552540.113113165,9552540.113113165,0.0,0.0,0.0,0.0,0,-0.12133375893328541,True,False,2182,215
2022-04-22 00:00:00+00:00,9552540.113113165,9552540.113113165,0.0,0.0,0.0,0.0,0,-0.12133375893328541,True,False,2182,215
2022-04-25 00:00:00+00:00,9552540.113113165,9552540.113113165,0.0,0.0,0.0,0.0,0,-0.12133375893328541,True,False,2183,215
2022-04-26 00:00:00+00:00,9552540.113113165,9552540.113113165,0.0,0.0,0.0,0.0,0,-0.12133375893328541,True,False,2183,215
2022-04-27 00:00:00+00:00,9552540.113113165,9552540.113113165,0.0,0.0,0.0,0.0,0,-0.12133375893328541,True,False,2183,215
2022-04-28 00:00:00+00:00,9552540.113113165,9552540.113113165,0.0,0.0,0.0,0.0,0,-0.12133375893328541,True,False,2183,215
2022-04-29 00:00:00+00:00,9552540.113113165,9552540.113113165,0.0,0.0,0.0,0.0,0,-0.12133375893328541,True,False,2183,215
2022-05-02 00:00:00+00:00,9552540.113113165,9552540.113113165,0.0,0.0,0.0,0.0,0,-0.12133375893328541,True,False,2185,215
2022-05-03 00:00:00+00:00,9552540.113113165,9552540.113113165,0.0,0.0,0.0,0.0,0,-0.12133375893328541,True,False,2185,215
2022-05-04 00:00:00+00:00,9552540.113113165,9552540.113113165,0.0,0.0,0.0,0.0,0,-0.12133375893328541,True,False,2186,215
2022-05-05 00:00:00+00:00,9552540.113113165,9552540.113113165,0.0,0.0,0.0,0.0,0,-0.12133375893328541,True,False,2187,215
2022-05-06 00:00:00+00:00,9552540.113113165,9552540.113113165,0.0,0.0,0.0,0.0,0,-0.12133375893328541,True,False,2192,215
2022-05-09 00:00:00+00:00,9552540.113113165,9552540.113113165,0.0,0.0,0.0,0.0,0,-0.12133375893328541,True,False,2195,215
2022-05-10 00:00:00+00:00,9552540.113113165,9552540.113113165,0.0,0.0,0.0,0.0,0,-0.12133375893328541,True,False,2204,215
2022-05-11 00:00:00+00:00,9552540.113113165,9552540.113113165,0.0,0.0,0.0,0.0,0,-0.12133375893328541,True,False,2207,215
2022-05-12 00:00:00+00:00,9552540.113113165,9552540.113113165,0.0,0.0,0.0,0.0,0,-0.12133375893328541,True,False,2215,215
2022-05-13 00:00:00+00:00,9552540.113113165,9552540.113113165,0.0,0.0,0.0,0.0,0,-0.12133375893328541,True,False,2217,215
2022-05-16 00:00:00+00:00,9552540.113113165,9552540.113113165,0.0,0.0,0.0,0.0,0,-0.12133375893328541,True,False,2218,215
2022-05-17 00:00:00+00:00,9552540.113113165,9552540.113113165,0.0,0.0,0.0,0.0,0,-0.12133375893328541,True,False,2218,215
2022-05-18 00:00:00+00:00,9552540.113113165,9552540.113113165,0.0,0.0,0.0,0.0,0,-0.12133375893328541,True,False,2218,215
2022-05-19 00:00:00+00:00,9552540.113113165,9552540.113113165,0.0,0.0,0.0,0.0,0,-0.12133375893328541,True,False,2220,215
2022-05-20 00:00:00+00:00,9552540.113113165,9552540.113113165,0.0,0.0,0.0,0.0,0,-0.12133375893328541,True,False,2220,215
2022-05-23 00:00:00+00:00,9552540.113113165,9552540.113113165,0.0,0.0,0.0,0.0,0,-0.12133375893328541,True,False,2220,215
2022-05-24 00:00:00+00:00,9552540.113113165,9552540.113113165,0.0,0.0,0.0,0.0,0,-0.12133375893328541,True,False,2221,215
2022-05-25 00:00:00+00:00,9552540.113113165,9552540.113113165,0.0,0.0,0.0,0.0,0,-0.12133375893328541,True,False,2221,215
2022-05-26 00:00:00+00:00,9552540.113113165,9552540.113113165,0.0,0.0,0.0,0.0,0,-0.12133375893328541,True,False,2221,215
2022-05-27 00:00:00+00:00,9552540.113113165,9552540.113113165,0.0,0.0,0.0,0.0,0,-0.12133375893328541,True,False,2221,215
2022-05-30 00:00:00+00:00,9552540.113113165,9552540.113113165,0.0,0.0,0.0,0.0,0,-0.12133375893328541,True,False,2221,215
2022-05-31 00:00:00+00:00,9552540.113113165,9552540.113113165,0.0,0.0,0.0,0.0,0,-0.12133375893328541,True,False,2221,215
2022-06-01 00:00:00+00:00,9552540.113113165,9552540.113113165,0.0,0.0,0.0,0.0,0,-0.12133375893328541,True,False,2222,215
2022-06-02 00:00:00+00:00,9552540.113113165,9552540.113113165,0.0,0.0,0.0,0.0,0,-0.12133375893328541,True,False,2222,215
2022-06-03 00:00:00+00:00,9552540.113113165,9552540.113113165,0.0,0.0,0.0,0.0,0,-0.12133375893328541,True,False,2223,215
2022-06-06 00:00:00+00:00,9552540.113113165,9552540.113113165,0.0,0.0,0.0,0.0,0,-0.12133375893328541,True,False,2223,215
2022-06-07 00:00:00+00:00,9552540.113113165,9552540.113113165,0.0,0.0,0.0,0.0,0,-0.12133375893328541,True,False,2223,215
2022-06-08 00:00:00+00:00,9552540.113113165,9552540.113113165,0.0,0.0,0.0,0.0,0,-0.12133375893328541,True,False,2223,215
2022-06-09 00:00:00+00:00,9552540.113113165,9552540.113113165,0.0,0.0,0.0,0.0,0,-0.12133375893328541,True,False,2223,215
2022-06-10 00:00:00+00:00,9552540.113113165,9552540.113113165,0.0,0.0,0.0,0.0,0,-0.12133375893328541,True,False,2223,215
2022-06-13 00:00:00+00:00,9552540.113113165,9552540.113113165,0.0,0.0,0.0,0.0,0,-0.12133375893328541,True,False,2225,215
2022-06-14 00:00:00+00:00,9552540.113113165,9552540.113113165,0.0,0.0,0.0,0.0,0,-0.12133375893328541,True,False,2226,215
2022-06-15 00:00:00+00:00,9552540.113113165,9552540.113113165,0.0,0.0,0.0,0.0,0,-0.12133375893328541,True,False,2226,215
2022-06-16 00:00:00+00:00,9552540.113113165,9552540.113113165,0.0,0.0,0.0,0.0,0,-0.12133375893328541,True,False,2227,215
2022-06-17 00:00:00+00:00,9552540.113113165,9552540.113113165,0.0,0.0,0.0,0.0,0,-0.12133375893328541,True,False,2239,215
2022-06-20 00:00:00+00:00,9552540.113113165,9552540.113113165,0.0,0.0,0.0,0.0,0,-0.12133375893328541,True,False,2242,215
2022-06-21 00:00:00+00:00,9552540.113113165,9552540.113113165,0.0,0.0,0.0,0.0,0,-0.12133375893328541,True,False,2243,215
2022-06-22 00:00:00+00:00,9552540.113113165,9552540.113113165,0.0,0.0,0.0,0.0,0,-0.12133375893328541,True,False,2243,215
2022-06-23 00:00:00+00:00,9552540.113113165,9552540.113113165,0.0,0.0,0.0,0.0,0,-0.12133375893328541,True,False,2244,215
2022-06-24 00:00:00+00:00,9552540.113113165,9552540.113113165,0.0,0.0,0.0,0.0,0,-0.12133375893328541,True,False,2244,215
2022-06-27 00:00:00+00:00,9552540.113113165,9552540.113113165,0.0,0.0,0.0,0.0,0,-0.12133375893328541,True,False,2244,215
2022-06-28 00:00:00+00:00,9552540.113113165,9552540.113113165,0.0,0.0,0.0,0.0,0,-0.12133375893328541,True,False,2244,215
2022-06-29 00:00:00+00:00,9552540.113113165,9552540.113113165,0.0,0.0,0.0,0.0,0,-0.12133375893328541,True,False,2244,215
2022-06-30 00:00:00+00:00,9552540.113113165,9552540.113113165,0.0,0.0,0.0,0.0,0,-0.12133375893328541,True,False,2244,215
2022-07-01 00:00:00+00:00,9552540.113113165,9552540.113113165,0.0,0.0,0.0,0.0,0,-0.12133375893328541,True,False,2245,215
2022-07-04 00:00:00+00:00,9552540.113113165,9552540.113113165,0.0,0.0,0.0,0.0,0,-0.12133375893328541,True,False,2245,215
2022-07-05 00:00:00+00:00,9552540.113113165,9552540.113113165,0.0,0.0,0.0,0.0,0,-0.12133375893328541,True,False,2245,215
2022-07-06 00:00:00+00:00,9552540.113113165,9552540.113113165,0.0,0.0,0.0,0.0,0,-0.12133375893328541,True,False,2245,215
2022-07-07 00:00:00+00:00,9552540.113113165,9552540.113113165,0.0,0.0,0.0,0.0,0,-0.12133375893328541,True,False,2245,215
2022-07-08 00:00:00+00:00,9552540.113113165,9552540.113113165,0.0,0.0,0.0,0.0,0,-0.12133375893328541,True,False,2245,215
2022-07-11 00:00:00+00:00,9552540.113113165,9552540.113113165,0.0,0.0,0.0,0.0,0,-0.12133375893328541,True,False,2245,215
2022-07-12 00:00:00+00:00,9552540.113113165,9552540.113113165,0.0,0.0,0.0,0.0,0,-0.12133375893328541,True,False,2246,215
2022-07-13 00:00:00+00:00,9552540.113113165,9552540.113113165,0.0,0.0,0.0,0.0,0,-0.12133375893328541,True,False,2246,215
2022-07-14 00:00:00+00:00,9552540.113113165,9552540.113113165,0.0,0.0,0.0,0.0,0,-0.12133375893328541,True,False,2246,215
2022-07-15 00:00:00+00:00,9552540.113113165,9552540.113113165,0.0,0.0,0.0,0.0,0,-0.12133375893328541,True,False,2249,215
2022-07-18 00:00:00+00:00,9552540.113113165,9552540.113113165,0.0,0.0,0.0,0.0,0,-0.12133375893328541,True,False,2249,215
2022-07-19 00:00:00+00:00,9552540.113113165,9552540.113113165,0.0,0.0,0.0,0.0,0,-0.12133375893328541,True,False,2249,215
2022-07-20 00:00:00+00:00,9552540.113113165,9552540.113113165,0.0,0.0,0.0,0.0,0,-0.12133375893328541,True,False,2249,215
2022-07-21 00:00:00+00:00,9552540.113113165,9552540.113113165,0.0,0.0,0.0,0.0,0,-0.12133375893328541,True,False,2249,215
2022-07-22 00:00:00+00:00,9552540.113113165,9552540.113113165,0.0,0.0,0.0,0.0,0,-0.12133375893328541,True,False,2249,215
2022-07-25 00:00:00+00:00,9552540.113113165,9552540.113113165,0.0,0.0,0.0,0.0,0,-0.12133375893328541,True,False,2249,215
2022-07-26 00:00:00+00:00,9552540.113113165,9552540.113113165,0.0,0.0,0.0,0.0,0,-0.12133375893328541,True,False,2249,215
2022-07-27 00:00:00+00:00,9552540.113113165,9552540.113113165,0.0,0.0,0.0,0.0,0,-0.12133375893328541,True,False,2249,215
2022-07-28 00:00:00+00:00,9552540.113113165,9552540.113113165,0.0,0.0,0.0,0.0,0,-0.12133375893328541,True,False,2249,215
2022-07-29 00:00:00+00:00,9552540.113113165,9552540.113113165,0.0,0.0,0.0,0.0,0,-0.12133375893328541,True,False,2249,215
2022-08-01 00:00:00+00:00,9552540.113113165,9552540.113113165,0.0,0.0,0.0,0.0,0,-0.12133375893328541,True,False,2249,215
2022-08-02 00:00:00+00:00,9552540.113113165,9552540.113113165,0.0,0.0,0.0,0.0,0,-0.12133375893328541,True,False,2249,215
2022-08-03 00:00:00+00:00,9552540.113113165,9552540.113113165,0.0,0.0,0.0,0.0,0,-0.12133375893328541,True,False,2249,215
2022-08-04 00:00:00+00:00,9552540.113113165,9552540.113113165,0.0,0.0,0.0,0.0,0,-0.12133375893328541,True,False,2249,215
2022-08-05 00:00:00+00:00,9552540.113113165,9552540.113113165,0.0,0.0,0.0,0.0,0,-0.12133375893328541,True,False,2249,215
2022-08-08 00:00:00+00:00,9552540.113113165,9552540.113113165,0.0,0.0,0.0,0.0,0,-0.12133375893328541,True,False,2249,215
2022-08-09 00:00:00+00:00,9552540.113113165,9552540.113113165,0.0,0.0,0.0,0.0,0,-0.12133375893328541,True,False,2249,215
2022-08-10 00:00:00+00:00,9552540.113113165,9552540.113113165,0.0,0.0,0.0,0.0,0,-0.12133375893328541,True,False,2249,215
2022-08-11 00:00:00+00:00,9552540.113113165,9552540.113113165,0.0,0.0,0.0,0.0,0,-0.12133375893328541,True,False,2249,215
2022-08-12 00:00:00+00:00,9552540.113113165,9552540.113113165,0.0,0.0,0.0,0.0,0,-0.12133375893328541,True,False,2249,215
2022-08-15 00:00:00+00:00,9552540.113113165,9552540.113113165,0.0,0.0,0.0,0.0,0,-0.12133375893328541,True,False,2249,215
2022-08-16 00:00:00+00:00,9552540.113113165,9552540.113113165,0.0,0.0,0.0,0.0,0,-0.12133375893328541,True,False,2249,215
2022-08-17 00:00:00+00:00,9552540.113113165,9552540.113113165,0.0,0.0,0.0,0.0,0,-0.12133375893328541,True,False,2249,215
2022-08-18 00:00:00+00:00,9552540.113113165,9552540.113113165,0.0,0.0,0.0,0.0,0,-0.12133375893328541,True,False,2249,215
2022-08-19 00:00:00+00:00,9552540.113113165,9552540.113113165,0.0,0.0,0.0,0.0,0,-0.12133375893328541,True,False,2249,215
2022-08-22 00:00:00+00:00,9552540.113113165,9552540.113113165,0.0,0.0,0.0,0.0,0,-0.12133375893328541,True,False,2249,215
2022-08-23 00:00:00+00:00,9552540.113113165,9552540.113113165,0.0,0.0,0.0,0.0,0,-0.12133375893328541,True,False,2249,215
2022-08-24 00:00:00+00:00,9552540.113113165,9552540.113113165,0.0,0.0,0.0,0.0,0,-0.12133375893328541,True,False,2249,215
2022-08-25 00:00:00+00:00,9552540.113113165,9552540.113113165,0.0,0.0,0.0,0.0,0,-0.12133375893328541,True,False,2249,215
2022-08-26 00:00:00+00:00,9552540.113113165,9552540.113113165,0.0,0.0,0.0,0.0,0,-0.12133375893328541,True,False,2249,215
2022-08-29 00:00:00+00:00,9552540.113113165,9552540.113113165,0.0,0.0,0.0,0.0,0,-0.12133375893328541,True,False,2249,215
2022-08-30 00:00:00+00:00,9552540.113113165,9552540.113113165,0.0,0.0,0.0,0.0,0,-0.12133375893328541,True,False,2249,215
2022-08-31 00:00:00+00:00,9552540.113113165,9552540.113113165,0.0,0.0,0.0,0.0,0,-0.12133375893328541,True,False,2249,215
2022-09-01 00:00:00+00:00,9552540.113113165,9552540.113113165,0.0,0.0,0.0,0.0,0,-0.12133375893328541,True,False,2249,215
2022-09-02 00:00:00+00:00,9552540.113113165,9552540.113113165,0.0,0.0,0.0,0.0,0,-0.12133375893328541,True,False,2249,215
2022-09-05 00:00:00+00:00,9552540.113113165,9552540.113113165,0.0,0.0,0.0,0.0,0,-0.12133375893328541,True,False,2249,215
2022-09-06 00:00:00+00:00,9552540.113113165,9552540.113113165,0.0,0.0,0.0,0.0,0,-0.12133375893328541,True,False,2249,215
2022-09-07 00:00:00+00:00,9552540.113113165,9552540.113113165,0.0,0.0,0.0,0.0,0,-0.12133375893328541,True,False,2250,215
2022-09-08 00:00:00+00:00,9552540.113113165,9552540.113113165,0.0,0.0,0.0,0.0,0,-0.12133375893328541,True,False,2250,215
2022-09-09 00:00:00+00:00,9552540.113113165,9552540.113113165,0.0,0.0,0.0,0.0,0,-0.12133375893328541,True,False,2250,215
2022-09-12 00:00:00+00:00,9552540.113113165,9552540.113113165,0.0,0.0,0.0,0.0,0,-0.12133375893328541,True,False,2250,215
2022-09-13 00:00:00+00:00,9552540.113113165,9552540.113113165,0.0,0.0,0.0,0.0,0,-0.12133375893328541,True,False,2250,215
2022-09-14 00:00:00+00:00,9552540.113113165,9552540.113113165,0.0,0.0,0.0,0.0,0,-0.12133375893328541,True,False,2250,215
2022-09-15 00:00:00+00:00,9552540.113113165,9552540.113113165,0.0,0.0,0.0,0.0,0,-0.12133375893328541,True,False,2250,215
2022-09-16 00:00:00+00:00,9552540.113113165,9552540.113113165,0.0,0.0,0.0,0.0,0,-0.12133375893328541,True,False,2256,215
2022-09-19 00:00:00+00:00,9552540.113113165,9552540.113113165,0.0,0.0,0.0,0.0,0,-0.12133375893328541,True,False,2257,215
2022-09-20 00:00:00+00:00,9552540.113113165,9552540.113113165,0.0,0.0,0.0,0.0,0,-0.12133375893328541,True,False,2259,215
2022-09-21 00:00:00+00:00,9552540.113113165,9552540.113113165,0.0,0.0,0.0,0.0,0,-0.12133375893328541,True,False,2259,215
2022-09-22 00:00:00+00:00,9552540.113113165,9552540.113113165,0.0,0.0,0.0,0.0,0,-0.12133375893328541,True,False,2259,215
2022-09-23 00:00:00+00:00,9552540.113113165,9552540.113113165,0.0,0.0,0.0,0.0,0,-0.12133375893328541,True,False,2260,215
2022-09-26 00:00:00+00:00,9552540.113113165,9552540.113113165,0.0,0.0,0.0,0.0,0,-0.12133375893328541,True,False,2266,215
2022-09-27 00:00:00+00:00,9552540.113113165,9552540.113113165,0.0,0.0,0.0,0.0,0,-0.12133375893328541,True,False,2266,215
2022-09-28 00:00:00+00:00,9552540.113113165,9552540.113113165,0.0,0.0,0.0,0.0,0,-0.12133375893328541,True,False,2270,215
2022-09-29 00:00:00+00:00,9552540.113113165,9552540.113113165,0.0,0.0,0.0,0.0,0,-0.12133375893328541,True,False,2273,215
2022-09-30 00:00:00+00:00,9552540.113113165,9552540.113113165,0.0,0.0,0.0,0.0,0,-0.12133375893328541,True,False,2274,215
2022-10-03 00:00:00+00:00,9552540.113113165,9552540.113113165,0.0,0.0,0.0,0.0,0,-0.12133375893328541,True,False,2274,215
2022-10-04 00:00:00+00:00,9552540.113113165,9552540.113113165,0.0,0.0,0.0,0.0,0,-0.12133375893328541,True,False,2274,215
2022-10-05 00:00:00+00:00,9552540.113113165,9552540.113113165,0.0,0.0,0.0,0.0,0,-0.12133375893328541,True,False,2274,215
2022-10-06 00:00:00+00:00,9552540.113113165,9552540.113113165,0.0,0.0,0.0,0.0,0,-0.12133375893328541,True,False,2274,215
2022-10-07 00:00:00+00:00,9552540.113113165,9552540.113113165,0.0,0.0,0.0,0.0,0,-0.12133375893328541,True,False,2274,215
2022-10-10 00:00:00+00:00,9552540.113113165,9552540.113113165,0.0,0.0,0.0,0.0,0,-0.12133375893328541,True,False,2274,215
2022-10-11 00:00:00+00:00,9552540.113113165,9552540.113113165,0.0,0.0,0.0,0.0,0,-0.12133375893328541,True,False,2275,215
2022-10-12 00:00:00+00:00,9552540.113113165,9552540.113113165,0.0,0.0,0.0,0.0,0,-0.12133375893328541,True,False,2275,215
2022-10-13 00:00:00+00:00,9552540.113113165,9552540.113113165,0.0,0.0,0.0,0.0,0,-0.12133375893328541,True,False,2276,215
2022-10-14 00:00:00+00:00,9552540.113113165,9552540.113113165,0.0,0.0,0.0,0.0,0,-0.12133375893328541,True,False,2277,215
2022-10-17 00:00:00+00:00,9552540.113113165,9552540.113113165,0.0,0.0,0.0,0.0,0,-0.12133375893328541,True,False,2277,215
2022-10-18 00:00:00+00:00,9552540.113113165,9552540.113113165,0.0,0.0,0.0,0.0,0,-0.12133375893328541,True,False,2278,215
2022-10-19 00:00:00+00:00,9552540.113113165,9552540.113113165,0.0,0.0,0.0,0.0,0,-0.12133375893328541,True,False,2278,215
2022-10-20 00:00:00+00:00,9552540.113113165,9552540.113113165,0.0,0.0,0.0,0.0,0,-0.12133375893328541,True,False,2278,215
2022-10-21 00:00:00+00:00,9552540.113113165,9552540.113113165,0.0,0.0,0.0,0.0,0,-0.12133375893328541,True,False,2279,215
2022-10-24 00:00:00+00:00,9552540.113113165,9552540.113113165,0.0,0.0,0.0,0.0,0,-0.12133375893328541,True,False,2279,215
2022-10-25 00:00:00+00:00,9552540.113113165,9552540.113113165,0.0,0.0,0.0,0.0,0,-0.12133375893328541,True,False,2279,215
2022-10-26 00:00:00+00:00,9552540.113113165,9552540.113113165,0.0,0.0,0.0,0.0,0,-0.12133375893328541,True,False,2279,215
2022-10-27 00:00:00+00:00,9552540.113113165,9552540.113113165,0.0,0.0,0.0,0.0,0,-0.12133375893328541,True,False,2279,215
2022-10-28 00:00:00+00:00,9552540.113113165,9552540.113113165,0.0,0.0,0.0,0.0,0,-0.12133375893328541,True,False,2279,215
2022-10-31 00:00:00+00:00,9552540.113113165,9552540.113113165,0.0,0.0,0.0,0.0,0,-0.12133375893328541,True,False,2279,215
2022-11-01 00:00:00+00:00,9552540.113113165,9552540.113113165,0.0,0.0,0.0,0.0,0,-0.12133375893328541,True,False,2279,215
2022-11-02 00:00:00+00:00,9552540.113113165,9552540.113113165,0.0,0.0,0.0,0.0,0,-0.12133375893328541,True,False,2279,215
2022-11-03 00:00:00+00:00,9552540.113113165,9552540.113113165,0.0,0.0,0.0,0.0,0,-0.12133375893328541,True,False,2279,215
2022-11-04 00:00:00+00:00,9552540.113113165,9552540.113113165,0.0,0.0,0.0,0.0,0,-0.12133375893328541,True,False,2279,215
2022-11-07 00:00:00+00:00,9552540.113113165,9552540.113113165,0.0,0.0,0.0,0.0,0,-0.12133375893328541,True,False,2279,215
2022-11-08 00:00:00+00:00,9552540.113113165,9552540.113113165,0.0,0.0,0.0,0.0,0,-0.12133375893328541,True,False,2279,215
2022-11-09 00:00:00+00:00,9552540.113113165,9552540.113113165,0.0,0.0,0.0,0.0,0,-0.12133375893328541,True,False,2281,215
2022-11-10 00:00:00+00:00,9552540.113113165,9552540.113113165,0.0,0.0,0.0,0.0,0,-0.12133375893328541,True,False,2283,215
2022-11-11 00:00:00+00:00,9552540.113113165,9552540.113113165,0.0,0.0,0.0,0.0,0,-0.12133375893328541,True,False,2283,215
2022-11-14 00:00:00+00:00,9552540.113113165,9552540.113113165,0.0,0.0,0.0,0.0,0,-0.12133375893328541,True,False,2283,215
2022-11-15 00:00:00+00:00,9552540.113113165,9552540.113113165,0.0,0.0,0.0,0.0,0,-0.12133375893328541,True,False,2284,215
2022-11-16 00:00:00+00:00,9552540.113113165,9552540.113113165,0.0,0.0,0.0,0.0,0,-0.12133375893328541,True,False,2284,215
2022-11-17 00:00:00+00:00,9552540.113113165,9552540.113113165,0.0,0.0,0.0,0.0,0,-0.12133375893328541,True,False,2284,215
2022-11-18 00:00:00+00:00,9552540.113113165,9552540.113113165,0.0,0.0,0.0,0.0,0,-0.12133375893328541,True,False,2284,215
2022-11-21 00:00:00+00:00,9552540.113113165,9552540.113113165,0.0,0.0,0.0,0.0,0,-0.12133375893328541,True,False,2285,215
2022-11-22 00:00:00+00:00,9552540.113113165,9552540.113113165,0.0,0.0,0.0,0.0,0,-0.12133375893328541,True,False,2285,215
2022-11-23 00:00:00+00:00,9552540.113113165,9552540.113113165,0.0,0.0,0.0,0.0,0,-0.12133375893328541,True,False,2285,215
2022-11-24 00:00:00+00:00,9552540.113113165,9552540.113113165,0.0,0.0,0.0,0.0,0,-0.12133375893328541,True,False,2285,215
2022-11-25 00:00:00+00:00,9552540.113113165,9552540.113113165,0.0,0.0,0.0,0.0,0,-0.12133375893328541,True,False,2285,215
2022-11-28 00:00:00+00:00,9552540.113113165,9552540.113113165,0.0,0.0,0.0,0.0,0,-0.12133375893328541,True,False,2285,215
2022-11-29 00:00:00+00:00,9552540.113113165,9552540.113113165,0.0,0.0,0.0,0.0,0,-0.12133375893328541,True,False,2285,215
2022-11-30 00:00:00+00:00,9552540.113113165,9552540.113113165,0.0,0.0,0.0,0.0,0,-0.12133375893328541,True,False,2285,215
2022-12-01 00:00:00+00:00,9552540.113113165,9552540.113113165,0.0,0.0,0.0,0.0,0,-0.12133375893328541,True,False,2285,215
2022-12-02 00:00:00+00:00,9552540.113113165,9552540.113113165,0.0,0.0,0.0,0.0,0,-0.12133375893328541,True,False,2286,215
2022-12-05 00:00:00+00:00,9552540.113113165,9552540.113113165,0.0,0.0,0.0,0.0,0,-0.12133375893328541,True,False,2287,215
2022-12-06 00:00:00+00:00,9552540.113113165,9552540.113113165,0.0,0.0,0.0,0.0,0,-0.12133375893328541,True,False,2287,215
2022-12-07 00:00:00+00:00,9552540.113113165,9552540.113113165,0.0,0.0,0.0,0.0,0,-0.12133375893328541,True,False,2288,215
2022-12-08 00:00:00+00:00,9552540.113113165,9552540.113113165,0.0,0.0,0.0,0.0,0,-0.12133375893328541,True,False,2290,215
2022-12-09 00:00:00+00:00,9552540.113113165,9552540.113113165,0.0,0.0,0.0,0.0,0,-0.12133375893328541,True,False,2290,215
2022-12-12 00:00:00+00:00,9552540.113113165,9552540.113113165,0.0,0.0,0.0,0.0,0,-0.12133375893328541,True,False,2290,215
2022-12-13 00:00:00+00:00,9552540.113113165,9552540.113113165,0.0,0.0,0.0,0.0,0,-0.12133375893328541,True,False,2290,215
2022-12-14 00:00:00+00:00,9552540.113113165,9552540.113113165,0.0,0.0,0.0,0.0,0,-0.12133375893328541,True,False,2290,215
2022-12-15 00:00:00+00:00,9552540.113113165,9552540.113113165,0.0,0.0,0.0,0.0,0,-0.12133375893328541,True,False,2291,215
2022-12-16 00:00:00+00:00,9552540.113113165,9552540.113113165,0.0,0.0,0.0,0.0,0,-0.12133375893328541,True,False,2294,215
2022-12-19 00:00:00+00:00,9552540.113113165,9552540.113113165,0.0,0.0,0.0,0.0,0,-0.12133375893328541,True,False,2294,215
2022-12-20 00:00:00+00:00,9552540.113113165,9552540.113113165,0.0,0.0,0.0,0.0,0,-0.12133375893328541,True,False,2294,215
2022-12-21 00:00:00+00:00,9552540.113113165,9552540.113113165,0.0,0.0,0.0,0.0,0,-0.12133375893328541,True,False,2295,215
2022-12-22 00:00:00+00:00,9552540.113113165,9552540.113113165,0.0,0.0,0.0,0.0,0,-0.12133375893328541,True,False,2295,215
2022-12-23 00:00:00+00:00,9552540.113113165,9552540.113113165,0.0,0.0,0.0,0.0,0,-0.12133375893328541,True,False,2304,215
2022-12-26 00:00:00+00:00,9552540.113113165,9552540.113113165,0.0,0.0,0.0,0.0,0,-0.12133375893328541,True,False,2304,215
2022-12-27 00:00:00+00:00,9552540.113113165,9552540.113113165,0.0,0.0,0.0,0.0,0,-0.12133375893328541,True,False,2304,215
2022-12-28 00:00:00+00:00,9552540.113113165,9552540.113113165,0.0,0.0,0.0,0.0,0,-0.12133375893328541,True,False,2304,215
2022-12-29 00:00:00+00:00,9552540.113113165,9552540.113113165,0.0,0.0,0.0,0.0,0,-0.12133375893328541,True,False,2304,215
2022-12-30 00:00:00+00:00,9552540.113113165,9552540.113113165,0.0,0.0,0.0,0.0,0,-0.12133375893328541,True,False,2304,215
2023-01-02 00:00:00+00:00,9552540.113113165,9552540.113113165,0.0,0.0,0.0,0.0,0,-0.12133375893328541,True,False,2304,215
2023-01-03 00:00:00+00:00,9552540.113113165,9552540.113113165,0.0,0.0,0.0,0.0,0,-0.12133375893328541,True,False,2304,215
2023-01-04 00:00:00+00:00,9552540.113113165,9552540.113113165,0.0,0.0,0.0,0.0,0,-0.12133375893328541,True,False,2304,215
2023-01-05 00:00:00+00:00,9552540.113113165,9552540.113113165,0.0,0.0,0.0,0.0,0,-0.12133375893328541,True,False,2305,215
2023-01-06 00:00:00+00:00,9552540.113113165,9552540.113113165,0.0,0.0,0.0,0.0,0,-0.12133375893328541,True,False,2309,215
2023-01-09 00:00:00+00:00,9552540.113113165,9552540.113113165,0.0,0.0,0.0,0.0,0,-0.12133375893328541,True,False,2309,215
2023-01-10 00:00:00+00:00,9552540.113113165,9552540.113113165,0.0,0.0,0.0,0.0,0,-0.12133375893328541,True,False,2310,215
2023-01-11 00:00:00+00:00,9552540.113113165,9552540.113113165,0.0,0.0,0.0,0.0,0,-0.12133375893328541,True,False,2311,215
2023-01-12 00:00:00+00:00,9552540.113113165,9552540.113113165,0.0,0.0,0.0,0.0,0,-0.12133375893328541,True,False,2312,215
2023-01-13 00:00:00+00:00,9552540.113113165,9552540.113113165,0.0,0.0,0.0,0.0,0,-0.12133375893328541,True,False,2312,215
2023-01-16 00:00:00+00:00,9552540.113113165,9552540.113113165,0.0,0.0,0.0,0.0,0,-0.12133375893328541,True,False,2312,215
2023-01-17 00:00:00+00:00,9552540.113113165,9552540.113113165,0.0,0.0,0.0,0.0,0,-0.12133375893328541,True,False,2312,215
2023-01-18 00:00:00+00:00,9552540.113113165,9552540.113113165,0.0,0.0,0.0,0.0,0,-0.12133375893328541,True,False,2312,215
2023-01-19 00:00:00+00:00,9552540.113113165,9552540.113113165,0.0,0.0,0.0,0.0,0,-0.12133375893328541,True,False,2313,215
2023-01-20 00:00:00+00:00,9552540.113113165,9552540.113113165,0.0,0.0,0.0,0.0,0,-0.12133375893328541,True,False,2313,215
2023-01-23 00:00:00+00:00,9552540.113113165,9552540.113113165,0.0,0.0,0.0,0.0,0,-0.12133375893328541,True,False,2313,215
2023-01-24 00:00:00+00:00,9552540.113113165,9552540.113113165,0.0,0.0,0.0,0.0,0,-0.12133375893328541,True,False,2314,215
2023-01-25 00:00:00+00:00,9552540.113113165,9552540.113113165,0.0,0.0,0.0,0.0,0,-0.12133375893328541,True,False,2314,215
2023-01-26 00:00:00+00:00,9552540.113113165,9552540.113113165,0.0,0.0,0.0,0.0,0,-0.12133375893328541,True,False,2314,215
2023-01-27 00:00:00+00:00,9552540.113113165,9552540.113113165,0.0,0.0,0.0,0.0,0,-0.12133375893328541,True,False,2323,215
2023-01-30 00:00:00+00:00,9552540.113113165,9552540.113113165,0.0,0.0,0.0,0.0,0,-0.12133375893328541,True,False,2328,215
2023-01-31 00:00:00+00:00,9552540.113113165,9552540.113113165,0.0,0.0,0.0,0.0,0,-0.12133375893328541,True,False,2328,215
2023-02-01 00:00:00+00:00,9552540.113113165,9552540.113113165,0.0,0.0,0.0,0.0,0,-0.12133375893328541,True,False,2331,215
2023-02-02 00:00:00+00:00,9552540.113113165,9552540.113113165,0.0,0.0,0.0,0.0,0,-0.12133375893328541,True,False,2333,215
2023-02-03 00:00:00+00:00,9552540.113113165,9552540.113113165,0.0,0.0,0.0,0.0,0,-0.12133375893328541,True,False,2334,215
2023-02-06 00:00:00+00:00,9552540.113113165,9552540.113113165,0.0,0.0,0.0,0.0,0,-0.12133375893328541,True,False,2334,215
2023-02-07 00:00:00+00:00,9552540.113113165,9552540.113113165,0.0,0.0,0.0,0.0,0,-0.12133375893328541,True,False,2334,215
2023-02-08 00:00:00+00:00,9552540.113113165,9552540.113113165,0.0,0.0,0.0,0.0,0,-0.12133375893328541,True,False,2334,215
2023-02-09 00:00:00+00:00,9552540.113113165,9552540.113113165,0.0,0.0,0.0,0.0,0,-0.12133375893328541,True,False,2334,215
2023-02-10 00:00:00+00:00,9552540.113113165,9552540.113113165,0.0,0.0,0.0,0.0,0,-0.12133375893328541,True,False,2334,215
2023-02-13 00:00:00+00:00,9552540.113113165,9552540.113113165,0.0,0.0,0.0,0.0,0,-0.12133375893328541,True,False,2334,215
2023-02-14 00:00:00+00:00,9552540.113113165,9552540.113113165,0.0,0.0,0.0,0.0,0,-0.12133375893328541,True,False,2334,215
2023-02-15 00:00:00+00:00,9552540.113113165,9552540.113113165,0.0,0.0,0.0,0.0,0,-0.12133375893328541,True,False,2334,215
2023-02-16 00:00:00+00:00,9552540.113113165,9552540.113113165,0.0,0.0,0.0,0.0,0,-0.12133375893328541,True,False,2334,215
2023-02-17 00:00:00+00:00,9552540.113113165,9552540.113113165,0.0,0.0,0.0,0.0,0,-0.12133375893328541,True,False,2334,215
2023-02-20 00:00:00+00:00,9552540.113113165,9552540.113113165,0.0,0.0,0.0,0.0,0,-0.12133375893328541,True,False,2335,215
2023-02-21 00:00:00+00:00,9552540.113113165,9552540.113113165,0.0,0.0,0.0,0.0,0,-0.12133375893328541,True,False,2335,215
2023-02-22 00:00:00+00:00,9552540.113113165,9552540.113113165,0.0,0.0,0.0,0.0,0,-0.12133375893328541,True,False,2338,215
2023-02-23 00:00:00+00:00,9552540.113113165,9552540.113113165,0.0,0.0,0.0,0.0,0,-0.12133375893328541,True,False,2338,215
2023-02-24 00:00:00+00:00,9552540.113113165,9552540.113113165,0.0,0.0,0.0,0.0,0,-0.12133375893328541,True,False,2339,215
2023-02-27 00:00:00+00:00,9552540.113113165,9552540.113113165,0.0,0.0,0.0,0.0,0,-0.12133375893328541,True,False,2341,215
2023-02-28 00:00:00+00:00,9552540.113113165,9552540.113113165,0.0,0.0,0.0,0.0,0,-0.12133375893328541,True,False,2344,215
2023-03-01 00:00:00+00:00,9552540.113113165,9552540.113113165,0.0,0.0,0.0,0.0,0,-0.12133375893328541,True,False,2344,215
2023-03-02 00:00:00+00:00,9552540.113113165,9552540.113113165,0.0,0.0,0.0,0.0,0,-0.12133375893328541,True,False,2344,215
2023-03-03 00:00:00+00:00,9552540.113113165,9552540.113113165,0.0,0.0,0.0,0.0,0,-0.12133375893328541,True,False,2344,215
2023-03-06 00:00:00+00:00,9552540.113113165,9552540.113113165,0.0,0.0,0.0,0.0,0,-0.12133375893328541,True,False,2344,215
2023-03-07 00:00:00+00:00,9552540.113113165,9552540.113113165,0.0,0.0,0.0,0.0,0,-0.12133375893328541,True,False,2345,215
2023-03-08 00:00:00+00:00,9552540.113113165,9552540.113113165,0.0,0.0,0.0,0.0,0,-0.12133375893328541,True,False,2345,215
2023-03-09 00:00:00+00:00,9552540.113113165,9552540.113113165,0.0,0.0,0.0,0.0,0,-0.12133375893328541,True,False,2345,215
2023-03-10 00:00:00+00:00,9552540.113113165,9552540.113113165,0.0,0.0,0.0,0.0,0,-0.12133375893328541,True,False,2345,215
2023-03-13 00:00:00+00:00,9552540.113113165,9552540.113113165,0.0,0.0,0.0,0.0,0,-0.12133375893328541,True,False,2346,215
2023-03-14 00:00:00+00:00,9552540.113113165,9552540.113113165,0.0,0.0,0.0,0.0,0,-0.12133375893328541,True,False,2350,215
2023-03-15 00:00:00+00:00,9552540.113113165,9552540.113113165,0.0,0.0,0.0,0.0,0,-0.12133375893328541,True,False,2353,215
2023-03-16 00:00:00+00:00,9552540.113113165,9552540.113113165,0.0,0.0,0.0,0.0,0,-0.12133375893328541,True,False,2355,215
2023-03-17 00:00:00+00:00,9552540.113113165,9552540.113113165,0.0,0.0,0.0,0.0,0,-0.12133375893328541,True,False,2356,215
2023-03-20 00:00:00+00:00,9552540.113113165,9552540.113113165,0.0,0.0,0.0,0.0,0,-0.12133375893328541,True,False,2358,215
2023-03-21 00:00:00+00:00,9552540.113113165,9552540.113113165,0.0,0.0,0.0,0.0,0,-0.12133375893328541,True,False,2358,215
2023-03-22 00:00:00+00:00,9552540.113113165,9552540.113113165,0.0,0.0,0.0,0.0,0,-0.12133375893328541,True,False,2358,215
2023-03-23 00:00:00+00:00,9552540.113113165,9552540.113113165,0.0,0.0,0.0,0.0,0,-0.12133375893328541,True,False,2359,215
2023-03-24 00:00:00+00:00,9552540.113113165,9552540.113113165,0.0,0.0,0.0,0.0,0,-0.12133375893328541,True,False,2359,215
2023-03-27 00:00:00+00:00,9552540.113113165,9552540.113113165,0.0,0.0,0.0,0.0,0,-0.12133375893328541,True,False,2360,215
2023-03-28 00:00:00+00:00,9552540.113113165,9552540.113113165,0.0,0.0,0.0,0.0,0,-0.12133375893328541,True,False,2360,215
2023-03-29 00:00:00+00:00,9552540.113113165,9552540.113113165,0.0,0.0,0.0,0.0,0,-0.12133375893328541,True,False,2360,215
2023-03-30 00:00:00+00:00,9552540.113113165,9552540.113113165,0.0,0.0,0.0,0.0,0,-0.12133375893328541,True,False,2360,215
2023-03-31 00:00:00+00:00,9552540.113113165,9552540.113113165,0.0,0.0,0.0,0.0,0,-0.12133375893328541,True,False,2360,215
2023-04-03 00:00:00+00:00,9552540.113113165,9552540.113113165,0.0,0.0,0.0,0.0,0,-0.12133375893328541,True,False,2360,215
2023-04-04 00:00:00+00:00,9552540.113113165,9552540.113113165,0.0,0.0,0.0,0.0,0,-0.12133375893328541,True,False,2360,215
2023-04-05 00:00:00+00:00,9552540.113113165,9552540.113113165,0.0,0.0,0.0,0.0,0,-0.12133375893328541,True,False,2360,215
2023-04-06 00:00:00+00:00,9552540.113113165,9552540.113113165,0.0,0.0,0.0,0.0,0,-0.12133375893328541,True,False,2360,215
2023-04-10 00:00:00+00:00,9552540.113113165,9552540.113113165,0.0,0.0,0.0,0.0,0,-0.12133375893328541,True,False,2360,215
2023-04-11 00:00:00+00:00,9552540.113113165,9552540.113113165,0.0,0.0,0.0,0.0,0,-0.12133375893328541,True,False,2360,215
2023-04-12 00:00:00+00:00,9552540.113113165,9552540.113113165,0.0,0.0,0.0,0.0,0,-0.12133375893328541,True,False,2360,215
2023-04-13 00:00:00+00:00,9552540.113113165,9552540.113113165,0.0,0.0,0.0,0.0,0,-0.12133375893328541,True,False,2360,215
2023-04-14 00:00:00+00:00,9552540.113113165,9552540.113113165,0.0,0.0,0.0,0.0,0,-0.12133375893328541,True,False,2360,215
2023-04-17 00:00:00+00:00,9552540.113113165,9552540.113113165,0.0,0.0,0.0,0.0,0,-0.12133375893328541,True,False,2363,215
2023-04-18 00:00:00+00:00,9552540.113113165,9552540.113113165,0.0,0.0,0.0,0.0,0,-0.12133375893328541,True,False,2363,215
2023-04-19 00:00:00+00:00,9552540.113113165,9552540.113113165,0.0,0.0,0.0,0.0,0,-0.12133375893328541,True,False,2365,215
2023-04-20 00:00:00+00:00,9552540.113113165,9552540.113113165,0.0,0.0,0.0,0.0,0,-0.12133375893328541,True,False,2365,215
2023-04-21 00:00:00+00:00,9552540.113113165,9552540.113113165,0.0,0.0,0.0,0.0,0,-0.12133375893328541,True,False,2365,215
2023-04-24 00:00:00+00:00,9552540.113113165,9552540.113113165,0.0,0.0,0.0,0.0,0,-0.12133375893328541,True,False,2365,215
2023-04-25 00:00:00+00:00,9552540.113113165,9552540.113113165,0.0,0.0,0.0,0.0,0,-0.12133375893328541,True,False,2365,215
2023-04-26 00:00:00+00:00,9552540.113113165,9552540.113113165,0.0,0.0,0.0,0.0,0,-0.12133375893328541,True,False,2366,215
2023-04-27 00:00:00+00:00,9552540.113113165,9552540.113113165,0.0,0.0,0.0,0.0,0,-0.12133375893328541,True,False,2367,215
2023-04-28 00:00:00+00:00,9552540.113113165,9552540.113113165,0.0,0.0,0.0,0.0,0,-0.12133375893328541,True,False,2367,215
2023-05-01 00:00:00+00:00,9552540.113113165,9552540.113113165,0.0,0.0,0.0,0.0,0,-0.12133375893328541,True,False,2367,215
2023-05-02 00:00:00+00:00,9552540.113113165,9552540.113113165,0.0,0.0,0.0,0.0,0,-0.12133375893328541,True,False,2367,215
2023-05-03 00:00:00+00:00,9552540.113113165,9552540.113113165,0.0,0.0,0.0,0.0,0,-0.12133375893328541,True,False,2367,215
2023-05-04 00:00:00+00:00,9552540.113113165,9552540.113113165,0.0,0.0,0.0,0.0,0,-0.12133375893328541,True,False,2367,215
2023-05-05 00:00:00+00:00,9552540.113113165,9552540.113113165,0.0,0.0,0.0,0.0,0,-0.12133375893328541,True,False,2367,215
2023-05-08 00:00:00+00:00,9552540.113113165,9552540.113113165,0.0,0.0,0.0,0.0,0,-0.12133375893328541,True,False,2367,215
2023-05-09 00:00:00+00:00,9552540.113113165,9552540.113113165,0.0,0.0,0.0,0.0,0,-0.12133375893328541,True,False,2367,215
2023-05-10 00:00:00+00:00,9552540.113113165,9552540.113113165,0.0,0.0,0.0,0.0,0,-0.12133375893328541,True,False,2367,215
2023-05-11 00:00:00+00:00,9552540.113113165,9552540.113113165,0.0,0.0,0.0,0.0,0,-0.12133375893328541,True,False,2367,215
2023-05-12 00:00:00+00:00,9552540.113113165,9552540.113113165,0.0,0.0,0.0,0.0,0,-0.12133375893328541,True,False,2368,215
2023-05-15 00:00:00+00:00,9552540.113113165,9552540.113113165,0.0,0.0,0.0,0.0,0,-0.12133375893328541,True,False,2369,215
2023-05-16 00:00:00+00:00,9552540.113113165,9552540.113113165,0.0,0.0,0.0,0.0,0,-0.12133375893328541,True,False,2371,215
2023-05-17 00:00:00+00:00,9552540.113113165,9552540.113113165,0.0,0.0,0.0,0.0,0,-0.12133375893328541,True,False,2372,215
2023-05-18 00:00:00+00:00,9552540.113113165,9552540.113113165,0.0,0.0,0.0,0.0,0,-0.12133375893328541,True,False,2372,215
2023-05-19 00:00:00+00:00,9552540.113113165,9552540.113113165,0.0,0.0,0.0,0.0,0,-0.12133375893328541,True,False,2372,215
2023-05-22 00:00:00+00:00,9552540.113113165,9552540.113113165,0.0,0.0,0.0,0.0,0,-0.12133375893328541,True,False,2372,215
2023-05-23 00:00:00+00:00,9552540.113113165,9552540.113113165,0.0,0.0,0.0,0.0,0,-0.12133375893328541,True,False,2372,215
2023-05-24 00:00:00+00:00,9552540.113113165,9552540.113113165,0.0,0.0,0.0,0.0,0,-0.12133375893328541,True,False,2373,215
2023-05-25 00:00:00+00:00,9552540.113113165,9552540.113113165,0.0,0.0,0.0,0.0,0,-0.12133375893328541,True,False,2373,215
2023-05-26 00:00:00+00:00,9552540.113113165,9552540.113113165,0.0,0.0,0.0,0.0,0,-0.12133375893328541,True,False,2373,215
2023-05-29 00:00:00+00:00,9552540.113113165,9552540.113113165,0.0,0.0,0.0,0.0,0,-0.12133375893328541,True,False,2373,215
2023-05-30 00:00:00+00:00,9552540.113113165,9552540.113113165,0.0,0.0,0.0,0.0,0,-0.12133375893328541,True,False,2373,215
2023-05-31 00:00:00+00:00,9552540.113113165,9552540.113113165,0.0,0.0,0.0,0.0,0,-0.12133375893328541,True,False,2373,215
2023-06-01 00:00:00+00:00,9552540.113113165,9552540.113113165,0.0,0.0,0.0,0.0,0,-0.12133375893328541,True,False,2373,215
2023-06-02 00:00:00+00:00,9552540.113113165,9552540.113113165,0.0,0.0,0.0,0.0,0,-0.12133375893328541,True,False,2373,215
2023-06-05 00:00:00+00:00,9552540.113113165,9552540.113113165,0.0,0.0,0.0,0.0,0,-0.12133375893328541,True,False,2373,215
2023-06-06 00:00:00+00:00,9552540.113113165,9552540.113113165,0.0,0.0,0.0,0.0,0,-0.12133375893328541,True,False,2373,215
2023-06-07 00:00:00+00:00,9552540.113113165,9552540.113113165,0.0,0.0,0.0,0.0,0,-0.12133375893328541,True,False,2373,215
2023-06-08 00:00:00+00:00,9552540.113113165,9552540.113113165,0.0,0.0,0.0,0.0,0,-0.12133375893328541,True,False,2373,215
2023-06-09 00:00:00+00:00,9552540.113113165,9552540.113113165,0.0,0.0,0.0,0.0,0,-0.12133375893328541,True,False,2373,215
2023-06-12 00:00:00+00:00,9552540.113113165,9552540.113113165,0.0,0.0,0.0,0.0,0,-0.12133375893328541,True,False,2373,215
2023-06-13 00:00:00+00:00,9552540.113113165,9552540.113113165,0.0,0.0,0.0,0.0,0,-0.12133375893328541,True,False,2373,215
2023-06-14 00:00:00+00:00,9552540.113113165,9552540.113113165,0.0,0.0,0.0,0.0,0,-0.12133375893328541,True,False,2373,215
2023-06-15 00:00:00+00:00,9552540.113113165,9552540.113113165,0.0,0.0,0.0,0.0,0,-0.12133375893328541,True,False,2373,215
2023-06-16 00:00:00+00:00,9552540.113113165,9552540.113113165,0.0,0.0,0.0,0.0,0,-0.12133375893328541,True,False,2373,215
2023-06-19 00:00:00+00:00,9552540.113113165,9552540.113113165,0.0,0.0,0.0,0.0,0,-0.12133375893328541,True,False,2373,215
2023-06-20 00:00:00+00:00,9552540.113113165,9552540.113113165,0.0,0.0,0.0,0.0,0,-0.12133375893328541,True,False,2373,215
2023-06-21 00:00:00+00:00,9552540.113113165,9552540.113113165,0.0,0.0,0.0,0.0,0,-0.12133375893328541,True,False,2373,215
2023-06-22 00:00:00+00:00,9552540.113113165,9552540.113113165,0.0,0.0,0.0,0.0,0,-0.12133375893328541,True,False,2373,215
2023-06-23 00:00:00+00:00,9552540.113113165,9552540.113113165,0.0,0.0,0.0,0.0,0,-0.12133375893328541,True,False,2373,215
2023-06-26 00:00:00+00:00,9552540.113113165,9552540.113113165,0.0,0.0,0.0,0.0,0,-0.12133375893328541,True,False,2373,215
2023-06-27 00:00:00+00:00,9552540.113113165,9552540.113113165,0.0,0.0,0.0,0.0,0,-0.12133375893328541,True,False,2373,215
2023-06-28 00:00:00+00:00,9552540.113113165,9552540.113113165,0.0,0.0,0.0,0.0,0,-0.12133375893328541,True,False,2373,215
2023-06-29 00:00:00+00:00,9552540.113113165,9552540.113113165,0.0,0.0,0.0,0.0,0,-0.12133375893328541,True,False,2373,215
2023-06-30 00:00:00+00:00,9552540.113113165,9552540.113113165,0.0,0.0,0.0,0.0,0,-0.12133375893328541,True,False,2373,215
2023-07-03 00:00:00+00:00,9552540.113113165,9552540.113113165,0.0,0.0,0.0,0.0,0,-0.12133375893328541,True,False,2373,215
2023-07-04 00:00:00+00:00,9552540.113113165,9552540.113113165,0.0,0.0,0.0,0.0,0,-0.12133375893328541,True,False,2373,215
2023-07-05 00:00:00+00:00,9552540.113113165,9552540.113113165,0.0,0.0,0.0,0.0,0,-0.12133375893328541,True,False,2374,215
2023-07-06 00:00:00+00:00,9552540.113113165,9552540.113113165,0.0,0.0,0.0,0.0,0,-0.12133375893328541,True,False,2374,215
2023-07-07 00:00:00+00:00,9552540.113113165,9552540.113113165,0.0,0.0,0.0,0.0,0,-0.12133375893328541,True,False,2374,215
2023-07-10 00:00:00+00:00,9552540.113113165,9552540.113113165,0.0,0.0,0.0,0.0,0,-0.12133375893328541,True,False,2374,215
2023-07-11 00:00:00+00:00,9552540.113113165,9552540.113113165,0.0,0.0,0.0,0.0,0,-0.12133375893328541,True,False,2374,215
2023-07-12 00:00:00+00:00,9552540.113113165,9552540.113113165,0.0,0.0,0.0,0.0,0,-0.12133375893328541,True,False,2374,215
2023-07-13 00:00:00+00:00,9552540.113113165,9552540.113113165,0.0,0.0,0.0,0.0,0,-0.12133375893328541,True,False,2374,215
2023-07-14 00:00:00+00:00,9552540.113113165,9552540.113113165,0.0,0.0,0.0,0.0,0,-0.12133375893328541,True,False,2374,215
2023-07-17 00:00:00+00:00,9552540.113113165,9552540.113113165,0.0,0.0,0.0,0.0,0,-0.12133375893328541,True,False,2374,215
2023-07-18 00:00:00+00:00,9552540.113113165,9552540.113113165,0.0,0.0,0.0,0.0,0,-0.12133375893328541,True,False,2374,215
2023-07-19 00:00:00+00:00,9552540.113113165,9552540.113113165,0.0,0.0,0.0,0.0,0,-0.12133375893328541,True,False,2374,215
2023-07-20 00:00:00+00:00,9552540.113113165,9552540.113113165,0.0,0.0,0.0,0.0,0,-0.12133375893328541,True,False,2374,215
2023-07-21 00:00:00+00:00,9552540.113113165,9552540.113113165,0.0,0.0,0.0,0.0,0,-0.12133375893328541,True,False,2374,215
2023-07-24 00:00:00+00:00,9552540.113113165,9552540.113113165,0.0,0.0,0.0,0.0,0,-0.12133375893328541,True,False,2374,215
2023-07-25 00:00:00+00:00,9552540.113113165,9552540.113113165,0.0,0.0,0.0,0.0,0,-0.12133375893328541,True,False,2374,215
2023-07-26 00:00:00+00:00,9552540.113113165,9552540.113113165,0.0,0.0,0.0,0.0,0,-0.12133375893328541,True,False,2374,215
2023-07-27 00:00:00+00:00,9552540.113113165,9552540.113113165,0.0,0.0,0.0,0.0,0,-0.12133375893328541,True,False,2374,215
2023-07-28 00:00:00+00:00,9552540.113113165,9552540.113113165,0.0,0.0,0.0,0.0,0,-0.12133375893328541,True,False,2374,215
2023-07-31 00:00:00+00:00,9552540.113113165,9552540.113113165,0.0,0.0,0.0,0.0,0,-0.12133375893328541,True,False,2374,215
2023-08-01 00:00:00+00:00,9552540.113113165,9552540.113113165,0.0,0.0,0.0,0.0,0,-0.12133375893328541,True,False,2374,215
2023-08-02 00:00:00+00:00,9552540.113113165,9552540.113113165,0.0,0.0,0.0,0.0,0,-0.12133375893328541,True,False,2374,215
2023-08-03 00:00:00+00:00,9552540.113113165,9552540.113113165,0.0,0.0,0.0,0.0,0,-0.12133375893328541,True,False,2375,215
2023-08-04 00:00:00+00:00,9552540.113113165,9552540.113113165,0.0,0.0,0.0,0.0,0,-0.12133375893328541,True,False,2376,215
2023-08-07 00:00:00+00:00,9552540.113113165,9552540.113113165,0.0,0.0,0.0,0.0,0,-0.12133375893328541,True,False,2377,215
2023-08-08 00:00:00+00:00,9552540.113113165,9552540.113113165,0.0,0.0,0.0,0.0,0,-0.12133375893328541,True,False,2378,215
2023-08-09 00:00:00+00:00,9552540.113113165,9552540.113113165,0.0,0.0,0.0,0.0,0,-0.12133375893328541,True,False,2378,215
2023-08-10 00:00:00+00:00,9552540.113113165,9552540.113113165,0.0,0.0,0.0,0.0,0,-0.12133375893328541,True,False,2378,215
2023-08-11 00:00:00+00:00,9552540.113113165,9552540.113113165,0.0,0.0,0.0,0.0,0,-0.12133375893328541,True,False,2380,215
2023-08-14 00:00:00+00:00,9552540.113113165,9552540.113113165,0.0,0.0,0.0,0.0,0,-0.12133375893328541,True,False,2380,215
2023-08-15 00:00:00+00:00,9552540.113113165,9552540.113113165,0.0,0.0,0.0,0.0,0,-0.12133375893328541,True,False,2381,215
2023-08-16 00:00:00+00:00,9552540.113113165,9552540.113113165,0.0,0.0,0.0,0.0,0,-0.12133375893328541,True,False,2382,215
2023-08-17 00:00:00+00:00,9552540.113113165,9552540.113113165,0.0,0.0,0.0,0.0,0,-0.12133375893328541,True,False,2383,215
2023-08-18 00:00:00+00:00,9552540.113113165,9552540.113113165,0.0,0.0,0.0,0.0,0,-0.12133375893328541,True,False,2383,215
2023-08-21 00:00:00+00:00,9552540.113113165,9552540.113113165,0.0,0.0,0.0,0.0,0,-0.12133375893328541,True,False,2383,215
2023-08-22 00:00:00+00:00,9552540.113113165,9552540.113113165,0.0,0.0,0.0,0.0,0,-0.12133375893328541,True,False,2383,215
2023-08-23 00:00:00+00:00,9552540.113113165,9552540.113113165,0.0,0.0,0.0,0.0,0,-0.12133375893328541,True,False,2383,215
2023-08-24 00:00:00+00:00,9552540.113113165,9552540.113113165,0.0,0.0,0.0,0.0,0,-0.12133375893328541,True,False,2383,215
2023-08-25 00:00:00+00:00,9552540.113113165,9552540.113113165,0.0,0.0,0.0,0.0,0,-0.12133375893328541,True,False,2383,215
2023-08-28 00:00:00+00:00,9552540.113113165,9552540.113113165,0.0,0.0,0.0,0.0,0,-0.12133375893328541,True,False,2383,215
2023-08-29 00:00:00+00:00,9552540.113113165,9552540.113113165,0.0,0.0,0.0,0.0,0,-0.12133375893328541,True,False,2383,215
2023-08-30 00:00:00+00:00,9552540.113113165,9552540.113113165,0.0,0.0,0.0,0.0,0,-0.12133375893328541,True,False,2383,215
2023-08-31 00:00:00+00:00,9552540.113113165,9552540.113113165,0.0,0.0,0.0,0.0,0,-0.12133375893328541,True,False,2385,215
2023-09-01 00:00:00+00:00,9552540.113113165,9552540.113113165,0.0,0.0,0.0,0.0,0,-0.12133375893328541,True,False,2386,215
2023-09-04 00:00:00+00:00,9552540.113113165,9552540.113113165,0.0,0.0,0.0,0.0,0,-0.12133375893328541,True,False,2386,215
2023-09-05 00:00:00+00:00,9552540.113113165,9552540.113113165,0.0,0.0,0.0,0.0,0,-0.12133375893328541,True,False,2386,215
2023-09-06 00:00:00+00:00,9552540.113113165,9552540.113113165,0.0,0.0,0.0,0.0,0,-0.12133375893328541,True,False,2386,215
2023-09-07 00:00:00+00:00,9552540.113113165,9552540.113113165,0.0,0.0,0.0,0.0,0,-0.12133375893328541,True,False,2386,215
2023-09-08 00:00:00+00:00,9552540.113113165,9552540.113113165,0.0,0.0,0.0,0.0,0,-0.12133375893328541,True,False,2386,215
2023-09-11 00:00:00+00:00,9552540.113113165,9552540.113113165,0.0,0.0,0.0,0.0,0,-0.12133375893328541,True,False,2386,215
2023-09-12 00:00:00+00:00,9552540.113113165,9552540.113113165,0.0,0.0,0.0,0.0,0,-0.12133375893328541,True,False,2386,215
2023-09-13 00:00:00+00:00,9552540.113113165,9552540.113113165,0.0,0.0,0.0,0.0,0,-0.12133375893328541,True,False,2386,215
2023-09-14 00:00:00+00:00,9552540.113113165,9552540.113113165,0.0,0.0,0.0,0.0,0,-0.12133375893328541,True,False,2386,215
2023-09-15 00:00:00+00:00,9552540.113113165,9552540.113113165,0.0,0.0,0.0,0.0,0,-0.12133375893328541,True,False,2386,215
2023-09-18 00:00:00+00:00,9552540.113113165,9552540.113113165,0.0,0.0,0.0,0.0,0,-0.12133375893328541,True,False,2386,215
2023-09-19 00:00:00+00:00,9552540.113113165,9552540.113113165,0.0,0.0,0.0,0.0,0,-0.12133375893328541,True,False,2386,215
2023-09-20 00:00:00+00:00,9552540.113113165,9552540.113113165,0.0,0.0,0.0,0.0,0,-0.12133375893328541,True,False,2386,215
2023-09-21 00:00:00+00:00,9552540.113113165,9552540.113113165,0.0,0.0,0.0,0.0,0,-0.12133375893328541,True,False,2387,215
2023-09-22 00:00:00+00:00,9552540.113113165,9552540.113113165,0.0,0.0,0.0,0.0,0,-0.12133375893328541,True,False,2388,215
2023-09-25 00:00:00+00:00,9552540.113113165,9552540.113113165,0.0,0.0,0.0,0.0,0,-0.12133375893328541,True,False,2389,215
2023-09-26 00:00:00+00:00,9552540.113113165,9552540.113113165,0.0,0.0,0.0,0.0,0,-0.12133375893328541,True,False,2390,215
2023-09-27 00:00:00+00:00,9552540.113113165,9552540.113113165,0.0,0.0,0.0,0.0,0,-0.12133375893328541,True,False,2391,215
2023-09-28 00:00:00+00:00,9552540.113113165,9552540.113113165,0.0,0.0,0.0,0.0,0,-0.12133375893328541,True,False,2391,215
2023-09-29 00:00:00+00:00,9552540.113113165,9552540.113113165,0.0,0.0,0.0,0.0,0,-0.12133375893328541,True,False,2391,215
2023-10-02 00:00:00+00:00,9552540.113113165,9552540.113113165,0.0,0.0,0.0,0.0,0,-0.12133375893328541,True,False,2392,215
2023-10-03 00:00:00+00:00,9552540.113113165,9552540.113113165,0.0,0.0,0.0,0.0,0,-0.12133375893328541,True,False,2392,215
2023-10-04 00:00:00+00:00,9552540.113113165,9552540.113113165,0.0,0.0,0.0,0.0,0,-0.12133375893328541,True,False,2392,215
2023-10-05 00:00:00+00:00,9552540.113113165,9552540.113113165,0.0,0.0,0.0,0.0,0,-0.12133375893328541,True,False,2392,215
2023-10-06 00:00:00+00:00,9552540.113113165,9552540.113113165,0.0,0.0,0.0,0.0,0,-0.12133375893328541,True,False,2392,215
2023-10-09 00:00:00+00:00,9552540.113113165,9552540.113113165,0.0,0.0,0.0,0.0,0,-0.12133375893328541,True,False,2393,215
2023-10-10 00:00:00+00:00,9552540.113113165,9552540.113113165,0.0,0.0,0.0,0.0,0,-0.12133375893328541,True,False,2393,215
2023-10-11 00:00:00+00:00,9552540.113113165,9552540.113113165,0.0,0.0,0.0,0.0,0,-0.12133375893328541,True,False,2393,215
2023-10-12 00:00:00+00:00,9552540.113113165,9552540.113113165,0.0,0.0,0.0,0.0,0,-0.12133375893328541,True,False,2393,215
2023-10-13 00:00:00+00:00,9552540.113113165,9552540.113113165,0.0,0.0,0.0,0.0,0,-0.12133375893328541,True,False,2393,215
2023-10-16 00:00:00+00:00,9552540.113113165,9552540.113113165,0.0,0.0,0.0,0.0,0,-0.12133375893328541,True,False,2394,215
2023-10-17 00:00:00+00:00,9552540.113113165,9552540.113113165,0.0,0.0,0.0,0.0,0,-0.12133375893328541,True,False,2395,215
2023-10-18 00:00:00+00:00,9552540.113113165,9552540.113113165,0.0,0.0,0.0,0.0,0,-0.12133375893328541,True,False,2395,215
2023-10-19 00:00:00+00:00,9552540.113113165,9552540.113113165,0.0,0.0,0.0,0.0,0,-0.12133375893328541,True,False,2397,215
2023-10-20 00:00:00+00:00,9552540.113113165,9552540.113113165,0.0,0.0,0.0,0.0,0,-0.12133375893328541,True,False,2398,215
2023-10-23 00:00:00+00:00,9552540.113113165,9552540.113113165,0.0,0.0,0.0,0.0,0,-0.12133375893328541,True,False,2410,215
2023-10-24 00:00:00+00:00,9552540.113113165,9552540.113113165,0.0,0.0,0.0,0.0,0,-0.12133375893328541,True,False,2410,215
2023-10-25 00:00:00+00:00,9552540.113113165,9552540.113113165,0.0,0.0,0.0,0.0,0,-0.12133375893328541,True,False,2413,215
2023-10-26 00:00:00+00:00,9552540.113113165,9552540.113113165,0.0,0.0,0.0,0.0,0,-0.12133375893328541,True,False,2420,215
2023-10-27 00:00:00+00:00,9552540.113113165,9552540.113113165,0.0,0.0,0.0,0.0,0,-0.12133375893328541,True,False,2420,215
2023-10-30 00:00:00+00:00,9552540.113113165,9552540.113113165,0.0,0.0,0.0,0.0,0,-0.12133375893328541,True,False,2420,215
2023-10-31 00:00:00+00:00,9552540.113113165,9552540.113113165,0.0,0.0,0.0,0.0,0,-0.12133375893328541,True,False,2422,215
2023-11-01 00:00:00+00:00,9552540.113113165,9552540.113113165,0.0,0.0,0.0,0.0,0,-0.12133375893328541,True,False,2422,215
2023-11-02 00:00:00+00:00,9552540.113113165,9552540.113113165,0.0,0.0,0.0,0.0,0,-0.12133375893328541,True,False,2422,215
2023-11-03 00:00:00+00:00,9552540.113113165,9552540.113113165,0.0,0.0,0.0,0.0,0,-0.12133375893328541,True,False,2422,215
2023-11-06 00:00:00+00:00,9552540.113113165,9552540.113113165,0.0,0.0,0.0,0.0,0,-0.12133375893328541,True,False,2422,215
2023-11-07 00:00:00+00:00,9552540.113113165,9552540.113113165,0.0,0.0,0.0,0.0,0,-0.12133375893328541,True,False,2422,215
2023-11-08 00:00:00+00:00,9552540.113113165,9552540.113113165,0.0,0.0,0.0,0.0,0,-0.12133375893328541,True,False,2422,215
2023-11-09 00:00:00+00:00,9552540.113113165,9552540.113113165,0.0,0.0,0.0,0.0,0,-0.12133375893328541,True,False,2422,215
2023-11-10 00:00:00+00:00,9552540.113113165,9552540.113113165,0.0,0.0,0.0,0.0,0,-0.12133375893328541,True,False,2422,215
2023-11-13 00:00:00+00:00,9552540.113113165,9552540.113113165,0.0,0.0,0.0,0.0,0,-0.12133375893328541,True,False,2422,215
2023-11-14 00:00:00+00:00,9552540.113113165,9552540.113113165,0.0,0.0,0.0,0.0,0,-0.12133375893328541,True,False,2422,215
2023-11-15 00:00:00+00:00,9552540.113113165,9552540.113113165,0.0,0.0,0.0,0.0,0,-0.12133375893328541,True,False,2422,215
2023-11-16 00:00:00+00:00,9552540.113113165,9552540.113113165,0.0,0.0,0.0,0.0,0,-0.12133375893328541,True,False,2422,215
2023-11-17 00:00:00+00:00,9552540.113113165,9552540.113113165,0.0,0.0,0.0,0.0,0,-0.12133375893328541,True,False,2422,215
2023-11-20 00:00:00+00:00,9552540.113113165,9552540.113113165,0.0,0.0,0.0,0.0,0,-0.12133375893328541,True,False,2423,215
2023-11-21 00:00:00+00:00,9552540.113113165,9552540.113113165,0.0,0.0,0.0,0.0,0,-0.12133375893328541,True,False,2423,215
2023-11-22 00:00:00+00:00,9552540.113113165,9552540.113113165,0.0,0.0,0.0,0.0,0,-0.12133375893328541,True,False,2423,215
2023-11-23 00:00:00+00:00,9552540.113113165,9552540.113113165,0.0,0.0,0.0,0.0,0,-0.12133375893328541,True,False,2423,215
2023-11-24 00:00:00+00:00,9552540.113113165,9552540.113113165,0.0,0.0,0.0,0.0,0,-0.12133375893328541,True,False,2423,215
2023-11-27 00:00:00+00:00,9552540.113113165,9552540.113113165,0.0,0.0,0.0,0.0,0,-0.12133375893328541,True,False,2423,215
2023-11-28 00:00:00+00:00,9552540.113113165,9552540.113113165,0.0,0.0,0.0,0.0,0,-0.12133375893328541,True,False,2423,215
2023-11-29 00:00:00+00:00,9552540.113113165,9552540.113113165,0.0,0.0,0.0,0.0,0,-0.12133375893328541,True,False,2423,215
2023-11-30 00:00:00+00:00,9552540.113113165,9552540.113113165,0.0,0.0,0.0,0.0,0,-0.12133375893328541,True,False,2423,215
2023-12-01 00:00:00+00:00,9552540.113113165,9552540.113113165,0.0,0.0,0.0,0.0,0,-0.12133375893328541,True,False,2423,215
2023-12-04 00:00:00+00:00,9552540.113113165,9552540.113113165,0.0,0.0,0.0,0.0,0,-0.12133375893328541,True,False,2423,215
2023-12-05 00:00:00+00:00,9552540.113113165,9552540.113113165,0.0,0.0,0.0,0.0,0,-0.12133375893328541,True,False,2423,215
2023-12-06 00:00:00+00:00,9552540.113113165,9552540.113113165,0.0,0.0,0.0,0.0,0,-0.12133375893328541,True,False,2424,215
2023-12-07 00:00:00+00:00,9552540.113113165,9552540.113113165,0.0,0.0,0.0,0.0,0,-0.12133375893328541,True,False,2424,215
2023-12-08 00:00:00+00:00,9552540.113113165,9552540.113113165,0.0,0.0,0.0,0.0,0,-0.12133375893328541,True,False,2424,215
2023-12-11 00:00:00+00:00,9552540.113113165,9552540.113113165,0.0,0.0,0.0,0.0,0,-0.12133375893328541,True,False,2424,215
2023-12-12 00:00:00+00:00,9552540.113113165,9552540.113113165,0.0,0.0,0.0,0.0,0,-0.12133375893328541,True,False,2425,215
2023-12-13 00:00:00+00:00,9552540.113113165,9552540.113113165,0.0,0.0,0.0,0.0,0,-0.12133375893328541,True,False,2425,215
2023-12-14 00:00:00+00:00,9552540.113113165,9552540.113113165,0.0,0.0,0.0,0.0,0,-0.12133375893328541,True,False,2425,215
2023-12-15 00:00:00+00:00,9552540.113113165,9552540.113113165,0.0,0.0,0.0,0.0,0,-0.12133375893328541,True,False,2425,215
2023-12-18 00:00:00+00:00,9552540.113113165,9552540.113113165,0.0,0.0,0.0,0.0,0,-0.12133375893328541,True,False,2425,215
2023-12-19 00:00:00+00:00,9552540.113113165,9552540.113113165,0.0,0.0,0.0,0.0,0,-0.12133375893328541,True,False,2425,215
2023-12-20 00:00:00+00:00,9552540.113113165,9552540.113113165,0.0,0.0,0.0,0.0,0,-0.12133375893328541,True,False,2426,215
2023-12-21 00:00:00+00:00,9552540.113113165,9552540.113113165,0.0,0.0,0.0,0.0,0,-0.12133375893328541,True,False,2426,215
2023-12-22 00:00:00+00:00,9552540.113113165,9552540.113113165,0.0,0.0,0.0,0.0,0,-0.12133375893328541,True,False,2426,215
2023-12-26 00:00:00+00:00,9552540.113113165,9552540.113113165,0.0,0.0,0.0,0.0,0,-0.12133375893328541,True,False,2426,215
2023-12-27 00:00:00+00:00,9552540.113113165,9552540.113113165,0.0,0.0,0.0,0.0,0,-0.12133375893328541,True,False,2426,215
2023-12-28 00:00:00+00:00,9552540.113113165,9552540.113113165,0.0,0.0,0.0,0.0,0,-0.12133375893328541,True,False,2426,215
2023-12-29 00:00:00+00:00,9552540.113113165,9552540.113113165,0.0,0.0,0.0,0.0,0,-0.12133375893328541,True,False,2426,215
2024-01-01 00:00:00+00:00,9552540.113113165,9552540.113113165,0.0,0.0,0.0,0.0,0,-0.12133375893328541,True,False,2426,215
2024-01-02 00:00:00+00:00,9552540.113113165,9552540.113113165,0.0,0.0,0.0,0.0,0,-0.12133375893328541,True,False,2426,215
2024-01-03 00:00:00+00:00,9552540.113113165,9552540.113113165,0.0,0.0,0.0,0.0,0,-0.12133375893328541,True,False,2426,215
2024-01-04 00:00:00+00:00,9552540.113113165,9552540.113113165,0.0,0.0,0.0,0.0,0,-0.12133375893328541,True,False,2426,215
2024-01-05 00:00:00+00:00,9552540.113113165,9552540.113113165,0.0,0.0,0.0,0.0,0,-0.12133375893328541,True,False,2426,215
2024-01-08 00:00:00+00:00,9552540.113113165,9552540.113113165,0.0,0.0,0.0,0.0,0,-0.12133375893328541,True,False,2426,215
2024-01-09 00:00:00+00:00,9552540.113113165,9552540.113113165,0.0,0.0,0.0,0.0,0,-0.12133375893328541,True,False,2427,215
2024-01-10 00:00:00+00:00,9552540.113113165,9552540.113113165,0.0,0.0,0.0,0.0,0,-0.12133375893328541,True,False,2427,215
2024-01-11 00:00:00+00:00,9552540.113113165,9552540.113113165,0.0,0.0,0.0,0.0,0,-0.12133375893328541,True,False,2427,215
2024-01-12 00:00:00+00:00,9552540.113113165,9552540.113113165,0.0,0.0,0.0,0.0,0,-0.12133375893328541,True,False,2428,215
2024-01-15 00:00:00+00:00,9552540.113113165,9552540.113113165,0.0,0.0,0.0,0.0,0,-0.12133375893328541,True,False,2429,215
2024-01-16 00:00:00+00:00,9552540.113113165,9552540.113113165,0.0,0.0,0.0,0.0,0,-0.12133375893328541,True,False,2429,215
2024-01-17 00:00:00+00:00,9552540.113113165,9552540.113113165,0.0,0.0,0.0,0.0,0,-0.12133375893328541,True,False,2431,215
2024-01-18 00:00:00+00:00,9552540.113113165,9552540.113113165,0.0,0.0,0.0,0.0,0,-0.12133375893328541,True,False,2431,215
2024-01-19 00:00:00+00:00,9552540.113113165,9552540.113113165,0.0,0.0,0.0,0.0,0,-0.12133375893328541,True,False,2432,215
2024-01-22 00:00:00+00:00,9552540.113113165,9552540.113113165,0.0,0.0,0.0,0.0,0,-0.12133375893328541,True,False,2432,215
2024-01-23 00:00:00+00:00,9552540.113113165,9552540.113113165,0.0,0.0,0.0,0.0,0,-0.12133375893328541,True,False,2435,215
2024-01-24 00:00:00+00:00,9552540.113113165,9552540.113113165,0.0,0.0,0.0,0.0,0,-0.12133375893328541,True,False,2435,215
2024-01-25 00:00:00+00:00,9552540.113113165,9552540.113113165,0.0,0.0,0.0,0.0,0,-0.12133375893328541,True,False,2435,215
2024-01-26 00:00:00+00:00,9552540.113113165,9552540.113113165,0.0,0.0,0.0,0.0,0,-0.12133375893328541,True,False,2435,215
2024-01-29 00:00:00+00:00,9552540.113113165,9552540.113113165,0.0,0.0,0.0,0.0,0,-0.12133375893328541,True,False,2435,215
2024-01-30 00:00:00+00:00,9552540.113113165,9552540.113113165,0.0,0.0,0.0,0.0,0,-0.12133375893328541,True,False,2435,215
2024-01-31 00:00:00+00:00,9552540.113113165,9552540.113113165,0.0,0.0,0.0,0.0,0,-0.12133375893328541,True,False,2435,215
2024-02-01 00:00:00+00:00,9552540.113113165,9552540.113113165,0.0,0.0,0.0,0.0,0,-0.12133375893328541,True,False,2435,215
2024-02-02 00:00:00+00:00,9552540.113113165,9552540.113113165,0.0,0.0,0.0,0.0,0,-0.12133375893328541,True,False,2435,215
2024-02-05 00:00:00+00:00,9552540.113113165,9552540.113113165,0.0,0.0,0.0,0.0,0,-0.12133375893328541,True,False,2435,215
2024-02-06 00:00:00+00:00,9552540.113113165,9552540.113113165,0.0,0.0,0.0,0.0,0,-0.12133375893328541,True,False,2435,215
2024-02-07 00:00:00+00:00,9552540.113113165,9552540.113113165,0.0,0.0,0.0,0.0,0,-0.12133375893328541,True,False,2436,215
2024-02-08 00:00:00+00:00,9552540.113113165,9552540.113113165,0.0,0.0,0.0,0.0,0,-0.12133375893328541,True,False,2440,215
2024-02-09 00:00:00+00:00,9552540.113113165,9552540.113113165,0.0,0.0,0.0,0.0,0,-0.12133375893328541,True,False,2440,215
2024-02-12 00:00:00+00:00,9552540.113113165,9552540.113113165,0.0,0.0,0.0,0.0,0,-0.12133375893328541,True,False,2440,215
2024-02-13 00:00:00+00:00,9552540.113113165,9552540.113113165,0.0,0.0,0.0,0.0,0,-0.12133375893328541,True,False,2441,215
2024-02-14 00:00:00+00:00,9552540.113113165,9552540.113113165,0.0,0.0,0.0,0.0,0,-0.12133375893328541,True,False,2441,215
2024-02-15 00:00:00+00:00,9552540.113113165,9552540.113113165,0.0,0.0,0.0,0.0,0,-0.12133375893328541,True,False,2441,215
2024-02-16 00:00:00+00:00,9552540.113113165,9552540.113113165,0.0,0.0,0.0,0.0,0,-0.12133375893328541,True,False,2441,215
2024-02-19 00:00:00+00:00,9552540.113113165,9552540.113113165,0.0,0.0,0.0,0.0,0,-0.12133375893328541,True,False,2441,215
2024-02-20 00:00:00+00:00,9552540.113113165,9552540.113113165,0.0,0.0,0.0,0.0,0,-0.12133375893328541,True,False,2441,215
2024-02-21 00:00:00+00:00,9552540.113113165,9552540.113113165,0.0,0.0,0.0,0.0,0,-0.12133375893328541,True,False,2441,215
2024-02-22 00:00:00+00:00,9552540.113113165,9552540.113113165,0.0,0.0,0.0,0.0,0,-0.12133375893328541,True,False,2441,215
2024-02-23 00:00:00+00:00,9552540.113113165,9552540.113113165,0.0,0.0,0.0,0.0,0,-0.12133375893328541,True,False,2442,215
2024-02-26 00:00:00+00:00,9552540.113113165,9552540.113113165,0.0,0.0,0.0,0.0,0,-0.12133375893328541,True,False,2442,215
2024-02-27 00:00:00+00:00,9552540.113113165,9552540.113113165,0.0,0.0,0.0,0.0,0,-0.12133375893328541,True,False,2442,215
2024-02-28 00:00:00+00:00,9552540.113113165,9552540.113113165,0.0,0.0,0.0,0.0,0,-0.12133375893328541,True,False,2443,215
2024-02-29 00:00:00+00:00,9552540.113113165,9552540.113113165,0.0,0.0,0.0,0.0,0,-0.12133375893328541,True,False,2443,215
2024-03-01 00:00:00+00:00,9552540.113113165,9552540.113113165,0.0,0.0,0.0,0.0,0,-0.12133375893328541,True,False,2443,215
2024-03-04 00:00:00+00:00,9552540.113113165,9552540.113113165,0.0,0.0,0.0,0.0,0,-0.12133375893328541,True,False,2443,215
2024-03-05 00:00:00+00:00,9552540.113113165,9552540.113113165,0.0,0.0,0.0,0.0,0,-0.12133375893328541,True,False,2443,215
2024-03-06 00:00:00+00:00,9552540.113113165,9552540.113113165,0.0,0.0,0.0,0.0,0,-0.12133375893328541,True,False,2444,215
2024-03-07 00:00:00+00:00,9552540.113113165,9552540.113113165,0.0,0.0,0.0,0.0,0,-0.12133375893328541,True,False,2444,215
2024-03-08 00:00:00+00:00,9552540.113113165,9552540.113113165,0.0,0.0,0.0,0.0,0,-0.12133375893328541,True,False,2444,215
2024-03-11 00:00:00+00:00,9552540.113113165,9552540.113113165,0.0,0.0,0.0,0.0,0,-0.12133375893328541,True,False,2445,215
2024-03-12 00:00:00+00:00,9552540.113113165,9552540.113113165,0.0,0.0,0.0,0.0,0,-0.12133375893328541,True,False,2445,215
2024-03-13 00:00:00+00:00,9552540.113113165,9552540.113113165,0.0,0.0,0.0,0.0,0,-0.12133375893328541,True,False,2445,215
2024-03-14 00:00:00+00:00,9552540.113113165,9552540.113113165,0.0,0.0,0.0,0.0,0,-0.12133375893328541,True,False,2445,215
2024-03-15 00:00:00+00:00,9552540.113113165,9552540.113113165,0.0,0.0,0.0,0.0,0,-0.12133375893328541,True,False,2445,215
2024-03-18 00:00:00+00:00,9552540.113113165,9552540.113113165,0.0,0.0,0.0,0.0,0,-0.12133375893328541,True,False,2445,215
2024-03-19 00:00:00+00:00,9552540.113113165,9552540.113113165,0.0,0.0,0.0,0.0,0,-0.12133375893328541,True,False,2445,215
2024-03-20 00:00:00+00:00,9552540.113113165,9552540.113113165,0.0,0.0,0.0,0.0,0,-0.12133375893328541,True,False,2445,215
2024-03-21 00:00:00+00:00,9552540.113113165,9552540.113113165,0.0,0.0,0.0,0.0,0,-0.12133375893328541,True,False,2445,215
2024-03-22 00:00:00+00:00,9552540.113113165,9552540.113113165,0.0,0.0,0.0,0.0,0,-0.12133375893328541,True,False,2448,215
2024-03-25 00:00:00+00:00,9552540.113113165,9552540.113113165,0.0,0.0,0.0,0.0,0,-0.12133375893328541,True,False,2448,215
2024-03-26 00:00:00+00:00,9552540.113113165,9552540.113113165,0.0,0.0,0.0,0.0,0,-0.12133375893328541,True,False,2448,215
2024-03-27 00:00:00+00:00,9552540.113113165,9552540.113113165,0.0,0.0,0.0,0.0,0,-0.12133375893328541,True,False,2448,215
2024-03-28 00:00:00+00:00,9552540.113113165,9552540.113113165,0.0,0.0,0.0,0.0,0,-0.12133375893328541,True,False,2448,215
2024-04-01 00:00:00+00:00,9552540.113113165,9552540.113113165,0.0,0.0,0.0,0.0,0,-0.12133375893328541,True,False,2448,215
2024-04-02 00:00:00+00:00,9552540.113113165,9552540.113113165,0.0,0.0,0.0,0.0,0,-0.12133375893328541,True,False,2448,215
2024-04-03 00:00:00+00:00,9552540.113113165,9552540.113113165,0.0,0.0,0.0,0.0,0,-0.12133375893328541,True,False,2448,215
2024-04-04 00:00:00+00:00,9552540.113113165,9552540.113113165,0.0,0.0,0.0,0.0,0,-0.12133375893328541,True,False,2448,215
2024-04-05 00:00:00+00:00,9552540.113113165,9552540.113113165,0.0,0.0,0.0,0.0,0,-0.12133375893328541,True,False,2448,215
2024-04-08 00:00:00+00:00,9552540.113113165,9552540.113113165,0.0,0.0,0.0,0.0,0,-0.12133375893328541,True,False,2449,215
2024-04-09 00:00:00+00:00,9552540.113113165,9552540.113113165,0.0,0.0,0.0,0.0,0,-0.12133375893328541,True,False,2449,215
2024-04-10 00:00:00+00:00,9552540.113113165,9552540.113113165,0.0,0.0,0.0,0.0,0,-0.12133375893328541,True,False,2449,215
2024-04-11 00:00:00+00:00,9552540.113113165,9552540.113113165,0.0,0.0,0.0,0.0,0,-0.12133375893328541,True,False,2449,215
2024-04-12 00:00:00+00:00,9552540.113113165,9552540.113113165,0.0,0.0,0.0,0.0,0,-0.12133375893328541,True,False,2449,215
2024-04-15 00:00:00+00:00,9552540.113113165,9552540.113113165,0.0,0.0,0.0,0.0,0,-0.12133375893328541,True,False,2450,215
2024-04-16 00:00:00+00:00,9552540.113113165,9552540.113113165,0.0,0.0,0.0,0.0,0,-0.12133375893328541,True,False,2453,215
2024-04-17 00:00:00+00:00,9552540.113113165,9552540.113113165,0.0,0.0,0.0,0.0,0,-0.12133375893328541,True,False,2453,215
2024-04-18 00:00:00+00:00,9552540.113113165,9552540.113113165,0.0,0.0,0.0,0.0,0,-0.12133375893328541,True,False,2454,215
2024-04-19 00:00:00+00:00,9552540.113113165,9552540.113113165,0.0,0.0,0.0,0.0,0,-0.12133375893328541,True,False,2455,215
2024-04-22 00:00:00+00:00,9552540.113113165,9552540.113113165,0.0,0.0,0.0,0.0,0,-0.12133375893328541,True,False,2457,215
2024-04-23 00:00:00+00:00,9552540.113113165,9552540.113113165,0.0,0.0,0.0,0.0,0,-0.12133375893328541,True,False,2457,215
2024-04-24 00:00:00+00:00,9552540.113113165,9552540.113113165,0.0,0.0,0.0,0.0,0,-0.12133375893328541,True,False,2457,215
2024-04-25 00:00:00+00:00,9552540.113113165,9552540.113113165,0.0,0.0,0.0,0.0,0,-0.12133375893328541,True,False,2457,215
2024-04-26 00:00:00+00:00,9552540.113113165,9552540.113113165,0.0,0.0,0.0,0.0,0,-0.12133375893328541,True,False,2458,215
2024-04-29 00:00:00+00:00,9552540.113113165,9552540.113113165,0.0,0.0,0.0,0.0,0,-0.12133375893328541,True,False,2460,215
2024-04-30 00:00:00+00:00,9552540.113113165,9552540.113113165,0.0,0.0,0.0,0.0,0,-0.12133375893328541,True,False,2460,215
2024-05-01 00:00:00+00:00,9552540.113113165,9552540.113113165,0.0,0.0,0.0,0.0,0,-0.12133375893328541,True,False,2460,215
2024-05-02 00:00:00+00:00,9552540.113113165,9552540.113113165,0.0,0.0,0.0,0.0,0,-0.12133375893328541,True,False,2460,215
2024-05-03 00:00:00+00:00,9552540.113113165,9552540.113113165,0.0,0.0,0.0,0.0,0,-0.12133375893328541,True,False,2461,215
2024-05-06 00:00:00+00:00,9552540.113113165,9552540.113113165,0.0,0.0,0.0,0.0,0,-0.12133375893328541,True,False,2462,215
2024-05-07 00:00:00+00:00,9552540.113113165,9552540.113113165,0.0,0.0,0.0,0.0,0,-0.12133375893328541,True,False,2463,215
2024-05-08 00:00:00+00:00,9552540.113113165,9552540.113113165,0.0,0.0,0.0,0.0,0,-0.12133375893328541,True,False,2463,215
2024-05-09 00:00:00+00:00,9552540.113113165,9552540.113113165,0.0,0.0,0.0,0.0,0,-0.12133375893328541,True,False,2466,215
2024-05-10 00:00:00+00:00,9552540.113113165,9552540.113113165,0.0,0.0,0.0,0.0,0,-0.12133375893328541,True,False,2466,215
2024-05-13 00:00:00+00:00,9552540.113113165,9552540.113113165,0.0,0.0,0.0,0.0,0,-0.12133375893328541,True,False,2466,215
2024-05-14 00:00:00+00:00,9552540.113113165,9552540.113113165,0.0,0.0,0.0,0.0,0,-0.12133375893328541,True,False,2466,215
2024-05-15 00:00:00+00:00,9552540.113113165,9552540.113113165,0.0,0.0,0.0,0.0,0,-0.12133375893328541,True,False,2466,215
2024-05-16 00:00:00+00:00,9552540.113113165,9552540.113113165,0.0,0.0,0.0,0.0,0,-0.12133375893328541,True,False,2466,215
2024-05-17 00:00:00+00:00,9552540.113113165,9552540.113113165,0.0,0.0,0.0,0.0,0,-0.12133375893328541,True,False,2466,215
2024-05-20 00:00:00+00:00,9552540.113113165,9552540.113113165,0.0,0.0,0.0,0.0,0,-0.12133375893328541,True,False,2466,215
2024-05-21 00:00:00+00:00,9552540.113113165,9552540.113113165,0.0,0.0,0.0,0.0,0,-0.12133375893328541,True,False,2466,215
2024-05-22 00:00:00+00:00,9552540.113113165,9552540.113113165,0.0,0.0,0.0,0.0,0,-0.12133375893328541,True,False,2466,215
2024-05-23 00:00:00+00:00,9552540.113113165,9552540.113113165,0.0,0.0,0.0,0.0,0,-0.12133375893328541,True,False,2466,215
2024-05-24 00:00:00+00:00,9552540.113113165,9552540.113113165,0.0,0.0,0.0,0.0,0,-0.12133375893328541,True,False,2466,215
2024-05-27 00:00:00+00:00,9552540.113113165,9552540.113113165,0.0,0.0,0.0,0.0,0,-0.12133375893328541,True,False,2466,215
2024-05-28 00:00:00+00:00,9552540.113113165,9552540.113113165,0.0,0.0,0.0,0.0,0,-0.12133375893328541,True,False,2466,215
2024-05-29 00:00:00+00:00,9552540.113113165,9552540.113113165,0.0,0.0,0.0,0.0,0,-0.12133375893328541,True,False,2466,215
2024-05-30 00:00:00+00:00,9552540.113113165,9552540.113113165,0.0,0.0,0.0,0.0,0,-0.12133375893328541,True,False,2467,215
2024-05-31 00:00:00+00:00,9552540.113113165,9552540.113113165,0.0,0.0,0.0,0.0,0,-0.12133375893328541,True,False,2467,215
2024-06-03 00:00:00+00:00,9552540.113113165,9552540.113113165,0.0,0.0,0.0,0.0,0,-0.12133375893328541,True,False,2468,215
2024-06-04 00:00:00+00:00,9552540.113113165,9552540.113113165,0.0,0.0,0.0,0.0,0,-0.12133375893328541,True,False,2468,215
2024-06-05 00:00:00+00:00,9552540.113113165,9552540.113113165,0.0,0.0,0.0,0.0,0,-0.12133375893328541,True,False,2468,215
2024-06-06 00:00:00+00:00,9552540.113113165,9552540.113113165,0.0,0.0,0.0,0.0,0,-0.12133375893328541,True,False,2468,215
2024-06-07 00:00:00+00:00,9552540.113113165,9552540.113113165,0.0,0.0,0.0,0.0,0,-0.12133375893328541,True,False,2468,215
2024-06-10 00:00:00+00:00,9552540.113113165,9552540.113113165,0.0,0.0,0.0,0.0,0,-0.12133375893328541,True,False,2468,215
2024-06-11 00:00:00+00:00,9552540.113113165,9552540.113113165,0.0,0.0,0.0,0.0,0,-0.12133375893328541,True,False,2468,215
2024-06-12 00:00:00+00:00,9552540.113113165,9552540.113113165,0.0,0.0,0.0,0.0,0,-0.12133375893328541,True,False,2468,215
2024-06-13 00:00:00+00:00,9552540.113113165,9552540.113113165,0.0,0.0,0.0,0.0,0,-0.12133375893328541,True,False,2468,215
2024-06-14 00:00:00+00:00,9552540.113113165,9552540.113113165,0.0,0.0,0.0,0.0,0,-0.12133375893328541,True,False,2468,215
2024-06-17 00:00:00+00:00,9552540.113113165,9552540.113113165,0.0,0.0,0.0,0.0,0,-0.12133375893328541,True,False,2468,215
2024-06-18 00:00:00+00:00,9552540.113113165,9552540.113113165,0.0,0.0,0.0,0.0,0,-0.12133375893328541,True,False,2468,215
2024-06-19 00:00:00+00:00,9552540.113113165,9552540.113113165,0.0,0.0,0.0,0.0,0,-0.12133375893328541,True,False,2468,215
2024-06-20 00:00:00+00:00,9552540.113113165,9552540.113113165,0.0,0.0,0.0,0.0,0,-0.12133375893328541,True,False,2468,215
2024-06-21 00:00:00+00:00,9552540.113113165,9552540.113113165,0.0,0.0,0.0,0.0,0,-0.12133375893328541,True,False,2468,215
2024-06-24 00:00:00+00:00,9552540.113113165,9552540.113113165,0.0,0.0,0.0,0.0,0,-0.12133375893328541,True,False,2468,215
2024-06-25 00:00:00+00:00,9552540.113113165,9552540.113113165,0.0,0.0,0.0,0.0,0,-0.12133375893328541,True,False,2468,215
2024-06-26 00:00:00+00:00,9552540.113113165,9552540.113113165,0.0,0.0,0.0,0.0,0,-0.12133375893328541,True,False,2469,215
2024-06-27 00:00:00+00:00,9552540.113113165,9552540.113113165,0.0,0.0,0.0,0.0,0,-0.12133375893328541,True,False,2469,215
2024-06-28 00:00:00+00:00,9552540.113113165,9552540.113113165,0.0,0.0,0.0,0.0,0,-0.12133375893328541,True,False,2469,215
2024-07-01 00:00:00+00:00,9552540.113113165,9552540.113113165,0.0,0.0,0.0,0.0,0,-0.12133375893328541,True,False,2469,215
2024-07-02 00:00:00+00:00,9552540.113113165,9552540.113113165,0.0,0.0,0.0,0.0,0,-0.12133375893328541,True,False,2469,215
2024-07-03 00:00:00+00:00,9552540.113113165,9552540.113113165,0.0,0.0,0.0,0.0,0,-0.12133375893328541,True,False,2469,215
2024-07-04 00:00:00+00:00,9552540.113113165,9552540.113113165,0.0,0.0,0.0,0.0,0,-0.12133375893328541,True,False,2469,215
2024-07-05 00:00:00+00:00,9552540.113113165,9552540.113113165,0.0,0.0,0.0,0.0,0,-0.12133375893328541,True,False,2469,215
2024-07-08 00:00:00+00:00,9552540.113113165,9552540.113113165,0.0,0.0,0.0,0.0,0,-0.12133375893328541,True,False,2469,215
2024-07-09 00:00:00+00:00,9552540.113113165,9552540.113113165,0.0,0.0,0.0,0.0,0,-0.12133375893328541,True,False,2469,215
2024-07-10 00:00:00+00:00,9552540.113113165,9552540.113113165,0.0,0.0,0.0,0.0,0,-0.12133375893328541,True,False,2469,215
2024-07-11 00:00:00+00:00,9552540.113113165,9552540.113113165,0.0,0.0,0.0,0.0,0,-0.12133375893328541,True,False,2469,215
2024-07-12 00:00:00+00:00,9552540.113113165,9552540.113113165,0.0,0.0,0.0,0.0,0,-0.12133375893328541,True,False,2469,215
2024-07-15 00:00:00+00:00,9552540.113113165,9552540.113113165,0.0,0.0,0.0,0.0,0,-0.12133375893328541,True,False,2470,215
2024-07-16 00:00:00+00:00,9552540.113113165,9552540.113113165,0.0,0.0,0.0,0.0,0,-0.12133375893328541,True,False,2470,215
2024-07-17 00:00:00+00:00,9552540.113113165,9552540.113113165,0.0,0.0,0.0,0.0,0,-0.12133375893328541,True,False,2470,215
2024-07-18 00:00:00+00:00,9552540.113113165,9552540.113113165,0.0,0.0,0.0,0.0,0,-0.12133375893328541,True,False,2470,215
2024-07-19 00:00:00+00:00,9552540.113113165,9552540.113113165,0.0,0.0,0.0,0.0,0,-0.12133375893328541,True,False,2473,215
2024-07-22 00:00:00+00:00,9552540.113113165,9552540.113113165,0.0,0.0,0.0,0.0,0,-0.12133375893328541,True,False,2473,215
2024-07-23 00:00:00+00:00,9552540.113113165,9552540.113113165,0.0,0.0,0.0,0.0,0,-0.12133375893328541,True,False,2473,215
2024-07-24 00:00:00+00:00,9552540.113113165,9552540.113113165,0.0,0.0,0.0,0.0,0,-0.12133375893328541,True,False,2475,215
2024-07-25 00:00:00+00:00,9552540.113113165,9552540.113113165,0.0,0.0,0.0,0.0,0,-0.12133375893328541,True,False,2475,215
2024-07-26 00:00:00+00:00,9552540.113113165,9552540.113113165,0.0,0.0,0.0,0.0,0,-0.12133375893328541,True,False,2475,215
2024-07-29 00:00:00+00:00,9552540.113113165,9552540.113113165,0.0,0.0,0.0,0.0,0,-0.12133375893328541,True,False,2477,215
2024-07-30 00:00:00+00:00,9552540.113113165,9552540.113113165,0.0,0.0,0.0,0.0,0,-0.12133375893328541,True,False,2477,215
2024-07-31 00:00:00+00:00,9552540.113113165,9552540.113113165,0.0,0.0,0.0,0.0,0,-0.12133375893328541,True,False,2477,215
2024-08-01 00:00:00+00:00,9552540.113113165,9552540.113113165,0.0,0.0,0.0,0.0,0,-0.12133375893328541,True,False,2477,215
2024-08-02 00:00:00+00:00,9552540.113113165,9552540.113113165,0.0,0.0,0.0,0.0,0,-0.12133375893328541,True,False,2477,215
2024-08-05 00:00:00+00:00,9552540.113113165,9552540.113113165,0.0,0.0,0.0,0.0,0,-0.12133375893328541,True,False,2483,215
2024-08-06 00:00:00+00:00,9552540.113113165,9552540.113113165,0.0,0.0,0.0,0.0,0,-0.12133375893328541,True,False,2483,215
2024-08-07 00:00:00+00:00,9552540.113113165,9552540.113113165,0.0,0.0,0.0,0.0,0,-0.12133375893328541,True,False,2484,215
2024-08-08 00:00:00+00:00,9552540.113113165,9552540.113113165,0.0,0.0,0.0,0.0,0,-0.12133375893328541,True,False,2484,215
2024-08-09 00:00:00+00:00,9552540.113113165,9552540.113113165,0.0,0.0,0.0,0.0,0,-0.12133375893328541,True,False,2484,215
2024-08-12 00:00:00+00:00,9552540.113113165,9552540.113113165,0.0,0.0,0.0,0.0,0,-0.12133375893328541,True,False,2484,215
2024-08-13 00:00:00+00:00,9552540.113113165,9552540.113113165,0.0,0.0,0.0,0.0,0,-0.12133375893328541,True,False,2484,215
2024-08-14 00:00:00+00:00,9552540.113113165,9552540.113113165,0.0,0.0,0.0,0.0,0,-0.12133375893328541,True,False,2484,215
2024-08-15 00:00:00+00:00,9552540.113113165,9552540.113113165,0.0,0.0,0.0,0.0,0,-0.12133375893328541,True,False,2484,215
2024-08-16 00:00:00+00:00,9552540.113113165,9552540.113113165,0.0,0.0,0.0,0.0,0,-0.12133375893328541,True,False,2484,215
2024-08-19 00:00:00+00:00,9552540.113113165,9552540.113113165,0.0,0.0,0.0,0.0,0,-0.12133375893328541,True,False,2484,215
2024-08-20 00:00:00+00:00,9552540.113113165,9552540.113113165,0.0,0.0,0.0,0.0,0,-0.12133375893328541,True,False,2484,215
2024-08-21 00:00:00+00:00,9552540.113113165,9552540.113113165,0.0,0.0,0.0,0.0,0,-0.12133375893328541,True,False,2484,215
2024-08-22 00:00:00+00:00,9552540.113113165,9552540.113113165,0.0,0.0,0.0,0.0,0,-0.12133375893328541,True,False,2484,215
2024-08-23 00:00:00+00:00,9552540.113113165,9552540.113113165,0.0,0.0,0.0,0.0,0,-0.12133375893328541,True,False,2484,215
2024-08-26 00:00:00+00:00,9552540.113113165,9552540.113113165,0.0,0.0,0.0,0.0,0,-0.12133375893328541,True,False,2486,215
2024-08-27 00:00:00+00:00,9552540.113113165,9552540.113113165,0.0,0.0,0.0,0.0,0,-0.12133375893328541,True,False,2486,215
2024-08-28 00:00:00+00:00,9552540.113113165,9552540.113113165,0.0,0.0,0.0,0.0,0,-0.12133375893328541,True,False,2486,215
2024-08-29 00:00:00+00:00,9552540.113113165,9552540.113113165,0.0,0.0,0.0,0.0,0,-0.12133375893328541,True,False,2486,215
2024-08-30 00:00:00+00:00,9552540.113113165,9552540.113113165,0.0,0.0,0.0,0.0,0,-0.12133375893328541,True,False,2487,215
2024-09-02 00:00:00+00:00,9552540.113113165,9552540.113113165,0.0,0.0,0.0,0.0,0,-0.12133375893328541,True,False,2487,215
2024-09-03 00:00:00+00:00,9552540.113113165,9552540.113113165,0.0,0.0,0.0,0.0,0,-0.12133375893328541,True,False,2487,215
2024-09-04 00:00:00+00:00,9552540.113113165,9552540.113113165,0.0,0.0,0.0,0.0,0,-0.12133375893328541,True,False,2487,215
2024-09-05 00:00:00+00:00,9552540.113113165,9552540.113113165,0.0,0.0,0.0,0.0,0,-0.12133375893328541,True,False,2487,215
2024-09-06 00:00:00+00:00,9552540.113113165,9552540.113113165,0.0,0.0,0.0,0.0,0,-0.12133375893328541,True,False,2487,215
2024-09-09 00:00:00+00:00,9552540.113113165,9552540.113113165,0.0,0.0,0.0,0.0,0,-0.12133375893328541,True,False,2487,215
2024-09-10 00:00:00+00:00,9552540.113113165,9552540.113113165,0.0,0.0,0.0,0.0,0,-0.12133375893328541,True,False,2487,215
2024-09-11 00:00:00+00:00,9552540.113113165,9552540.113113165,0.0,0.0,0.0,0.0,0,-0.12133375893328541,True,False,2488,215
2024-09-12 00:00:00+00:00,9552540.113113165,9552540.113113165,0.0,0.0,0.0,0.0,0,-0.12133375893328541,True,False,2488,215
2024-09-13 00:00:00+00:00,9552540.113113165,9552540.113113165,0.0,0.0,0.0,0.0,0,-0.12133375893328541,True,False,2488,215
2024-09-16 00:00:00+00:00,9552540.113113165,9552540.113113165,0.0,0.0,0.0,0.0,0,-0.12133375893328541,True,False,2488,215
2024-09-17 00:00:00+00:00,9552540.113113165,9552540.113113165,0.0,0.0,0.0,0.0,0,-0.12133375893328541,True,False,2488,215
2024-09-18 00:00:00+00:00,9552540.113113165,9552540.113113165,0.0,0.0,0.0,0.0,0,-0.12133375893328541,True,False,2488,215
2024-09-19 00:00:00+00:00,9552540.113113165,9552540.113113165,0.0,0.0,0.0,0.0,0,-0.12133375893328541,True,False,2488,215
2024-09-20 00:00:00+00:00,9552540.113113165,9552540.113113165,0.0,0.0,0.0,0.0,0,-0.12133375893328541,True,False,2489,215
2024-09-23 00:00:00+00:00,9552540.113113165,9552540.113113165,0.0,0.0,0.0,0.0,0,-0.12133375893328541,True,False,2489,215
2024-09-24 00:00:00+00:00,9552540.113113165,9552540.113113165,0.0,0.0,0.0,0.0,0,-0.12133375893328541,True,False,2489,215
2024-09-25 00:00:00+00:00,9552540.113113165,9552540.113113165,0.0,0.0,0.0,0.0,0,-0.12133375893328541,True,False,2489,215
2024-09-26 00:00:00+00:00,9552540.113113165,9552540.113113165,0.0,0.0,0.0,0.0,0,-0.12133375893328541,True,False,2489,215
2024-09-27 00:00:00+00:00,9552540.113113165,9552540.113113165,0.0,0.0,0.0,0.0,0,-0.12133375893328541,True,False,2489,215
2024-09-30 00:00:00+00:00,9552540.113113165,9552540.113113165,0.0,0.0,0.0,0.0,0,-0.12133375893328541,True,False,2489,215
2024-10-01 00:00:00+00:00,9552540.113113165,9552540.113113165,0.0,0.0,0.0,0.0,0,-0.12133375893328541,True,False,2490,215
2024-10-02 00:00:00+00:00,9552540.113113165,9552540.113113165,0.0,0.0,0.0,0.0,0,-0.12133375893328541,True,False,2490,215
2024-10-03 00:00:00+00:00,9552540.113113165,9552540.113113165,0.0,0.0,0.0,0.0,0,-0.12133375893328541,True,False,2493,215
2024-10-04 00:00:00+00:00,9552540.113113165,9552540.113113165,0.0,0.0,0.0,0.0,0,-0.12133375893328541,True,False,2493,215
2024-10-07 00:00:00+00:00,9552540.113113165,9552540.113113165,0.0,0.0,0.0,0.0,0,-0.12133375893328541,True,False,2494,215
2024-10-08 00:00:00+00:00,9552540.113113165,9552540.113113165,0.0,0.0,0.0,0.0,0,-0.12133375893328541,True,False,2494,215
2024-10-09 00:00:00+00:00,9552540.113113165,9552540.113113165,0.0,0.0,0.0,0.0,0,-0.12133375893328541,True,False,2494,215
2024-10-10 00:00:00+00:00,9552540.113113165,9552540.113113165,0.0,0.0,0.0,0.0,0,-0.12133375893328541,True,False,2495,215
2024-10-11 00:00:00+00:00,9552540.113113165,9552540.113113165,0.0,0.0,0.0,0.0,0,-0.12133375893328541,True,False,2495,215
2024-10-14 00:00:00+00:00,9552540.113113165,9552540.113113165,0.0,0.0,0.0,0.0,0,-0.12133375893328541,True,False,2495,215
2024-10-15 00:00:00+00:00,9552540.113113165,9552540.113113165,0.0,0.0,0.0,0.0,0,-0.12133375893328541,True,False,2495,215
2024-10-16 00:00:00+00:00,9552540.113113165,9552540.113113165,0.0,0.0,0.0,0.0,0,-0.12133375893328541,True,False,2495,215
2024-10-17 00:00:00+00:00,9552540.113113165,9552540.113113165,0.0,0.0,0.0,0.0,0,-0.12133375893328541,True,False,2496,215
2024-10-18 00:00:00+00:00,9552540.113113165,9552540.113113165,0.0,0.0,0.0,0.0,0,-0.12133375893328541,True,False,2496,215
2024-10-21 00:00:00+00:00,9552540.113113165,9552540.113113165,0.0,0.0,0.0,0.0,0,-0.12133375893328541,True,False,2497,215
2024-10-22 00:00:00+00:00,9552540.113113165,9552540.113113165,0.0,0.0,0.0,0.0,0,-0.12133375893328541,True,False,2500,215
2024-10-23 00:00:00+00:00,9552540.113113165,9552540.113113165,0.0,0.0,0.0,0.0,0,-0.12133375893328541,True,False,2500,215
2024-10-24 00:00:00+00:00,9552540.113113165,9552540.113113165,0.0,0.0,0.0,0.0,0,-0.12133375893328541,True,False,2503,215
2024-10-25 00:00:00+00:00,9552540.113113165,9552540.113113165,0.0,0.0,0.0,0.0,0,-0.12133375893328541,True,False,2512,215
2024-10-28 00:00:00+00:00,9552540.113113165,9552540.113113165,0.0,0.0,0.0,0.0,0,-0.12133375893328541,True,False,2513,215
2024-10-29 00:00:00+00:00,9552540.113113165,9552540.113113165,0.0,0.0,0.0,0.0,0,-0.12133375893328541,True,False,2516,215
2024-10-30 00:00:00+00:00,9552540.113113165,9552540.113113165,0.0,0.0,0.0,0.0,0,-0.12133375893328541,True,False,2516,215
2024-10-31 00:00:00+00:00,9552540.113113165,9552540.113113165,0.0,0.0,0.0,0.0,0,-0.12133375893328541,True,False,2518,215
2024-11-01 00:00:00+00:00,9552540.113113165,9552540.113113165,0.0,0.0,0.0,0.0,0,-0.12133375893328541,True,False,2518,215
2024-11-04 00:00:00+00:00,9552540.113113165,9552540.113113165,0.0,0.0,0.0,0.0,0,-0.12133375893328541,True,False,2518,215
2024-11-05 00:00:00+00:00,9552540.113113165,9552540.113113165,0.0,0.0,0.0,0.0,0,-0.12133375893328541,True,False,2518,215
2024-11-06 00:00:00+00:00,9552540.113113165,9552540.113113165,0.0,0.0,0.0,0.0,0,-0.12133375893328541,True,False,2518,215
2024-11-07 00:00:00+00:00,9552540.113113165,9552540.113113165,0.0,0.0,0.0,0.0,0,-0.12133375893328541,True,False,2519,215
2024-11-08 00:00:00+00:00,9552540.113113165,9552540.113113165,0.0,0.0,0.0,0.0,0,-0.12133375893328541,True,False,2519,215
2024-11-11 00:00:00+00:00,9552540.113113165,9552540.113113165,0.0,0.0,0.0,0.0,0,-0.12133375893328541,True,False,2520,215
2024-11-12 00:00:00+00:00,9552540.113113165,9552540.113113165,0.0,0.0,0.0,0.0,0,-0.12133375893328541,True,False,2526,215
2024-11-13 00:00:00+00:00,9552540.113113165,9552540.113113165,0.0,0.0,0.0,0.0,0,-0.12133375893328541,True,False,2535,215
2024-11-14 00:00:00+00:00,9552540.113113165,9552540.113113165,0.0,0.0,0.0,0.0,0,-0.12133375893328541,True,False,2539,215
2024-11-15 00:00:00+00:00,9552540.113113165,9552540.113113165,0.0,0.0,0.0,0.0,0,-0.12133375893328541,True,False,2539,215
2024-11-18 00:00:00+00:00,9552540.113113165,9552540.113113165,0.0,0.0,0.0,0.0,0,-0.12133375893328541,True,False,2541,215
2024-11-19 00:00:00+00:00,9552540.113113165,9552540.113113165,0.0,0.0,0.0,0.0,0,-0.12133375893328541,True,False,2541,215
2024-11-20 00:00:00+00:00,9552540.113113165,9552540.113113165,0.0,0.0,0.0,0.0,0,-0.12133375893328541,True,False,2541,215
2024-11-21 00:00:00+00:00,9552540.113113165,9552540.113113165,0.0,0.0,0.0,0.0,0,-0.12133375893328541,True,False,2543,215
2024-11-22 00:00:00+00:00,9552540.113113165,9552540.113113165,0.0,0.0,0.0,0.0,0,-0.12133375893328541,True,False,2543,215
2024-11-25 00:00:00+00:00,9552540.113113165,9552540.113113165,0.0,0.0,0.0,0.0,0,-0.12133375893328541,True,False,2543,215
2024-11-26 00:00:00+00:00,9552540.113113165,9552540.113113165,0.0,0.0,0.0,0.0,0,-0.12133375893328541,True,False,2543,215
2024-11-27 00:00:00+00:00,9552540.113113165,9552540.113113165,0.0,0.0,0.0,0.0,0,-0.12133375893328541,True,False,2543,215
2024-11-28 00:00:00+00:00,9552540.113113165,9552540.113113165,0.0,0.0,0.0,0.0,0,-0.12133375893328541,True,False,2543,215
2024-11-29 00:00:00+00:00,9552540.113113165,9552540.113113165,0.0,0.0,0.0,0.0,0,-0.12133375893328541,True,False,2543,215
2024-12-02 00:00:00+00:00,9552540.113113165,9552540.113113165,0.0,0.0,0.0,0.0,0,-0.12133375893328541,True,False,2544,215
2024-12-03 00:00:00+00:00,9552540.113113165,9552540.113113165,0.0,0.0,0.0,0.0,0,-0.12133375893328541,True,False,2544,215
2024-12-04 00:00:00+00:00,9552540.113113165,9552540.113113165,0.0,0.0,0.0,0.0,0,-0.12133375893328541,True,False,2544,215
2024-12-05 00:00:00+00:00,9552540.113113165,9552540.113113165,0.0,0.0,0.0,0.0,0,-0.12133375893328541,True,False,2544,215
2024-12-06 00:00:00+00:00,9552540.113113165,9552540.113113165,0.0,0.0,0.0,0.0,0,-0.12133375893328541,True,False,2544,215
2024-12-09 00:00:00+00:00,9552540.113113165,9552540.113113165,0.0,0.0,0.0,0.0,0,-0.12133375893328541,True,False,2545,215
2024-12-10 00:00:00+00:00,9552540.113113165,9552540.113113165,0.0,0.0,0.0,0.0,0,-0.12133375893328541,True,False,2545,215
2024-12-11 00:00:00+00:00,9552540.113113165,9552540.113113165,0.0,0.0,0.0,0.0,0,-0.12133375893328541,True,False,2545,215
2024-12-12 00:00:00+00:00,9552540.113113165,9552540.113113165,0.0,0.0,0.0,0.0,0,-0.12133375893328541,True,False,2545,215
2024-12-13 00:00:00+00:00,9552540.113113165,9552540.113113165,0.0,0.0,0.0,0.0,0,-0.12133375893328541,True,False,2545,215
2024-12-16 00:00:00+00:00,9552540.113113165,9552540.113113165,0.0,0.0,0.0,0.0,0,-0.12133375893328541,True,False,2545,215
2024-12-17 00:00:00+00:00,9552540.113113165,9552540.113113165,0.0,0.0,0.0,0.0,0,-0.12133375893328541,True,False,2545,215
2024-12-18 00:00:00+00:00,9552540.113113165,9552540.113113165,0.0,0.0,0.0,0.0,0,-0.12133375893328541,True,False,2546,215
2024-12-19 00:00:00+00:00,9552540.113113165,9552540.113113165,0.0,0.0,0.0,0.0,0,-0.12133375893328541,True,False,2547,215
2024-12-20 00:00:00+00:00,9552540.113113165,9552540.113113165,0.0,0.0,0.0,0.0,0,-0.12133375893328541,True,False,2550,215
2024-12-23 00:00:00+00:00,9552540.113113165,9552540.113113165,0.0,0.0,0.0,0.0,0,-0.12133375893328541,True,False,2550,215
2024-12-24 00:00:00+00:00,9552540.113113165,9552540.113113165,0.0,0.0,0.0,0.0,0,-0.12133375893328541,True,False,2550,215
2024-12-26 00:00:00+00:00,9552540.113113165,9552540.113113165,0.0,0.0,0.0,0.0,0,-0.12133375893328541,True,False,2551,215
2024-12-27 00:00:00+00:00,9552540.113113165,9552540.113113165,0.0,0.0,0.0,0.0,0,-0.12133375893328541,True,False,2551,215
2024-12-30 00:00:00+00:00,9552540.113113165,9552540.113113165,0.0,0.0,0.0,0.0,0,-0.12133375893328541,True,False,2552,215
2024-12-31 00:00:00+00:00,9552540.113113165,9552540.113113165,0.0,0.0,0.0,0.0,0,-0.12133375893328541,True,False,2552,215
