,equity
2002-11-26 00:00:00+00:00,9991245.16162999
2002-11-27 00:00:00+00:00,9982993.0629092
2002-11-28 00:00:00+00:00,10009970.51015456
2002-11-29 00:00:00+00:00,10069291.218530014
2002-12-02 00:00:00+00:00,10107733.557857111
2002-12-03 00:00:00+00:00,10043813.124069449
2002-12-04 00:00:00+00:00,10020887.82380819
2002-12-05 00:00:00+00:00,10037187.279665705
2002-12-06 00:00:00+00:00,10096408.9850409
2002-12-09 00:00:00+00:00,10053383.459390875
2002-12-10 00:00:00+00:00,10054378.666810509
2002-12-11 00:00:00+00:00,10043391.202757116
2002-12-12 00:00:00+00:00,10041094.034077879
2002-12-13 00:00:00+00:00,10078215.204494473
2002-12-16 00:00:00+00:00,10079696.344108101
2002-12-17 00:00:00+00:00,10062701.749917265
2002-12-18 00:00:00+00:00,10083449.77522349
2002-12-19 00:00:00+00:00,10082385.922542091
2002-12-20 00:00:00+00:00,10113154.408814903
2002-12-23 00:00:00+00:00,10127370.546882125
2002-12-24 00:00:00+00:00,10118512.290141555
2002-12-25 00:00:00+00:00,10118019.081821654
2002-12-26 00:00:00+00:00,10113444.73738012
2002-12-27 00:00:00+00:00,10130075.312702153
2002-12-30 00:00:00+00:00,10127605.421786044
2002-12-31 00:00:00+00:00,10145821.845562313
2003-01-01 00:00:00+00:00,10125986.928180788
2003-01-02 00:00:00+00:00,10141205.697968695
2003-01-03 00:00:00+00:00,10154511.911734167
2003-01-06 00:00:00+00:00,10127243.562430922
2003-01-07 00:00:00+00:00,10136817.256061913
2003-01-08 00:00:00+00:00,10140526.730064752
2003-01-09 00:00:00+00:00,10170631.738547208
2003-01-10 00:00:00+00:00,10160256.747946622
2003-01-13 00:00:00+00:00,10167939.496999623
2003-01-14 00:00:00+00:00,10183465.578409147
2003-01-15 00:00:00+00:00,10168628.772521924
2003-01-16 00:00:00+00:00,10166348.562359761
2003-01-17 00:00:00+00:00,10164353.463148069
2003-01-20 00:00:00+00:00,10155967.883408498
2003-01-21 00:00:00+00:00,10171528.054935407
2003-01-22 00:00:00+00:00,10170078.394108724
2003-01-23 00:00:00+00:00,10122379.406145208
2003-01-24 00:00:00+00:00,10046204.564843528
2003-01-27 00:00:00+00:00,9972510.873423545
2003-01-28 00:00:00+00:00,9963910.738039687
2003-01-29 00:00:00+00:00,10004763.187452987
2003-01-30 00:00:00+00:00,10007716.087836936
2003-01-31 00:00:00+00:00,9990177.109833434
2003-02-03 00:00:00+00:00,9994506.08017321
2003-02-04 00:00:00+00:00,9994106.566656783
2003-02-05 00:00:00+00:00,9976012.668735221
2003-02-06 00:00:00+00:00,10003099.315294936
2003-02-07 00:00:00+00:00,10019214.936334327
2003-02-10 00:00:00+00:00,9993519.72718592
2003-02-11 00:00:00+00:00,10005402.885121062
2003-02-12 00:00:00+00:00,9982664.763329223
2003-02-13 00:00:00+00:00,9979437.897858337
2003-02-14 00:00:00+00:00,9982165.496453956
2003-02-17 00:00:00+00:00,9588364.721328452
2003-02-18 00:00:00+00:00,10013962.79987593
2003-02-19 00:00:00+00:00,10038299.329261497
2003-02-20 00:00:00+00:00,10038044.681394294
2003-02-21 00:00:00+00:00,12421012.383861033
2003-02-24 00:00:00+00:00,12632966.797477512
2003-02-25 00:00:00+00:00,12563970.734714268
2003-02-26 00:00:00+00:00,12561584.92110526
2003-02-27 00:00:00+00:00,12595795.556690993
2003-02-28 00:00:00+00:00,12567899.600037878
2003-03-03 00:00:00+00:00,12569453.47273353
2003-03-04 00:00:00+00:00,12525882.758060688
2003-03-05 00:00:00+00:00,12478559.129134234
2003-03-06 00:00:00+00:00,12448312.834653301
2003-03-07 00:00:00+00:00,12422578.509504398
2003-03-10 00:00:00+00:00,12424589.100836936
2003-03-11 00:00:00+00:00,12414546.948497498
2003-03-12 00:00:00+00:00,12413198.556034146
2003-03-13 00:00:00+00:00,12412996.29947932
2003-03-14 00:00:00+00:00,12412996.29947932
2003-03-17 00:00:00+00:00,12409490.488333317
2003-03-18 00:00:00+00:00,12409490.488333317
2003-03-19 00:00:00+00:00,12402815.88314342
2003-03-20 00:00:00+00:00,12372205.042028897
2003-03-21 00:00:00+00:00,12372205.042028897
2003-03-24 00:00:00+00:00,12289177.159506591
2003-03-25 00:00:00+00:00,12243297.755042491
2003-03-26 00:00:00+00:00,12249680.013501732
2003-03-27 00:00:00+00:00,12284781.715156315
2003-03-28 00:00:00+00:00,12267024.091247091
2003-03-31 00:00:00+00:00,12231093.394813022
2003-04-01 00:00:00+00:00,12215374.96588717
2003-04-02 00:00:00+00:00,12186104.138484659
2003-04-03 00:00:00+00:00,12185742.471715754
2003-04-04 00:00:00+00:00,12178175.478010807
2003-04-07 00:00:00+00:00,12195056.47634547
2003-04-08 00:00:00+00:00,12191070.94904196
2003-04-09 00:00:00+00:00,12208487.906749642
2003-04-10 00:00:00+00:00,12202092.201299476
2003-04-11 00:00:00+00:00,12213410.438460162
2003-04-14 00:00:00+00:00,11743862.029560419
2003-04-15 00:00:00+00:00,12256846.468311917
2003-04-16 00:00:00+00:00,12255970.2620347
2003-04-17 00:00:00+00:00,12281498.175179511
2003-04-18 00:00:00+00:00,11167854.527682327
2003-04-21 00:00:00+00:00,12291081.83161279
2003-04-22 00:00:00+00:00,12287953.320563849
2003-04-23 00:00:00+00:00,12310167.421983467
2003-04-24 00:00:00+00:00,12282689.486694517
2003-04-25 00:00:00+00:00,12261220.14953821
2003-04-28 00:00:00+00:00,12250497.705228066
2003-04-29 00:00:00+00:00,12248916.810962226
2003-04-30 00:00:00+00:00,12291426.638683377
2003-05-01 00:00:00+00:00,12280021.116562868
2003-05-02 00:00:00+00:00,12289372.026334245
2003-05-05 00:00:00+00:00,12393924.94062268
2003-05-06 00:00:00+00:00,12436116.265486706
2003-05-07 00:00:00+00:00,12446577.539066419
2003-05-08 00:00:00+00:00,12422307.74675434
2003-05-09 00:00:00+00:00,12457955.807012185
2003-05-12 00:00:00+00:00,12470637.34750798
2003-05-13 00:00:00+00:00,12621178.98121215
2003-05-14 00:00:00+00:00,12762989.6509195
2003-05-15 00:00:00+00:00,12761258.35939569
2003-05-16 00:00:00+00:00,12757948.390605232
2003-05-19 00:00:00+00:00,12842158.942823576
2003-05-20 00:00:00+00:00,12882075.848994168
2003-05-21 00:00:00+00:00,15521606.350432534
2003-05-22 00:00:00+00:00,15513913.944629295
2003-05-23 00:00:00+00:00,15617679.731546044
2003-05-26 00:00:00+00:00,14434648.959871795
2003-05-27 00:00:00+00:00,15618912.358640136
2003-05-28 00:00:00+00:00,15667994.504002774
2003-05-29 00:00:00+00:00,15776378.576782597
2003-05-30 00:00:00+00:00,15803169.948508622
2003-06-02 00:00:00+00:00,15799024.506968986
2003-06-03 00:00:00+00:00,15786606.24155068
2003-06-04 00:00:00+00:00,15815109.83250622
2003-06-05 00:00:00+00:00,15831994.594713029
2003-06-06 00:00:00+00:00,15831479.589295678
2003-06-09 00:00:00+00:00,15787576.595579864
2003-06-10 00:00:00+00:00,15811356.493966995
2003-06-11 00:00:00+00:00,15834017.04935222
2003-06-12 00:00:00+00:00,15802461.690389702
2003-06-13 00:00:00+00:00,15813028.089352392
2003-06-16 00:00:00+00:00,15880783.05719253
2003-06-17 00:00:00+00:00,15904345.098715989
2003-06-18 00:00:00+00:00,15901970.0021379
2003-06-19 00:00:00+00:00,15929296.66436987
2003-06-20 00:00:00+00:00,15909851.386803625
2003-06-23 00:00:00+00:00,15832400.22163498
2003-06-24 00:00:00+00:00,15877918.266135598
2003-06-25 00:00:00+00:00,15936370.598260392
2003-06-26 00:00:00+00:00,15856527.203628788
2003-06-27 00:00:00+00:00,15920273.932207681
2003-06-30 00:00:00+00:00,16018489.956442535
2003-07-01 00:00:00+00:00,16011179.028348185
2003-07-02 00:00:00+00:00,16053591.804500876
2003-07-03 00:00:00+00:00,16059380.268175593
2003-07-04 00:00:00+00:00,15562871.051501356
2003-07-07 00:00:00+00:00,16253064.446878811
2003-07-08 00:00:00+00:00,16201473.566518273
2003-07-09 00:00:00+00:00,16162862.88094194
2003-07-10 00:00:00+00:00,16147399.344951702
2003-07-11 00:00:00+00:00,16168864.991891416
2003-07-14 00:00:00+00:00,16245314.525388153
2003-07-15 00:00:00+00:00,16213204.720283063
2003-07-16 00:00:00+00:00,16238883.375379127
2003-07-17 00:00:00+00:00,16183799.391968695
2003-07-18 00:00:00+00:00,16083515.87941161
2003-07-21 00:00:00+00:00,16028471.286538273
2003-07-22 00:00:00+00:00,15993092.362234384
2003-07-23 00:00:00+00:00,16001981.872969013
2003-07-24 00:00:00+00:00,16028368.328644712
2003-07-25 00:00:00+00:00,16040930.589188907
2003-07-28 00:00:00+00:00,15989565.761470923
2003-07-29 00:00:00+00:00,16025174.733579347
2003-07-30 00:00:00+00:00,16051491.600716842
2003-07-31 00:00:00+00:00,16116492.130691892
2003-08-01 00:00:00+00:00,16130032.950271374
2003-08-04 00:00:00+00:00,16171073.64859604
2003-08-05 00:00:00+00:00,16172353.973027926
2003-08-06 00:00:00+00:00,16185983.714774344
2003-08-07 00:00:00+00:00,16273106.76929091
2003-08-08 00:00:00+00:00,16289455.554100228
2003-08-11 00:00:00+00:00,16311762.581412697
2003-08-12 00:00:00+00:00,16294873.55387272
2003-08-13 00:00:00+00:00,16285507.364013672
2003-08-14 00:00:00+00:00,16284468.105002927
2003-08-15 00:00:00+00:00,16284468.105002927
2003-08-18 00:00:00+00:00,18662679.97323494
2003-08-19 00:00:00+00:00,18798531.65145526
2003-08-20 00:00:00+00:00,18757790.384052165
2003-08-21 00:00:00+00:00,18784190.53243661
2003-08-22 00:00:00+00:00,18898632.949281383
2003-08-25 00:00:00+00:00,18598683.634727128
2003-08-26 00:00:00+00:00,18775644.37944151
2003-08-27 00:00:00+00:00,18864913.48239334
2003-08-28 00:00:00+00:00,18852218.2497908
2003-08-29 00:00:00+00:00,18948026.009147536
2003-09-01 00:00:00+00:00,19050802.69423302
2003-09-02 00:00:00+00:00,19063486.967070073
2003-09-03 00:00:00+00:00,18999859.37127503
2003-09-04 00:00:00+00:00,18977425.770866968
2003-09-05 00:00:00+00:00,19034013.183053296
2003-09-08 00:00:00+00:00,19064064.13862696
2003-09-09 00:00:00+00:00,19062746.3593282
2003-09-10 00:00:00+00:00,19093756.61572206
2003-09-11 00:00:00+00:00,19125069.478951786
2003-09-12 00:00:00+00:00,19102551.793149307
2003-09-15 00:00:00+00:00,18961348.086689178
2003-09-16 00:00:00+00:00,19191411.311650157
2003-09-17 00:00:00+00:00,19044604.341713678
2003-09-18 00:00:00+00:00,18711307.189936303
2003-09-19 00:00:00+00:00,18783665.13662808
2003-09-22 00:00:00+00:00,18703322.81373182
2003-09-23 00:00:00+00:00,18851001.283697523
2003-09-24 00:00:00+00:00,18930912.734090533
2003-09-25 00:00:00+00:00,19013046.383252863
2003-09-26 00:00:00+00:00,19110982.631598383
2003-09-29 00:00:00+00:00,19223738.676832892
2003-09-30 00:00:00+00:00,19300795.912750635
2003-10-01 00:00:00+00:00,19383949.21730239
2003-10-02 00:00:00+00:00,19383949.21730239
2003-10-03 00:00:00+00:00,19523090.005773395
2003-10-06 00:00:00+00:00,19725824.68964814
2003-10-07 00:00:00+00:00,19716150.245752506
2003-10-08 00:00:00+00:00,19651413.70838498
2003-10-09 00:00:00+00:00,19757393.71052615
2003-10-10 00:00:00+00:00,19792798.777251042
2003-10-13 00:00:00+00:00,19933957.004376482
2003-10-14 00:00:00+00:00,19819019.30175549
2003-10-15 00:00:00+00:00,19847849.929719515
2003-10-16 00:00:00+00:00,19975358.63475401
2003-10-17 00:00:00+00:00,20013976.880310934
2003-10-20 00:00:00+00:00,19852688.62323634
2003-10-21 00:00:00+00:00,19480819.126585558
2003-10-22 00:00:00+00:00,19445284.796884745
2003-10-23 00:00:00+00:00,20141127.82541531
2003-10-24 00:00:00+00:00,20264458.316600468
2003-10-27 00:00:00+00:00,20233497.885773763
2003-10-28 00:00:00+00:00,20216350.210300773
2003-10-29 00:00:00+00:00,20313519.07597814
2003-10-30 00:00:00+00:00,20558998.13344446
2003-10-31 00:00:00+00:00,20646723.198135737
2003-11-03 00:00:00+00:00,20766120.690476008
2003-11-04 00:00:00+00:00,20806362.103200275
2003-11-05 00:00:00+00:00,20789262.186458785
2003-11-06 00:00:00+00:00,20988050.989789467
2003-11-07 00:00:00+00:00,20865761.182175633
2003-11-10 00:00:00+00:00,20950356.633864947
2003-11-11 00:00:00+00:00,21005150.598418206
2003-11-12 00:00:00+00:00,21144262.90828414
2003-11-13 00:00:00+00:00,21452681.500258002
2003-11-14 00:00:00+00:00,21262908.746280264
2003-11-17 00:00:00+00:00,21480279.79838045
2003-11-18 00:00:00+00:00,21337250.689708266
2003-11-19 00:00:00+00:00,21086962.3339187
2003-11-20 00:00:00+00:00,21045137.715010487
2003-11-21 00:00:00+00:00,21064676.013013165
2003-11-24 00:00:00+00:00,21065776.181270014
2003-11-25 00:00:00+00:00,21094948.65892943
2003-11-26 00:00:00+00:00,20648875.906116247
2003-11-27 00:00:00+00:00,21166831.77080227
2003-11-28 00:00:00+00:00,21208149.330711417
2003-12-01 00:00:00+00:00,21193747.60432385
2003-12-02 00:00:00+00:00,21188797.52132675
2003-12-03 00:00:00+00:00,21184017.546204947
2003-12-04 00:00:00+00:00,21245985.646820165
2003-12-05 00:00:00+00:00,21278601.843996566
2003-12-08 00:00:00+00:00,21365189.20645442
2003-12-09 00:00:00+00:00,21452766.09139595
2003-12-10 00:00:00+00:00,21424008.788840596
2003-12-11 00:00:00+00:00,21418130.701309144
2003-12-12 00:00:00+00:00,21502745.35814582
2003-12-15 00:00:00+00:00,21678078.916247677
2003-12-16 00:00:00+00:00,21584329.05883083
2003-12-17 00:00:00+00:00,21620204.74866318
2003-12-18 00:00:00+00:00,21960382.14987242
2003-12-19 00:00:00+00:00,22053106.187161393
2003-12-22 00:00:00+00:00,22277073.719686028
2003-12-23 00:00:00+00:00,22220775.913031336
2003-12-24 00:00:00+00:00,22391479.609514788
2003-12-25 00:00:00+00:00,21922899.18816765
2003-12-26 00:00:00+00:00,22578185.145783972
2003-12-29 00:00:00+00:00,22701029.29828431
2003-12-30 00:00:00+00:00,22712603.12257912
2003-12-31 00:00:00+00:00,22709353.0909051
2004-01-01 00:00:00+00:00,22847029.9394356
2004-01-02 00:00:00+00:00,23048894.719923183
2004-01-05 00:00:00+00:00,22945786.145593826
2004-01-06 00:00:00+00:00,22900408.108440515
2004-01-07 00:00:00+00:00,22966539.416847862
2004-01-08 00:00:00+00:00,23222259.078097362
2004-01-09 00:00:00+00:00,23369504.373725392
2004-01-12 00:00:00+00:00,23115473.680782545
2004-01-13 00:00:00+00:00,23188816.8735301
2004-01-14 00:00:00+00:00,23358870.975726027
2004-01-15 00:00:00+00:00,23261454.54322156
2004-01-16 00:00:00+00:00,23033460.21271062
2004-01-19 00:00:00+00:00,23147314.71405299
2004-01-20 00:00:00+00:00,23070870.119424786
2004-01-21 00:00:00+00:00,22808444.88935669
2004-01-22 00:00:00+00:00,22800656.197896086
2004-01-23 00:00:00+00:00,22910316.624423075
2004-01-26 00:00:00+00:00,22910316.624423075
2004-01-27 00:00:00+00:00,23104929.56050549
2004-01-28 00:00:00+00:00,23032386.52517844
2004-01-29 00:00:00+00:00,23004882.341162242
2004-01-30 00:00:00+00:00,22917535.265686933
2004-02-02 00:00:00+00:00,22917535.265686933
2004-02-03 00:00:00+00:00,22801703.33215977
2004-02-04 00:00:00+00:00,22877215.67858891
2004-02-05 00:00:00+00:00,22839496.292909414
2004-02-06 00:00:00+00:00,22937173.23737918
2004-02-09 00:00:00+00:00,22931836.895144768
2004-02-10 00:00:00+00:00,21769589.685505867
2004-02-11 00:00:00+00:00,21944087.084516402
2004-02-12 00:00:00+00:00,22038357.3561591
2004-02-13 00:00:00+00:00,22240599.28918631
2004-02-16 00:00:00+00:00,22352202.395423766
2004-02-17 00:00:00+00:00,22402506.218375552
2004-02-18 00:00:00+00:00,22393268.99517905
2004-02-19 00:00:00+00:00,22129709.88443482
2004-02-20 00:00:00+00:00,22052945.658371884
2004-02-23 00:00:00+00:00,21789002.166963693
2004-02-24 00:00:00+00:00,21748080.125320088
2004-02-25 00:00:00+00:00,21568348.332578246
2004-02-26 00:00:00+00:00,21412949.97536945
2004-02-27 00:00:00+00:00,21467749.098544
2004-03-01 00:00:00+00:00,21812348.52543538
2004-03-02 00:00:00+00:00,21812348.52543538
2004-03-03 00:00:00+00:00,21857005.205324583
2004-03-04 00:00:00+00:00,21793353.492726855
2004-03-05 00:00:00+00:00,21937533.233050786
2004-03-08 00:00:00+00:00,22169075.07285478
2004-03-09 00:00:00+00:00,21986972.431328923
2004-03-10 00:00:00+00:00,21971224.171222035
2004-03-11 00:00:00+00:00,21812571.606911518
2004-03-12 00:00:00+00:00,21759063.43050269
2004-03-15 00:00:00+00:00,21555858.71927674
2004-03-16 00:00:00+00:00,21402281.857345957
2004-03-17 00:00:00+00:00,21379063.30293075
2004-03-18 00:00:00+00:00,21306027.554982755
2004-03-19 00:00:00+00:00,21268703.876922432
2004-03-22 00:00:00+00:00,21159791.457231145
2004-03-23 00:00:00+00:00,21239239.481999617
2004-03-24 00:00:00+00:00,21075273.62879765
2004-03-25 00:00:00+00:00,21089362.065733463
2004-03-26 00:00:00+00:00,21091017.53270808
2004-03-29 00:00:00+00:00,21085322.47890179
2004-03-30 00:00:00+00:00,21128035.596717894
2004-03-31 00:00:00+00:00,21147652.024103906
2004-04-01 00:00:00+00:00,21189099.669638135
2004-04-02 00:00:00+00:00,21252061.950981185
2004-04-05 00:00:00+00:00,21206501.306261934
2004-04-06 00:00:00+00:00,21213461.939484563
2004-04-07 00:00:00+00:00,21215676.73024677
2004-04-08 00:00:00+00:00,21169314.27859533
2004-04-09 00:00:00+00:00,21169314.27859533
2004-04-12 00:00:00+00:00,21178528.55295476
2004-04-13 00:00:00+00:00,21342303.57763853
2004-04-14 00:00:00+00:00,21342303.57763853
2004-04-15 00:00:00+00:00,21268532.964440618
2004-04-16 00:00:00+00:00,21288691.90681686
2004-04-19 00:00:00+00:00,21108977.729420245
2004-04-20 00:00:00+00:00,21074535.925764848
2004-04-21 00:00:00+00:00,21276711.913165804
2004-04-22 00:00:00+00:00,21559300.563328817
2004-04-23 00:00:00+00:00,21683018.903026495
2004-04-26 00:00:00+00:00,14412994.187551666
2004-04-27 00:00:00+00:00,21171803.37294443
2004-04-28 00:00:00+00:00,21287582.68966194
2004-04-29 00:00:00+00:00,21337657.616633784
2004-04-30 00:00:00+00:00,21252077.127656873
2004-05-03 00:00:00+00:00,20989365.399675503
2004-05-04 00:00:00+00:00,21110046.03678721
2004-05-05 00:00:00+00:00,21220695.031186644
2004-05-06 00:00:00+00:00,21393979.788534705
2004-05-07 00:00:00+00:00,18634966.64223381
2004-05-10 00:00:00+00:00,18519060.480060153
2004-05-11 00:00:00+00:00,18077618.900449958
2004-05-12 00:00:00+00:00,18051075.52241676
2004-05-13 00:00:00+00:00,18127369.453997508
2004-05-14 00:00:00+00:00,18042546.43606153
2004-05-17 00:00:00+00:00,17988819.740986343
2004-05-18 00:00:00+00:00,17942647.127865776
2004-05-19 00:00:00+00:00,17969374.97470801
2004-05-20 00:00:00+00:00,17969374.97470801
2004-05-21 00:00:00+00:00,17969374.97470801
2004-05-24 00:00:00+00:00,17969374.97470801
2004-05-25 00:00:00+00:00,17969374.97470801
2004-05-26 00:00:00+00:00,17969374.97470801
2004-05-27 00:00:00+00:00,17969374.97470801
2004-05-28 00:00:00+00:00,17969374.97470801
2004-05-31 00:00:00+00:00,17969374.97470801
2004-06-01 00:00:00+00:00,17969374.97470801
2004-06-02 00:00:00+00:00,17969374.97470801
2004-06-03 00:00:00+00:00,17969374.97470801
2004-06-04 00:00:00+00:00,17969374.97470801
2004-06-07 00:00:00+00:00,17934535.974859886
2004-06-08 00:00:00+00:00,18007457.30257109
2004-06-09 00:00:00+00:00,18083956.713907074
2004-06-10 00:00:00+00:00,18034935.325507157
2004-06-11 00:00:00+00:00,17869140.56412713
2004-06-14 00:00:00+00:00,17557648.24242586
2004-06-15 00:00:00+00:00,17653830.023558583
2004-06-16 00:00:00+00:00,17628209.887115665
2004-06-17 00:00:00+00:00,17688486.574219823
2004-06-18 00:00:00+00:00,17664760.48375879
2004-06-21 00:00:00+00:00,17676323.47660074
2004-06-22 00:00:00+00:00,17671357.745320585
2004-06-23 00:00:00+00:00,17481719.573931083
2004-06-24 00:00:00+00:00,17406612.717434306
2004-06-25 00:00:00+00:00,17507018.19006893
2004-06-28 00:00:00+00:00,17675191.29175241
2004-06-29 00:00:00+00:00,17738482.472355433
2004-06-30 00:00:00+00:00,17689296.61251368
2004-07-01 00:00:00+00:00,17831183.143581368
2004-07-02 00:00:00+00:00,17858356.262735367
2004-07-05 00:00:00+00:00,17722098.133868527
2004-07-06 00:00:00+00:00,17800425.304447982
2004-07-07 00:00:00+00:00,17803102.526483785
2004-07-08 00:00:00+00:00,17755808.222529266
2004-07-09 00:00:00+00:00,17835819.47032355
2004-07-12 00:00:00+00:00,17783618.50446957
2004-07-13 00:00:00+00:00,17656080.202445034
2004-07-14 00:00:00+00:00,17621509.8002815
2004-07-15 00:00:00+00:00,17702343.65836479
2004-07-16 00:00:00+00:00,17719536.724484093
2004-07-19 00:00:00+00:00,17731947.11820791
2004-07-20 00:00:00+00:00,17751033.327107266
2004-07-21 00:00:00+00:00,17739881.45135175
2004-07-22 00:00:00+00:00,17759569.683844354
2004-07-23 00:00:00+00:00,17731213.3761975
2004-07-26 00:00:00+00:00,17741546.091299325
2004-07-27 00:00:00+00:00,17699981.40921049
2004-07-28 00:00:00+00:00,17703434.80788335
2004-07-29 00:00:00+00:00,17687795.91749637
2004-07-30 00:00:00+00:00,17750073.145298786
2004-08-02 00:00:00+00:00,17685969.29986916
2004-08-03 00:00:00+00:00,17707359.369482834
2004-08-04 00:00:00+00:00,19589480.55884661
2004-08-05 00:00:00+00:00,19718371.745427616
2004-08-06 00:00:00+00:00,19652137.31334893
2004-08-09 00:00:00+00:00,19729843.928134684
2004-08-10 00:00:00+00:00,19926495.644425344
2004-08-11 00:00:00+00:00,19887136.90782996
2004-08-12 00:00:00+00:00,19781832.88753393
2004-08-13 00:00:00+00:00,19756514.09029523
2004-08-16 00:00:00+00:00,19714614.874595497
2004-08-17 00:00:00+00:00,19790180.384390898
2004-08-18 00:00:00+00:00,19675883.26071623
2004-08-19 00:00:00+00:00,19808755.374010768
2004-08-20 00:00:00+00:00,19786234.29698426
2004-08-23 00:00:00+00:00,19709269.61235494
2004-08-24 00:00:00+00:00,19799807.737279948
2004-08-25 00:00:00+00:00,20123750.285332814
2004-08-26 00:00:00+00:00,20249814.571361616
2004-08-27 00:00:00+00:00,20231840.520731047
2004-08-30 00:00:00+00:00,20294939.13946791
2004-08-31 00:00:00+00:00,20279927.497542933
2004-09-01 00:00:00+00:00,20290064.035253953
2004-09-02 00:00:00+00:00,20135844.01542392
2004-09-03 00:00:00+00:00,20089348.303374544
2004-09-06 00:00:00+00:00,20231966.659969416
2004-09-07 00:00:00+00:00,20289545.17941344
2004-09-08 00:00:00+00:00,20365509.057412133
2004-09-09 00:00:00+00:00,20307724.89922494
2004-09-10 00:00:00+00:00,20442327.672638472
2004-09-13 00:00:00+00:00,20419585.491704673
2004-09-14 00:00:00+00:00,20461346.1546306
2004-09-15 00:00:00+00:00,20428093.824458096
2004-09-16 00:00:00+00:00,20480795.19578228
2004-09-17 00:00:00+00:00,20536337.427451026
2004-09-20 00:00:00+00:00,20500894.595870137
2004-09-21 00:00:00+00:00,20586211.96902505
2004-09-22 00:00:00+00:00,20588922.88032231
2004-09-23 00:00:00+00:00,20495020.580783285
2004-09-24 00:00:00+00:00,20511196.609676436
2004-09-27 00:00:00+00:00,20496995.97260327
2004-09-28 00:00:00+00:00,20411110.97518653
2004-09-29 00:00:00+00:00,20462171.92436501
2004-09-30 00:00:00+00:00,20588330.12140351
2004-10-01 00:00:00+00:00,20747597.338923253
2004-10-04 00:00:00+00:00,20795467.705551114
2004-10-05 00:00:00+00:00,20858726.743075494
2004-10-06 00:00:00+00:00,20864437.726266857
2004-10-07 00:00:00+00:00,20907884.26334681
2004-10-08 00:00:00+00:00,20915209.90001579
2004-10-11 00:00:00+00:00,20905365.899233278
2004-10-12 00:00:00+00:00,20824660.04443209
2004-10-13 00:00:00+00:00,18197004.8936656
2004-10-14 00:00:00+00:00,20826035.394292433
2004-10-15 00:00:00+00:00,20825114.889070995
2004-10-18 00:00:00+00:00,20807445.74085022
2004-10-19 00:00:00+00:00,20852481.377189163
2004-10-20 00:00:00+00:00,20816116.520276938
2004-10-21 00:00:00+00:00,20808422.96113905
2004-10-22 00:00:00+00:00,20818320.09761003
2004-10-25 00:00:00+00:00,20768525.393061332
2004-10-26 00:00:00+00:00,20811624.23403496
2004-10-27 00:00:00+00:00,20838719.044261824
2004-10-28 00:00:00+00:00,20885690.918552835
2004-10-29 00:00:00+00:00,20886882.050897367
2004-11-01 00:00:00+00:00,24090295.2726076
2004-11-02 00:00:00+00:00,24175550.57009457
2004-11-03 00:00:00+00:00,24310241.69587973
2004-11-04 00:00:00+00:00,24365409.41645912
2004-11-05 00:00:00+00:00,24363720.696285084
2004-11-08 00:00:00+00:00,24305675.663797908
2004-11-09 00:00:00+00:00,24268917.38121259
2004-11-10 00:00:00+00:00,24290084.5107305
2004-11-11 00:00:00+00:00,24460137.685676716
2004-11-12 00:00:00+00:00,24548759.15959064
2004-11-15 00:00:00+00:00,24556111.343688738
2004-11-16 00:00:00+00:00,24534269.767603952
2004-11-17 00:00:00+00:00,24707112.998790674
2004-11-18 00:00:00+00:00,24785488.30195065
2004-11-19 00:00:00+00:00,24729850.656114165
2004-11-22 00:00:00+00:00,24728570.349999852
2004-11-23 00:00:00+00:00,24940272.997491032
2004-11-24 00:00:00+00:00,25025553.080072425
2004-11-25 00:00:00+00:00,23916128.80544245
2004-11-26 00:00:00+00:00,23916128.80544245
2004-11-29 00:00:00+00:00,25025966.91464367
2004-11-30 00:00:00+00:00,25042997.57894436
2004-12-01 00:00:00+00:00,25058174.8491383
2004-12-02 00:00:00+00:00,25086566.20866902
2004-12-03 00:00:00+00:00,25075849.62038745
2004-12-06 00:00:00+00:00,25059193.839073937
2004-12-07 00:00:00+00:00,25142802.506970994
2004-12-08 00:00:00+00:00,25071946.97783517
2004-12-09 00:00:00+00:00,25052597.5497476
2004-12-10 00:00:00+00:00,25087772.308375545
2004-12-13 00:00:00+00:00,25189591.95042896
2004-12-14 00:00:00+00:00,25231560.202709198
2004-12-15 00:00:00+00:00,25190908.230434082
2004-12-16 00:00:00+00:00,25218845.743817054
2004-12-17 00:00:00+00:00,25231450.813242998
2004-12-20 00:00:00+00:00,25316811.703792788
2004-12-21 00:00:00+00:00,25363517.916857593
2004-12-22 00:00:00+00:00,25286549.765995808
2004-12-23 00:00:00+00:00,25310705.056890175
2004-12-24 00:00:00+00:00,25352539.816796463
2004-12-27 00:00:00+00:00,25337943.929669045
2004-12-28 00:00:00+00:00,25387426.660420798
2004-12-29 00:00:00+00:00,25209030.77280459
2004-12-30 00:00:00+00:00,25223352.39518152
2004-12-31 00:00:00+00:00,23249993.0150112
2005-01-03 00:00:00+00:00,25316078.30937617
2005-01-04 00:00:00+00:00,25305692.624893133
2005-01-05 00:00:00+00:00,25038194.05191081
2005-01-06 00:00:00+00:00,25013314.30022073
2005-01-07 00:00:00+00:00,25009867.229309294
2005-01-10 00:00:00+00:00,24991222.757117987
2005-01-11 00:00:00+00:00,24880450.2799587
2005-01-12 00:00:00+00:00,24690228.095119603
2005-01-13 00:00:00+00:00,24823558.22145808
2005-01-14 00:00:00+00:00,24949241.471731246
2005-01-17 00:00:00+00:00,24061016.21877244
2005-01-18 00:00:00+00:00,25081333.87262267
2005-01-19 00:00:00+00:00,25142982.072928194
2005-01-20 00:00:00+00:00,25026611.554150455
2005-01-21 00:00:00+00:00,21681137.672920648
2005-01-24 00:00:00+00:00,25247437.366940103
2005-01-25 00:00:00+00:00,25224824.589980498
2005-01-26 00:00:00+00:00,21705327.855305538
2005-01-27 00:00:00+00:00,27949902.526463993
2005-01-28 00:00:00+00:00,28238009.208410647
2005-01-31 00:00:00+00:00,28590252.965364125
2005-02-01 00:00:00+00:00,28739885.83824042
2005-02-02 00:00:00+00:00,28777819.396505214
2005-02-03 00:00:00+00:00,28809559.958788235
2005-02-04 00:00:00+00:00,28872216.39169006
2005-02-07 00:00:00+00:00,28811191.21525259
2005-02-08 00:00:00+00:00,28829164.519229818
2005-02-09 00:00:00+00:00,28936870.333862636
2005-02-10 00:00:00+00:00,28984933.464010548
2005-02-11 00:00:00+00:00,29130084.903496772
2005-02-14 00:00:00+00:00,29217548.58996409
2005-02-15 00:00:00+00:00,29168715.038467806
2005-02-16 00:00:00+00:00,29133770.75194646
2005-02-17 00:00:00+00:00,29032103.844899997
2005-02-18 00:00:00+00:00,28978665.186518222
2005-02-21 00:00:00+00:00,28912151.677033942
2005-02-22 00:00:00+00:00,29070766.018063914
2005-02-23 00:00:00+00:00,29158629.4147084
2005-02-24 00:00:00+00:00,29113725.52226349
2005-02-25 00:00:00+00:00,29183192.027649876
2005-02-28 00:00:00+00:00,29267287.523404803
2005-03-01 00:00:00+00:00,29270727.088996954
2005-03-02 00:00:00+00:00,29336243.951082505
2005-03-03 00:00:00+00:00,29362248.100781605
2005-03-04 00:00:00+00:00,29367443.903290898
2005-03-07 00:00:00+00:00,29393769.664758023
2005-03-08 00:00:00+00:00,29541515.977415558
2005-03-09 00:00:00+00:00,29434417.157624736
2005-03-10 00:00:00+00:00,29493040.518824123
2005-03-11 00:00:00+00:00,29578832.96122356
2005-03-14 00:00:00+00:00,29728737.729691535
2005-03-15 00:00:00+00:00,29660150.279403154
2005-03-16 00:00:00+00:00,29635435.785768453
2005-03-17 00:00:00+00:00,29584553.483016852
2005-03-18 00:00:00+00:00,29612691.139746077
2005-03-21 00:00:00+00:00,29628292.019497365
2005-03-22 00:00:00+00:00,29574949.92320559
2005-03-23 00:00:00+00:00,29574595.275448605
2005-03-24 00:00:00+00:00,29516382.908426143
2005-03-28 00:00:00+00:00,29632453.581070337
2005-03-29 00:00:00+00:00,29343557.526004296
2005-03-30 00:00:00+00:00,29664988.48979807
2005-03-31 00:00:00+00:00,29930613.101418428
2005-04-01 00:00:00+00:00,30108354.352807153
2005-04-04 00:00:00+00:00,30164756.610866737
2005-04-05 00:00:00+00:00,30077700.896137096
2005-04-06 00:00:00+00:00,30247621.71128514
2005-04-07 00:00:00+00:00,30068505.42850713
2005-04-08 00:00:00+00:00,29833653.39164268
2005-04-11 00:00:00+00:00,29686195.270045917
2005-04-12 00:00:00+00:00,29820863.18147335
2005-04-13 00:00:00+00:00,29813994.46641072
2005-04-14 00:00:00+00:00,17607245.414480925
2005-04-15 00:00:00+00:00,29479409.13538761
2005-04-18 00:00:00+00:00,29290308.938929606
2005-04-19 00:00:00+00:00,29324710.35674618
2005-04-20 00:00:00+00:00,29315761.071645625
2005-04-21 00:00:00+00:00,29543589.959980134
2005-04-22 00:00:00+00:00,29839106.078775097
2005-04-25 00:00:00+00:00,29804499.075874284
2005-04-26 00:00:00+00:00,29860796.407712508
2005-04-27 00:00:00+00:00,32699539.99461289
2005-04-28 00:00:00+00:00,32645801.71943971
2005-04-29 00:00:00+00:00,32425160.712208174
2005-05-02 00:00:00+00:00,32425299.12314472
2005-05-03 00:00:00+00:00,32319072.8262749
2005-05-04 00:00:00+00:00,32279490.20994899
2005-05-05 00:00:00+00:00,32390906.935484473
2005-05-06 00:00:00+00:00,32462026.783292
2005-05-09 00:00:00+00:00,32691122.65076639
2005-05-10 00:00:00+00:00,32642537.46879267
2005-05-11 00:00:00+00:00,32617507.79575841
2005-05-12 00:00:00+00:00,32691098.745663106
2005-05-13 00:00:00+00:00,32714553.029801555
2005-05-16 00:00:00+00:00,32936089.535447255
2005-05-17 00:00:00+00:00,32754505.13362214
2005-05-18 00:00:00+00:00,32686531.348496187
2005-05-19 00:00:00+00:00,32745878.279742535
2005-05-20 00:00:00+00:00,32796135.295511752
2005-05-23 00:00:00+00:00,32825636.346252885
2005-05-24 00:00:00+00:00,32879562.253174882
2005-05-25 00:00:00+00:00,32940971.16125565
2005-05-26 00:00:00+00:00,32961525.193395205
2005-05-27 00:00:00+00:00,33018807.388198778
2005-05-30 00:00:00+00:00,33073825.85428364
2005-05-31 00:00:00+00:00,33143205.860475816
2005-06-01 00:00:00+00:00,33207445.06409268
2005-06-02 00:00:00+00:00,33093414.095592543
2005-06-03 00:00:00+00:00,33293916.138558123
2005-06-06 00:00:00+00:00,33364630.148081705
2005-06-07 00:00:00+00:00,33424300.077303614
2005-06-08 00:00:00+00:00,33303966.933475766
2005-06-09 00:00:00+00:00,33284685.23927413
2005-06-10 00:00:00+00:00,33232347.560699027
2005-06-13 00:00:00+00:00,33367158.147694536
2005-06-14 00:00:00+00:00,33550963.588745106
2005-06-15 00:00:00+00:00,33607661.78220106
2005-06-16 00:00:00+00:00,33495413.07886478
2005-06-17 00:00:00+00:00,33440879.242673423
2005-06-20 00:00:00+00:00,33430981.94754559
2005-06-21 00:00:00+00:00,33432370.879873946
2005-06-22 00:00:00+00:00,33416440.052696925
2005-06-23 00:00:00+00:00,33385156.06436553
2005-06-24 00:00:00+00:00,33510915.305581115
2005-06-27 00:00:00+00:00,33630362.37965887
2005-06-28 00:00:00+00:00,33408535.434831828
2005-06-29 00:00:00+00:00,33643258.42634446
2005-06-30 00:00:00+00:00,33787966.011100195
2005-07-01 00:00:00+00:00,33884078.01845616
2005-07-04 00:00:00+00:00,34130089.539136864
2005-07-05 00:00:00+00:00,34237882.002372704
2005-07-06 00:00:00+00:00,34541589.09282404
2005-07-07 00:00:00+00:00,34505137.37115055
2005-07-08 00:00:00+00:00,34846962.24088836
2005-07-11 00:00:00+00:00,35190892.951616734
2005-07-12 00:00:00+00:00,35174979.4199501
2005-07-13 00:00:00+00:00,35098296.86827176
2005-07-14 00:00:00+00:00,34880954.66376928
2005-07-15 00:00:00+00:00,34956146.880379856
2005-07-18 00:00:00+00:00,35121024.94029959
2005-07-19 00:00:00+00:00,35173597.49812641
2005-07-20 00:00:00+00:00,35213249.97386038
2005-07-21 00:00:00+00:00,35266667.005566984
2005-07-22 00:00:00+00:00,35344683.645206444
2005-07-25 00:00:00+00:00,35667071.32966804
2005-07-26 00:00:00+00:00,35807712.918866836
2005-07-27 00:00:00+00:00,35683255.27954046
2005-07-28 00:00:00+00:00,198780127.239528
2005-07-29 00:00:00+00:00,35342456.65062695
2005-08-01 00:00:00+00:00,35449431.17520266
2005-08-02 00:00:00+00:00,35698281.97848267
2005-08-03 00:00:00+00:00,35692897.228344135
2005-08-04 00:00:00+00:00,35739077.29723686
2005-08-05 00:00:00+00:00,35650118.72027467
2005-08-08 00:00:00+00:00,35448171.86602053
2005-08-09 00:00:00+00:00,35385282.47523383
2005-08-10 00:00:00+00:00,35530556.69178518
2005-08-11 00:00:00+00:00,35598103.37279221
2005-08-12 00:00:00+00:00,35620299.170442924
2005-08-15 00:00:00+00:00,28240184.775236648
2005-08-16 00:00:00+00:00,35644771.06457758
2005-08-17 00:00:00+00:00,35689756.6604636
2005-08-18 00:00:00+00:00,35630353.081061274
2005-08-19 00:00:00+00:00,35548045.34148332
2005-08-22 00:00:00+00:00,35448148.11908475
2005-08-23 00:00:00+00:00,35304898.11212469
2005-08-24 00:00:00+00:00,35349171.342961974
2005-08-25 00:00:00+00:00,35381080.771824084
2005-08-26 00:00:00+00:00,35441934.76252351
2005-08-29 00:00:00+00:00,35405936.89675013
2005-08-30 00:00:00+00:00,35454654.627794825
2005-08-31 00:00:00+00:00,35502495.28363138
2005-09-01 00:00:00+00:00,35489786.197580665
2005-09-02 00:00:00+00:00,35437503.83726304
2005-09-05 00:00:00+00:00,35485165.24751889
2005-09-06 00:00:00+00:00,35485564.77420638
2005-09-07 00:00:00+00:00,31035964.51485799
2005-09-08 00:00:00+00:00,35515043.46543104
2005-09-09 00:00:00+00:00,35535131.206642844
2005-09-12 00:00:00+00:00,35567725.96254373
2005-09-13 00:00:00+00:00,35620543.49293903
2005-09-14 00:00:00+00:00,35605272.52406029
2005-09-15 00:00:00+00:00,35675655.67544126
2005-09-16 00:00:00+00:00,35626657.87735013
2005-09-19 00:00:00+00:00,35629529.65752201
2005-09-20 00:00:00+00:00,35680235.04235633
2005-09-21 00:00:00+00:00,35702946.986834444
2005-09-22 00:00:00+00:00,35555334.86439794
2005-09-23 00:00:00+00:00,35437353.362066425
2005-09-26 00:00:00+00:00,35645506.61576551
2005-09-27 00:00:00+00:00,35629281.67126622
2005-09-28 00:00:00+00:00,35652863.68152699
2005-09-29 00:00:00+00:00,35554355.09971974
2005-09-30 00:00:00+00:00,35586516.29600294
2005-10-03 00:00:00+00:00,35623682.543588415
2005-10-04 00:00:00+00:00,35675433.76991391
2005-10-05 00:00:00+00:00,35560807.09482468
2005-10-06 00:00:00+00:00,35509462.0635478
2005-10-07 00:00:00+00:00,35563854.71301421
2005-10-10 00:00:00+00:00,35603939.597234376
2005-10-11 00:00:00+00:00,35602297.12529105
2005-10-12 00:00:00+00:00,31035964.51485799
2005-10-13 00:00:00+00:00,35581143.031704105
2005-10-14 00:00:00+00:00,35574318.2809937
2005-10-17 00:00:00+00:00,35676137.86857832
2005-10-18 00:00:00+00:00,35616894.81190718
2005-10-19 00:00:00+00:00,35580343.73926545
2005-10-20 00:00:00+00:00,35716878.07934967
2005-10-21 00:00:00+00:00,36070288.002369374
2005-10-24 00:00:00+00:00,35886973.672648825
2005-10-25 00:00:00+00:00,36160003.859211
2005-10-26 00:00:00+00:00,36158266.28859993
2005-10-27 00:00:00+00:00,35874722.913964726
2005-10-28 00:00:00+00:00,35567761.963776976
2005-10-31 00:00:00+00:00,36008610.82495292
2005-11-01 00:00:00+00:00,24009072.001179684
2005-11-02 00:00:00+00:00,36313540.4082872
2005-11-03 00:00:00+00:00,25449506.427272316
2005-11-04 00:00:00+00:00,36313540.4082872
2005-11-07 00:00:00+00:00,36656143.13204931
2005-11-08 00:00:00+00:00,37008193.07027828
2005-11-09 00:00:00+00:00,36961653.23620526
2005-11-10 00:00:00+00:00,37028777.76760347
2005-11-11 00:00:00+00:00,37143417.911282875
2005-11-14 00:00:00+00:00,37194107.94764784
2005-11-15 00:00:00+00:00,27418117.246966936
2005-11-16 00:00:00+00:00,37203228.64689704
2005-11-17 00:00:00+00:00,37152042.56021055
2005-11-18 00:00:00+00:00,37181914.516222805
2005-11-21 00:00:00+00:00,37062000.9321201
2005-11-22 00:00:00+00:00,37118491.00247603
2005-11-23 00:00:00+00:00,37216127.7088188
2005-11-24 00:00:00+00:00,37324166.38828376
2005-11-25 00:00:00+00:00,37371498.06685676
2005-11-28 00:00:00+00:00,37468881.90454279
2005-11-29 00:00:00+00:00,37480975.67869533
2005-11-30 00:00:00+00:00,37383704.95593401
2005-12-01 00:00:00+00:00,37527480.78688174
2005-12-02 00:00:00+00:00,37782653.60681579
2005-12-05 00:00:00+00:00,37854179.15417966
2005-12-06 00:00:00+00:00,37846419.61469956
2005-12-07 00:00:00+00:00,37945535.4330649
2005-12-08 00:00:00+00:00,38022697.45078598
2005-12-09 00:00:00+00:00,38065879.352662995
2005-12-12 00:00:00+00:00,38161674.329230405
2005-12-13 00:00:00+00:00,38286360.70788176
2005-12-14 00:00:00+00:00,38236060.554922536
2005-12-15 00:00:00+00:00,38241183.08661284
2005-12-16 00:00:00+00:00,38205492.49977926
2005-12-19 00:00:00+00:00,38180423.94155843
2005-12-20 00:00:00+00:00,38011745.45128636
2005-12-21 00:00:00+00:00,38016887.78100599
2005-12-22 00:00:00+00:00,37968549.92164937
2005-12-23 00:00:00+00:00,37846189.221320815
2005-12-26 00:00:00+00:00,37237300.92268671
2005-12-27 00:00:00+00:00,37610240.491422765
2005-12-28 00:00:00+00:00,37521269.64718654
2005-12-29 00:00:00+00:00,37674073.95549645
2005-12-30 00:00:00+00:00,37797036.57719835
2006-01-02 00:00:00+00:00,37813669.23160089
2006-01-03 00:00:00+00:00,37914813.30556988
2006-01-04 00:00:00+00:00,38022021.1330752
2006-01-05 00:00:00+00:00,37899917.00720989
2006-01-06 00:00:00+00:00,37856469.99580931
2006-01-09 00:00:00+00:00,37985117.09361887
2006-01-10 00:00:00+00:00,37789343.765778005
2006-01-11 00:00:00+00:00,24700628.73503083
2006-01-12 00:00:00+00:00,37677114.32376828
2006-01-13 00:00:00+00:00,37745333.98114536
2006-01-16 00:00:00+00:00,37732303.927768625
2006-01-17 00:00:00+00:00,42738222.8079024
2006-01-18 00:00:00+00:00,42646187.59154004
2006-01-19 00:00:00+00:00,42687156.7572459
2006-01-20 00:00:00+00:00,42759969.43193459
2006-01-23 00:00:00+00:00,42622887.55786032
2006-01-24 00:00:00+00:00,42643857.569654845
2006-01-25 00:00:00+00:00,42600752.44253711
2006-01-26 00:00:00+00:00,42555899.84529852
2006-01-27 00:00:00+00:00,42589102.333111145
2006-01-30 00:00:00+00:00,42781133.689374626
2006-01-31 00:00:00+00:00,42766959.49759016
2006-02-01 00:00:00+00:00,42651818.3080214
2006-02-02 00:00:00+00:00,42578811.5728594
2006-02-03 00:00:00+00:00,42630459.99010804
2006-02-06 00:00:00+00:00,42510464.69629558
2006-02-07 00:00:00+00:00,42483863.782847494
2006-02-08 00:00:00+00:00,42459981.28998954
2006-02-09 00:00:00+00:00,42410274.49592115
2006-02-10 00:00:00+00:00,42403287.61095469
2006-02-13 00:00:00+00:00,42403287.61095469
2006-02-14 00:00:00+00:00,42229883.934921496
2006-02-15 00:00:00+00:00,42240380.050929405
2006-02-16 00:00:00+00:00,42160536.786519885
2006-02-17 00:00:00+00:00,41923968.128011435
2006-02-20 00:00:00+00:00,41741010.84080485
2006-02-21 00:00:00+00:00,41909887.804369256
2006-02-22 00:00:00+00:00,41949649.20703471
2006-02-23 00:00:00+00:00,41982327.34420172
2006-02-24 00:00:00+00:00,42138470.87031566
2006-02-27 00:00:00+00:00,42122536.10732509
2006-02-28 00:00:00+00:00,42243327.32613118
2006-03-01 00:00:00+00:00,42350034.201922
2006-03-02 00:00:00+00:00,42628468.087828666
2006-03-03 00:00:00+00:00,42702132.68176165
2006-03-06 00:00:00+00:00,42900337.3376225
2006-03-07 00:00:00+00:00,42943400.51236123
2006-03-08 00:00:00+00:00,42705799.0270146
2006-03-09 00:00:00+00:00,42963497.16157524
2006-03-10 00:00:00+00:00,43022661.50439964
2006-03-13 00:00:00+00:00,42878531.22246882
2006-03-14 00:00:00+00:00,42919812.75075207
2006-03-15 00:00:00+00:00,28965318.433750205
2006-03-16 00:00:00+00:00,42964338.423039235
2006-03-17 00:00:00+00:00,42896884.59966778
2006-03-20 00:00:00+00:00,42873875.71451526
2006-03-21 00:00:00+00:00,42797342.65294334
2006-03-22 00:00:00+00:00,42817814.454803646
2006-03-23 00:00:00+00:00,42845815.17975696
2006-03-24 00:00:00+00:00,42976637.04821764
2006-03-27 00:00:00+00:00,42908183.46950948
2006-03-28 00:00:00+00:00,42866528.363802284
2006-03-29 00:00:00+00:00,42869129.06530549
2006-03-30 00:00:00+00:00,42779031.970427044
2006-03-31 00:00:00+00:00,42899866.22862033
2006-04-03 00:00:00+00:00,42897074.95211861
2006-04-04 00:00:00+00:00,42982975.13479087
2006-04-05 00:00:00+00:00,42946497.8825223
2006-04-06 00:00:00+00:00,39301017.02676892
2006-04-07 00:00:00+00:00,42805328.06193441
2006-04-10 00:00:00+00:00,42803686.21970394
2006-04-11 00:00:00+00:00,39301017.02676892
2006-04-12 00:00:00+00:00,42743628.513913095
2006-04-13 00:00:00+00:00,42142997.97797727
2006-04-17 00:00:00+00:00,44679626.585991934
2006-04-18 00:00:00+00:00,45391179.302518904
2006-04-19 00:00:00+00:00,45382941.91892728
2006-04-20 00:00:00+00:00,45593936.80173608
2006-04-21 00:00:00+00:00,45613928.31758523
2006-04-24 00:00:00+00:00,45522353.409132235
2006-04-25 00:00:00+00:00,45127913.66138787
2006-04-26 00:00:00+00:00,45306543.70856595
2006-04-27 00:00:00+00:00,45260771.78350554
2006-04-28 00:00:00+00:00,45150945.259716995
2006-05-01 00:00:00+00:00,27040549.6435353
2006-05-02 00:00:00+00:00,45794152.34906019
2006-05-03 00:00:00+00:00,45924801.79227528
2006-05-04 00:00:00+00:00,45916906.422329925
2006-05-05 00:00:00+00:00,46025866.31569684
2006-05-08 00:00:00+00:00,45915734.70617136
2006-05-09 00:00:00+00:00,45959721.42920382
2006-05-10 00:00:00+00:00,45946880.77266918
2006-05-11 00:00:00+00:00,45861855.62009111
2006-05-12 00:00:00+00:00,45820697.44648475
2006-05-15 00:00:00+00:00,45468737.40462077
2006-05-16 00:00:00+00:00,45446234.769179076
2006-05-17 00:00:00+00:00,45562591.24203832
2006-05-18 00:00:00+00:00,45400868.482913725
2006-05-19 00:00:00+00:00,45299707.7497424
2006-05-22 00:00:00+00:00,45337051.23233178
2006-05-23 00:00:00+00:00,45260596.17076956
2006-05-24 00:00:00+00:00,45260596.17076956
2006-05-25 00:00:00+00:00,45260596.17076956
2006-05-26 00:00:00+00:00,45260596.17076956
2006-05-29 00:00:00+00:00,45260596.17076956
2006-05-30 00:00:00+00:00,45260596.17076956
2006-05-31 00:00:00+00:00,45260596.17076956
2006-06-01 00:00:00+00:00,45260596.17076956
2006-06-02 00:00:00+00:00,45260596.17076956
2006-06-05 00:00:00+00:00,45260596.17076956
2006-06-06 00:00:00+00:00,45260596.17076956
2006-06-07 00:00:00+00:00,45260596.17076956
2006-06-08 00:00:00+00:00,45260596.17076956
2006-06-09 00:00:00+00:00,45260596.17076956
2006-06-12 00:00:00+00:00,45260596.17076956
2006-06-13 00:00:00+00:00,45260596.17076956
2006-06-14 00:00:00+00:00,44307035.01796219
2006-06-15 00:00:00+00:00,45675487.39986056
2006-06-16 00:00:00+00:00,46094537.11718712
2006-06-19 00:00:00+00:00,46803741.99875217
2006-06-20 00:00:00+00:00,46367980.08934746
2006-06-21 00:00:00+00:00,46617011.95781318
2006-06-22 00:00:00+00:00,47043087.96481882
2006-06-23 00:00:00+00:00,47271060.70502382
2006-06-26 00:00:00+00:00,46718130.41186545
2006-06-27 00:00:00+00:00,46470194.078723684
2006-06-28 00:00:00+00:00,46792628.57664296
2006-06-29 00:00:00+00:00,47178373.805076614
2006-06-30 00:00:00+00:00,47956588.80545155
2006-07-03 00:00:00+00:00,45971685.526527114
2006-07-04 00:00:00+00:00,45898255.41638362
2006-07-05 00:00:00+00:00,48348724.07914554
2006-07-06 00:00:00+00:00,48317891.95063282
2006-07-07 00:00:00+00:00,47667161.67021724
2006-07-10 00:00:00+00:00,47928536.256288126
2006-07-11 00:00:00+00:00,47865203.35333885
2006-07-12 00:00:00+00:00,48146152.8068623
2006-07-13 00:00:00+00:00,50981056.74163856
2006-07-14 00:00:00+00:00,50690745.70473094
2006-07-17 00:00:00+00:00,49771037.452858515
2006-07-18 00:00:00+00:00,49707196.6832469
2006-07-19 00:00:00+00:00,49448095.16602722
2006-07-20 00:00:00+00:00,49426396.75486299
2006-07-21 00:00:00+00:00,49373813.36455278
2006-07-24 00:00:00+00:00,49253578.36840499
2006-07-25 00:00:00+00:00,49372107.897295944
2006-07-26 00:00:00+00:00,49426763.61285945
2006-07-27 00:00:00+00:00,49476779.39538366
2006-07-28 00:00:00+00:00,49471251.6957849
2006-07-31 00:00:00+00:00,49459133.68323019
2006-08-01 00:00:00+00:00,49416256.12298025
2006-08-02 00:00:00+00:00,49465670.99981336
2006-08-03 00:00:00+00:00,49459606.86775781
2006-08-04 00:00:00+00:00,49397485.91193696
2006-08-07 00:00:00+00:00,49435061.98874658
2006-08-08 00:00:00+00:00,49452915.33182479
2006-08-09 00:00:00+00:00,49510329.697710715
2006-08-10 00:00:00+00:00,49559339.687419094
2006-08-11 00:00:00+00:00,49528820.87720093
2006-08-14 00:00:00+00:00,49950516.051398754
2006-08-15 00:00:00+00:00,27502258.335936643
2006-08-16 00:00:00+00:00,50168016.756903365
2006-08-17 00:00:00+00:00,50165823.37545109
2006-08-18 00:00:00+00:00,50180249.18129953
2006-08-21 00:00:00+00:00,50383308.71132543
2006-08-22 00:00:00+00:00,50327027.88796492
2006-08-23 00:00:00+00:00,49973309.14168276
2006-08-24 00:00:00+00:00,50045783.51150248
2006-08-25 00:00:00+00:00,50363220.05747533
2006-08-28 00:00:00+00:00,50468222.89668839
2006-08-29 00:00:00+00:00,50459912.98291947
2006-08-30 00:00:00+00:00,50396436.40503867
2006-08-31 00:00:00+00:00,50238765.62306477
2006-09-01 00:00:00+00:00,50516510.88107844
2006-09-04 00:00:00+00:00,50871316.48601656
2006-09-05 00:00:00+00:00,50835381.771645494
2006-09-06 00:00:00+00:00,50870717.89738348
2006-09-07 00:00:00+00:00,50773086.83633888
2006-09-08 00:00:00+00:00,50719977.990703546
2006-09-11 00:00:00+00:00,50130200.98682238
2006-09-12 00:00:00+00:00,50239045.86864399
2006-09-13 00:00:00+00:00,50577493.274244875
2006-09-14 00:00:00+00:00,50838588.28334882
2006-09-15 00:00:00+00:00,51031686.39427276
2006-09-18 00:00:00+00:00,51151051.93230636
2006-09-19 00:00:00+00:00,50850866.88551007
2006-09-20 00:00:00+00:00,50949479.15972435
2006-09-21 00:00:00+00:00,51157455.22241762
2006-09-22 00:00:00+00:00,51242284.67551445
2006-09-25 00:00:00+00:00,51084742.45133084
2006-09-26 00:00:00+00:00,51258153.4922332
2006-09-27 00:00:00+00:00,50184096.98076181
2006-09-28 00:00:00+00:00,51302313.25641765
2006-09-29 00:00:00+00:00,51567091.738414206
2006-10-02 00:00:00+00:00,36446405.81580539
2006-10-03 00:00:00+00:00,51635727.82021765
2006-10-04 00:00:00+00:00,51656271.2977248
2006-10-05 00:00:00+00:00,51765701.37956313
2006-10-06 00:00:00+00:00,51809767.01237535
2006-10-09 00:00:00+00:00,51751632.026120774
2006-10-10 00:00:00+00:00,57870968.29883623
2006-10-11 00:00:00+00:00,57650581.9206463
2006-10-12 00:00:00+00:00,57996021.197602674
2006-10-13 00:00:00+00:00,58094196.955487266
2006-10-16 00:00:00+00:00,58312814.152157
2006-10-17 00:00:00+00:00,58197059.16590874
2006-10-18 00:00:00+00:00,57877589.430963084
2006-10-19 00:00:00+00:00,57765755.4368926
2006-10-20 00:00:00+00:00,57875300.63149911
2006-10-23 00:00:00+00:00,57703207.87958297
2006-10-24 00:00:00+00:00,39064119.01276302
2006-10-25 00:00:00+00:00,39054932.80462067
2006-10-26 00:00:00+00:00,57758596.916938424
2006-10-27 00:00:00+00:00,58098494.57468257
2006-10-30 00:00:00+00:00,58302722.48258721
2006-10-31 00:00:00+00:00,58346969.353436664
2006-11-01 00:00:00+00:00,58310080.68392713
2006-11-02 00:00:00+00:00,58460738.897304006
2006-11-03 00:00:00+00:00,58544425.98734321
2006-11-06 00:00:00+00:00,58563254.26038029
2006-11-07 00:00:00+00:00,58551757.964734346
2006-11-08 00:00:00+00:00,58518874.82068859
2006-11-09 00:00:00+00:00,58574385.83176241
2006-11-10 00:00:00+00:00,58536338.659922585
2006-11-13 00:00:00+00:00,58575895.08322187
2006-11-14 00:00:00+00:00,58539309.304706775
2006-11-15 00:00:00+00:00,58562178.75461196
2006-11-16 00:00:00+00:00,58522619.63046671
2006-11-17 00:00:00+00:00,58374765.563654415
2006-11-20 00:00:00+00:00,58334520.67973683
2006-11-21 00:00:00+00:00,58387488.80568311
2006-11-22 00:00:00+00:00,58443437.62111302
2006-11-23 00:00:00+00:00,58377405.67340103
2006-11-24 00:00:00+00:00,58455180.82991252
2006-11-27 00:00:00+00:00,58449180.57031152
2006-11-28 00:00:00+00:00,58376458.082952276
2006-11-29 00:00:00+00:00,58415080.286776565
2006-11-30 00:00:00+00:00,58463606.586700015
2006-12-01 00:00:00+00:00,58547004.70929057
2006-12-04 00:00:00+00:00,58661843.059695564
2006-12-05 00:00:00+00:00,58694808.68763032
2006-12-06 00:00:00+00:00,58638678.128185965
2006-12-07 00:00:00+00:00,58837500.32417347
2006-12-08 00:00:00+00:00,58739641.761433996
2006-12-11 00:00:00+00:00,58098592.02925792
2006-12-12 00:00:00+00:00,57383374.59574788
2006-12-13 00:00:00+00:00,57590613.96431175
2006-12-14 00:00:00+00:00,57991677.663257666
2006-12-15 00:00:00+00:00,58303220.144088656
2006-12-18 00:00:00+00:00,58310144.76663312
2006-12-19 00:00:00+00:00,58201409.697419666
2006-12-20 00:00:00+00:00,58109964.095731184
2006-12-21 00:00:00+00:00,58069347.787750594
2006-12-22 00:00:00+00:00,58253811.18589798
2006-12-25 00:00:00+00:00,48463753.760802165
2006-12-26 00:00:00+00:00,58246273.40972923
2006-12-27 00:00:00+00:00,58307037.960865065
2006-12-28 00:00:00+00:00,58239252.314529866
2006-12-29 00:00:00+00:00,58421271.05822155
2007-01-01 00:00:00+00:00,48463753.760802165
2007-01-02 00:00:00+00:00,58490909.3080464
2007-01-03 00:00:00+00:00,58619098.61381644
2007-01-04 00:00:00+00:00,58676440.99887636
2007-01-05 00:00:00+00:00,68807204.0511711
2007-01-08 00:00:00+00:00,68425839.5834364
2007-01-09 00:00:00+00:00,68160826.61371624
2007-01-10 00:00:00+00:00,67756688.11161081
2007-01-11 00:00:00+00:00,68603663.94072571
2007-01-12 00:00:00+00:00,69445826.0556379
2007-01-15 00:00:00+00:00,66878123.48926898
2007-01-16 00:00:00+00:00,70272172.04312699
2007-01-17 00:00:00+00:00,70406217.99902694
2007-01-18 00:00:00+00:00,70330134.12052125
2007-01-19 00:00:00+00:00,70319409.52632011
2007-01-22 00:00:00+00:00,70517537.20518455
2007-01-23 00:00:00+00:00,69819159.42429547
2007-01-24 00:00:00+00:00,69756678.53093204
2007-01-25 00:00:00+00:00,70145843.10209794
2007-01-26 00:00:00+00:00,41537559.493184716
2007-01-29 00:00:00+00:00,70035372.73127274
2007-01-30 00:00:00+00:00,41537559.493184716
2007-01-31 00:00:00+00:00,70057349.0022426
2007-02-01 00:00:00+00:00,70410855.657678
2007-02-02 00:00:00+00:00,71180666.15782976
2007-02-05 00:00:00+00:00,71556035.11080481
2007-02-06 00:00:00+00:00,71705195.24326059
2007-02-07 00:00:00+00:00,71750153.14605539
2007-02-08 00:00:00+00:00,71645746.36445759
2007-02-09 00:00:00+00:00,71372689.38634756
2007-02-12 00:00:00+00:00,70857053.00562012
2007-02-13 00:00:00+00:00,70788000.59743053
2007-02-14 00:00:00+00:00,70759705.62933435
2007-02-15 00:00:00+00:00,70927484.83278641
2007-02-16 00:00:00+00:00,64823923.91863735
2007-02-19 00:00:00+00:00,70947918.8022081
2007-02-20 00:00:00+00:00,70892851.18183693
2007-02-21 00:00:00+00:00,70818614.42946194
2007-02-22 00:00:00+00:00,70740539.01672204
2007-02-23 00:00:00+00:00,70740244.0750047
2007-02-26 00:00:00+00:00,70700862.89943254
2007-02-27 00:00:00+00:00,70624196.51844385
2007-02-28 00:00:00+00:00,70327956.51309872
2007-03-01 00:00:00+00:00,70437269.32973771
2007-03-02 00:00:00+00:00,70231042.99267955
2007-03-05 00:00:00+00:00,70019093.51833838
2007-03-06 00:00:00+00:00,70180358.44423294
2007-03-07 00:00:00+00:00,69650554.00896098
2007-03-08 00:00:00+00:00,71105427.01249492
2007-03-09 00:00:00+00:00,70478130.35427307
2007-03-12 00:00:00+00:00,70374005.35498726
2007-03-13 00:00:00+00:00,70874849.27215564
2007-03-14 00:00:00+00:00,70089187.22471423
2007-03-15 00:00:00+00:00,70311652.03037682
2007-03-16 00:00:00+00:00,70230783.2727682
2007-03-19 00:00:00+00:00,70761966.4854472
2007-03-20 00:00:00+00:00,71008614.35582069
2007-03-21 00:00:00+00:00,71285696.96077795
2007-03-22 00:00:00+00:00,71835212.30640072
2007-03-23 00:00:00+00:00,72159876.13079192
2007-03-26 00:00:00+00:00,71878312.91733342
2007-03-27 00:00:00+00:00,38491818.57093297
2007-03-28 00:00:00+00:00,71568958.29639015
2007-03-29 00:00:00+00:00,71671644.93932903
2007-03-30 00:00:00+00:00,72235395.60603794
2007-04-02 00:00:00+00:00,70825703.19904503
2007-04-03 00:00:00+00:00,71199878.60311742
2007-04-04 00:00:00+00:00,85405838.28565663
2007-04-05 00:00:00+00:00,85808176.50733845
2007-04-09 00:00:00+00:00,86959757.35221083
2007-04-10 00:00:00+00:00,87101581.97946627
2007-04-11 00:00:00+00:00,87088941.95679432
2007-04-12 00:00:00+00:00,86833652.09185317
2007-04-13 00:00:00+00:00,87881496.50359586
2007-04-16 00:00:00+00:00,88595947.06106788
2007-04-17 00:00:00+00:00,88329989.79468681
2007-04-18 00:00:00+00:00,88787278.32933706
2007-04-19 00:00:00+00:00,88949056.70731862
2007-04-20 00:00:00+00:00,89823569.92507082
2007-04-23 00:00:00+00:00,89426157.6483681
2007-04-24 00:00:00+00:00,89841859.20037001
2007-04-25 00:00:00+00:00,90429315.98552953
2007-04-26 00:00:00+00:00,90346135.66592719
2007-04-27 00:00:00+00:00,90225301.21677901
2007-04-30 00:00:00+00:00,90561425.8958671
2007-05-01 00:00:00+00:00,59920874.861855984
2007-05-02 00:00:00+00:00,59965248.59061269
2007-05-03 00:00:00+00:00,91401400.65230942
2007-05-04 00:00:00+00:00,91215454.09839347
2007-05-07 00:00:00+00:00,91031737.9997944
2007-05-08 00:00:00+00:00,90547582.33372277
2007-05-09 00:00:00+00:00,90567731.38416778
2007-05-10 00:00:00+00:00,90303965.77587222
2007-05-11 00:00:00+00:00,90583777.65969636
2007-05-14 00:00:00+00:00,90763905.7398212
2007-05-15 00:00:00+00:00,90895394.15714599
2007-05-16 00:00:00+00:00,91046725.55265994
2007-05-17 00:00:00+00:00,91269855.65889439
2007-05-18 00:00:00+00:00,91149565.0942595
2007-05-21 00:00:00+00:00,91365430.8969836
2007-05-22 00:00:00+00:00,91572739.45230038
2007-05-23 00:00:00+00:00,91436992.70674068
2007-05-24 00:00:00+00:00,91385592.44116272
2007-05-25 00:00:00+00:00,91504632.92020674
2007-05-28 00:00:00+00:00,87759119.55038601
2007-05-29 00:00:00+00:00,91358104.83452271
2007-05-30 00:00:00+00:00,91382694.39028549
2007-05-31 00:00:00+00:00,91573884.1866295
2007-06-01 00:00:00+00:00,91587010.91369344
2007-06-04 00:00:00+00:00,90851376.09711434
2007-06-05 00:00:00+00:00,91085836.38092616
2007-06-06 00:00:00+00:00,90264707.29952253
2007-06-07 00:00:00+00:00,90529240.29451028
2007-06-08 00:00:00+00:00,90204746.97774765
2007-06-11 00:00:00+00:00,90601526.2502776
2007-06-12 00:00:00+00:00,90834482.10241812
2007-06-13 00:00:00+00:00,91032048.30860542
2007-06-14 00:00:00+00:00,91400231.61952077
2007-06-15 00:00:00+00:00,91645798.41434468
2007-06-18 00:00:00+00:00,91806351.37057047
2007-06-19 00:00:00+00:00,92225943.40597028
2007-06-20 00:00:00+00:00,92859325.19448262
2007-06-21 00:00:00+00:00,92942124.22027671
2007-06-22 00:00:00+00:00,92814181.14207983
2007-06-25 00:00:00+00:00,92833275.42664964
2007-06-26 00:00:00+00:00,92788945.11321163
2007-06-27 00:00:00+00:00,92889847.88363408
2007-06-28 00:00:00+00:00,92971855.68095195
2007-06-29 00:00:00+00:00,93398690.41286694
2007-07-02 00:00:00+00:00,93364188.40930212
2007-07-03 00:00:00+00:00,93075289.58547735
2007-07-04 00:00:00+00:00,93036203.05818532
2007-07-05 00:00:00+00:00,92987707.9882845
2007-07-06 00:00:00+00:00,92807681.9833578
2007-07-09 00:00:00+00:00,93432547.91089521
2007-07-10 00:00:00+00:00,93402097.59108162
2007-07-11 00:00:00+00:00,93553708.25921816
2007-07-12 00:00:00+00:00,94257133.72323668
2007-07-13 00:00:00+00:00,94933845.27158763
2007-07-16 00:00:00+00:00,95113577.30293906
2007-07-17 00:00:00+00:00,95146114.89781147
2007-07-18 00:00:00+00:00,95384722.82135607
2007-07-19 00:00:00+00:00,95655694.37937462
2007-07-20 00:00:00+00:00,95862164.00734474
2007-07-23 00:00:00+00:00,96001065.65482248
2007-07-24 00:00:00+00:00,95944069.27769922
2007-07-25 00:00:00+00:00,95854485.59107143
2007-07-26 00:00:00+00:00,95820179.4477706
2007-07-27 00:00:00+00:00,95554317.55681823
2007-07-30 00:00:00+00:00,95696384.02228783
2007-07-31 00:00:00+00:00,95541023.86568758
2007-08-01 00:00:00+00:00,93851459.14513855
2007-08-02 00:00:00+00:00,94615143.00765896
2007-08-03 00:00:00+00:00,95112483.39740837
2007-08-06 00:00:00+00:00,94438510.10983266
2007-08-07 00:00:00+00:00,94574815.35347837
2007-08-08 00:00:00+00:00,95455903.86086835
2007-08-09 00:00:00+00:00,94506616.29591334
2007-08-10 00:00:00+00:00,93915739.21777983
2007-08-13 00:00:00+00:00,94153315.49005911
2007-08-14 00:00:00+00:00,94135429.1614364
2007-08-15 00:00:00+00:00,67672115.78246555
2007-08-16 00:00:00+00:00,92868451.55911931
2007-08-17 00:00:00+00:00,92807214.80900966
2007-08-20 00:00:00+00:00,92943938.51468371
2007-08-21 00:00:00+00:00,92312405.88436493
2007-08-22 00:00:00+00:00,92403464.62594952
2007-08-23 00:00:00+00:00,92082835.65720676
2007-08-24 00:00:00+00:00,92355557.3085281
2007-08-27 00:00:00+00:00,92522444.9740056
2007-08-28 00:00:00+00:00,92590504.85542916
2007-08-29 00:00:00+00:00,92515684.96193297
2007-08-30 00:00:00+00:00,92241080.50422965
2007-08-31 00:00:00+00:00,92879760.86521776
2007-09-03 00:00:00+00:00,93269112.8146651
2007-09-04 00:00:00+00:00,93373775.80324544
2007-09-05 00:00:00+00:00,93577235.65000892
2007-09-06 00:00:00+00:00,93885338.48346336
2007-09-07 00:00:00+00:00,93821080.31173982
2007-09-10 00:00:00+00:00,94171798.42119905
2007-09-11 00:00:00+00:00,94023505.2139116
2007-09-12 00:00:00+00:00,94162119.13744324
2007-09-13 00:00:00+00:00,94473306.77920838
2007-09-14 00:00:00+00:00,94016675.26641135
2007-09-17 00:00:00+00:00,94449870.3011422
2007-09-18 00:00:00+00:00,94864381.43429576
2007-09-19 00:00:00+00:00,96307858.3225415
2007-09-20 00:00:00+00:00,97093197.46398124
2007-09-21 00:00:00+00:00,97342433.11038381
2007-09-24 00:00:00+00:00,97969127.81682833
2007-09-25 00:00:00+00:00,98229546.06327088
2007-09-26 00:00:00+00:00,99042065.95922565
2007-09-27 00:00:00+00:00,99175935.43436582
2007-09-28 00:00:00+00:00,95305112.30746172
2007-10-01 00:00:00+00:00,95668360.10611224
2007-10-02 00:00:00+00:00,52899193.693196155
2007-10-03 00:00:00+00:00,96675542.25487562
2007-10-04 00:00:00+00:00,97529359.15895931
2007-10-05 00:00:00+00:00,97344241.53264359
2007-10-08 00:00:00+00:00,96029004.11724915
2007-10-09 00:00:00+00:00,97683837.93030488
2007-10-10 00:00:00+00:00,98144950.96182813
2007-10-11 00:00:00+00:00,98480925.26569417
2007-10-12 00:00:00+00:00,98274928.46697648
2007-10-15 00:00:00+00:00,99018469.00085454
2007-10-16 00:00:00+00:00,99119123.7151024
2007-10-17 00:00:00+00:00,98730730.97547297
2007-10-18 00:00:00+00:00,98474498.25906046
2007-10-19 00:00:00+00:00,98486246.7769914
2007-10-22 00:00:00+00:00,98669868.90844195
2007-10-23 00:00:00+00:00,98622875.5006638
2007-10-24 00:00:00+00:00,98482330.49369015
2007-10-25 00:00:00+00:00,98474498.25906046
2007-10-26 00:00:00+00:00,98573706.67502747
2007-10-29 00:00:00+00:00,99415292.30805488
2007-10-30 00:00:00+00:00,98632199.11369772
2007-10-31 00:00:00+00:00,98703934.94209984
2007-11-01 00:00:00+00:00,97643486.60296011
2007-11-02 00:00:00+00:00,97707687.76275289
2007-11-05 00:00:00+00:00,97331838.74005157
2007-11-06 00:00:00+00:00,96412443.31744888
2007-11-07 00:00:00+00:00,96226660.89749582
2007-11-08 00:00:00+00:00,95441890.0868715
2007-11-09 00:00:00+00:00,54055169.73392754
2007-11-12 00:00:00+00:00,94489267.80757801
2007-11-13 00:00:00+00:00,95348586.06057367
2007-11-14 00:00:00+00:00,96703411.3880733
2007-11-15 00:00:00+00:00,97010022.43149738
2007-11-16 00:00:00+00:00,96971275.56125599
2007-11-19 00:00:00+00:00,96990286.84299545
2007-11-20 00:00:00+00:00,97170968.83877708
2007-11-21 00:00:00+00:00,95371568.55101909
2007-11-22 00:00:00+00:00,95096079.92435063
2007-11-23 00:00:00+00:00,95769507.88987403
2007-11-26 00:00:00+00:00,96657199.73475257
2007-11-27 00:00:00+00:00,96492979.22794922
2007-11-28 00:00:00+00:00,95791622.617755
2007-11-29 00:00:00+00:00,95710687.32151218
2007-11-30 00:00:00+00:00,96931331.45271318
2007-12-03 00:00:00+00:00,97621995.51740953
2007-12-04 00:00:00+00:00,98195479.2920813
2007-12-05 00:00:00+00:00,99003715.70876303
2007-12-06 00:00:00+00:00,98869639.81892431
2007-12-07 00:00:00+00:00,98882742.54418369
2007-12-10 00:00:00+00:00,98772739.23197317
2007-12-11 00:00:00+00:00,99082414.50599816
2007-12-12 00:00:00+00:00,99488983.20456748
2007-12-13 00:00:00+00:00,100124939.12547877
2007-12-14 00:00:00+00:00,100117349.7147008
2007-12-17 00:00:00+00:00,97874288.95940055
2007-12-18 00:00:00+00:00,97317653.32638487
2007-12-19 00:00:00+00:00,97454296.66983704
2007-12-20 00:00:00+00:00,97795326.94639692
2007-12-21 00:00:00+00:00,63964891.81306055
2007-12-24 00:00:00+00:00,98596496.78871597
2007-12-26 00:00:00+00:00,99264635.00190105
2007-12-27 00:00:00+00:00,83730737.84132153
2007-12-28 00:00:00+00:00,84427974.64649992
2007-12-31 00:00:00+00:00,84769846.9711272
2008-01-01 00:00:00+00:00,84805906.79820266
2008-01-02 00:00:00+00:00,85211482.8342757
2008-01-03 00:00:00+00:00,84901923.21273635
2008-01-04 00:00:00+00:00,85389400.08214729
2008-01-07 00:00:00+00:00,85481022.41947664
2008-01-08 00:00:00+00:00,84690909.45727
2008-01-09 00:00:00+00:00,84398538.62962237
2008-01-10 00:00:00+00:00,82987904.92946231
2008-01-11 00:00:00+00:00,82979721.781963
2008-01-14 00:00:00+00:00,83445031.61373334
2008-01-15 00:00:00+00:00,83279362.92595814
2008-01-16 00:00:00+00:00,82518729.45267724
2008-01-17 00:00:00+00:00,82470445.36579318
2008-01-18 00:00:00+00:00,81133299.392738
2008-01-21 00:00:00+00:00,79922413.37757166
2008-01-22 00:00:00+00:00,78959365.28564891
2008-01-23 00:00:00+00:00,79337536.81547982
2008-01-24 00:00:00+00:00,79337536.81547982
2008-01-25 00:00:00+00:00,81665886.65579936
2008-01-28 00:00:00+00:00,81416787.07822165
2008-01-29 00:00:00+00:00,81517263.74007736
2008-01-30 00:00:00+00:00,80726132.52815688
2008-01-31 00:00:00+00:00,80295369.13115697
2008-02-01 00:00:00+00:00,81220939.81710857
2008-02-04 00:00:00+00:00,82943388.44820617
2008-02-05 00:00:00+00:00,83467905.57751721
2008-02-06 00:00:00+00:00,82571077.00572765
2008-02-07 00:00:00+00:00,81402093.60574533
2008-02-08 00:00:00+00:00,80220764.87822199
2008-02-11 00:00:00+00:00,77985841.41250812
2008-02-12 00:00:00+00:00,78182480.05533381
2008-02-13 00:00:00+00:00,78709560.55262719
2008-02-14 00:00:00+00:00,80576457.90194438
2008-02-15 00:00:00+00:00,81502910.41637823
2008-02-18 00:00:00+00:00,81420786.4580391
2008-02-19 00:00:00+00:00,81408644.21296662
2008-02-20 00:00:00+00:00,80467977.41212542
2008-02-21 00:00:00+00:00,81093744.57185183
2008-02-22 00:00:00+00:00,80769211.6812424
2008-02-25 00:00:00+00:00,80856177.51047266
2008-02-26 00:00:00+00:00,80917265.90470333
2008-02-27 00:00:00+00:00,80823498.72898968
2008-02-28 00:00:00+00:00,81303550.83529323
2008-02-29 00:00:00+00:00,81217747.34559011
2008-03-03 00:00:00+00:00,79983913.11421533
2008-03-04 00:00:00+00:00,79671870.90138769
2008-03-05 00:00:00+00:00,79490126.48980235
2008-03-06 00:00:00+00:00,55915559.96974738
2008-03-07 00:00:00+00:00,78661346.13706955
2008-03-10 00:00:00+00:00,78898037.34027772
2008-03-11 00:00:00+00:00,79217228.89436215
2008-03-12 00:00:00+00:00,78935796.55087444
2008-03-13 00:00:00+00:00,77421305.28323743
2008-03-14 00:00:00+00:00,77850529.88032182
2008-03-17 00:00:00+00:00,76479427.3796071
2008-03-18 00:00:00+00:00,76309842.64625485
2008-03-19 00:00:00+00:00,76727157.34852815
2008-03-20 00:00:00+00:00,58504586.25510354
2008-03-24 00:00:00+00:00,75858843.49549256
2008-03-25 00:00:00+00:00,77029797.0908491
2008-03-26 00:00:00+00:00,72725707.48893647
2008-03-27 00:00:00+00:00,72174459.83413418
2008-03-28 00:00:00+00:00,72852205.18204625
2008-03-31 00:00:00+00:00,71431544.49334379
2008-04-01 00:00:00+00:00,70682831.63769124
2008-04-02 00:00:00+00:00,70585260.72570132
2008-04-03 00:00:00+00:00,70388748.11563645
2008-04-04 00:00:00+00:00,69721684.20821677
2008-04-07 00:00:00+00:00,70461415.93761495
2008-04-08 00:00:00+00:00,70324890.21281342
2008-04-09 00:00:00+00:00,71021246.13081124
2008-04-10 00:00:00+00:00,71083902.16968206
2008-04-11 00:00:00+00:00,71270760.0837728
2008-04-14 00:00:00+00:00,47417921.77566391
2008-04-15 00:00:00+00:00,71646754.50779895
2008-04-16 00:00:00+00:00,71609041.26015107
2008-04-17 00:00:00+00:00,72273611.62668222
2008-04-18 00:00:00+00:00,47417921.77566391
2008-04-21 00:00:00+00:00,73204883.30994834
2008-04-22 00:00:00+00:00,73307655.61106122
2008-04-23 00:00:00+00:00,73382086.31625433
2008-04-24 00:00:00+00:00,73141526.29377536
2008-04-25 00:00:00+00:00,73491871.03798464
2008-04-28 00:00:00+00:00,73282649.03139739
2008-04-29 00:00:00+00:00,73766717.17576604
2008-04-30 00:00:00+00:00,73916016.85798863
2008-05-01 00:00:00+00:00,54277708.91053952
2008-05-02 00:00:00+00:00,74450548.96630321
2008-05-05 00:00:00+00:00,74194566.69373189
2008-05-06 00:00:00+00:00,73901762.70495054
2008-05-07 00:00:00+00:00,73918990.48708342
2008-05-08 00:00:00+00:00,73877011.93980303
2008-05-09 00:00:00+00:00,73389480.26727743
2008-05-12 00:00:00+00:00,73197827.21148035
2008-05-13 00:00:00+00:00,73110904.69093433
2008-05-14 00:00:00+00:00,73404155.25562683
2008-05-15 00:00:00+00:00,73659713.92652209
2008-05-16 00:00:00+00:00,73860763.72638346
2008-05-19 00:00:00+00:00,56751237.10928505
2008-05-20 00:00:00+00:00,73863293.59260736
2008-05-21 00:00:00+00:00,74056276.10404006
2008-05-22 00:00:00+00:00,73814385.74901602
2008-05-23 00:00:00+00:00,73440049.24226597
2008-05-26 00:00:00+00:00,72977900.16126627
2008-05-27 00:00:00+00:00,72765706.14340733
2008-05-28 00:00:00+00:00,73046451.13732427
2008-05-29 00:00:00+00:00,72957210.8298101
2008-05-30 00:00:00+00:00,73097710.61772765
2008-06-02 00:00:00+00:00,72660543.09850594
2008-06-03 00:00:00+00:00,72641348.68530364
2008-06-04 00:00:00+00:00,71865384.35554175
2008-06-05 00:00:00+00:00,72461376.85810453
2008-06-06 00:00:00+00:00,72305456.60557558
2008-06-09 00:00:00+00:00,72107487.73419933
2008-06-10 00:00:00+00:00,72357219.24118796
2008-06-11 00:00:00+00:00,72392518.85795653
2008-06-12 00:00:00+00:00,72642659.8574593
2008-06-13 00:00:00+00:00,72563487.2264812
2008-06-16 00:00:00+00:00,72614751.92222121
2008-06-17 00:00:00+00:00,72903851.00034726
2008-06-18 00:00:00+00:00,72560962.54251242
2008-06-19 00:00:00+00:00,72366056.85693058
2008-06-20 00:00:00+00:00,71876043.7832899
2008-06-23 00:00:00+00:00,64679113.010253616
2008-06-24 00:00:00+00:00,64067124.0849089
2008-06-25 00:00:00+00:00,64286663.612592496
2008-06-26 00:00:00+00:00,64588480.02027083
2008-06-27 00:00:00+00:00,64191538.84684259
2008-06-30 00:00:00+00:00,63620759.51225871
2008-07-01 00:00:00+00:00,63029818.844137564
2008-07-02 00:00:00+00:00,63173016.21365244
2008-07-03 00:00:00+00:00,63220473.18590744
2008-07-04 00:00:00+00:00,52277353.8575553
2008-07-07 00:00:00+00:00,62768461.19049137
2008-07-08 00:00:00+00:00,62535761.37021457
2008-07-09 00:00:00+00:00,62501896.5815612
2008-07-10 00:00:00+00:00,62613333.40505536
2008-07-11 00:00:00+00:00,62770089.15874383
2008-07-14 00:00:00+00:00,62645760.66579261
2008-07-15 00:00:00+00:00,62434031.58962111
2008-07-16 00:00:00+00:00,62475680.57872985
2008-07-17 00:00:00+00:00,62210947.285282716
2008-07-18 00:00:00+00:00,62099793.7897711
2008-07-21 00:00:00+00:00,61999703.166447766
2008-07-22 00:00:00+00:00,62006182.597736746
2008-07-23 00:00:00+00:00,63022520.23469536
2008-07-24 00:00:00+00:00,62633003.37406145
2008-07-25 00:00:00+00:00,62400143.98129059
2008-07-28 00:00:00+00:00,62612991.38803787
2008-07-29 00:00:00+00:00,62335424.6598576
2008-07-30 00:00:00+00:00,63005105.30727199
2008-07-31 00:00:00+00:00,63115319.4351845
2008-08-01 00:00:00+00:00,63490314.134875394
2008-08-04 00:00:00+00:00,63987493.50635476
2008-08-05 00:00:00+00:00,63694388.37808398
2008-08-06 00:00:00+00:00,63338660.364833795
2008-08-07 00:00:00+00:00,63275951.89383681
2008-08-08 00:00:00+00:00,63694903.020601794
2008-08-11 00:00:00+00:00,64094486.22930567
2008-08-12 00:00:00+00:00,63664831.19241389
2008-08-13 00:00:00+00:00,63508906.63598204
2008-08-14 00:00:00+00:00,63461572.771393366
2008-08-15 00:00:00+00:00,46632850.63632595
2008-08-18 00:00:00+00:00,63284938.32513372
2008-08-19 00:00:00+00:00,63097049.67947271
2008-08-20 00:00:00+00:00,63165110.580058895
2008-08-21 00:00:00+00:00,62947051.14967532
2008-08-22 00:00:00+00:00,62965211.661370724
2008-08-25 00:00:00+00:00,62898940.3941625
2008-08-26 00:00:00+00:00,62934017.13585444
2008-08-27 00:00:00+00:00,62895271.49111807
2008-08-28 00:00:00+00:00,62895677.183716476
2008-08-29 00:00:00+00:00,63042874.72747002
2008-09-01 00:00:00+00:00,62968169.96313378
2008-09-02 00:00:00+00:00,62951476.716927715
2008-09-03 00:00:00+00:00,54604819.725640744
2008-09-04 00:00:00+00:00,63013706.21763755
2008-09-05 00:00:00+00:00,62879110.25550855
2008-09-08 00:00:00+00:00,62981226.52483033
2008-09-09 00:00:00+00:00,62922627.373835854
2008-09-10 00:00:00+00:00,62722654.93601299
2008-09-11 00:00:00+00:00,62465177.465866864
2008-09-12 00:00:00+00:00,62412191.13000284
2008-09-15 00:00:00+00:00,62182250.31603801
2008-09-16 00:00:00+00:00,61901347.16569385
2008-09-17 00:00:00+00:00,61711601.88177268
2008-09-18 00:00:00+00:00,54919394.76331305
2008-09-19 00:00:00+00:00,55839197.67439556
2008-09-22 00:00:00+00:00,56798732.45019973
2008-09-23 00:00:00+00:00,56715858.26887931
2008-09-24 00:00:00+00:00,56585319.464109704
2008-09-25 00:00:00+00:00,56316555.35390809
2008-09-26 00:00:00+00:00,55979536.947359614
2008-09-29 00:00:00+00:00,55179412.557890624
2008-09-30 00:00:00+00:00,55262530.420351334
2008-10-01 00:00:00+00:00,55341645.176791124
2008-10-02 00:00:00+00:00,43732696.9189202
2008-10-03 00:00:00+00:00,54753557.15464143
2008-10-06 00:00:00+00:00,53753263.3211616
2008-10-07 00:00:00+00:00,53562339.95903594
2008-10-08 00:00:00+00:00,53219675.714817464
2008-10-09 00:00:00+00:00,46989296.87129985
2008-10-10 00:00:00+00:00,52870704.29595206
2008-10-13 00:00:00+00:00,52872281.81880727
2008-10-14 00:00:00+00:00,52792393.05739997
2008-10-15 00:00:00+00:00,52695827.861603335
2008-10-16 00:00:00+00:00,52598544.15551519
2008-10-17 00:00:00+00:00,51615277.947817855
2008-10-20 00:00:00+00:00,51794231.03416364
2008-10-21 00:00:00+00:00,51999891.66954725
2008-10-22 00:00:00+00:00,51183615.235647134
2008-10-23 00:00:00+00:00,50742164.930857666
2008-10-24 00:00:00+00:00,49573824.9416065
2008-10-27 00:00:00+00:00,49295912.582849495
2008-10-28 00:00:00+00:00,41797292.75775442
2008-10-29 00:00:00+00:00,50012801.312834695
2008-10-30 00:00:00+00:00,46074776.273405105
2008-10-31 00:00:00+00:00,49959648.8315639
2008-11-03 00:00:00+00:00,49921702.91426094
2008-11-04 00:00:00+00:00,50255311.48630619
2008-11-05 00:00:00+00:00,49783259.51420273
2008-11-06 00:00:00+00:00,49468718.54279658
2008-11-07 00:00:00+00:00,49554556.70637239
2008-11-10 00:00:00+00:00,49875892.511812225
2008-11-11 00:00:00+00:00,49428972.23254944
2008-11-12 00:00:00+00:00,49229766.78543727
2008-11-13 00:00:00+00:00,45454321.946547106
2008-11-14 00:00:00+00:00,49204822.64175717
2008-11-17 00:00:00+00:00,49218325.80774054
2008-11-18 00:00:00+00:00,49162810.71013108
2008-11-19 00:00:00+00:00,49134099.38265375
2008-11-20 00:00:00+00:00,49052044.625907265
2008-11-21 00:00:00+00:00,48890295.60761994
2008-11-24 00:00:00+00:00,48977383.24711607
2008-11-25 00:00:00+00:00,49010410.237213284
2008-11-26 00:00:00+00:00,49017957.68762887
2008-11-27 00:00:00+00:00,47081465.428411834
2008-11-28 00:00:00+00:00,49188015.31105557
2008-12-01 00:00:00+00:00,49048703.38534217
2008-12-02 00:00:00+00:00,48946335.12586935
2008-12-03 00:00:00+00:00,48936710.88470305
2008-12-04 00:00:00+00:00,48896463.497473784
2008-12-05 00:00:00+00:00,48885526.78193289
2008-12-08 00:00:00+00:00,48900838.183690146
2008-12-09 00:00:00+00:00,47133896.90587276
2008-12-10 00:00:00+00:00,48872402.72328381
2008-12-11 00:00:00+00:00,48798907.75506507
2008-12-12 00:00:00+00:00,48793658.0288409
2008-12-15 00:00:00+00:00,48876954.24320917
2008-12-16 00:00:00+00:00,48876954.24320917
2008-12-17 00:00:00+00:00,48899917.06493816
2008-12-18 00:00:00+00:00,49374468.13980411
2008-12-19 00:00:00+00:00,49865098.19863564
2008-12-22 00:00:00+00:00,49712550.96866899
2008-12-23 00:00:00+00:00,49644604.066251956
2008-12-24 00:00:00+00:00,49650638.3171295
2008-12-26 00:00:00+00:00,49811684.462905966
2008-12-29 00:00:00+00:00,49764626.92471987
2008-12-30 00:00:00+00:00,50007749.85380716
2008-12-31 00:00:00+00:00,50053514.20086401
2009-01-02 00:00:00+00:00,50229980.100758605
2009-01-05 00:00:00+00:00,50066694.95819834
2009-01-06 00:00:00+00:00,50415970.0240564
2009-01-07 00:00:00+00:00,49764334.60663494
2009-01-08 00:00:00+00:00,27699506.37576356
2009-01-09 00:00:00+00:00,50163829.21923371
2009-01-12 00:00:00+00:00,50001029.521104716
2009-01-13 00:00:00+00:00,49996261.859463625
2009-01-14 00:00:00+00:00,50176821.08370941
2009-01-15 00:00:00+00:00,49986286.43909569
2009-01-16 00:00:00+00:00,50270971.23484656
2009-01-19 00:00:00+00:00,48182454.123433456
2009-01-20 00:00:00+00:00,50104662.99331312
2009-01-21 00:00:00+00:00,50209661.31835192
2009-01-22 00:00:00+00:00,50087167.94600405
2009-01-23 00:00:00+00:00,50042902.185117915
2009-01-26 00:00:00+00:00,31751458.767137878
2009-01-27 00:00:00+00:00,50136185.90950147
2009-01-28 00:00:00+00:00,50219352.29785122
2009-01-29 00:00:00+00:00,50233957.241344735
2009-01-30 00:00:00+00:00,50206990.08420624
2009-02-02 00:00:00+00:00,49997674.21369656
2009-02-03 00:00:00+00:00,50029270.39476503
2009-02-04 00:00:00+00:00,50083198.88066346
2009-02-05 00:00:00+00:00,50115192.57272321
2009-02-06 00:00:00+00:00,50144764.85338377
2009-02-09 00:00:00+00:00,50262849.180710256
2009-02-10 00:00:00+00:00,50315953.78444503
2009-02-11 00:00:00+00:00,50255726.64099638
2009-02-12 00:00:00+00:00,50277535.59810399
2009-02-13 00:00:00+00:00,50196976.09568703
2009-02-16 00:00:00+00:00,48260788.45469824
2009-02-17 00:00:00+00:00,50107632.67332639
2009-02-18 00:00:00+00:00,50197686.28773061
2009-02-19 00:00:00+00:00,50136444.412839375
2009-02-20 00:00:00+00:00,50030959.248161346
2009-02-23 00:00:00+00:00,40067981.725032836
2009-02-24 00:00:00+00:00,49947428.120190226
2009-02-25 00:00:00+00:00,49959261.951302394
2009-02-26 00:00:00+00:00,50036408.339952685
2009-02-27 00:00:00+00:00,50152000.88234591
2009-03-02 00:00:00+00:00,49978082.66327591
2009-03-03 00:00:00+00:00,49840571.0289028
2009-03-04 00:00:00+00:00,49954888.97953258
2009-03-05 00:00:00+00:00,49772251.50693538
2009-03-06 00:00:00+00:00,49749925.243555695
2009-03-09 00:00:00+00:00,49687268.2364553
2009-03-10 00:00:00+00:00,43648315.82118812
2009-03-11 00:00:00+00:00,43648315.82118812
2009-03-12 00:00:00+00:00,49680750.74353806
2009-03-13 00:00:00+00:00,49624113.301994786
2009-03-16 00:00:00+00:00,49602312.160470344
2009-03-17 00:00:00+00:00,65399601.38859792
2009-03-18 00:00:00+00:00,65234243.23838193
2009-03-19 00:00:00+00:00,65347855.724623494
2009-03-20 00:00:00+00:00,65470720.69113549
2009-03-23 00:00:00+00:00,65983161.68139175
2009-03-24 00:00:00+00:00,66007680.98772558
2009-03-25 00:00:00+00:00,65859120.68280517
2009-03-26 00:00:00+00:00,66508440.87472395
2009-03-27 00:00:00+00:00,66832480.53048722
2009-03-30 00:00:00+00:00,66814290.35441372
2009-03-31 00:00:00+00:00,67481939.32345206
2009-04-01 00:00:00+00:00,67038759.43012176
2009-04-02 00:00:00+00:00,67231940.11334828
2009-04-03 00:00:00+00:00,39245484.00049822
2009-04-06 00:00:00+00:00,67283753.69574708
2009-04-07 00:00:00+00:00,39245484.00049822
2009-04-08 00:00:00+00:00,67809201.93302615
2009-04-09 00:00:00+00:00,67682516.44810952
2009-04-13 00:00:00+00:00,67628609.75888576
2009-04-14 00:00:00+00:00,42109729.12328078
2009-04-15 00:00:00+00:00,68005612.65850548
2009-04-16 00:00:00+00:00,68050322.21227352
2009-04-17 00:00:00+00:00,68218150.82238536
2009-04-20 00:00:00+00:00,68135323.50150806
2009-04-21 00:00:00+00:00,68327598.06488813
2009-04-22 00:00:00+00:00,68170796.50170107
2009-04-23 00:00:00+00:00,68232029.75965194
2009-04-24 00:00:00+00:00,68315006.7207836
2009-04-27 00:00:00+00:00,68235422.51509449
2009-04-28 00:00:00+00:00,68277726.76350452
2009-04-29 00:00:00+00:00,68532714.59828609
2009-04-30 00:00:00+00:00,68510177.2636545
2009-05-01 00:00:00+00:00,63018332.440411404
2009-05-04 00:00:00+00:00,68623423.37500891
2009-05-05 00:00:00+00:00,68606113.69004117
2009-05-06 00:00:00+00:00,68564235.09014283
2009-05-07 00:00:00+00:00,68646915.26641834
2009-05-08 00:00:00+00:00,68708550.7365475
2009-05-11 00:00:00+00:00,68683067.9062736
2009-05-12 00:00:00+00:00,68582148.25969294
2009-05-13 00:00:00+00:00,68556989.52764772
2009-05-14 00:00:00+00:00,68589375.7471451
2009-05-15 00:00:00+00:00,68800522.3791509
2009-05-18 00:00:00+00:00,71806094.15904744
2009-05-19 00:00:00+00:00,71026305.11088172
2009-05-20 00:00:00+00:00,71379716.70610633
2009-05-21 00:00:00+00:00,71837650.95437986
2009-05-22 00:00:00+00:00,72276855.61293888
2009-05-25 00:00:00+00:00,72988236.05183782
2009-05-26 00:00:00+00:00,72505697.77253945
2009-05-27 00:00:00+00:00,72901919.51096453
2009-05-28 00:00:00+00:00,73042413.66635828
2009-05-29 00:00:00+00:00,73359880.05221267
2009-06-01 00:00:00+00:00,73655948.90855284
2009-06-02 00:00:00+00:00,73785637.48189212
2009-06-03 00:00:00+00:00,73989455.57456967
2009-06-04 00:00:00+00:00,74109049.81218581
2009-06-05 00:00:00+00:00,74325587.12078016
2009-06-08 00:00:00+00:00,74264152.18037385
2009-06-09 00:00:00+00:00,74383640.61245753
2009-06-10 00:00:00+00:00,74509836.31790191
2009-06-11 00:00:00+00:00,74495934.28045192
2009-06-12 00:00:00+00:00,74368576.8391947
2009-06-15 00:00:00+00:00,93031407.7675414
2009-06-16 00:00:00+00:00,93149267.16186915
2009-06-17 00:00:00+00:00,92242449.60905805
2009-06-18 00:00:00+00:00,91548431.23656744
2009-06-19 00:00:00+00:00,91935221.65997079
2009-06-22 00:00:00+00:00,91943406.18994029
2009-06-23 00:00:00+00:00,91780210.59027147
2009-06-24 00:00:00+00:00,92224874.80008742
2009-06-25 00:00:00+00:00,91685821.23687722
2009-06-26 00:00:00+00:00,92377702.7055705
2009-06-29 00:00:00+00:00,92363487.3108493
2009-06-30 00:00:00+00:00,92160949.11471592
2009-07-01 00:00:00+00:00,91851859.06465691
2009-07-02 00:00:00+00:00,92175914.25158827
2009-07-03 00:00:00+00:00,92292357.07464105
2009-07-06 00:00:00+00:00,91670133.59777696
2009-07-07 00:00:00+00:00,92180656.43862839
2009-07-08 00:00:00+00:00,91983328.22633141
2009-07-09 00:00:00+00:00,92194917.35445555
2009-07-10 00:00:00+00:00,92067842.97153182
2009-07-13 00:00:00+00:00,91838221.37320134
2009-07-14 00:00:00+00:00,92019199.39458501
2009-07-15 00:00:00+00:00,92494878.34396107
2009-07-16 00:00:00+00:00,93020486.47954483
2009-07-17 00:00:00+00:00,93477514.8362914
2009-07-20 00:00:00+00:00,93859956.67630664
2009-07-21 00:00:00+00:00,93781255.2290794
2009-07-22 00:00:00+00:00,93686172.68150778
2009-07-23 00:00:00+00:00,94253295.1290148
2009-07-24 00:00:00+00:00,94384952.68671367
2009-07-27 00:00:00+00:00,94443931.96424599
2009-07-28 00:00:00+00:00,94899460.21794364
2009-07-29 00:00:00+00:00,95781391.18158966
2009-07-30 00:00:00+00:00,96232157.86335444
2009-07-31 00:00:00+00:00,95903023.98616771
2009-08-03 00:00:00+00:00,95969969.22911099
2009-08-04 00:00:00+00:00,95966314.15364322
2009-08-05 00:00:00+00:00,95956890.23871516
2009-08-06 00:00:00+00:00,95687078.67938097
2009-08-07 00:00:00+00:00,95364711.64362137
2009-08-10 00:00:00+00:00,94873467.79482344
2009-08-11 00:00:00+00:00,94790907.3048619
2009-08-12 00:00:00+00:00,95136887.75068092
2009-08-13 00:00:00+00:00,96844944.37316813
2009-08-14 00:00:00+00:00,97249979.24717423
2009-08-17 00:00:00+00:00,95601184.75878763
2009-08-18 00:00:00+00:00,96523957.71628237
2009-08-19 00:00:00+00:00,95919091.16575523
2009-08-20 00:00:00+00:00,96553578.53234671
2009-08-21 00:00:00+00:00,97518627.02959526
2009-08-24 00:00:00+00:00,98333498.60452662
2009-08-25 00:00:00+00:00,98439389.10660493
2009-08-26 00:00:00+00:00,98193753.46149588
2009-08-27 00:00:00+00:00,97990562.5566765
2009-08-28 00:00:00+00:00,98218629.93911116
2009-08-31 00:00:00+00:00,98331112.68379296
2009-09-01 00:00:00+00:00,99299136.37102298
2009-09-02 00:00:00+00:00,99638022.72944325
2009-09-03 00:00:00+00:00,100209615.07676405
2009-09-04 00:00:00+00:00,101073628.0058115
2009-09-07 00:00:00+00:00,102214629.75173582
2009-09-08 00:00:00+00:00,101562306.46735169
2009-09-09 00:00:00+00:00,100817616.17516959
2009-09-10 00:00:00+00:00,116598645.16323607
2009-09-11 00:00:00+00:00,117049572.8394926
2009-09-14 00:00:00+00:00,117444075.5565558
2009-09-15 00:00:00+00:00,119328579.20834324
2009-09-16 00:00:00+00:00,120622708.39000931
2009-09-17 00:00:00+00:00,121007944.14421482
2009-09-18 00:00:00+00:00,121218429.37251449
2009-09-21 00:00:00+00:00,56525909.69045902
2009-09-22 00:00:00+00:00,122300380.95163362
2009-09-23 00:00:00+00:00,121522305.22788298
2009-09-24 00:00:00+00:00,121545003.83236617
2009-09-25 00:00:00+00:00,122143082.5829042
2009-09-28 00:00:00+00:00,56525909.69045902
2009-09-29 00:00:00+00:00,122733761.94142756
2009-09-30 00:00:00+00:00,124356551.228212
2009-10-01 00:00:00+00:00,124794790.47787185
2009-10-02 00:00:00+00:00,62208367.38708814
2009-10-05 00:00:00+00:00,124324088.1898233
2009-10-06 00:00:00+00:00,124689428.66176975
2009-10-07 00:00:00+00:00,124318685.20687403
2009-10-08 00:00:00+00:00,125161083.12249714
2009-10-09 00:00:00+00:00,124618803.90118432
2009-10-12 00:00:00+00:00,125249552.91359624
2009-10-13 00:00:00+00:00,125224668.38221532
2009-10-14 00:00:00+00:00,125823433.97951755
2009-10-15 00:00:00+00:00,125966817.90826738
2009-10-16 00:00:00+00:00,125622279.8994905
2009-10-19 00:00:00+00:00,91050640.56628251
2009-10-20 00:00:00+00:00,125916101.79900166
2009-10-21 00:00:00+00:00,125907106.35821724
2009-10-22 00:00:00+00:00,125712415.2018824
2009-10-23 00:00:00+00:00,126231381.22484407
2009-10-26 00:00:00+00:00,126123240.01274219
2009-10-27 00:00:00+00:00,125641088.28951228
2009-10-28 00:00:00+00:00,125092243.12938155
2009-10-29 00:00:00+00:00,125043712.26096551
2009-10-30 00:00:00+00:00,125098652.02194022
2009-11-02 00:00:00+00:00,99821496.2522871
2009-11-03 00:00:00+00:00,124698580.24660532
2009-11-04 00:00:00+00:00,125123428.79157302
2009-11-05 00:00:00+00:00,125424570.77824229
2009-11-06 00:00:00+00:00,126246859.07771172
2009-11-09 00:00:00+00:00,127085154.53400941
2009-11-10 00:00:00+00:00,126628255.85831608
2009-11-11 00:00:00+00:00,127989054.8649184
2009-11-12 00:00:00+00:00,126912013.91495253
2009-11-13 00:00:00+00:00,127506662.48619995
2009-11-16 00:00:00+00:00,128480256.97847576
2009-11-17 00:00:00+00:00,128794141.17196397
2009-11-18 00:00:00+00:00,128826178.55829544
2009-11-19 00:00:00+00:00,128303669.58547685
2009-11-20 00:00:00+00:00,128772760.22724845
2009-11-23 00:00:00+00:00,129018341.77078268
2009-11-24 00:00:00+00:00,129327054.23654336
2009-11-25 00:00:00+00:00,129592876.85596576
2009-11-26 00:00:00+00:00,129474916.1629077
2009-11-27 00:00:00+00:00,128685731.50616547
2009-11-30 00:00:00+00:00,129539272.01982549
2009-12-01 00:00:00+00:00,130477737.89203978
2009-12-02 00:00:00+00:00,131044234.81200427
2009-12-03 00:00:00+00:00,132351185.48550121
2009-12-04 00:00:00+00:00,131904701.2714595
2009-12-07 00:00:00+00:00,131260501.56182826
2009-12-08 00:00:00+00:00,145395542.99841776
2009-12-09 00:00:00+00:00,145124295.133466
2009-12-10 00:00:00+00:00,145292595.62972426
2009-12-11 00:00:00+00:00,145245770.5863519
2009-12-14 00:00:00+00:00,145280605.6753015
2009-12-15 00:00:00+00:00,144299069.9079492
2009-12-16 00:00:00+00:00,144612292.0601306
2009-12-17 00:00:00+00:00,144889675.14562052
2009-12-18 00:00:00+00:00,144621973.3886792
2009-12-21 00:00:00+00:00,144082224.15667224
2009-12-22 00:00:00+00:00,144427621.68771264
2009-12-23 00:00:00+00:00,146103824.93387616
2009-12-24 00:00:00+00:00,146508957.02577728
2009-12-28 00:00:00+00:00,74177719.56030454
2009-12-29 00:00:00+00:00,146513885.3732037
2009-12-30 00:00:00+00:00,146875857.6372256
2009-12-31 00:00:00+00:00,147448148.47686514
2010-01-04 00:00:00+00:00,148575527.58426547
2010-01-05 00:00:00+00:00,148997432.30216292
2010-01-06 00:00:00+00:00,148839069.13125056
2010-01-07 00:00:00+00:00,147467879.19038728
2010-01-08 00:00:00+00:00,147759899.68850031
2010-01-11 00:00:00+00:00,148243202.7702578
2010-01-12 00:00:00+00:00,148083452.87841177
2010-01-13 00:00:00+00:00,147778597.4579654
2010-01-14 00:00:00+00:00,148664769.8513225
2010-01-15 00:00:00+00:00,149002433.4077816
2010-01-18 00:00:00+00:00,149186930.51725385
2010-01-19 00:00:00+00:00,148824930.9567086
2010-01-20 00:00:00+00:00,149091182.4566572
2010-01-21 00:00:00+00:00,148041008.9313698
2010-01-22 00:00:00+00:00,148183006.75892112
2010-01-25 00:00:00+00:00,146128386.97697586
2010-01-26 00:00:00+00:00,91771150.16129431
2010-01-27 00:00:00+00:00,143128873.1421706
2010-01-28 00:00:00+00:00,144010059.13845268
2010-01-29 00:00:00+00:00,143955714.81246406
2010-02-01 00:00:00+00:00,144146779.90662864
2010-02-02 00:00:00+00:00,143632535.25452772
2010-02-03 00:00:00+00:00,144745900.39323387
2010-02-04 00:00:00+00:00,143976993.65466002
2010-02-05 00:00:00+00:00,142868668.65831313
2010-02-06 00:00:00+00:00,108044191.6858393
2010-02-08 00:00:00+00:00,143234323.9309231
2010-02-09 00:00:00+00:00,143533450.92944843
2010-02-10 00:00:00+00:00,143214452.17247704
2010-02-11 00:00:00+00:00,143577873.23463482
2010-02-12 00:00:00+00:00,108044191.6858393
2010-02-15 00:00:00+00:00,143767889.63766718
2010-02-16 00:00:00+00:00,144081136.16838962
2010-02-17 00:00:00+00:00,145079713.02577487
2010-02-18 00:00:00+00:00,144719467.25626367
2010-02-19 00:00:00+00:00,144296621.14076054
2010-02-22 00:00:00+00:00,144190342.82890007
2010-02-23 00:00:00+00:00,143693502.07194912
2010-02-24 00:00:00+00:00,143692381.48978457
2010-02-25 00:00:00+00:00,143294548.56325087
2010-02-26 00:00:00+00:00,144309931.92098323
2010-03-01 00:00:00+00:00,113493199.25995679
2010-03-02 00:00:00+00:00,145380981.44477388
2010-03-03 00:00:00+00:00,146465969.0283802
2010-03-04 00:00:00+00:00,146340989.40344128
2010-03-05 00:00:00+00:00,146647876.11288726
2010-03-08 00:00:00+00:00,166257950.28565454
2010-03-09 00:00:00+00:00,165447088.6695252
2010-03-10 00:00:00+00:00,164985849.08409354
2010-03-11 00:00:00+00:00,164161998.0893364
2010-03-12 00:00:00+00:00,165462366.79370683
2010-03-15 00:00:00+00:00,164852688.5471004
2010-03-16 00:00:00+00:00,166060948.49437517
2010-03-17 00:00:00+00:00,166968031.01973435
2010-03-18 00:00:00+00:00,166760818.09348804
2010-03-19 00:00:00+00:00,167284397.1377956
2010-03-22 00:00:00+00:00,165986733.7697249
2010-03-23 00:00:00+00:00,166377991.83558068
2010-03-24 00:00:00+00:00,91616696.3428134
2010-03-25 00:00:00+00:00,166954271.46182534
2010-03-26 00:00:00+00:00,168117006.71585733
2010-03-29 00:00:00+00:00,168356888.53246403
2010-03-30 00:00:00+00:00,167573875.02093986
2010-03-31 00:00:00+00:00,168171885.5297505
2010-04-01 00:00:00+00:00,168590912.53978518
2010-04-05 00:00:00+00:00,169843649.57023683
2010-04-06 00:00:00+00:00,169012212.21396303
2010-04-07 00:00:00+00:00,169099690.17439726
2010-04-08 00:00:00+00:00,168416626.87770283
2010-04-09 00:00:00+00:00,168755999.4904262
2010-04-12 00:00:00+00:00,168648527.04969752
2010-04-13 00:00:00+00:00,169253706.00207594
2010-04-14 00:00:00+00:00,104274159.27825657
2010-04-15 00:00:00+00:00,168851283.19330925
2010-04-16 00:00:00+00:00,168822094.44011444
2010-04-19 00:00:00+00:00,168384154.91682997
2010-04-20 00:00:00+00:00,169481027.89564526
2010-04-21 00:00:00+00:00,170906846.73022828
2010-04-22 00:00:00+00:00,170660635.1327704
2010-04-23 00:00:00+00:00,171031857.8439272
2010-04-26 00:00:00+00:00,171475526.52868176
2010-04-27 00:00:00+00:00,171825779.35598323
2010-04-28 00:00:00+00:00,170953890.6598177
2010-04-29 00:00:00+00:00,171794322.12596664
2010-04-30 00:00:00+00:00,172542689.8942385
2010-05-03 00:00:00+00:00,172079818.40701285
2010-05-04 00:00:00+00:00,171370400.27544793
2010-05-05 00:00:00+00:00,171589583.42825198
2010-05-06 00:00:00+00:00,171224518.25614482
2010-05-07 00:00:00+00:00,170577101.200434
2010-05-10 00:00:00+00:00,171783183.60169175
2010-05-11 00:00:00+00:00,171271035.21768624
2010-05-12 00:00:00+00:00,171636962.11127642
2010-05-13 00:00:00+00:00,172090508.33143216
2010-05-14 00:00:00+00:00,171826531.47967836
2010-05-17 00:00:00+00:00,171218562.93258563
2010-05-18 00:00:00+00:00,171665070.63890573
2010-05-19 00:00:00+00:00,170549908.26187536
2010-05-20 00:00:00+00:00,171084558.02544227
2010-05-21 00:00:00+00:00,170892314.5430486
2010-05-24 00:00:00+00:00,170882109.2287618
2010-05-25 00:00:00+00:00,170265285.66901734
2010-05-26 00:00:00+00:00,170433370.96750647
2010-05-27 00:00:00+00:00,170865410.62453303
2010-05-28 00:00:00+00:00,171398457.79697767
2010-05-31 00:00:00+00:00,171518510.50858903
2010-06-01 00:00:00+00:00,171032409.7817099
2010-06-02 00:00:00+00:00,171271906.23398843
2010-06-03 00:00:00+00:00,171410259.79234636
2010-06-04 00:00:00+00:00,181761085.41233486
2010-06-07 00:00:00+00:00,179221368.10832888
2010-06-08 00:00:00+00:00,177995452.50349963
2010-06-09 00:00:00+00:00,178398851.41148615
2010-06-10 00:00:00+00:00,179106970.87565488
2010-06-11 00:00:00+00:00,180838270.04079723
2010-06-14 00:00:00+00:00,181272096.54361534
2010-06-15 00:00:00+00:00,181677978.26093167
2010-06-16 00:00:00+00:00,181470697.00166154
2010-06-17 00:00:00+00:00,181936454.9308795
2010-06-18 00:00:00+00:00,181378571.29279065
2010-06-21 00:00:00+00:00,183192421.36414716
2010-06-22 00:00:00+00:00,182849989.00226212
2010-06-23 00:00:00+00:00,182516422.94356912
2010-06-24 00:00:00+00:00,183079237.6595403
2010-06-25 00:00:00+00:00,181730810.78031126
2010-06-28 00:00:00+00:00,182911190.3363029
2010-06-29 00:00:00+00:00,183425990.5826125
2010-06-30 00:00:00+00:00,184048215.28845572
2010-07-01 00:00:00+00:00,184127792.16401392
2010-07-02 00:00:00+00:00,183740203.91609254
2010-07-05 00:00:00+00:00,184174035.58503115
2010-07-06 00:00:00+00:00,184946484.84487584
2010-07-07 00:00:00+00:00,184909129.3924366
2010-07-08 00:00:00+00:00,186000430.237536
2010-07-09 00:00:00+00:00,186164292.59106
2010-07-12 00:00:00+00:00,186421460.768168
2010-07-13 00:00:00+00:00,187114845.97708493
2010-07-14 00:00:00+00:00,187222770.18887803
2010-07-15 00:00:00+00:00,186575316.0655108
2010-07-16 00:00:00+00:00,187662639.0962836
2010-07-19 00:00:00+00:00,188130507.73745966
2010-07-20 00:00:00+00:00,188207095.6857322
2010-07-21 00:00:00+00:00,188815945.9889081
2010-07-22 00:00:00+00:00,189001104.13471058
2010-07-23 00:00:00+00:00,189264368.376535
2010-07-26 00:00:00+00:00,189725916.49651286
2010-07-27 00:00:00+00:00,190408457.514166
2010-07-28 00:00:00+00:00,190474867.84140155
2010-07-29 00:00:00+00:00,190552323.46504626
2010-07-30 00:00:00+00:00,190998514.3161212
2010-08-02 00:00:00+00:00,191469085.3101698
2010-08-03 00:00:00+00:00,191996607.3012321
2010-08-04 00:00:00+00:00,192353350.7715001
2010-08-05 00:00:00+00:00,192574401.27502948
2010-08-06 00:00:00+00:00,192518797.20428923
2010-08-09 00:00:00+00:00,193310483.81031367
2010-08-10 00:00:00+00:00,193325915.64548987
2010-08-11 00:00:00+00:00,193141871.92253995
2010-08-12 00:00:00+00:00,193182505.96383741
2010-08-13 00:00:00+00:00,193257160.51953286
2010-08-16 00:00:00+00:00,192886858.5623139
2010-08-17 00:00:00+00:00,193026630.29828703
2010-08-18 00:00:00+00:00,193729200.0816307
2010-08-19 00:00:00+00:00,193514136.4191851
2010-08-20 00:00:00+00:00,193310878.75920916
2010-08-23 00:00:00+00:00,193661605.46257624
2010-08-24 00:00:00+00:00,193357786.59121883
2010-08-25 00:00:00+00:00,193086593.1076437
2010-08-26 00:00:00+00:00,193592657.0970789
2010-08-27 00:00:00+00:00,193352009.2807895
2010-08-30 00:00:00+00:00,193303340.88390103
2010-08-31 00:00:00+00:00,192779221.9072625
2010-09-01 00:00:00+00:00,199730700.77692273
2010-09-02 00:00:00+00:00,200455922.44708815
2010-09-03 00:00:00+00:00,200687847.47451362
2010-09-06 00:00:00+00:00,203367081.04145902
2010-09-07 00:00:00+00:00,204192588.4373436
2010-09-08 00:00:00+00:00,204499083.59328148
2010-09-09 00:00:00+00:00,204297861.05788052
2010-09-10 00:00:00+00:00,86512807.50307944
2010-09-13 00:00:00+00:00,206155542.95034024
2010-09-14 00:00:00+00:00,206439612.8924881
2010-09-15 00:00:00+00:00,208570803.15754747
2010-09-16 00:00:00+00:00,207909384.88689932
2010-09-17 00:00:00+00:00,209946391.70086294
2010-09-20 00:00:00+00:00,210799622.3852228
2010-09-21 00:00:00+00:00,210049006.46022964
2010-09-22 00:00:00+00:00,209282833.31249067
2010-09-23 00:00:00+00:00,209253557.42844436
2010-09-24 00:00:00+00:00,210111073.4116559
2010-09-27 00:00:00+00:00,210355302.5189499
2010-09-28 00:00:00+00:00,210047433.8317191
2010-09-29 00:00:00+00:00,210289300.82841527
2010-09-30 00:00:00+00:00,209687116.55970386
2010-10-01 00:00:00+00:00,211197932.02787584
2010-10-04 00:00:00+00:00,211783699.9168698
2010-10-05 00:00:00+00:00,212237188.80495512
2010-10-06 00:00:00+00:00,212335350.95176464
2010-10-07 00:00:00+00:00,211405746.49610162
2010-10-08 00:00:00+00:00,211036403.98208156
2010-10-11 00:00:00+00:00,211357480.05055857
2010-10-12 00:00:00+00:00,211041000.01985425
2010-10-13 00:00:00+00:00,210611420.5190624
2010-10-14 00:00:00+00:00,210743903.6281151
2010-10-15 00:00:00+00:00,210340075.90130734
2010-10-18 00:00:00+00:00,210020937.41472286
2010-10-19 00:00:00+00:00,209866716.67107627
2010-10-20 00:00:00+00:00,209702477.82834777
2010-10-21 00:00:00+00:00,210147663.44553158
2010-10-22 00:00:00+00:00,209954075.69226158
2010-10-25 00:00:00+00:00,210208398.55207378
2010-10-26 00:00:00+00:00,211031380.26904908
2010-10-27 00:00:00+00:00,211551016.03814524
2010-10-28 00:00:00+00:00,212031915.71157983
2010-10-29 00:00:00+00:00,212608829.18004414
2010-11-01 00:00:00+00:00,215218913.44812208
2010-11-02 00:00:00+00:00,215670037.4555392
2010-11-03 00:00:00+00:00,216281775.66888985
2010-11-04 00:00:00+00:00,216543158.09582883
2010-11-05 00:00:00+00:00,93007894.12227397
2010-11-08 00:00:00+00:00,216893444.05369273
2010-11-09 00:00:00+00:00,217494155.29430243
2010-11-10 00:00:00+00:00,217674994.9689056
2010-11-11 00:00:00+00:00,216412360.7335492
2010-11-12 00:00:00+00:00,215082694.14899454
2010-11-15 00:00:00+00:00,215223598.41659752
2010-11-16 00:00:00+00:00,214496555.36687106
2010-11-17 00:00:00+00:00,110978998.02682196
2010-11-18 00:00:00+00:00,214406217.01579687
2010-11-19 00:00:00+00:00,212759409.26744762
2010-11-22 00:00:00+00:00,214106734.8824153
2010-11-23 00:00:00+00:00,213732573.28536084
2010-11-24 00:00:00+00:00,213780061.07255223
2010-11-25 00:00:00+00:00,212800616.7220116
2010-11-26 00:00:00+00:00,211893321.4199295
2010-11-29 00:00:00+00:00,203244090.19439572
2010-11-30 00:00:00+00:00,205150932.83929047
2010-12-01 00:00:00+00:00,205988808.9700702
2010-12-02 00:00:00+00:00,207466252.1296348
2010-12-03 00:00:00+00:00,206354114.66027442
2010-12-06 00:00:00+00:00,205649752.5508921
2010-12-07 00:00:00+00:00,204730202.62119466
2010-12-08 00:00:00+00:00,202850126.49839506
2010-12-09 00:00:00+00:00,199849190.97068346
2010-12-10 00:00:00+00:00,200477570.17100593
2010-12-13 00:00:00+00:00,201074996.3755684
2010-12-14 00:00:00+00:00,202347964.35742396
2010-12-15 00:00:00+00:00,201362459.37418586
2010-12-16 00:00:00+00:00,202160929.63715222
2010-12-17 00:00:00+00:00,125790796.0078689
2010-12-20 00:00:00+00:00,201413570.07079297
2010-12-21 00:00:00+00:00,201145218.23650166
2010-12-22 00:00:00+00:00,201252902.362781
2010-12-23 00:00:00+00:00,201990253.2455668
2010-12-24 00:00:00+00:00,202773334.5538901
2010-12-27 00:00:00+00:00,203182390.78534773
2010-12-28 00:00:00+00:00,203157612.32371986
2010-12-29 00:00:00+00:00,203209371.01186925
2010-12-30 00:00:00+00:00,203538154.4723793
2010-12-31 00:00:00+00:00,203579371.71948928
2011-01-03 00:00:00+00:00,204111659.18420857
2011-01-04 00:00:00+00:00,204021700.158906
2011-01-05 00:00:00+00:00,203647767.7112187
2011-01-06 00:00:00+00:00,203024923.23156232
2011-01-07 00:00:00+00:00,202198569.13605356
2011-01-10 00:00:00+00:00,201191680.0537124
2011-01-11 00:00:00+00:00,201017932.5659894
2011-01-12 00:00:00+00:00,202261647.9767789
2011-01-13 00:00:00+00:00,201886975.64068273
2011-01-14 00:00:00+00:00,201737570.27407867
2011-01-17 00:00:00+00:00,201444165.71905586
2011-01-18 00:00:00+00:00,202002135.50450954
2011-01-19 00:00:00+00:00,201767702.45361808
2011-01-20 00:00:00+00:00,201832669.10989574
2011-01-21 00:00:00+00:00,201712100.4353299
2011-01-24 00:00:00+00:00,202650880.0212523
2011-01-25 00:00:00+00:00,202381124.44990116
2011-01-26 00:00:00+00:00,168492944.5708634
2011-01-27 00:00:00+00:00,199751768.26016724
2011-01-28 00:00:00+00:00,197169978.26459193
2011-01-31 00:00:00+00:00,197254635.57698435
2011-02-01 00:00:00+00:00,196830911.0747935
2011-02-02 00:00:00+00:00,197027346.91261372
2011-02-03 00:00:00+00:00,197438934.98570877
2011-02-04 00:00:00+00:00,196179748.23387733
2011-02-07 00:00:00+00:00,195855295.74424008
2011-02-08 00:00:00+00:00,195633109.32563478
2011-02-09 00:00:00+00:00,194618919.73191908
2011-02-10 00:00:00+00:00,194376690.72000113
2011-02-11 00:00:00+00:00,194273904.79455683
2011-02-14 00:00:00+00:00,194412333.32708597
2011-02-15 00:00:00+00:00,194607615.27874678
2011-02-16 00:00:00+00:00,194642157.53181604
2011-02-17 00:00:00+00:00,195094295.4561469
2011-02-18 00:00:00+00:00,195298570.5688475
2011-02-21 00:00:00+00:00,185384306.06493637
2011-02-22 00:00:00+00:00,195436417.69932535
2011-02-23 00:00:00+00:00,195819269.59651002
2011-02-24 00:00:00+00:00,198581884.4820947
2011-02-25 00:00:00+00:00,199396937.90183243
2011-02-28 00:00:00+00:00,200975285.7095683
2011-03-01 00:00:00+00:00,204253666.206722
2011-03-02 00:00:00+00:00,113029356.76029253
2011-03-03 00:00:00+00:00,204834578.58972377
2011-03-04 00:00:00+00:00,205095098.10755253
2011-03-07 00:00:00+00:00,203047680.352694
2011-03-08 00:00:00+00:00,203577460.58635914
2011-03-09 00:00:00+00:00,203201152.8768537
2011-03-10 00:00:00+00:00,202788382.75658035
2011-03-11 00:00:00+00:00,201922193.46581975
2011-03-14 00:00:00+00:00,202746638.66112283
2011-03-15 00:00:00+00:00,202020604.9712351
2011-03-16 00:00:00+00:00,204295542.41833103
2011-03-17 00:00:00+00:00,204099558.1341505
2011-03-18 00:00:00+00:00,203624759.62259233
2011-03-21 00:00:00+00:00,203475535.2798702
2011-03-22 00:00:00+00:00,203664357.8187282
2011-03-23 00:00:00+00:00,204028891.06570902
2011-03-24 00:00:00+00:00,204792532.9987832
2011-03-25 00:00:00+00:00,205848651.8563872
2011-03-28 00:00:00+00:00,206495166.19324112
2011-03-29 00:00:00+00:00,207470619.6555811
2011-03-30 00:00:00+00:00,208431351.27888215
2011-03-31 00:00:00+00:00,208814236.60443088
2011-04-01 00:00:00+00:00,209318211.72342068
2011-04-04 00:00:00+00:00,210715824.79916215
2011-04-05 00:00:00+00:00,210564215.46463156
2011-04-06 00:00:00+00:00,210548384.319873
2011-04-07 00:00:00+00:00,210377645.29095894
2011-04-08 00:00:00+00:00,210034807.11192963
2011-04-11 00:00:00+00:00,209531829.99757016
2011-04-12 00:00:00+00:00,154999797.9408273
2011-04-13 00:00:00+00:00,210325505.5817748
2011-04-14 00:00:00+00:00,154999797.9408273
2011-04-15 00:00:00+00:00,210291369.82588956
2011-04-18 00:00:00+00:00,209317615.24713397
2011-04-19 00:00:00+00:00,209791566.6064959
2011-04-20 00:00:00+00:00,210608062.7291089
2011-04-21 00:00:00+00:00,209991808.17497304
2011-04-25 00:00:00+00:00,209863700.4266559
2011-04-26 00:00:00+00:00,210021207.122443
2011-04-27 00:00:00+00:00,209830935.92916226
2011-04-28 00:00:00+00:00,209490556.70013586
2011-04-29 00:00:00+00:00,208885621.40784162
2011-05-02 00:00:00+00:00,208835080.3485475
2011-05-03 00:00:00+00:00,207651181.33259064
2011-05-04 00:00:00+00:00,206801839.4384796
2011-05-05 00:00:00+00:00,206260250.17412978
2011-05-06 00:00:00+00:00,207467048.02287176
2011-05-09 00:00:00+00:00,208334759.9028079
2011-05-10 00:00:00+00:00,208686003.99193293
2011-05-11 00:00:00+00:00,208442257.52566433
2011-05-12 00:00:00+00:00,208269081.54244617
2011-05-13 00:00:00+00:00,208754765.48405793
2011-05-16 00:00:00+00:00,208400988.277108
2011-05-17 00:00:00+00:00,207909863.9400603
2011-05-18 00:00:00+00:00,207874907.90913764
2011-05-19 00:00:00+00:00,207733740.99833182
2011-05-20 00:00:00+00:00,208166309.5300912
2011-05-23 00:00:00+00:00,207450217.73688874
2011-05-24 00:00:00+00:00,207345419.88511333
2011-05-25 00:00:00+00:00,199001648.87860242
2011-05-26 00:00:00+00:00,199380114.2079201
2011-05-27 00:00:00+00:00,200729660.04015115
2011-05-30 00:00:00+00:00,175467796.08364886
2011-05-31 00:00:00+00:00,201384162.6771296
2011-06-01 00:00:00+00:00,201439811.22323143
2011-06-02 00:00:00+00:00,200983562.33412546
2011-06-03 00:00:00+00:00,200629424.65521824
2011-06-06 00:00:00+00:00,200590182.20888075
2011-06-07 00:00:00+00:00,200987906.13198465
2011-06-08 00:00:00+00:00,201348566.95520285
2011-06-09 00:00:00+00:00,201692030.93586487
2011-06-10 00:00:00+00:00,201128339.591551
2011-06-13 00:00:00+00:00,200610948.2665942
2011-06-14 00:00:00+00:00,200798761.35238913
2011-06-15 00:00:00+00:00,199383300.99299416
2011-06-16 00:00:00+00:00,197962801.67695028
2011-06-17 00:00:00+00:00,197404694.71279982
2011-06-20 00:00:00+00:00,195801731.35138866
2011-06-21 00:00:00+00:00,195637456.24146616
2011-06-22 00:00:00+00:00,194680420.81164137
2011-06-23 00:00:00+00:00,194849308.39149347
2011-06-24 00:00:00+00:00,194653592.462596
2011-06-27 00:00:00+00:00,194284689.19153506
2011-06-28 00:00:00+00:00,194333320.83145052
2011-06-29 00:00:00+00:00,194929698.4967605
2011-06-30 00:00:00+00:00,194994905.96969205
2011-07-01 00:00:00+00:00,194673781.4994904
2011-07-04 00:00:00+00:00,187248175.4741541
2011-07-05 00:00:00+00:00,195048549.57308963
2011-07-06 00:00:00+00:00,195521331.70807797
2011-07-07 00:00:00+00:00,196413208.56222704
2011-07-08 00:00:00+00:00,196096528.9461075
2011-07-11 00:00:00+00:00,196009672.17594853
2011-07-12 00:00:00+00:00,195556178.47195098
2011-07-13 00:00:00+00:00,196348424.52609718
2011-07-14 00:00:00+00:00,196474381.59043851
2011-07-15 00:00:00+00:00,196492631.90502426
2011-07-18 00:00:00+00:00,196911316.30682856
2011-07-19 00:00:00+00:00,197318516.59431612
2011-07-20 00:00:00+00:00,197125872.4204228
2011-07-21 00:00:00+00:00,196671953.29872397
2011-07-22 00:00:00+00:00,197600344.22917596
2011-07-25 00:00:00+00:00,198360810.88553932
2011-07-26 00:00:00+00:00,198497733.0933584
2011-07-27 00:00:00+00:00,198884805.80035225
2011-07-28 00:00:00+00:00,198290156.83344492
2011-07-29 00:00:00+00:00,198175907.90379342
2011-08-01 00:00:00+00:00,197764945.7267123
2011-08-02 00:00:00+00:00,198642751.47958368
2011-08-03 00:00:00+00:00,198167764.30883268
2011-08-04 00:00:00+00:00,196504984.5147309
2011-08-05 00:00:00+00:00,195070449.5289078
2011-08-08 00:00:00+00:00,194062315.6161483
2011-08-09 00:00:00+00:00,193944875.1716549
2011-08-10 00:00:00+00:00,194159489.72174606
2011-08-11 00:00:00+00:00,194314075.43674803
2011-08-12 00:00:00+00:00,194399359.0852208
2011-08-15 00:00:00+00:00,163285867.94266492
2011-08-16 00:00:00+00:00,195289765.0780731
2011-08-17 00:00:00+00:00,195519175.63080034
2011-08-18 00:00:00+00:00,194947903.23065755
2011-08-19 00:00:00+00:00,195597232.03296354
2011-08-22 00:00:00+00:00,194396341.23122096
2011-08-23 00:00:00+00:00,195973919.7184241
2011-08-24 00:00:00+00:00,194656125.65445536
2011-08-25 00:00:00+00:00,194705914.1513362
2011-08-26 00:00:00+00:00,193852969.37991217
2011-08-29 00:00:00+00:00,196071080.9765101
2011-08-30 00:00:00+00:00,197698292.2517243
2011-08-31 00:00:00+00:00,109411563.94631347
2011-09-01 00:00:00+00:00,108833689.00974669
2011-09-02 00:00:00+00:00,198365066.2797457
2011-09-05 00:00:00+00:00,166136322.8768381
2011-09-06 00:00:00+00:00,197778801.83688685
2011-09-07 00:00:00+00:00,199070325.20670736
2011-09-08 00:00:00+00:00,199065091.36661562
2011-09-09 00:00:00+00:00,199244206.071165
2011-09-12 00:00:00+00:00,196614755.76723638
2011-09-13 00:00:00+00:00,196183206.73882952
2011-09-14 00:00:00+00:00,196961956.6448687
2011-09-15 00:00:00+00:00,197879075.61999935
2011-09-16 00:00:00+00:00,196964624.5339878
2011-09-19 00:00:00+00:00,196681151.1077721
2011-09-20 00:00:00+00:00,197487530.2471128
2011-09-21 00:00:00+00:00,197923071.46407405
2011-09-22 00:00:00+00:00,195630097.62597823
2011-09-23 00:00:00+00:00,195866689.59955007
2011-09-26 00:00:00+00:00,194849330.26434633
2011-09-27 00:00:00+00:00,195277882.41661796
2011-09-28 00:00:00+00:00,194986825.06963727
2011-09-29 00:00:00+00:00,194739860.93874058
2011-09-30 00:00:00+00:00,194877327.40787512
2011-10-03 00:00:00+00:00,194741065.15687975
2011-10-04 00:00:00+00:00,194157182.0503303
2011-10-05 00:00:00+00:00,194006564.58084
2011-10-06 00:00:00+00:00,146403024.06858936
2011-10-07 00:00:00+00:00,194428493.22410133
2011-10-10 00:00:00+00:00,194902150.5613479
2011-10-11 00:00:00+00:00,195009980.33762187
2011-10-12 00:00:00+00:00,195610381.53671983
2011-10-13 00:00:00+00:00,195240071.68352303
2011-10-14 00:00:00+00:00,195265422.67273605
2011-10-17 00:00:00+00:00,195241637.80475488
2011-10-18 00:00:00+00:00,195072013.0218934
2011-10-19 00:00:00+00:00,194870580.52139714
2011-10-20 00:00:00+00:00,194488907.9498643
2011-10-21 00:00:00+00:00,194869983.50578287
2011-10-24 00:00:00+00:00,196399762.8673072
2011-10-25 00:00:00+00:00,198027053.23485464
2011-10-26 00:00:00+00:00,108178515.46721049
2011-10-27 00:00:00+00:00,109278163.63569407
2011-10-28 00:00:00+00:00,199500785.51761338
2011-10-31 00:00:00+00:00,199764338.74559167
2011-11-01 00:00:00+00:00,199349498.02367768
2011-11-02 00:00:00+00:00,199663703.27318248
2011-11-03 00:00:00+00:00,200157110.53936714
2011-11-04 00:00:00+00:00,201126367.3256065
2011-11-07 00:00:00+00:00,118159694.90065609
2011-11-08 00:00:00+00:00,201782750.36073625
2011-11-09 00:00:00+00:00,200499031.23162943
2011-11-10 00:00:00+00:00,118089606.65271364
2011-11-11 00:00:00+00:00,201345034.1568416
2011-11-14 00:00:00+00:00,200422482.79364935
2011-11-15 00:00:00+00:00,199679333.1119031
2011-11-16 00:00:00+00:00,199433613.85515067
2011-11-17 00:00:00+00:00,203774306.36322823
2011-11-18 00:00:00+00:00,202888135.7006807
2011-11-21 00:00:00+00:00,201834943.29448375
2011-11-22 00:00:00+00:00,201538819.23369268
2011-11-23 00:00:00+00:00,200592666.99077103
2011-11-24 00:00:00+00:00,200860859.74394885
2011-11-25 00:00:00+00:00,200142343.0967578
2011-11-28 00:00:00+00:00,200772265.06184885
2011-11-29 00:00:00+00:00,200864886.11548775
2011-11-30 00:00:00+00:00,201133699.78333828
2011-12-01 00:00:00+00:00,201331057.1910872
2011-12-02 00:00:00+00:00,201454025.77899703
2011-12-05 00:00:00+00:00,201264377.27560872
2011-12-06 00:00:00+00:00,151833778.04662448
2011-12-07 00:00:00+00:00,201379269.2979917
2011-12-08 00:00:00+00:00,201000380.65851048
2011-12-09 00:00:00+00:00,200418688.48315918
2011-12-12 00:00:00+00:00,200006137.04434928
2011-12-13 00:00:00+00:00,200539058.90483183
2011-12-14 00:00:00+00:00,200664140.20779875
2011-12-15 00:00:00+00:00,200721894.8212762
2011-12-16 00:00:00+00:00,199246045.36973375
2011-12-19 00:00:00+00:00,198027391.3397058
2011-12-20 00:00:00+00:00,197190530.41666487
2011-12-21 00:00:00+00:00,198655966.57665065
2011-12-22 00:00:00+00:00,198925297.20105946
2011-12-23 00:00:00+00:00,198632173.0198719
2011-12-26 00:00:00+00:00,174135847.96997947
2011-12-27 00:00:00+00:00,199561684.61409009
2011-12-28 00:00:00+00:00,198597837.98461872
2011-12-29 00:00:00+00:00,198081428.5641054
2011-12-30 00:00:00+00:00,198255169.0482046
2012-01-02 00:00:00+00:00,179967682.17181894
2012-01-03 00:00:00+00:00,198546317.03427976
2012-01-04 00:00:00+00:00,197931515.0423131
2012-01-05 00:00:00+00:00,197543835.33015323
2012-01-06 00:00:00+00:00,197442318.781677
2012-01-09 00:00:00+00:00,197355346.85075924
2012-01-10 00:00:00+00:00,197951786.7477937
2012-01-11 00:00:00+00:00,197550536.1307507
2012-01-12 00:00:00+00:00,197243659.71407774
2012-01-13 00:00:00+00:00,197207869.82982045
2012-01-16 00:00:00+00:00,188520757.39003587
2012-01-17 00:00:00+00:00,197616371.14081898
2012-01-18 00:00:00+00:00,197593371.27618593
2012-01-19 00:00:00+00:00,197822466.08976793
2012-01-20 00:00:00+00:00,197415771.5917389
2012-01-23 00:00:00+00:00,197564608.99626264
2012-01-24 00:00:00+00:00,197457845.26513475
2012-01-25 00:00:00+00:00,197565339.14308086
2012-01-26 00:00:00+00:00,164329437.77521136
2012-01-27 00:00:00+00:00,197575879.64584616
2012-01-30 00:00:00+00:00,197155392.0835349
2012-01-31 00:00:00+00:00,197567374.81034082
2012-02-01 00:00:00+00:00,197729246.30353394
2012-02-02 00:00:00+00:00,197545212.60547343
2012-02-03 00:00:00+00:00,198362287.24022508
2012-02-06 00:00:00+00:00,197898770.012949
2012-02-07 00:00:00+00:00,198008002.3899412
2012-02-08 00:00:00+00:00,198348057.7692135
2012-02-09 00:00:00+00:00,198456992.35307488
2012-02-10 00:00:00+00:00,198347290.30073777
2012-02-13 00:00:00+00:00,199211947.2891008
2012-02-14 00:00:00+00:00,212916023.2657998
2012-02-15 00:00:00+00:00,214244184.24692208
2012-02-16 00:00:00+00:00,213287887.61354443
2012-02-17 00:00:00+00:00,213528371.13389507
2012-02-21 00:00:00+00:00,213579307.48579216
2012-02-22 00:00:00+00:00,212070340.16885623
2012-02-23 00:00:00+00:00,212147485.88567972
2012-02-24 00:00:00+00:00,212194262.80781308
2012-02-27 00:00:00+00:00,211216922.25836048
2012-02-28 00:00:00+00:00,211901200.04089284
2012-02-29 00:00:00+00:00,211999666.9883778
2012-03-01 00:00:00+00:00,212240520.95351887
2012-03-02 00:00:00+00:00,211905377.0427809
2012-03-05 00:00:00+00:00,211432173.45302004
2012-03-06 00:00:00+00:00,211066511.5366903
2012-03-07 00:00:00+00:00,211643770.57690918
2012-03-08 00:00:00+00:00,152825125.2938826
2012-03-09 00:00:00+00:00,212328926.4717765
2012-03-12 00:00:00+00:00,212372567.3931618
2012-03-13 00:00:00+00:00,212754292.6729028
2012-03-14 00:00:00+00:00,212920417.97143716
2012-03-15 00:00:00+00:00,212659443.68229064
2012-03-16 00:00:00+00:00,212805084.6966692
2012-03-19 00:00:00+00:00,212962051.26174575
2012-03-20 00:00:00+00:00,213190057.3076791
2012-03-21 00:00:00+00:00,213707403.29295453
2012-03-22 00:00:00+00:00,213096995.08859825
2012-03-23 00:00:00+00:00,213464731.67899412
2012-03-26 00:00:00+00:00,213442366.57073814
2012-03-27 00:00:00+00:00,213700350.646889
2012-03-28 00:00:00+00:00,213632669.02547142
2012-03-29 00:00:00+00:00,213931270.098768
2012-03-30 00:00:00+00:00,214600649.7295312
2012-04-02 00:00:00+00:00,214813157.31238037
2012-04-03 00:00:00+00:00,214878034.85361722
2012-04-04 00:00:00+00:00,214736912.46931204
2012-04-05 00:00:00+00:00,197082843.5370277
2012-04-09 00:00:00+00:00,214896989.78827894
2012-04-10 00:00:00+00:00,215095499.20794478
2012-04-11 00:00:00+00:00,215202440.54349515
2012-04-12 00:00:00+00:00,215328868.23850328
2012-04-13 00:00:00+00:00,215583203.80567163
2012-04-16 00:00:00+00:00,215413147.52804872
2012-04-17 00:00:00+00:00,216155586.1593214
2012-04-18 00:00:00+00:00,217555473.77722687
2012-04-19 00:00:00+00:00,218394693.30767238
2012-04-20 00:00:00+00:00,217758777.8257293
2012-04-23 00:00:00+00:00,216445313.23682225
2012-04-24 00:00:00+00:00,215843234.5352734
2012-04-25 00:00:00+00:00,215486667.6980022
2012-04-26 00:00:00+00:00,215050232.94783744
2012-04-27 00:00:00+00:00,215447610.07449588
2012-04-30 00:00:00+00:00,216733770.16169903
2012-05-01 00:00:00+00:00,101416882.45739694
2012-05-02 00:00:00+00:00,216822155.92690367
2012-05-03 00:00:00+00:00,216307822.7864672
2012-05-04 00:00:00+00:00,214647316.1861652
2012-05-07 00:00:00+00:00,215657862.99411216
2012-05-08 00:00:00+00:00,214827932.75348675
2012-05-09 00:00:00+00:00,215019275.22811857
2012-05-10 00:00:00+00:00,215703591.98202243
2012-05-11 00:00:00+00:00,215542933.87245643
2012-05-14 00:00:00+00:00,215909393.25630325
2012-05-15 00:00:00+00:00,234356283.1585644
2012-05-16 00:00:00+00:00,233417932.3848686
2012-05-17 00:00:00+00:00,234929413.49362856
2012-05-18 00:00:00+00:00,235028907.77856904
2012-05-21 00:00:00+00:00,235216623.68166208
2012-05-22 00:00:00+00:00,234384423.83837503
2012-05-23 00:00:00+00:00,233550957.6775795
2012-05-24 00:00:00+00:00,234042254.16891813
2012-05-25 00:00:00+00:00,234459201.0639337
2012-05-28 00:00:00+00:00,235894279.2927022
2012-05-29 00:00:00+00:00,235691665.91160426
2012-05-30 00:00:00+00:00,234209844.92364785
2012-05-31 00:00:00+00:00,235769186.372001
2012-06-01 00:00:00+00:00,234221590.37711173
2012-06-04 00:00:00+00:00,231958907.5032387
2012-06-05 00:00:00+00:00,233045140.0440927
2012-06-06 00:00:00+00:00,234915235.15033194
2012-06-07 00:00:00+00:00,235922737.84044832
2012-06-08 00:00:00+00:00,236051688.04393917
2012-06-11 00:00:00+00:00,235234003.03528714
2012-06-12 00:00:00+00:00,235809541.04954836
2012-06-13 00:00:00+00:00,235870392.00838053
2012-06-14 00:00:00+00:00,235527685.33271
2012-06-15 00:00:00+00:00,236062060.63946876
2012-06-18 00:00:00+00:00,235230410.61756945
2012-06-19 00:00:00+00:00,235762892.4528301
2012-06-20 00:00:00+00:00,235848523.7200913
2012-06-21 00:00:00+00:00,236662898.67400163
2012-06-22 00:00:00+00:00,236365097.78779238
2012-06-25 00:00:00+00:00,236086392.29610392
2012-06-26 00:00:00+00:00,236271070.77266768
2012-06-27 00:00:00+00:00,236533992.2869988
2012-06-28 00:00:00+00:00,236861898.87823156
2012-06-29 00:00:00+00:00,238494037.22379345
2012-07-02 00:00:00+00:00,237897549.76607916
2012-07-03 00:00:00+00:00,237827152.5640787
2012-07-04 00:00:00+00:00,237861532.14720735
2012-07-05 00:00:00+00:00,238368071.3204315
2012-07-06 00:00:00+00:00,238288111.885391
2012-07-09 00:00:00+00:00,237828602.14423084
2012-07-10 00:00:00+00:00,238422055.98590305
2012-07-11 00:00:00+00:00,238110222.5820677
2012-07-12 00:00:00+00:00,237798403.32866645
2012-07-13 00:00:00+00:00,237461264.62215567
2012-07-16 00:00:00+00:00,237579394.18519574
2012-07-17 00:00:00+00:00,237388005.2468752
2012-07-18 00:00:00+00:00,237589720.5093063
2012-07-19 00:00:00+00:00,237475776.40811467
2012-07-20 00:00:00+00:00,237880408.14890704
2012-07-23 00:00:00+00:00,237193522.597991
2012-07-24 00:00:00+00:00,237799089.56918228
2012-07-25 00:00:00+00:00,238064529.3720406
2012-07-26 00:00:00+00:00,237517106.67793703
2012-07-27 00:00:00+00:00,238995345.91396245
2012-07-30 00:00:00+00:00,239538367.59986743
2012-07-31 00:00:00+00:00,239889491.03034925
2012-08-01 00:00:00+00:00,239932648.97895077
2012-08-02 00:00:00+00:00,240105151.07831264
2012-08-03 00:00:00+00:00,240167832.53355652
2012-08-06 00:00:00+00:00,240445520.5602119
2012-08-07 00:00:00+00:00,240905633.39246112
2012-08-08 00:00:00+00:00,240923726.76839522
2012-08-09 00:00:00+00:00,241244907.83250934
2012-08-10 00:00:00+00:00,246634010.23039743
2012-08-13 00:00:00+00:00,247200060.42580733
2012-08-14 00:00:00+00:00,247290020.621239
2012-08-15 00:00:00+00:00,88233782.70365652
2012-08-16 00:00:00+00:00,247317633.0092986
2012-08-17 00:00:00+00:00,247541817.76567492
2012-08-20 00:00:00+00:00,88233782.70365652
2012-08-21 00:00:00+00:00,248915488.86198667
2012-08-22 00:00:00+00:00,249192484.60550612
2012-08-23 00:00:00+00:00,248913731.11239043
2012-08-24 00:00:00+00:00,247867171.8143319
2012-08-27 00:00:00+00:00,247873448.40252516
2012-08-28 00:00:00+00:00,247780653.14543137
2012-08-29 00:00:00+00:00,247883051.845731
2012-08-30 00:00:00+00:00,248351648.11958373
2012-08-31 00:00:00+00:00,247112535.9720756
2012-09-03 00:00:00+00:00,246853566.53673527
2012-09-04 00:00:00+00:00,246535804.71227986
2012-09-05 00:00:00+00:00,246236921.56118745
2012-09-06 00:00:00+00:00,246088442.77548936
2012-09-07 00:00:00+00:00,246670241.61206096
2012-09-10 00:00:00+00:00,247050821.4507192
2012-09-11 00:00:00+00:00,247075203.78159478
2012-09-12 00:00:00+00:00,247357037.14917582
2012-09-13 00:00:00+00:00,247405664.97142097
2012-09-14 00:00:00+00:00,247785113.93105394
2012-09-17 00:00:00+00:00,246859838.1186479
2012-09-18 00:00:00+00:00,246879288.06380615
2012-09-19 00:00:00+00:00,195281004.17412892
2012-09-20 00:00:00+00:00,247105392.03813207
2012-09-21 00:00:00+00:00,247399432.2417771
2012-09-24 00:00:00+00:00,247445863.69449267
2012-09-25 00:00:00+00:00,247744771.94719163
2012-09-26 00:00:00+00:00,248002281.08124
2012-09-27 00:00:00+00:00,248424940.08593464
2012-09-28 00:00:00+00:00,248355856.2821773
2012-10-01 00:00:00+00:00,248549229.9504046
2012-10-02 00:00:00+00:00,216982878.12248874
2012-10-03 00:00:00+00:00,248718171.82575986
2012-10-04 00:00:00+00:00,248715280.05591354
2012-10-05 00:00:00+00:00,248459705.18959776
2012-10-08 00:00:00+00:00,248629935.72733814
2012-10-09 00:00:00+00:00,248957629.13964343
2012-10-10 00:00:00+00:00,248442707.31371826
2012-10-11 00:00:00+00:00,248859948.0807753
2012-10-12 00:00:00+00:00,249672194.55182263
2012-10-15 00:00:00+00:00,250118358.13212192
2012-10-16 00:00:00+00:00,249588779.62715504
2012-10-17 00:00:00+00:00,249868589.38035598
2012-10-18 00:00:00+00:00,251374250.02694598
2012-10-19 00:00:00+00:00,250863374.4039256
2012-10-22 00:00:00+00:00,251832008.2976744
2012-10-23 00:00:00+00:00,251800589.10053563
2012-10-24 00:00:00+00:00,97384820.6558211
2012-10-25 00:00:00+00:00,253087358.2809868
2012-10-26 00:00:00+00:00,97384820.6558211
2012-10-29 00:00:00+00:00,251129636.07765436
2012-10-30 00:00:00+00:00,249626331.29539132
2012-10-31 00:00:00+00:00,250476194.15357113
2012-11-01 00:00:00+00:00,250734065.414307
2012-11-02 00:00:00+00:00,250838142.29971305
2012-11-05 00:00:00+00:00,250209815.13688615
2012-11-06 00:00:00+00:00,250600588.59191695
2012-11-07 00:00:00+00:00,248645669.6176194
2012-11-08 00:00:00+00:00,247660703.29769477
2012-11-09 00:00:00+00:00,246020666.03526744
2012-11-12 00:00:00+00:00,246718280.4677113
2012-11-13 00:00:00+00:00,88601044.70705467
2012-11-14 00:00:00+00:00,88601044.70705467
2012-11-15 00:00:00+00:00,244630162.98003703
2012-11-16 00:00:00+00:00,243335907.31828085
2012-11-19 00:00:00+00:00,242777927.04699966
2012-11-20 00:00:00+00:00,243414674.6311371
2012-11-21 00:00:00+00:00,243422131.133311
2012-11-22 00:00:00+00:00,244000381.18076998
2012-11-23 00:00:00+00:00,245084562.3279371
2012-11-26 00:00:00+00:00,245710577.2454077
2012-11-27 00:00:00+00:00,246641132.7079373
2012-11-28 00:00:00+00:00,154435424.8341874
2012-11-29 00:00:00+00:00,246245845.36748648
2012-11-30 00:00:00+00:00,247298473.01594627
2012-12-03 00:00:00+00:00,247186012.71733198
2012-12-04 00:00:00+00:00,247100378.41367397
2012-12-05 00:00:00+00:00,246780589.5943661
2012-12-06 00:00:00+00:00,246745941.02414638
2012-12-07 00:00:00+00:00,246221613.35253432
2012-12-10 00:00:00+00:00,246429218.72415403
2012-12-11 00:00:00+00:00,246001883.73846704
2012-12-12 00:00:00+00:00,246035604.93428975
2012-12-13 00:00:00+00:00,245567524.61167926
2012-12-14 00:00:00+00:00,245741350.97060043
2012-12-17 00:00:00+00:00,245417796.18836218
2012-12-18 00:00:00+00:00,245595088.2613856
2012-12-19 00:00:00+00:00,245924715.32918677
2012-12-20 00:00:00+00:00,246334516.39346054
2012-12-21 00:00:00+00:00,245006039.9333406
2012-12-24 00:00:00+00:00,245451572.17770013
2012-12-26 00:00:00+00:00,246645011.9976315
2012-12-27 00:00:00+00:00,245807237.1912784
2012-12-28 00:00:00+00:00,245841240.791683
2012-12-31 00:00:00+00:00,245717630.22465235
2013-01-01 00:00:00+00:00,246110576.8080991
2013-01-02 00:00:00+00:00,245883781.4909435
2013-01-03 00:00:00+00:00,246592752.58550012
2013-01-04 00:00:00+00:00,247031543.87017816
2013-01-07 00:00:00+00:00,246613330.1243528
2013-01-08 00:00:00+00:00,246789749.11628023
2013-01-09 00:00:00+00:00,246532144.6154123
2013-01-10 00:00:00+00:00,246993073.85641608
2013-01-11 00:00:00+00:00,246703524.2773308
2013-01-14 00:00:00+00:00,246975906.96232378
2013-01-15 00:00:00+00:00,246875855.5362088
2013-01-16 00:00:00+00:00,246722717.8491531
2013-01-17 00:00:00+00:00,247022069.8657942
2013-01-18 00:00:00+00:00,246900219.53407326
2013-01-21 00:00:00+00:00,247100362.88630834
2013-01-22 00:00:00+00:00,247035280.29429954
2013-01-23 00:00:00+00:00,246871497.29253155
2013-01-24 00:00:00+00:00,246814389.60297891
2013-01-25 00:00:00+00:00,246891522.53182244
2013-01-28 00:00:00+00:00,246569716.6886144
2013-01-29 00:00:00+00:00,246526914.83046538
2013-01-30 00:00:00+00:00,246637251.69470394
2013-01-31 00:00:00+00:00,246521705.85205984
2013-02-01 00:00:00+00:00,246547068.21551502
2013-02-04 00:00:00+00:00,247119933.47319412
2013-02-05 00:00:00+00:00,252853258.3387449
2013-02-06 00:00:00+00:00,252460235.72277695
2013-02-07 00:00:00+00:00,250495691.66229975
2013-02-08 00:00:00+00:00,248762450.43771684
2013-02-11 00:00:00+00:00,248780092.73852813
2013-02-12 00:00:00+00:00,248996620.88581246
2013-02-13 00:00:00+00:00,249731767.82301697
2013-02-14 00:00:00+00:00,249491400.62253687
2013-02-15 00:00:00+00:00,249179678.88929912
2013-02-18 00:00:00+00:00,248474435.78794175
2013-02-19 00:00:00+00:00,249780032.0767148
2013-02-20 00:00:00+00:00,250667450.7342928
2013-02-21 00:00:00+00:00,249235475.57968706
2013-02-22 00:00:00+00:00,249392425.31290153
2013-02-25 00:00:00+00:00,249517024.10108307
2013-02-26 00:00:00+00:00,248972429.47492594
2013-02-27 00:00:00+00:00,248986481.73617867
2013-02-28 00:00:00+00:00,248550890.06444827
2013-03-01 00:00:00+00:00,248924640.4334271
2013-03-04 00:00:00+00:00,248259107.50338697
2013-03-05 00:00:00+00:00,249189818.90861338
2013-03-06 00:00:00+00:00,249457212.76417857
2013-03-07 00:00:00+00:00,249937016.77219784
2013-03-08 00:00:00+00:00,250530374.22029635
2013-03-11 00:00:00+00:00,250597465.10764614
2013-03-12 00:00:00+00:00,250128787.67813298
2013-03-13 00:00:00+00:00,250039028.59844196
2013-03-14 00:00:00+00:00,250589209.15351084
2013-03-15 00:00:00+00:00,250804018.57448012
2013-03-18 00:00:00+00:00,250557794.75146687
2013-03-19 00:00:00+00:00,249809896.91990462
2013-03-20 00:00:00+00:00,248813195.3096834
2013-03-21 00:00:00+00:00,248371570.97093984
2013-03-22 00:00:00+00:00,247913160.79380444
2013-03-25 00:00:00+00:00,248244115.69842795
2013-03-26 00:00:00+00:00,248450079.6628787
2013-03-27 00:00:00+00:00,206060966.2711974
2013-03-28 00:00:00+00:00,248958644.94021502
2013-04-01 00:00:00+00:00,248863317.6308057
2013-04-02 00:00:00+00:00,248601359.07443658
2013-04-03 00:00:00+00:00,247870187.30427858
2013-04-04 00:00:00+00:00,246641725.63212767
2013-04-05 00:00:00+00:00,246347261.62353274
2013-04-08 00:00:00+00:00,246262237.179929
2013-04-09 00:00:00+00:00,245294802.32817426
2013-04-10 00:00:00+00:00,246298551.1052203
2013-04-11 00:00:00+00:00,247937569.35900497
2013-04-12 00:00:00+00:00,247453996.62947923
2013-04-15 00:00:00+00:00,246289546.53758246
2013-04-16 00:00:00+00:00,247633124.45524123
2013-04-17 00:00:00+00:00,247920611.0192375
2013-04-18 00:00:00+00:00,249255983.3398885
2013-04-19 00:00:00+00:00,126014946.98895602
2013-04-22 00:00:00+00:00,250798083.80577838
2013-04-23 00:00:00+00:00,251199084.97231838
2013-04-24 00:00:00+00:00,134889285.37468565
2013-04-25 00:00:00+00:00,251888061.04014155
2013-04-26 00:00:00+00:00,249821629.56553304
2013-04-29 00:00:00+00:00,251797574.32044515
2013-04-30 00:00:00+00:00,251237928.22829294
2013-05-01 00:00:00+00:00,146422427.20360187
2013-05-02 00:00:00+00:00,251999382.5121258
2013-05-03 00:00:00+00:00,251901318.46735707
2013-05-06 00:00:00+00:00,269666526.9675686
2013-05-07 00:00:00+00:00,271430636.5170311
2013-05-08 00:00:00+00:00,272972722.0955882
2013-05-09 00:00:00+00:00,272691220.5049585
2013-05-10 00:00:00+00:00,273574062.78579855
2013-05-13 00:00:00+00:00,272333086.6432352
2013-05-14 00:00:00+00:00,273231560.4683169
2013-05-15 00:00:00+00:00,275486859.2527982
2013-05-16 00:00:00+00:00,275501129.463814
2013-05-17 00:00:00+00:00,274906039.9180313
2013-05-20 00:00:00+00:00,274567040.6218335
2013-05-21 00:00:00+00:00,273853302.3651137
2013-05-22 00:00:00+00:00,274430638.2812449
2013-05-23 00:00:00+00:00,273480733.3400884
2013-05-24 00:00:00+00:00,274054011.5736284
2013-05-27 00:00:00+00:00,264566382.15883252
2013-05-28 00:00:00+00:00,276064197.6987027
2013-05-29 00:00:00+00:00,276106426.2539994
2013-05-30 00:00:00+00:00,276777983.6460143
2013-05-31 00:00:00+00:00,275943487.41561645
2013-06-03 00:00:00+00:00,275274873.53962713
2013-06-04 00:00:00+00:00,275350904.5394772
2013-06-05 00:00:00+00:00,275141745.0120149
2013-06-06 00:00:00+00:00,274546390.2837606
2013-06-07 00:00:00+00:00,274377915.10942715
2013-06-10 00:00:00+00:00,273606102.2870908
2013-06-11 00:00:00+00:00,272280186.8019519
2013-06-12 00:00:00+00:00,272191572.47750497
2013-06-13 00:00:00+00:00,271197501.67311144
2013-06-14 00:00:00+00:00,271284922.84721106
2013-06-17 00:00:00+00:00,271599478.0381359
2013-06-18 00:00:00+00:00,271502430.111417
2013-06-19 00:00:00+00:00,271728475.3781022
2013-06-20 00:00:00+00:00,270369530.3531966
2013-06-21 00:00:00+00:00,270632146.3870906
2013-06-24 00:00:00+00:00,270050590.4177096
2013-06-25 00:00:00+00:00,270293635.71579134
2013-06-26 00:00:00+00:00,270102209.5454032
2013-06-27 00:00:00+00:00,270573140.36206967
2013-06-28 00:00:00+00:00,270602746.31408346
2013-07-01 00:00:00+00:00,270494777.2514754
2013-07-02 00:00:00+00:00,270694743.1182575
2013-07-03 00:00:00+00:00,269921979.7802404
2013-07-04 00:00:00+00:00,260683218.91072768
2013-07-05 00:00:00+00:00,272243295.0628901
2013-07-08 00:00:00+00:00,273588599.4864536
2013-07-09 00:00:00+00:00,275011084.5850214
2013-07-10 00:00:00+00:00,274573602.38898987
2013-07-11 00:00:00+00:00,276205814.91649985
2013-07-12 00:00:00+00:00,276758510.6603549
2013-07-15 00:00:00+00:00,277991505.75718397
2013-07-16 00:00:00+00:00,276657324.9857733
2013-07-17 00:00:00+00:00,277212681.4903034
2013-07-18 00:00:00+00:00,279431276.5132291
2013-07-19 00:00:00+00:00,277962101.3111673
2013-07-22 00:00:00+00:00,277956197.7296655
2013-07-23 00:00:00+00:00,278577228.3270724
2013-07-24 00:00:00+00:00,277096514.20624095
2013-07-25 00:00:00+00:00,275859624.1069842
2013-07-26 00:00:00+00:00,274858578.4006982
2013-07-29 00:00:00+00:00,273733821.4550155
2013-07-30 00:00:00+00:00,271737109.45203817
2013-07-31 00:00:00+00:00,271005868.2496402
2013-08-01 00:00:00+00:00,292358910.49035734
2013-08-02 00:00:00+00:00,292045536.05992335
2013-08-05 00:00:00+00:00,291954911.22247076
2013-08-06 00:00:00+00:00,287968933.34262264
2013-08-07 00:00:00+00:00,286442206.2807325
2013-08-08 00:00:00+00:00,287330444.6920236
2013-08-09 00:00:00+00:00,158891293.9537005
2013-08-12 00:00:00+00:00,289496319.23214704
2013-08-13 00:00:00+00:00,293756431.56310314
2013-08-14 00:00:00+00:00,293818862.43495333
2013-08-15 00:00:00+00:00,170334829.88411134
2013-08-16 00:00:00+00:00,290663971.2688734
2013-08-19 00:00:00+00:00,286264554.32353544
2013-08-20 00:00:00+00:00,283745786.1211162
2013-08-21 00:00:00+00:00,282427622.8539689
2013-08-22 00:00:00+00:00,282432321.6106555
2013-08-23 00:00:00+00:00,284463477.1765068
2013-08-26 00:00:00+00:00,284476289.3666916
2013-08-27 00:00:00+00:00,283087240.5590603
2013-08-28 00:00:00+00:00,282060903.6432532
2013-08-29 00:00:00+00:00,282373357.3689233
2013-08-30 00:00:00+00:00,283868174.5640151
2013-09-02 00:00:00+00:00,285646255.1033651
2013-09-03 00:00:00+00:00,281603460.05729616
2013-09-04 00:00:00+00:00,284208633.1559488
2013-09-05 00:00:00+00:00,284453975.0587606
2013-09-06 00:00:00+00:00,284758009.4809723
2013-09-09 00:00:00+00:00,98237292.92419629
2013-09-10 00:00:00+00:00,290233601.27051663
2013-09-11 00:00:00+00:00,290060155.80947554
2013-09-12 00:00:00+00:00,289981862.31726635
2013-09-13 00:00:00+00:00,288955068.56714076
2013-09-16 00:00:00+00:00,287794035.3532383
2013-09-17 00:00:00+00:00,288846032.0719411
2013-09-18 00:00:00+00:00,290358022.02834487
2013-09-19 00:00:00+00:00,294171180.8553387
2013-09-20 00:00:00+00:00,293223167.5128387
2013-09-23 00:00:00+00:00,293162922.8968037
2013-09-24 00:00:00+00:00,294601379.2049738
2013-09-25 00:00:00+00:00,294668662.9548224
2013-09-26 00:00:00+00:00,294823021.97698516
2013-09-27 00:00:00+00:00,295662359.5326068
2013-09-30 00:00:00+00:00,295842521.0450101
2013-10-01 00:00:00+00:00,296473084.7777849
2013-10-02 00:00:00+00:00,159899958.47992235
2013-10-03 00:00:00+00:00,297750323.0512979
2013-10-04 00:00:00+00:00,297846948.8532431
2013-10-07 00:00:00+00:00,299185766.92004114
2013-10-08 00:00:00+00:00,299116006.6526494
2013-10-09 00:00:00+00:00,301987693.27259624
2013-10-10 00:00:00+00:00,302338894.1916606
2013-10-11 00:00:00+00:00,302416215.6838966
2013-10-14 00:00:00+00:00,303317284.6113177
2013-10-15 00:00:00+00:00,302402539.95924586
2013-10-16 00:00:00+00:00,174412559.95166177
2013-10-17 00:00:00+00:00,300380523.63957673
2013-10-18 00:00:00+00:00,302227799.8283118
2013-10-21 00:00:00+00:00,302704571.2177975
2013-10-22 00:00:00+00:00,304725680.59517676
2013-10-23 00:00:00+00:00,304025560.81694824
2013-10-24 00:00:00+00:00,302854717.5829154
2013-10-25 00:00:00+00:00,303375594.271926
2013-10-28 00:00:00+00:00,301767046.574864
2013-10-29 00:00:00+00:00,334585068.14321864
2013-10-30 00:00:00+00:00,336941441.42421395
2013-10-31 00:00:00+00:00,337579094.8961504
2013-11-01 00:00:00+00:00,337590014.2438333
2013-11-04 00:00:00+00:00,119505199.16596064
2013-11-05 00:00:00+00:00,337439132.1251828
2013-11-06 00:00:00+00:00,338036117.95031345
2013-11-07 00:00:00+00:00,337990875.1243102
2013-11-08 00:00:00+00:00,339445561.31334543
2013-11-11 00:00:00+00:00,339693219.4282953
2013-11-12 00:00:00+00:00,339609572.673143
2013-11-13 00:00:00+00:00,338874125.2830187
2013-11-14 00:00:00+00:00,338737509.62657064
2013-11-15 00:00:00+00:00,176711956.72169617
2013-11-18 00:00:00+00:00,340494504.1741386
2013-11-19 00:00:00+00:00,339936842.80183816
2013-11-20 00:00:00+00:00,338848398.9790032
2013-11-21 00:00:00+00:00,337108166.5090144
2013-11-22 00:00:00+00:00,337205992.9738053
2013-11-25 00:00:00+00:00,337787529.0545545
2013-11-26 00:00:00+00:00,337952117.8603423
2013-11-27 00:00:00+00:00,338131409.138252
2013-11-28 00:00:00+00:00,338676991.2831573
2013-11-29 00:00:00+00:00,339753048.157468
2013-12-02 00:00:00+00:00,341146697.0977532
2013-12-03 00:00:00+00:00,340568829.8362416
2013-12-04 00:00:00+00:00,340140304.4602937
2013-12-05 00:00:00+00:00,338901991.2788894
2013-12-06 00:00:00+00:00,338779276.1812338
2013-12-09 00:00:00+00:00,339031261.85913134
2013-12-10 00:00:00+00:00,340753101.2641638
2013-12-11 00:00:00+00:00,340330561.72327006
2013-12-12 00:00:00+00:00,339720579.20708734
2013-12-13 00:00:00+00:00,339565131.2232071
2013-12-16 00:00:00+00:00,340832278.1878754
2013-12-17 00:00:00+00:00,340709938.6788245
2013-12-18 00:00:00+00:00,341499232.8695971
2013-12-19 00:00:00+00:00,343373101.44908804
2013-12-20 00:00:00+00:00,345666350.82070214
2013-12-23 00:00:00+00:00,345607361.1693977
2013-12-24 00:00:00+00:00,345730020.02100503
2013-12-26 00:00:00+00:00,345587744.3868028
2013-12-27 00:00:00+00:00,346476124.19147956
2013-12-30 00:00:00+00:00,347893800.9223997
2013-12-31 00:00:00+00:00,348183992.0970036
2014-01-01 00:00:00+00:00,347968834.4334507
2014-01-02 00:00:00+00:00,346595575.3714281
2014-01-03 00:00:00+00:00,348621461.6612104
2014-01-06 00:00:00+00:00,348912195.55032116
2014-01-07 00:00:00+00:00,348186498.93042654
2014-01-08 00:00:00+00:00,349407528.60793567
2014-01-09 00:00:00+00:00,349041029.9721759
2014-01-10 00:00:00+00:00,350351281.08043736
2014-01-13 00:00:00+00:00,352235407.7748429
2014-01-14 00:00:00+00:00,351875190.35126156
2014-01-15 00:00:00+00:00,352274715.8265986
2014-01-16 00:00:00+00:00,352777484.4957923
2014-01-17 00:00:00+00:00,349630988.8741519
2014-01-20 00:00:00+00:00,352624803.58849776
2014-01-21 00:00:00+00:00,352560093.4001116
2014-01-22 00:00:00+00:00,354365021.0627671
2014-01-23 00:00:00+00:00,355166735.6477766
2014-01-24 00:00:00+00:00,353625930.49688053
2014-01-27 00:00:00+00:00,369991504.3501361
2014-01-28 00:00:00+00:00,369626907.87972075
2014-01-29 00:00:00+00:00,371324641.839102
2014-01-30 00:00:00+00:00,371355724.2813511
2014-01-31 00:00:00+00:00,374571484.74776345
2014-02-03 00:00:00+00:00,374474763.54909956
2014-02-04 00:00:00+00:00,372998277.9701795
2014-02-05 00:00:00+00:00,374540055.6894189
2014-02-06 00:00:00+00:00,375063309.8422685
2014-02-07 00:00:00+00:00,376177432.5472335
2014-02-10 00:00:00+00:00,377154762.9204183
2014-02-11 00:00:00+00:00,377909827.7927703
2014-02-12 00:00:00+00:00,378641027.43976855
2014-02-13 00:00:00+00:00,376818333.0124988
2014-02-14 00:00:00+00:00,377657146.8114743
2014-02-17 00:00:00+00:00,377041202.36224014
2014-02-18 00:00:00+00:00,376889739.4083355
2014-02-19 00:00:00+00:00,377747857.18291193
2014-02-20 00:00:00+00:00,376936261.3356875
2014-02-21 00:00:00+00:00,378735105.67528296
2014-02-24 00:00:00+00:00,378292577.7620112
2014-02-25 00:00:00+00:00,378997314.0158647
2014-02-26 00:00:00+00:00,379359832.81294984
2014-02-27 00:00:00+00:00,271793556.71313286
2014-02-28 00:00:00+00:00,380158763.5120714
2014-03-03 00:00:00+00:00,378469436.7474786
2014-03-04 00:00:00+00:00,378273641.7925306
2014-03-05 00:00:00+00:00,378592611.09830135
2014-03-06 00:00:00+00:00,378635170.31895256
2014-03-07 00:00:00+00:00,376992072.67938113
2014-03-10 00:00:00+00:00,375334867.49014217
2014-03-11 00:00:00+00:00,374345904.4130006
2014-03-12 00:00:00+00:00,375229876.088371
2014-03-13 00:00:00+00:00,374227122.7956254
2014-03-14 00:00:00+00:00,373404010.49990237
2014-03-17 00:00:00+00:00,285735253.49872804
2014-03-18 00:00:00+00:00,373587118.76432765
2014-03-19 00:00:00+00:00,373001260.18529856
2014-03-20 00:00:00+00:00,373420911.817404
2014-03-21 00:00:00+00:00,374253392.4630959
2014-03-24 00:00:00+00:00,374167325.2858195
2014-03-25 00:00:00+00:00,374245226.59148574
2014-03-26 00:00:00+00:00,370316650.5663485
2014-03-27 00:00:00+00:00,369963687.6645842
2014-03-28 00:00:00+00:00,369174998.40019804
2014-03-31 00:00:00+00:00,369215682.3294312
2014-04-01 00:00:00+00:00,371354952.1733629
2014-04-02 00:00:00+00:00,373913912.7290828
2014-04-03 00:00:00+00:00,374473715.50543797
2014-04-04 00:00:00+00:00,372714822.6393692
2014-04-07 00:00:00+00:00,373091804.165835
2014-04-08 00:00:00+00:00,192315076.72710916
2014-04-09 00:00:00+00:00,374409969.78212565
2014-04-10 00:00:00+00:00,372742424.2435269
2014-04-11 00:00:00+00:00,373811246.83839065
2014-04-14 00:00:00+00:00,208109802.42690942
2014-04-15 00:00:00+00:00,374814113.32649744
2014-04-16 00:00:00+00:00,372064000.8002175
2014-04-17 00:00:00+00:00,374117181.9598445
2014-04-21 00:00:00+00:00,372987694.4647503
2014-04-22 00:00:00+00:00,372833489.00246936
2014-04-23 00:00:00+00:00,373286488.8187623
2014-04-24 00:00:00+00:00,358405660.3793973
2014-04-25 00:00:00+00:00,442132506.00439125
2014-04-28 00:00:00+00:00,442400449.2893714
2014-04-29 00:00:00+00:00,442347173.3982856
2014-04-30 00:00:00+00:00,442287824.4514972
2014-05-01 00:00:00+00:00,406826749.68579936
2014-05-02 00:00:00+00:00,442588180.2720768
2014-05-05 00:00:00+00:00,442231912.2758338
2014-05-06 00:00:00+00:00,442168313.2007033
2014-05-07 00:00:00+00:00,441687326.8608036
2014-05-08 00:00:00+00:00,441643661.1221888
2014-05-09 00:00:00+00:00,441557529.1324929
2014-05-12 00:00:00+00:00,441399861.2698957
2014-05-13 00:00:00+00:00,441250927.5387345
2014-05-14 00:00:00+00:00,441176073.5812859
2014-05-15 00:00:00+00:00,441132952.51897556
2014-05-16 00:00:00+00:00,440873010.3419243
2014-05-19 00:00:00+00:00,440839945.62693006
2014-05-20 00:00:00+00:00,440839945.62693006
2014-05-21 00:00:00+00:00,440839945.62693006
2014-05-22 00:00:00+00:00,440839945.62693006
2014-05-23 00:00:00+00:00,441779510.6445225
2014-05-26 00:00:00+00:00,439392175.37555885
2014-05-27 00:00:00+00:00,441130535.6975066
2014-05-28 00:00:00+00:00,442123914.1450612
2014-05-29 00:00:00+00:00,441731947.42933345
2014-05-30 00:00:00+00:00,443975311.8612785
2014-06-02 00:00:00+00:00,445965351.5089335
2014-06-03 00:00:00+00:00,448450260.1808173
2014-06-04 00:00:00+00:00,448946456.61525404
2014-06-05 00:00:00+00:00,452671654.820497
2014-06-06 00:00:00+00:00,454219148.1799935
2014-06-09 00:00:00+00:00,457539317.35160273
2014-06-10 00:00:00+00:00,458866627.6437614
2014-06-11 00:00:00+00:00,459878701.0657623
2014-06-12 00:00:00+00:00,462729193.83442557
2014-06-13 00:00:00+00:00,458624087.93138325
2014-06-16 00:00:00+00:00,458768244.5686181
2014-06-17 00:00:00+00:00,460284319.18238926
2014-06-18 00:00:00+00:00,458624200.44497275
2014-06-19 00:00:00+00:00,460077131.5025396
2014-06-20 00:00:00+00:00,458462774.0203837
2014-06-23 00:00:00+00:00,459651743.32820296
2014-06-24 00:00:00+00:00,461255967.15640616
2014-06-25 00:00:00+00:00,461628357.3214338
2014-06-26 00:00:00+00:00,460700498.0910243
2014-06-27 00:00:00+00:00,463264687.5740355
2014-06-30 00:00:00+00:00,464029766.2764254
2014-07-01 00:00:00+00:00,464886544.8866329
2014-07-02 00:00:00+00:00,464743670.23780584
2014-07-03 00:00:00+00:00,464683236.6442169
2014-07-04 00:00:00+00:00,464420743.41770685
2014-07-07 00:00:00+00:00,464951724.10741246
2014-07-08 00:00:00+00:00,462797908.2850388
2014-07-09 00:00:00+00:00,463487719.9370552
2014-07-10 00:00:00+00:00,463622278.5217618
2014-07-11 00:00:00+00:00,462540871.204113
2014-07-14 00:00:00+00:00,462706677.83081037
2014-07-15 00:00:00+00:00,464153860.9418666
2014-07-16 00:00:00+00:00,465678112.84671617
2014-07-17 00:00:00+00:00,466091112.83525723
2014-07-18 00:00:00+00:00,467104293.9775616
2014-07-21 00:00:00+00:00,467450159.8519697
2014-07-22 00:00:00+00:00,467221526.28284687
2014-07-23 00:00:00+00:00,525015721.1224645
2014-07-24 00:00:00+00:00,527247028.0958439
2014-07-25 00:00:00+00:00,521790517.79994965
2014-07-28 00:00:00+00:00,521481368.90009606
2014-07-29 00:00:00+00:00,206075167.87288
2014-07-30 00:00:00+00:00,519761774.9836205
2014-07-31 00:00:00+00:00,519928666.48172265
2014-08-01 00:00:00+00:00,516299862.2362187
2014-08-04 00:00:00+00:00,520423501.3193468
2014-08-05 00:00:00+00:00,522045296.92922235
2014-08-06 00:00:00+00:00,518967489.68030626
2014-08-07 00:00:00+00:00,518324618.4568813
2014-08-08 00:00:00+00:00,513597866.99723303
2014-08-11 00:00:00+00:00,515776432.859357
2014-08-12 00:00:00+00:00,517871950.90727824
2014-08-13 00:00:00+00:00,519783249.5953614
2014-08-14 00:00:00+00:00,521126060.24335444
2014-08-15 00:00:00+00:00,330466842.7257887
2014-08-18 00:00:00+00:00,522382950.8038315
2014-08-19 00:00:00+00:00,523515040.14520884
2014-08-20 00:00:00+00:00,524528813.900203
2014-08-21 00:00:00+00:00,523539029.01976085
2014-08-22 00:00:00+00:00,525711837.8346545
2014-08-25 00:00:00+00:00,522527935.0258403
2014-08-26 00:00:00+00:00,521968440.85788065
2014-08-27 00:00:00+00:00,522363941.8386534
2014-08-28 00:00:00+00:00,521046735.9796539
2014-08-29 00:00:00+00:00,411633043.0337635
2014-09-01 00:00:00+00:00,523192506.9457765
2014-09-02 00:00:00+00:00,523521106.20643127
2014-09-03 00:00:00+00:00,524634630.50381124
2014-09-04 00:00:00+00:00,524105502.50379515
2014-09-05 00:00:00+00:00,525767648.0323403
2014-09-08 00:00:00+00:00,526275328.7045227
2014-09-09 00:00:00+00:00,526335470.71118945
2014-09-10 00:00:00+00:00,526449551.61113155
2014-09-11 00:00:00+00:00,526193333.9819903
2014-09-12 00:00:00+00:00,526784277.2420258
2014-09-15 00:00:00+00:00,526640169.3992277
2014-09-16 00:00:00+00:00,524347659.9134748
2014-09-17 00:00:00+00:00,526068894.9007363
2014-09-18 00:00:00+00:00,527858973.8869187
2014-09-19 00:00:00+00:00,526802533.70107806
2014-09-22 00:00:00+00:00,525553970.9161322
2014-09-23 00:00:00+00:00,523386188.4925931
2014-09-24 00:00:00+00:00,523210362.0409476
2014-09-25 00:00:00+00:00,524363585.4294881
2014-09-26 00:00:00+00:00,525117921.6423521
2014-09-29 00:00:00+00:00,527298052.93306434
2014-09-30 00:00:00+00:00,526469731.0657109
2014-10-01 00:00:00+00:00,528170881.2274708
2014-10-02 00:00:00+00:00,482828167.6162292
2014-10-03 00:00:00+00:00,482828167.6162292
2014-10-06 00:00:00+00:00,482828167.6162292
2014-10-07 00:00:00+00:00,527361978.124916
2014-10-08 00:00:00+00:00,527287788.57273495
2014-10-09 00:00:00+00:00,528260374.3958941
2014-10-10 00:00:00+00:00,526968607.18399763
2014-10-13 00:00:00+00:00,526910878.3797644
2014-10-14 00:00:00+00:00,526648660.36976886
2014-10-15 00:00:00+00:00,526648660.36976886
2014-10-16 00:00:00+00:00,525247374.08712137
2014-10-17 00:00:00+00:00,524981062.9736066
2014-10-20 00:00:00+00:00,628135235.7193063
2014-10-21 00:00:00+00:00,634379146.5189794
2014-10-22 00:00:00+00:00,639154753.5261041
2014-10-23 00:00:00+00:00,218783496.8005045
2014-10-24 00:00:00+00:00,218783496.8005045
2014-10-27 00:00:00+00:00,642602389.1705967
2014-10-28 00:00:00+00:00,642843990.870533
2014-10-29 00:00:00+00:00,645508265.8022181
2014-10-30 00:00:00+00:00,649014485.9027739
2014-10-31 00:00:00+00:00,658882633.3840785
2014-11-03 00:00:00+00:00,661277769.7514476
2014-11-04 00:00:00+00:00,247170592.1060599
2014-11-05 00:00:00+00:00,663493352.98949
2014-11-06 00:00:00+00:00,275759880.9629989
2014-11-07 00:00:00+00:00,666453074.0030206
2014-11-10 00:00:00+00:00,666187956.1110436
2014-11-11 00:00:00+00:00,669354589.902243
2014-11-12 00:00:00+00:00,673886165.3295763
2014-11-13 00:00:00+00:00,672765047.738259
2014-11-14 00:00:00+00:00,674434699.9896301
2014-11-17 00:00:00+00:00,676270391.6591166
2014-11-18 00:00:00+00:00,677975122.5434262
2014-11-19 00:00:00+00:00,677633997.2153727
2014-11-20 00:00:00+00:00,677871232.1824852
2014-11-21 00:00:00+00:00,679050700.8985572
2014-11-24 00:00:00+00:00,680577364.2628505
2014-11-25 00:00:00+00:00,678357577.0563846
2014-11-26 00:00:00+00:00,680133252.2131537
2014-11-27 00:00:00+00:00,680573747.3609216
2014-11-28 00:00:00+00:00,683618119.7886791
2014-12-01 00:00:00+00:00,685568848.7483675
2014-12-02 00:00:00+00:00,683371677.1085302
2014-12-03 00:00:00+00:00,685535373.1474026
2014-12-04 00:00:00+00:00,685925155.9923735
2014-12-05 00:00:00+00:00,685134941.2790064
2014-12-08 00:00:00+00:00,683593429.902421
2014-12-09 00:00:00+00:00,682213828.3433068
2014-12-10 00:00:00+00:00,682654720.4286191
2014-12-11 00:00:00+00:00,682722049.4923413
2014-12-12 00:00:00+00:00,682824459.5191668
2014-12-15 00:00:00+00:00,682710408.7872162
2014-12-16 00:00:00+00:00,681769858.5217667
2014-12-17 00:00:00+00:00,676863343.4109626
2014-12-18 00:00:00+00:00,689276746.8369454
2014-12-19 00:00:00+00:00,689965954.2945081
2014-12-22 00:00:00+00:00,693725027.4639026
2014-12-23 00:00:00+00:00,692387160.171737
2014-12-24 00:00:00+00:00,688865279.1384637
2014-12-26 00:00:00+00:00,691224301.4525582
2014-12-29 00:00:00+00:00,694984920.486425
2014-12-30 00:00:00+00:00,698194956.7082072
2014-12-31 00:00:00+00:00,699268001.1676717
2015-01-01 00:00:00+00:00,701314877.0549709
2015-01-02 00:00:00+00:00,703825209.8416933
2015-01-05 00:00:00+00:00,704249412.0520456
2015-01-06 00:00:00+00:00,696205867.8842081
2015-01-07 00:00:00+00:00,698716175.405917
2015-01-08 00:00:00+00:00,702564635.1727315
2015-01-09 00:00:00+00:00,704038712.7480997
2015-01-12 00:00:00+00:00,703802337.1209923
2015-01-13 00:00:00+00:00,704386450.1266174
2015-01-14 00:00:00+00:00,705603852.8477426
2015-01-15 00:00:00+00:00,711675570.7134821
2015-01-16 00:00:00+00:00,738791020.4768018
2015-01-19 00:00:00+00:00,737827967.9419461
2015-01-20 00:00:00+00:00,743221704.415951
2015-01-21 00:00:00+00:00,739786674.103702
2015-01-22 00:00:00+00:00,741726332.6883149
2015-01-23 00:00:00+00:00,743999535.1052332
2015-01-26 00:00:00+00:00,264478770.28018442
2015-01-27 00:00:00+00:00,753497294.4573392
2015-01-28 00:00:00+00:00,758480051.7617462
2015-01-29 00:00:00+00:00,756938824.0600778
2015-01-30 00:00:00+00:00,754388764.3018706
2015-02-02 00:00:00+00:00,755306613.0802155
2015-02-03 00:00:00+00:00,750803230.2089524
2015-02-04 00:00:00+00:00,746618013.134482
2015-02-05 00:00:00+00:00,744822471.129879
2015-02-06 00:00:00+00:00,737914089.9175003
2015-02-09 00:00:00+00:00,732609664.4649203
2015-02-10 00:00:00+00:00,734817986.4078366
2015-02-11 00:00:00+00:00,740299696.4644564
2015-02-12 00:00:00+00:00,742372192.2889317
2015-02-13 00:00:00+00:00,745970076.6562073
2015-02-16 00:00:00+00:00,745904699.7894983
2015-02-17 00:00:00+00:00,529190797.84678745
2015-02-18 00:00:00+00:00,749008790.2365344
2015-02-19 00:00:00+00:00,748868432.6802897
2015-02-20 00:00:00+00:00,747462540.7073224
2015-02-23 00:00:00+00:00,746277576.9951046
2015-02-24 00:00:00+00:00,746304590.1622076
2015-02-25 00:00:00+00:00,745114764.0370107
2015-02-26 00:00:00+00:00,741995619.2641739
2015-02-27 00:00:00+00:00,744716610.493206
2015-03-02 00:00:00+00:00,753012987.5609019
2015-03-03 00:00:00+00:00,752799912.988287
2015-03-04 00:00:00+00:00,750891579.0247954
2015-03-05 00:00:00+00:00,751542341.6442152
2015-03-06 00:00:00+00:00,596024216.645185
2015-03-09 00:00:00+00:00,749121970.0137515
2015-03-10 00:00:00+00:00,748586772.9002868
2015-03-11 00:00:00+00:00,748320632.2235658
2015-03-12 00:00:00+00:00,750422423.8731868
2015-03-13 00:00:00+00:00,748309596.1925942
2015-03-16 00:00:00+00:00,749398017.0876198
2015-03-17 00:00:00+00:00,754748464.7503628
2015-03-18 00:00:00+00:00,754821480.1398551
2015-03-19 00:00:00+00:00,751033627.8344773
2015-03-20 00:00:00+00:00,743675571.5379819
2015-03-23 00:00:00+00:00,740214342.2545016
2015-03-24 00:00:00+00:00,739177621.3215895
2015-03-25 00:00:00+00:00,739916542.0612779
2015-03-26 00:00:00+00:00,735567435.9233198
2015-03-27 00:00:00+00:00,737770948.2162992
2015-03-30 00:00:00+00:00,743732717.4408382
2015-03-31 00:00:00+00:00,745767776.6786329
2015-04-01 00:00:00+00:00,751316780.4596817
2015-04-02 00:00:00+00:00,291509375.1937879
2015-04-06 00:00:00+00:00,757752722.7575107
2015-04-07 00:00:00+00:00,760132339.353726
2015-04-08 00:00:00+00:00,762606020.113146
2015-04-09 00:00:00+00:00,764438362.9401648
2015-04-10 00:00:00+00:00,765190371.8874737
2015-04-13 00:00:00+00:00,768109910.4418892
2015-04-14 00:00:00+00:00,388050355.09069407
2015-04-15 00:00:00+00:00,764254311.6272596
2015-04-16 00:00:00+00:00,822722127.7227949
2015-04-17 00:00:00+00:00,811440325.7353113
2015-04-20 00:00:00+00:00,800150203.2314734
2015-04-21 00:00:00+00:00,797142566.7360473
2015-04-22 00:00:00+00:00,796773023.3480318
2015-04-23 00:00:00+00:00,796464373.9802272
2015-04-24 00:00:00+00:00,794365159.49167
2015-04-27 00:00:00+00:00,790579912.0299749
2015-04-28 00:00:00+00:00,790266209.5101568
2015-04-29 00:00:00+00:00,790266209.5101568
2015-04-30 00:00:00+00:00,790266209.5101568
2015-05-01 00:00:00+00:00,790266209.5101568
2015-05-04 00:00:00+00:00,790266209.5101568
2015-05-05 00:00:00+00:00,790266209.5101568
2015-05-06 00:00:00+00:00,790266209.5101568
2015-05-07 00:00:00+00:00,790266209.5101568
2015-05-08 00:00:00+00:00,790266209.5101568
2015-05-11 00:00:00+00:00,790266209.5101568
2015-05-12 00:00:00+00:00,790266209.5101568
2015-05-13 00:00:00+00:00,790266209.5101568
2015-05-14 00:00:00+00:00,790266209.5101568
2015-05-15 00:00:00+00:00,792389626.1946356
2015-05-18 00:00:00+00:00,796001383.5208943
2015-05-19 00:00:00+00:00,797100041.3481873
2015-05-20 00:00:00+00:00,797377112.7301904
2015-05-21 00:00:00+00:00,797424431.864458
2015-05-22 00:00:00+00:00,800081452.6920564
2015-05-25 00:00:00+00:00,801891577.304378
2015-05-26 00:00:00+00:00,803513937.0136969
2015-05-27 00:00:00+00:00,804014116.966631
2015-05-28 00:00:00+00:00,801866373.841425
2015-05-29 00:00:00+00:00,808908313.6285539
2015-06-01 00:00:00+00:00,808256516.5955127
2015-06-02 00:00:00+00:00,794725958.5318842
2015-06-03 00:00:00+00:00,791906165.0209916
2015-06-04 00:00:00+00:00,795286183.6258368
2015-06-05 00:00:00+00:00,797107172.0957899
2015-06-08 00:00:00+00:00,792683236.8836786
2015-06-09 00:00:00+00:00,793077587.4499643
2015-06-10 00:00:00+00:00,795332225.0890733
2015-06-11 00:00:00+00:00,791091520.8135629
2015-06-12 00:00:00+00:00,792457480.3787793
2015-06-15 00:00:00+00:00,792255738.6825359
2015-06-16 00:00:00+00:00,792430619.9865849
2015-06-17 00:00:00+00:00,797835307.3018358
2015-06-18 00:00:00+00:00,801561339.7389184
2015-06-19 00:00:00+00:00,808042094.7550688
2015-06-22 00:00:00+00:00,815823521.8190782
2015-06-23 00:00:00+00:00,815939018.8797063
2015-06-24 00:00:00+00:00,816761804.3362095
2015-06-25 00:00:00+00:00,818640640.3904173
2015-06-26 00:00:00+00:00,819154687.1091161
2015-06-29 00:00:00+00:00,815074597.9035851
2015-06-30 00:00:00+00:00,819521667.9473974
2015-07-01 00:00:00+00:00,823596708.5375147
2015-07-02 00:00:00+00:00,825171358.6905512
2015-07-03 00:00:00+00:00,827370848.2907012
2015-07-06 00:00:00+00:00,832000822.1016835
2015-07-07 00:00:00+00:00,832321001.3827947
2015-07-08 00:00:00+00:00,829175367.47813
2015-07-09 00:00:00+00:00,826260945.3958925
2015-07-10 00:00:00+00:00,827821542.7072856
2015-07-13 00:00:00+00:00,833862685.3201895
2015-07-14 00:00:00+00:00,846521419.5741522
2015-07-15 00:00:00+00:00,848944607.9195204
2015-07-16 00:00:00+00:00,855079797.6179814
2015-07-17 00:00:00+00:00,854416034.1997945
2015-07-20 00:00:00+00:00,857153451.571658
2015-07-21 00:00:00+00:00,846730039.8834943
2015-07-22 00:00:00+00:00,850299249.6365203
2015-07-23 00:00:00+00:00,849455838.0531926
2015-07-24 00:00:00+00:00,849059341.5860507
2015-07-27 00:00:00+00:00,843876454.8668298
2015-07-28 00:00:00+00:00,845567152.2242583
2015-07-29 00:00:00+00:00,851911004.9073118
2015-07-30 00:00:00+00:00,855646219.5428756
2015-07-31 00:00:00+00:00,858109818.9982116
2015-08-03 00:00:00+00:00,859984465.0640552
2015-08-04 00:00:00+00:00,863659516.2809714
2015-08-05 00:00:00+00:00,866088063.4653089
2015-08-06 00:00:00+00:00,867187542.3969307
2015-08-07 00:00:00+00:00,865748711.1395419
2015-08-10 00:00:00+00:00,866526533.5097129
2015-08-11 00:00:00+00:00,865682536.7251709
2015-08-12 00:00:00+00:00,858312860.984565
2015-08-13 00:00:00+00:00,860633404.163415
2015-08-14 00:00:00+00:00,865911054.991007
2015-08-17 00:00:00+00:00,865300613.5356333
2015-08-18 00:00:00+00:00,864947437.7775952
2015-08-19 00:00:00+00:00,866836462.6296705
2015-08-20 00:00:00+00:00,862806731.139123
2015-08-21 00:00:00+00:00,862830167.6572819
2015-08-24 00:00:00+00:00,846381767.9998118
2015-08-25 00:00:00+00:00,848384713.0279849
2015-08-26 00:00:00+00:00,848792727.945566
2015-08-27 00:00:00+00:00,849676452.7590514
2015-08-28 00:00:00+00:00,849360456.9607532
2015-08-31 00:00:00+00:00,849152012.5795383
2015-09-01 00:00:00+00:00,848578288.1622273
2015-09-02 00:00:00+00:00,849157007.0543586
2015-09-03 00:00:00+00:00,850357393.2573949
2015-09-04 00:00:00+00:00,849514292.3741481
2015-09-07 00:00:00+00:00,849270884.1287676
2015-09-08 00:00:00+00:00,849088080.2533308
2015-09-09 00:00:00+00:00,849343474.2221099
2015-09-10 00:00:00+00:00,854120713.0089493
2015-09-11 00:00:00+00:00,858456678.5404328
2015-09-14 00:00:00+00:00,867428825.9848562
2015-09-15 00:00:00+00:00,867593834.3436954
2015-09-16 00:00:00+00:00,863648085.829925
2015-09-17 00:00:00+00:00,310802045.1457228
2015-09-18 00:00:00+00:00,863489107.1388453
2015-09-21 00:00:00+00:00,862805270.8075548
2015-09-22 00:00:00+00:00,855429030.9329014
2015-09-23 00:00:00+00:00,857020494.362142
2015-09-24 00:00:00+00:00,860349147.8012576
2015-09-25 00:00:00+00:00,343007754.2126059
2015-09-28 00:00:00+00:00,858954393.931231
2015-09-29 00:00:00+00:00,860184499.8170239
2015-09-30 00:00:00+00:00,867525937.9771525
2015-10-01 00:00:00+00:00,868894856.6516714
2015-10-02 00:00:00+00:00,343007754.2126059
2015-10-05 00:00:00+00:00,876683417.546373
2015-10-06 00:00:00+00:00,877615274.3898461
2015-10-07 00:00:00+00:00,877649127.7790673
2015-10-08 00:00:00+00:00,874906142.6119424
2015-10-09 00:00:00+00:00,893110648.4302948
2015-10-12 00:00:00+00:00,890284295.9370189
2015-10-13 00:00:00+00:00,889693196.5884303
2015-10-14 00:00:00+00:00,890968541.5245391
2015-10-15 00:00:00+00:00,892265419.0977513
2015-10-16 00:00:00+00:00,895946929.9972408
2015-10-19 00:00:00+00:00,898796658.202974
2015-10-20 00:00:00+00:00,900222214.6782753
2015-10-21 00:00:00+00:00,899919518.1605148
2015-10-22 00:00:00+00:00,352963242.67520005
2015-10-23 00:00:00+00:00,899140704.0431412
2015-10-26 00:00:00+00:00,899553366.8810875
2015-10-27 00:00:00+00:00,903571227.1909859
2015-10-28 00:00:00+00:00,901219573.1922271
2015-10-29 00:00:00+00:00,898882324.9043552
2015-10-30 00:00:00+00:00,898628452.781878
2015-11-02 00:00:00+00:00,899180542.8384823
2015-11-03 00:00:00+00:00,902471275.1341007
2015-11-04 00:00:00+00:00,902382135.8658141
2015-11-05 00:00:00+00:00,897763803.648113
2015-11-06 00:00:00+00:00,893886476.8306804
2015-11-09 00:00:00+00:00,896866746.7187817
2015-11-10 00:00:00+00:00,891375697.6033195
2015-11-11 00:00:00+00:00,554485650.6081656
2015-11-12 00:00:00+00:00,554485650.6081656
2015-11-13 00:00:00+00:00,890913753.1019704
2015-11-16 00:00:00+00:00,887155694.8076106
2015-11-17 00:00:00+00:00,886763744.8129543
2015-11-18 00:00:00+00:00,886396455.5257878
2015-11-19 00:00:00+00:00,890572421.9724662
2015-11-20 00:00:00+00:00,892195642.619035
2015-11-23 00:00:00+00:00,893598003.4652331
2015-11-24 00:00:00+00:00,892918455.5139163
2015-11-25 00:00:00+00:00,588184366.6065865
2015-11-26 00:00:00+00:00,891912706.3600783
2015-11-27 00:00:00+00:00,892585806.3814491
2015-11-30 00:00:00+00:00,887566322.3833263
2015-12-01 00:00:00+00:00,892338510.6137326
2015-12-02 00:00:00+00:00,894077656.9195356
2015-12-03 00:00:00+00:00,891234002.8487519
2015-12-04 00:00:00+00:00,888853600.9475083
2015-12-07 00:00:00+00:00,887336446.6473339
2015-12-08 00:00:00+00:00,887123938.8555801
2015-12-09 00:00:00+00:00,883158436.7165614
2015-12-10 00:00:00+00:00,885951630.4965161
2015-12-11 00:00:00+00:00,885855508.2373729
2015-12-14 00:00:00+00:00,886127870.0351135
2015-12-15 00:00:00+00:00,888084586.3399415
2015-12-16 00:00:00+00:00,889473655.7093408
2015-12-17 00:00:00+00:00,891762855.080089
2015-12-18 00:00:00+00:00,891878295.8191956
2015-12-21 00:00:00+00:00,892763996.9308355
2015-12-22 00:00:00+00:00,894011811.4064326
2015-12-23 00:00:00+00:00,895092881.0918393
2015-12-24 00:00:00+00:00,894315629.2475137
2015-12-28 00:00:00+00:00,895374970.734555
2015-12-29 00:00:00+00:00,896558926.6772231
2015-12-30 00:00:00+00:00,895178798.9952271
2015-12-31 00:00:00+00:00,897577595.7280537
2016-01-01 00:00:00+00:00,899292969.7299052
2016-01-04 00:00:00+00:00,897317696.994891
2016-01-05 00:00:00+00:00,896937670.7504315
2016-01-06 00:00:00+00:00,895872250.1798007
2016-01-07 00:00:00+00:00,921880304.0435609
2016-01-08 00:00:00+00:00,928190244.0115932
2016-01-11 00:00:00+00:00,921362212.0709279
2016-01-12 00:00:00+00:00,922718515.8778737
2016-01-13 00:00:00+00:00,920304050.8236315
2016-01-14 00:00:00+00:00,918157826.7999423
2016-01-15 00:00:00+00:00,915475062.2202024
2016-01-18 00:00:00+00:00,910127032.1912509
2016-01-19 00:00:00+00:00,911762622.8598955
2016-01-20 00:00:00+00:00,911909158.6441804
2016-01-21 00:00:00+00:00,911162079.873733
2016-01-22 00:00:00+00:00,911468224.2951739
2016-01-25 00:00:00+00:00,912332493.8737884
2016-01-26 00:00:00+00:00,838223101.788005
2016-01-27 00:00:00+00:00,913175373.1797122
2016-01-28 00:00:00+00:00,912463871.201818
2016-01-29 00:00:00+00:00,911942633.7430692
2016-02-01 00:00:00+00:00,912419825.9345846
2016-02-02 00:00:00+00:00,911729731.9745007
2016-02-03 00:00:00+00:00,911700365.9537388
2016-02-04 00:00:00+00:00,912309701.4747732
2016-02-05 00:00:00+00:00,917978751.7440331
2016-02-08 00:00:00+00:00,912553466.0123036
2016-02-09 00:00:00+00:00,903220462.3320887
2016-02-10 00:00:00+00:00,895426987.9723442
2016-02-11 00:00:00+00:00,883781480.7707025
2016-02-12 00:00:00+00:00,880250741.8595113
2016-02-15 00:00:00+00:00,886402595.0268179
2016-02-16 00:00:00+00:00,882921944.4581525
2016-02-17 00:00:00+00:00,883850677.9840213
2016-02-18 00:00:00+00:00,885358410.7396212
2016-02-19 00:00:00+00:00,885032635.3804104
2016-02-22 00:00:00+00:00,886686613.0918717
2016-02-23 00:00:00+00:00,884279865.4372905
2016-02-24 00:00:00+00:00,883305568.6225328
2016-02-25 00:00:00+00:00,884185098.0935103
2016-02-26 00:00:00+00:00,884198288.5628875
2016-02-29 00:00:00+00:00,884231171.60385
2016-03-01 00:00:00+00:00,885631160.5886434
2016-03-02 00:00:00+00:00,886078238.696267
2016-03-03 00:00:00+00:00,884903217.4452454
2016-03-04 00:00:00+00:00,884764775.9714657
2016-03-07 00:00:00+00:00,773405955.8052623
2016-03-08 00:00:00+00:00,883999246.5725268
2016-03-09 00:00:00+00:00,885663335.4485188
2016-03-10 00:00:00+00:00,882119029.6019161
2016-03-11 00:00:00+00:00,885117809.2802482
2016-03-14 00:00:00+00:00,887376433.3232187
2016-03-15 00:00:00+00:00,881270572.7698667
2016-03-16 00:00:00+00:00,882165084.0031822
2016-03-17 00:00:00+00:00,889452067.4893205
2016-03-18 00:00:00+00:00,892496401.2403629
2016-03-21 00:00:00+00:00,894422619.5185969
2016-03-22 00:00:00+00:00,896363153.7578477
2016-03-23 00:00:00+00:00,899276994.6749351
2016-03-24 00:00:00+00:00,382905740.653783
2016-03-28 00:00:00+00:00,896117304.5995336
2016-03-29 00:00:00+00:00,897558789.2732856
2016-03-30 00:00:00+00:00,905241652.8538227
2016-03-31 00:00:00+00:00,904621288.0454086
2016-04-01 00:00:00+00:00,902165003.4466425
2016-04-04 00:00:00+00:00,907148307.4999199
2016-04-05 00:00:00+00:00,905146192.4619393
2016-04-06 00:00:00+00:00,915482966.806656
2016-04-07 00:00:00+00:00,915090467.0098673
2016-04-08 00:00:00+00:00,920690418.586908
2016-04-11 00:00:00+00:00,924927014.9030821
2016-04-12 00:00:00+00:00,928542294.8254327
2016-04-13 00:00:00+00:00,933030188.0050952
2016-04-14 00:00:00+00:00,362419429.58596116
2016-04-15 00:00:00+00:00,362419429.58596116
2016-04-18 00:00:00+00:00,942182255.3757864
2016-04-19 00:00:00+00:00,362419429.58596116
2016-04-20 00:00:00+00:00,938082758.0027755
2016-04-21 00:00:00+00:00,938358357.6436785
2016-04-22 00:00:00+00:00,937413607.5489624
2016-04-25 00:00:00+00:00,932224056.3920567
2016-04-26 00:00:00+00:00,935403580.9461421
2016-04-27 00:00:00+00:00,935549041.083159
2016-04-28 00:00:00+00:00,930805577.3831521
2016-04-29 00:00:00+00:00,932417921.7014947
2016-05-02 00:00:00+00:00,935884166.6231875
2016-05-03 00:00:00+00:00,933382586.3337295
2016-05-04 00:00:00+00:00,927509269.7937896
2016-05-05 00:00:00+00:00,927020450.41413
2016-05-06 00:00:00+00:00,927569971.6124778
2016-05-09 00:00:00+00:00,930930937.8169322
2016-05-10 00:00:00+00:00,929228624.9395452
2016-05-11 00:00:00+00:00,929818267.2775253
2016-05-12 00:00:00+00:00,933330533.4543842
2016-05-13 00:00:00+00:00,928193463.3563112
2016-05-16 00:00:00+00:00,928819205.17227
2016-05-17 00:00:00+00:00,927987681.0386304
2016-05-18 00:00:00+00:00,928728624.875451
2016-05-19 00:00:00+00:00,927248446.6727842
2016-05-20 00:00:00+00:00,922108769.8879101
2016-05-23 00:00:00+00:00,919803490.4419996
2016-05-24 00:00:00+00:00,915691021.3161162
2016-05-25 00:00:00+00:00,922592149.7582624
2016-05-26 00:00:00+00:00,924272941.1147681
2016-05-27 00:00:00+00:00,935609762.986514
2016-05-30 00:00:00+00:00,934772006.4545023
2016-05-31 00:00:00+00:00,935272703.5427914
2016-06-01 00:00:00+00:00,937933834.476303
2016-06-02 00:00:00+00:00,942733520.0102329
2016-06-03 00:00:00+00:00,943962509.6957178
2016-06-06 00:00:00+00:00,943978385.3152957
2016-06-07 00:00:00+00:00,943959587.7586669
2016-06-08 00:00:00+00:00,943606325.9473135
2016-06-09 00:00:00+00:00,941904617.8365064
2016-06-10 00:00:00+00:00,939087798.561505
2016-06-13 00:00:00+00:00,935303515.6712412
2016-06-14 00:00:00+00:00,938148357.7453562
2016-06-15 00:00:00+00:00,939100803.8398718
2016-06-16 00:00:00+00:00,942146935.3822597
2016-06-17 00:00:00+00:00,942610052.600303
2016-06-20 00:00:00+00:00,942098564.2968016
2016-06-21 00:00:00+00:00,941514665.0692288
2016-06-22 00:00:00+00:00,943339022.4153357
2016-06-23 00:00:00+00:00,943295160.0541235
2016-06-24 00:00:00+00:00,941619450.5416834
2016-06-27 00:00:00+00:00,946129244.4202607
2016-06-28 00:00:00+00:00,947477138.1014522
2016-06-29 00:00:00+00:00,948118241.9247733
2016-06-30 00:00:00+00:00,948809899.5474293
2016-07-01 00:00:00+00:00,950054153.4408897
2016-07-04 00:00:00+00:00,979425785.0197713
2016-07-05 00:00:00+00:00,977008241.4072193
2016-07-06 00:00:00+00:00,350543201.80363244
2016-07-07 00:00:00+00:00,974291171.061794
2016-07-08 00:00:00+00:00,978174974.5355272
2016-07-11 00:00:00+00:00,992601624.1639781
2016-07-12 00:00:00+00:00,995013631.2578945
2016-07-13 00:00:00+00:00,991477188.7419689
2016-07-14 00:00:00+00:00,993373800.1161896
2016-07-15 00:00:00+00:00,992962992.0903268
2016-07-18 00:00:00+00:00,992953856.5378481
2016-07-19 00:00:00+00:00,991867661.1708937
2016-07-20 00:00:00+00:00,995639404.870216
2016-07-21 00:00:00+00:00,997851362.2719377
2016-07-22 00:00:00+00:00,1000309650.898185
2016-07-25 00:00:00+00:00,1003932796.2750944
2016-07-26 00:00:00+00:00,1006992797.724761
2016-07-27 00:00:00+00:00,1005796223.2756336
2016-07-28 00:00:00+00:00,1009585818.1729646
2016-07-29 00:00:00+00:00,1011047160.812617
2016-08-01 00:00:00+00:00,1014264317.5648338
2016-08-02 00:00:00+00:00,1012309879.0645663
2016-08-03 00:00:00+00:00,1008372177.599697
2016-08-04 00:00:00+00:00,1008553690.5550375
2016-08-05 00:00:00+00:00,1016043450.6764696
2016-08-08 00:00:00+00:00,1017325812.9599931
2016-08-09 00:00:00+00:00,1014747405.9144746
2016-08-10 00:00:00+00:00,1013184428.928794
2016-08-11 00:00:00+00:00,1014893574.2273874
2016-08-12 00:00:00+00:00,1016093089.3182961
2016-08-15 00:00:00+00:00,846888203.5998375
2016-08-16 00:00:00+00:00,1017313140.8317821
2016-08-17 00:00:00+00:00,1017839963.7504282
2016-08-18 00:00:00+00:00,1019385522.1378274
2016-08-19 00:00:00+00:00,1018815089.192956
2016-08-22 00:00:00+00:00,1018823780.1631757
2016-08-23 00:00:00+00:00,1017964492.9167733
2016-08-24 00:00:00+00:00,1018257028.2838353
2016-08-25 00:00:00+00:00,1017771522.6522374
2016-08-26 00:00:00+00:00,1019125010.3255764
2016-08-29 00:00:00+00:00,1020292687.4518931
2016-08-30 00:00:00+00:00,1021733091.2366021
2016-08-31 00:00:00+00:00,1015237523.7533835
2016-09-01 00:00:00+00:00,1014109530.8016535
2016-09-02 00:00:00+00:00,1014358299.513637
2016-09-06 00:00:00+00:00,1026268551.9634687
2016-09-07 00:00:00+00:00,1025161000.3884445
2016-09-08 00:00:00+00:00,1029513088.8183762
2016-09-09 00:00:00+00:00,1023443877.2795007
2016-09-12 00:00:00+00:00,1007294424.689385
2016-09-13 00:00:00+00:00,527370333.6351766
2016-09-14 00:00:00+00:00,1009943073.7800459
2016-09-15 00:00:00+00:00,1010953128.8186312
2016-09-16 00:00:00+00:00,1011320452.3479736
2016-09-19 00:00:00+00:00,1010193269.32428
2016-09-20 00:00:00+00:00,1009467038.9094294
2016-09-21 00:00:00+00:00,1007465618.519742
2016-09-22 00:00:00+00:00,1010044285.5094584
2016-09-23 00:00:00+00:00,1009282360.6486028
2016-09-26 00:00:00+00:00,1007532868.4141216
2016-09-27 00:00:00+00:00,1007311651.1383945
2016-09-28 00:00:00+00:00,1009203967.0478314
2016-09-29 00:00:00+00:00,999512220.6724558
2016-09-30 00:00:00+00:00,1024815583.8271077
2016-10-03 00:00:00+00:00,1043347113.5909557
2016-10-04 00:00:00+00:00,1049721566.9013036
2016-10-05 00:00:00+00:00,1054843622.9806849
2016-10-06 00:00:00+00:00,1060120772.5596656
2016-10-07 00:00:00+00:00,1060535822.7074964
2016-10-10 00:00:00+00:00,1064740985.7296867
2016-10-11 00:00:00+00:00,411563102.9806945
2016-10-12 00:00:00+00:00,411563102.9806945
2016-10-13 00:00:00+00:00,1055939344.581711
2016-10-14 00:00:00+00:00,1057781270.1714302
2016-10-17 00:00:00+00:00,1052813235.7164774
2016-10-18 00:00:00+00:00,1065145083.3544627
2016-10-19 00:00:00+00:00,1065143567.6010674
2016-10-20 00:00:00+00:00,1070191492.294442
2016-10-21 00:00:00+00:00,1067420963.8845918
2016-10-24 00:00:00+00:00,1064938772.7846165
2016-10-25 00:00:00+00:00,1066381937.5743946
2016-10-26 00:00:00+00:00,1060121124.0756832
2016-10-27 00:00:00+00:00,1054989905.6871578
2016-10-28 00:00:00+00:00,1058884728.7643653
2016-10-31 00:00:00+00:00,508878956.4993879
2016-11-01 00:00:00+00:00,1069080582.5005616
2016-11-02 00:00:00+00:00,1060657383.6585518
2016-11-03 00:00:00+00:00,1058672290.7991401
2016-11-04 00:00:00+00:00,1051909228.8019788
2016-11-07 00:00:00+00:00,1055798985.6363168
2016-11-08 00:00:00+00:00,1053714484.4249969
2016-11-09 00:00:00+00:00,1044927865.7597107
2016-11-10 00:00:00+00:00,1059737726.2453635
2016-11-11 00:00:00+00:00,1054816168.5533049
2016-11-14 00:00:00+00:00,875679232.838632
2016-11-15 00:00:00+00:00,1049950334.8043886
2016-11-16 00:00:00+00:00,1048783579.7477585
2016-11-17 00:00:00+00:00,1051384254.8389372
2016-11-18 00:00:00+00:00,1049994336.5236235
2016-11-21 00:00:00+00:00,1044149597.3985434
2016-11-22 00:00:00+00:00,1047520726.7461586
2016-11-23 00:00:00+00:00,1050103744.0366604
2016-11-24 00:00:00+00:00,1053595593.1325766
2016-11-25 00:00:00+00:00,1055699240.9844646
2016-11-28 00:00:00+00:00,1056185160.451895
2016-11-29 00:00:00+00:00,1058727622.3373238
2016-11-30 00:00:00+00:00,1065172974.831768
2016-12-01 00:00:00+00:00,1058419973.7191527
2016-12-02 00:00:00+00:00,1047448566.7444495
2016-12-05 00:00:00+00:00,1053058758.7069443
2016-12-06 00:00:00+00:00,1055097912.3010523
2016-12-07 00:00:00+00:00,1058771029.2411706
2016-12-08 00:00:00+00:00,1072195364.3467623
2016-12-09 00:00:00+00:00,1068765190.3628066
2016-12-12 00:00:00+00:00,1059098584.6730989
2016-12-13 00:00:00+00:00,1055774694.6870893
2016-12-14 00:00:00+00:00,1050601943.9870464
2016-12-15 00:00:00+00:00,1050244020.0103904
2016-12-16 00:00:00+00:00,1045706010.821879
2016-12-19 00:00:00+00:00,1041114036.8254466
2016-12-20 00:00:00+00:00,1034986633.6251752
2016-12-21 00:00:00+00:00,1035624844.4626027
2016-12-22 00:00:00+00:00,1024740272.5813808
2016-12-23 00:00:00+00:00,1028994588.7175496
2016-12-26 00:00:00+00:00,1016016224.998831
2016-12-27 00:00:00+00:00,1022484124.6026618
2016-12-28 00:00:00+00:00,1203019897.256526
2016-12-29 00:00:00+00:00,1212090093.3665009
2016-12-30 00:00:00+00:00,1216499757.2057085
2017-01-02 00:00:00+00:00,1133160353.6765082
2017-01-03 00:00:00+00:00,1231114711.7111738
2017-01-04 00:00:00+00:00,1230626767.8435912
2017-01-05 00:00:00+00:00,1248924383.795226
2017-01-06 00:00:00+00:00,1246065222.6925344
2017-01-09 00:00:00+00:00,1244476203.8573945
2017-01-10 00:00:00+00:00,1252280275.1323528
2017-01-11 00:00:00+00:00,1264288132.2672358
2017-01-12 00:00:00+00:00,1267624759.495015
2017-01-13 00:00:00+00:00,1267880686.4296687
2017-01-16 00:00:00+00:00,1221457246.065454
2017-01-17 00:00:00+00:00,1268334646.1825454
2017-01-18 00:00:00+00:00,1276308598.8881476
2017-01-19 00:00:00+00:00,1283405796.847723
2017-01-20 00:00:00+00:00,1275673650.6514637
2017-01-23 00:00:00+00:00,1285649023.3926005
2017-01-24 00:00:00+00:00,1295569647.693588
2017-01-25 00:00:00+00:00,1306112600.8230217
2017-01-26 00:00:00+00:00,911906306.0538899
2017-01-27 00:00:00+00:00,1306164874.088045
2017-01-30 00:00:00+00:00,1311047095.5391312
2017-01-31 00:00:00+00:00,1310092499.865494
2017-02-01 00:00:00+00:00,1313210309.460275
2017-02-02 00:00:00+00:00,1315397736.4415178
2017-02-03 00:00:00+00:00,1313696845.1893315
2017-02-06 00:00:00+00:00,1313696845.1893315
2017-02-07 00:00:00+00:00,1313091489.020104
2017-02-08 00:00:00+00:00,1314055576.5450077
2017-02-09 00:00:00+00:00,1313371746.8226275
2017-02-10 00:00:00+00:00,1313080278.0237799
2017-02-13 00:00:00+00:00,1314907557.5277865
2017-02-14 00:00:00+00:00,1314335834.3475313
2017-02-15 00:00:00+00:00,1313001804.470627
2017-02-16 00:00:00+00:00,1316488215.6393576
2017-02-17 00:00:00+00:00,1316424280.91294
2017-02-20 00:00:00+00:00,1316424280.91294
2017-02-21 00:00:00+00:00,1316424280.91294
2017-02-22 00:00:00+00:00,1316424280.91294
2017-02-23 00:00:00+00:00,1316424280.91294
2017-02-24 00:00:00+00:00,1316025079.844391
2017-02-27 00:00:00+00:00,1312474702.5582373
2017-02-28 00:00:00+00:00,1317248777.8634098
2017-03-01 00:00:00+00:00,1322967325.0062966
2017-03-02 00:00:00+00:00,1313847995.5811255
2017-03-03 00:00:00+00:00,1316280420.9512017
2017-03-06 00:00:00+00:00,1318269076.1240098
2017-03-07 00:00:00+00:00,1309544656.9618154
2017-03-08 00:00:00+00:00,1300492313.0775864
2017-03-09 00:00:00+00:00,1300110704.2456431
2017-03-10 00:00:00+00:00,1299591985.6609318
2017-03-13 00:00:00+00:00,732095786.1284771
2017-03-14 00:00:00+00:00,1307105726.9283562
2017-03-15 00:00:00+00:00,1310765552.0391438
2017-03-16 00:00:00+00:00,1325181782.3477347
2017-03-17 00:00:00+00:00,1324732440.84484
2017-03-20 00:00:00+00:00,1325717038.4255772
2017-03-21 00:00:00+00:00,1327089765.3718798
2017-03-22 00:00:00+00:00,1317281455.5304148
2017-03-23 00:00:00+00:00,1322917918.02551
2017-03-24 00:00:00+00:00,1323135134.3254929
2017-03-27 00:00:00+00:00,1397566256.6292248
2017-03-28 00:00:00+00:00,1403053961.7539544
2017-03-29 00:00:00+00:00,1407788375.1237257
2017-03-30 00:00:00+00:00,1410526697.036616
2017-03-31 00:00:00+00:00,1418306806.422359
2017-04-03 00:00:00+00:00,1417148997.735014
2017-04-04 00:00:00+00:00,568703116.8108623
2017-04-05 00:00:00+00:00,1430465630.6136427
2017-04-06 00:00:00+00:00,1440426708.9656477
2017-04-07 00:00:00+00:00,1438904686.283993
2017-04-10 00:00:00+00:00,1452921782.6897678
2017-04-11 00:00:00+00:00,1449348158.858291
2017-04-12 00:00:00+00:00,1445670618.8529694
2017-04-13 00:00:00+00:00,1437409679.0512748
2017-04-17 00:00:00+00:00,1437920153.5429485
2017-04-18 00:00:00+00:00,1431827572.4793124
2017-04-19 00:00:00+00:00,1429260864.7122056
2017-04-20 00:00:00+00:00,1430918617.0801952
2017-04-21 00:00:00+00:00,1427091918.5733314
2017-04-24 00:00:00+00:00,1432203902.6534784
2017-04-25 00:00:00+00:00,1439876919.2256873
2017-04-26 00:00:00+00:00,1440855134.9935107
2017-04-27 00:00:00+00:00,1439366902.6199977
2017-04-28 00:00:00+00:00,1440181729.5365064
2017-05-01 00:00:00+00:00,1137090533.9934788
2017-05-02 00:00:00+00:00,1440091289.82078
2017-05-03 00:00:00+00:00,1439125391.9982266
2017-05-04 00:00:00+00:00,1439868031.219081
2017-05-05 00:00:00+00:00,1437020781.205799
2017-05-08 00:00:00+00:00,1438046407.8573875
2017-05-09 00:00:00+00:00,1438909930.3895495
2017-05-10 00:00:00+00:00,1442842098.8021235
2017-05-11 00:00:00+00:00,1442317931.5114236
2017-05-12 00:00:00+00:00,1441332983.853409
2017-05-15 00:00:00+00:00,1443760425.7601604
2017-05-16 00:00:00+00:00,1445295261.4211566
2017-05-17 00:00:00+00:00,1445254785.6909316
2017-05-18 00:00:00+00:00,1438444655.0972683
2017-05-19 00:00:00+00:00,1438376454.5756772
2017-05-22 00:00:00+00:00,1437970635.2270038
2017-05-23 00:00:00+00:00,1438581896.1054358
2017-05-24 00:00:00+00:00,1438184347.3175383
2017-05-25 00:00:00+00:00,1452666703.2557259
2017-05-26 00:00:00+00:00,1462549570.4168038
2017-05-29 00:00:00+00:00,1454837399.7061598
2017-05-30 00:00:00+00:00,1460260994.1953533
2017-05-31 00:00:00+00:00,1463379234.2227771
2017-06-01 00:00:00+00:00,1455551627.996613
2017-06-02 00:00:00+00:00,1462187020.4124477
2017-06-05 00:00:00+00:00,1461097325.1059167
2017-06-06 00:00:00+00:00,1455194669.2448347
2017-06-07 00:00:00+00:00,1459714676.7480762
2017-06-08 00:00:00+00:00,1458539444.4327185
2017-06-09 00:00:00+00:00,1467608307.4697046
2017-06-12 00:00:00+00:00,1462848037.9361687
2017-06-13 00:00:00+00:00,1460985167.0959136
2017-06-14 00:00:00+00:00,1456913600.4891887
2017-06-15 00:00:00+00:00,1452989201.8501537
2017-06-16 00:00:00+00:00,1456944761.1974852
2017-06-19 00:00:00+00:00,1461834430.0478232
2017-06-20 00:00:00+00:00,1462728355.9604976
2017-06-21 00:00:00+00:00,1458329614.072893
2017-06-22 00:00:00+00:00,1455552435.8315191
2017-06-23 00:00:00+00:00,1482620254.7058218
2017-06-26 00:00:00+00:00,599615656.7035772
2017-06-27 00:00:00+00:00,1476082824.3519065
2017-06-28 00:00:00+00:00,1480393995.3268247
2017-06-29 00:00:00+00:00,1490226469.3601542
2017-06-30 00:00:00+00:00,1488631986.1530387
2017-07-03 00:00:00+00:00,1495773122.4192846
2017-07-04 00:00:00+00:00,1436404756.8790286
2017-07-05 00:00:00+00:00,1500071326.8752127
2017-07-06 00:00:00+00:00,1503508124.2690787
2017-07-07 00:00:00+00:00,1503975853.3221147
2017-07-10 00:00:00+00:00,1509402821.0424294
2017-07-11 00:00:00+00:00,1509415756.7982872
2017-07-12 00:00:00+00:00,1510414919.8493333
2017-07-13 00:00:00+00:00,1512263569.1428783
2017-07-14 00:00:00+00:00,1511377452.520273
2017-07-17 00:00:00+00:00,1518866869.7588365
2017-07-18 00:00:00+00:00,1517917612.4830065
2017-07-19 00:00:00+00:00,1522188516.1941183
2017-07-20 00:00:00+00:00,1518583361.7987754
2017-07-21 00:00:00+00:00,1515193922.6779318
2017-07-24 00:00:00+00:00,1513934446.1654396
2017-07-25 00:00:00+00:00,1516365033.141666
2017-07-26 00:00:00+00:00,1520314768.221708
2017-07-27 00:00:00+00:00,1518974378.3075433
2017-07-28 00:00:00+00:00,1518159793.1047673
2017-07-31 00:00:00+00:00,1522150582.4001105
2017-08-01 00:00:00+00:00,1526293642.8455517
2017-08-02 00:00:00+00:00,1525288924.2745893
2017-08-03 00:00:00+00:00,1523294336.8527865
2017-08-04 00:00:00+00:00,1527842344.7036386
2017-08-07 00:00:00+00:00,1530418902.6337438
2017-08-08 00:00:00+00:00,1526609926.937791
2017-08-09 00:00:00+00:00,1522872521.115252
2017-08-10 00:00:00+00:00,1520993336.1932678
2017-08-11 00:00:00+00:00,1520523541.198723
2017-08-14 00:00:00+00:00,1522702424.5470943
2017-08-15 00:00:00+00:00,1458518571.3331113
2017-08-16 00:00:00+00:00,1522921118.7222097
2017-08-17 00:00:00+00:00,1521584630.1490123
2017-08-18 00:00:00+00:00,1521082438.3977642
2017-08-21 00:00:00+00:00,1519421952.5947008
2017-08-22 00:00:00+00:00,1512682631.7093656
2017-08-23 00:00:00+00:00,1529224228.7320147
2017-08-24 00:00:00+00:00,1534491230.1009445
2017-08-25 00:00:00+00:00,543115806.8566486
2017-08-28 00:00:00+00:00,1543356671.6574762
2017-08-29 00:00:00+00:00,1529978897.5676432
2017-08-30 00:00:00+00:00,1550352430.4915895
2017-08-31 00:00:00+00:00,1554947034.4724054
2017-09-01 00:00:00+00:00,1562452065.3112895
2017-09-04 00:00:00+00:00,1495516538.1134295
2017-09-05 00:00:00+00:00,1559561372.0842085
2017-09-06 00:00:00+00:00,1566562311.9841032
2017-09-07 00:00:00+00:00,1582189020.9971523
2017-09-08 00:00:00+00:00,1579180511.5075326
2017-09-11 00:00:00+00:00,1591331890.1077425
2017-09-12 00:00:00+00:00,1598392049.4007542
2017-09-13 00:00:00+00:00,1592366916.567696
2017-09-14 00:00:00+00:00,1592609505.6346486
2017-09-15 00:00:00+00:00,1594288284.8906708
2017-09-18 00:00:00+00:00,1597447156.444756
2017-09-19 00:00:00+00:00,1594643882.0175993
2017-09-20 00:00:00+00:00,1498440355.4249465
2017-09-21 00:00:00+00:00,1490907405.5259922
2017-09-22 00:00:00+00:00,1465031350.0186558
2017-09-25 00:00:00+00:00,1454560387.6769865
2017-09-26 00:00:00+00:00,1453447796.7286708
2017-09-27 00:00:00+00:00,1453532335.7350523
2017-09-28 00:00:00+00:00,1453532335.7350523
2017-09-29 00:00:00+00:00,1453532335.7350523
2017-10-02 00:00:00+00:00,1453532335.7350523
2017-10-03 00:00:00+00:00,1453532335.7350523
2017-10-04 00:00:00+00:00,1453532335.7350523
2017-10-05 00:00:00+00:00,1453532335.7350523
2017-10-06 00:00:00+00:00,1453532335.7350523
2017-10-09 00:00:00+00:00,1453532335.7350523
2017-10-10 00:00:00+00:00,1453532335.7350523
2017-10-11 00:00:00+00:00,1453532335.7350523
2017-10-12 00:00:00+00:00,1453532335.7350523
2017-10-13 00:00:00+00:00,1453532335.7350523
2017-10-16 00:00:00+00:00,1453532335.7350523
2017-10-17 00:00:00+00:00,1453532335.7350523
2017-10-18 00:00:00+00:00,1453532335.7350523
2017-10-19 00:00:00+00:00,1443323855.510818
2017-10-20 00:00:00+00:00,522648883.95773655
2017-10-23 00:00:00+00:00,1450442578.0540273
2017-10-24 00:00:00+00:00,1450892467.9377565
2017-10-25 00:00:00+00:00,1443356700.973664
2017-10-26 00:00:00+00:00,1452926189.13583
2017-10-27 00:00:00+00:00,1450625106.063396
2017-10-30 00:00:00+00:00,1452864835.2580547
2017-10-31 00:00:00+00:00,1448131335.5963125
2017-11-01 00:00:00+00:00,1455921636.1177235
2017-11-02 00:00:00+00:00,1456819802.7032619
2017-11-03 00:00:00+00:00,1454082682.754185
2017-11-06 00:00:00+00:00,1456227561.1643283
2017-11-07 00:00:00+00:00,1446605459.93687
2017-11-08 00:00:00+00:00,1439839966.6597745
2017-11-09 00:00:00+00:00,1441139454.5002372
2017-11-10 00:00:00+00:00,1443618215.6760178
2017-11-13 00:00:00+00:00,1433047383.6765168
2017-11-14 00:00:00+00:00,1432467867.9186323
2017-11-15 00:00:00+00:00,1425258045.2024648
2017-11-16 00:00:00+00:00,1426402622.0011191
2017-11-17 00:00:00+00:00,1430538938.0751472
2017-11-20 00:00:00+00:00,1430970127.7161236
2017-11-21 00:00:00+00:00,1431908043.9845736
2017-11-22 00:00:00+00:00,1435866149.3933892
2017-11-23 00:00:00+00:00,1437721713.8898382
2017-11-24 00:00:00+00:00,1437138470.2909017
2017-11-27 00:00:00+00:00,1435073425.8834376
2017-11-28 00:00:00+00:00,1432378484.4587278
2017-11-29 00:00:00+00:00,1433171446.1680837
2017-11-30 00:00:00+00:00,1428409863.8991551
2017-12-01 00:00:00+00:00,1425163434.1867385
2017-12-04 00:00:00+00:00,1423837392.5455406
2017-12-05 00:00:00+00:00,1423599391.0467398
2017-12-06 00:00:00+00:00,1421948142.3211942
2017-12-07 00:00:00+00:00,1423635588.7013657
2017-12-08 00:00:00+00:00,1422902326.883404
2017-12-11 00:00:00+00:00,1423183299.361764
2017-12-12 00:00:00+00:00,1423531244.8298914
2017-12-13 00:00:00+00:00,1422259140.78342
2017-12-14 00:00:00+00:00,1422976165.7079887
2017-12-15 00:00:00+00:00,1423799064.7043543
2017-12-18 00:00:00+00:00,1462470597.645393
2017-12-19 00:00:00+00:00,1479382239.112432
2017-12-20 00:00:00+00:00,1484252772.3539557
2017-12-21 00:00:00+00:00,1484750751.7937043
2017-12-22 00:00:00+00:00,1486791873.8130312
2017-12-26 00:00:00+00:00,1496109727.3146522
2017-12-27 00:00:00+00:00,1490931746.037025
2017-12-28 00:00:00+00:00,1497683681.612159
2017-12-29 00:00:00+00:00,1500574319.9514594
2018-01-01 00:00:00+00:00,1493691757.2269242
2018-01-02 00:00:00+00:00,1487911179.6835523
2018-01-03 00:00:00+00:00,1491670393.2763896
2018-01-04 00:00:00+00:00,1504558575.010389
2018-01-05 00:00:00+00:00,1517425340.442618
2018-01-08 00:00:00+00:00,1519560351.1348157
2018-01-09 00:00:00+00:00,1524315941.2687423
2018-01-10 00:00:00+00:00,1525493938.9797876
2018-01-11 00:00:00+00:00,1528178443.8384676
2018-01-12 00:00:00+00:00,1522579495.9774306
2018-01-15 00:00:00+00:00,1520342754.317365
2018-01-16 00:00:00+00:00,1507740875.4234126
2018-01-17 00:00:00+00:00,1511400747.2896109
2018-01-18 00:00:00+00:00,1501054722.6549017
2018-01-19 00:00:00+00:00,1503948428.961941
2018-01-22 00:00:00+00:00,1506152188.686309
2018-01-23 00:00:00+00:00,1511000821.7011673
2018-01-24 00:00:00+00:00,1506792249.2711558
2018-01-25 00:00:00+00:00,1503652577.9775603
2018-01-26 00:00:00+00:00,1078559963.3231437
2018-01-29 00:00:00+00:00,1509441695.8946478
2018-01-30 00:00:00+00:00,1506796697.9440372
2018-01-31 00:00:00+00:00,1499669874.0276031
2018-02-01 00:00:00+00:00,1496551456.7716758
2018-02-02 00:00:00+00:00,1482464833.7626178
2018-02-05 00:00:00+00:00,1476245572.218202
2018-02-06 00:00:00+00:00,1469498533.7126253
2018-02-07 00:00:00+00:00,1469609627.4894736
2018-02-08 00:00:00+00:00,1471194497.098595
2018-02-09 00:00:00+00:00,1472562312.9884217
2018-02-12 00:00:00+00:00,1475498952.2197607
2018-02-13 00:00:00+00:00,1354205671.279783
2018-02-14 00:00:00+00:00,1475267874.6130173
2018-02-15 00:00:00+00:00,1468099460.255741
2018-02-16 00:00:00+00:00,1458258680.223596
2018-02-19 00:00:00+00:00,1446191664.4706957
2018-02-20 00:00:00+00:00,1449292836.7516289
2018-02-21 00:00:00+00:00,1438397065.9388404
2018-02-22 00:00:00+00:00,1437436233.4332645
2018-02-23 00:00:00+00:00,1454833832.9932969
2018-02-26 00:00:00+00:00,1479113841.9969232
2018-02-27 00:00:00+00:00,1470414207.746739
2018-02-28 00:00:00+00:00,1466043147.9215312
2018-03-01 00:00:00+00:00,1461416208.0344129
2018-03-02 00:00:00+00:00,574305392.6645881
2018-03-05 00:00:00+00:00,1444770591.4203382
2018-03-06 00:00:00+00:00,1434027992.5214014
2018-03-07 00:00:00+00:00,1426853067.3821514
2018-03-08 00:00:00+00:00,1431672803.0649579
2018-03-09 00:00:00+00:00,1433267942.0336916
2018-03-12 00:00:00+00:00,1443445044.7556784
2018-03-13 00:00:00+00:00,1450090542.6445992
2018-03-14 00:00:00+00:00,1450665866.6794116
2018-03-15 00:00:00+00:00,1448846650.6890647
2018-03-16 00:00:00+00:00,1457839838.5489938
2018-03-19 00:00:00+00:00,1440418880.527742
2018-03-20 00:00:00+00:00,1445742240.8160145
2018-03-21 00:00:00+00:00,1448043295.0357814
2018-03-22 00:00:00+00:00,1446728071.2186143
2018-03-23 00:00:00+00:00,1433914417.317699
2018-03-26 00:00:00+00:00,1442109561.9555264
2018-03-27 00:00:00+00:00,1446399407.3052628
2018-03-28 00:00:00+00:00,1442087593.1263182
2018-03-29 00:00:00+00:00,966211833.8257794
2018-04-02 00:00:00+00:00,1450500946.9417956
2018-04-03 00:00:00+00:00,1452161028.815581
2018-04-04 00:00:00+00:00,1445174153.7809703
2018-04-05 00:00:00+00:00,1455334411.8775814
2018-04-06 00:00:00+00:00,1459247926.1480584
2018-04-09 00:00:00+00:00,1463714032.1408808
2018-04-10 00:00:00+00:00,1461499565.9722888
2018-04-11 00:00:00+00:00,1464775773.9846714
2018-04-12 00:00:00+00:00,1464038471.2547617
2018-04-13 00:00:00+00:00,1463333470.7354815
2018-04-16 00:00:00+00:00,1467007673.6294684
2018-04-17 00:00:00+00:00,1468775408.7622693
2018-04-18 00:00:00+00:00,1468659687.170442
2018-04-19 00:00:00+00:00,1471628926.5235415
2018-04-20 00:00:00+00:00,1469466461.1702795
2018-04-23 00:00:00+00:00,1469931008.820604
2018-04-24 00:00:00+00:00,1472521608.8643515
2018-04-25 00:00:00+00:00,1472024053.2102246
2018-04-26 00:00:00+00:00,1473587373.307054
2018-04-27 00:00:00+00:00,1473838820.2066772
2018-04-30 00:00:00+00:00,1471402328.0003288
2018-05-01 00:00:00+00:00,1286208028.2529976
2018-05-02 00:00:00+00:00,1469579494.8680928
2018-05-03 00:00:00+00:00,1469766545.346395
2018-05-04 00:00:00+00:00,1468380262.2713323
2018-05-07 00:00:00+00:00,1471586669.1516805
2018-05-08 00:00:00+00:00,1471194980.4816916
2018-05-09 00:00:00+00:00,1470979416.0994303
2018-05-10 00:00:00+00:00,1470739279.256614
2018-05-11 00:00:00+00:00,1472398464.4088647
2018-05-14 00:00:00+00:00,1472997134.4844775
2018-05-15 00:00:00+00:00,1473729535.1714842
2018-05-16 00:00:00+00:00,1477767616.5120587
2018-05-17 00:00:00+00:00,1480569082.866655
2018-05-18 00:00:00+00:00,1474151245.9952042
2018-05-21 00:00:00+00:00,1459392570.650077
2018-05-22 00:00:00+00:00,1463327005.0871947
2018-05-23 00:00:00+00:00,1461061464.9863713
2018-05-24 00:00:00+00:00,1464406820.7177498
2018-05-25 00:00:00+00:00,1470947461.5388148
2018-05-28 00:00:00+00:00,1468915468.9870899
2018-05-29 00:00:00+00:00,1465670226.5640512
2018-05-30 00:00:00+00:00,1466534482.7662451
2018-05-31 00:00:00+00:00,1471123263.5266416
2018-06-01 00:00:00+00:00,1465743238.753407
2018-06-04 00:00:00+00:00,1459432717.8446655
2018-06-05 00:00:00+00:00,1457907324.2193048
2018-06-06 00:00:00+00:00,1461297819.5329492
2018-06-07 00:00:00+00:00,1467145038.4201913
2018-06-08 00:00:00+00:00,1469886384.2967813
2018-06-11 00:00:00+00:00,1470923405.5196242
2018-06-12 00:00:00+00:00,1473300190.7527273
2018-06-13 00:00:00+00:00,1473787633.25625
2018-06-14 00:00:00+00:00,1506455863.0242465
2018-06-15 00:00:00+00:00,1506131163.3200119
2018-06-18 00:00:00+00:00,1501670635.8088152
2018-06-19 00:00:00+00:00,1492899846.7398596
2018-06-20 00:00:00+00:00,1496954204.3968904
2018-06-21 00:00:00+00:00,1494155061.1671154
2018-06-22 00:00:00+00:00,1499298179.634334
2018-06-25 00:00:00+00:00,1498908674.8514764
2018-06-26 00:00:00+00:00,1498998219.0890806
2018-06-27 00:00:00+00:00,1499321281.948246
2018-06-28 00:00:00+00:00,1487795760.9409654
2018-06-29 00:00:00+00:00,1498077248.6902251
2018-07-02 00:00:00+00:00,1498643884.4210398
2018-07-03 00:00:00+00:00,1503434753.3082957
2018-07-04 00:00:00+00:00,1440212570.1224875
2018-07-05 00:00:00+00:00,1504437012.624066
2018-07-06 00:00:00+00:00,1507605032.6542182
2018-07-09 00:00:00+00:00,1510256028.7693577
2018-07-10 00:00:00+00:00,1512533227.9525404
2018-07-11 00:00:00+00:00,1516298602.6438208
2018-07-12 00:00:00+00:00,1518176718.8484092
2018-07-13 00:00:00+00:00,1524677832.5631962
2018-07-16 00:00:00+00:00,1520866242.4802582
2018-07-17 00:00:00+00:00,1516971078.2366192
2018-07-18 00:00:00+00:00,1515044366.978881
2018-07-19 00:00:00+00:00,1515670866.4613132
2018-07-20 00:00:00+00:00,1524564392.8104095
2018-07-23 00:00:00+00:00,1522149942.7996335
2018-07-24 00:00:00+00:00,1523904846.1386545
2018-07-25 00:00:00+00:00,1523890272.963442
2018-07-26 00:00:00+00:00,1520936523.7333758
2018-07-27 00:00:00+00:00,1519466398.5363715
2018-07-30 00:00:00+00:00,1522787487.0655682
2018-07-31 00:00:00+00:00,1529550530.7454684
2018-08-01 00:00:00+00:00,1534929508.794654
2018-08-02 00:00:00+00:00,1535610423.0560925
2018-08-03 00:00:00+00:00,1535030874.9396322
2018-08-06 00:00:00+00:00,1532546631.5569825
2018-08-07 00:00:00+00:00,1530246949.5833774
2018-08-08 00:00:00+00:00,1527878230.3199217
2018-08-09 00:00:00+00:00,1527790365.6251
2018-08-10 00:00:00+00:00,1528646265.6493423
2018-08-13 00:00:00+00:00,1530082870.6198153
2018-08-14 00:00:00+00:00,1532658252.9400082
2018-08-15 00:00:00+00:00,1138210068.4980712
2018-08-16 00:00:00+00:00,1533361238.1144466
2018-08-17 00:00:00+00:00,1537699730.2690275
2018-08-20 00:00:00+00:00,1543786597.4908822
2018-08-21 00:00:00+00:00,1544331860.536941
2018-08-22 00:00:00+00:00,1208435287.4109364
2018-08-23 00:00:00+00:00,1554009573.49639
2018-08-24 00:00:00+00:00,1556621851.0864956
2018-08-27 00:00:00+00:00,1557899426.9920254
2018-08-28 00:00:00+00:00,1555690481.0409997
2018-08-29 00:00:00+00:00,1555979047.3556786
2018-08-30 00:00:00+00:00,1557985942.625079
2018-08-31 00:00:00+00:00,1557809232.3877985
2018-09-03 00:00:00+00:00,1490795548.4103336
2018-09-04 00:00:00+00:00,1553523195.6957116
2018-09-05 00:00:00+00:00,1549384456.3862417
2018-09-06 00:00:00+00:00,1548789675.3726802
2018-09-07 00:00:00+00:00,1549545601.2652214
2018-09-10 00:00:00+00:00,1548275052.2413309
2018-09-11 00:00:00+00:00,1528819135.9856162
2018-09-12 00:00:00+00:00,1538350136.4404225
2018-09-13 00:00:00+00:00,614982013.2927059
2018-09-14 00:00:00+00:00,1549674189.979666
2018-09-17 00:00:00+00:00,1543266119.9170804
2018-09-18 00:00:00+00:00,1545044189.8233716
2018-09-19 00:00:00+00:00,1544623057.9928288
2018-09-20 00:00:00+00:00,738633082.1950055
2018-09-21 00:00:00+00:00,1525846743.9584517
2018-09-24 00:00:00+00:00,1521226420.899786
2018-09-25 00:00:00+00:00,1525438893.670139
2018-09-26 00:00:00+00:00,1524412505.9575372
2018-09-27 00:00:00+00:00,1523250716.6677685
2018-09-28 00:00:00+00:00,1516878605.530966
2018-10-01 00:00:00+00:00,1519888467.4450798
2018-10-02 00:00:00+00:00,1334556127.7220006
2018-10-03 00:00:00+00:00,1518232915.1611369
2018-10-04 00:00:00+00:00,1515292947.2637262
2018-10-05 00:00:00+00:00,1514593848.3523068
2018-10-08 00:00:00+00:00,1513988106.1063795
2018-10-09 00:00:00+00:00,1512569742.0559056
2018-10-10 00:00:00+00:00,1528484554.492725
2018-10-11 00:00:00+00:00,1503726131.1553304
2018-10-12 00:00:00+00:00,1523171698.4465208
2018-10-15 00:00:00+00:00,1520883435.3182635
2018-10-16 00:00:00+00:00,1529849515.3569145
2018-10-17 00:00:00+00:00,1513862848.1741388
2018-10-18 00:00:00+00:00,770401014.2915889
2018-10-19 00:00:00+00:00,1504112284.9180632
2018-10-22 00:00:00+00:00,1500116714.7407649
2018-10-23 00:00:00+00:00,1490911663.1048648
2018-10-24 00:00:00+00:00,1498814279.6724606
2018-10-25 00:00:00+00:00,1492271798.4150472
2018-10-26 00:00:00+00:00,1495282877.1691387
2018-10-29 00:00:00+00:00,1515554466.8591
2018-10-30 00:00:00+00:00,1515504621.4748552
2018-10-31 00:00:00+00:00,1527047228.2759938
2018-11-01 00:00:00+00:00,1523569897.4548728
2018-11-02 00:00:00+00:00,1521415189.0560377
2018-11-05 00:00:00+00:00,1519552045.8285596
2018-11-06 00:00:00+00:00,1519247380.4019687
2018-11-07 00:00:00+00:00,1522958250.711516
2018-11-08 00:00:00+00:00,879674904.7219213
2018-11-09 00:00:00+00:00,1525712589.7037437
2018-11-12 00:00:00+00:00,1529349941.9614577
2018-11-13 00:00:00+00:00,1532351238.3914483
2018-11-14 00:00:00+00:00,1530532477.1061473
2018-11-15 00:00:00+00:00,1537356935.3353715
2018-11-16 00:00:00+00:00,1543609015.6779935
2018-11-19 00:00:00+00:00,1545902376.603238
2018-11-20 00:00:00+00:00,1537908701.4582422
2018-11-21 00:00:00+00:00,1537487187.1544778
2018-11-22 00:00:00+00:00,1536951913.667463
2018-11-23 00:00:00+00:00,1086646563.4660175
2018-11-26 00:00:00+00:00,1541671589.8341784
2018-11-27 00:00:00+00:00,1543577090.8856294
2018-11-28 00:00:00+00:00,1546991797.6011064
2018-11-29 00:00:00+00:00,1549020620.2278967
2018-11-30 00:00:00+00:00,1555569774.9049997
2018-12-03 00:00:00+00:00,1554325322.3090048
2018-12-04 00:00:00+00:00,1551923905.7005372
2018-12-05 00:00:00+00:00,1550829155.2951639
2018-12-06 00:00:00+00:00,1539318155.673929
2018-12-07 00:00:00+00:00,1482482322.3707783
2018-12-10 00:00:00+00:00,1466212551.1390977
2018-12-11 00:00:00+00:00,1478433573.343804
2018-12-12 00:00:00+00:00,1494063992.0026424
2018-12-13 00:00:00+00:00,1499580063.0452847
2018-12-14 00:00:00+00:00,1498230975.3019788
2018-12-17 00:00:00+00:00,1501651900.259109
2018-12-18 00:00:00+00:00,1502793364.4446266
2018-12-19 00:00:00+00:00,1506295390.1579955
2018-12-20 00:00:00+00:00,1502858189.2311132
2018-12-21 00:00:00+00:00,1486622942.9385037
2018-12-24 00:00:00+00:00,1478649537.8125849
2018-12-26 00:00:00+00:00,1478067144.6545339
2018-12-27 00:00:00+00:00,1482076337.6148434
2018-12-28 00:00:00+00:00,1492613673.2350028
2018-12-31 00:00:00+00:00,1494046716.7389872
2019-01-01 00:00:00+00:00,1491078613.0429437
2019-01-02 00:00:00+00:00,1484058647.2566998
2019-01-03 00:00:00+00:00,1479556851.0246673
2019-01-04 00:00:00+00:00,1474881964.305186
2019-01-07 00:00:00+00:00,1477762526.3340223
2019-01-08 00:00:00+00:00,1477228805.9832337
2019-01-09 00:00:00+00:00,1480948345.99734
2019-01-10 00:00:00+00:00,1484084121.4258866
2019-01-11 00:00:00+00:00,1483059150.4162552
2019-01-14 00:00:00+00:00,1476998074.7556212
2019-01-15 00:00:00+00:00,1485490675.0877917
2019-01-16 00:00:00+00:00,1484307135.4041665
2019-01-17 00:00:00+00:00,1482685096.1977391
2019-01-18 00:00:00+00:00,1482927764.9719253
2019-01-21 00:00:00+00:00,1483119876.4925745
2019-01-22 00:00:00+00:00,1487445673.218019
2019-01-23 00:00:00+00:00,1489296632.7936866
2019-01-24 00:00:00+00:00,1489922815.7692158
2019-01-25 00:00:00+00:00,1484092197.67387
2019-01-28 00:00:00+00:00,1468635834.03386
2019-01-29 00:00:00+00:00,1471792293.842068
2019-01-30 00:00:00+00:00,1470932369.8026085
2019-01-31 00:00:00+00:00,1474377762.889705
2019-02-01 00:00:00+00:00,1480537252.132374
2019-02-04 00:00:00+00:00,1484645124.4010632
2019-02-05 00:00:00+00:00,1483770102.627452
2019-02-06 00:00:00+00:00,1493520967.914835
2019-02-07 00:00:00+00:00,1495123763.995242
2019-02-08 00:00:00+00:00,1489995740.3823686
2019-02-11 00:00:00+00:00,1484529166.4643567
2019-02-12 00:00:00+00:00,1479700674.8759487
2019-02-13 00:00:00+00:00,970535871.6489186
2019-02-14 00:00:00+00:00,1474679890.2478495
2019-02-15 00:00:00+00:00,1470394974.8465035
2019-02-18 00:00:00+00:00,1467327934.6640303
2019-02-19 00:00:00+00:00,1465824175.2392144
2019-02-20 00:00:00+00:00,1469201821.247174
2019-02-21 00:00:00+00:00,1471274824.026043
2019-02-22 00:00:00+00:00,1472658626.589925
2019-02-25 00:00:00+00:00,1478358678.806727
2019-02-26 00:00:00+00:00,1478485772.5039198
2019-02-27 00:00:00+00:00,1476483721.581023
2019-02-28 00:00:00+00:00,1476270100.0503073
2019-03-01 00:00:00+00:00,1476282986.858461
2019-03-04 00:00:00+00:00,1097917535.3709807
2019-03-05 00:00:00+00:00,1475563406.9128518
2019-03-06 00:00:00+00:00,1478114255.88724
2019-03-07 00:00:00+00:00,1506938938.479878
2019-03-08 00:00:00+00:00,1506381874.694041
2019-03-11 00:00:00+00:00,1520120184.9359012
2019-03-12 00:00:00+00:00,1527985449.942839
2019-03-13 00:00:00+00:00,1525755123.6194386
2019-03-14 00:00:00+00:00,1524827645.2621315
2019-03-15 00:00:00+00:00,1523423703.5685332
2019-03-18 00:00:00+00:00,1526439749.1787903
2019-03-19 00:00:00+00:00,1532167058.0517712
2019-03-20 00:00:00+00:00,1529961084.8829906
2019-03-21 00:00:00+00:00,601512203.436512
2019-03-22 00:00:00+00:00,1528152541.2464325
2019-03-25 00:00:00+00:00,1523196222.8801844
2019-03-26 00:00:00+00:00,1532498781.7633502
2019-03-27 00:00:00+00:00,1530457754.6470008
2019-03-28 00:00:00+00:00,1537388972.6581192
2019-03-29 00:00:00+00:00,659992405.7589321
2019-04-01 00:00:00+00:00,1546099906.0039196
2019-04-02 00:00:00+00:00,1547139542.4005768
2019-04-03 00:00:00+00:00,1542212792.8448286
2019-04-04 00:00:00+00:00,1540733218.085212
2019-04-05 00:00:00+00:00,1542867959.0286937
2019-04-08 00:00:00+00:00,1536899903.8777618
2019-04-09 00:00:00+00:00,1538387010.8363128
2019-04-10 00:00:00+00:00,1534963300.9949121
2019-04-11 00:00:00+00:00,1535171061.179274
2019-04-12 00:00:00+00:00,1537150087.854565
2019-04-15 00:00:00+00:00,1538501484.6635833
2019-04-16 00:00:00+00:00,1541412580.7310476
2019-04-17 00:00:00+00:00,971614443.3794281
2019-04-18 00:00:00+00:00,1542597749.913822
2019-04-22 00:00:00+00:00,1537591421.283828
2019-04-23 00:00:00+00:00,1538922441.6784232
2019-04-24 00:00:00+00:00,1544742739.2605624
2019-04-25 00:00:00+00:00,1540011423.019326
2019-04-26 00:00:00+00:00,1544606751.2327497
2019-04-29 00:00:00+00:00,1029573652.0175273
2019-04-30 00:00:00+00:00,1547834363.7650974
2019-05-01 00:00:00+00:00,1029573652.0175273
2019-05-02 00:00:00+00:00,1540751332.1281095
2019-05-03 00:00:00+00:00,1535607244.3295333
2019-05-06 00:00:00+00:00,1531837872.9727159
2019-05-07 00:00:00+00:00,1529796345.521439
2019-05-08 00:00:00+00:00,1525403703.5533636
2019-05-09 00:00:00+00:00,1521558149.3264923
2019-05-10 00:00:00+00:00,1519377240.9266505
2019-05-13 00:00:00+00:00,1518766498.9312277
2019-05-14 00:00:00+00:00,1517941932.4358928
2019-05-15 00:00:00+00:00,1518266417.1450095
2019-05-16 00:00:00+00:00,1519147562.2090464
2019-05-17 00:00:00+00:00,1519930902.9669912
2019-05-20 00:00:00+00:00,1525988249.0232427
2019-05-21 00:00:00+00:00,1524681476.4212081
2019-05-22 00:00:00+00:00,1524397502.4757838
2019-05-23 00:00:00+00:00,1523812445.6173842
2019-05-24 00:00:00+00:00,1522964335.3461392
2019-05-27 00:00:00+00:00,1524137952.9687152
2019-05-28 00:00:00+00:00,1525736485.7829993
2019-05-29 00:00:00+00:00,1526842515.7409475
2019-05-30 00:00:00+00:00,1529493410.3426208
2019-05-31 00:00:00+00:00,1532082956.957659
2019-06-03 00:00:00+00:00,1536020995.1027336
2019-06-04 00:00:00+00:00,1533024761.4001231
2019-06-05 00:00:00+00:00,1498336938.773443
2019-06-06 00:00:00+00:00,1477405349.4387352
2019-06-07 00:00:00+00:00,1478162306.0979917
2019-06-10 00:00:00+00:00,1486362279.8873525
2019-06-11 00:00:00+00:00,1491989996.3011866
2019-06-12 00:00:00+00:00,1488350358.8161807
2019-06-13 00:00:00+00:00,1487950872.5046635
2019-06-14 00:00:00+00:00,1478761225.578037
2019-06-17 00:00:00+00:00,1470485496.4607117
2019-06-18 00:00:00+00:00,1475151878.0104752
2019-06-19 00:00:00+00:00,1471509450.123983
2019-06-20 00:00:00+00:00,1480782795.62486
2019-06-21 00:00:00+00:00,1475872488.2914724
2019-06-24 00:00:00+00:00,1479073940.4009826
2019-06-25 00:00:00+00:00,1483214778.8715262
2019-06-26 00:00:00+00:00,1485423712.5368123
2019-06-27 00:00:00+00:00,1484372665.0607252
2019-06-28 00:00:00+00:00,1484509055.659631
2019-07-01 00:00:00+00:00,1499424149.294838
2019-07-02 00:00:00+00:00,1505477703.9735167
2019-07-03 00:00:00+00:00,1505318194.5022483
2019-07-04 00:00:00+00:00,1506176249.8846817
2019-07-05 00:00:00+00:00,1499922725.1150193
2019-07-08 00:00:00+00:00,1481573196.6335087
2019-07-09 00:00:00+00:00,1491437487.3033967
2019-07-10 00:00:00+00:00,1482749283.2089412
2019-07-11 00:00:00+00:00,1485494668.5828378
2019-07-12 00:00:00+00:00,1485804436.165136
2019-07-15 00:00:00+00:00,1488042608.9106288
2019-07-16 00:00:00+00:00,1493812335.5420141
2019-07-17 00:00:00+00:00,1495680122.1050558
2019-07-18 00:00:00+00:00,1491827968.8837864
2019-07-19 00:00:00+00:00,1482588927.8275275
2019-07-22 00:00:00+00:00,1484327294.871947
2019-07-23 00:00:00+00:00,1482577958.6880393
2019-07-24 00:00:00+00:00,1480109109.494113
2019-07-25 00:00:00+00:00,1483259498.2459865
2019-07-26 00:00:00+00:00,1486873359.522739
2019-07-29 00:00:00+00:00,1486180449.9670732
2019-07-30 00:00:00+00:00,1479899770.7609763
2019-07-31 00:00:00+00:00,1479130578.764348
2019-08-01 00:00:00+00:00,1472514380.5572696
2019-08-02 00:00:00+00:00,1472868065.758621
2019-08-05 00:00:00+00:00,1467176071.5903366
2019-08-06 00:00:00+00:00,1471203607.802232
2019-08-07 00:00:00+00:00,1471436311.6574001
2019-08-08 00:00:00+00:00,1473654525.9714665
2019-08-09 00:00:00+00:00,1475658489.3029206
2019-08-12 00:00:00+00:00,1280590575.8751655
2019-08-13 00:00:00+00:00,1466493884.498815
2019-08-14 00:00:00+00:00,1468618862.2059388
2019-08-15 00:00:00+00:00,1280590575.8751655
2019-08-16 00:00:00+00:00,1468569970.4795537
2019-08-19 00:00:00+00:00,1470337992.149934
2019-08-20 00:00:00+00:00,1467919489.0386364
2019-08-21 00:00:00+00:00,1466273011.875127
2019-08-22 00:00:00+00:00,1462813391.916989
2019-08-23 00:00:00+00:00,1464310070.859267
2019-08-26 00:00:00+00:00,1466379392.6441996
2019-08-27 00:00:00+00:00,1467332597.7355125
2019-08-28 00:00:00+00:00,1466498546.121389
2019-08-29 00:00:00+00:00,1464234681.188745
2019-08-30 00:00:00+00:00,1465485764.2914813
2019-09-03 00:00:00+00:00,1497300677.0183594
2019-09-04 00:00:00+00:00,1499878043.7859728
2019-09-05 00:00:00+00:00,1503852057.9497497
2019-09-06 00:00:00+00:00,1513010166.636391
2019-09-09 00:00:00+00:00,1518189192.0367382
2019-09-10 00:00:00+00:00,598738817.3554364
2019-09-11 00:00:00+00:00,1524914143.282636
2019-09-12 00:00:00+00:00,1522011809.2633393
2019-09-13 00:00:00+00:00,1530625326.1509666
2019-09-16 00:00:00+00:00,1534786544.6744576
2019-09-17 00:00:00+00:00,1518931824.6410904
2019-09-18 00:00:00+00:00,1525841424.6331496
2019-09-19 00:00:00+00:00,1514408361.3809597
2019-09-20 00:00:00+00:00,1541046080.6882987
2019-09-23 00:00:00+00:00,1546496032.946134
2019-09-24 00:00:00+00:00,1544535085.991671
2019-09-25 00:00:00+00:00,1536406817.746558
2019-09-26 00:00:00+00:00,1542310949.4881077
2019-09-27 00:00:00+00:00,1540362681.428349
2019-09-30 00:00:00+00:00,1534950633.8106802
2019-10-01 00:00:00+00:00,1528092689.416342
2019-10-02 00:00:00+00:00,1093957021.685467
2019-10-03 00:00:00+00:00,1524574596.9203117
2019-10-04 00:00:00+00:00,1523100787.0349393
2019-10-07 00:00:00+00:00,1523180093.5770912
2019-10-08 00:00:00+00:00,1400170847.6405957
2019-10-09 00:00:00+00:00,1524833345.2810764
2019-10-10 00:00:00+00:00,1527268170.595391
2019-10-11 00:00:00+00:00,1528066714.2554708
2019-10-14 00:00:00+00:00,1527677796.8258622
2019-10-15 00:00:00+00:00,1527613008.6564908
2019-10-16 00:00:00+00:00,1527844956.8007553
2019-10-17 00:00:00+00:00,1529089953.9029589
2019-10-18 00:00:00+00:00,1531624609.5460608
2019-10-21 00:00:00+00:00,1400170847.6405957
2019-10-22 00:00:00+00:00,1530807404.4453676
2019-10-23 00:00:00+00:00,1529864064.468961
2019-10-24 00:00:00+00:00,1531869322.9906151
2019-10-25 00:00:00+00:00,1532465467.687983
2019-10-27 00:00:00+00:00,1532790087.6655524
2019-10-28 00:00:00+00:00,1400170847.6405957
2019-10-29 00:00:00+00:00,1534415466.3655193
2019-10-30 00:00:00+00:00,1532494816.694471
2019-10-31 00:00:00+00:00,1538509375.966523
2019-11-01 00:00:00+00:00,1534792112.8116121
2019-11-04 00:00:00+00:00,1539458670.3304439
2019-11-05 00:00:00+00:00,1536964951.274893
2019-11-06 00:00:00+00:00,1535477262.4372582
2019-11-07 00:00:00+00:00,1542471921.0481322
2019-11-08 00:00:00+00:00,1531504731.589761
2019-11-11 00:00:00+00:00,1534148829.4514172
2019-11-12 00:00:00+00:00,724892623.6727815
2019-11-13 00:00:00+00:00,1526492463.6664424
2019-11-14 00:00:00+00:00,1529995826.2074618
2019-11-15 00:00:00+00:00,1532471252.1380868
2019-11-18 00:00:00+00:00,1530308672.0561447
2019-11-19 00:00:00+00:00,1528959061.579305
2019-11-20 00:00:00+00:00,1532678439.7342274
2019-11-21 00:00:00+00:00,1528599506.0677907
2019-11-22 00:00:00+00:00,1523565861.3535361
2019-11-25 00:00:00+00:00,1530191203.2398903
2019-11-26 00:00:00+00:00,1530078442.6528327
2019-11-27 00:00:00+00:00,1533023382.6669939
2019-11-28 00:00:00+00:00,1614702183.2395024
2019-11-29 00:00:00+00:00,1613400778.5253377
2019-12-02 00:00:00+00:00,1608356167.855229
2019-12-03 00:00:00+00:00,1602832422.9545171
2019-12-04 00:00:00+00:00,1612059718.3590963
2019-12-05 00:00:00+00:00,1605829809.4988704
2019-12-06 00:00:00+00:00,1601833866.4275045
2019-12-09 00:00:00+00:00,1601552305.421587
2019-12-10 00:00:00+00:00,1597540429.1411054
2019-12-11 00:00:00+00:00,1604120300.210809
2019-12-12 00:00:00+00:00,1608817068.2786126
2019-12-13 00:00:00+00:00,1610210599.0179393
2019-12-16 00:00:00+00:00,1607115882.9043415
2019-12-17 00:00:00+00:00,1612514596.6717734
2019-12-18 00:00:00+00:00,1614567736.26505
2019-12-19 00:00:00+00:00,1618438807.2225342
2019-12-20 00:00:00+00:00,1623908430.72611
2019-12-23 00:00:00+00:00,1628178963.1612873
2019-12-24 00:00:00+00:00,1631210413.1527245
2019-12-26 00:00:00+00:00,1631106531.4378462
2019-12-27 00:00:00+00:00,1632721171.4840505
2019-12-30 00:00:00+00:00,1638865345.850053
2019-12-31 00:00:00+00:00,1638681188.147287
2020-01-01 00:00:00+00:00,1636953069.5596154
2020-01-02 00:00:00+00:00,1637434593.5831134
2020-01-03 00:00:00+00:00,1632514907.7601986
2020-01-06 00:00:00+00:00,1621728649.4236972
2020-01-07 00:00:00+00:00,1623619030.2042394
2020-01-08 00:00:00+00:00,1625109350.73035
2020-01-09 00:00:00+00:00,1634597415.9318643
2020-01-10 00:00:00+00:00,1634100560.4240975
2020-01-13 00:00:00+00:00,1637173704.207783
2020-01-14 00:00:00+00:00,1641058868.1918144
2020-01-15 00:00:00+00:00,1644726887.815464
2020-01-16 00:00:00+00:00,1648724633.8482356
2020-01-17 00:00:00+00:00,1653900344.2802162
2020-01-20 00:00:00+00:00,1651994076.0348854
2020-01-21 00:00:00+00:00,1647047780.3460898
2020-01-22 00:00:00+00:00,1644438305.784451
2020-01-23 00:00:00+00:00,1651073590.228813
2020-01-24 00:00:00+00:00,1657157953.0191588
2020-01-27 00:00:00+00:00,1651931865.462224
2020-01-28 00:00:00+00:00,1645572578.528424
2020-01-29 00:00:00+00:00,1649718209.5874605
2020-01-30 00:00:00+00:00,1647363923.9512913
2020-01-31 00:00:00+00:00,1648033148.9001918
2020-02-03 00:00:00+00:00,1652551235.7341635
2020-02-04 00:00:00+00:00,1665293652.9961472
2020-02-05 00:00:00+00:00,1668127580.998535
2020-02-06 00:00:00+00:00,1669279953.917954
2020-02-07 00:00:00+00:00,1668025294.3059473
2020-02-10 00:00:00+00:00,1668761166.826954
2020-02-11 00:00:00+00:00,1670151254.9094017
2020-02-12 00:00:00+00:00,1673453781.3372517
2020-02-13 00:00:00+00:00,1671097298.0103776
2020-02-14 00:00:00+00:00,1671357197.851531
2020-02-17 00:00:00+00:00,1671225860.5996711
2020-02-18 00:00:00+00:00,1671170769.6409402
2020-02-19 00:00:00+00:00,1672033980.9070885
2020-02-20 00:00:00+00:00,1671710153.7379093
2020-02-21 00:00:00+00:00,1534507664.379379
2020-02-24 00:00:00+00:00,1669211575.6715503
2020-02-25 00:00:00+00:00,1669254297.9787335
2020-02-26 00:00:00+00:00,1729929432.3909457
2020-02-27 00:00:00+00:00,1719846172.5711143
2020-02-28 00:00:00+00:00,1678603121.5888083
2020-03-02 00:00:00+00:00,1684481728.5255508
2020-03-03 00:00:00+00:00,1684151389.6042309
2020-03-04 00:00:00+00:00,1683232459.8233314
2020-03-05 00:00:00+00:00,1685555697.9678752
2020-03-06 00:00:00+00:00,1682346979.550868
2020-03-09 00:00:00+00:00,1674931122.8264027
2020-03-10 00:00:00+00:00,1546625382.8169475
2020-03-11 00:00:00+00:00,1672437368.7475235
2020-03-12 00:00:00+00:00,1670506854.9378612
2020-03-13 00:00:00+00:00,1670506854.9378612
2020-03-16 00:00:00+00:00,1670506854.9378612
2020-03-17 00:00:00+00:00,1670506854.9378612
2020-03-18 00:00:00+00:00,1670506854.9378612
2020-03-19 00:00:00+00:00,1670506854.9378612
2020-03-20 00:00:00+00:00,1670506854.9378612
2020-03-23 00:00:00+00:00,1670506854.9378612
2020-03-24 00:00:00+00:00,1670506854.9378612
2020-03-25 00:00:00+00:00,1670506854.9378612
2020-03-26 00:00:00+00:00,1704967187.0648055
2020-03-27 00:00:00+00:00,1690769629.963636
2020-03-30 00:00:00+00:00,1643192528.3997495
2020-03-31 00:00:00+00:00,1685807990.8312197
2020-04-01 00:00:00+00:00,1644642919.7880635
2020-04-02 00:00:00+00:00,587708883.8437381
2020-04-03 00:00:00+00:00,1629797926.0772998
2020-04-06 00:00:00+00:00,587708883.8437381
2020-04-07 00:00:00+00:00,1707883119.4424555
2020-04-08 00:00:00+00:00,1715415687.2713869
2020-04-09 00:00:00+00:00,1767022034.459167
2020-04-13 00:00:00+00:00,1750141778.5328696
2020-04-14 00:00:00+00:00,587708883.8437381
2020-04-15 00:00:00+00:00,1757668648.7358317
2020-04-16 00:00:00+00:00,1769081495.5879729
2020-04-17 00:00:00+00:00,1798081526.324472
2020-04-20 00:00:00+00:00,1798870560.0691032
2020-04-21 00:00:00+00:00,1758863418.681777
2020-04-22 00:00:00+00:00,1774841387.0846183
2020-04-23 00:00:00+00:00,1787731902.0401857
2020-04-24 00:00:00+00:00,1756373959.6978354
2020-04-27 00:00:00+00:00,1780920313.9121492
2020-04-28 00:00:00+00:00,1781855811.8885972
2020-04-29 00:00:00+00:00,1786758019.712712
2020-04-30 00:00:00+00:00,1793530450.1139946
2020-05-01 00:00:00+00:00,1116888177.0633786
2020-05-04 00:00:00+00:00,1771259779.1908026
2020-05-05 00:00:00+00:00,1760325081.098269
2020-05-06 00:00:00+00:00,1763683751.1068552
2020-05-07 00:00:00+00:00,1752427901.6019452
2020-05-08 00:00:00+00:00,1767051323.078425
2020-05-11 00:00:00+00:00,1767939600.2361405
2020-05-12 00:00:00+00:00,1772358116.7501829
2020-05-13 00:00:00+00:00,1768842760.0981245
2020-05-14 00:00:00+00:00,1760537960.7553413
2020-05-15 00:00:00+00:00,1764310855.443979
2020-05-18 00:00:00+00:00,1744005179.326457
2020-05-19 00:00:00+00:00,1755918943.9013846
2020-05-20 00:00:00+00:00,1767565694.3589659
2020-05-21 00:00:00+00:00,1770984462.9852555
2020-05-22 00:00:00+00:00,1764055672.7713919
2020-05-26 00:00:00+00:00,1758505601.426831
2020-05-27 00:00:00+00:00,1925285424.9772618
2020-05-28 00:00:00+00:00,1941410654.9305723
2020-05-29 00:00:00+00:00,1972696203.3481348
2020-06-01 00:00:00+00:00,1978178841.8546226
2020-06-02 00:00:00+00:00,1976056872.9645345
2020-06-03 00:00:00+00:00,1980256973.4099414
2020-06-04 00:00:00+00:00,1986888124.5396755
2020-06-05 00:00:00+00:00,1994047884.2855375
2020-06-08 00:00:00+00:00,1989552207.5788126
2020-06-09 00:00:00+00:00,1990193368.5394087
2020-06-10 00:00:00+00:00,1987098609.4840784
2020-06-11 00:00:00+00:00,1975271260.2870672
2020-06-12 00:00:00+00:00,1986063382.485037
2020-06-15 00:00:00+00:00,1977796894.6234875
2020-06-16 00:00:00+00:00,1973884366.8164184
2020-06-17 00:00:00+00:00,1967062441.0342023
2020-06-18 00:00:00+00:00,1969819377.9788985
2020-06-19 00:00:00+00:00,1975889337.6130166
2020-06-22 00:00:00+00:00,1986703190.8708541
2020-06-23 00:00:00+00:00,2005141625.1673596
2020-06-24 00:00:00+00:00,1999426113.810978
2020-06-25 00:00:00+00:00,1997023408.9080904
2020-06-26 00:00:00+00:00,1991898242.8309097
2020-06-29 00:00:00+00:00,1989609460.1754506
2020-06-30 00:00:00+00:00,1990368354.224211
2020-07-01 00:00:00+00:00,1982030206.7743912
2020-07-02 00:00:00+00:00,1981725372.9632192
2020-07-03 00:00:00+00:00,1992907446.7891598
2020-07-06 00:00:00+00:00,1997362527.959489
2020-07-07 00:00:00+00:00,2001344020.6641042
2020-07-08 00:00:00+00:00,1994012156.6191244
2020-07-09 00:00:00+00:00,1997600340.6082687
2020-07-10 00:00:00+00:00,2001141224.682163
2020-07-13 00:00:00+00:00,2009334241.5761857
2020-07-14 00:00:00+00:00,2005794399.7459362
2020-07-15 00:00:00+00:00,2005406119.001666
2020-07-16 00:00:00+00:00,2006147957.792098
2020-07-17 00:00:00+00:00,2017438392.3186746
2020-07-20 00:00:00+00:00,2022650727.8326561
2020-07-21 00:00:00+00:00,2016969078.8138149
2020-07-22 00:00:00+00:00,2006442122.5864253
2020-07-23 00:00:00+00:00,2012979944.776242
2020-07-24 00:00:00+00:00,2008623350.8596249
2020-07-27 00:00:00+00:00,2012979163.188122
2020-07-28 00:00:00+00:00,2011975684.7292557
2020-07-29 00:00:00+00:00,2017028924.7704406
2020-07-30 00:00:00+00:00,2017696580.0408244
2020-07-31 00:00:00+00:00,2016657068.3679802
2020-08-03 00:00:00+00:00,2014114000.115858
2020-08-04 00:00:00+00:00,2016336077.168232
2020-08-05 00:00:00+00:00,2017346095.3345745
2020-08-06 00:00:00+00:00,2019566362.5982912
2020-08-07 00:00:00+00:00,2029840450.0322938
2020-08-10 00:00:00+00:00,2026543832.6576688
2020-08-11 00:00:00+00:00,2025157692.1087985
2020-08-12 00:00:00+00:00,2024286178.6614287
2020-08-13 00:00:00+00:00,2022129862.6602511
2020-08-14 00:00:00+00:00,2018189385.2035873
2020-08-17 00:00:00+00:00,2019107959.8343356
2020-08-18 00:00:00+00:00,2027103913.2517898
2020-08-19 00:00:00+00:00,2025433595.770379
2020-08-20 00:00:00+00:00,2022970681.9744184
2020-08-21 00:00:00+00:00,2029218267.603668
2020-08-24 00:00:00+00:00,2126867936.0881999
2020-08-25 00:00:00+00:00,2130684344.2984037
2020-08-26 00:00:00+00:00,2131566126.040633
2020-08-27 00:00:00+00:00,2130817226.952615
2020-08-28 00:00:00+00:00,2134230224.7929232
2020-08-31 00:00:00+00:00,2103717633.733252
2020-09-01 00:00:00+00:00,2119113119.8234591
2020-09-02 00:00:00+00:00,2120967111.5921292
2020-09-03 00:00:00+00:00,2119813591.9470346
2020-09-04 00:00:00+00:00,2108474449.3506453
2020-09-07 00:00:00+00:00,2024491833.4076102
2020-09-08 00:00:00+00:00,2108720651.2886534
2020-09-09 00:00:00+00:00,2112790482.7131815
2020-09-10 00:00:00+00:00,2130987368.1103222
2020-09-11 00:00:00+00:00,2128084154.963468
2020-09-14 00:00:00+00:00,2133520684.9754608
2020-09-15 00:00:00+00:00,2132784358.5985398
2020-09-16 00:00:00+00:00,2134960491.3206263
2020-09-17 00:00:00+00:00,2131221272.8923068
2020-09-18 00:00:00+00:00,2135358981.9735541
2020-09-21 00:00:00+00:00,2113869868.0596578
2020-09-22 00:00:00+00:00,2113641267.5669186
2020-09-23 00:00:00+00:00,2109089969.86449
2020-09-24 00:00:00+00:00,2100822869.4760776
2020-09-25 00:00:00+00:00,2103545784.872113
2020-09-28 00:00:00+00:00,2104888799.0861828
2020-09-29 00:00:00+00:00,2104588005.1676984
2020-09-30 00:00:00+00:00,2105095442.2861524
2020-10-01 00:00:00+00:00,2105750581.912141
2020-10-02 00:00:00+00:00,1926447964.0550017
2020-10-05 00:00:00+00:00,2105270488.9452655
2020-10-06 00:00:00+00:00,2107345386.0636425
2020-10-07 00:00:00+00:00,2109674069.657317
2020-10-08 00:00:00+00:00,2110045721.4174175
2020-10-09 00:00:00+00:00,2107890928.8717842
2020-10-12 00:00:00+00:00,2108951938.1514688
2020-10-13 00:00:00+00:00,2110628295.1807323
2020-10-14 00:00:00+00:00,2110583603.539322
2020-10-15 00:00:00+00:00,2106019423.1682549
2020-10-16 00:00:00+00:00,2105658258.3629532
2020-10-19 00:00:00+00:00,2106768500.6960986
2020-10-20 00:00:00+00:00,2106614453.698904
2020-10-21 00:00:00+00:00,2092253222.262667
2020-10-22 00:00:00+00:00,2095219020.9460635
2020-10-23 00:00:00+00:00,2096926329.1339135
2020-10-26 00:00:00+00:00,2081591871.6568096
2020-10-27 00:00:00+00:00,2104238674.3872156
2020-10-28 00:00:00+00:00,2094587980.1898844
2020-10-29 00:00:00+00:00,2103180379.4913275
2020-10-30 00:00:00+00:00,2103898923.708439
2020-11-02 00:00:00+00:00,2090131952.757527
2020-11-03 00:00:00+00:00,2089607802.2794344
2020-11-04 00:00:00+00:00,2108023301.3779075
2020-11-05 00:00:00+00:00,2119356520.6737366
2020-11-06 00:00:00+00:00,2114274117.839805
2020-11-09 00:00:00+00:00,2129965024.3360896
2020-11-10 00:00:00+00:00,2106435950.9519794
2020-11-11 00:00:00+00:00,2120565944.8544002
2020-11-12 00:00:00+00:00,2129579483.7365758
2020-11-13 00:00:00+00:00,2130211240.339569
2020-11-14 00:00:00+00:00,2048840591.5784059
2020-11-16 00:00:00+00:00,1336274713.2325108
2020-11-17 00:00:00+00:00,2135237670.6728086
2020-11-18 00:00:00+00:00,2304724735.3400702
2020-11-19 00:00:00+00:00,2293013053.8163095
2020-11-20 00:00:00+00:00,2303115965.164789
2020-11-23 00:00:00+00:00,2325756418.0648184
2020-11-24 00:00:00+00:00,2338828264.3193116
2020-11-25 00:00:00+00:00,2310818368.05992
2020-11-26 00:00:00+00:00,2326624721.2242694
2020-11-27 00:00:00+00:00,2323876569.145552
2020-11-30 00:00:00+00:00,922863515.2194986
2020-12-01 00:00:00+00:00,2346357080.20896
2020-12-02 00:00:00+00:00,2354246662.1668987
2020-12-03 00:00:00+00:00,2362078236.9732957
2020-12-04 00:00:00+00:00,2362027559.103328
2020-12-07 00:00:00+00:00,2365754180.668121
2020-12-08 00:00:00+00:00,2362043403.6842294
2020-12-09 00:00:00+00:00,2364547234.2403827
2020-12-10 00:00:00+00:00,2360590058.4855323
2020-12-11 00:00:00+00:00,2359526492.5579405
2020-12-14 00:00:00+00:00,2360534594.8622046
2020-12-15 00:00:00+00:00,2364019081.397629
2020-12-16 00:00:00+00:00,2376886575.8182535
2020-12-17 00:00:00+00:00,2378129664.15462
2020-12-18 00:00:00+00:00,2390698241.8329363
2020-12-21 00:00:00+00:00,2357806762.344631
2020-12-22 00:00:00+00:00,2395136512.7274623
2020-12-23 00:00:00+00:00,2433105573.6682105
2020-12-24 00:00:00+00:00,2436066240.486742
2020-12-28 00:00:00+00:00,2441892688.317975
2020-12-29 00:00:00+00:00,2439613366.3779826
2020-12-30 00:00:00+00:00,2444551727.820056
2020-12-31 00:00:00+00:00,2450315317.43131
2021-01-01 00:00:00+00:00,2455213217.6757917
2021-01-04 00:00:00+00:00,2469162110.6298857
2021-01-05 00:00:00+00:00,2473186656.0684175
2021-01-06 00:00:00+00:00,2469359717.1060715
2021-01-07 00:00:00+00:00,2460048873.468147
2021-01-08 00:00:00+00:00,2468467883.3615985
2021-01-11 00:00:00+00:00,2469671635.851884
2021-01-12 00:00:00+00:00,2461479162.1617637
2021-01-13 00:00:00+00:00,2453129751.379162
2021-01-14 00:00:00+00:00,2457825470.331465
2021-01-15 00:00:00+00:00,2448732720.3473177
2021-01-18 00:00:00+00:00,2437341878.86003
2021-01-19 00:00:00+00:00,2447441987.021596
2021-01-20 00:00:00+00:00,2449573399.070815
2021-01-21 00:00:00+00:00,2440443783.7934303
2021-01-22 00:00:00+00:00,2439135596.672731
2021-01-25 00:00:00+00:00,2453955997.3931346
2021-01-26 00:00:00+00:00,1847943585.8931673
2021-01-27 00:00:00+00:00,2445536856.691845
2021-01-28 00:00:00+00:00,2444732884.1063747
2021-01-29 00:00:00+00:00,2431529469.415743
2021-02-01 00:00:00+00:00,2432013876.39892
2021-02-02 00:00:00+00:00,2439164827.2363524
2021-02-03 00:00:00+00:00,2450446154.70343
2021-02-04 00:00:00+00:00,2449163239.8528028
2021-02-05 00:00:00+00:00,2457404039.3210297
2021-02-08 00:00:00+00:00,2456128433.0026736
2021-02-09 00:00:00+00:00,2450097724.5680757
2021-02-10 00:00:00+00:00,2452356619.3205132
2021-02-11 00:00:00+00:00,2452791520.7366247
2021-02-12 00:00:00+00:00,2449887452.907026
2021-02-15 00:00:00+00:00,2463012313.2221437
2021-02-16 00:00:00+00:00,2735543425.740724
2021-02-17 00:00:00+00:00,2735443751.8272314
2021-02-18 00:00:00+00:00,2733797432.659917
2021-02-19 00:00:00+00:00,2734677720.757839
2021-02-22 00:00:00+00:00,2738524578.0711813
2021-02-23 00:00:00+00:00,2738706042.8922186
2021-02-24 00:00:00+00:00,2740804692.7760468
2021-02-25 00:00:00+00:00,2738509728.8397818
2021-02-26 00:00:00+00:00,2733502260.94511
2021-03-01 00:00:00+00:00,2733468404.923289
2021-03-02 00:00:00+00:00,2735993905.0141726
2021-03-03 00:00:00+00:00,2733759988.998674
2021-03-04 00:00:00+00:00,2730420572.011019
2021-03-05 00:00:00+00:00,2731406999.93113
2021-03-08 00:00:00+00:00,2731685733.9131145
2021-03-09 00:00:00+00:00,2731964467.8950987
2021-03-10 00:00:00+00:00,2729595229.0482306
2021-03-11 00:00:00+00:00,2729913782.1704984
2021-03-12 00:00:00+00:00,2729933691.74064
2021-03-15 00:00:00+00:00,2730232335.2927666
2021-03-16 00:00:00+00:00,2738099833.564449
2021-03-17 00:00:00+00:00,2697777759.935587
2021-03-18 00:00:00+00:00,2664967021.081702
2021-03-19 00:00:00+00:00,2691245480.391227
2021-03-22 00:00:00+00:00,2706146274.527448
2021-03-23 00:00:00+00:00,2703237183.742114
2021-03-24 00:00:00+00:00,2686647040.10996
2021-03-25 00:00:00+00:00,2672783770.9588904
2021-03-26 00:00:00+00:00,2683720172.6869016
2021-03-29 00:00:00+00:00,1814272911.0895882
2021-03-30 00:00:00+00:00,2717733540.4152412
2021-03-31 00:00:00+00:00,2719835330.873939
2021-04-01 00:00:00+00:00,2732569099.19041
2021-04-05 00:00:00+00:00,2731691009.2797165
2021-04-06 00:00:00+00:00,2727126343.342911
2021-04-07 00:00:00+00:00,2737091687.736774
2021-04-08 00:00:00+00:00,2751827902.8768263
2021-04-09 00:00:00+00:00,2763748755.9443073
2021-04-12 00:00:00+00:00,2745219298.2788625
2021-04-13 00:00:00+00:00,2733637958.422263
2021-04-14 00:00:00+00:00,2055703547.8692856
2021-04-15 00:00:00+00:00,2728044971.288244
2021-04-16 00:00:00+00:00,2728742225.8365407
2021-04-19 00:00:00+00:00,2724959791.090076
2021-04-20 00:00:00+00:00,2716939939.773077
2021-04-21 00:00:00+00:00,2279366270.3202324
2021-04-22 00:00:00+00:00,2712018161.241381
2021-04-23 00:00:00+00:00,2714338347.3556437
2021-04-26 00:00:00+00:00,2720707632.709644
2021-04-27 00:00:00+00:00,2720801701.6268344
2021-04-28 00:00:00+00:00,2724899925.858762
2021-04-29 00:00:00+00:00,2728907083.9718237
2021-04-30 00:00:00+00:00,2730604124.5403194
2021-05-03 00:00:00+00:00,2728263727.005201
2021-05-04 00:00:00+00:00,2724397635.7706537
2021-05-05 00:00:00+00:00,2724834965.109337
2021-05-06 00:00:00+00:00,2733058024.5099196
2021-05-07 00:00:00+00:00,2732353187.2151823
2021-05-10 00:00:00+00:00,2731170586.115869
2021-05-11 00:00:00+00:00,2730782723.85821
2021-05-12 00:00:00+00:00,2727184154.276633
2021-05-13 00:00:00+00:00,2501221960.5717707
2021-05-14 00:00:00+00:00,2728458861.4996953
2021-05-17 00:00:00+00:00,2943467391.2846556
2021-05-18 00:00:00+00:00,2973224474.462604
2021-05-19 00:00:00+00:00,2975205570.352767
2021-05-20 00:00:00+00:00,2823340627.7007837
2021-05-21 00:00:00+00:00,2956963670.423597
2021-05-24 00:00:00+00:00,2963154234.3032627
2021-05-25 00:00:00+00:00,2857132133.1076937
2021-05-26 00:00:00+00:00,2962804145.0136156
2021-05-27 00:00:00+00:00,2972638091.7977147
2021-05-28 00:00:00+00:00,2970074731.35654
2021-05-31 00:00:00+00:00,2875889423.6068487
2021-06-01 00:00:00+00:00,2984685566.681245
2021-06-02 00:00:00+00:00,3000545656.946337
2021-06-03 00:00:00+00:00,3016672825.519807
2021-06-04 00:00:00+00:00,3031082500.788182
2021-06-07 00:00:00+00:00,3071282657.8293066
2021-06-08 00:00:00+00:00,3073724941.0737143
2021-06-09 00:00:00+00:00,3071458151.377708
2021-06-10 00:00:00+00:00,3091521300.549551
2021-06-11 00:00:00+00:00,3118065374.78527
2021-06-14 00:00:00+00:00,3111384248.0270305
2021-06-15 00:00:00+00:00,3110768608.135893
2021-06-16 00:00:00+00:00,3078900732.320506
2021-06-17 00:00:00+00:00,3049210715.9808173
2021-06-18 00:00:00+00:00,3032893705.0846224
2021-06-21 00:00:00+00:00,3036174942.07551
2021-06-22 00:00:00+00:00,3042769232.111788
2021-06-23 00:00:00+00:00,3032205012.871599
2021-06-24 00:00:00+00:00,3036646247.008788
2021-06-25 00:00:00+00:00,3064453625.89944
2021-06-28 00:00:00+00:00,3077466061.5123034
2021-06-29 00:00:00+00:00,3077825853.7962165
2021-06-30 00:00:00+00:00,3084466707.4660816
2021-07-01 00:00:00+00:00,3084784445.939359
2021-07-02 00:00:00+00:00,3075935263.7609706
2021-07-05 00:00:00+00:00,2965685886.153785
2021-07-06 00:00:00+00:00,3081065244.8443537
2021-07-07 00:00:00+00:00,3095724088.2895722
2021-07-08 00:00:00+00:00,3080232126.2077565
2021-07-09 00:00:00+00:00,3092710353.6418447
2021-07-12 00:00:00+00:00,3093559298.5172224
2021-07-13 00:00:00+00:00,3099378266.637202
2021-07-14 00:00:00+00:00,3108057696.142883
2021-07-15 00:00:00+00:00,3116978342.0791755
2021-07-16 00:00:00+00:00,3124507182.2539473
2021-07-19 00:00:00+00:00,3115802465.636198
2021-07-20 00:00:00+00:00,3103092123.5692286
2021-07-21 00:00:00+00:00,2492239872.2675576
2021-07-22 00:00:00+00:00,3117666990.835675
2021-07-23 00:00:00+00:00,3115698870.3210096
2021-07-26 00:00:00+00:00,3123587380.533212
2021-07-27 00:00:00+00:00,3131492601.834383
2021-07-28 00:00:00+00:00,3141296389.592257
2021-07-29 00:00:00+00:00,3178503989.8501554
2021-07-30 00:00:00+00:00,3173486510.003629
2021-08-02 00:00:00+00:00,3175137579.934721
2021-08-03 00:00:00+00:00,3175679541.3222737
2021-08-04 00:00:00+00:00,3168761597.647746
2021-08-05 00:00:00+00:00,3174158401.454141
2021-08-06 00:00:00+00:00,3171592339.90827
2021-08-09 00:00:00+00:00,3158854215.7562947
2021-08-10 00:00:00+00:00,3144712763.6746182
2021-08-11 00:00:00+00:00,3159587896.563762
2021-08-12 00:00:00+00:00,3535604147.997729
2021-08-13 00:00:00+00:00,3538918318.652351
2021-08-16 00:00:00+00:00,3557232736.4532514
2021-08-17 00:00:00+00:00,3549246152.339962
2021-08-18 00:00:00+00:00,3534473275.790493
2021-08-19 00:00:00+00:00,1418521434.674269
2021-08-20 00:00:00+00:00,3454550782.6035724
2021-08-23 00:00:00+00:00,3450016501.2354097
2021-08-24 00:00:00+00:00,3466219417.3543506
2021-08-25 00:00:00+00:00,3483613966.5908847
2021-08-26 00:00:00+00:00,3486507266.91133
2021-08-27 00:00:00+00:00,3502659797.1818414
2021-08-30 00:00:00+00:00,3509311750.690346
2021-08-31 00:00:00+00:00,3520538405.0289435
2021-09-01 00:00:00+00:00,3522405186.029051
2021-09-02 00:00:00+00:00,3533867757.5370145
2021-09-03 00:00:00+00:00,3541620665.2773046
2021-09-06 00:00:00+00:00,3561198501.302436
2021-09-07 00:00:00+00:00,3556584400.0409665
2021-09-08 00:00:00+00:00,3566660851.8984146
2021-09-09 00:00:00+00:00,3572988489.211315
2021-09-10 00:00:00+00:00,2812459576.347855
2021-09-13 00:00:00+00:00,3575897615.416089
2021-09-14 00:00:00+00:00,3581419724.888232
2021-09-15 00:00:00+00:00,3598764166.0187635
2021-09-16 00:00:00+00:00,3597329296.686289
2021-09-17 00:00:00+00:00,3587737382.204823
2021-09-20 00:00:00+00:00,3575854639.223753
2021-09-21 00:00:00+00:00,3586492351.1890416
2021-09-22 00:00:00+00:00,3599348957.2984557
2021-09-23 00:00:00+00:00,3612289802.4365587
2021-09-24 00:00:00+00:00,3608691487.2443743
2021-09-27 00:00:00+00:00,3603437325.598354
2021-09-28 00:00:00+00:00,3600469474.70587
2021-09-29 00:00:00+00:00,3616418480.9317727
2021-09-30 00:00:00+00:00,3624379254.2041674
2021-10-01 00:00:00+00:00,3621782772.654847
2021-10-04 00:00:00+00:00,3621638976.6534257
2021-10-05 00:00:00+00:00,3621983141.059349
2021-10-06 00:00:00+00:00,3618015313.936826
2021-10-07 00:00:00+00:00,3621467497.1403327
2021-10-08 00:00:00+00:00,3631216027.943274
2021-10-11 00:00:00+00:00,3635088810.2066536
2021-10-12 00:00:00+00:00,3661552207.0354176
2021-10-13 00:00:00+00:00,3721555053.3381944
2021-10-14 00:00:00+00:00,3778635344.4958606
2021-10-15 00:00:00+00:00,1762878147.2597547
2021-10-18 00:00:00+00:00,3832180477.801179
2021-10-19 00:00:00+00:00,3799295202.2420344
2021-10-20 00:00:00+00:00,3767901268.9423747
2021-10-21 00:00:00+00:00,3742558604.227632
2021-10-22 00:00:00+00:00,3725513153.536817
2021-10-25 00:00:00+00:00,3729478749.8742104
2021-10-26 00:00:00+00:00,3759776442.1765985
2021-10-27 00:00:00+00:00,3753680328.893577
2021-10-28 00:00:00+00:00,3715523336.528716
2021-10-29 00:00:00+00:00,3703378089.3868318
2021-11-01 00:00:00+00:00,3732823829.1591496
2021-11-02 00:00:00+00:00,3730847392.9158077
2021-11-03 00:00:00+00:00,3740411782.213896
2021-11-04 00:00:00+00:00,3742427260.677736
2021-11-05 00:00:00+00:00,2559334375.8079085
2021-11-08 00:00:00+00:00,3752421115.619977
2021-11-09 00:00:00+00:00,3800159611.6460733
2021-11-10 00:00:00+00:00,3777304936.4062595
2021-11-11 00:00:00+00:00,3749772115.4671926
2021-11-12 00:00:00+00:00,3774593578.1372523
2021-11-15 00:00:00+00:00,3761292305.0030265
2021-11-16 00:00:00+00:00,3758592384.9087377
2021-11-17 00:00:00+00:00,3754482261.902179
2021-11-18 00:00:00+00:00,3700699527.7143574
2021-11-19 00:00:00+00:00,1491538793.5268795
2021-11-22 00:00:00+00:00,3652521723.8622737
2021-11-23 00:00:00+00:00,3674245608.655154
2021-11-24 00:00:00+00:00,3668392001.5811424
2021-11-25 00:00:00+00:00,3665453160.1262164
2021-11-26 00:00:00+00:00,3613771586.57428
2021-11-29 00:00:00+00:00,3601469384.022239
2021-11-30 00:00:00+00:00,3606322346.1054573
2021-12-01 00:00:00+00:00,3617051694.321885
2021-12-02 00:00:00+00:00,3625408390.6946244
2021-12-03 00:00:00+00:00,3621426998.574597
2021-12-06 00:00:00+00:00,3612927603.2813373
2021-12-07 00:00:00+00:00,3615422870.4296074
2021-12-08 00:00:00+00:00,3645161476.7271647
2021-12-09 00:00:00+00:00,3649270329.996485
2021-12-10 00:00:00+00:00,3674466240.659014
2021-12-13 00:00:00+00:00,3667030091.337407
2021-12-14 00:00:00+00:00,3658726216.148115
2021-12-15 00:00:00+00:00,3627289849.0899863
2021-12-16 00:00:00+00:00,3624590000.740206
2021-12-17 00:00:00+00:00,3574043389.720615
2021-12-20 00:00:00+00:00,3479313082.399471
2021-12-21 00:00:00+00:00,3520751257.1240664
2021-12-22 00:00:00+00:00,3546950373.675927
2021-12-23 00:00:00+00:00,3553000261.8161035
2021-12-24 00:00:00+00:00,3541662527.6328073
2021-12-27 00:00:00+00:00,3539952221.099519
2021-12-28 00:00:00+00:00,3556721399.423758
2021-12-29 00:00:00+00:00,3542958701.768608
2021-12-30 00:00:00+00:00,3537340533.200739
2021-12-31 00:00:00+00:00,3568785162.5254474
2022-01-03 00:00:00+00:00,3592800948.5810337
2022-01-04 00:00:00+00:00,3583093241.179349
2022-01-05 00:00:00+00:00,3588957044.0094104
2022-01-06 00:00:00+00:00,3577257987.904162
2022-01-07 00:00:00+00:00,3589127752.9084787
2022-01-10 00:00:00+00:00,3603194943.913506
2022-01-11 00:00:00+00:00,3583761057.436227
2022-01-12 00:00:00+00:00,3614620575.759657
2022-01-13 00:00:00+00:00,3636488711.654101
2022-01-14 00:00:00+00:00,3632396361.3831234
2022-01-17 00:00:00+00:00,3633832144.0233665
2022-01-18 00:00:00+00:00,3591264381.525412
2022-01-19 00:00:00+00:00,3592606462.3137302
2022-01-20 00:00:00+00:00,3594003162.5327177
2022-01-21 00:00:00+00:00,3569123399.4482126
2022-01-24 00:00:00+00:00,3491510251.503099
2022-01-25 00:00:00+00:00,3519053327.262208
2022-01-26 00:00:00+00:00,2201944380.4920225
2022-01-27 00:00:00+00:00,3504514662.7110767
2022-01-28 00:00:00+00:00,3522584237.0789294
2022-01-31 00:00:00+00:00,3535194456.8638153
2022-02-01 00:00:00+00:00,3572620013.6441793
2022-02-02 00:00:00+00:00,3573314699.983966
2022-02-03 00:00:00+00:00,3560837595.371273
2022-02-04 00:00:00+00:00,3774905737.8348365
2022-02-07 00:00:00+00:00,3761803652.7266603
2022-02-08 00:00:00+00:00,3746397150.937246
2022-02-09 00:00:00+00:00,3779947981.7140145
2022-02-10 00:00:00+00:00,3835777369.4256744
2022-02-11 00:00:00+00:00,3801142656.163236
2022-02-14 00:00:00+00:00,3695298455.5895233
2022-02-15 00:00:00+00:00,3748226651.832749
2022-02-16 00:00:00+00:00,3750552726.2390776
2022-02-17 00:00:00+00:00,3760442580.77981
2022-02-18 00:00:00+00:00,3751724067.469187
2022-02-21 00:00:00+00:00,3717894586.568731
2022-02-22 00:00:00+00:00,3721012918.479332
2022-02-23 00:00:00+00:00,3730126273.868728
2022-02-24 00:00:00+00:00,3638223054.999537
2022-02-25 00:00:00+00:00,3705745414.7735033
2022-02-28 00:00:00+00:00,3740826176.8549924
2022-03-01 00:00:00+00:00,2616632214.3518877
2022-03-02 00:00:00+00:00,3753402438.1350217
2022-03-03 00:00:00+00:00,3758004681.2799087
2022-03-04 00:00:00+00:00,3731099177.9096737
2022-03-07 00:00:00+00:00,3713475633.0629005
2022-03-08 00:00:00+00:00,3718114362.7374187
2022-03-09 00:00:00+00:00,3718931622.852249
2022-03-10 00:00:00+00:00,3724956127.091339
2022-03-11 00:00:00+00:00,3730876303.1251454
2022-03-14 00:00:00+00:00,3733928508.972375
2022-03-15 00:00:00+00:00,3716365800.2004447
2022-03-16 00:00:00+00:00,3723845656.8739467
2022-03-17 00:00:00+00:00,3726237069.8033185
2022-03-18 00:00:00+00:00,3073456376.2980895
2022-03-21 00:00:00+00:00,3732402884.197432
2022-03-22 00:00:00+00:00,3734236453.6854715
2022-03-23 00:00:00+00:00,3745746190.4328995
2022-03-24 00:00:00+00:00,3754835800.7584934
2022-03-25 00:00:00+00:00,3769155165.7023735
2022-03-28 00:00:00+00:00,3775545885.112648
2022-03-29 00:00:00+00:00,3774744955.6747985
2022-03-30 00:00:00+00:00,3772225739.7116256
2022-03-31 00:00:00+00:00,3768456447.3547626
2022-04-01 00:00:00+00:00,3767594540.010507
2022-04-04 00:00:00+00:00,3774744129.5151615
2022-04-05 00:00:00+00:00,3800566050.3933187
2022-04-06 00:00:00+00:00,3802025838.8743806
2022-04-07 00:00:00+00:00,3777404417.058888
2022-04-08 00:00:00+00:00,3799150355.3295264
2022-04-11 00:00:00+00:00,3838964029.99754
2022-04-12 00:00:00+00:00,3834077298.6364737
2022-04-13 00:00:00+00:00,3849927610.2665477
2022-04-14 00:00:00+00:00,2637534174.061693
2022-04-18 00:00:00+00:00,3876628793.4514155
2022-04-19 00:00:00+00:00,3852685403.022477
2022-04-20 00:00:00+00:00,3852151670.3779464
2022-04-21 00:00:00+00:00,3866194706.7823534
2022-04-22 00:00:00+00:00,3858685944.4044113
2022-04-25 00:00:00+00:00,3829399139.623394
2022-04-26 00:00:00+00:00,3854604023.40003
2022-04-27 00:00:00+00:00,3856846877.37011
2022-04-28 00:00:00+00:00,3864439550.0557203
2022-04-29 00:00:00+00:00,3852547529.811241
2022-05-02 00:00:00+00:00,3845072750.657077
2022-05-03 00:00:00+00:00,3406719451.4534917
2022-05-04 00:00:00+00:00,3836176937.8065853
2022-05-05 00:00:00+00:00,3727296646.275072
2022-05-06 00:00:00+00:00,3674029400.085633
2022-05-09 00:00:00+00:00,3607707332.7854986
2022-05-10 00:00:00+00:00,3541353616.675237
2022-05-11 00:00:00+00:00,3542939481.997059
2022-05-12 00:00:00+00:00,3534178068.0290084
2022-05-13 00:00:00+00:00,3533396188.937837
2022-05-16 00:00:00+00:00,3551680884.833721
2022-05-17 00:00:00+00:00,3565057928.3841047
2022-05-18 00:00:00+00:00,3572272381.9358416
2022-05-19 00:00:00+00:00,3573785750.665849
2022-05-20 00:00:00+00:00,3582109267.9900866
2022-05-23 00:00:00+00:00,3590853158.389902
2022-05-24 00:00:00+00:00,3581688884.223706
2022-05-25 00:00:00+00:00,3574878735.6294756
2022-05-26 00:00:00+00:00,3583258304.835284
2022-05-27 00:00:00+00:00,3590993293.4392314
2022-05-30 00:00:00+00:00,3597803442.0334616
2022-05-31 00:00:00+00:00,3588274835.9824553
2022-06-01 00:00:00+00:00,3579222654.8885975
2022-06-02 00:00:00+00:00,3572636713.8206515
2022-06-03 00:00:00+00:00,3527761742.750221
2022-06-06 00:00:00+00:00,3539997909.381948
2022-06-07 00:00:00+00:00,3536527589.7446666
2022-06-08 00:00:00+00:00,3527376362.331207
2022-06-09 00:00:00+00:00,3539714648.105321
2022-06-10 00:00:00+00:00,3510726446.3717046
2022-06-13 00:00:00+00:00,3441451443.3961287
2022-06-14 00:00:00+00:00,3409305136.7097216
2022-06-15 00:00:00+00:00,3399076012.1552954
2022-06-16 00:00:00+00:00,3366999133.7908564
2022-06-17 00:00:00+00:00,3350616492.8456945
2022-06-20 00:00:00+00:00,3200574328.885557
2022-06-21 00:00:00+00:00,3349980971.5946813
2022-06-22 00:00:00+00:00,3333414064.462643
2022-06-23 00:00:00+00:00,3336886468.406878
2022-06-24 00:00:00+00:00,3349661811.989417
2022-06-27 00:00:00+00:00,3357963711.153859
2022-06-28 00:00:00+00:00,3354756631.125749
2022-06-29 00:00:00+00:00,3352651537.0170536
2022-06-30 00:00:00+00:00,3350259831.2040415
2022-07-01 00:00:00+00:00,3353809536.833507
2022-07-04 00:00:00+00:00,3347692146.3413773
2022-07-05 00:00:00+00:00,3320608279.2270155
2022-07-06 00:00:00+00:00,3324641629.5691733
2022-07-07 00:00:00+00:00,3384494230.305281
2022-07-08 00:00:00+00:00,3400252387.166077
2022-07-11 00:00:00+00:00,3435639653.3202696
2022-07-12 00:00:00+00:00,3428129280.4697123
2022-07-13 00:00:00+00:00,3417979715.895307
2022-07-14 00:00:00+00:00,3403272470.044605
2022-07-15 00:00:00+00:00,3422310549.388979
2022-07-18 00:00:00+00:00,3464184906.214938
2022-07-19 00:00:00+00:00,3468857800.5699587
2022-07-20 00:00:00+00:00,3511576351.191941
2022-07-21 00:00:00+00:00,3522995529.6237097
2022-07-22 00:00:00+00:00,3528394045.1408253
2022-07-25 00:00:00+00:00,3539068214.9865522
2022-07-26 00:00:00+00:00,3515713509.18513
2022-07-27 00:00:00+00:00,3521762756.8227506
2022-07-28 00:00:00+00:00,3550050196.723897
2022-07-29 00:00:00+00:00,3577942594.4765816
2022-08-01 00:00:00+00:00,3620617972.5407577
2022-08-02 00:00:00+00:00,3571094896.176718
2022-08-03 00:00:00+00:00,3567640162.1058693
2022-08-04 00:00:00+00:00,3562089987.24757
2022-08-05 00:00:00+00:00,3556784019.479328
2022-08-08 00:00:00+00:00,3560010370.7945614
2022-08-09 00:00:00+00:00,1824084994.8895166
2022-08-10 00:00:00+00:00,3577617088.538959
2022-08-11 00:00:00+00:00,3591106819.252681
2022-08-12 00:00:00+00:00,3602492629.5215926
2022-08-15 00:00:00+00:00,1841337593.6673992
2022-08-16 00:00:00+00:00,3619968521.4904547
2022-08-17 00:00:00+00:00,3632183626.7247343
2022-08-18 00:00:00+00:00,3638649474.579225
2022-08-19 00:00:00+00:00,3620009613.698102
2022-08-22 00:00:00+00:00,3604561723.5527725
2022-08-23 00:00:00+00:00,3623483026.064495
2022-08-24 00:00:00+00:00,3631785045.414718
2022-08-25 00:00:00+00:00,3620756376.992299
2022-08-26 00:00:00+00:00,3634229780.520302
2022-08-29 00:00:00+00:00,3630027784.355043
2022-08-30 00:00:00+00:00,3645208747.7415643
2022-08-31 00:00:00+00:00,2154999330.460021
2022-09-01 00:00:00+00:00,3633812689.130351
2022-09-02 00:00:00+00:00,3628509217.9745045
2022-09-05 00:00:00+00:00,3354531480.00959
2022-09-06 00:00:00+00:00,3644512661.675168
2022-09-07 00:00:00+00:00,3628024714.7382045
2022-09-08 00:00:00+00:00,3634963513.8369207
2022-09-09 00:00:00+00:00,3632485447.2513127
2022-09-12 00:00:00+00:00,3637916560.280631
2022-09-13 00:00:00+00:00,3641824168.629792
2022-09-14 00:00:00+00:00,3662463158.0641828
2022-09-15 00:00:00+00:00,3656572380.113202
2022-09-16 00:00:00+00:00,3631957957.980781
2022-09-19 00:00:00+00:00,3632473793.901096
2022-09-20 00:00:00+00:00,3643511071.3281207
2022-09-21 00:00:00+00:00,3636684670.9200387
2022-09-22 00:00:00+00:00,3619268370.635365
2022-09-23 00:00:00+00:00,3594428175.9307194
2022-09-26 00:00:00+00:00,3581388544.321431
2022-09-27 00:00:00+00:00,3582264373.5155087
2022-09-28 00:00:00+00:00,3583033483.360934
2022-09-29 00:00:00+00:00,3557994175.869262
2022-09-30 00:00:00+00:00,3594018240.5840263
2022-10-03 00:00:00+00:00,3551551629.760729
2022-10-04 00:00:00+00:00,3601970718.4874043
2022-10-05 00:00:00+00:00,1423842204.086283
2022-10-06 00:00:00+00:00,3629342823.9533634
2022-10-07 00:00:00+00:00,3640040018.876049
2022-10-10 00:00:00+00:00,3617169842.2093353
2022-10-11 00:00:00+00:00,3585826940.3440304
2022-10-12 00:00:00+00:00,3605988168.1125317
2022-10-13 00:00:00+00:00,3607589731.348578
2022-10-14 00:00:00+00:00,3592671115.350306
2022-10-17 00:00:00+00:00,3583991438.3789783
2022-10-18 00:00:00+00:00,3597419474.7444353
2022-10-19 00:00:00+00:00,3602042949.955337
2022-10-20 00:00:00+00:00,3608214000.3079214
2022-10-21 00:00:00+00:00,3605429698.1572924
2022-10-24 00:00:00+00:00,3616758676.741186
2022-10-25 00:00:00+00:00,3624989419.234956
2022-10-26 00:00:00+00:00,1823910324.8189209
2022-10-27 00:00:00+00:00,3644134106.2406726
2022-10-28 00:00:00+00:00,3747274814.4712553
2022-10-31 00:00:00+00:00,3799199143.1818943
2022-11-01 00:00:00+00:00,3803886533.218013
2022-11-02 00:00:00+00:00,3794278849.1540184
2022-11-03 00:00:00+00:00,3776794448.8688426
2022-11-04 00:00:00+00:00,3800409850.222426
2022-11-07 00:00:00+00:00,3835268540.957622
2022-11-08 00:00:00+00:00,1650313720.813868
2022-11-09 00:00:00+00:00,3809368192.2513657
2022-11-10 00:00:00+00:00,3790909069.843447
2022-11-11 00:00:00+00:00,3768580867.3261194
2022-11-14 00:00:00+00:00,3761138361.263701
2022-11-15 00:00:00+00:00,3767590891.402029
2022-11-16 00:00:00+00:00,3752823274.504496
2022-11-17 00:00:00+00:00,3736763622.616641
2022-11-18 00:00:00+00:00,3720325831.819115
2022-11-21 00:00:00+00:00,3713392845.388524
2022-11-22 00:00:00+00:00,3713724651.9356704
2022-11-23 00:00:00+00:00,3735710195.249644
2022-11-24 00:00:00+00:00,3384802060.7629476
2022-11-25 00:00:00+00:00,3728688211.8497114
2022-11-28 00:00:00+00:00,3723807509.195396
2022-11-29 00:00:00+00:00,3723756728.4725676
2022-11-30 00:00:00+00:00,3737650305.9484377
2022-12-01 00:00:00+00:00,3738243542.6894145
2022-12-02 00:00:00+00:00,3726358159.5969343
2022-12-05 00:00:00+00:00,3727707361.776219
2022-12-06 00:00:00+00:00,3727269035.3319936
2022-12-07 00:00:00+00:00,3722798699.06154
2022-12-08 00:00:00+00:00,3726252994.481731
2022-12-09 00:00:00+00:00,3722442330.503289
2022-12-12 00:00:00+00:00,3718338250.4708586
2022-12-13 00:00:00+00:00,3720289370.4911118
2022-12-14 00:00:00+00:00,3721866838.04622
2022-12-15 00:00:00+00:00,3709379955.2346263
2022-12-16 00:00:00+00:00,3701256095.732183
2022-12-19 00:00:00+00:00,3707969271.586669
2022-12-20 00:00:00+00:00,3705596008.8916063
2022-12-21 00:00:00+00:00,3685765863.8442984
2022-12-22 00:00:00+00:00,3684118029.946749
2022-12-23 00:00:00+00:00,3652561710.493171
2022-12-26 00:00:00+00:00,3656411803.193718
2022-12-27 00:00:00+00:00,3666731324.587827
2022-12-28 00:00:00+00:00,3680524601.1693034
2022-12-29 00:00:00+00:00,3699606207.362682
2022-12-30 00:00:00+00:00,3692046144.31772
2023-01-02 00:00:00+00:00,3696238017.756192
2023-01-03 00:00:00+00:00,3694410532.0923467
2023-01-04 00:00:00+00:00,3660843634.4034643
2023-01-05 00:00:00+00:00,3674192539.451407
2023-01-06 00:00:00+00:00,3654812541.166377
2023-01-09 00:00:00+00:00,3685863596.3785458
2023-01-10 00:00:00+00:00,3665239424.575257
2023-01-11 00:00:00+00:00,3657175257.872891
2023-01-12 00:00:00+00:00,3652908053.1550336
2023-01-13 00:00:00+00:00,3672402576.563313
2023-01-16 00:00:00+00:00,3670169173.5116386
2023-01-17 00:00:00+00:00,3679794559.8540363
2023-01-18 00:00:00+00:00,3684802768.2389264
2023-01-19 00:00:00+00:00,3675221288.760847
2023-01-20 00:00:00+00:00,3668041874.6506424
2023-01-23 00:00:00+00:00,3669407788.8798337
2023-01-24 00:00:00+00:00,3660751708.7842875
2023-01-25 00:00:00+00:00,3820296276.5817323
2023-01-26 00:00:00+00:00,1381393099.9594772
2023-01-27 00:00:00+00:00,3770567119.6440473
2023-01-30 00:00:00+00:00,3725689599.786382
2023-01-31 00:00:00+00:00,3734699188.1543903
2023-02-01 00:00:00+00:00,3719439181.513117
2023-02-02 00:00:00+00:00,3724849469.558597
2023-02-03 00:00:00+00:00,3740830073.014665
2023-02-06 00:00:00+00:00,3740501822.952115
2023-02-07 00:00:00+00:00,3737654679.5283575
2023-02-08 00:00:00+00:00,3734237070.1604257
2023-02-09 00:00:00+00:00,3738138605.9600916
2023-02-10 00:00:00+00:00,3738742578.0148673
2023-02-13 00:00:00+00:00,3739680618.0227127
2023-02-14 00:00:00+00:00,3737380785.446763
2023-02-15 00:00:00+00:00,3749536052.0138826
2023-02-16 00:00:00+00:00,3750831749.2265596
2023-02-17 00:00:00+00:00,3745760255.3668575
2023-02-20 00:00:00+00:00,3743666482.1033463
2023-02-21 00:00:00+00:00,3750265799.708525
2023-02-22 00:00:00+00:00,3742116691.967466
2023-02-23 00:00:00+00:00,3737918515.2973857
2023-02-24 00:00:00+00:00,3719290059.0201874
2023-02-27 00:00:00+00:00,3690796302.219678
2023-02-28 00:00:00+00:00,3670459132.6127734
2023-03-01 00:00:00+00:00,3693003823.673139
2023-03-02 00:00:00+00:00,3697618453.3912406
2023-03-03 00:00:00+00:00,3727686300.58042
2023-03-06 00:00:00+00:00,3729792648.523279
2023-03-07 00:00:00+00:00,2023678534.246855
2023-03-08 00:00:00+00:00,3745247611.5396657
2023-03-09 00:00:00+00:00,3735239214.424259
2023-03-10 00:00:00+00:00,3725672676.149132
2023-03-13 00:00:00+00:00,3694156883.3286915
2023-03-14 00:00:00+00:00,3685640848.803975
2023-03-15 00:00:00+00:00,3681057758.1444654
2023-03-16 00:00:00+00:00,3690212958.958928
2023-03-17 00:00:00+00:00,3689575315.8556733
2023-03-20 00:00:00+00:00,3675338435.7627616
2023-03-21 00:00:00+00:00,3679587220.84082
2023-03-22 00:00:00+00:00,3679154851.5645657
2023-03-23 00:00:00+00:00,3675575728.467316
2023-03-24 00:00:00+00:00,3669335034.8565307
2023-03-27 00:00:00+00:00,3668530678.708157
2023-03-28 00:00:00+00:00,3669408630.6912556
2023-03-29 00:00:00+00:00,3675305662.2281013
2023-03-30 00:00:00+00:00,3213281262.948244
2023-03-31 00:00:00+00:00,3677119300.970449
2023-04-03 00:00:00+00:00,3682438418.2118115
2023-04-04 00:00:00+00:00,3213281262.948244
2023-04-05 00:00:00+00:00,3685247623.4628224
2023-04-06 00:00:00+00:00,3684399302.33697
2023-04-10 00:00:00+00:00,3687354708.9202967
2023-04-11 00:00:00+00:00,3691855135.999533
2023-04-12 00:00:00+00:00,3691613906.491613
2023-04-13 00:00:00+00:00,3688291632.0333376
2023-04-14 00:00:00+00:00,3213281262.948244
2023-04-17 00:00:00+00:00,3689740278.8457828
2023-04-18 00:00:00+00:00,3691400505.8641596
2023-04-19 00:00:00+00:00,3687425882.4244175
2023-04-20 00:00:00+00:00,3689856764.870198
2023-04-21 00:00:00+00:00,3693308295.3376846
2023-04-24 00:00:00+00:00,3695710138.9089785
2023-04-25 00:00:00+00:00,4253774102.3696027
2023-04-26 00:00:00+00:00,4271132362.274112
2023-04-27 00:00:00+00:00,4283480495.015698
2023-04-28 00:00:00+00:00,4314411162.424599
2023-05-01 00:00:00+00:00,1535496666.8666327
2023-05-02 00:00:00+00:00,4336721514.297846
2023-05-03 00:00:00+00:00,4331182646.269395
2023-05-04 00:00:00+00:00,4336845064.641126
2023-05-05 00:00:00+00:00,4354487549.698147
2023-05-08 00:00:00+00:00,4374849642.346421
2023-05-09 00:00:00+00:00,4376207223.737658
2023-05-10 00:00:00+00:00,4386066131.480967
2023-05-11 00:00:00+00:00,4388717697.146586
2023-05-12 00:00:00+00:00,4398021216.333229
2023-05-15 00:00:00+00:00,4412941044.723387
2023-05-16 00:00:00+00:00,4408139129.564678
2023-05-17 00:00:00+00:00,4409881021.51325
2023-05-18 00:00:00+00:00,4388552706.072053
2023-05-19 00:00:00+00:00,4394478605.015518
2023-05-22 00:00:00+00:00,4406813680.222624
2023-05-23 00:00:00+00:00,4412160052.882494
2023-05-24 00:00:00+00:00,4411846668.227968
2023-05-25 00:00:00+00:00,4414891511.067667
2023-05-26 00:00:00+00:00,4425661308.003435
2023-05-29 00:00:00+00:00,4437145220.2205
2023-05-30 00:00:00+00:00,4431468812.244436
2023-05-31 00:00:00+00:00,4432712650.801401
2023-06-01 00:00:00+00:00,4423636104.911599
2023-06-02 00:00:00+00:00,4428477152.296048
2023-06-05 00:00:00+00:00,4431470551.744124
2023-06-06 00:00:00+00:00,4430511900.575553
2023-06-07 00:00:00+00:00,4444184204.148204
2023-06-08 00:00:00+00:00,4441376016.251434
2023-06-09 00:00:00+00:00,4439829231.952054
2023-06-12 00:00:00+00:00,4439165107.271406
2023-06-13 00:00:00+00:00,4443861814.876641
2023-06-14 00:00:00+00:00,4444760620.270503
2023-06-15 00:00:00+00:00,4441884254.531597
2023-06-16 00:00:00+00:00,4445458135.599697
2023-06-19 00:00:00+00:00,4440117540.747682
2023-06-20 00:00:00+00:00,4441346116.495414
2023-06-21 00:00:00+00:00,4443048301.605864
2023-06-22 00:00:00+00:00,4423991349.8264
2023-06-23 00:00:00+00:00,4410061993.9865465
2023-06-26 00:00:00+00:00,4421464707.270105
2023-06-27 00:00:00+00:00,4431697862.980225
2023-06-28 00:00:00+00:00,4444367552.490332
2023-06-29 00:00:00+00:00,1956161917.4916692
2023-06-30 00:00:00+00:00,4477916271.250888
2023-07-03 00:00:00+00:00,4486966558.867564
2023-07-04 00:00:00+00:00,4474423514.171713
2023-07-05 00:00:00+00:00,4497525745.378413
2023-07-06 00:00:00+00:00,4521344126.6410055
2023-07-07 00:00:00+00:00,4493918110.593987
2023-07-10 00:00:00+00:00,4483667780.635124
2023-07-11 00:00:00+00:00,4488482576.659261
2023-07-12 00:00:00+00:00,4484648027.46168
2023-07-13 00:00:00+00:00,4485893673.537556
2023-07-14 00:00:00+00:00,4492593715.085902
2023-07-17 00:00:00+00:00,4506645401.373281
2023-07-18 00:00:00+00:00,4499694119.320075
2023-07-19 00:00:00+00:00,4512513328.724842
2023-07-20 00:00:00+00:00,4533752151.351869
2023-07-21 00:00:00+00:00,5054820145.93927
2023-07-24 00:00:00+00:00,5031168728.403027
2023-07-25 00:00:00+00:00,5043308515.120621
2023-07-26 00:00:00+00:00,5051904398.786176
2023-07-27 00:00:00+00:00,5018886760.999588
2023-07-28 00:00:00+00:00,5025190096.855553
2023-07-31 00:00:00+00:00,5040166859.269893
2023-08-01 00:00:00+00:00,5023017044.33616
2023-08-02 00:00:00+00:00,5006386883.589201
2023-08-03 00:00:00+00:00,4988400798.877121
2023-08-04 00:00:00+00:00,4992842413.896658
2023-08-07 00:00:00+00:00,4996358740.774036
2023-08-08 00:00:00+00:00,4993527297.346449
2023-08-09 00:00:00+00:00,5000176631.778283
2023-08-10 00:00:00+00:00,5002924439.297468
2023-08-11 00:00:00+00:00,4997251323.856212
2023-08-14 00:00:00+00:00,4991174708.075411
2023-08-15 00:00:00+00:00,3764946339.2099986
2023-08-16 00:00:00+00:00,4994718709.0653305
2023-08-17 00:00:00+00:00,4998225241.9591875
2023-08-18 00:00:00+00:00,4993436282.369239
2023-08-21 00:00:00+00:00,5002130543.233753
2023-08-22 00:00:00+00:00,5003721137.137948
2023-08-23 00:00:00+00:00,5006555113.332234
2023-08-24 00:00:00+00:00,5012733946.484821
2023-08-25 00:00:00+00:00,5004993542.519235
2023-08-28 00:00:00+00:00,5006052034.542493
2023-08-29 00:00:00+00:00,5016032821.151609
2023-08-30 00:00:00+00:00,5024444422.590064
2023-08-31 00:00:00+00:00,5032391306.910034
2023-09-01 00:00:00+00:00,5035674095.026665
2023-09-04 00:00:00+00:00,5040101737.079621
2023-09-05 00:00:00+00:00,5042399995.624022
2023-09-06 00:00:00+00:00,5047758437.686109
2023-09-07 00:00:00+00:00,5046899559.059712
2023-09-08 00:00:00+00:00,5054051709.932585
2023-09-11 00:00:00+00:00,5057420810.352984
2023-09-12 00:00:00+00:00,5050402039.325692
2023-09-13 00:00:00+00:00,5054500161.08113
2023-09-14 00:00:00+00:00,5057643513.257566
2023-09-15 00:00:00+00:00,5064411288.590573
2023-09-18 00:00:00+00:00,5070461781.934334
2023-09-19 00:00:00+00:00,4188051793.0516744
2023-09-20 00:00:00+00:00,5054284606.773528
2023-09-21 00:00:00+00:00,5026418985.122126
2023-09-22 00:00:00+00:00,5019142890.157149
2023-09-25 00:00:00+00:00,5028838348.532581
2023-09-26 00:00:00+00:00,5024013044.624884
2023-09-27 00:00:00+00:00,5026557936.411618
2023-09-28 00:00:00+00:00,5008339036.766809
2023-09-29 00:00:00+00:00,5060370580.7653055
2023-10-02 00:00:00+00:00,2600149282.0250793
2023-10-03 00:00:00+00:00,5042767579.955742
2023-10-04 00:00:00+00:00,5008332341.750749
2023-10-05 00:00:00+00:00,5014914808.250071
2023-10-06 00:00:00+00:00,5032492472.54876
2023-10-09 00:00:00+00:00,5006461433.772321
2023-10-10 00:00:00+00:00,5043137548.229961
2023-10-11 00:00:00+00:00,5054312953.140054
2023-10-12 00:00:00+00:00,5077209210.121674
2023-10-13 00:00:00+00:00,5079024462.727927
2023-10-16 00:00:00+00:00,5095082777.57846
2023-10-17 00:00:00+00:00,5097989288.368423
2023-10-18 00:00:00+00:00,5610133633.354857
2023-10-19 00:00:00+00:00,5604504504.014561
2023-10-20 00:00:00+00:00,5572762293.237554
2023-10-23 00:00:00+00:00,5517604944.136161
2023-10-24 00:00:00+00:00,2227491904.117001
2023-10-25 00:00:00+00:00,5505753966.8893385
2023-10-26 00:00:00+00:00,5489125008.817405
2023-10-27 00:00:00+00:00,5502892523.898969
2023-10-30 00:00:00+00:00,5502250918.066402
2023-10-31 00:00:00+00:00,5504630128.1280575
2023-11-01 00:00:00+00:00,5505271027.941255
2023-11-02 00:00:00+00:00,5510321241.3078785
2023-11-03 00:00:00+00:00,5511000192.290874
2023-11-06 00:00:00+00:00,5512549525.108084
2023-11-07 00:00:00+00:00,5514296471.673731
2023-11-08 00:00:00+00:00,5517151350.278156
2023-11-09 00:00:00+00:00,5521268371.399931
2023-11-10 00:00:00+00:00,5517027847.514996
2023-11-13 00:00:00+00:00,5518323261.951775
2023-11-14 00:00:00+00:00,5035861376.920387
2023-11-15 00:00:00+00:00,5516964266.15102
2023-11-16 00:00:00+00:00,5522699741.757849
2023-11-17 00:00:00+00:00,5534775658.351099
2023-11-20 00:00:00+00:00,5526798513.336079
2023-11-21 00:00:00+00:00,5519784129.462668
2023-11-22 00:00:00+00:00,5535700193.436672
2023-11-23 00:00:00+00:00,5545366702.005197
2023-11-24 00:00:00+00:00,5543043998.670832
2023-11-27 00:00:00+00:00,2412368879.857515
2023-11-28 00:00:00+00:00,5574081336.816464
2023-11-29 00:00:00+00:00,5591505161.412201
2023-11-30 00:00:00+00:00,5617636269.249081
2023-12-01 00:00:00+00:00,5647487432.17892
2023-12-04 00:00:00+00:00,5713063741.348332
2023-12-05 00:00:00+00:00,5717631744.333736
2023-12-06 00:00:00+00:00,5732887588.507786
2023-12-07 00:00:00+00:00,5738619393.674503
2023-12-08 00:00:00+00:00,5735476598.566736
2023-12-11 00:00:00+00:00,5745521095.016377
2023-12-12 00:00:00+00:00,5733726536.365608
2023-12-13 00:00:00+00:00,5759530042.480894
2023-12-14 00:00:00+00:00,5795942712.279604
2023-12-15 00:00:00+00:00,5794286516.724034
2023-12-18 00:00:00+00:00,5787973364.16506
2023-12-19 00:00:00+00:00,5789468645.5255575
2023-12-20 00:00:00+00:00,5761570636.416229
2023-12-21 00:00:00+00:00,5778669037.07338
2023-12-22 00:00:00+00:00,5785142811.089579
2023-12-26 00:00:00+00:00,5783300727.893121
2023-12-27 00:00:00+00:00,5786191104.984978
2023-12-28 00:00:00+00:00,5790317934.833714
2023-12-29 00:00:00+00:00,5789845640.875655
2024-01-01 00:00:00+00:00,5788485057.769467
2024-01-02 00:00:00+00:00,5789141884.376051
2024-01-03 00:00:00+00:00,5795491788.74183
2024-01-04 00:00:00+00:00,5807980256.862195
2024-01-05 00:00:00+00:00,5811861809.604495
2024-01-08 00:00:00+00:00,5815930987.209371
2024-01-09 00:00:00+00:00,5812844341.633819
2024-01-10 00:00:00+00:00,5810911116.596907
2024-01-11 00:00:00+00:00,5824963528.469135
2024-01-12 00:00:00+00:00,5826376883.840532
2024-01-15 00:00:00+00:00,5826376883.840532
2024-01-16 00:00:00+00:00,5793973647.328854
2024-01-17 00:00:00+00:00,5755387806.044982
2024-01-18 00:00:00+00:00,5728104156.910741
2024-01-19 00:00:00+00:00,5779819774.176339
2024-01-22 00:00:00+00:00,3639899812.5780444
2024-01-23 00:00:00+00:00,5729676477.8038025
2024-01-24 00:00:00+00:00,5776381432.282601
2024-01-25 00:00:00+00:00,5794121433.651112
2024-01-26 00:00:00+00:00,3892401965.643851
2024-01-29 00:00:00+00:00,5846254076.734726
2024-01-30 00:00:00+00:00,5834766490.032489
2024-01-31 00:00:00+00:00,5834875063.528047
2024-02-01 00:00:00+00:00,5845948922.138363
2024-02-02 00:00:00+00:00,5901718739.224327
2024-02-05 00:00:00+00:00,5927813636.063955
2024-02-06 00:00:00+00:00,5936776407.9076185
2024-02-07 00:00:00+00:00,5934305188.918781
2024-02-08 00:00:00+00:00,5934695301.670233
2024-02-09 00:00:00+00:00,5923472581.5836
2024-02-12 00:00:00+00:00,5905875517.233596
2024-02-13 00:00:00+00:00,5908181380.8920965
2024-02-14 00:00:00+00:00,5991331385.107483
2024-02-15 00:00:00+00:00,6055994128.131509
2024-02-16 00:00:00+00:00,6090010224.002278
2024-02-19 00:00:00+00:00,5826599764.564103
2024-02-20 00:00:00+00:00,6061245177.218751
2024-02-21 00:00:00+00:00,6011846794.529659
2024-02-22 00:00:00+00:00,6057026173.485521
2024-02-23 00:00:00+00:00,6057254563.741963
2024-02-26 00:00:00+00:00,6073063347.424923
2024-02-27 00:00:00+00:00,6061174449.160713
2024-02-28 00:00:00+00:00,6003378554.803138
2024-02-29 00:00:00+00:00,6035472274.9349985
2024-03-01 00:00:00+00:00,6089384432.010509
2024-03-04 00:00:00+00:00,6151357549.948586
2024-03-05 00:00:00+00:00,6158733002.924335
2024-03-06 00:00:00+00:00,6130556601.467359
2024-03-07 00:00:00+00:00,6152885238.331647
2024-03-08 00:00:00+00:00,3101239306.0576644
2024-03-11 00:00:00+00:00,6125851575.79554
2024-03-12 00:00:00+00:00,6059893932.509987
2024-03-13 00:00:00+00:00,5918995543.721574
2024-03-14 00:00:00+00:00,5937623511.954182
2024-03-15 00:00:00+00:00,5898315842.016198
2024-03-18 00:00:00+00:00,5911175488.010683
2024-03-19 00:00:00+00:00,5893252178.870016
2024-03-20 00:00:00+00:00,5903846657.9189
2024-03-21 00:00:00+00:00,5927197556.979267
2024-03-22 00:00:00+00:00,5927603827.559038
2024-03-25 00:00:00+00:00,4490665196.739116
2024-03-26 00:00:00+00:00,5957529869.21175
2024-03-27 00:00:00+00:00,5971101797.560902
2024-03-28 00:00:00+00:00,5984780570.899742
2024-04-01 00:00:00+00:00,6017490765.138616
2024-04-02 00:00:00+00:00,6018863068.233402
2024-04-03 00:00:00+00:00,6035347339.688284
2024-04-04 00:00:00+00:00,6018470804.5613365
2024-04-05 00:00:00+00:00,6029429227.162874
2024-04-08 00:00:00+00:00,6065251956.7588215
2024-04-09 00:00:00+00:00,6061942091.410976
2024-04-10 00:00:00+00:00,6053979558.686984
2024-04-11 00:00:00+00:00,4776213994.075235
2024-04-12 00:00:00+00:00,6037946953.330277
2024-04-15 00:00:00+00:00,6028474184.691259
2024-04-16 00:00:00+00:00,6029011205.145207
2024-04-17 00:00:00+00:00,1927106425.4274318
2024-04-18 00:00:00+00:00,5983988754.720393
2024-04-19 00:00:00+00:00,5952189339.8675995
2024-04-22 00:00:00+00:00,5967491678.469349
2024-04-23 00:00:00+00:00,5977591091.529303
2024-04-24 00:00:00+00:00,6002636828.537308
2024-04-25 00:00:00+00:00,6023869222.913617
2024-04-26 00:00:00+00:00,6049440303.696348
2024-04-29 00:00:00+00:00,6060795166.508904
2024-04-30 00:00:00+00:00,6067868153.691522
2024-05-01 00:00:00+00:00,3543258544.1454973
2024-05-02 00:00:00+00:00,6091414793.225749
2024-05-03 00:00:00+00:00,6084859680.89783
2024-05-06 00:00:00+00:00,6054349450.047409
2024-05-07 00:00:00+00:00,5982197892.75505
2024-05-08 00:00:00+00:00,6003637041.408668
2024-05-09 00:00:00+00:00,5957281628.719989
2024-05-10 00:00:00+00:00,5959986487.151614
2024-05-13 00:00:00+00:00,5964980333.5489435
2024-05-14 00:00:00+00:00,5992178042.606577
2024-05-15 00:00:00+00:00,5996070784.473024
2024-05-16 00:00:00+00:00,6000823934.274373
2024-05-17 00:00:00+00:00,6020324008.212794
2024-05-20 00:00:00+00:00,4464450736.100177
2024-05-21 00:00:00+00:00,6061948293.984066
2024-05-22 00:00:00+00:00,6065428938.976
2024-05-23 00:00:00+00:00,6080350331.236746
2024-05-24 00:00:00+00:00,6079465833.812965
2024-05-27 00:00:00+00:00,6064697429.669411
2024-05-28 00:00:00+00:00,6051698704.690806
2024-05-29 00:00:00+00:00,6048356255.396905
2024-05-30 00:00:00+00:00,6036381035.069865
2024-05-31 00:00:00+00:00,6064824867.919632
2024-06-03 00:00:00+00:00,6173573545.955127
2024-06-04 00:00:00+00:00,6106978833.15574
2024-06-05 00:00:00+00:00,6138503788.538679
2024-06-06 00:00:00+00:00,6143882200.536128
2024-06-07 00:00:00+00:00,6149411867.708203
2024-06-10 00:00:00+00:00,6147887698.782594
2024-06-11 00:00:00+00:00,6151089272.741683
2024-06-12 00:00:00+00:00,6147561313.307899
2024-06-13 00:00:00+00:00,6172908918.788721
2024-06-14 00:00:00+00:00,6198618623.704281
2024-06-17 00:00:00+00:00,1891545273.8528223
2024-06-18 00:00:00+00:00,6213276432.831004
2024-06-19 00:00:00+00:00,6136890403.973293
2024-06-20 00:00:00+00:00,6178872496.275954
2024-06-21 00:00:00+00:00,6148231281.335072
2024-06-24 00:00:00+00:00,6124808481.920578
2024-06-25 00:00:00+00:00,6081812091.550398
2024-06-26 00:00:00+00:00,6058408079.876057
2024-06-27 00:00:00+00:00,6073580377.321284
2024-06-28 00:00:00+00:00,6099391651.122084
2024-07-01 00:00:00+00:00,6103083789.259415
2024-07-02 00:00:00+00:00,6091229714.184809
2024-07-03 00:00:00+00:00,6130779064.982481
2024-07-04 00:00:00+00:00,6133174242.494423
2024-07-05 00:00:00+00:00,6168385295.651175
2024-07-08 00:00:00+00:00,6153686486.356949
2024-07-09 00:00:00+00:00,6171281847.55732
2024-07-10 00:00:00+00:00,6159876706.646541
2024-07-11 00:00:00+00:00,6160659912.794216
2024-07-12 00:00:00+00:00,6134472028.187442
2024-07-15 00:00:00+00:00,6169462873.054227
2024-07-16 00:00:00+00:00,6178717775.012069
2024-07-17 00:00:00+00:00,3442991243.485419
2024-07-18 00:00:00+00:00,6148021071.829976
2024-07-19 00:00:00+00:00,6076906927.474656
2024-07-22 00:00:00+00:00,6093837013.509083
2024-07-23 00:00:00+00:00,6094384550.997252
2024-07-24 00:00:00+00:00,6109999389.288456
2024-07-25 00:00:00+00:00,6139478946.921296
2024-07-26 00:00:00+00:00,6168517358.644982
2024-07-29 00:00:00+00:00,6185167791.4901905
2024-07-30 00:00:00+00:00,6207817325.731119
2024-07-31 00:00:00+00:00,6228686382.000434
2024-08-01 00:00:00+00:00,6245717486.023935
2024-08-02 00:00:00+00:00,6213744635.510461
2024-08-05 00:00:00+00:00,6123164436.522014
2024-08-06 00:00:00+00:00,6114525390.484548
2024-08-07 00:00:00+00:00,6163747392.618967
2024-08-08 00:00:00+00:00,6140028420.90353
2024-08-09 00:00:00+00:00,6150008981.118715
2024-08-12 00:00:00+00:00,6138820103.913896
2024-08-13 00:00:00+00:00,6118411839.060237
2024-08-14 00:00:00+00:00,6104808674.925654
2024-08-15 00:00:00+00:00,4820643259.849769
2024-08-16 00:00:00+00:00,6127228057.0410795
2024-08-19 00:00:00+00:00,6147783069.047235
2024-08-20 00:00:00+00:00,6151149748.996057
2024-08-21 00:00:00+00:00,6160575094.078446
2024-08-22 00:00:00+00:00,6150583771.103332
2024-08-23 00:00:00+00:00,6148348525.224044
2024-08-26 00:00:00+00:00,6162227805.166188
2024-08-27 00:00:00+00:00,6155712192.916095
2024-08-28 00:00:00+00:00,6150725412.9633875
2024-08-29 00:00:00+00:00,6153427074.1009445
2024-08-30 00:00:00+00:00,6164198483.940807
2024-09-02 00:00:00+00:00,6158526046.612133
2024-09-03 00:00:00+00:00,6147269085.132073
2024-09-04 00:00:00+00:00,6135221897.328681
2024-09-05 00:00:00+00:00,6133586822.624047
2024-09-06 00:00:00+00:00,6106492386.292805
2024-09-09 00:00:00+00:00,6092156994.588358
2024-09-10 00:00:00+00:00,6105801618.444747
2024-09-11 00:00:00+00:00,6081975059.977332
2024-09-12 00:00:00+00:00,6114700174.515836
2024-09-13 00:00:00+00:00,6103862491.888295
2024-09-16 00:00:00+00:00,6106695227.26035
2024-09-17 00:00:00+00:00,6105527897.034398
2024-09-18 00:00:00+00:00,6098661254.012254
2024-09-19 00:00:00+00:00,6083773793.784258
2024-09-20 00:00:00+00:00,6100210264.807866
2024-09-23 00:00:00+00:00,6124568030.479306
2024-09-24 00:00:00+00:00,6129348722.645513
2024-09-25 00:00:00+00:00,6137762340.071323
2024-09-26 00:00:00+00:00,6148931445.131134
2024-09-27 00:00:00+00:00,6172709847.94784
2024-09-30 00:00:00+00:00,6176397336.4963875
2024-10-01 00:00:00+00:00,6174641388.390138
2024-10-02 00:00:00+00:00,4820643259.849769
2024-10-03 00:00:00+00:00,6150160170.117718
2024-10-04 00:00:00+00:00,6126591008.69286
2024-10-07 00:00:00+00:00,6081759953.8148575
