,equity
2000-01-03 00:00:00+00:00,10000000.0
2000-01-04 00:00:00+00:00,10000000.0
2000-01-05 00:00:00+00:00,10000000.0
2000-01-06 00:00:00+00:00,10000000.0
2000-01-07 00:00:00+00:00,10000000.0
2000-01-10 00:00:00+00:00,10000000.0
2000-01-11 00:00:00+00:00,10000000.0
2000-01-12 00:00:00+00:00,10000000.0
2000-01-13 00:00:00+00:00,10000000.0
2000-01-14 00:00:00+00:00,10000000.0
2000-01-17 00:00:00+00:00,10000000.0
2000-01-18 00:00:00+00:00,10000000.0
2000-01-19 00:00:00+00:00,10000000.0
2000-01-20 00:00:00+00:00,10000000.0
2000-01-21 00:00:00+00:00,10000000.0
2000-01-24 00:00:00+00:00,10000000.0
2000-01-25 00:00:00+00:00,10000000.0
2000-01-26 00:00:00+00:00,10000000.0
2000-01-27 00:00:00+00:00,10000000.0
2000-01-28 00:00:00+00:00,10000000.0
2000-01-31 00:00:00+00:00,10000000.0
2000-02-01 00:00:00+00:00,10000000.0
2000-02-02 00:00:00+00:00,10000000.0
2000-02-03 00:00:00+00:00,10000000.0
2000-02-04 00:00:00+00:00,10000000.0
2000-02-07 00:00:00+00:00,10000000.0
2000-02-08 00:00:00+00:00,10000000.0
2000-02-09 00:00:00+00:00,10000000.0
2000-02-10 00:00:00+00:00,10000000.0
2000-02-11 00:00:00+00:00,10000000.0
2000-02-14 00:00:00+00:00,10000000.0
2000-02-15 00:00:00+00:00,10000000.0
2000-02-16 00:00:00+00:00,10000000.0
2000-02-17 00:00:00+00:00,10000000.0
2000-02-18 00:00:00+00:00,10000000.0
2000-02-21 00:00:00+00:00,10000000.0
2000-02-22 00:00:00+00:00,10000000.0
2000-02-23 00:00:00+00:00,10000000.0
2000-02-24 00:00:00+00:00,10000000.0
2000-02-25 00:00:00+00:00,10000000.0
2000-02-28 00:00:00+00:00,10000000.0
2000-02-29 00:00:00+00:00,10000000.0
2000-03-01 00:00:00+00:00,10000000.0
2000-03-02 00:00:00+00:00,10000000.0
2000-03-03 00:00:00+00:00,10000000.0
2000-03-06 00:00:00+00:00,10000000.0
2000-03-07 00:00:00+00:00,10000000.0
2000-03-08 00:00:00+00:00,10000000.0
2000-03-09 00:00:00+00:00,10000000.0
2000-03-10 00:00:00+00:00,10000000.0
2000-03-13 00:00:00+00:00,10000000.0
2000-03-14 00:00:00+00:00,10000000.0
2000-03-15 00:00:00+00:00,10000000.0
2000-03-16 00:00:00+00:00,10000000.0
2000-03-17 00:00:00+00:00,10000000.0
2000-03-20 00:00:00+00:00,10000000.0
2000-03-21 00:00:00+00:00,10000000.0
2000-03-22 00:00:00+00:00,10000000.0
2000-03-23 00:00:00+00:00,10000000.0
2000-03-24 00:00:00+00:00,10000000.0
2000-03-27 00:00:00+00:00,10000000.0
2000-03-28 00:00:00+00:00,10000000.0
2000-03-29 00:00:00+00:00,10000000.0
2000-03-30 00:00:00+00:00,10000000.0
2000-03-31 00:00:00+00:00,10000000.0
2000-04-03 00:00:00+00:00,10000000.0
2000-04-04 00:00:00+00:00,10000000.0
2000-04-05 00:00:00+00:00,10000000.0
2000-04-06 00:00:00+00:00,10000000.0
2000-04-07 00:00:00+00:00,10000000.0
2000-04-10 00:00:00+00:00,10000000.0
2000-04-11 00:00:00+00:00,10000000.0
2000-04-12 00:00:00+00:00,10000000.0
2000-04-13 00:00:00+00:00,10000000.0
2000-04-14 00:00:00+00:00,10000000.0
2000-04-17 00:00:00+00:00,10000000.0
2000-04-18 00:00:00+00:00,10000000.0
2000-04-19 00:00:00+00:00,10000000.0
2000-04-20 00:00:00+00:00,10000000.0
2000-04-21 00:00:00+00:00,10000000.0
2000-04-24 00:00:00+00:00,10000000.0
2000-04-25 00:00:00+00:00,10000000.0
2000-04-26 00:00:00+00:00,10000000.0
2000-04-27 00:00:00+00:00,10000000.0
2000-04-28 00:00:00+00:00,10000000.0
2000-05-01 00:00:00+00:00,10000000.0
2000-05-02 00:00:00+00:00,10000000.0
2000-05-03 00:00:00+00:00,10000000.0
2000-05-04 00:00:00+00:00,10000000.0
2000-05-05 00:00:00+00:00,10000000.0
2000-05-08 00:00:00+00:00,10000000.0
2000-05-09 00:00:00+00:00,10000000.0
2000-05-10 00:00:00+00:00,10000000.0
2000-05-11 00:00:00+00:00,10000000.0
2000-05-12 00:00:00+00:00,10000000.0
2000-05-15 00:00:00+00:00,10000000.0
2000-05-16 00:00:00+00:00,10000000.0
2000-05-17 00:00:00+00:00,10000000.0
2000-05-18 00:00:00+00:00,10000000.0
2000-05-19 00:00:00+00:00,10000000.0
2000-05-22 00:00:00+00:00,10000000.0
2000-05-23 00:00:00+00:00,10000000.0
2000-05-24 00:00:00+00:00,10000000.0
2000-05-25 00:00:00+00:00,10000000.0
2000-05-26 00:00:00+00:00,10000000.0
2000-05-29 00:00:00+00:00,10000000.0
2000-05-30 00:00:00+00:00,10000000.0
2000-05-31 00:00:00+00:00,10000000.0
2000-06-01 00:00:00+00:00,10000000.0
2000-06-02 00:00:00+00:00,10000000.0
2000-06-05 00:00:00+00:00,10000000.0
2000-06-06 00:00:00+00:00,10000000.0
2000-06-07 00:00:00+00:00,10000000.0
2000-06-08 00:00:00+00:00,10000000.0
2000-06-09 00:00:00+00:00,10000000.0
2000-06-12 00:00:00+00:00,10000000.0
2000-06-13 00:00:00+00:00,10000000.0
2000-06-14 00:00:00+00:00,10000000.0
2000-06-15 00:00:00+00:00,10000000.0
2000-06-16 00:00:00+00:00,10000000.0
2000-06-19 00:00:00+00:00,10000000.0
2000-06-20 00:00:00+00:00,10000000.0
2000-06-21 00:00:00+00:00,10000000.0
2000-06-22 00:00:00+00:00,10000000.0
2000-06-23 00:00:00+00:00,10000000.0
2000-06-26 00:00:00+00:00,10000000.0
2000-06-27 00:00:00+00:00,10000000.0
2000-06-28 00:00:00+00:00,10000000.0
2000-06-29 00:00:00+00:00,10000000.0
2000-06-30 00:00:00+00:00,10000000.0
2000-07-03 00:00:00+00:00,10000000.0
2000-07-04 00:00:00+00:00,10000000.0
2000-07-05 00:00:00+00:00,10000000.0
2000-07-06 00:00:00+00:00,10000000.0
2000-07-07 00:00:00+00:00,10000000.0
2000-07-10 00:00:00+00:00,10000000.0
2000-07-11 00:00:00+00:00,10000000.0
2000-07-12 00:00:00+00:00,10000000.0
2000-07-13 00:00:00+00:00,10000000.0
2000-07-14 00:00:00+00:00,10000000.0
2000-07-17 00:00:00+00:00,10000000.0
2000-07-18 00:00:00+00:00,10000000.0
2000-07-19 00:00:00+00:00,10000000.0
2000-07-20 00:00:00+00:00,10000000.0
2000-07-21 00:00:00+00:00,10000000.0
2000-07-24 00:00:00+00:00,10000000.0
2000-07-25 00:00:00+00:00,10000000.0
2000-07-26 00:00:00+00:00,10000000.0
2000-07-27 00:00:00+00:00,10000000.0
2000-07-28 00:00:00+00:00,10000000.0
2000-07-31 00:00:00+00:00,10000000.0
2000-08-01 00:00:00+00:00,10000000.0
2000-08-02 00:00:00+00:00,10000000.0
2000-08-03 00:00:00+00:00,10000000.0
2000-08-04 00:00:00+00:00,10000000.0
2000-08-07 00:00:00+00:00,10000000.0
2000-08-08 00:00:00+00:00,10000000.0
2000-08-09 00:00:00+00:00,10000000.0
2000-08-10 00:00:00+00:00,10000000.0
2000-08-11 00:00:00+00:00,10000000.0
2000-08-14 00:00:00+00:00,10000000.0
2000-08-15 00:00:00+00:00,10000000.0
2000-08-16 00:00:00+00:00,10000000.0
2000-08-17 00:00:00+00:00,10000000.0
2000-08-18 00:00:00+00:00,10000000.0
2000-08-21 00:00:00+00:00,10000000.0
2000-08-22 00:00:00+00:00,10000000.0
2000-08-23 00:00:00+00:00,10000000.0
2000-08-24 00:00:00+00:00,10000000.0
2000-08-25 00:00:00+00:00,10000000.0
2000-08-28 00:00:00+00:00,10000000.0
2000-08-29 00:00:00+00:00,10000000.0
2000-08-30 00:00:00+00:00,10000000.0
2000-08-31 00:00:00+00:00,10000000.0
2000-09-01 00:00:00+00:00,10000000.0
2000-09-04 00:00:00+00:00,10000000.0
2000-09-05 00:00:00+00:00,10000000.0
2000-09-06 00:00:00+00:00,10000000.0
2000-09-07 00:00:00+00:00,10000000.0
2000-09-08 00:00:00+00:00,10000000.0
2000-09-11 00:00:00+00:00,10000000.0
2000-09-12 00:00:00+00:00,10000000.0
2000-09-13 00:00:00+00:00,10000000.0
2000-09-14 00:00:00+00:00,10000000.0
2000-09-15 00:00:00+00:00,10000000.0
2000-09-18 00:00:00+00:00,10000000.0
2000-09-19 00:00:00+00:00,10000000.0
2000-09-20 00:00:00+00:00,10000000.0
2000-09-21 00:00:00+00:00,10000000.0
2000-09-22 00:00:00+00:00,10000000.0
2000-09-25 00:00:00+00:00,10000000.0
2000-09-26 00:00:00+00:00,10000000.0
2000-09-27 00:00:00+00:00,10000000.0
2000-09-28 00:00:00+00:00,10000000.0
2000-09-29 00:00:00+00:00,10000000.0
2000-10-02 00:00:00+00:00,10000000.0
2000-10-03 00:00:00+00:00,10000000.0
2000-10-04 00:00:00+00:00,10000000.0
2000-10-05 00:00:00+00:00,10000000.0
2000-10-06 00:00:00+00:00,10000000.0
2000-10-09 00:00:00+00:00,10000000.0
2000-10-10 00:00:00+00:00,10000000.0
2000-10-11 00:00:00+00:00,10000000.0
2000-10-12 00:00:00+00:00,10000000.0
2000-10-13 00:00:00+00:00,10000000.0
2000-10-16 00:00:00+00:00,10000000.0
2000-10-17 00:00:00+00:00,10000000.0
2000-10-18 00:00:00+00:00,10000000.0
2000-10-19 00:00:00+00:00,10000000.0
2000-10-20 00:00:00+00:00,10000000.0
2000-10-23 00:00:00+00:00,10000000.0
2000-10-24 00:00:00+00:00,10000000.0
2000-10-25 00:00:00+00:00,10000000.0
2000-10-26 00:00:00+00:00,10000000.0
2000-10-27 00:00:00+00:00,10000000.0
2000-10-30 00:00:00+00:00,10000000.0
2000-10-31 00:00:00+00:00,10000000.0
2000-11-01 00:00:00+00:00,10000000.0
2000-11-02 00:00:00+00:00,10000000.0
2000-11-03 00:00:00+00:00,10000000.0
2000-11-06 00:00:00+00:00,10000000.0
2000-11-07 00:00:00+00:00,10000000.0
2000-11-08 00:00:00+00:00,10000000.0
2000-11-09 00:00:00+00:00,10000000.0
2000-11-10 00:00:00+00:00,10000000.0
2000-11-13 00:00:00+00:00,10000000.0
2000-11-14 00:00:00+00:00,10000000.0
2000-11-15 00:00:00+00:00,10000000.0
2000-11-16 00:00:00+00:00,10000000.0
2000-11-17 00:00:00+00:00,10000000.0
2000-11-20 00:00:00+00:00,10000000.0
2000-11-21 00:00:00+00:00,10000000.0
2000-11-22 00:00:00+00:00,10000000.0
2000-11-23 00:00:00+00:00,10000000.0
2000-11-24 00:00:00+00:00,10000000.0
2000-11-27 00:00:00+00:00,10000000.0
2000-11-28 00:00:00+00:00,10000000.0
2000-11-29 00:00:00+00:00,10000000.0
2000-11-30 00:00:00+00:00,10000000.0
2000-12-01 00:00:00+00:00,10000000.0
2000-12-04 00:00:00+00:00,10000000.0
2000-12-05 00:00:00+00:00,10000000.0
2000-12-06 00:00:00+00:00,10000000.0
2000-12-07 00:00:00+00:00,10000000.0
2000-12-08 00:00:00+00:00,10000000.0
2000-12-11 00:00:00+00:00,10000000.0
2000-12-12 00:00:00+00:00,10000000.0
2000-12-13 00:00:00+00:00,10000000.0
2000-12-14 00:00:00+00:00,10000000.0
2000-12-15 00:00:00+00:00,10000000.0
2000-12-18 00:00:00+00:00,10000000.0
2000-12-19 00:00:00+00:00,10000000.0
2000-12-20 00:00:00+00:00,10000000.0
2000-12-21 00:00:00+00:00,9989304.726878598
2000-12-22 00:00:00+00:00,9975326.449534848
2000-12-25 00:00:00+00:00,9975326.449534848
2000-12-26 00:00:00+00:00,9956216.966664817
2000-12-27 00:00:00+00:00,9973972.7296119
2000-12-28 00:00:00+00:00,9978000.963061836
2000-12-29 00:00:00+00:00,9988529.733422782
2001-01-01 00:00:00+00:00,9987923.163970333
2001-01-02 00:00:00+00:00,9990550.206939083
2001-01-03 00:00:00+00:00,9988546.419211727
2001-01-04 00:00:00+00:00,10003211.199126583
2001-01-05 00:00:00+00:00,10002315.53178008
2001-01-08 00:00:00+00:00,10002315.53178008
2001-01-09 00:00:00+00:00,10002315.53178008
2001-01-10 00:00:00+00:00,10002315.53178008
2001-01-11 00:00:00+00:00,10002315.53178008
2001-01-12 00:00:00+00:00,10002315.53178008
2001-01-15 00:00:00+00:00,10002315.53178008
2001-01-16 00:00:00+00:00,10002315.53178008
2001-01-17 00:00:00+00:00,10002315.53178008
2001-01-18 00:00:00+00:00,10002315.53178008
2001-01-19 00:00:00+00:00,10007587.539070014
2001-01-22 00:00:00+00:00,10024438.897711638
2001-01-23 00:00:00+00:00,10019522.434051398
2001-01-24 00:00:00+00:00,10024010.779427413
2001-01-25 00:00:00+00:00,10047681.115342978
2001-01-26 00:00:00+00:00,10047681.115342978
2001-01-29 00:00:00+00:00,10012313.891606215
2001-01-30 00:00:00+00:00,10012124.173881415
2001-01-31 00:00:00+00:00,10009167.08224285
2001-02-01 00:00:00+00:00,10002081.963802222
2001-02-02 00:00:00+00:00,10010133.289111976
2001-02-05 00:00:00+00:00,10027690.007302169
2001-02-06 00:00:00+00:00,10028741.25360382
2001-02-07 00:00:00+00:00,10010627.513397101
2001-02-08 00:00:00+00:00,10062041.420540694
2001-02-09 00:00:00+00:00,10098857.434795264
2001-02-12 00:00:00+00:00,10078993.95804203
2001-02-13 00:00:00+00:00,10101381.266894225
2001-02-14 00:00:00+00:00,10106819.688558463
2001-02-15 00:00:00+00:00,10106400.111642722
2001-02-16 00:00:00+00:00,10075514.753156547
2001-02-19 00:00:00+00:00,10083144.15137439
2001-02-20 00:00:00+00:00,10080961.228095105
2001-02-21 00:00:00+00:00,10077769.375421098
2001-02-22 00:00:00+00:00,10069080.785491254
2001-02-23 00:00:00+00:00,10030503.2946024
2001-02-26 00:00:00+00:00,10040701.64122898
2001-02-27 00:00:00+00:00,10037479.151204174
2001-02-28 00:00:00+00:00,10053396.047152018
2001-03-01 00:00:00+00:00,10047214.187316278
2001-03-02 00:00:00+00:00,9999202.699617365
2001-03-05 00:00:00+00:00,9944999.318916596
2001-03-06 00:00:00+00:00,9944893.010893913
2001-03-07 00:00:00+00:00,9993608.755375953
2001-03-08 00:00:00+00:00,9999497.972340703
2001-03-09 00:00:00+00:00,9915771.499640647
2001-03-12 00:00:00+00:00,9797626.362383548
2001-03-13 00:00:00+00:00,9688203.69493828
2001-03-14 00:00:00+00:00,9855230.045653902
2001-03-15 00:00:00+00:00,9949283.150870405
2001-03-16 00:00:00+00:00,9890213.76412543
2001-03-19 00:00:00+00:00,9895972.55236014
2001-03-20 00:00:00+00:00,9894514.4432783
2001-03-21 00:00:00+00:00,9915580.49441241
2001-03-22 00:00:00+00:00,9910493.194561945
2001-03-23 00:00:00+00:00,9882739.095678316
2001-03-26 00:00:00+00:00,9884583.76238154
2001-03-27 00:00:00+00:00,9895712.453202235
2001-03-28 00:00:00+00:00,9909158.550422655
2001-03-29 00:00:00+00:00,9903939.851802003
2001-03-30 00:00:00+00:00,9901080.518763673
2001-04-02 00:00:00+00:00,9898226.913020264
2001-04-03 00:00:00+00:00,9899097.550959717
2001-04-04 00:00:00+00:00,9894624.671351563
2001-04-05 00:00:00+00:00,9894624.671351563
2001-04-06 00:00:00+00:00,9891124.151515137
2001-04-09 00:00:00+00:00,9871704.440796988
2001-04-10 00:00:00+00:00,9858606.272465842
2001-04-11 00:00:00+00:00,9847007.498608725
2001-04-12 00:00:00+00:00,9820945.786490345
2001-04-13 00:00:00+00:00,9642546.855280047
2001-04-16 00:00:00+00:00,9852485.7605722
2001-04-17 00:00:00+00:00,9879844.768711692
2001-04-18 00:00:00+00:00,9933594.884567386
2001-04-19 00:00:00+00:00,9962841.70605827
2001-04-20 00:00:00+00:00,9942838.298266852
2001-04-23 00:00:00+00:00,9923015.218948925
2001-04-24 00:00:00+00:00,9885790.063623035
2001-04-25 00:00:00+00:00,9927125.138694847
2001-04-26 00:00:00+00:00,9927989.191453239
2001-04-27 00:00:00+00:00,9904616.39111056
2001-04-30 00:00:00+00:00,9911802.450262329
2001-05-01 00:00:00+00:00,9917683.93187877
2001-05-02 00:00:00+00:00,9929032.349472607
2001-05-03 00:00:00+00:00,9934376.879167283
2001-05-04 00:00:00+00:00,9945293.285646046
2001-05-07 00:00:00+00:00,9963669.498652542
2001-05-08 00:00:00+00:00,9971558.6546525
2001-05-09 00:00:00+00:00,9946481.603538776
2001-05-10 00:00:00+00:00,9959340.323306585
2001-05-11 00:00:00+00:00,9953483.62947693
2001-05-14 00:00:00+00:00,9954612.520985985
2001-05-15 00:00:00+00:00,9983753.534862066
2001-05-16 00:00:00+00:00,9977547.495219693
2001-05-17 00:00:00+00:00,9975873.003974859
2001-05-18 00:00:00+00:00,9989192.501544897
2001-05-21 00:00:00+00:00,9971955.883163396
2001-05-22 00:00:00+00:00,9980270.736574117
2001-05-23 00:00:00+00:00,9984380.465062086
2001-05-24 00:00:00+00:00,9989068.322965004
2001-05-25 00:00:00+00:00,9981803.215082504
2001-05-28 00:00:00+00:00,9994178.710071899
2001-05-29 00:00:00+00:00,9994353.214190818
2001-05-30 00:00:00+00:00,9997909.642723223
2001-05-31 00:00:00+00:00,9994649.121593615
2001-06-01 00:00:00+00:00,9977664.312386176
2001-06-04 00:00:00+00:00,9968704.227153918
2001-06-05 00:00:00+00:00,9941280.560500529
2001-06-06 00:00:00+00:00,9939960.105085757
2001-06-07 00:00:00+00:00,9926968.583952334
2001-06-08 00:00:00+00:00,9947457.262774594
2001-06-11 00:00:00+00:00,9955730.699483044
2001-06-12 00:00:00+00:00,9955632.0442468
2001-06-13 00:00:00+00:00,9960588.279476104
2001-06-14 00:00:00+00:00,9950414.769419005
2001-06-15 00:00:00+00:00,9940755.426093783
2001-06-18 00:00:00+00:00,9919145.07455894
2001-06-19 00:00:00+00:00,9925597.209833827
2001-06-20 00:00:00+00:00,9944318.688741412
2001-06-21 00:00:00+00:00,9941449.477987017
2001-06-22 00:00:00+00:00,9931405.411897857
2001-06-25 00:00:00+00:00,9906373.398532111
2001-06-26 00:00:00+00:00,9943090.851257307
2001-06-27 00:00:00+00:00,9924753.396127684
2001-06-28 00:00:00+00:00,9910602.19605174
2001-06-29 00:00:00+00:00,9924594.965171002
2001-07-02 00:00:00+00:00,9916927.96954646
2001-07-03 00:00:00+00:00,9906706.726717137
2001-07-04 00:00:00+00:00,9540104.250710797
2001-07-05 00:00:00+00:00,9886761.182375655
2001-07-06 00:00:00+00:00,9868106.613808997
2001-07-09 00:00:00+00:00,9865041.811153777
2001-07-10 00:00:00+00:00,9908563.598337948
2001-07-11 00:00:00+00:00,9890914.245137036
2001-07-12 00:00:00+00:00,9921904.482529633
2001-07-13 00:00:00+00:00,9933707.36059016
2001-07-16 00:00:00+00:00,9934881.344995435
2001-07-17 00:00:00+00:00,9931601.429564042
2001-07-18 00:00:00+00:00,9925111.018398058
2001-07-19 00:00:00+00:00,9919738.809938246
2001-07-20 00:00:00+00:00,9918254.644641912
2001-07-23 00:00:00+00:00,9931613.447056806
2001-07-24 00:00:00+00:00,9894241.687820943
2001-07-25 00:00:00+00:00,9879888.100016149
2001-07-26 00:00:00+00:00,9879357.072004309
2001-07-27 00:00:00+00:00,9879186.078622399
2001-07-30 00:00:00+00:00,9890974.201775026
2001-07-31 00:00:00+00:00,9889371.246376943
2001-08-01 00:00:00+00:00,9888876.587566327
2001-08-02 00:00:00+00:00,9896895.689885568
2001-08-03 00:00:00+00:00,9917600.61390505
2001-08-06 00:00:00+00:00,9911258.317653019
2001-08-07 00:00:00+00:00,9912422.12846883
2001-08-08 00:00:00+00:00,9897881.548415143
2001-08-09 00:00:00+00:00,9892313.085153777
2001-08-10 00:00:00+00:00,9882109.729106743
2001-08-13 00:00:00+00:00,9887310.990356762
2001-08-14 00:00:00+00:00,9860617.947773822
2001-08-15 00:00:00+00:00,9860617.947773822
2001-08-16 00:00:00+00:00,9840434.954896338
2001-08-17 00:00:00+00:00,9851981.673315687
2001-08-20 00:00:00+00:00,9847343.2332298
2001-08-21 00:00:00+00:00,9842483.37567298
2001-08-22 00:00:00+00:00,9842483.37567298
2001-08-23 00:00:00+00:00,9860116.447051687
2001-08-24 00:00:00+00:00,9862164.387825657
2001-08-27 00:00:00+00:00,9870806.783024956
2001-08-28 00:00:00+00:00,9870321.191799331
2001-08-29 00:00:00+00:00,9883890.875704933
2001-08-30 00:00:00+00:00,9875648.446397416
2001-08-31 00:00:00+00:00,9865432.697992181
2001-09-03 00:00:00+00:00,9675459.396291703
2001-09-04 00:00:00+00:00,9863594.479988545
2001-09-05 00:00:00+00:00,9872371.320037322
2001-09-06 00:00:00+00:00,9877197.73998025
2001-09-07 00:00:00+00:00,9874529.030633437
2001-09-10 00:00:00+00:00,9864320.798523413
2001-09-11 00:00:00+00:00,9664758.738670336
2001-09-12 00:00:00+00:00,9599874.866835201
2001-09-13 00:00:00+00:00,9567569.661374193
2001-09-14 00:00:00+00:00,9663056.949550968
2001-09-17 00:00:00+00:00,9499516.192352846
2001-09-18 00:00:00+00:00,9635210.584102716
2001-09-19 00:00:00+00:00,9690537.460387077
2001-09-20 00:00:00+00:00,9657344.379640741
2001-09-21 00:00:00+00:00,9601446.059448643
2001-09-24 00:00:00+00:00,9671247.015668027
2001-09-25 00:00:00+00:00,9660615.602791421
2001-09-26 00:00:00+00:00,9713564.110606395
2001-09-27 00:00:00+00:00,9708714.460945884
2001-09-28 00:00:00+00:00,9749302.672838489
2001-10-01 00:00:00+00:00,9751492.807219585
2001-10-02 00:00:00+00:00,9751445.96233524
2001-10-03 00:00:00+00:00,9728471.83852781
2001-10-04 00:00:00+00:00,9730697.813621651
2001-10-05 00:00:00+00:00,9721340.275602471
2001-10-08 00:00:00+00:00,9704636.722918482
2001-10-09 00:00:00+00:00,9721395.963850774
2001-10-10 00:00:00+00:00,9727680.603369884
2001-10-11 00:00:00+00:00,9721622.24714992
2001-10-12 00:00:00+00:00,9724822.56487224
2001-10-15 00:00:00+00:00,9627330.474880671
2001-10-16 00:00:00+00:00,9620885.724708533
2001-10-17 00:00:00+00:00,9638334.261095295
2001-10-18 00:00:00+00:00,9669791.471987018
2001-10-19 00:00:00+00:00,9667841.79135538
2001-10-22 00:00:00+00:00,9646775.826098768
2001-10-23 00:00:00+00:00,9657677.52797672
2001-10-24 00:00:00+00:00,9667652.76159772
2001-10-25 00:00:00+00:00,9668853.495507566
2001-10-26 00:00:00+00:00,9673033.715446321
2001-10-29 00:00:00+00:00,9667434.729086597
2001-10-30 00:00:00+00:00,9671703.82169028
2001-10-31 00:00:00+00:00,9674922.273912627
2001-11-01 00:00:00+00:00,9693457.69597956
2001-11-02 00:00:00+00:00,9713847.93904529
2001-11-05 00:00:00+00:00,9706925.881195405
2001-11-06 00:00:00+00:00,9698130.376415113
2001-11-07 00:00:00+00:00,9693590.049543241
2001-11-08 00:00:00+00:00,9718084.35082517
2001-11-09 00:00:00+00:00,9720474.258284787
2001-11-12 00:00:00+00:00,9740023.000646332
2001-11-13 00:00:00+00:00,9729069.114274243
2001-11-14 00:00:00+00:00,9760241.371159771
2001-11-15 00:00:00+00:00,9777148.396997193
2001-11-16 00:00:00+00:00,9775653.816795314
2001-11-19 00:00:00+00:00,9792993.557893718
2001-11-20 00:00:00+00:00,9765491.800362075
2001-11-21 00:00:00+00:00,9784729.386851275
2001-11-22 00:00:00+00:00,9792901.60793444
2001-11-23 00:00:00+00:00,9788656.751085723
2001-11-26 00:00:00+00:00,9789991.931751216
2001-11-27 00:00:00+00:00,9787153.367128814
2001-11-28 00:00:00+00:00,9787067.788900817
2001-11-29 00:00:00+00:00,9774512.27535292
2001-11-30 00:00:00+00:00,9774512.27535292
2001-12-03 00:00:00+00:00,9783570.716968501
2001-12-04 00:00:00+00:00,9779513.878931964
2001-12-05 00:00:00+00:00,9806285.107012236
2001-12-06 00:00:00+00:00,9803005.074166263
2001-12-07 00:00:00+00:00,9814289.174752677
2001-12-10 00:00:00+00:00,9828808.545050653
2001-12-11 00:00:00+00:00,9805226.23076299
2001-12-12 00:00:00+00:00,9786717.395928891
2001-12-13 00:00:00+00:00,9783321.966228994
2001-12-14 00:00:00+00:00,9781135.172647985
2001-12-17 00:00:00+00:00,9781135.172647985
2001-12-18 00:00:00+00:00,9773932.681207212
2001-12-19 00:00:00+00:00,9755057.725507768
2001-12-20 00:00:00+00:00,9751864.598902734
2001-12-21 00:00:00+00:00,9742680.188377412
2001-12-24 00:00:00+00:00,9740987.416693756
2001-12-25 00:00:00+00:00,9740886.72012526
2001-12-26 00:00:00+00:00,9724327.734845884
2001-12-27 00:00:00+00:00,9694243.908409365
2001-12-28 00:00:00+00:00,9718666.448667662
2001-12-31 00:00:00+00:00,9773833.014925666
2002-01-01 00:00:00+00:00,9769286.114532826
2002-01-02 00:00:00+00:00,9767329.309382454
2002-01-03 00:00:00+00:00,9774688.467952922
2002-01-04 00:00:00+00:00,9777030.942978814
2002-01-07 00:00:00+00:00,9775559.192257458
2002-01-08 00:00:00+00:00,9789939.28634748
2002-01-09 00:00:00+00:00,9793656.301538082
2002-01-10 00:00:00+00:00,9794003.435517402
2002-01-11 00:00:00+00:00,9790446.140848728
2002-01-14 00:00:00+00:00,9829286.184671016
2002-01-15 00:00:00+00:00,9819580.241782757
2002-01-16 00:00:00+00:00,9816320.450296493
2002-01-17 00:00:00+00:00,9825386.42853889
2002-01-18 00:00:00+00:00,9827491.309128376
2002-01-21 00:00:00+00:00,9842902.881990524
2002-01-22 00:00:00+00:00,9834002.288359256
2002-01-23 00:00:00+00:00,9830750.272920223
2002-01-24 00:00:00+00:00,9810047.936363788
2002-01-25 00:00:00+00:00,9794122.035808655
2002-01-28 00:00:00+00:00,9795564.039470287
2002-01-29 00:00:00+00:00,9802200.872712703
2002-01-30 00:00:00+00:00,9795420.521321388
2002-01-31 00:00:00+00:00,9801376.020935627
2002-02-01 00:00:00+00:00,9840407.86054425
2002-02-04 00:00:00+00:00,9864750.493150756
2002-02-05 00:00:00+00:00,9923448.847371623
2002-02-06 00:00:00+00:00,9962028.351043927
2002-02-07 00:00:00+00:00,9992637.172641922
2002-02-08 00:00:00+00:00,9974736.749302026
2002-02-11 00:00:00+00:00,9999586.08097374
2002-02-12 00:00:00+00:00,10003820.529422399
2002-02-13 00:00:00+00:00,10077288.275529977
2002-02-14 00:00:00+00:00,10109494.826293584
2002-02-15 00:00:00+00:00,10105451.764464494
2002-02-18 00:00:00+00:00,9938320.290822621
2002-02-19 00:00:00+00:00,10075148.16448557
2002-02-20 00:00:00+00:00,10079014.872331258
2002-02-21 00:00:00+00:00,10083187.501008626
2002-02-22 00:00:00+00:00,10116064.161608811
2002-02-25 00:00:00+00:00,10120195.307819959
2002-02-26 00:00:00+00:00,10173532.670400258
2002-02-27 00:00:00+00:00,10142189.079483625
2002-02-28 00:00:00+00:00,10059396.816001054
2002-03-01 00:00:00+00:00,10125328.029344108
2002-03-04 00:00:00+00:00,10162902.775692012
2002-03-05 00:00:00+00:00,10159020.536729839
2002-03-06 00:00:00+00:00,10157222.858174827
2002-03-07 00:00:00+00:00,10152965.801033976
2002-03-08 00:00:00+00:00,10165266.169019701
2002-03-11 00:00:00+00:00,10139756.583683016
2002-03-12 00:00:00+00:00,10117812.381199839
2002-03-13 00:00:00+00:00,10140830.777729861
2002-03-14 00:00:00+00:00,10159676.092148177
2002-03-15 00:00:00+00:00,10182922.087809913
2002-03-18 00:00:00+00:00,10192375.05203759
2002-03-19 00:00:00+00:00,10148699.55244147
2002-03-20 00:00:00+00:00,10144783.530400626
2002-03-21 00:00:00+00:00,10172611.289390914
2002-03-22 00:00:00+00:00,10175332.29796683
2002-03-25 00:00:00+00:00,10175332.29796683
2002-03-26 00:00:00+00:00,10163501.034447066
2002-03-27 00:00:00+00:00,10202765.6960653
2002-03-28 00:00:00+00:00,10216705.102434441
2002-03-29 00:00:00+00:00,10216705.102434441
2002-04-01 00:00:00+00:00,10323114.396864697
2002-04-02 00:00:00+00:00,10349797.455098327
2002-04-03 00:00:00+00:00,10355967.98352657
2002-04-04 00:00:00+00:00,10360941.28272584
2002-04-05 00:00:00+00:00,10355299.170856887
2002-04-08 00:00:00+00:00,10367941.12641471
2002-04-09 00:00:00+00:00,10340078.40797084
2002-04-10 00:00:00+00:00,10348787.320175106
2002-04-11 00:00:00+00:00,10374427.996524746
2002-04-12 00:00:00+00:00,10373921.798801357
2002-04-15 00:00:00+00:00,10335775.613788063
2002-04-16 00:00:00+00:00,10330960.552168304
2002-04-17 00:00:00+00:00,10347554.62390096
2002-04-18 00:00:00+00:00,10369222.029804775
2002-04-19 00:00:00+00:00,10312293.324262211
2002-04-22 00:00:00+00:00,10307826.81311201
2002-04-23 00:00:00+00:00,10336129.355212439
2002-04-24 00:00:00+00:00,10355260.57490467
2002-04-25 00:00:00+00:00,10352326.597425688
2002-04-26 00:00:00+00:00,10363868.72215103
2002-04-29 00:00:00+00:00,10362687.535030115
2002-04-30 00:00:00+00:00,10441499.760248931
2002-05-01 00:00:00+00:00,10277111.764643462
2002-05-02 00:00:00+00:00,10466217.764387878
2002-05-03 00:00:00+00:00,10455896.660407336
2002-05-06 00:00:00+00:00,10469789.378759667
2002-05-07 00:00:00+00:00,10496146.312519833
2002-05-08 00:00:00+00:00,10512991.900095746
2002-05-09 00:00:00+00:00,10529182.69314079
2002-05-10 00:00:00+00:00,10481903.883633897
2002-05-13 00:00:00+00:00,10489863.552893445
2002-05-14 00:00:00+00:00,10504064.62772064
2002-05-15 00:00:00+00:00,10494052.87753801
2002-05-16 00:00:00+00:00,10520086.029015824
2002-05-17 00:00:00+00:00,10479700.208877103
2002-05-20 00:00:00+00:00,10395729.633210959
2002-05-21 00:00:00+00:00,10345504.158971371
2002-05-22 00:00:00+00:00,10364384.698006412
2002-05-23 00:00:00+00:00,10346692.314576646
2002-05-24 00:00:00+00:00,10445608.838942787
2002-05-27 00:00:00+00:00,10387178.01109144
2002-05-28 00:00:00+00:00,10321733.780394644
2002-05-29 00:00:00+00:00,10381168.805769414
2002-05-30 00:00:00+00:00,10359028.610311093
2002-05-31 00:00:00+00:00,10376993.588962974
2002-06-03 00:00:00+00:00,10425360.39848084
2002-06-04 00:00:00+00:00,10403204.91331543
2002-06-05 00:00:00+00:00,10467581.177090628
2002-06-06 00:00:00+00:00,10491090.728231499
2002-06-07 00:00:00+00:00,10449470.127591202
2002-06-10 00:00:00+00:00,10493275.433428833
2002-06-11 00:00:00+00:00,10539364.884823391
2002-06-12 00:00:00+00:00,10571518.738298962
2002-06-13 00:00:00+00:00,10554317.360325405
2002-06-14 00:00:00+00:00,10559391.131917069
2002-06-17 00:00:00+00:00,10570214.001649449
2002-06-18 00:00:00+00:00,10555475.007251332
2002-06-19 00:00:00+00:00,10541384.436922714
2002-06-20 00:00:00+00:00,10522578.530863926
2002-06-21 00:00:00+00:00,10522298.754654095
2002-06-24 00:00:00+00:00,10525896.871240262
2002-06-25 00:00:00+00:00,10498523.743991021
2002-06-26 00:00:00+00:00,10492642.909718636
2002-06-27 00:00:00+00:00,10498347.582665566
2002-06-28 00:00:00+00:00,10515856.941484574
2002-07-01 00:00:00+00:00,10533937.033322934
2002-07-02 00:00:00+00:00,10554949.96531308
2002-07-03 00:00:00+00:00,10570650.334747871
2002-07-04 00:00:00+00:00,10623358.590742668
2002-07-05 00:00:00+00:00,10657380.45001181
2002-07-08 00:00:00+00:00,10629831.518589577
2002-07-09 00:00:00+00:00,10621601.776330551
2002-07-10 00:00:00+00:00,10609774.695634445
2002-07-11 00:00:00+00:00,10604347.610076508
2002-07-12 00:00:00+00:00,10625262.203368234
2002-07-15 00:00:00+00:00,10651159.739499668
2002-07-16 00:00:00+00:00,10612568.076624295
2002-07-17 00:00:00+00:00,10580081.05313315
2002-07-18 00:00:00+00:00,10623243.521250427
2002-07-19 00:00:00+00:00,10591522.610183895
2002-07-22 00:00:00+00:00,10530312.798351228
2002-07-23 00:00:00+00:00,10576876.733703315
2002-07-24 00:00:00+00:00,10547702.458956659
2002-07-25 00:00:00+00:00,10560607.845424354
2002-07-26 00:00:00+00:00,10509090.835398188
2002-07-29 00:00:00+00:00,10473142.3429189
2002-07-30 00:00:00+00:00,10423917.280083446
2002-07-31 00:00:00+00:00,10434805.135976665
2002-08-01 00:00:00+00:00,10426023.873750227
2002-08-02 00:00:00+00:00,10453531.53827812
2002-08-05 00:00:00+00:00,10472586.340104003
2002-08-06 00:00:00+00:00,10483364.909036059
2002-08-07 00:00:00+00:00,10497614.021796841
2002-08-08 00:00:00+00:00,10463606.971432347
2002-08-09 00:00:00+00:00,10489183.356717724
2002-08-12 00:00:00+00:00,10493439.51415395
2002-08-13 00:00:00+00:00,10510438.21993827
2002-08-14 00:00:00+00:00,10503314.466380589
2002-08-15 00:00:00+00:00,10503314.466380589
2002-08-16 00:00:00+00:00,10513387.35903453
2002-08-19 00:00:00+00:00,10508819.213530533
2002-08-20 00:00:00+00:00,10527158.065284364
2002-08-21 00:00:00+00:00,10529165.018499834
2002-08-22 00:00:00+00:00,10511727.552584155
2002-08-23 00:00:00+00:00,10498207.059663279
2002-08-26 00:00:00+00:00,10495911.203325056
2002-08-27 00:00:00+00:00,10485551.042332536
2002-08-28 00:00:00+00:00,10478069.581910973
2002-08-29 00:00:00+00:00,10461437.13258708
2002-08-30 00:00:00+00:00,10455912.730413262
2002-09-02 00:00:00+00:00,10485312.984522644
2002-09-03 00:00:00+00:00,10478883.464463437
2002-09-04 00:00:00+00:00,10466141.678127969
2002-09-05 00:00:00+00:00,10482088.730358565
2002-09-06 00:00:00+00:00,10455973.007179463
2002-09-09 00:00:00+00:00,10371171.493274998
2002-09-10 00:00:00+00:00,10371118.784442417
2002-09-11 00:00:00+00:00,10364008.172769062
2002-09-12 00:00:00+00:00,10381595.40671014
2002-09-13 00:00:00+00:00,10383246.999115936
2002-09-16 00:00:00+00:00,10363576.970369734
2002-09-17 00:00:00+00:00,10346556.659087576
2002-09-18 00:00:00+00:00,10320250.849257387
2002-09-19 00:00:00+00:00,10282097.034731869
2002-09-20 00:00:00+00:00,10287199.35452184
2002-09-23 00:00:00+00:00,10289712.765695319
2002-09-24 00:00:00+00:00,10298020.64585708
2002-09-25 00:00:00+00:00,10302906.95607498
2002-09-26 00:00:00+00:00,10304724.536486397
2002-09-27 00:00:00+00:00,10325728.89432342
2002-09-30 00:00:00+00:00,10306900.517199758
2002-10-01 00:00:00+00:00,10306173.359833006
2002-10-02 00:00:00+00:00,10306173.359833006
2002-10-03 00:00:00+00:00,10315368.724739317
2002-10-04 00:00:00+00:00,10322310.456250463
2002-10-07 00:00:00+00:00,10363151.098188397
2002-10-08 00:00:00+00:00,10393841.379860664
2002-10-09 00:00:00+00:00,10396208.021664433
2002-10-10 00:00:00+00:00,10399852.372482896
2002-10-11 00:00:00+00:00,10443075.298554298
2002-10-14 00:00:00+00:00,10454645.263254996
2002-10-15 00:00:00+00:00,10455119.146341538
2002-10-16 00:00:00+00:00,10459407.846943704
2002-10-17 00:00:00+00:00,10446156.355671264
2002-10-18 00:00:00+00:00,10457213.147724489
2002-10-21 00:00:00+00:00,10467443.980974186
2002-10-22 00:00:00+00:00,10424120.495099057
2002-10-23 00:00:00+00:00,10401701.275189169
2002-10-24 00:00:00+00:00,10365819.086650617
2002-10-25 00:00:00+00:00,10359272.731163107
2002-10-28 00:00:00+00:00,10356365.206727922
2002-10-29 00:00:00+00:00,10364221.14083384
2002-10-30 00:00:00+00:00,10369157.40631314
2002-10-31 00:00:00+00:00,10402277.691621715
2002-11-01 00:00:00+00:00,10424621.270467335
2002-11-04 00:00:00+00:00,10436743.517758781
2002-11-05 00:00:00+00:00,10410268.409074072
2002-11-06 00:00:00+00:00,10409154.120549444
2002-11-07 00:00:00+00:00,10414959.56372178
2002-11-08 00:00:00+00:00,10414941.502813581
2002-11-11 00:00:00+00:00,10386970.335612778
2002-11-12 00:00:00+00:00,10392125.781270009
2002-11-13 00:00:00+00:00,10394701.06630093
2002-11-14 00:00:00+00:00,10366829.300670803
2002-11-15 00:00:00+00:00,10375216.233252317
2002-11-18 00:00:00+00:00,10425350.270003587
2002-11-19 00:00:00+00:00,10425076.90269925
2002-11-20 00:00:00+00:00,10399700.745236892
2002-11-21 00:00:00+00:00,10395277.040056963
2002-11-22 00:00:00+00:00,10410798.164875288
2002-11-25 00:00:00+00:00,10435980.6288202
2002-11-26 00:00:00+00:00,10456537.689472932
2002-11-27 00:00:00+00:00,10448253.33304168
2002-11-28 00:00:00+00:00,10465352.501069915
2002-11-29 00:00:00+00:00,10494266.658985507
2002-12-02 00:00:00+00:00,10515695.794157516
2002-12-03 00:00:00+00:00,10478558.693347108
2002-12-04 00:00:00+00:00,10465363.692530643
2002-12-05 00:00:00+00:00,10469814.91412295
2002-12-06 00:00:00+00:00,10505013.262119422
2002-12-09 00:00:00+00:00,10477747.076206336
2002-12-10 00:00:00+00:00,10461208.708617372
2002-12-11 00:00:00+00:00,10456709.774794383
2002-12-12 00:00:00+00:00,10452644.077941699
2002-12-13 00:00:00+00:00,10472277.56397049
2002-12-16 00:00:00+00:00,10480309.351827784
2002-12-17 00:00:00+00:00,10475011.494972272
2002-12-18 00:00:00+00:00,10465982.678390115
2002-12-19 00:00:00+00:00,10481227.140013665
2002-12-20 00:00:00+00:00,10497441.23289737
2002-12-23 00:00:00+00:00,10506925.128200976
2002-12-24 00:00:00+00:00,10500319.913398711
2002-12-25 00:00:00+00:00,10500319.913398711
2002-12-26 00:00:00+00:00,10506435.76459022
2002-12-27 00:00:00+00:00,10508637.58322376
2002-12-30 00:00:00+00:00,10505351.782848537
2002-12-31 00:00:00+00:00,10520343.322979271
2003-01-01 00:00:00+00:00,10509103.954836905
2003-01-02 00:00:00+00:00,10526702.134639421
2003-01-03 00:00:00+00:00,10534798.630709806
2003-01-06 00:00:00+00:00,10512698.511963049
2003-01-07 00:00:00+00:00,10528554.874854365
2003-01-08 00:00:00+00:00,10543280.960585102
2003-01-09 00:00:00+00:00,10578478.936303403
2003-01-10 00:00:00+00:00,10562504.727366116
2003-01-13 00:00:00+00:00,10572240.412982866
2003-01-14 00:00:00+00:00,10589032.459333291
2003-01-15 00:00:00+00:00,10582539.331599465
2003-01-16 00:00:00+00:00,10590643.15346604
2003-01-17 00:00:00+00:00,10594133.793715173
2003-01-20 00:00:00+00:00,10578591.127999956
2003-01-21 00:00:00+00:00,10599092.178686434
2003-01-22 00:00:00+00:00,10612850.447668845
2003-01-23 00:00:00+00:00,10601834.565542156
2003-01-24 00:00:00+00:00,10549888.276042074
2003-01-27 00:00:00+00:00,10488147.841870278
2003-01-28 00:00:00+00:00,10541708.647055093
2003-01-29 00:00:00+00:00,10537999.662049659
2003-01-30 00:00:00+00:00,10536031.858682007
2003-01-31 00:00:00+00:00,10516316.13444087
2003-02-03 00:00:00+00:00,10542668.913345426
2003-02-04 00:00:00+00:00,10537998.436911253
2003-02-05 00:00:00+00:00,10516327.277089862
2003-02-06 00:00:00+00:00,10565440.347087292
2003-02-07 00:00:00+00:00,10594434.347892083
2003-02-10 00:00:00+00:00,10556664.87057731
2003-02-11 00:00:00+00:00,10563117.136637691
2003-02-12 00:00:00+00:00,10542666.363162505
2003-02-13 00:00:00+00:00,10541229.285726057
2003-02-14 00:00:00+00:00,10512413.105471956
2003-02-17 00:00:00+00:00,10376914.733427988
2003-02-18 00:00:00+00:00,10585920.317620445
2003-02-19 00:00:00+00:00,10608185.571149874
2003-02-20 00:00:00+00:00,10615807.16177712
2003-02-21 00:00:00+00:00,10609429.65273745
2003-02-24 00:00:00+00:00,10697564.428765101
2003-02-25 00:00:00+00:00,10688483.87136094
2003-02-26 00:00:00+00:00,10679971.985246181
2003-02-27 00:00:00+00:00,10644933.831321955
2003-02-28 00:00:00+00:00,10655912.287438393
2003-03-03 00:00:00+00:00,10631674.262253676
2003-03-04 00:00:00+00:00,10609753.555535316
2003-03-05 00:00:00+00:00,10584705.04365177
2003-03-06 00:00:00+00:00,10563278.472483674
2003-03-07 00:00:00+00:00,10527427.09889679
2003-03-10 00:00:00+00:00,10481801.681082338
2003-03-11 00:00:00+00:00,10477522.216330316
2003-03-12 00:00:00+00:00,10472572.874935057
2003-03-13 00:00:00+00:00,10441105.742057946
2003-03-14 00:00:00+00:00,10278720.413040783
2003-03-17 00:00:00+00:00,10441480.395074274
2003-03-18 00:00:00+00:00,10260381.26673117
2003-03-19 00:00:00+00:00,10416567.740838792
2003-03-20 00:00:00+00:00,10421723.929258645
2003-03-21 00:00:00+00:00,10430633.848482568
2003-03-24 00:00:00+00:00,10426270.656631183
2003-03-25 00:00:00+00:00,10388016.580686199
2003-03-26 00:00:00+00:00,10392408.4832495
2003-03-27 00:00:00+00:00,10401924.931583837
2003-03-28 00:00:00+00:00,10393847.874733761
2003-03-31 00:00:00+00:00,10359161.524340346
2003-04-01 00:00:00+00:00,10209735.357000634
2003-04-02 00:00:00+00:00,10409730.314703092
2003-04-03 00:00:00+00:00,10440281.769986339
2003-04-04 00:00:00+00:00,10449244.421826024
2003-04-07 00:00:00+00:00,10492116.41466293
2003-04-08 00:00:00+00:00,10486218.288264988
2003-04-09 00:00:00+00:00,10488495.021791695
2003-04-10 00:00:00+00:00,10441894.342078388
2003-04-11 00:00:00+00:00,10426594.636601366
2003-04-14 00:00:00+00:00,10846446.960541524
2003-04-15 00:00:00+00:00,10429636.236434827
2003-04-16 00:00:00+00:00,10425706.280046366
2003-04-17 00:00:00+00:00,10406516.613431357
2003-04-18 00:00:00+00:00,10224199.694898508
2003-04-21 00:00:00+00:00,10414084.055620573
2003-04-22 00:00:00+00:00,10405441.238729857
2003-04-23 00:00:00+00:00,10415628.592625244
2003-04-24 00:00:00+00:00,10404545.91477452
2003-04-25 00:00:00+00:00,10396535.499400241
2003-04-28 00:00:00+00:00,10398541.251320941
2003-04-29 00:00:00+00:00,10401308.455009563
2003-04-30 00:00:00+00:00,10419530.535303218
2003-05-01 00:00:00+00:00,10416439.45432864
2003-05-02 00:00:00+00:00,10417981.868164768
2003-05-05 00:00:00+00:00,10455991.288576832
2003-05-06 00:00:00+00:00,10472314.157083264
2003-05-07 00:00:00+00:00,10473466.145572415
2003-05-08 00:00:00+00:00,10467791.103078118
2003-05-09 00:00:00+00:00,10489196.752101025
2003-05-12 00:00:00+00:00,10509202.53225716
2003-05-13 00:00:00+00:00,10563616.425025607
2003-05-14 00:00:00+00:00,10617712.918621207
2003-05-15 00:00:00+00:00,10621053.089362288
2003-05-16 00:00:00+00:00,10616967.75697117
2003-05-19 00:00:00+00:00,10661049.60893755
2003-05-20 00:00:00+00:00,10695973.54889039
2003-05-21 00:00:00+00:00,10711566.78298644
2003-05-22 00:00:00+00:00,10695902.088520365
2003-05-23 00:00:00+00:00,10733894.961609678
2003-05-26 00:00:00+00:00,10377643.171323137
2003-05-27 00:00:00+00:00,10741106.810106592
2003-05-28 00:00:00+00:00,10744831.67367013
2003-05-29 00:00:00+00:00,10780397.678168612
2003-05-30 00:00:00+00:00,10792667.925462084
2003-06-02 00:00:00+00:00,10793918.903967218
2003-06-03 00:00:00+00:00,10781080.598964052
2003-06-04 00:00:00+00:00,10830695.821435766
2003-06-05 00:00:00+00:00,10830658.446747141
2003-06-06 00:00:00+00:00,10837916.939986544
2003-06-09 00:00:00+00:00,10862145.717978792
2003-06-10 00:00:00+00:00,10835526.634329157
2003-06-11 00:00:00+00:00,10841156.088202314
2003-06-12 00:00:00+00:00,10852349.558368998
2003-06-13 00:00:00+00:00,10860202.44613679
2003-06-16 00:00:00+00:00,10926919.418565588
2003-06-17 00:00:00+00:00,10950269.01226552
2003-06-18 00:00:00+00:00,10935541.761752443
2003-06-19 00:00:00+00:00,10979753.537034826
2003-06-20 00:00:00+00:00,10971655.934103899
2003-06-23 00:00:00+00:00,10939992.180898122
2003-06-24 00:00:00+00:00,10960817.16768258
2003-06-25 00:00:00+00:00,10981094.217592172
2003-06-26 00:00:00+00:00,10962397.716839723
2003-06-27 00:00:00+00:00,10986440.625195913
2003-06-30 00:00:00+00:00,11025059.309588365
2003-07-01 00:00:00+00:00,11023179.864291124
2003-07-02 00:00:00+00:00,11037094.853639536
2003-07-03 00:00:00+00:00,11035269.647837095
2003-07-04 00:00:00+00:00,10919338.30951541
2003-07-07 00:00:00+00:00,11126340.842386179
2003-07-08 00:00:00+00:00,11108977.551685266
2003-07-09 00:00:00+00:00,11087882.444799356
2003-07-10 00:00:00+00:00,11086303.475743227
2003-07-11 00:00:00+00:00,11101658.262406282
2003-07-14 00:00:00+00:00,11138425.715318136
2003-07-15 00:00:00+00:00,11122409.082091264
2003-07-16 00:00:00+00:00,11131439.09167764
2003-07-17 00:00:00+00:00,11114429.181293461
2003-07-18 00:00:00+00:00,11097151.363195578
2003-07-21 00:00:00+00:00,11062717.320136288
2003-07-22 00:00:00+00:00,11062475.296693066
2003-07-23 00:00:00+00:00,11071920.073532099
2003-07-24 00:00:00+00:00,11099572.482849324
2003-07-25 00:00:00+00:00,11125250.610587344
2003-07-28 00:00:00+00:00,11115820.051977467
2003-07-29 00:00:00+00:00,11132100.580187026
2003-07-30 00:00:00+00:00,11142515.942262355
2003-07-31 00:00:00+00:00,11168850.11285657
2003-08-01 00:00:00+00:00,11178741.98087496
2003-08-04 00:00:00+00:00,11211393.568075601
2003-08-05 00:00:00+00:00,11197450.052582685
2003-08-06 00:00:00+00:00,11196363.404182527
2003-08-07 00:00:00+00:00,11266299.168876264
2003-08-08 00:00:00+00:00,11280968.477101896
2003-08-11 00:00:00+00:00,11302785.854990337
2003-08-12 00:00:00+00:00,11286735.07054386
2003-08-13 00:00:00+00:00,11289792.311156128
2003-08-14 00:00:00+00:00,11293869.450546835
2003-08-15 00:00:00+00:00,11292437.447264595
2003-08-18 00:00:00+00:00,11303970.202103062
2003-08-19 00:00:00+00:00,11305171.82633972
2003-08-20 00:00:00+00:00,11301817.843053816
2003-08-21 00:00:00+00:00,11310055.79629135
2003-08-22 00:00:00+00:00,11333730.462350128
2003-08-25 00:00:00+00:00,11246102.297166107
2003-08-26 00:00:00+00:00,11343443.127185104
2003-08-27 00:00:00+00:00,11374332.431027649
2003-08-28 00:00:00+00:00,11364300.551464079
2003-08-29 00:00:00+00:00,11405153.1797657
2003-09-01 00:00:00+00:00,11419762.195714233
2003-09-02 00:00:00+00:00,11402461.08270192
2003-09-03 00:00:00+00:00,11355789.01986718
2003-09-04 00:00:00+00:00,11374197.206452606
2003-09-05 00:00:00+00:00,11442735.592353337
2003-09-08 00:00:00+00:00,11535012.836648934
2003-09-09 00:00:00+00:00,11504774.73105549
2003-09-10 00:00:00+00:00,11513274.480472796
2003-09-11 00:00:00+00:00,11574342.832807533
2003-09-12 00:00:00+00:00,11491465.089361422
2003-09-15 00:00:00+00:00,11438574.393966906
2003-09-16 00:00:00+00:00,11512927.068250367
2003-09-17 00:00:00+00:00,11512119.288745863
2003-09-18 00:00:00+00:00,11435458.27592562
2003-09-19 00:00:00+00:00,11439706.79757711
2003-09-22 00:00:00+00:00,11424460.095722403
2003-09-23 00:00:00+00:00,11462011.86881372
2003-09-24 00:00:00+00:00,11497529.44442102
2003-09-25 00:00:00+00:00,11511297.253646102
2003-09-26 00:00:00+00:00,11540389.919205632
2003-09-29 00:00:00+00:00,11580563.50630902
2003-09-30 00:00:00+00:00,11601853.875079937
2003-10-01 00:00:00+00:00,11628314.143200465
2003-10-02 00:00:00+00:00,11628314.143200465
2003-10-03 00:00:00+00:00,11658834.461995192
2003-10-06 00:00:00+00:00,11719814.29507596
2003-10-07 00:00:00+00:00,11686104.120803423
2003-10-08 00:00:00+00:00,11666731.584540911
2003-10-09 00:00:00+00:00,11700939.70237691
2003-10-10 00:00:00+00:00,11692296.255559511
2003-10-13 00:00:00+00:00,11721571.11097971
2003-10-14 00:00:00+00:00,11671274.230873737
2003-10-15 00:00:00+00:00,11671343.088644657
2003-10-16 00:00:00+00:00,11688301.11184509
2003-10-17 00:00:00+00:00,11692443.818787647
2003-10-20 00:00:00+00:00,11645386.190143658
2003-10-21 00:00:00+00:00,11550646.75688131
2003-10-22 00:00:00+00:00,11531049.530081345
2003-10-23 00:00:00+00:00,11664233.687219216
2003-10-24 00:00:00+00:00,11742148.983257178
2003-10-27 00:00:00+00:00,11563041.443727378
2003-10-28 00:00:00+00:00,11545076.382575873
2003-10-29 00:00:00+00:00,11581481.552818183
2003-10-30 00:00:00+00:00,11660021.723232154
2003-10-31 00:00:00+00:00,11725377.380771521
2003-11-03 00:00:00+00:00,11781522.801679019
2003-11-04 00:00:00+00:00,11805730.904056672
2003-11-05 00:00:00+00:00,11811280.619590882
2003-11-06 00:00:00+00:00,11858865.401894657
2003-11-07 00:00:00+00:00,11810549.477850286
2003-11-10 00:00:00+00:00,11854064.91394147
2003-11-11 00:00:00+00:00,11866691.90781316
2003-11-12 00:00:00+00:00,11919723.198274462
2003-11-13 00:00:00+00:00,11858702.15142998
2003-11-14 00:00:00+00:00,11799416.381076703
2003-11-17 00:00:00+00:00,11864807.903665433
2003-11-18 00:00:00+00:00,11833659.565303534
2003-11-19 00:00:00+00:00,11765574.86606131
2003-11-20 00:00:00+00:00,11726022.362246612
2003-11-21 00:00:00+00:00,11757415.760321267
2003-11-24 00:00:00+00:00,11778651.670113213
2003-11-25 00:00:00+00:00,11818713.026594765
2003-11-26 00:00:00+00:00,12841079.484593041
2003-11-27 00:00:00+00:00,11852648.991963036
2003-11-28 00:00:00+00:00,11897011.319187768
2003-12-01 00:00:00+00:00,11927086.71847788
2003-12-02 00:00:00+00:00,11947644.592497503
2003-12-03 00:00:00+00:00,11940520.872349417
2003-12-04 00:00:00+00:00,11982835.614321386
2003-12-05 00:00:00+00:00,11956383.293444311
2003-12-08 00:00:00+00:00,12006200.291399634
2003-12-09 00:00:00+00:00,12081275.781564152
2003-12-10 00:00:00+00:00,12058013.406588059
2003-12-11 00:00:00+00:00,12062294.222378235
2003-12-12 00:00:00+00:00,12122723.29518817
2003-12-15 00:00:00+00:00,12163913.052182516
2003-12-16 00:00:00+00:00,12130185.879523596
2003-12-17 00:00:00+00:00,12135800.348449787
2003-12-18 00:00:00+00:00,12240606.962744555
2003-12-19 00:00:00+00:00,12281913.464266619
2003-12-22 00:00:00+00:00,12372761.49426969
2003-12-23 00:00:00+00:00,12340995.909615835
2003-12-24 00:00:00+00:00,12409577.919794878
2003-12-25 00:00:00+00:00,13573321.201960405
2003-12-26 00:00:00+00:00,12487271.165551027
2003-12-29 00:00:00+00:00,12554635.72593387
2003-12-30 00:00:00+00:00,12529624.524361929
2003-12-31 00:00:00+00:00,12542592.439065298
2004-01-01 00:00:00+00:00,12601083.979430517
2004-01-02 00:00:00+00:00,12682550.373084387
2004-01-05 00:00:00+00:00,12663610.07571729
2004-01-06 00:00:00+00:00,12603268.28016599
2004-01-07 00:00:00+00:00,12618823.235043844
2004-01-08 00:00:00+00:00,12750085.681945166
2004-01-09 00:00:00+00:00,12760693.972777685
2004-01-12 00:00:00+00:00,12692500.523326239
2004-01-13 00:00:00+00:00,12734627.894580817
2004-01-14 00:00:00+00:00,12796483.854312873
2004-01-15 00:00:00+00:00,12760721.079414343
2004-01-16 00:00:00+00:00,12658897.093936896
2004-01-19 00:00:00+00:00,12704114.665840125
2004-01-20 00:00:00+00:00,12627677.852081275
2004-01-21 00:00:00+00:00,12446276.485107398
2004-01-22 00:00:00+00:00,12393472.74293468
2004-01-23 00:00:00+00:00,12571378.39755628
2004-01-26 00:00:00+00:00,12571378.39755628
2004-01-27 00:00:00+00:00,12697760.348651862
2004-01-28 00:00:00+00:00,12634874.886718726
2004-01-29 00:00:00+00:00,12672958.694802737
2004-01-30 00:00:00+00:00,12607301.440949893
2004-02-02 00:00:00+00:00,12607301.440949893
2004-02-03 00:00:00+00:00,12514183.899323916
2004-02-04 00:00:00+00:00,12578908.897973513
2004-02-05 00:00:00+00:00,12570806.840886569
2004-02-06 00:00:00+00:00,12619490.941796755
2004-02-09 00:00:00+00:00,12657911.49578998
2004-02-10 00:00:00+00:00,12623112.72884891
2004-02-11 00:00:00+00:00,12690731.276021456
2004-02-12 00:00:00+00:00,12751847.205628848
2004-02-13 00:00:00+00:00,12819104.238519168
2004-02-16 00:00:00+00:00,12865757.26552341
2004-02-17 00:00:00+00:00,12868212.49976871
2004-02-18 00:00:00+00:00,12872239.640416598
2004-02-19 00:00:00+00:00,12796139.087930178
2004-02-20 00:00:00+00:00,12763956.727979159
2004-02-23 00:00:00+00:00,12683296.418477511
2004-02-24 00:00:00+00:00,12660286.4178581
2004-02-25 00:00:00+00:00,12602081.832313513
2004-02-26 00:00:00+00:00,12543594.477001166
2004-02-27 00:00:00+00:00,12570575.868404364
2004-03-01 00:00:00+00:00,12691821.367317175
2004-03-02 00:00:00+00:00,12691821.367317175
2004-03-03 00:00:00+00:00,12722112.842979407
2004-03-04 00:00:00+00:00,12697698.666866278
2004-03-05 00:00:00+00:00,12761649.06698606
2004-03-08 00:00:00+00:00,12862952.460669493
2004-03-09 00:00:00+00:00,12836668.436317403
2004-03-10 00:00:00+00:00,12801329.728851277
2004-03-11 00:00:00+00:00,12696952.188773338
2004-03-12 00:00:00+00:00,12667446.563292686
2004-03-15 00:00:00+00:00,12558729.173563186
2004-03-16 00:00:00+00:00,12490436.779267494
2004-03-17 00:00:00+00:00,12509318.12275428
2004-03-18 00:00:00+00:00,12466962.6866033
2004-03-19 00:00:00+00:00,12447302.318675123
2004-03-22 00:00:00+00:00,12338348.884310804
2004-03-23 00:00:00+00:00,12365500.868872724
2004-03-24 00:00:00+00:00,12329622.476750456
2004-03-25 00:00:00+00:00,12384468.729806982
2004-03-26 00:00:00+00:00,12459735.752213133
2004-03-29 00:00:00+00:00,12477192.747105425
2004-03-30 00:00:00+00:00,12473753.789238757
2004-03-31 00:00:00+00:00,12503883.405593585
2004-04-01 00:00:00+00:00,12551422.171537276
2004-04-02 00:00:00+00:00,12629290.954663154
2004-04-05 00:00:00+00:00,12627910.86561802
2004-04-06 00:00:00+00:00,12628677.505922586
2004-04-07 00:00:00+00:00,12635572.130655557
2004-04-08 00:00:00+00:00,12637098.58128956
2004-04-09 00:00:00+00:00,12636547.381819528
2004-04-12 00:00:00+00:00,12639392.994359773
2004-04-13 00:00:00+00:00,12686269.048427384
2004-04-14 00:00:00+00:00,12686269.048427384
2004-04-15 00:00:00+00:00,12664032.392596047
2004-04-16 00:00:00+00:00,12667775.101688065
2004-04-19 00:00:00+00:00,12621518.0988032
2004-04-20 00:00:00+00:00,12608322.84821383
2004-04-21 00:00:00+00:00,12666968.398021378
2004-04-22 00:00:00+00:00,12743631.185529388
2004-04-23 00:00:00+00:00,12790937.41405169
2004-04-26 00:00:00+00:00,10444355.436017193
2004-04-27 00:00:00+00:00,12641280.232846806
2004-04-28 00:00:00+00:00,12653982.188482635
2004-04-29 00:00:00+00:00,12678059.49373422
2004-04-30 00:00:00+00:00,12654832.298782406
2004-05-03 00:00:00+00:00,12575481.465921221
2004-05-04 00:00:00+00:00,12621978.81017592
2004-05-05 00:00:00+00:00,12665657.616512442
2004-05-06 00:00:00+00:00,12736219.571362449
2004-05-07 00:00:00+00:00,12669259.573578788
2004-05-10 00:00:00+00:00,12608084.943732444
2004-05-11 00:00:00+00:00,12496174.795152847
2004-05-12 00:00:00+00:00,12533332.085119747
2004-05-13 00:00:00+00:00,12587762.25485184
2004-05-14 00:00:00+00:00,12311638.161646388
2004-05-17 00:00:00+00:00,12030963.117146991
2004-05-18 00:00:00+00:00,12268050.927296426
2004-05-19 00:00:00+00:00,12353940.474160112
2004-05-20 00:00:00+00:00,12333621.689177908
2004-05-21 00:00:00+00:00,12326819.411398169
2004-05-24 00:00:00+00:00,12413051.568448301
2004-05-25 00:00:00+00:00,12396114.19380884
2004-05-26 00:00:00+00:00,12417908.579860648
2004-05-27 00:00:00+00:00,12398258.097462572
2004-05-28 00:00:00+00:00,12272608.002359785
2004-05-31 00:00:00+00:00,12184867.30695001
2004-06-01 00:00:00+00:00,12244357.556318678
2004-06-02 00:00:00+00:00,12276715.08719913
2004-06-03 00:00:00+00:00,12231843.057984613
2004-06-04 00:00:00+00:00,12237419.145982526
2004-06-07 00:00:00+00:00,12281224.818709403
2004-06-08 00:00:00+00:00,12287671.061036773
2004-06-09 00:00:00+00:00,12313067.552766424
2004-06-10 00:00:00+00:00,12299077.062237363
2004-06-11 00:00:00+00:00,12283240.795130353
2004-06-14 00:00:00+00:00,12200592.316069199
2004-06-15 00:00:00+00:00,12212062.04931028
2004-06-16 00:00:00+00:00,12202497.186631752
2004-06-17 00:00:00+00:00,12212737.88928373
2004-06-18 00:00:00+00:00,12203581.266658379
2004-06-21 00:00:00+00:00,12205635.385423256
2004-06-22 00:00:00+00:00,12213997.313616348
2004-06-23 00:00:00+00:00,12170567.850505346
2004-06-24 00:00:00+00:00,12160923.181532377
2004-06-25 00:00:00+00:00,12218331.021097384
2004-06-28 00:00:00+00:00,12281731.057274899
2004-06-29 00:00:00+00:00,12290616.684417183
2004-06-30 00:00:00+00:00,12266474.06609195
2004-07-01 00:00:00+00:00,12294916.39628833
2004-07-02 00:00:00+00:00,12309372.733840877
2004-07-05 00:00:00+00:00,12269446.48528474
2004-07-06 00:00:00+00:00,12303333.127206737
2004-07-07 00:00:00+00:00,12301558.301257184
2004-07-08 00:00:00+00:00,12266066.095278075
2004-07-09 00:00:00+00:00,12285287.610757463
2004-07-12 00:00:00+00:00,12287905.909601562
2004-07-13 00:00:00+00:00,12246570.392976873
2004-07-14 00:00:00+00:00,12232454.158096805
2004-07-15 00:00:00+00:00,12281077.856677309
2004-07-16 00:00:00+00:00,12299939.089011684
2004-07-19 00:00:00+00:00,12306701.034619585
2004-07-20 00:00:00+00:00,12310572.475689892
2004-07-21 00:00:00+00:00,12315321.050726162
2004-07-22 00:00:00+00:00,12332462.161602562
2004-07-23 00:00:00+00:00,12328166.03872115
2004-07-26 00:00:00+00:00,12317966.641154593
2004-07-27 00:00:00+00:00,12295082.613697594
2004-07-28 00:00:00+00:00,12309418.727687424
2004-07-29 00:00:00+00:00,12303146.931085413
2004-07-30 00:00:00+00:00,12343048.127390211
2004-08-02 00:00:00+00:00,12350013.453721588
2004-08-03 00:00:00+00:00,12360529.91548688
2004-08-04 00:00:00+00:00,12339810.54334218
2004-08-05 00:00:00+00:00,12365335.765600447
2004-08-06 00:00:00+00:00,12353100.581904653
2004-08-09 00:00:00+00:00,12381215.601115469
2004-08-10 00:00:00+00:00,12435069.377063518
2004-08-11 00:00:00+00:00,12404998.450803524
2004-08-12 00:00:00+00:00,12384378.305431133
2004-08-13 00:00:00+00:00,12365182.44237585
2004-08-16 00:00:00+00:00,12362102.731956195
2004-08-17 00:00:00+00:00,12394866.542137813
2004-08-18 00:00:00+00:00,12316664.68258202
2004-08-19 00:00:00+00:00,12378615.965073705
2004-08-20 00:00:00+00:00,12355128.936478721
2004-08-23 00:00:00+00:00,12295821.143516647
2004-08-24 00:00:00+00:00,12180264.808002578
2004-08-25 00:00:00+00:00,12204130.262565719
2004-08-26 00:00:00+00:00,12229492.84087001
2004-08-27 00:00:00+00:00,12267863.548798667
2004-08-30 00:00:00+00:00,12352141.62418787
2004-08-31 00:00:00+00:00,12344431.158018801
2004-09-01 00:00:00+00:00,12353893.50292084
2004-09-02 00:00:00+00:00,12322636.778818868
2004-09-03 00:00:00+00:00,12300132.85096123
2004-09-06 00:00:00+00:00,12333799.7282634
2004-09-07 00:00:00+00:00,12342872.840021633
2004-09-08 00:00:00+00:00,12361902.607411884
2004-09-09 00:00:00+00:00,12331048.244346164
2004-09-10 00:00:00+00:00,12375311.357971823
2004-09-13 00:00:00+00:00,12362308.651771959
2004-09-14 00:00:00+00:00,12363813.33027118
2004-09-15 00:00:00+00:00,12360745.121676382
2004-09-16 00:00:00+00:00,12373618.858531412
2004-09-17 00:00:00+00:00,12390468.335544523
2004-09-20 00:00:00+00:00,12394808.43637174
2004-09-21 00:00:00+00:00,12417158.937591013
2004-09-22 00:00:00+00:00,12418949.485625703
2004-09-23 00:00:00+00:00,12388615.703016717
2004-09-24 00:00:00+00:00,12403086.89826532
2004-09-27 00:00:00+00:00,12417089.76627298
2004-09-28 00:00:00+00:00,12381862.731258828
2004-09-29 00:00:00+00:00,12397983.509901483
2004-09-30 00:00:00+00:00,12441127.795923669
2004-10-01 00:00:00+00:00,12486913.684037644
2004-10-04 00:00:00+00:00,12505637.941636862
2004-10-05 00:00:00+00:00,12543082.577418627
2004-10-06 00:00:00+00:00,12555977.722807707
2004-10-07 00:00:00+00:00,12594201.625975432
2004-10-08 00:00:00+00:00,12620512.49789464
2004-10-11 00:00:00+00:00,12623358.02869832
2004-10-12 00:00:00+00:00,12566040.95688569
2004-10-13 00:00:00+00:00,10997735.984059686
2004-10-14 00:00:00+00:00,12526039.196551675
2004-10-15 00:00:00+00:00,12539833.401011158
2004-10-18 00:00:00+00:00,12537661.71642368
2004-10-19 00:00:00+00:00,12557446.312037636
2004-10-20 00:00:00+00:00,12547453.90536945
2004-10-21 00:00:00+00:00,12545152.624260116
2004-10-22 00:00:00+00:00,12547069.602317512
2004-10-25 00:00:00+00:00,12494263.665775955
2004-10-26 00:00:00+00:00,12503013.295890858
2004-10-27 00:00:00+00:00,12527759.59852939
2004-10-28 00:00:00+00:00,12572928.549471539
2004-10-29 00:00:00+00:00,12583819.781750362
2004-11-01 00:00:00+00:00,12588232.043447295
2004-11-02 00:00:00+00:00,12587986.251362788
2004-11-03 00:00:00+00:00,12615780.422792898
2004-11-04 00:00:00+00:00,12625316.409538934
2004-11-05 00:00:00+00:00,12624929.73619456
2004-11-08 00:00:00+00:00,12620232.955397913
2004-11-09 00:00:00+00:00,12612186.390330026
2004-11-10 00:00:00+00:00,12619516.396740267
2004-11-11 00:00:00+00:00,12649997.959180186
2004-11-12 00:00:00+00:00,12662149.167930791
2004-11-15 00:00:00+00:00,12661646.350340912
2004-11-16 00:00:00+00:00,12648121.66293032
2004-11-17 00:00:00+00:00,12668186.177088806
2004-11-18 00:00:00+00:00,12673762.229171107
2004-11-19 00:00:00+00:00,12687723.584221432
2004-11-22 00:00:00+00:00,12692736.339236567
2004-11-23 00:00:00+00:00,12729931.229814718
2004-11-24 00:00:00+00:00,12759656.286444256
2004-11-25 00:00:00+00:00,12306797.833137462
2004-11-26 00:00:00+00:00,12306797.833137462
2004-11-29 00:00:00+00:00,12729395.01526979
2004-11-30 00:00:00+00:00,12735018.022329027
2004-12-01 00:00:00+00:00,12726112.481860274
2004-12-02 00:00:00+00:00,12721616.074979896
2004-12-03 00:00:00+00:00,12714832.827241058
2004-12-06 00:00:00+00:00,12701451.159910316
2004-12-07 00:00:00+00:00,12711395.016025657
2004-12-08 00:00:00+00:00,12710224.85119688
2004-12-09 00:00:00+00:00,12714933.964908713
2004-12-10 00:00:00+00:00,12710284.519837493
2004-12-13 00:00:00+00:00,12746041.265423141
2004-12-14 00:00:00+00:00,12766909.920269333
2004-12-15 00:00:00+00:00,12790726.065617882
2004-12-16 00:00:00+00:00,12794233.794468854
2004-12-17 00:00:00+00:00,12772317.138830636
2004-12-20 00:00:00+00:00,12794731.504171822
2004-12-21 00:00:00+00:00,12824998.864223454
2004-12-22 00:00:00+00:00,12809465.287527058
2004-12-23 00:00:00+00:00,12817304.406936143
2004-12-24 00:00:00+00:00,12613558.86721513
2004-12-27 00:00:00+00:00,12842694.166469071
2004-12-28 00:00:00+00:00,12859706.290508559
2004-12-29 00:00:00+00:00,12860436.805147937
2004-12-30 00:00:00+00:00,12835824.300511625
2004-12-31 00:00:00+00:00,12194330.715159442
2005-01-03 00:00:00+00:00,12892513.379520135
2005-01-04 00:00:00+00:00,12862781.324193196
2005-01-05 00:00:00+00:00,12802154.84730609
2005-01-06 00:00:00+00:00,12800186.538343268
2005-01-07 00:00:00+00:00,12801179.593330786
2005-01-10 00:00:00+00:00,12789578.500079677
2005-01-11 00:00:00+00:00,12749225.432590172
2005-01-12 00:00:00+00:00,12688894.652419254
2005-01-13 00:00:00+00:00,12770804.176388944
2005-01-14 00:00:00+00:00,12765505.461208371
2005-01-17 00:00:00+00:00,12272615.073819188
2005-01-18 00:00:00+00:00,12773343.769038705
2005-01-19 00:00:00+00:00,12776342.62204936
2005-01-20 00:00:00+00:00,12749130.741192607
2005-01-21 00:00:00+00:00,9881581.70572975
2005-01-24 00:00:00+00:00,12760593.88757172
2005-01-25 00:00:00+00:00,12775997.188408105
2005-01-26 00:00:00+00:00,10081980.702344028
2005-01-27 00:00:00+00:00,12802830.704167692
2005-01-28 00:00:00+00:00,12893375.83745088
2005-01-31 00:00:00+00:00,12952711.540121837
2005-02-01 00:00:00+00:00,12955711.109117312
2005-02-02 00:00:00+00:00,12944657.80791716
2005-02-03 00:00:00+00:00,12953826.830972714
2005-02-04 00:00:00+00:00,12956255.920543237
2005-02-07 00:00:00+00:00,12947724.586334748
2005-02-08 00:00:00+00:00,12946395.9646395
2005-02-09 00:00:00+00:00,12971360.365027264
2005-02-10 00:00:00+00:00,12988234.001795486
2005-02-11 00:00:00+00:00,13017784.225881293
2005-02-14 00:00:00+00:00,13034186.846338347
2005-02-15 00:00:00+00:00,13027166.267196849
2005-02-16 00:00:00+00:00,13025535.985926226
2005-02-17 00:00:00+00:00,13009557.48918505
2005-02-18 00:00:00+00:00,12995176.214490958
2005-02-21 00:00:00+00:00,12767679.180562682
2005-02-22 00:00:00+00:00,13058499.770401545
2005-02-23 00:00:00+00:00,13072627.612651534
2005-02-24 00:00:00+00:00,13071969.517480655
2005-02-25 00:00:00+00:00,13073409.043335505
2005-02-28 00:00:00+00:00,13096387.426531957
2005-03-01 00:00:00+00:00,13102483.979835914
2005-03-02 00:00:00+00:00,13130552.222287344
2005-03-03 00:00:00+00:00,13145362.47541921
2005-03-04 00:00:00+00:00,13140438.107500149
2005-03-07 00:00:00+00:00,13210250.536439253
2005-03-08 00:00:00+00:00,13272380.746033026
2005-03-09 00:00:00+00:00,13246909.682033507
2005-03-10 00:00:00+00:00,13268816.959508626
2005-03-11 00:00:00+00:00,13321989.941564051
2005-03-14 00:00:00+00:00,13303550.290787427
2005-03-15 00:00:00+00:00,13270603.627208201
2005-03-16 00:00:00+00:00,13264894.531455962
2005-03-17 00:00:00+00:00,13211338.560222356
2005-03-18 00:00:00+00:00,13237581.169060914
2005-03-21 00:00:00+00:00,13217872.231322972
2005-03-22 00:00:00+00:00,13165957.875068633
2005-03-23 00:00:00+00:00,13066671.53625013
2005-03-24 00:00:00+00:00,13035815.994278446
2005-03-28 00:00:00+00:00,13057746.373558775
2005-03-29 00:00:00+00:00,12997795.702428356
2005-03-30 00:00:00+00:00,13062880.450624125
2005-03-31 00:00:00+00:00,13110422.739815371
2005-04-01 00:00:00+00:00,13156227.562879222
2005-04-04 00:00:00+00:00,13168272.591507215
2005-04-05 00:00:00+00:00,13149990.117751617
2005-04-06 00:00:00+00:00,13180180.76416232
2005-04-07 00:00:00+00:00,13149569.199298162
2005-04-08 00:00:00+00:00,13112850.330642242
2005-04-11 00:00:00+00:00,13081691.626261253
2005-04-12 00:00:00+00:00,13108463.380255634
2005-04-13 00:00:00+00:00,13111697.973336155
2005-04-14 00:00:00+00:00,10736225.843390161
2005-04-15 00:00:00+00:00,13032553.335125381
2005-04-18 00:00:00+00:00,12992939.078170916
2005-04-19 00:00:00+00:00,12987717.735494753
2005-04-20 00:00:00+00:00,13005485.459551236
2005-04-21 00:00:00+00:00,13072630.259406945
2005-04-22 00:00:00+00:00,13166600.640895432
2005-04-25 00:00:00+00:00,13157250.873886766
2005-04-26 00:00:00+00:00,13141847.104757957
2005-04-27 00:00:00+00:00,13132363.507663112
2005-04-28 00:00:00+00:00,13098017.156772092
2005-04-29 00:00:00+00:00,13056123.168140067
2005-05-02 00:00:00+00:00,13048721.560963763
2005-05-03 00:00:00+00:00,13042860.612520827
2005-05-04 00:00:00+00:00,13032547.793555154
2005-05-05 00:00:00+00:00,13062499.762371434
2005-05-06 00:00:00+00:00,13079912.430765284
2005-05-09 00:00:00+00:00,13133072.143529845
2005-05-10 00:00:00+00:00,13139984.292819079
2005-05-11 00:00:00+00:00,13176093.010320311
2005-05-12 00:00:00+00:00,13224013.136632567
2005-05-13 00:00:00+00:00,13238542.628773576
2005-05-16 00:00:00+00:00,13281574.06123746
2005-05-17 00:00:00+00:00,13246476.066340363
2005-05-18 00:00:00+00:00,13234729.400925135
2005-05-19 00:00:00+00:00,13259222.401638245
2005-05-20 00:00:00+00:00,13264165.907560801
2005-05-23 00:00:00+00:00,13255069.048261141
2005-05-24 00:00:00+00:00,13271001.652187085
2005-05-25 00:00:00+00:00,13284961.950147029
2005-05-26 00:00:00+00:00,13277795.853098508
2005-05-27 00:00:00+00:00,13294129.498553293
2005-05-30 00:00:00+00:00,13072992.071894186
2005-05-31 00:00:00+00:00,13357850.872241037
2005-06-01 00:00:00+00:00,13411111.822997425
2005-06-02 00:00:00+00:00,13357435.061482891
2005-06-03 00:00:00+00:00,13406496.007355198
2005-06-06 00:00:00+00:00,13443846.082109436
2005-06-07 00:00:00+00:00,13487310.395557866
2005-06-08 00:00:00+00:00,13444452.818925802
2005-06-09 00:00:00+00:00,13453953.783844415
2005-06-10 00:00:00+00:00,13451908.560728494
2005-06-13 00:00:00+00:00,13492869.010790769
2005-06-14 00:00:00+00:00,13531507.956338827
2005-06-15 00:00:00+00:00,13566580.09526724
2005-06-16 00:00:00+00:00,13516498.669457195
2005-06-17 00:00:00+00:00,13493225.588392017
2005-06-20 00:00:00+00:00,13483898.818022965
2005-06-21 00:00:00+00:00,13511605.778835533
2005-06-22 00:00:00+00:00,13523039.296718357
2005-06-23 00:00:00+00:00,13520507.71764191
2005-06-24 00:00:00+00:00,13547861.52512463
2005-06-27 00:00:00+00:00,13573951.127562892
2005-06-28 00:00:00+00:00,13540596.572317492
2005-06-29 00:00:00+00:00,13582803.751603495
2005-06-30 00:00:00+00:00,13605532.536456
2005-07-01 00:00:00+00:00,13606143.28231753
2005-07-04 00:00:00+00:00,13656338.571238887
2005-07-05 00:00:00+00:00,13687234.821141254
2005-07-06 00:00:00+00:00,13740841.924220573
2005-07-07 00:00:00+00:00,13726725.520322813
2005-07-08 00:00:00+00:00,13782885.32103826
2005-07-11 00:00:00+00:00,13887097.04345609
2005-07-12 00:00:00+00:00,13947661.386507524
2005-07-13 00:00:00+00:00,13948606.697529806
2005-07-14 00:00:00+00:00,13844591.734896673
2005-07-15 00:00:00+00:00,13887045.157384608
2005-07-18 00:00:00+00:00,13909783.617634032
2005-07-19 00:00:00+00:00,13924311.698719714
2005-07-20 00:00:00+00:00,13928108.133355353
2005-07-21 00:00:00+00:00,13907280.586639695
2005-07-22 00:00:00+00:00,13933527.739488415
2005-07-25 00:00:00+00:00,13927661.07044993
2005-07-26 00:00:00+00:00,13944224.366397174
2005-07-27 00:00:00+00:00,13913359.42248276
2005-07-28 00:00:00+00:00,70730022.12648132
2005-07-29 00:00:00+00:00,13837185.307204517
2005-08-01 00:00:00+00:00,13862068.691935332
2005-08-02 00:00:00+00:00,13942900.485478671
2005-08-03 00:00:00+00:00,13979793.784064086
2005-08-04 00:00:00+00:00,14031194.799814017
2005-08-05 00:00:00+00:00,14043701.704006942
2005-08-08 00:00:00+00:00,13989317.517798217
2005-08-09 00:00:00+00:00,13977472.62301186
2005-08-10 00:00:00+00:00,14100789.26083544
2005-08-11 00:00:00+00:00,14138876.300192626
2005-08-12 00:00:00+00:00,14140754.776546748
2005-08-15 00:00:00+00:00,10145813.008786472
2005-08-16 00:00:00+00:00,14123714.60725716
2005-08-17 00:00:00+00:00,14152973.20260981
2005-08-18 00:00:00+00:00,14105958.926979335
2005-08-19 00:00:00+00:00,14098594.350357803
2005-08-22 00:00:00+00:00,14104812.281653197
2005-08-23 00:00:00+00:00,13976948.245418819
2005-08-24 00:00:00+00:00,13988412.65199872
2005-08-25 00:00:00+00:00,14040152.39169236
2005-08-26 00:00:00+00:00,14092595.891258439
2005-08-29 00:00:00+00:00,14039064.108783444
2005-08-30 00:00:00+00:00,14079440.24340411
2005-08-31 00:00:00+00:00,14128630.338528832
2005-09-01 00:00:00+00:00,14130183.808597287
2005-09-02 00:00:00+00:00,14130573.181146344
2005-09-05 00:00:00+00:00,14140987.690973004
2005-09-06 00:00:00+00:00,14123412.772387704
2005-09-07 00:00:00+00:00,10832597.140609464
2005-09-08 00:00:00+00:00,14118332.728040894
2005-09-09 00:00:00+00:00,14121527.712436875
2005-09-12 00:00:00+00:00,14220143.326177796
2005-09-13 00:00:00+00:00,14237149.190341195
2005-09-14 00:00:00+00:00,14214134.303750237
2005-09-15 00:00:00+00:00,14271012.07829257
2005-09-16 00:00:00+00:00,14293749.50175138
2005-09-19 00:00:00+00:00,14402449.124565559
2005-09-20 00:00:00+00:00,14397477.463575797
2005-09-21 00:00:00+00:00,14386403.00974317
2005-09-22 00:00:00+00:00,14248848.342319923
2005-09-23 00:00:00+00:00,14230386.245184379
2005-09-26 00:00:00+00:00,14327553.608566718
2005-09-27 00:00:00+00:00,14305487.28867002
2005-09-28 00:00:00+00:00,14353705.534704642
2005-09-29 00:00:00+00:00,14325398.033359962
2005-09-30 00:00:00+00:00,14325863.987329917
2005-10-03 00:00:00+00:00,14421321.210375266
2005-10-04 00:00:00+00:00,14486276.95614286
2005-10-05 00:00:00+00:00,14429432.284014182
2005-10-06 00:00:00+00:00,14320646.877323585
2005-10-07 00:00:00+00:00,14292507.039049583
2005-10-10 00:00:00+00:00,14273821.904161887
2005-10-11 00:00:00+00:00,14272782.629162269
2005-10-12 00:00:00+00:00,11342289.732649283
2005-10-13 00:00:00+00:00,14235132.838844733
2005-10-14 00:00:00+00:00,14201838.172390418
2005-10-17 00:00:00+00:00,14212255.434164481
2005-10-18 00:00:00+00:00,14164354.044285255
2005-10-19 00:00:00+00:00,14062894.372524695
2005-10-20 00:00:00+00:00,13975852.577051597
2005-10-21 00:00:00+00:00,14011723.669590134
2005-10-24 00:00:00+00:00,13947741.775905747
2005-10-25 00:00:00+00:00,13975434.612081666
2005-10-26 00:00:00+00:00,13991334.299907822
2005-10-27 00:00:00+00:00,13931478.065809388
2005-10-28 00:00:00+00:00,13854280.047773499
2005-10-31 00:00:00+00:00,14048283.724378724
2005-11-01 00:00:00+00:00,11664007.682624955
2005-11-02 00:00:00+00:00,14097331.32359137
2005-11-03 00:00:00+00:00,11664007.682624955
2005-11-04 00:00:00+00:00,14097165.076461557
2005-11-07 00:00:00+00:00,14137160.46041656
2005-11-08 00:00:00+00:00,14178084.985437158
2005-11-09 00:00:00+00:00,14166453.444907907
2005-11-10 00:00:00+00:00,14181186.279321436
2005-11-11 00:00:00+00:00,14224344.006664041
2005-11-14 00:00:00+00:00,14213221.041328195
2005-11-15 00:00:00+00:00,12217998.534875635
2005-11-16 00:00:00+00:00,14221566.742452387
2005-11-17 00:00:00+00:00,14251479.456317667
2005-11-18 00:00:00+00:00,14245541.703729395
2005-11-21 00:00:00+00:00,14245518.850736383
2005-11-22 00:00:00+00:00,14275152.233028177
2005-11-23 00:00:00+00:00,14304344.82709289
2005-11-24 00:00:00+00:00,14346815.919385675
2005-11-25 00:00:00+00:00,14376483.608909372
2005-11-28 00:00:00+00:00,14358013.880946878
2005-11-29 00:00:00+00:00,14375636.848079447
2005-11-30 00:00:00+00:00,14372706.154880289
2005-12-01 00:00:00+00:00,14422815.328166727
2005-12-02 00:00:00+00:00,14460028.516229395
2005-12-05 00:00:00+00:00,14458881.672961954
2005-12-06 00:00:00+00:00,14462104.088021997
2005-12-07 00:00:00+00:00,14469938.749007944
2005-12-08 00:00:00+00:00,14565460.431880716
2005-12-09 00:00:00+00:00,14580582.485196833
2005-12-12 00:00:00+00:00,14616645.827749018
2005-12-13 00:00:00+00:00,14623892.653667215
2005-12-14 00:00:00+00:00,14610712.545007471
2005-12-15 00:00:00+00:00,14540382.534816507
2005-12-16 00:00:00+00:00,14616010.283765558
2005-12-19 00:00:00+00:00,14642043.526675943
2005-12-20 00:00:00+00:00,14633484.057530137
2005-12-21 00:00:00+00:00,14631388.81692955
2005-12-22 00:00:00+00:00,14632592.316353532
2005-12-23 00:00:00+00:00,14617953.88945076
2005-12-26 00:00:00+00:00,14554578.204357835
2005-12-27 00:00:00+00:00,14594966.805557938
2005-12-28 00:00:00+00:00,14635377.783779832
2005-12-29 00:00:00+00:00,14643494.713011475
2005-12-30 00:00:00+00:00,14658619.318171235
2006-01-02 00:00:00+00:00,14667949.31331894
2006-01-03 00:00:00+00:00,14689510.713455888
2006-01-04 00:00:00+00:00,14743768.251700135
2006-01-05 00:00:00+00:00,14670202.403782578
2006-01-06 00:00:00+00:00,14641892.565197678
2006-01-09 00:00:00+00:00,14646781.133511277
2006-01-10 00:00:00+00:00,14648262.32116768
2006-01-11 00:00:00+00:00,12669443.90465233
2006-01-12 00:00:00+00:00,14633007.165873261
2006-01-13 00:00:00+00:00,14609410.737015458
2006-01-16 00:00:00+00:00,14576183.729658814
2006-01-17 00:00:00+00:00,14562572.376169892
2006-01-18 00:00:00+00:00,14543108.726481171
2006-01-19 00:00:00+00:00,14598623.396176072
2006-01-20 00:00:00+00:00,14596176.610363694
2006-01-23 00:00:00+00:00,14556231.404051514
2006-01-24 00:00:00+00:00,14558760.814854356
2006-01-25 00:00:00+00:00,14576021.287548753
2006-01-26 00:00:00+00:00,12669443.90465233
2006-01-27 00:00:00+00:00,14610473.16272593
2006-01-30 00:00:00+00:00,14617941.079203133
2006-01-31 00:00:00+00:00,14620503.545683388
2006-02-01 00:00:00+00:00,14593861.96468592
2006-02-02 00:00:00+00:00,14591129.038576607
2006-02-03 00:00:00+00:00,14580618.849424843
2006-02-06 00:00:00+00:00,14649230.540855888
2006-02-07 00:00:00+00:00,14648358.36017466
2006-02-08 00:00:00+00:00,14625510.34342051
2006-02-09 00:00:00+00:00,12999047.400549415
2006-02-10 00:00:00+00:00,14694727.556698326
2006-02-13 00:00:00+00:00,14677241.553022865
2006-02-14 00:00:00+00:00,14709974.420864586
2006-02-15 00:00:00+00:00,14699017.315374855
2006-02-16 00:00:00+00:00,14674287.067541603
2006-02-17 00:00:00+00:00,14650543.616085533
2006-02-20 00:00:00+00:00,14618256.831635002
2006-02-21 00:00:00+00:00,14653125.452011589
2006-02-22 00:00:00+00:00,14640419.082251076
2006-02-23 00:00:00+00:00,14619240.641247276
2006-02-24 00:00:00+00:00,14641091.752340797
2006-02-27 00:00:00+00:00,14672808.18347216
2006-02-28 00:00:00+00:00,14686542.544252876
2006-03-01 00:00:00+00:00,14694669.554506782
2006-03-02 00:00:00+00:00,14733267.288393501
2006-03-03 00:00:00+00:00,14760301.298059944
2006-03-06 00:00:00+00:00,14798247.318235878
2006-03-07 00:00:00+00:00,14784424.541319374
2006-03-08 00:00:00+00:00,14766733.379898552
2006-03-09 00:00:00+00:00,14775871.59254885
2006-03-10 00:00:00+00:00,14794268.756521706
2006-03-13 00:00:00+00:00,14880768.90984011
2006-03-14 00:00:00+00:00,14893191.400295738
2006-03-15 00:00:00+00:00,12999047.400549415
2006-03-16 00:00:00+00:00,14900718.95870066
2006-03-17 00:00:00+00:00,14877420.73739672
2006-03-20 00:00:00+00:00,14887181.71827555
2006-03-21 00:00:00+00:00,14850002.76264811
2006-03-22 00:00:00+00:00,14826721.192751411
2006-03-23 00:00:00+00:00,14824651.749042992
2006-03-24 00:00:00+00:00,14836801.393282417
2006-03-27 00:00:00+00:00,14818714.25917292
2006-03-28 00:00:00+00:00,14808597.436800484
2006-03-29 00:00:00+00:00,14819456.606544975
2006-03-30 00:00:00+00:00,14791428.947994713
2006-03-31 00:00:00+00:00,14843863.700336937
2006-04-03 00:00:00+00:00,14838168.887775902
2006-04-04 00:00:00+00:00,14867933.483610634
2006-04-05 00:00:00+00:00,14908628.099997047
2006-04-06 00:00:00+00:00,12999047.400549415
2006-04-07 00:00:00+00:00,14872942.98882914
2006-04-10 00:00:00+00:00,14846452.326300148
2006-04-11 00:00:00+00:00,12999047.400549415
2006-04-12 00:00:00+00:00,14817853.995836738
2006-04-13 00:00:00+00:00,14793317.312311653
2006-04-17 00:00:00+00:00,14803492.08588076
2006-04-18 00:00:00+00:00,14839624.397404505
2006-04-19 00:00:00+00:00,14831502.247822596
2006-04-20 00:00:00+00:00,14841099.887598826
2006-04-21 00:00:00+00:00,14816965.532656504
2006-04-24 00:00:00+00:00,14797380.243407084
2006-04-25 00:00:00+00:00,14765486.307480646
2006-04-26 00:00:00+00:00,14787775.495535685
2006-04-27 00:00:00+00:00,14750232.814379526
2006-04-28 00:00:00+00:00,14728221.813845469
2006-05-01 00:00:00+00:00,13373720.745016886
2006-05-02 00:00:00+00:00,14794633.52735026
2006-05-03 00:00:00+00:00,14826836.562186075
2006-05-04 00:00:00+00:00,14842136.774224116
2006-05-05 00:00:00+00:00,14849221.47656901
2006-05-08 00:00:00+00:00,14833440.278817011
2006-05-09 00:00:00+00:00,14832524.34449084
2006-05-10 00:00:00+00:00,14826722.748287989
2006-05-11 00:00:00+00:00,14827423.809592081
2006-05-12 00:00:00+00:00,14799323.468537165
2006-05-15 00:00:00+00:00,14765213.835682703
2006-05-16 00:00:00+00:00,14785495.535561396
2006-05-17 00:00:00+00:00,14820610.5224293
2006-05-18 00:00:00+00:00,14712487.687651468
2006-05-19 00:00:00+00:00,14649671.848460032
2006-05-22 00:00:00+00:00,14574100.20637591
2006-05-23 00:00:00+00:00,14592209.04001887
2006-05-24 00:00:00+00:00,14603435.098725153
2006-05-25 00:00:00+00:00,14580139.521914316
2006-05-26 00:00:00+00:00,14633564.421208216
2006-05-29 00:00:00+00:00,14663505.605513407
2006-05-30 00:00:00+00:00,14697204.240141703
2006-05-31 00:00:00+00:00,14668295.951083831
2006-06-01 00:00:00+00:00,14660053.332051925
2006-06-02 00:00:00+00:00,14674599.060554199
2006-06-05 00:00:00+00:00,14686478.052390747
2006-06-06 00:00:00+00:00,14642598.457849197
2006-06-07 00:00:00+00:00,14612779.726283722
2006-06-08 00:00:00+00:00,14548051.24631279
2006-06-09 00:00:00+00:00,14554839.221309356
2006-06-12 00:00:00+00:00,14542232.95491188
2006-06-13 00:00:00+00:00,14523081.075095825
2006-06-14 00:00:00+00:00,14464898.16108673
2006-06-15 00:00:00+00:00,14532778.243249588
2006-06-16 00:00:00+00:00,14551687.666574173
2006-06-19 00:00:00+00:00,14546596.649734192
2006-06-20 00:00:00+00:00,14559445.372623138
2006-06-21 00:00:00+00:00,14566718.260602646
2006-06-22 00:00:00+00:00,14571809.277442627
2006-06-23 00:00:00+00:00,14569923.088283535
2006-06-26 00:00:00+00:00,14569923.088283535
2006-06-27 00:00:00+00:00,14569923.088283535
2006-06-28 00:00:00+00:00,14569923.088283535
2006-06-29 00:00:00+00:00,14569923.088283535
2006-06-30 00:00:00+00:00,14569923.088283535
2006-07-03 00:00:00+00:00,14569923.088283535
2006-07-04 00:00:00+00:00,14569923.088283535
2006-07-05 00:00:00+00:00,14569923.088283535
2006-07-06 00:00:00+00:00,14569923.088283535
2006-07-07 00:00:00+00:00,14569923.088283535
2006-07-10 00:00:00+00:00,14569923.088283535
2006-07-11 00:00:00+00:00,14569923.088283535
2006-07-12 00:00:00+00:00,14569923.088283535
2006-07-13 00:00:00+00:00,14569923.088283535
2006-07-14 00:00:00+00:00,14569923.088283535
2006-07-17 00:00:00+00:00,14569923.088283535
2006-07-18 00:00:00+00:00,14569923.088283535
2006-07-19 00:00:00+00:00,14569923.088283535
2006-07-20 00:00:00+00:00,14569923.088283535
2006-07-21 00:00:00+00:00,14569923.088283535
2006-07-24 00:00:00+00:00,14569923.088283535
2006-07-25 00:00:00+00:00,14569923.088283535
2006-07-26 00:00:00+00:00,14569923.088283535
2006-07-27 00:00:00+00:00,14569923.088283535
2006-07-28 00:00:00+00:00,14569923.088283535
2006-07-31 00:00:00+00:00,14569923.088283535
2006-08-01 00:00:00+00:00,14569923.088283535
2006-08-02 00:00:00+00:00,14569923.088283535
2006-08-03 00:00:00+00:00,14569923.088283535
2006-08-04 00:00:00+00:00,14569923.088283535
2006-08-07 00:00:00+00:00,14569923.088283535
2006-08-08 00:00:00+00:00,14569923.088283535
2006-08-09 00:00:00+00:00,14569923.088283535
2006-08-10 00:00:00+00:00,14569923.088283535
2006-08-11 00:00:00+00:00,14569923.088283535
2006-08-14 00:00:00+00:00,14569923.088283535
2006-08-15 00:00:00+00:00,14569923.088283535
2006-08-16 00:00:00+00:00,14569923.088283535
2006-08-17 00:00:00+00:00,14569923.088283535
2006-08-18 00:00:00+00:00,14569923.088283535
2006-08-21 00:00:00+00:00,14569923.088283535
2006-08-22 00:00:00+00:00,14569923.088283535
2006-08-23 00:00:00+00:00,14569923.088283535
2006-08-24 00:00:00+00:00,14569923.088283535
2006-08-25 00:00:00+00:00,14569923.088283535
2006-08-28 00:00:00+00:00,14569923.088283535
2006-08-29 00:00:00+00:00,14569923.088283535
2006-08-30 00:00:00+00:00,14569923.088283535
2006-08-31 00:00:00+00:00,14569923.088283535
2006-09-01 00:00:00+00:00,14569923.088283535
2006-09-04 00:00:00+00:00,14569923.088283535
2006-09-05 00:00:00+00:00,14569923.088283535
2006-09-06 00:00:00+00:00,14569923.088283535
2006-09-07 00:00:00+00:00,14569923.088283535
2006-09-08 00:00:00+00:00,14569923.088283535
2006-09-11 00:00:00+00:00,14569923.088283535
2006-09-12 00:00:00+00:00,14569923.088283535
2006-09-13 00:00:00+00:00,14569923.088283535
2006-09-14 00:00:00+00:00,14569923.088283535
2006-09-15 00:00:00+00:00,14569923.088283535
2006-09-18 00:00:00+00:00,14569923.088283535
2006-09-19 00:00:00+00:00,14569923.088283535
2006-09-20 00:00:00+00:00,14569923.088283535
2006-09-21 00:00:00+00:00,14569923.088283535
2006-09-22 00:00:00+00:00,14569923.088283535
2006-09-25 00:00:00+00:00,14569923.088283535
2006-09-26 00:00:00+00:00,14569923.088283535
2006-09-27 00:00:00+00:00,14569923.088283535
2006-09-28 00:00:00+00:00,14569923.088283535
2006-09-29 00:00:00+00:00,14569923.088283535
2006-10-02 00:00:00+00:00,14569923.088283535
2006-10-03 00:00:00+00:00,14569923.088283535
2006-10-04 00:00:00+00:00,14569923.088283535
2006-10-05 00:00:00+00:00,14569923.088283535
2006-10-06 00:00:00+00:00,14569923.088283535
2006-10-09 00:00:00+00:00,14569923.088283535
2006-10-10 00:00:00+00:00,14569923.088283535
2006-10-11 00:00:00+00:00,14569923.088283535
2006-10-12 00:00:00+00:00,14569923.088283535
2006-10-13 00:00:00+00:00,14569923.088283535
2006-10-16 00:00:00+00:00,14569923.088283535
2006-10-17 00:00:00+00:00,14569923.088283535
2006-10-18 00:00:00+00:00,14569923.088283535
2006-10-19 00:00:00+00:00,14569923.088283535
2006-10-20 00:00:00+00:00,14569923.088283535
2006-10-23 00:00:00+00:00,14569923.088283535
2006-10-24 00:00:00+00:00,14569923.088283535
2006-10-25 00:00:00+00:00,14569923.088283535
2006-10-26 00:00:00+00:00,14569923.088283535
2006-10-27 00:00:00+00:00,14569923.088283535
2006-10-30 00:00:00+00:00,14569923.088283535
2006-10-31 00:00:00+00:00,14569923.088283535
2006-11-01 00:00:00+00:00,14569923.088283535
2006-11-02 00:00:00+00:00,14569923.088283535
2006-11-03 00:00:00+00:00,14569923.088283535
2006-11-06 00:00:00+00:00,14569923.088283535
2006-11-07 00:00:00+00:00,14569923.088283535
2006-11-08 00:00:00+00:00,14569923.088283535
2006-11-09 00:00:00+00:00,14569923.088283535
2006-11-10 00:00:00+00:00,14569923.088283535
2006-11-13 00:00:00+00:00,14569923.088283535
2006-11-14 00:00:00+00:00,14569923.088283535
2006-11-15 00:00:00+00:00,14569923.088283535
2006-11-16 00:00:00+00:00,14569923.088283535
2006-11-17 00:00:00+00:00,14569923.088283535
2006-11-20 00:00:00+00:00,14569923.088283535
2006-11-21 00:00:00+00:00,14569923.088283535
2006-11-22 00:00:00+00:00,14569923.088283535
2006-11-23 00:00:00+00:00,14569923.088283535
2006-11-24 00:00:00+00:00,14569923.088283535
2006-11-27 00:00:00+00:00,14569923.088283535
2006-11-28 00:00:00+00:00,14569923.088283535
2006-11-29 00:00:00+00:00,14569923.088283535
2006-11-30 00:00:00+00:00,14569923.088283535
2006-12-01 00:00:00+00:00,14569923.088283535
2006-12-04 00:00:00+00:00,14569923.088283535
2006-12-05 00:00:00+00:00,14569923.088283535
2006-12-06 00:00:00+00:00,14569923.088283535
2006-12-07 00:00:00+00:00,14569923.088283535
2006-12-08 00:00:00+00:00,14569923.088283535
2006-12-11 00:00:00+00:00,14569923.088283535
2006-12-12 00:00:00+00:00,14569923.088283535
2006-12-13 00:00:00+00:00,14569923.088283535
2006-12-14 00:00:00+00:00,14569923.088283535
2006-12-15 00:00:00+00:00,14569923.088283535
2006-12-18 00:00:00+00:00,14569923.088283535
2006-12-19 00:00:00+00:00,14569923.088283535
2006-12-20 00:00:00+00:00,14569923.088283535
2006-12-21 00:00:00+00:00,14569923.088283535
2006-12-22 00:00:00+00:00,14569923.088283535
2006-12-25 00:00:00+00:00,14569923.088283535
2006-12-26 00:00:00+00:00,14569923.088283535
2006-12-27 00:00:00+00:00,14569923.088283535
2006-12-28 00:00:00+00:00,14569923.088283535
2006-12-29 00:00:00+00:00,14569923.088283535
2007-01-01 00:00:00+00:00,14569923.088283535
2007-01-02 00:00:00+00:00,14569923.088283535
2007-01-03 00:00:00+00:00,14569923.088283535
2007-01-04 00:00:00+00:00,14569923.088283535
2007-01-05 00:00:00+00:00,14569923.088283535
2007-01-08 00:00:00+00:00,14569923.088283535
2007-01-09 00:00:00+00:00,14569923.088283535
2007-01-10 00:00:00+00:00,14569923.088283535
2007-01-11 00:00:00+00:00,14569923.088283535
2007-01-12 00:00:00+00:00,14569923.088283535
2007-01-15 00:00:00+00:00,14569923.088283535
2007-01-16 00:00:00+00:00,14569923.088283535
2007-01-17 00:00:00+00:00,14569923.088283535
2007-01-18 00:00:00+00:00,14569923.088283535
2007-01-19 00:00:00+00:00,14569923.088283535
2007-01-22 00:00:00+00:00,14569923.088283535
2007-01-23 00:00:00+00:00,14569923.088283535
2007-01-24 00:00:00+00:00,14569923.088283535
2007-01-25 00:00:00+00:00,14569923.088283535
2007-01-26 00:00:00+00:00,14569923.088283535
2007-01-29 00:00:00+00:00,14569923.088283535
2007-01-30 00:00:00+00:00,14569923.088283535
2007-01-31 00:00:00+00:00,14569923.088283535
2007-02-01 00:00:00+00:00,14569923.088283535
2007-02-02 00:00:00+00:00,14569923.088283535
2007-02-05 00:00:00+00:00,14569923.088283535
2007-02-06 00:00:00+00:00,14569923.088283535
2007-02-07 00:00:00+00:00,14569923.088283535
2007-02-08 00:00:00+00:00,14569923.088283535
2007-02-09 00:00:00+00:00,14569923.088283535
2007-02-12 00:00:00+00:00,14569923.088283535
2007-02-13 00:00:00+00:00,14569923.088283535
2007-02-14 00:00:00+00:00,14569923.088283535
2007-02-15 00:00:00+00:00,14569923.088283535
2007-02-16 00:00:00+00:00,14569923.088283535
2007-02-19 00:00:00+00:00,14569923.088283535
2007-02-20 00:00:00+00:00,14569923.088283535
2007-02-21 00:00:00+00:00,14569923.088283535
2007-02-22 00:00:00+00:00,14569923.088283535
2007-02-23 00:00:00+00:00,14569923.088283535
2007-02-26 00:00:00+00:00,14569923.088283535
2007-02-27 00:00:00+00:00,14569923.088283535
2007-02-28 00:00:00+00:00,14569923.088283535
2007-03-01 00:00:00+00:00,14569923.088283535
2007-03-02 00:00:00+00:00,14569923.088283535
2007-03-05 00:00:00+00:00,14569923.088283535
2007-03-06 00:00:00+00:00,14569923.088283535
2007-03-07 00:00:00+00:00,14569923.088283535
2007-03-08 00:00:00+00:00,14569923.088283535
2007-03-09 00:00:00+00:00,14569923.088283535
2007-03-12 00:00:00+00:00,14569923.088283535
2007-03-13 00:00:00+00:00,14569923.088283535
2007-03-14 00:00:00+00:00,14569923.088283535
2007-03-15 00:00:00+00:00,14569923.088283535
2007-03-16 00:00:00+00:00,14569923.088283535
2007-03-19 00:00:00+00:00,14569923.088283535
2007-03-20 00:00:00+00:00,14569923.088283535
2007-03-21 00:00:00+00:00,14569923.088283535
2007-03-22 00:00:00+00:00,14569923.088283535
2007-03-23 00:00:00+00:00,14569923.088283535
2007-03-26 00:00:00+00:00,14569923.088283535
2007-03-27 00:00:00+00:00,14569923.088283535
2007-03-28 00:00:00+00:00,14569923.088283535
2007-03-29 00:00:00+00:00,14569923.088283535
2007-03-30 00:00:00+00:00,14569923.088283535
2007-04-02 00:00:00+00:00,14569923.088283535
2007-04-03 00:00:00+00:00,14569923.088283535
2007-04-04 00:00:00+00:00,14569923.088283535
2007-04-05 00:00:00+00:00,14569923.088283535
2007-04-09 00:00:00+00:00,14569923.088283535
2007-04-10 00:00:00+00:00,14569923.088283535
2007-04-11 00:00:00+00:00,14569923.088283535
2007-04-12 00:00:00+00:00,14569923.088283535
2007-04-13 00:00:00+00:00,14569923.088283535
2007-04-16 00:00:00+00:00,14569923.088283535
2007-04-17 00:00:00+00:00,14569923.088283535
2007-04-18 00:00:00+00:00,14569923.088283535
2007-04-19 00:00:00+00:00,14569923.088283535
2007-04-20 00:00:00+00:00,14569923.088283535
2007-04-23 00:00:00+00:00,14569923.088283535
2007-04-24 00:00:00+00:00,14569923.088283535
2007-04-25 00:00:00+00:00,14569923.088283535
2007-04-26 00:00:00+00:00,14569923.088283535
2007-04-27 00:00:00+00:00,14569923.088283535
2007-04-30 00:00:00+00:00,14569923.088283535
2007-05-01 00:00:00+00:00,14569923.088283535
2007-05-02 00:00:00+00:00,14569923.088283535
2007-05-03 00:00:00+00:00,14569923.088283535
2007-05-04 00:00:00+00:00,14569923.088283535
2007-05-07 00:00:00+00:00,14569923.088283535
2007-05-08 00:00:00+00:00,14569923.088283535
2007-05-09 00:00:00+00:00,14569923.088283535
2007-05-10 00:00:00+00:00,14569923.088283535
2007-05-11 00:00:00+00:00,14569923.088283535
2007-05-14 00:00:00+00:00,14569923.088283535
2007-05-15 00:00:00+00:00,14569923.088283535
2007-05-16 00:00:00+00:00,14569923.088283535
2007-05-17 00:00:00+00:00,14569923.088283535
2007-05-18 00:00:00+00:00,14569923.088283535
2007-05-21 00:00:00+00:00,14569923.088283535
2007-05-22 00:00:00+00:00,14569923.088283535
2007-05-23 00:00:00+00:00,14569923.088283535
2007-05-24 00:00:00+00:00,14569923.088283535
2007-05-25 00:00:00+00:00,14569923.088283535
2007-05-28 00:00:00+00:00,14569923.088283535
2007-05-29 00:00:00+00:00,14569923.088283535
2007-05-30 00:00:00+00:00,14569923.088283535
2007-05-31 00:00:00+00:00,14569923.088283535
2007-06-01 00:00:00+00:00,14569923.088283535
2007-06-04 00:00:00+00:00,14569923.088283535
2007-06-05 00:00:00+00:00,14569923.088283535
2007-06-06 00:00:00+00:00,14569923.088283535
2007-06-07 00:00:00+00:00,14569923.088283535
2007-06-08 00:00:00+00:00,14569923.088283535
2007-06-11 00:00:00+00:00,14569923.088283535
2007-06-12 00:00:00+00:00,14569923.088283535
2007-06-13 00:00:00+00:00,14569923.088283535
2007-06-14 00:00:00+00:00,14569923.088283535
2007-06-15 00:00:00+00:00,14569923.088283535
2007-06-18 00:00:00+00:00,14569923.088283535
2007-06-19 00:00:00+00:00,14569923.088283535
2007-06-20 00:00:00+00:00,14569923.088283535
2007-06-21 00:00:00+00:00,14569923.088283535
2007-06-22 00:00:00+00:00,14569923.088283535
2007-06-25 00:00:00+00:00,14569923.088283535
2007-06-26 00:00:00+00:00,14569923.088283535
2007-06-27 00:00:00+00:00,14569923.088283535
2007-06-28 00:00:00+00:00,14569923.088283535
2007-06-29 00:00:00+00:00,14569923.088283535
2007-07-02 00:00:00+00:00,14569923.088283535
2007-07-03 00:00:00+00:00,14569923.088283535
2007-07-04 00:00:00+00:00,14569923.088283535
2007-07-05 00:00:00+00:00,14569923.088283535
2007-07-06 00:00:00+00:00,14569923.088283535
2007-07-09 00:00:00+00:00,14569923.088283535
2007-07-10 00:00:00+00:00,14569923.088283535
2007-07-11 00:00:00+00:00,14569923.088283535
2007-07-12 00:00:00+00:00,14569923.088283535
2007-07-13 00:00:00+00:00,14569923.088283535
2007-07-16 00:00:00+00:00,14569923.088283535
2007-07-17 00:00:00+00:00,14569923.088283535
2007-07-18 00:00:00+00:00,14569923.088283535
2007-07-19 00:00:00+00:00,14569923.088283535
2007-07-20 00:00:00+00:00,14569923.088283535
2007-07-23 00:00:00+00:00,14569923.088283535
2007-07-24 00:00:00+00:00,14569923.088283535
2007-07-25 00:00:00+00:00,14569923.088283535
2007-07-26 00:00:00+00:00,14569923.088283535
2007-07-27 00:00:00+00:00,14569923.088283535
2007-07-30 00:00:00+00:00,14569923.088283535
2007-07-31 00:00:00+00:00,14569923.088283535
2007-08-01 00:00:00+00:00,14569923.088283535
2007-08-02 00:00:00+00:00,14569923.088283535
2007-08-03 00:00:00+00:00,14569923.088283535
2007-08-06 00:00:00+00:00,14569923.088283535
2007-08-07 00:00:00+00:00,14569923.088283535
2007-08-08 00:00:00+00:00,14569923.088283535
2007-08-09 00:00:00+00:00,14569923.088283535
2007-08-10 00:00:00+00:00,14569923.088283535
2007-08-13 00:00:00+00:00,14569923.088283535
2007-08-14 00:00:00+00:00,14569923.088283535
2007-08-15 00:00:00+00:00,14569923.088283535
2007-08-16 00:00:00+00:00,14569923.088283535
2007-08-17 00:00:00+00:00,14569923.088283535
2007-08-20 00:00:00+00:00,14569923.088283535
2007-08-21 00:00:00+00:00,14569923.088283535
2007-08-22 00:00:00+00:00,14569923.088283535
2007-08-23 00:00:00+00:00,14569923.088283535
2007-08-24 00:00:00+00:00,14569923.088283535
2007-08-27 00:00:00+00:00,14569923.088283535
2007-08-28 00:00:00+00:00,14569923.088283535
2007-08-29 00:00:00+00:00,14569923.088283535
2007-08-30 00:00:00+00:00,14569923.088283535
2007-08-31 00:00:00+00:00,14569923.088283535
2007-09-03 00:00:00+00:00,14569923.088283535
2007-09-04 00:00:00+00:00,14569923.088283535
2007-09-05 00:00:00+00:00,14569923.088283535
2007-09-06 00:00:00+00:00,14569923.088283535
2007-09-07 00:00:00+00:00,14569923.088283535
2007-09-10 00:00:00+00:00,14569923.088283535
2007-09-11 00:00:00+00:00,14569923.088283535
2007-09-12 00:00:00+00:00,14569923.088283535
2007-09-13 00:00:00+00:00,14569923.088283535
2007-09-14 00:00:00+00:00,14569923.088283535
2007-09-17 00:00:00+00:00,14569923.088283535
2007-09-18 00:00:00+00:00,14569923.088283535
2007-09-19 00:00:00+00:00,14569923.088283535
2007-09-20 00:00:00+00:00,14569923.088283535
2007-09-21 00:00:00+00:00,14569923.088283535
2007-09-24 00:00:00+00:00,14569923.088283535
2007-09-25 00:00:00+00:00,14569923.088283535
2007-09-26 00:00:00+00:00,14569923.088283535
2007-09-27 00:00:00+00:00,14569923.088283535
2007-09-28 00:00:00+00:00,14569923.088283535
2007-10-01 00:00:00+00:00,14569923.088283535
2007-10-02 00:00:00+00:00,14569923.088283535
2007-10-03 00:00:00+00:00,14569923.088283535
2007-10-04 00:00:00+00:00,14569923.088283535
2007-10-05 00:00:00+00:00,14569923.088283535
2007-10-08 00:00:00+00:00,14569923.088283535
2007-10-09 00:00:00+00:00,14569923.088283535
2007-10-10 00:00:00+00:00,14569923.088283535
2007-10-11 00:00:00+00:00,14569923.088283535
2007-10-12 00:00:00+00:00,14569923.088283535
2007-10-15 00:00:00+00:00,14569923.088283535
2007-10-16 00:00:00+00:00,14569923.088283535
2007-10-17 00:00:00+00:00,14569923.088283535
2007-10-18 00:00:00+00:00,14569923.088283535
2007-10-19 00:00:00+00:00,14569923.088283535
2007-10-22 00:00:00+00:00,14569923.088283535
2007-10-23 00:00:00+00:00,14569923.088283535
2007-10-24 00:00:00+00:00,14569923.088283535
2007-10-25 00:00:00+00:00,14569923.088283535
2007-10-26 00:00:00+00:00,14569923.088283535
2007-10-29 00:00:00+00:00,14569923.088283535
2007-10-30 00:00:00+00:00,14569923.088283535
2007-10-31 00:00:00+00:00,14569923.088283535
2007-11-01 00:00:00+00:00,14569923.088283535
2007-11-02 00:00:00+00:00,14569923.088283535
2007-11-05 00:00:00+00:00,14569923.088283535
2007-11-06 00:00:00+00:00,14569923.088283535
2007-11-07 00:00:00+00:00,14569923.088283535
2007-11-08 00:00:00+00:00,14569923.088283535
2007-11-09 00:00:00+00:00,14569923.088283535
2007-11-12 00:00:00+00:00,14569923.088283535
2007-11-13 00:00:00+00:00,14569923.088283535
2007-11-14 00:00:00+00:00,14569923.088283535
2007-11-15 00:00:00+00:00,14569923.088283535
2007-11-16 00:00:00+00:00,14569923.088283535
2007-11-19 00:00:00+00:00,14569923.088283535
2007-11-20 00:00:00+00:00,14569923.088283535
2007-11-21 00:00:00+00:00,14569923.088283535
2007-11-22 00:00:00+00:00,14569923.088283535
2007-11-23 00:00:00+00:00,14569923.088283535
2007-11-26 00:00:00+00:00,14569923.088283535
2007-11-27 00:00:00+00:00,14569923.088283535
2007-11-28 00:00:00+00:00,14569923.088283535
2007-11-29 00:00:00+00:00,14569923.088283535
2007-11-30 00:00:00+00:00,14569923.088283535
2007-12-03 00:00:00+00:00,14569923.088283535
2007-12-04 00:00:00+00:00,14569923.088283535
2007-12-05 00:00:00+00:00,14569923.088283535
2007-12-06 00:00:00+00:00,14569923.088283535
2007-12-07 00:00:00+00:00,14569923.088283535
2007-12-10 00:00:00+00:00,14569923.088283535
2007-12-11 00:00:00+00:00,14569923.088283535
2007-12-12 00:00:00+00:00,14569923.088283535
2007-12-13 00:00:00+00:00,14569923.088283535
2007-12-14 00:00:00+00:00,14569923.088283535
2007-12-17 00:00:00+00:00,14569923.088283535
2007-12-18 00:00:00+00:00,14569923.088283535
2007-12-19 00:00:00+00:00,14569923.088283535
2007-12-20 00:00:00+00:00,14569923.088283535
2007-12-21 00:00:00+00:00,14569923.088283535
2007-12-24 00:00:00+00:00,14569923.088283535
2007-12-26 00:00:00+00:00,14569923.088283535
2007-12-27 00:00:00+00:00,14569923.088283535
2007-12-28 00:00:00+00:00,14569923.088283535
2007-12-31 00:00:00+00:00,14569923.088283535
2008-01-01 00:00:00+00:00,14569923.088283535
2008-01-02 00:00:00+00:00,14569923.088283535
2008-01-03 00:00:00+00:00,14569923.088283535
2008-01-04 00:00:00+00:00,14569923.088283535
2008-01-07 00:00:00+00:00,14569923.088283535
2008-01-08 00:00:00+00:00,14569923.088283535
2008-01-09 00:00:00+00:00,14569923.088283535
2008-01-10 00:00:00+00:00,14569923.088283535
2008-01-11 00:00:00+00:00,14569923.088283535
2008-01-14 00:00:00+00:00,14569923.088283535
2008-01-15 00:00:00+00:00,14569923.088283535
2008-01-16 00:00:00+00:00,14569923.088283535
2008-01-17 00:00:00+00:00,14569923.088283535
2008-01-18 00:00:00+00:00,14569923.088283535
2008-01-21 00:00:00+00:00,14569923.088283535
2008-01-22 00:00:00+00:00,14569923.088283535
2008-01-23 00:00:00+00:00,14569923.088283535
2008-01-24 00:00:00+00:00,14569923.088283535
2008-01-25 00:00:00+00:00,14569923.088283535
2008-01-28 00:00:00+00:00,14569923.088283535
2008-01-29 00:00:00+00:00,14569923.088283535
2008-01-30 00:00:00+00:00,14569923.088283535
2008-01-31 00:00:00+00:00,14569923.088283535
2008-02-01 00:00:00+00:00,14569923.088283535
2008-02-04 00:00:00+00:00,14569923.088283535
2008-02-05 00:00:00+00:00,14569923.088283535
2008-02-06 00:00:00+00:00,14569923.088283535
2008-02-07 00:00:00+00:00,14569923.088283535
2008-02-08 00:00:00+00:00,14569923.088283535
2008-02-11 00:00:00+00:00,14569923.088283535
2008-02-12 00:00:00+00:00,14569923.088283535
2008-02-13 00:00:00+00:00,14569923.088283535
2008-02-14 00:00:00+00:00,14569923.088283535
2008-02-15 00:00:00+00:00,14569923.088283535
2008-02-18 00:00:00+00:00,14569923.088283535
2008-02-19 00:00:00+00:00,14569923.088283535
2008-02-20 00:00:00+00:00,14569923.088283535
2008-02-21 00:00:00+00:00,14569923.088283535
2008-02-22 00:00:00+00:00,14569923.088283535
2008-02-25 00:00:00+00:00,14569923.088283535
2008-02-26 00:00:00+00:00,14569923.088283535
2008-02-27 00:00:00+00:00,14569923.088283535
2008-02-28 00:00:00+00:00,14569923.088283535
2008-02-29 00:00:00+00:00,14569923.088283535
2008-03-03 00:00:00+00:00,14569923.088283535
2008-03-04 00:00:00+00:00,14569923.088283535
2008-03-05 00:00:00+00:00,14569923.088283535
2008-03-06 00:00:00+00:00,14569923.088283535
2008-03-07 00:00:00+00:00,14569923.088283535
2008-03-10 00:00:00+00:00,14569923.088283535
2008-03-11 00:00:00+00:00,14569923.088283535
2008-03-12 00:00:00+00:00,14569923.088283535
2008-03-13 00:00:00+00:00,14569923.088283535
2008-03-14 00:00:00+00:00,14569923.088283535
2008-03-17 00:00:00+00:00,14569923.088283535
2008-03-18 00:00:00+00:00,14569923.088283535
2008-03-19 00:00:00+00:00,14569923.088283535
2008-03-20 00:00:00+00:00,14569923.088283535
2008-03-24 00:00:00+00:00,14569923.088283535
2008-03-25 00:00:00+00:00,14569923.088283535
2008-03-26 00:00:00+00:00,14569923.088283535
2008-03-27 00:00:00+00:00,14569923.088283535
2008-03-28 00:00:00+00:00,14569923.088283535
2008-03-31 00:00:00+00:00,14569923.088283535
2008-04-01 00:00:00+00:00,14569923.088283535
2008-04-02 00:00:00+00:00,14569923.088283535
2008-04-03 00:00:00+00:00,14569923.088283535
2008-04-04 00:00:00+00:00,14569923.088283535
2008-04-07 00:00:00+00:00,14569923.088283535
2008-04-08 00:00:00+00:00,14569923.088283535
2008-04-09 00:00:00+00:00,14569923.088283535
2008-04-10 00:00:00+00:00,14569923.088283535
2008-04-11 00:00:00+00:00,14569923.088283535
2008-04-14 00:00:00+00:00,14569923.088283535
2008-04-15 00:00:00+00:00,14569923.088283535
2008-04-16 00:00:00+00:00,14569923.088283535
2008-04-17 00:00:00+00:00,14569923.088283535
2008-04-18 00:00:00+00:00,14569923.088283535
2008-04-21 00:00:00+00:00,14569923.088283535
2008-04-22 00:00:00+00:00,14569923.088283535
2008-04-23 00:00:00+00:00,14569923.088283535
2008-04-24 00:00:00+00:00,14569923.088283535
2008-04-25 00:00:00+00:00,14569923.088283535
2008-04-28 00:00:00+00:00,14569923.088283535
2008-04-29 00:00:00+00:00,14569923.088283535
2008-04-30 00:00:00+00:00,14569923.088283535
2008-05-01 00:00:00+00:00,14569923.088283535
2008-05-02 00:00:00+00:00,14569923.088283535
2008-05-05 00:00:00+00:00,14569923.088283535
2008-05-06 00:00:00+00:00,14569923.088283535
2008-05-07 00:00:00+00:00,14569923.088283535
2008-05-08 00:00:00+00:00,14569923.088283535
2008-05-09 00:00:00+00:00,14569923.088283535
2008-05-12 00:00:00+00:00,14569923.088283535
2008-05-13 00:00:00+00:00,14569923.088283535
2008-05-14 00:00:00+00:00,14569923.088283535
2008-05-15 00:00:00+00:00,14569923.088283535
2008-05-16 00:00:00+00:00,14569923.088283535
2008-05-19 00:00:00+00:00,14569923.088283535
2008-05-20 00:00:00+00:00,14569923.088283535
2008-05-21 00:00:00+00:00,14569923.088283535
2008-05-22 00:00:00+00:00,14569923.088283535
2008-05-23 00:00:00+00:00,14569923.088283535
2008-05-26 00:00:00+00:00,14569923.088283535
2008-05-27 00:00:00+00:00,14569923.088283535
2008-05-28 00:00:00+00:00,14569923.088283535
2008-05-29 00:00:00+00:00,14569923.088283535
2008-05-30 00:00:00+00:00,14569923.088283535
2008-06-02 00:00:00+00:00,14569923.088283535
2008-06-03 00:00:00+00:00,14569923.088283535
2008-06-04 00:00:00+00:00,14569923.088283535
2008-06-05 00:00:00+00:00,14569923.088283535
2008-06-06 00:00:00+00:00,14569923.088283535
2008-06-09 00:00:00+00:00,14569923.088283535
2008-06-10 00:00:00+00:00,14569923.088283535
2008-06-11 00:00:00+00:00,14569923.088283535
2008-06-12 00:00:00+00:00,14569923.088283535
2008-06-13 00:00:00+00:00,14569923.088283535
2008-06-16 00:00:00+00:00,14569923.088283535
2008-06-17 00:00:00+00:00,14569923.088283535
2008-06-18 00:00:00+00:00,14569923.088283535
2008-06-19 00:00:00+00:00,14569923.088283535
2008-06-20 00:00:00+00:00,14569923.088283535
2008-06-23 00:00:00+00:00,14569923.088283535
2008-06-24 00:00:00+00:00,14569923.088283535
2008-06-25 00:00:00+00:00,14569923.088283535
2008-06-26 00:00:00+00:00,14569923.088283535
2008-06-27 00:00:00+00:00,14569923.088283535
2008-06-30 00:00:00+00:00,14569923.088283535
2008-07-01 00:00:00+00:00,14569923.088283535
2008-07-02 00:00:00+00:00,14569923.088283535
2008-07-03 00:00:00+00:00,14569923.088283535
2008-07-04 00:00:00+00:00,14569923.088283535
2008-07-07 00:00:00+00:00,14569923.088283535
2008-07-08 00:00:00+00:00,14569923.088283535
2008-07-09 00:00:00+00:00,14569923.088283535
2008-07-10 00:00:00+00:00,14569923.088283535
2008-07-11 00:00:00+00:00,14569923.088283535
2008-07-14 00:00:00+00:00,14569923.088283535
2008-07-15 00:00:00+00:00,14569923.088283535
2008-07-16 00:00:00+00:00,14569923.088283535
2008-07-17 00:00:00+00:00,14569923.088283535
2008-07-18 00:00:00+00:00,14569923.088283535
2008-07-21 00:00:00+00:00,14569923.088283535
2008-07-22 00:00:00+00:00,14569923.088283535
2008-07-23 00:00:00+00:00,14569923.088283535
2008-07-24 00:00:00+00:00,14569923.088283535
2008-07-25 00:00:00+00:00,14569923.088283535
2008-07-28 00:00:00+00:00,14569923.088283535
2008-07-29 00:00:00+00:00,14569923.088283535
2008-07-30 00:00:00+00:00,14569923.088283535
2008-07-31 00:00:00+00:00,14569923.088283535
2008-08-01 00:00:00+00:00,14569923.088283535
2008-08-04 00:00:00+00:00,14569923.088283535
2008-08-05 00:00:00+00:00,14569923.088283535
2008-08-06 00:00:00+00:00,14569923.088283535
2008-08-07 00:00:00+00:00,14569923.088283535
2008-08-08 00:00:00+00:00,14569923.088283535
2008-08-11 00:00:00+00:00,14569923.088283535
2008-08-12 00:00:00+00:00,14569923.088283535
2008-08-13 00:00:00+00:00,14569923.088283535
2008-08-14 00:00:00+00:00,14569923.088283535
2008-08-15 00:00:00+00:00,14569923.088283535
2008-08-18 00:00:00+00:00,14569923.088283535
2008-08-19 00:00:00+00:00,14569923.088283535
2008-08-20 00:00:00+00:00,14569923.088283535
2008-08-21 00:00:00+00:00,14569923.088283535
2008-08-22 00:00:00+00:00,14569923.088283535
2008-08-25 00:00:00+00:00,14569923.088283535
2008-08-26 00:00:00+00:00,14569923.088283535
2008-08-27 00:00:00+00:00,14569923.088283535
2008-08-28 00:00:00+00:00,14569923.088283535
2008-08-29 00:00:00+00:00,14569923.088283535
2008-09-01 00:00:00+00:00,14569923.088283535
2008-09-02 00:00:00+00:00,14569923.088283535
2008-09-03 00:00:00+00:00,14569923.088283535
2008-09-04 00:00:00+00:00,14569923.088283535
2008-09-05 00:00:00+00:00,14569923.088283535
2008-09-08 00:00:00+00:00,14569923.088283535
2008-09-09 00:00:00+00:00,14569923.088283535
2008-09-10 00:00:00+00:00,14569923.088283535
2008-09-11 00:00:00+00:00,14569923.088283535
2008-09-12 00:00:00+00:00,14569923.088283535
2008-09-15 00:00:00+00:00,14569923.088283535
2008-09-16 00:00:00+00:00,14569923.088283535
2008-09-17 00:00:00+00:00,14569923.088283535
2008-09-18 00:00:00+00:00,14569923.088283535
2008-09-19 00:00:00+00:00,14569923.088283535
2008-09-22 00:00:00+00:00,14569923.088283535
2008-09-23 00:00:00+00:00,14569923.088283535
2008-09-24 00:00:00+00:00,14569923.088283535
2008-09-25 00:00:00+00:00,14569923.088283535
2008-09-26 00:00:00+00:00,14569923.088283535
2008-09-29 00:00:00+00:00,14569923.088283535
2008-09-30 00:00:00+00:00,14569923.088283535
2008-10-01 00:00:00+00:00,14569923.088283535
2008-10-02 00:00:00+00:00,14569923.088283535
2008-10-03 00:00:00+00:00,14569923.088283535
2008-10-06 00:00:00+00:00,14569923.088283535
2008-10-07 00:00:00+00:00,14569923.088283535
2008-10-08 00:00:00+00:00,14569923.088283535
2008-10-09 00:00:00+00:00,14569923.088283535
2008-10-10 00:00:00+00:00,14569923.088283535
2008-10-13 00:00:00+00:00,14569923.088283535
2008-10-14 00:00:00+00:00,14569923.088283535
2008-10-15 00:00:00+00:00,14569923.088283535
2008-10-16 00:00:00+00:00,14569923.088283535
2008-10-17 00:00:00+00:00,14569923.088283535
2008-10-20 00:00:00+00:00,14569923.088283535
2008-10-21 00:00:00+00:00,14569923.088283535
2008-10-22 00:00:00+00:00,14569923.088283535
2008-10-23 00:00:00+00:00,14569923.088283535
2008-10-24 00:00:00+00:00,14569923.088283535
2008-10-27 00:00:00+00:00,14569923.088283535
2008-10-28 00:00:00+00:00,14569923.088283535
2008-10-29 00:00:00+00:00,14569923.088283535
2008-10-30 00:00:00+00:00,14569923.088283535
2008-10-31 00:00:00+00:00,14569923.088283535
2008-11-03 00:00:00+00:00,14569923.088283535
2008-11-04 00:00:00+00:00,14569923.088283535
2008-11-05 00:00:00+00:00,14569923.088283535
2008-11-06 00:00:00+00:00,14569923.088283535
2008-11-07 00:00:00+00:00,14569923.088283535
2008-11-10 00:00:00+00:00,14569923.088283535
2008-11-11 00:00:00+00:00,14569923.088283535
2008-11-12 00:00:00+00:00,14569923.088283535
2008-11-13 00:00:00+00:00,14569923.088283535
2008-11-14 00:00:00+00:00,14569923.088283535
2008-11-17 00:00:00+00:00,14569923.088283535
2008-11-18 00:00:00+00:00,14569923.088283535
2008-11-19 00:00:00+00:00,14569923.088283535
2008-11-20 00:00:00+00:00,14569923.088283535
2008-11-21 00:00:00+00:00,14569923.088283535
2008-11-24 00:00:00+00:00,14569923.088283535
2008-11-25 00:00:00+00:00,14569923.088283535
2008-11-26 00:00:00+00:00,14569923.088283535
2008-11-27 00:00:00+00:00,14569923.088283535
2008-11-28 00:00:00+00:00,14569923.088283535
2008-12-01 00:00:00+00:00,14569923.088283535
2008-12-02 00:00:00+00:00,14569923.088283535
2008-12-03 00:00:00+00:00,14569923.088283535
2008-12-04 00:00:00+00:00,14569923.088283535
2008-12-05 00:00:00+00:00,14569923.088283535
2008-12-08 00:00:00+00:00,14569923.088283535
2008-12-09 00:00:00+00:00,14569923.088283535
2008-12-10 00:00:00+00:00,14569923.088283535
2008-12-11 00:00:00+00:00,14569923.088283535
2008-12-12 00:00:00+00:00,14569923.088283535
2008-12-15 00:00:00+00:00,14569923.088283535
2008-12-16 00:00:00+00:00,14569923.088283535
2008-12-17 00:00:00+00:00,14569923.088283535
2008-12-18 00:00:00+00:00,14569923.088283535
2008-12-19 00:00:00+00:00,14569923.088283535
2008-12-22 00:00:00+00:00,14569923.088283535
2008-12-23 00:00:00+00:00,14569923.088283535
2008-12-24 00:00:00+00:00,14569923.088283535
2008-12-26 00:00:00+00:00,14569923.088283535
2008-12-29 00:00:00+00:00,14569923.088283535
2008-12-30 00:00:00+00:00,14569923.088283535
2008-12-31 00:00:00+00:00,14569923.088283535
2009-01-02 00:00:00+00:00,14569923.088283535
2009-01-05 00:00:00+00:00,14569923.088283535
2009-01-06 00:00:00+00:00,14569923.088283535
2009-01-07 00:00:00+00:00,14569923.088283535
2009-01-08 00:00:00+00:00,14569923.088283535
2009-01-09 00:00:00+00:00,14569923.088283535
2009-01-12 00:00:00+00:00,14569923.088283535
2009-01-13 00:00:00+00:00,14569923.088283535
2009-01-14 00:00:00+00:00,14569923.088283535
2009-01-15 00:00:00+00:00,14569923.088283535
2009-01-16 00:00:00+00:00,14569923.088283535
2009-01-19 00:00:00+00:00,14569923.088283535
2009-01-20 00:00:00+00:00,14569923.088283535
2009-01-21 00:00:00+00:00,14569923.088283535
2009-01-22 00:00:00+00:00,14569923.088283535
2009-01-23 00:00:00+00:00,14569923.088283535
2009-01-26 00:00:00+00:00,14569923.088283535
2009-01-27 00:00:00+00:00,14569923.088283535
2009-01-28 00:00:00+00:00,14569923.088283535
2009-01-29 00:00:00+00:00,14569923.088283535
2009-01-30 00:00:00+00:00,14569923.088283535
2009-02-02 00:00:00+00:00,14569923.088283535
2009-02-03 00:00:00+00:00,14569923.088283535
2009-02-04 00:00:00+00:00,14569923.088283535
2009-02-05 00:00:00+00:00,14569923.088283535
2009-02-06 00:00:00+00:00,14569923.088283535
2009-02-09 00:00:00+00:00,14569923.088283535
2009-02-10 00:00:00+00:00,14569923.088283535
2009-02-11 00:00:00+00:00,14569923.088283535
2009-02-12 00:00:00+00:00,14569923.088283535
2009-02-13 00:00:00+00:00,14569923.088283535
2009-02-16 00:00:00+00:00,14569923.088283535
2009-02-17 00:00:00+00:00,14569923.088283535
2009-02-18 00:00:00+00:00,14569923.088283535
2009-02-19 00:00:00+00:00,14569923.088283535
2009-02-20 00:00:00+00:00,14569923.088283535
2009-02-23 00:00:00+00:00,14569923.088283535
2009-02-24 00:00:00+00:00,14569923.088283535
2009-02-25 00:00:00+00:00,14569923.088283535
2009-02-26 00:00:00+00:00,14569923.088283535
2009-02-27 00:00:00+00:00,14569923.088283535
2009-03-02 00:00:00+00:00,14569923.088283535
2009-03-03 00:00:00+00:00,14569923.088283535
2009-03-04 00:00:00+00:00,14569923.088283535
2009-03-05 00:00:00+00:00,14569923.088283535
2009-03-06 00:00:00+00:00,14569923.088283535
2009-03-09 00:00:00+00:00,14569923.088283535
2009-03-10 00:00:00+00:00,14569923.088283535
2009-03-11 00:00:00+00:00,14569923.088283535
2009-03-12 00:00:00+00:00,14569923.088283535
2009-03-13 00:00:00+00:00,14569923.088283535
2009-03-16 00:00:00+00:00,14569923.088283535
2009-03-17 00:00:00+00:00,14569923.088283535
2009-03-18 00:00:00+00:00,14569923.088283535
2009-03-19 00:00:00+00:00,14569923.088283535
2009-03-20 00:00:00+00:00,14569923.088283535
2009-03-23 00:00:00+00:00,14569923.088283535
2009-03-24 00:00:00+00:00,14569923.088283535
2009-03-25 00:00:00+00:00,14569923.088283535
2009-03-26 00:00:00+00:00,14569923.088283535
2009-03-27 00:00:00+00:00,14569923.088283535
2009-03-30 00:00:00+00:00,14569923.088283535
2009-03-31 00:00:00+00:00,14569923.088283535
2009-04-01 00:00:00+00:00,14569923.088283535
2009-04-02 00:00:00+00:00,14569923.088283535
2009-04-03 00:00:00+00:00,14569923.088283535
2009-04-06 00:00:00+00:00,14569923.088283535
2009-04-07 00:00:00+00:00,14569923.088283535
2009-04-08 00:00:00+00:00,14569923.088283535
2009-04-09 00:00:00+00:00,14569923.088283535
2009-04-13 00:00:00+00:00,14569923.088283535
2009-04-14 00:00:00+00:00,14569923.088283535
2009-04-15 00:00:00+00:00,14569923.088283535
2009-04-16 00:00:00+00:00,14569923.088283535
2009-04-17 00:00:00+00:00,14569923.088283535
2009-04-20 00:00:00+00:00,14569923.088283535
2009-04-21 00:00:00+00:00,14569923.088283535
2009-04-22 00:00:00+00:00,14569923.088283535
2009-04-23 00:00:00+00:00,14569923.088283535
2009-04-24 00:00:00+00:00,14569923.088283535
2009-04-27 00:00:00+00:00,14569923.088283535
2009-04-28 00:00:00+00:00,14569923.088283535
2009-04-29 00:00:00+00:00,14569923.088283535
2009-04-30 00:00:00+00:00,14569923.088283535
2009-05-01 00:00:00+00:00,14569923.088283535
2009-05-04 00:00:00+00:00,14569923.088283535
2009-05-05 00:00:00+00:00,14569923.088283535
2009-05-06 00:00:00+00:00,14569923.088283535
2009-05-07 00:00:00+00:00,14569923.088283535
2009-05-08 00:00:00+00:00,14569923.088283535
2009-05-11 00:00:00+00:00,14569923.088283535
2009-05-12 00:00:00+00:00,14569923.088283535
2009-05-13 00:00:00+00:00,14569923.088283535
2009-05-14 00:00:00+00:00,14569923.088283535
2009-05-15 00:00:00+00:00,14569923.088283535
2009-05-18 00:00:00+00:00,14569923.088283535
2009-05-19 00:00:00+00:00,14569923.088283535
2009-05-20 00:00:00+00:00,14569923.088283535
2009-05-21 00:00:00+00:00,14569923.088283535
2009-05-22 00:00:00+00:00,14569923.088283535
2009-05-25 00:00:00+00:00,14569923.088283535
2009-05-26 00:00:00+00:00,14569923.088283535
2009-05-27 00:00:00+00:00,14569923.088283535
2009-05-28 00:00:00+00:00,14569923.088283535
2009-05-29 00:00:00+00:00,14569923.088283535
2009-06-01 00:00:00+00:00,14569923.088283535
2009-06-02 00:00:00+00:00,14569923.088283535
2009-06-03 00:00:00+00:00,14569923.088283535
2009-06-04 00:00:00+00:00,14569923.088283535
2009-06-05 00:00:00+00:00,14569923.088283535
2009-06-08 00:00:00+00:00,14569923.088283535
2009-06-09 00:00:00+00:00,14569923.088283535
2009-06-10 00:00:00+00:00,14569923.088283535
2009-06-11 00:00:00+00:00,14569923.088283535
2009-06-12 00:00:00+00:00,14569923.088283535
2009-06-15 00:00:00+00:00,14569923.088283535
2009-06-16 00:00:00+00:00,14569923.088283535
2009-06-17 00:00:00+00:00,14569923.088283535
2009-06-18 00:00:00+00:00,14569923.088283535
2009-06-19 00:00:00+00:00,14569923.088283535
2009-06-22 00:00:00+00:00,14569923.088283535
2009-06-23 00:00:00+00:00,14569923.088283535
2009-06-24 00:00:00+00:00,14569923.088283535
2009-06-25 00:00:00+00:00,14569923.088283535
2009-06-26 00:00:00+00:00,14569923.088283535
2009-06-29 00:00:00+00:00,14569923.088283535
2009-06-30 00:00:00+00:00,14569923.088283535
2009-07-01 00:00:00+00:00,14569923.088283535
2009-07-02 00:00:00+00:00,14569923.088283535
2009-07-03 00:00:00+00:00,14569923.088283535
2009-07-06 00:00:00+00:00,14569923.088283535
2009-07-07 00:00:00+00:00,14569923.088283535
2009-07-08 00:00:00+00:00,14569923.088283535
2009-07-09 00:00:00+00:00,14569923.088283535
2009-07-10 00:00:00+00:00,14569923.088283535
2009-07-13 00:00:00+00:00,14569923.088283535
2009-07-14 00:00:00+00:00,14569923.088283535
2009-07-15 00:00:00+00:00,14569923.088283535
2009-07-16 00:00:00+00:00,14569923.088283535
2009-07-17 00:00:00+00:00,14569923.088283535
2009-07-20 00:00:00+00:00,14569923.088283535
2009-07-21 00:00:00+00:00,14569923.088283535
2009-07-22 00:00:00+00:00,14569923.088283535
2009-07-23 00:00:00+00:00,14569923.088283535
2009-07-24 00:00:00+00:00,14569923.088283535
2009-07-27 00:00:00+00:00,14569923.088283535
2009-07-28 00:00:00+00:00,14569923.088283535
2009-07-29 00:00:00+00:00,14569923.088283535
2009-07-30 00:00:00+00:00,14569923.088283535
2009-07-31 00:00:00+00:00,14569923.088283535
2009-08-03 00:00:00+00:00,14569923.088283535
2009-08-04 00:00:00+00:00,14569923.088283535
2009-08-05 00:00:00+00:00,14569923.088283535
2009-08-06 00:00:00+00:00,14569923.088283535
2009-08-07 00:00:00+00:00,14569923.088283535
2009-08-10 00:00:00+00:00,14569923.088283535
2009-08-11 00:00:00+00:00,14569923.088283535
2009-08-12 00:00:00+00:00,14569923.088283535
2009-08-13 00:00:00+00:00,14569923.088283535
2009-08-14 00:00:00+00:00,14569923.088283535
2009-08-17 00:00:00+00:00,14569923.088283535
2009-08-18 00:00:00+00:00,14569923.088283535
2009-08-19 00:00:00+00:00,14569923.088283535
2009-08-20 00:00:00+00:00,14569923.088283535
2009-08-21 00:00:00+00:00,14569923.088283535
2009-08-24 00:00:00+00:00,14569923.088283535
2009-08-25 00:00:00+00:00,14569923.088283535
2009-08-26 00:00:00+00:00,14569923.088283535
2009-08-27 00:00:00+00:00,14569923.088283535
2009-08-28 00:00:00+00:00,14569923.088283535
2009-08-31 00:00:00+00:00,14569923.088283535
2009-09-01 00:00:00+00:00,14569923.088283535
2009-09-02 00:00:00+00:00,14569923.088283535
2009-09-03 00:00:00+00:00,14569923.088283535
2009-09-04 00:00:00+00:00,14569923.088283535
2009-09-07 00:00:00+00:00,14569923.088283535
2009-09-08 00:00:00+00:00,14569923.088283535
2009-09-09 00:00:00+00:00,14569923.088283535
2009-09-10 00:00:00+00:00,14569923.088283535
2009-09-11 00:00:00+00:00,14569923.088283535
2009-09-14 00:00:00+00:00,14569923.088283535
2009-09-15 00:00:00+00:00,14569923.088283535
2009-09-16 00:00:00+00:00,14569923.088283535
2009-09-17 00:00:00+00:00,14569923.088283535
2009-09-18 00:00:00+00:00,14569923.088283535
2009-09-21 00:00:00+00:00,14569923.088283535
2009-09-22 00:00:00+00:00,14569923.088283535
2009-09-23 00:00:00+00:00,14569923.088283535
2009-09-24 00:00:00+00:00,14569923.088283535
2009-09-25 00:00:00+00:00,14569923.088283535
2009-09-28 00:00:00+00:00,14569923.088283535
2009-09-29 00:00:00+00:00,14569923.088283535
2009-09-30 00:00:00+00:00,14569923.088283535
2009-10-01 00:00:00+00:00,14569923.088283535
2009-10-02 00:00:00+00:00,14569923.088283535
2009-10-05 00:00:00+00:00,14569923.088283535
2009-10-06 00:00:00+00:00,14569923.088283535
2009-10-07 00:00:00+00:00,14569923.088283535
2009-10-08 00:00:00+00:00,14569923.088283535
2009-10-09 00:00:00+00:00,14569923.088283535
2009-10-12 00:00:00+00:00,14569923.088283535
2009-10-13 00:00:00+00:00,14569923.088283535
2009-10-14 00:00:00+00:00,14569923.088283535
2009-10-15 00:00:00+00:00,14569923.088283535
2009-10-16 00:00:00+00:00,14569923.088283535
2009-10-19 00:00:00+00:00,14569923.088283535
2009-10-20 00:00:00+00:00,14569923.088283535
2009-10-21 00:00:00+00:00,14569923.088283535
2009-10-22 00:00:00+00:00,14569923.088283535
2009-10-23 00:00:00+00:00,14569923.088283535
2009-10-26 00:00:00+00:00,14569923.088283535
2009-10-27 00:00:00+00:00,14569923.088283535
2009-10-28 00:00:00+00:00,14569923.088283535
2009-10-29 00:00:00+00:00,14569923.088283535
2009-10-30 00:00:00+00:00,14569923.088283535
2009-11-02 00:00:00+00:00,14569923.088283535
2009-11-03 00:00:00+00:00,14569923.088283535
2009-11-04 00:00:00+00:00,14569923.088283535
2009-11-05 00:00:00+00:00,14569923.088283535
2009-11-06 00:00:00+00:00,14569923.088283535
2009-11-09 00:00:00+00:00,14569923.088283535
2009-11-10 00:00:00+00:00,14569923.088283535
2009-11-11 00:00:00+00:00,14569923.088283535
2009-11-12 00:00:00+00:00,14569923.088283535
2009-11-13 00:00:00+00:00,14569923.088283535
2009-11-16 00:00:00+00:00,14569923.088283535
2009-11-17 00:00:00+00:00,14569923.088283535
2009-11-18 00:00:00+00:00,14569923.088283535
2009-11-19 00:00:00+00:00,14569923.088283535
2009-11-20 00:00:00+00:00,14569923.088283535
2009-11-23 00:00:00+00:00,14569923.088283535
2009-11-24 00:00:00+00:00,14569923.088283535
2009-11-25 00:00:00+00:00,14569923.088283535
2009-11-26 00:00:00+00:00,14569923.088283535
2009-11-27 00:00:00+00:00,14569923.088283535
2009-11-30 00:00:00+00:00,14569923.088283535
2009-12-01 00:00:00+00:00,14569923.088283535
2009-12-02 00:00:00+00:00,14569923.088283535
2009-12-03 00:00:00+00:00,14569923.088283535
2009-12-04 00:00:00+00:00,14569923.088283535
2009-12-07 00:00:00+00:00,14569923.088283535
2009-12-08 00:00:00+00:00,14569923.088283535
2009-12-09 00:00:00+00:00,14569923.088283535
2009-12-10 00:00:00+00:00,14569923.088283535
2009-12-11 00:00:00+00:00,14569923.088283535
2009-12-14 00:00:00+00:00,14569923.088283535
2009-12-15 00:00:00+00:00,14569923.088283535
2009-12-16 00:00:00+00:00,14569923.088283535
2009-12-17 00:00:00+00:00,14569923.088283535
2009-12-18 00:00:00+00:00,14569923.088283535
2009-12-21 00:00:00+00:00,14569923.088283535
2009-12-22 00:00:00+00:00,14569923.088283535
2009-12-23 00:00:00+00:00,14569923.088283535
2009-12-24 00:00:00+00:00,14569923.088283535
2009-12-28 00:00:00+00:00,14569923.088283535
2009-12-29 00:00:00+00:00,14569923.088283535
2009-12-30 00:00:00+00:00,14569923.088283535
2009-12-31 00:00:00+00:00,14569923.088283535
2010-01-04 00:00:00+00:00,14569923.088283535
2010-01-05 00:00:00+00:00,14569923.088283535
2010-01-06 00:00:00+00:00,14569923.088283535
2010-01-07 00:00:00+00:00,14569923.088283535
2010-01-08 00:00:00+00:00,14569923.088283535
2010-01-11 00:00:00+00:00,14569923.088283535
2010-01-12 00:00:00+00:00,14569923.088283535
2010-01-13 00:00:00+00:00,14569923.088283535
2010-01-14 00:00:00+00:00,14569923.088283535
2010-01-15 00:00:00+00:00,14569923.088283535
2010-01-18 00:00:00+00:00,14569923.088283535
2010-01-19 00:00:00+00:00,14569923.088283535
2010-01-20 00:00:00+00:00,14569923.088283535
2010-01-21 00:00:00+00:00,14569923.088283535
2010-01-22 00:00:00+00:00,14569923.088283535
2010-01-25 00:00:00+00:00,14569923.088283535
2010-01-26 00:00:00+00:00,14569923.088283535
2010-01-27 00:00:00+00:00,14569923.088283535
2010-01-28 00:00:00+00:00,14569923.088283535
2010-01-29 00:00:00+00:00,14569923.088283535
2010-02-01 00:00:00+00:00,14569923.088283535
2010-02-02 00:00:00+00:00,14569923.088283535
2010-02-03 00:00:00+00:00,14569923.088283535
2010-02-04 00:00:00+00:00,14569923.088283535
2010-02-05 00:00:00+00:00,14569923.088283535
2010-02-06 00:00:00+00:00,14569923.088283535
2010-02-08 00:00:00+00:00,14569923.088283535
2010-02-09 00:00:00+00:00,14569923.088283535
2010-02-10 00:00:00+00:00,14569923.088283535
2010-02-11 00:00:00+00:00,14569923.088283535
2010-02-12 00:00:00+00:00,14569923.088283535
2010-02-15 00:00:00+00:00,14569923.088283535
2010-02-16 00:00:00+00:00,14569923.088283535
2010-02-17 00:00:00+00:00,14569923.088283535
2010-02-18 00:00:00+00:00,14569923.088283535
2010-02-19 00:00:00+00:00,14569923.088283535
2010-02-22 00:00:00+00:00,14569923.088283535
2010-02-23 00:00:00+00:00,14569923.088283535
2010-02-24 00:00:00+00:00,14569923.088283535
2010-02-25 00:00:00+00:00,14569923.088283535
2010-02-26 00:00:00+00:00,14569923.088283535
2010-03-01 00:00:00+00:00,14569923.088283535
2010-03-02 00:00:00+00:00,14569923.088283535
2010-03-03 00:00:00+00:00,14569923.088283535
2010-03-04 00:00:00+00:00,14569923.088283535
2010-03-05 00:00:00+00:00,14569923.088283535
2010-03-08 00:00:00+00:00,14569923.088283535
2010-03-09 00:00:00+00:00,14569923.088283535
2010-03-10 00:00:00+00:00,14569923.088283535
2010-03-11 00:00:00+00:00,14569923.088283535
2010-03-12 00:00:00+00:00,14569923.088283535
2010-03-15 00:00:00+00:00,14569923.088283535
2010-03-16 00:00:00+00:00,14569923.088283535
2010-03-17 00:00:00+00:00,14569923.088283535
2010-03-18 00:00:00+00:00,14569923.088283535
2010-03-19 00:00:00+00:00,14569923.088283535
2010-03-22 00:00:00+00:00,14569923.088283535
2010-03-23 00:00:00+00:00,14569923.088283535
2010-03-24 00:00:00+00:00,14569923.088283535
2010-03-25 00:00:00+00:00,14569923.088283535
2010-03-26 00:00:00+00:00,14569923.088283535
2010-03-29 00:00:00+00:00,14569923.088283535
2010-03-30 00:00:00+00:00,14569923.088283535
2010-03-31 00:00:00+00:00,14569923.088283535
2010-04-01 00:00:00+00:00,14569923.088283535
2010-04-05 00:00:00+00:00,14569923.088283535
2010-04-06 00:00:00+00:00,14569923.088283535
2010-04-07 00:00:00+00:00,14569923.088283535
2010-04-08 00:00:00+00:00,14569923.088283535
2010-04-09 00:00:00+00:00,14569923.088283535
2010-04-12 00:00:00+00:00,14569923.088283535
2010-04-13 00:00:00+00:00,14569923.088283535
2010-04-14 00:00:00+00:00,14569923.088283535
2010-04-15 00:00:00+00:00,14569923.088283535
2010-04-16 00:00:00+00:00,14569923.088283535
2010-04-19 00:00:00+00:00,14569923.088283535
2010-04-20 00:00:00+00:00,14569923.088283535
2010-04-21 00:00:00+00:00,14569923.088283535
2010-04-22 00:00:00+00:00,14569923.088283535
2010-04-23 00:00:00+00:00,14569923.088283535
2010-04-26 00:00:00+00:00,14569923.088283535
2010-04-27 00:00:00+00:00,14569923.088283535
2010-04-28 00:00:00+00:00,14569923.088283535
2010-04-29 00:00:00+00:00,14569923.088283535
2010-04-30 00:00:00+00:00,14569923.088283535
2010-05-03 00:00:00+00:00,14569923.088283535
2010-05-04 00:00:00+00:00,14569923.088283535
2010-05-05 00:00:00+00:00,14569923.088283535
2010-05-06 00:00:00+00:00,14569923.088283535
2010-05-07 00:00:00+00:00,14569923.088283535
2010-05-10 00:00:00+00:00,14569923.088283535
2010-05-11 00:00:00+00:00,14569923.088283535
2010-05-12 00:00:00+00:00,14569923.088283535
2010-05-13 00:00:00+00:00,14569923.088283535
2010-05-14 00:00:00+00:00,14569923.088283535
2010-05-17 00:00:00+00:00,14569923.088283535
2010-05-18 00:00:00+00:00,14569923.088283535
2010-05-19 00:00:00+00:00,14569923.088283535
2010-05-20 00:00:00+00:00,14569923.088283535
2010-05-21 00:00:00+00:00,14569923.088283535
2010-05-24 00:00:00+00:00,14569923.088283535
2010-05-25 00:00:00+00:00,14569923.088283535
2010-05-26 00:00:00+00:00,14569923.088283535
2010-05-27 00:00:00+00:00,14569923.088283535
2010-05-28 00:00:00+00:00,14569923.088283535
2010-05-31 00:00:00+00:00,14569923.088283535
2010-06-01 00:00:00+00:00,14569923.088283535
2010-06-02 00:00:00+00:00,14569923.088283535
2010-06-03 00:00:00+00:00,14569923.088283535
2010-06-04 00:00:00+00:00,14569923.088283535
2010-06-07 00:00:00+00:00,14569923.088283535
2010-06-08 00:00:00+00:00,14569923.088283535
2010-06-09 00:00:00+00:00,14569923.088283535
2010-06-10 00:00:00+00:00,14569923.088283535
2010-06-11 00:00:00+00:00,14569923.088283535
2010-06-14 00:00:00+00:00,14569923.088283535
2010-06-15 00:00:00+00:00,14569923.088283535
2010-06-16 00:00:00+00:00,14569923.088283535
2010-06-17 00:00:00+00:00,14569923.088283535
2010-06-18 00:00:00+00:00,14569923.088283535
2010-06-21 00:00:00+00:00,14569923.088283535
2010-06-22 00:00:00+00:00,14569923.088283535
2010-06-23 00:00:00+00:00,14569923.088283535
2010-06-24 00:00:00+00:00,14569923.088283535
2010-06-25 00:00:00+00:00,14569923.088283535
2010-06-28 00:00:00+00:00,14569923.088283535
2010-06-29 00:00:00+00:00,14569923.088283535
2010-06-30 00:00:00+00:00,14569923.088283535
2010-07-01 00:00:00+00:00,14569923.088283535
2010-07-02 00:00:00+00:00,14569923.088283535
2010-07-05 00:00:00+00:00,14569923.088283535
2010-07-06 00:00:00+00:00,14569923.088283535
2010-07-07 00:00:00+00:00,14569923.088283535
2010-07-08 00:00:00+00:00,14569923.088283535
2010-07-09 00:00:00+00:00,14569923.088283535
2010-07-12 00:00:00+00:00,14569923.088283535
2010-07-13 00:00:00+00:00,14569923.088283535
2010-07-14 00:00:00+00:00,14569923.088283535
2010-07-15 00:00:00+00:00,14569923.088283535
2010-07-16 00:00:00+00:00,14569923.088283535
2010-07-19 00:00:00+00:00,14569923.088283535
2010-07-20 00:00:00+00:00,14569923.088283535
2010-07-21 00:00:00+00:00,14569923.088283535
2010-07-22 00:00:00+00:00,14569923.088283535
2010-07-23 00:00:00+00:00,14569923.088283535
2010-07-26 00:00:00+00:00,14569923.088283535
2010-07-27 00:00:00+00:00,14569923.088283535
2010-07-28 00:00:00+00:00,14569923.088283535
2010-07-29 00:00:00+00:00,14569923.088283535
2010-07-30 00:00:00+00:00,14569923.088283535
2010-08-02 00:00:00+00:00,14569923.088283535
2010-08-03 00:00:00+00:00,14569923.088283535
2010-08-04 00:00:00+00:00,14569923.088283535
2010-08-05 00:00:00+00:00,14569923.088283535
2010-08-06 00:00:00+00:00,14569923.088283535
2010-08-09 00:00:00+00:00,14569923.088283535
2010-08-10 00:00:00+00:00,14569923.088283535
2010-08-11 00:00:00+00:00,14569923.088283535
2010-08-12 00:00:00+00:00,14569923.088283535
2010-08-13 00:00:00+00:00,14569923.088283535
2010-08-16 00:00:00+00:00,14569923.088283535
2010-08-17 00:00:00+00:00,14569923.088283535
2010-08-18 00:00:00+00:00,14569923.088283535
2010-08-19 00:00:00+00:00,14569923.088283535
2010-08-20 00:00:00+00:00,14569923.088283535
2010-08-23 00:00:00+00:00,14569923.088283535
2010-08-24 00:00:00+00:00,14569923.088283535
2010-08-25 00:00:00+00:00,14569923.088283535
2010-08-26 00:00:00+00:00,14569923.088283535
2010-08-27 00:00:00+00:00,14569923.088283535
2010-08-30 00:00:00+00:00,14569923.088283535
2010-08-31 00:00:00+00:00,14569923.088283535
2010-09-01 00:00:00+00:00,14569923.088283535
2010-09-02 00:00:00+00:00,14569923.088283535
2010-09-03 00:00:00+00:00,14569923.088283535
2010-09-06 00:00:00+00:00,14569923.088283535
2010-09-07 00:00:00+00:00,14569923.088283535
2010-09-08 00:00:00+00:00,14569923.088283535
2010-09-09 00:00:00+00:00,14569923.088283535
2010-09-10 00:00:00+00:00,14569923.088283535
2010-09-13 00:00:00+00:00,14569923.088283535
2010-09-14 00:00:00+00:00,14569923.088283535
2010-09-15 00:00:00+00:00,14569923.088283535
2010-09-16 00:00:00+00:00,14569923.088283535
2010-09-17 00:00:00+00:00,14569923.088283535
2010-09-20 00:00:00+00:00,14569923.088283535
2010-09-21 00:00:00+00:00,14569923.088283535
2010-09-22 00:00:00+00:00,14569923.088283535
2010-09-23 00:00:00+00:00,14569923.088283535
2010-09-24 00:00:00+00:00,14569923.088283535
2010-09-27 00:00:00+00:00,14569923.088283535
2010-09-28 00:00:00+00:00,14569923.088283535
2010-09-29 00:00:00+00:00,14569923.088283535
2010-09-30 00:00:00+00:00,14569923.088283535
2010-10-01 00:00:00+00:00,14569923.088283535
2010-10-04 00:00:00+00:00,14569923.088283535
2010-10-05 00:00:00+00:00,14569923.088283535
2010-10-06 00:00:00+00:00,14569923.088283535
2010-10-07 00:00:00+00:00,14569923.088283535
2010-10-08 00:00:00+00:00,14569923.088283535
2010-10-11 00:00:00+00:00,14569923.088283535
2010-10-12 00:00:00+00:00,14569923.088283535
2010-10-13 00:00:00+00:00,14569923.088283535
2010-10-14 00:00:00+00:00,14569923.088283535
2010-10-15 00:00:00+00:00,14569923.088283535
2010-10-18 00:00:00+00:00,14569923.088283535
2010-10-19 00:00:00+00:00,14569923.088283535
2010-10-20 00:00:00+00:00,14569923.088283535
2010-10-21 00:00:00+00:00,14569923.088283535
2010-10-22 00:00:00+00:00,14569923.088283535
2010-10-25 00:00:00+00:00,14569923.088283535
2010-10-26 00:00:00+00:00,14569923.088283535
2010-10-27 00:00:00+00:00,14569923.088283535
2010-10-28 00:00:00+00:00,14569923.088283535
2010-10-29 00:00:00+00:00,14569923.088283535
2010-11-01 00:00:00+00:00,14569923.088283535
2010-11-02 00:00:00+00:00,14569923.088283535
2010-11-03 00:00:00+00:00,14569923.088283535
2010-11-04 00:00:00+00:00,14569923.088283535
2010-11-05 00:00:00+00:00,14569923.088283535
2010-11-08 00:00:00+00:00,14569923.088283535
2010-11-09 00:00:00+00:00,14569923.088283535
2010-11-10 00:00:00+00:00,14569923.088283535
2010-11-11 00:00:00+00:00,14569923.088283535
2010-11-12 00:00:00+00:00,14569923.088283535
2010-11-15 00:00:00+00:00,14569923.088283535
2010-11-16 00:00:00+00:00,14569923.088283535
2010-11-17 00:00:00+00:00,14569923.088283535
2010-11-18 00:00:00+00:00,14569923.088283535
2010-11-19 00:00:00+00:00,14569923.088283535
2010-11-22 00:00:00+00:00,14569923.088283535
2010-11-23 00:00:00+00:00,14569923.088283535
2010-11-24 00:00:00+00:00,14569923.088283535
2010-11-25 00:00:00+00:00,14569923.088283535
2010-11-26 00:00:00+00:00,14569923.088283535
2010-11-29 00:00:00+00:00,14569923.088283535
2010-11-30 00:00:00+00:00,14569923.088283535
2010-12-01 00:00:00+00:00,14569923.088283535
2010-12-02 00:00:00+00:00,14569923.088283535
2010-12-03 00:00:00+00:00,14569923.088283535
2010-12-06 00:00:00+00:00,14569923.088283535
2010-12-07 00:00:00+00:00,14569923.088283535
2010-12-08 00:00:00+00:00,14569923.088283535
2010-12-09 00:00:00+00:00,14569923.088283535
2010-12-10 00:00:00+00:00,14569923.088283535
2010-12-13 00:00:00+00:00,14569923.088283535
2010-12-14 00:00:00+00:00,14569923.088283535
2010-12-15 00:00:00+00:00,14569923.088283535
2010-12-16 00:00:00+00:00,14569923.088283535
2010-12-17 00:00:00+00:00,14569923.088283535
2010-12-20 00:00:00+00:00,14569923.088283535
2010-12-21 00:00:00+00:00,14569923.088283535
2010-12-22 00:00:00+00:00,14569923.088283535
2010-12-23 00:00:00+00:00,14569923.088283535
2010-12-24 00:00:00+00:00,14569923.088283535
2010-12-27 00:00:00+00:00,14569923.088283535
2010-12-28 00:00:00+00:00,14569923.088283535
2010-12-29 00:00:00+00:00,14569923.088283535
2010-12-30 00:00:00+00:00,14569923.088283535
2010-12-31 00:00:00+00:00,14569923.088283535
2011-01-03 00:00:00+00:00,14569923.088283535
2011-01-04 00:00:00+00:00,14569923.088283535
2011-01-05 00:00:00+00:00,14569923.088283535
2011-01-06 00:00:00+00:00,14569923.088283535
2011-01-07 00:00:00+00:00,14569923.088283535
2011-01-10 00:00:00+00:00,14569923.088283535
2011-01-11 00:00:00+00:00,14569923.088283535
2011-01-12 00:00:00+00:00,14569923.088283535
2011-01-13 00:00:00+00:00,14569923.088283535
2011-01-14 00:00:00+00:00,14569923.088283535
2011-01-17 00:00:00+00:00,14569923.088283535
2011-01-18 00:00:00+00:00,14569923.088283535
2011-01-19 00:00:00+00:00,14569923.088283535
2011-01-20 00:00:00+00:00,14569923.088283535
2011-01-21 00:00:00+00:00,14569923.088283535
2011-01-24 00:00:00+00:00,14569923.088283535
2011-01-25 00:00:00+00:00,14569923.088283535
2011-01-26 00:00:00+00:00,14569923.088283535
2011-01-27 00:00:00+00:00,14569923.088283535
2011-01-28 00:00:00+00:00,14569923.088283535
2011-01-31 00:00:00+00:00,14569923.088283535
2011-02-01 00:00:00+00:00,14569923.088283535
2011-02-02 00:00:00+00:00,14569923.088283535
2011-02-03 00:00:00+00:00,14569923.088283535
2011-02-04 00:00:00+00:00,14569923.088283535
2011-02-07 00:00:00+00:00,14569923.088283535
2011-02-08 00:00:00+00:00,14569923.088283535
2011-02-09 00:00:00+00:00,14569923.088283535
2011-02-10 00:00:00+00:00,14569923.088283535
2011-02-11 00:00:00+00:00,14569923.088283535
2011-02-14 00:00:00+00:00,14569923.088283535
2011-02-15 00:00:00+00:00,14569923.088283535
2011-02-16 00:00:00+00:00,14569923.088283535
2011-02-17 00:00:00+00:00,14569923.088283535
2011-02-18 00:00:00+00:00,14569923.088283535
2011-02-21 00:00:00+00:00,14569923.088283535
2011-02-22 00:00:00+00:00,14569923.088283535
2011-02-23 00:00:00+00:00,14569923.088283535
2011-02-24 00:00:00+00:00,14569923.088283535
2011-02-25 00:00:00+00:00,14569923.088283535
2011-02-28 00:00:00+00:00,14569923.088283535
2011-03-01 00:00:00+00:00,14569923.088283535
2011-03-02 00:00:00+00:00,14569923.088283535
2011-03-03 00:00:00+00:00,14569923.088283535
2011-03-04 00:00:00+00:00,14569923.088283535
2011-03-07 00:00:00+00:00,14569923.088283535
2011-03-08 00:00:00+00:00,14569923.088283535
2011-03-09 00:00:00+00:00,14569923.088283535
2011-03-10 00:00:00+00:00,14569923.088283535
2011-03-11 00:00:00+00:00,14569923.088283535
2011-03-14 00:00:00+00:00,14569923.088283535
2011-03-15 00:00:00+00:00,14569923.088283535
2011-03-16 00:00:00+00:00,14569923.088283535
2011-03-17 00:00:00+00:00,14569923.088283535
2011-03-18 00:00:00+00:00,14569923.088283535
2011-03-21 00:00:00+00:00,14569923.088283535
2011-03-22 00:00:00+00:00,14569923.088283535
2011-03-23 00:00:00+00:00,14569923.088283535
2011-03-24 00:00:00+00:00,14569923.088283535
2011-03-25 00:00:00+00:00,14569923.088283535
2011-03-28 00:00:00+00:00,14569923.088283535
2011-03-29 00:00:00+00:00,14569923.088283535
2011-03-30 00:00:00+00:00,14569923.088283535
2011-03-31 00:00:00+00:00,14569923.088283535
2011-04-01 00:00:00+00:00,14569923.088283535
2011-04-04 00:00:00+00:00,14569923.088283535
2011-04-05 00:00:00+00:00,14569923.088283535
2011-04-06 00:00:00+00:00,14569923.088283535
2011-04-07 00:00:00+00:00,14569923.088283535
2011-04-08 00:00:00+00:00,14569923.088283535
2011-04-11 00:00:00+00:00,14569923.088283535
2011-04-12 00:00:00+00:00,14569923.088283535
2011-04-13 00:00:00+00:00,14569923.088283535
2011-04-14 00:00:00+00:00,14569923.088283535
2011-04-15 00:00:00+00:00,14569923.088283535
2011-04-18 00:00:00+00:00,14569923.088283535
2011-04-19 00:00:00+00:00,14569923.088283535
2011-04-20 00:00:00+00:00,14569923.088283535
2011-04-21 00:00:00+00:00,14569923.088283535
2011-04-25 00:00:00+00:00,14569923.088283535
2011-04-26 00:00:00+00:00,14569923.088283535
2011-04-27 00:00:00+00:00,14569923.088283535
2011-04-28 00:00:00+00:00,14569923.088283535
2011-04-29 00:00:00+00:00,14569923.088283535
2011-05-02 00:00:00+00:00,14569923.088283535
2011-05-03 00:00:00+00:00,14569923.088283535
2011-05-04 00:00:00+00:00,14569923.088283535
2011-05-05 00:00:00+00:00,14569923.088283535
2011-05-06 00:00:00+00:00,14569923.088283535
2011-05-09 00:00:00+00:00,14569923.088283535
2011-05-10 00:00:00+00:00,14569923.088283535
2011-05-11 00:00:00+00:00,14569923.088283535
2011-05-12 00:00:00+00:00,14569923.088283535
2011-05-13 00:00:00+00:00,14569923.088283535
2011-05-16 00:00:00+00:00,14569923.088283535
2011-05-17 00:00:00+00:00,14569923.088283535
2011-05-18 00:00:00+00:00,14569923.088283535
2011-05-19 00:00:00+00:00,14569923.088283535
2011-05-20 00:00:00+00:00,14569923.088283535
2011-05-23 00:00:00+00:00,14569923.088283535
2011-05-24 00:00:00+00:00,14569923.088283535
2011-05-25 00:00:00+00:00,14569923.088283535
2011-05-26 00:00:00+00:00,14569923.088283535
2011-05-27 00:00:00+00:00,14569923.088283535
2011-05-30 00:00:00+00:00,14569923.088283535
2011-05-31 00:00:00+00:00,14569923.088283535
2011-06-01 00:00:00+00:00,14569923.088283535
2011-06-02 00:00:00+00:00,14569923.088283535
2011-06-03 00:00:00+00:00,14569923.088283535
2011-06-06 00:00:00+00:00,14569923.088283535
2011-06-07 00:00:00+00:00,14569923.088283535
2011-06-08 00:00:00+00:00,14569923.088283535
2011-06-09 00:00:00+00:00,14569923.088283535
2011-06-10 00:00:00+00:00,14569923.088283535
2011-06-13 00:00:00+00:00,14569923.088283535
2011-06-14 00:00:00+00:00,14569923.088283535
2011-06-15 00:00:00+00:00,14569923.088283535
2011-06-16 00:00:00+00:00,14569923.088283535
2011-06-17 00:00:00+00:00,14569923.088283535
2011-06-20 00:00:00+00:00,14569923.088283535
2011-06-21 00:00:00+00:00,14569923.088283535
2011-06-22 00:00:00+00:00,14569923.088283535
2011-06-23 00:00:00+00:00,14569923.088283535
2011-06-24 00:00:00+00:00,14569923.088283535
2011-06-27 00:00:00+00:00,14569923.088283535
2011-06-28 00:00:00+00:00,14569923.088283535
2011-06-29 00:00:00+00:00,14569923.088283535
2011-06-30 00:00:00+00:00,14569923.088283535
2011-07-01 00:00:00+00:00,14569923.088283535
2011-07-04 00:00:00+00:00,14569923.088283535
2011-07-05 00:00:00+00:00,14569923.088283535
2011-07-06 00:00:00+00:00,14569923.088283535
2011-07-07 00:00:00+00:00,14569923.088283535
2011-07-08 00:00:00+00:00,14569923.088283535
2011-07-11 00:00:00+00:00,14569923.088283535
2011-07-12 00:00:00+00:00,14569923.088283535
2011-07-13 00:00:00+00:00,14569923.088283535
2011-07-14 00:00:00+00:00,14569923.088283535
2011-07-15 00:00:00+00:00,14569923.088283535
2011-07-18 00:00:00+00:00,14569923.088283535
2011-07-19 00:00:00+00:00,14569923.088283535
2011-07-20 00:00:00+00:00,14569923.088283535
2011-07-21 00:00:00+00:00,14569923.088283535
2011-07-22 00:00:00+00:00,14569923.088283535
2011-07-25 00:00:00+00:00,14569923.088283535
2011-07-26 00:00:00+00:00,14569923.088283535
2011-07-27 00:00:00+00:00,14569923.088283535
2011-07-28 00:00:00+00:00,14569923.088283535
2011-07-29 00:00:00+00:00,14569923.088283535
2011-08-01 00:00:00+00:00,14569923.088283535
2011-08-02 00:00:00+00:00,14569923.088283535
2011-08-03 00:00:00+00:00,14569923.088283535
2011-08-04 00:00:00+00:00,14569923.088283535
2011-08-05 00:00:00+00:00,14569923.088283535
2011-08-08 00:00:00+00:00,14569923.088283535
2011-08-09 00:00:00+00:00,14569923.088283535
2011-08-10 00:00:00+00:00,14569923.088283535
2011-08-11 00:00:00+00:00,14569923.088283535
2011-08-12 00:00:00+00:00,14569923.088283535
2011-08-15 00:00:00+00:00,14569923.088283535
2011-08-16 00:00:00+00:00,14569923.088283535
2011-08-17 00:00:00+00:00,14569923.088283535
2011-08-18 00:00:00+00:00,14569923.088283535
2011-08-19 00:00:00+00:00,14569923.088283535
2011-08-22 00:00:00+00:00,14569923.088283535
2011-08-23 00:00:00+00:00,14569923.088283535
2011-08-24 00:00:00+00:00,14569923.088283535
2011-08-25 00:00:00+00:00,14569923.088283535
2011-08-26 00:00:00+00:00,14569923.088283535
2011-08-29 00:00:00+00:00,14569923.088283535
2011-08-30 00:00:00+00:00,14569923.088283535
2011-08-31 00:00:00+00:00,14569923.088283535
2011-09-01 00:00:00+00:00,14569923.088283535
2011-09-02 00:00:00+00:00,14569923.088283535
2011-09-05 00:00:00+00:00,14569923.088283535
2011-09-06 00:00:00+00:00,14569923.088283535
2011-09-07 00:00:00+00:00,14569923.088283535
2011-09-08 00:00:00+00:00,14569923.088283535
2011-09-09 00:00:00+00:00,14569923.088283535
2011-09-12 00:00:00+00:00,14569923.088283535
2011-09-13 00:00:00+00:00,14569923.088283535
2011-09-14 00:00:00+00:00,14569923.088283535
2011-09-15 00:00:00+00:00,14569923.088283535
2011-09-16 00:00:00+00:00,14569923.088283535
2011-09-19 00:00:00+00:00,14569923.088283535
2011-09-20 00:00:00+00:00,14569923.088283535
2011-09-21 00:00:00+00:00,14569923.088283535
2011-09-22 00:00:00+00:00,14569923.088283535
2011-09-23 00:00:00+00:00,14569923.088283535
2011-09-26 00:00:00+00:00,14569923.088283535
2011-09-27 00:00:00+00:00,14569923.088283535
2011-09-28 00:00:00+00:00,14569923.088283535
2011-09-29 00:00:00+00:00,14569923.088283535
2011-09-30 00:00:00+00:00,14569923.088283535
2011-10-03 00:00:00+00:00,14569923.088283535
2011-10-04 00:00:00+00:00,14569923.088283535
2011-10-05 00:00:00+00:00,14569923.088283535
2011-10-06 00:00:00+00:00,14569923.088283535
2011-10-07 00:00:00+00:00,14569923.088283535
2011-10-10 00:00:00+00:00,14569923.088283535
2011-10-11 00:00:00+00:00,14569923.088283535
2011-10-12 00:00:00+00:00,14569923.088283535
2011-10-13 00:00:00+00:00,14569923.088283535
2011-10-14 00:00:00+00:00,14569923.088283535
2011-10-17 00:00:00+00:00,14569923.088283535
2011-10-18 00:00:00+00:00,14569923.088283535
2011-10-19 00:00:00+00:00,14569923.088283535
2011-10-20 00:00:00+00:00,14569923.088283535
2011-10-21 00:00:00+00:00,14569923.088283535
2011-10-24 00:00:00+00:00,14569923.088283535
2011-10-25 00:00:00+00:00,14569923.088283535
2011-10-26 00:00:00+00:00,14569923.088283535
2011-10-27 00:00:00+00:00,14569923.088283535
2011-10-28 00:00:00+00:00,14569923.088283535
2011-10-31 00:00:00+00:00,14569923.088283535
2011-11-01 00:00:00+00:00,14569923.088283535
2011-11-02 00:00:00+00:00,14569923.088283535
2011-11-03 00:00:00+00:00,14569923.088283535
2011-11-04 00:00:00+00:00,14569923.088283535
2011-11-07 00:00:00+00:00,14569923.088283535
2011-11-08 00:00:00+00:00,14569923.088283535
2011-11-09 00:00:00+00:00,14569923.088283535
2011-11-10 00:00:00+00:00,14569923.088283535
2011-11-11 00:00:00+00:00,14569923.088283535
2011-11-14 00:00:00+00:00,14569923.088283535
2011-11-15 00:00:00+00:00,14569923.088283535
2011-11-16 00:00:00+00:00,14569923.088283535
2011-11-17 00:00:00+00:00,14569923.088283535
2011-11-18 00:00:00+00:00,14569923.088283535
2011-11-21 00:00:00+00:00,14569923.088283535
2011-11-22 00:00:00+00:00,14569923.088283535
2011-11-23 00:00:00+00:00,14569923.088283535
2011-11-24 00:00:00+00:00,14569923.088283535
2011-11-25 00:00:00+00:00,14569923.088283535
2011-11-28 00:00:00+00:00,14569923.088283535
2011-11-29 00:00:00+00:00,14569923.088283535
2011-11-30 00:00:00+00:00,14569923.088283535
2011-12-01 00:00:00+00:00,14569923.088283535
2011-12-02 00:00:00+00:00,14569923.088283535
2011-12-05 00:00:00+00:00,14569923.088283535
2011-12-06 00:00:00+00:00,14569923.088283535
2011-12-07 00:00:00+00:00,14569923.088283535
2011-12-08 00:00:00+00:00,14569923.088283535
2011-12-09 00:00:00+00:00,14569923.088283535
2011-12-12 00:00:00+00:00,14569923.088283535
2011-12-13 00:00:00+00:00,14569923.088283535
2011-12-14 00:00:00+00:00,14569923.088283535
2011-12-15 00:00:00+00:00,14569923.088283535
2011-12-16 00:00:00+00:00,14569923.088283535
2011-12-19 00:00:00+00:00,14569923.088283535
2011-12-20 00:00:00+00:00,14569923.088283535
2011-12-21 00:00:00+00:00,14569923.088283535
2011-12-22 00:00:00+00:00,14569923.088283535
2011-12-23 00:00:00+00:00,14569923.088283535
2011-12-26 00:00:00+00:00,14569923.088283535
2011-12-27 00:00:00+00:00,14569923.088283535
2011-12-28 00:00:00+00:00,14569923.088283535
2011-12-29 00:00:00+00:00,14569923.088283535
2011-12-30 00:00:00+00:00,14569923.088283535
2012-01-02 00:00:00+00:00,14569923.088283535
2012-01-03 00:00:00+00:00,14569923.088283535
2012-01-04 00:00:00+00:00,14569923.088283535
2012-01-05 00:00:00+00:00,14569923.088283535
2012-01-06 00:00:00+00:00,14569923.088283535
2012-01-09 00:00:00+00:00,14569923.088283535
2012-01-10 00:00:00+00:00,14569923.088283535
2012-01-11 00:00:00+00:00,14569923.088283535
2012-01-12 00:00:00+00:00,14569923.088283535
2012-01-13 00:00:00+00:00,14569923.088283535
2012-01-16 00:00:00+00:00,14569923.088283535
2012-01-17 00:00:00+00:00,14569923.088283535
2012-01-18 00:00:00+00:00,14569923.088283535
2012-01-19 00:00:00+00:00,14569923.088283535
2012-01-20 00:00:00+00:00,14569923.088283535
2012-01-23 00:00:00+00:00,14569923.088283535
2012-01-24 00:00:00+00:00,14569923.088283535
2012-01-25 00:00:00+00:00,14569923.088283535
2012-01-26 00:00:00+00:00,14569923.088283535
2012-01-27 00:00:00+00:00,14569923.088283535
2012-01-30 00:00:00+00:00,14569923.088283535
2012-01-31 00:00:00+00:00,14569923.088283535
2012-02-01 00:00:00+00:00,14569923.088283535
2012-02-02 00:00:00+00:00,14569923.088283535
2012-02-03 00:00:00+00:00,14569923.088283535
2012-02-06 00:00:00+00:00,14569923.088283535
2012-02-07 00:00:00+00:00,14569923.088283535
2012-02-08 00:00:00+00:00,14569923.088283535
2012-02-09 00:00:00+00:00,14569923.088283535
2012-02-10 00:00:00+00:00,14569923.088283535
2012-02-13 00:00:00+00:00,14569923.088283535
2012-02-14 00:00:00+00:00,14569923.088283535
2012-02-15 00:00:00+00:00,14569923.088283535
2012-02-16 00:00:00+00:00,14569923.088283535
2012-02-17 00:00:00+00:00,14569923.088283535
2012-02-21 00:00:00+00:00,14569923.088283535
2012-02-22 00:00:00+00:00,14569923.088283535
2012-02-23 00:00:00+00:00,14569923.088283535
2012-02-24 00:00:00+00:00,14569923.088283535
2012-02-27 00:00:00+00:00,14569923.088283535
2012-02-28 00:00:00+00:00,14569923.088283535
2012-02-29 00:00:00+00:00,14569923.088283535
2012-03-01 00:00:00+00:00,14569923.088283535
2012-03-02 00:00:00+00:00,14569923.088283535
2012-03-05 00:00:00+00:00,14569923.088283535
2012-03-06 00:00:00+00:00,14569923.088283535
2012-03-07 00:00:00+00:00,14569923.088283535
2012-03-08 00:00:00+00:00,14569923.088283535
2012-03-09 00:00:00+00:00,14569923.088283535
2012-03-12 00:00:00+00:00,14569923.088283535
2012-03-13 00:00:00+00:00,14569923.088283535
2012-03-14 00:00:00+00:00,14569923.088283535
2012-03-15 00:00:00+00:00,14569923.088283535
2012-03-16 00:00:00+00:00,14569923.088283535
2012-03-19 00:00:00+00:00,14569923.088283535
2012-03-20 00:00:00+00:00,14569923.088283535
2012-03-21 00:00:00+00:00,14569923.088283535
2012-03-22 00:00:00+00:00,14569923.088283535
2012-03-23 00:00:00+00:00,14569923.088283535
2012-03-26 00:00:00+00:00,14569923.088283535
2012-03-27 00:00:00+00:00,14569923.088283535
2012-03-28 00:00:00+00:00,14569923.088283535
2012-03-29 00:00:00+00:00,14569923.088283535
2012-03-30 00:00:00+00:00,14569923.088283535
2012-04-02 00:00:00+00:00,14569923.088283535
2012-04-03 00:00:00+00:00,14569923.088283535
2012-04-04 00:00:00+00:00,14569923.088283535
2012-04-05 00:00:00+00:00,14569923.088283535
2012-04-09 00:00:00+00:00,14569923.088283535
2012-04-10 00:00:00+00:00,14569923.088283535
2012-04-11 00:00:00+00:00,14569923.088283535
2012-04-12 00:00:00+00:00,14569923.088283535
2012-04-13 00:00:00+00:00,14569923.088283535
2012-04-16 00:00:00+00:00,14569923.088283535
2012-04-17 00:00:00+00:00,14569923.088283535
2012-04-18 00:00:00+00:00,14569923.088283535
2012-04-19 00:00:00+00:00,14569923.088283535
2012-04-20 00:00:00+00:00,14569923.088283535
2012-04-23 00:00:00+00:00,14569923.088283535
2012-04-24 00:00:00+00:00,14569923.088283535
2012-04-25 00:00:00+00:00,14569923.088283535
2012-04-26 00:00:00+00:00,14569923.088283535
2012-04-27 00:00:00+00:00,14569923.088283535
2012-04-30 00:00:00+00:00,14569923.088283535
2012-05-01 00:00:00+00:00,14569923.088283535
2012-05-02 00:00:00+00:00,14569923.088283535
2012-05-03 00:00:00+00:00,14569923.088283535
2012-05-04 00:00:00+00:00,14569923.088283535
2012-05-07 00:00:00+00:00,14569923.088283535
2012-05-08 00:00:00+00:00,14569923.088283535
2012-05-09 00:00:00+00:00,14569923.088283535
2012-05-10 00:00:00+00:00,14569923.088283535
2012-05-11 00:00:00+00:00,14569923.088283535
2012-05-14 00:00:00+00:00,14569923.088283535
2012-05-15 00:00:00+00:00,14569923.088283535
2012-05-16 00:00:00+00:00,14569923.088283535
2012-05-17 00:00:00+00:00,14569923.088283535
2012-05-18 00:00:00+00:00,14569923.088283535
2012-05-21 00:00:00+00:00,14569923.088283535
2012-05-22 00:00:00+00:00,14569923.088283535
2012-05-23 00:00:00+00:00,14569923.088283535
2012-05-24 00:00:00+00:00,14569923.088283535
2012-05-25 00:00:00+00:00,14569923.088283535
2012-05-28 00:00:00+00:00,14569923.088283535
2012-05-29 00:00:00+00:00,14569923.088283535
2012-05-30 00:00:00+00:00,14569923.088283535
2012-05-31 00:00:00+00:00,14569923.088283535
2012-06-01 00:00:00+00:00,14569923.088283535
2012-06-04 00:00:00+00:00,14569923.088283535
2012-06-05 00:00:00+00:00,14569923.088283535
2012-06-06 00:00:00+00:00,14569923.088283535
2012-06-07 00:00:00+00:00,14569923.088283535
2012-06-08 00:00:00+00:00,14569923.088283535
2012-06-11 00:00:00+00:00,14569923.088283535
2012-06-12 00:00:00+00:00,14569923.088283535
2012-06-13 00:00:00+00:00,14569923.088283535
2012-06-14 00:00:00+00:00,14569923.088283535
2012-06-15 00:00:00+00:00,14569923.088283535
2012-06-18 00:00:00+00:00,14569923.088283535
2012-06-19 00:00:00+00:00,14569923.088283535
2012-06-20 00:00:00+00:00,14569923.088283535
2012-06-21 00:00:00+00:00,14569923.088283535
2012-06-22 00:00:00+00:00,14569923.088283535
2012-06-25 00:00:00+00:00,14569923.088283535
2012-06-26 00:00:00+00:00,14569923.088283535
2012-06-27 00:00:00+00:00,14569923.088283535
2012-06-28 00:00:00+00:00,14569923.088283535
2012-06-29 00:00:00+00:00,14569923.088283535
2012-07-02 00:00:00+00:00,14569923.088283535
2012-07-03 00:00:00+00:00,14569923.088283535
2012-07-04 00:00:00+00:00,14569923.088283535
2012-07-05 00:00:00+00:00,14569923.088283535
2012-07-06 00:00:00+00:00,14569923.088283535
2012-07-09 00:00:00+00:00,14569923.088283535
2012-07-10 00:00:00+00:00,14569923.088283535
2012-07-11 00:00:00+00:00,14569923.088283535
2012-07-12 00:00:00+00:00,14569923.088283535
2012-07-13 00:00:00+00:00,14569923.088283535
2012-07-16 00:00:00+00:00,14569923.088283535
2012-07-17 00:00:00+00:00,14569923.088283535
2012-07-18 00:00:00+00:00,14569923.088283535
2012-07-19 00:00:00+00:00,14569923.088283535
2012-07-20 00:00:00+00:00,14569923.088283535
2012-07-23 00:00:00+00:00,14569923.088283535
2012-07-24 00:00:00+00:00,14569923.088283535
2012-07-25 00:00:00+00:00,14569923.088283535
2012-07-26 00:00:00+00:00,14569923.088283535
2012-07-27 00:00:00+00:00,14569923.088283535
2012-07-30 00:00:00+00:00,14569923.088283535
2012-07-31 00:00:00+00:00,14569923.088283535
2012-08-01 00:00:00+00:00,14569923.088283535
2012-08-02 00:00:00+00:00,14569923.088283535
2012-08-03 00:00:00+00:00,14569923.088283535
2012-08-06 00:00:00+00:00,14569923.088283535
2012-08-07 00:00:00+00:00,14569923.088283535
2012-08-08 00:00:00+00:00,14569923.088283535
2012-08-09 00:00:00+00:00,14569923.088283535
2012-08-10 00:00:00+00:00,14569923.088283535
2012-08-13 00:00:00+00:00,14569923.088283535
2012-08-14 00:00:00+00:00,14569923.088283535
2012-08-15 00:00:00+00:00,14569923.088283535
2012-08-16 00:00:00+00:00,14569923.088283535
2012-08-17 00:00:00+00:00,14569923.088283535
2012-08-20 00:00:00+00:00,14569923.088283535
2012-08-21 00:00:00+00:00,14569923.088283535
2012-08-22 00:00:00+00:00,14569923.088283535
2012-08-23 00:00:00+00:00,14569923.088283535
2012-08-24 00:00:00+00:00,14569923.088283535
2012-08-27 00:00:00+00:00,14569923.088283535
2012-08-28 00:00:00+00:00,14569923.088283535
2012-08-29 00:00:00+00:00,14569923.088283535
2012-08-30 00:00:00+00:00,14569923.088283535
2012-08-31 00:00:00+00:00,14569923.088283535
2012-09-03 00:00:00+00:00,14569923.088283535
2012-09-04 00:00:00+00:00,14569923.088283535
2012-09-05 00:00:00+00:00,14569923.088283535
2012-09-06 00:00:00+00:00,14569923.088283535
2012-09-07 00:00:00+00:00,14569923.088283535
2012-09-10 00:00:00+00:00,14569923.088283535
2012-09-11 00:00:00+00:00,14569923.088283535
2012-09-12 00:00:00+00:00,14569923.088283535
2012-09-13 00:00:00+00:00,14569923.088283535
2012-09-14 00:00:00+00:00,14569923.088283535
2012-09-17 00:00:00+00:00,14569923.088283535
2012-09-18 00:00:00+00:00,14569923.088283535
2012-09-19 00:00:00+00:00,14569923.088283535
2012-09-20 00:00:00+00:00,14569923.088283535
2012-09-21 00:00:00+00:00,14569923.088283535
2012-09-24 00:00:00+00:00,14569923.088283535
2012-09-25 00:00:00+00:00,14569923.088283535
2012-09-26 00:00:00+00:00,14569923.088283535
2012-09-27 00:00:00+00:00,14569923.088283535
2012-09-28 00:00:00+00:00,14569923.088283535
2012-10-01 00:00:00+00:00,14569923.088283535
2012-10-02 00:00:00+00:00,14569923.088283535
2012-10-03 00:00:00+00:00,14569923.088283535
2012-10-04 00:00:00+00:00,14569923.088283535
2012-10-05 00:00:00+00:00,14569923.088283535
2012-10-08 00:00:00+00:00,14569923.088283535
2012-10-09 00:00:00+00:00,14569923.088283535
2012-10-10 00:00:00+00:00,14569923.088283535
2012-10-11 00:00:00+00:00,14569923.088283535
2012-10-12 00:00:00+00:00,14569923.088283535
2012-10-15 00:00:00+00:00,14569923.088283535
2012-10-16 00:00:00+00:00,14569923.088283535
2012-10-17 00:00:00+00:00,14569923.088283535
2012-10-18 00:00:00+00:00,14569923.088283535
2012-10-19 00:00:00+00:00,14569923.088283535
2012-10-22 00:00:00+00:00,14569923.088283535
2012-10-23 00:00:00+00:00,14569923.088283535
2012-10-24 00:00:00+00:00,14569923.088283535
2012-10-25 00:00:00+00:00,14569923.088283535
2012-10-26 00:00:00+00:00,14569923.088283535
2012-10-29 00:00:00+00:00,14569923.088283535
2012-10-30 00:00:00+00:00,14569923.088283535
2012-10-31 00:00:00+00:00,14569923.088283535
2012-11-01 00:00:00+00:00,14569923.088283535
2012-11-02 00:00:00+00:00,14569923.088283535
2012-11-05 00:00:00+00:00,14569923.088283535
2012-11-06 00:00:00+00:00,14569923.088283535
2012-11-07 00:00:00+00:00,14569923.088283535
2012-11-08 00:00:00+00:00,14569923.088283535
2012-11-09 00:00:00+00:00,14569923.088283535
2012-11-12 00:00:00+00:00,14569923.088283535
2012-11-13 00:00:00+00:00,14569923.088283535
2012-11-14 00:00:00+00:00,14569923.088283535
2012-11-15 00:00:00+00:00,14569923.088283535
2012-11-16 00:00:00+00:00,14569923.088283535
2012-11-19 00:00:00+00:00,14569923.088283535
2012-11-20 00:00:00+00:00,14569923.088283535
2012-11-21 00:00:00+00:00,14569923.088283535
2012-11-22 00:00:00+00:00,14569923.088283535
2012-11-23 00:00:00+00:00,14569923.088283535
2012-11-26 00:00:00+00:00,14569923.088283535
2012-11-27 00:00:00+00:00,14569923.088283535
2012-11-28 00:00:00+00:00,14569923.088283535
2012-11-29 00:00:00+00:00,14569923.088283535
2012-11-30 00:00:00+00:00,14569923.088283535
2012-12-03 00:00:00+00:00,14569923.088283535
2012-12-04 00:00:00+00:00,14569923.088283535
2012-12-05 00:00:00+00:00,14569923.088283535
2012-12-06 00:00:00+00:00,14569923.088283535
2012-12-07 00:00:00+00:00,14569923.088283535
2012-12-10 00:00:00+00:00,14569923.088283535
2012-12-11 00:00:00+00:00,14569923.088283535
2012-12-12 00:00:00+00:00,14569923.088283535
2012-12-13 00:00:00+00:00,14569923.088283535
2012-12-14 00:00:00+00:00,14569923.088283535
2012-12-17 00:00:00+00:00,14569923.088283535
2012-12-18 00:00:00+00:00,14569923.088283535
2012-12-19 00:00:00+00:00,14569923.088283535
2012-12-20 00:00:00+00:00,14569923.088283535
2012-12-21 00:00:00+00:00,14569923.088283535
2012-12-24 00:00:00+00:00,14569923.088283535
2012-12-26 00:00:00+00:00,14569923.088283535
2012-12-27 00:00:00+00:00,14569923.088283535
2012-12-28 00:00:00+00:00,14569923.088283535
2012-12-31 00:00:00+00:00,14569923.088283535
2013-01-01 00:00:00+00:00,14569923.088283535
2013-01-02 00:00:00+00:00,14569923.088283535
2013-01-03 00:00:00+00:00,14569923.088283535
2013-01-04 00:00:00+00:00,14569923.088283535
2013-01-07 00:00:00+00:00,14569923.088283535
2013-01-08 00:00:00+00:00,14569923.088283535
2013-01-09 00:00:00+00:00,14569923.088283535
2013-01-10 00:00:00+00:00,14569923.088283535
2013-01-11 00:00:00+00:00,14569923.088283535
2013-01-14 00:00:00+00:00,14569923.088283535
2013-01-15 00:00:00+00:00,14569923.088283535
2013-01-16 00:00:00+00:00,14569923.088283535
2013-01-17 00:00:00+00:00,14569923.088283535
2013-01-18 00:00:00+00:00,14569923.088283535
2013-01-21 00:00:00+00:00,14569923.088283535
2013-01-22 00:00:00+00:00,14569923.088283535
2013-01-23 00:00:00+00:00,14569923.088283535
2013-01-24 00:00:00+00:00,14569923.088283535
2013-01-25 00:00:00+00:00,14569923.088283535
2013-01-28 00:00:00+00:00,14569923.088283535
2013-01-29 00:00:00+00:00,14569923.088283535
2013-01-30 00:00:00+00:00,14569923.088283535
2013-01-31 00:00:00+00:00,14569923.088283535
2013-02-01 00:00:00+00:00,14569923.088283535
2013-02-04 00:00:00+00:00,14569923.088283535
2013-02-05 00:00:00+00:00,14569923.088283535
2013-02-06 00:00:00+00:00,14569923.088283535
2013-02-07 00:00:00+00:00,14569923.088283535
2013-02-08 00:00:00+00:00,14569923.088283535
2013-02-11 00:00:00+00:00,14569923.088283535
2013-02-12 00:00:00+00:00,14569923.088283535
2013-02-13 00:00:00+00:00,14569923.088283535
2013-02-14 00:00:00+00:00,14569923.088283535
2013-02-15 00:00:00+00:00,14569923.088283535
2013-02-18 00:00:00+00:00,14569923.088283535
2013-02-19 00:00:00+00:00,14569923.088283535
2013-02-20 00:00:00+00:00,14569923.088283535
2013-02-21 00:00:00+00:00,14569923.088283535
2013-02-22 00:00:00+00:00,14569923.088283535
2013-02-25 00:00:00+00:00,14569923.088283535
2013-02-26 00:00:00+00:00,14569923.088283535
2013-02-27 00:00:00+00:00,14569923.088283535
2013-02-28 00:00:00+00:00,14569923.088283535
2013-03-01 00:00:00+00:00,14569923.088283535
2013-03-04 00:00:00+00:00,14569923.088283535
2013-03-05 00:00:00+00:00,14569923.088283535
2013-03-06 00:00:00+00:00,14569923.088283535
2013-03-07 00:00:00+00:00,14569923.088283535
2013-03-08 00:00:00+00:00,14569923.088283535
2013-03-11 00:00:00+00:00,14569923.088283535
2013-03-12 00:00:00+00:00,14569923.088283535
2013-03-13 00:00:00+00:00,14569923.088283535
2013-03-14 00:00:00+00:00,14569923.088283535
2013-03-15 00:00:00+00:00,14569923.088283535
2013-03-18 00:00:00+00:00,14569923.088283535
2013-03-19 00:00:00+00:00,14569923.088283535
2013-03-20 00:00:00+00:00,14569923.088283535
2013-03-21 00:00:00+00:00,14569923.088283535
2013-03-22 00:00:00+00:00,14569923.088283535
2013-03-25 00:00:00+00:00,14569923.088283535
2013-03-26 00:00:00+00:00,14569923.088283535
2013-03-27 00:00:00+00:00,14569923.088283535
2013-03-28 00:00:00+00:00,14569923.088283535
2013-04-01 00:00:00+00:00,14569923.088283535
2013-04-02 00:00:00+00:00,14569923.088283535
2013-04-03 00:00:00+00:00,14569923.088283535
2013-04-04 00:00:00+00:00,14569923.088283535
2013-04-05 00:00:00+00:00,14569923.088283535
2013-04-08 00:00:00+00:00,14569923.088283535
2013-04-09 00:00:00+00:00,14569923.088283535
2013-04-10 00:00:00+00:00,14569923.088283535
2013-04-11 00:00:00+00:00,14569923.088283535
2013-04-12 00:00:00+00:00,14569923.088283535
2013-04-15 00:00:00+00:00,14569923.088283535
2013-04-16 00:00:00+00:00,14569923.088283535
2013-04-17 00:00:00+00:00,14569923.088283535
2013-04-18 00:00:00+00:00,14569923.088283535
2013-04-19 00:00:00+00:00,14569923.088283535
2013-04-22 00:00:00+00:00,14569923.088283535
2013-04-23 00:00:00+00:00,14569923.088283535
2013-04-24 00:00:00+00:00,14569923.088283535
2013-04-25 00:00:00+00:00,14569923.088283535
2013-04-26 00:00:00+00:00,14569923.088283535
2013-04-29 00:00:00+00:00,14569923.088283535
2013-04-30 00:00:00+00:00,14569923.088283535
2013-05-01 00:00:00+00:00,14569923.088283535
2013-05-02 00:00:00+00:00,14569923.088283535
2013-05-03 00:00:00+00:00,14569923.088283535
2013-05-06 00:00:00+00:00,14569923.088283535
2013-05-07 00:00:00+00:00,14569923.088283535
2013-05-08 00:00:00+00:00,14569923.088283535
2013-05-09 00:00:00+00:00,14569923.088283535
2013-05-10 00:00:00+00:00,14569923.088283535
2013-05-13 00:00:00+00:00,14569923.088283535
2013-05-14 00:00:00+00:00,14569923.088283535
2013-05-15 00:00:00+00:00,14569923.088283535
2013-05-16 00:00:00+00:00,14569923.088283535
2013-05-17 00:00:00+00:00,14569923.088283535
2013-05-20 00:00:00+00:00,14569923.088283535
2013-05-21 00:00:00+00:00,14569923.088283535
2013-05-22 00:00:00+00:00,14569923.088283535
2013-05-23 00:00:00+00:00,14569923.088283535
2013-05-24 00:00:00+00:00,14569923.088283535
2013-05-27 00:00:00+00:00,14569923.088283535
2013-05-28 00:00:00+00:00,14569923.088283535
2013-05-29 00:00:00+00:00,14569923.088283535
2013-05-30 00:00:00+00:00,14569923.088283535
2013-05-31 00:00:00+00:00,14569923.088283535
2013-06-03 00:00:00+00:00,14569923.088283535
2013-06-04 00:00:00+00:00,14569923.088283535
2013-06-05 00:00:00+00:00,14569923.088283535
2013-06-06 00:00:00+00:00,14569923.088283535
2013-06-07 00:00:00+00:00,14569923.088283535
2013-06-10 00:00:00+00:00,14569923.088283535
2013-06-11 00:00:00+00:00,14569923.088283535
2013-06-12 00:00:00+00:00,14569923.088283535
2013-06-13 00:00:00+00:00,14569923.088283535
2013-06-14 00:00:00+00:00,14569923.088283535
2013-06-17 00:00:00+00:00,14569923.088283535
2013-06-18 00:00:00+00:00,14569923.088283535
2013-06-19 00:00:00+00:00,14569923.088283535
2013-06-20 00:00:00+00:00,14569923.088283535
2013-06-21 00:00:00+00:00,14569923.088283535
2013-06-24 00:00:00+00:00,14569923.088283535
2013-06-25 00:00:00+00:00,14569923.088283535
2013-06-26 00:00:00+00:00,14569923.088283535
2013-06-27 00:00:00+00:00,14569923.088283535
2013-06-28 00:00:00+00:00,14569923.088283535
2013-07-01 00:00:00+00:00,14569923.088283535
2013-07-02 00:00:00+00:00,14569923.088283535
2013-07-03 00:00:00+00:00,14569923.088283535
2013-07-04 00:00:00+00:00,14569923.088283535
2013-07-05 00:00:00+00:00,14569923.088283535
2013-07-08 00:00:00+00:00,14569923.088283535
2013-07-09 00:00:00+00:00,14569923.088283535
2013-07-10 00:00:00+00:00,14569923.088283535
2013-07-11 00:00:00+00:00,14569923.088283535
2013-07-12 00:00:00+00:00,14569923.088283535
2013-07-15 00:00:00+00:00,14569923.088283535
2013-07-16 00:00:00+00:00,14569923.088283535
2013-07-17 00:00:00+00:00,14569923.088283535
2013-07-18 00:00:00+00:00,14569923.088283535
2013-07-19 00:00:00+00:00,14569923.088283535
2013-07-22 00:00:00+00:00,14569923.088283535
2013-07-23 00:00:00+00:00,14569923.088283535
2013-07-24 00:00:00+00:00,14569923.088283535
2013-07-25 00:00:00+00:00,14569923.088283535
2013-07-26 00:00:00+00:00,14569923.088283535
2013-07-29 00:00:00+00:00,14569923.088283535
2013-07-30 00:00:00+00:00,14569923.088283535
2013-07-31 00:00:00+00:00,14569923.088283535
2013-08-01 00:00:00+00:00,14569923.088283535
2013-08-02 00:00:00+00:00,14569923.088283535
2013-08-05 00:00:00+00:00,14569923.088283535
2013-08-06 00:00:00+00:00,14569923.088283535
2013-08-07 00:00:00+00:00,14569923.088283535
2013-08-08 00:00:00+00:00,14569923.088283535
2013-08-09 00:00:00+00:00,14569923.088283535
2013-08-12 00:00:00+00:00,14569923.088283535
2013-08-13 00:00:00+00:00,14569923.088283535
2013-08-14 00:00:00+00:00,14569923.088283535
2013-08-15 00:00:00+00:00,14569923.088283535
2013-08-16 00:00:00+00:00,14569923.088283535
2013-08-19 00:00:00+00:00,14569923.088283535
2013-08-20 00:00:00+00:00,14569923.088283535
2013-08-21 00:00:00+00:00,14569923.088283535
2013-08-22 00:00:00+00:00,14569923.088283535
2013-08-23 00:00:00+00:00,14569923.088283535
2013-08-26 00:00:00+00:00,14569923.088283535
2013-08-27 00:00:00+00:00,14569923.088283535
2013-08-28 00:00:00+00:00,14569923.088283535
2013-08-29 00:00:00+00:00,14569923.088283535
2013-08-30 00:00:00+00:00,14569923.088283535
2013-09-02 00:00:00+00:00,14569923.088283535
2013-09-03 00:00:00+00:00,14569923.088283535
2013-09-04 00:00:00+00:00,14569923.088283535
2013-09-05 00:00:00+00:00,14569923.088283535
2013-09-06 00:00:00+00:00,14569923.088283535
2013-09-09 00:00:00+00:00,14569923.088283535
2013-09-10 00:00:00+00:00,14569923.088283535
2013-09-11 00:00:00+00:00,14569923.088283535
2013-09-12 00:00:00+00:00,14569923.088283535
2013-09-13 00:00:00+00:00,14569923.088283535
2013-09-16 00:00:00+00:00,14569923.088283535
2013-09-17 00:00:00+00:00,14569923.088283535
2013-09-18 00:00:00+00:00,14569923.088283535
2013-09-19 00:00:00+00:00,14569923.088283535
2013-09-20 00:00:00+00:00,14569923.088283535
2013-09-23 00:00:00+00:00,14569923.088283535
2013-09-24 00:00:00+00:00,14569923.088283535
2013-09-25 00:00:00+00:00,14569923.088283535
2013-09-26 00:00:00+00:00,14569923.088283535
2013-09-27 00:00:00+00:00,14569923.088283535
2013-09-30 00:00:00+00:00,14569923.088283535
2013-10-01 00:00:00+00:00,14569923.088283535
2013-10-02 00:00:00+00:00,14569923.088283535
2013-10-03 00:00:00+00:00,14569923.088283535
2013-10-04 00:00:00+00:00,14569923.088283535
2013-10-07 00:00:00+00:00,14569923.088283535
2013-10-08 00:00:00+00:00,14569923.088283535
2013-10-09 00:00:00+00:00,14569923.088283535
2013-10-10 00:00:00+00:00,14569923.088283535
2013-10-11 00:00:00+00:00,14569923.088283535
2013-10-14 00:00:00+00:00,14569923.088283535
2013-10-15 00:00:00+00:00,14569923.088283535
2013-10-16 00:00:00+00:00,14569923.088283535
2013-10-17 00:00:00+00:00,14569923.088283535
2013-10-18 00:00:00+00:00,14569923.088283535
2013-10-21 00:00:00+00:00,14569923.088283535
2013-10-22 00:00:00+00:00,14569923.088283535
2013-10-23 00:00:00+00:00,14569923.088283535
2013-10-24 00:00:00+00:00,14569923.088283535
2013-10-25 00:00:00+00:00,14569923.088283535
2013-10-28 00:00:00+00:00,14569923.088283535
2013-10-29 00:00:00+00:00,14569923.088283535
2013-10-30 00:00:00+00:00,14569923.088283535
2013-10-31 00:00:00+00:00,14569923.088283535
2013-11-01 00:00:00+00:00,14569923.088283535
2013-11-04 00:00:00+00:00,14569923.088283535
2013-11-05 00:00:00+00:00,14569923.088283535
2013-11-06 00:00:00+00:00,14569923.088283535
2013-11-07 00:00:00+00:00,14569923.088283535
2013-11-08 00:00:00+00:00,14569923.088283535
2013-11-11 00:00:00+00:00,14569923.088283535
2013-11-12 00:00:00+00:00,14569923.088283535
2013-11-13 00:00:00+00:00,14569923.088283535
2013-11-14 00:00:00+00:00,14569923.088283535
2013-11-15 00:00:00+00:00,14569923.088283535
2013-11-18 00:00:00+00:00,14569923.088283535
2013-11-19 00:00:00+00:00,14569923.088283535
2013-11-20 00:00:00+00:00,14569923.088283535
2013-11-21 00:00:00+00:00,14569923.088283535
2013-11-22 00:00:00+00:00,14569923.088283535
2013-11-25 00:00:00+00:00,14569923.088283535
2013-11-26 00:00:00+00:00,14569923.088283535
2013-11-27 00:00:00+00:00,14569923.088283535
2013-11-28 00:00:00+00:00,14569923.088283535
2013-11-29 00:00:00+00:00,14569923.088283535
2013-12-02 00:00:00+00:00,14569923.088283535
2013-12-03 00:00:00+00:00,14569923.088283535
2013-12-04 00:00:00+00:00,14569923.088283535
2013-12-05 00:00:00+00:00,14569923.088283535
2013-12-06 00:00:00+00:00,14569923.088283535
2013-12-09 00:00:00+00:00,14569923.088283535
2013-12-10 00:00:00+00:00,14569923.088283535
2013-12-11 00:00:00+00:00,14569923.088283535
2013-12-12 00:00:00+00:00,14569923.088283535
2013-12-13 00:00:00+00:00,14569923.088283535
2013-12-16 00:00:00+00:00,14569923.088283535
2013-12-17 00:00:00+00:00,14569923.088283535
2013-12-18 00:00:00+00:00,14569923.088283535
2013-12-19 00:00:00+00:00,14569923.088283535
2013-12-20 00:00:00+00:00,14569923.088283535
2013-12-23 00:00:00+00:00,14569923.088283535
2013-12-24 00:00:00+00:00,14569923.088283535
2013-12-26 00:00:00+00:00,14569923.088283535
2013-12-27 00:00:00+00:00,14569923.088283535
2013-12-30 00:00:00+00:00,14569923.088283535
2013-12-31 00:00:00+00:00,14569923.088283535
2014-01-01 00:00:00+00:00,14569923.088283535
2014-01-02 00:00:00+00:00,14569923.088283535
2014-01-03 00:00:00+00:00,14569923.088283535
2014-01-06 00:00:00+00:00,14569923.088283535
2014-01-07 00:00:00+00:00,14569923.088283535
2014-01-08 00:00:00+00:00,14569923.088283535
2014-01-09 00:00:00+00:00,14569923.088283535
2014-01-10 00:00:00+00:00,14569923.088283535
2014-01-13 00:00:00+00:00,14569923.088283535
2014-01-14 00:00:00+00:00,14569923.088283535
2014-01-15 00:00:00+00:00,14569923.088283535
2014-01-16 00:00:00+00:00,14569923.088283535
2014-01-17 00:00:00+00:00,14569923.088283535
2014-01-20 00:00:00+00:00,14569923.088283535
2014-01-21 00:00:00+00:00,14569923.088283535
2014-01-22 00:00:00+00:00,14569923.088283535
2014-01-23 00:00:00+00:00,14569923.088283535
2014-01-24 00:00:00+00:00,14569923.088283535
2014-01-27 00:00:00+00:00,14569923.088283535
2014-01-28 00:00:00+00:00,14569923.088283535
2014-01-29 00:00:00+00:00,14569923.088283535
2014-01-30 00:00:00+00:00,14569923.088283535
2014-01-31 00:00:00+00:00,14569923.088283535
2014-02-03 00:00:00+00:00,14569923.088283535
2014-02-04 00:00:00+00:00,14569923.088283535
2014-02-05 00:00:00+00:00,14569923.088283535
2014-02-06 00:00:00+00:00,14569923.088283535
2014-02-07 00:00:00+00:00,14569923.088283535
2014-02-10 00:00:00+00:00,14569923.088283535
2014-02-11 00:00:00+00:00,14569923.088283535
2014-02-12 00:00:00+00:00,14569923.088283535
2014-02-13 00:00:00+00:00,14569923.088283535
2014-02-14 00:00:00+00:00,14569923.088283535
2014-02-17 00:00:00+00:00,14569923.088283535
2014-02-18 00:00:00+00:00,14569923.088283535
2014-02-19 00:00:00+00:00,14569923.088283535
2014-02-20 00:00:00+00:00,14569923.088283535
2014-02-21 00:00:00+00:00,14569923.088283535
2014-02-24 00:00:00+00:00,14569923.088283535
2014-02-25 00:00:00+00:00,14569923.088283535
2014-02-26 00:00:00+00:00,14569923.088283535
2014-02-27 00:00:00+00:00,14569923.088283535
2014-02-28 00:00:00+00:00,14569923.088283535
2014-03-03 00:00:00+00:00,14569923.088283535
2014-03-04 00:00:00+00:00,14569923.088283535
2014-03-05 00:00:00+00:00,14569923.088283535
2014-03-06 00:00:00+00:00,14569923.088283535
2014-03-07 00:00:00+00:00,14569923.088283535
2014-03-10 00:00:00+00:00,14569923.088283535
2014-03-11 00:00:00+00:00,14569923.088283535
2014-03-12 00:00:00+00:00,14569923.088283535
2014-03-13 00:00:00+00:00,14569923.088283535
2014-03-14 00:00:00+00:00,14569923.088283535
2014-03-17 00:00:00+00:00,14569923.088283535
2014-03-18 00:00:00+00:00,14569923.088283535
2014-03-19 00:00:00+00:00,14569923.088283535
2014-03-20 00:00:00+00:00,14569923.088283535
2014-03-21 00:00:00+00:00,14569923.088283535
2014-03-24 00:00:00+00:00,14569923.088283535
2014-03-25 00:00:00+00:00,14569923.088283535
2014-03-26 00:00:00+00:00,14569923.088283535
2014-03-27 00:00:00+00:00,14569923.088283535
2014-03-28 00:00:00+00:00,14569923.088283535
2014-03-31 00:00:00+00:00,14569923.088283535
2014-04-01 00:00:00+00:00,14569923.088283535
2014-04-02 00:00:00+00:00,14569923.088283535
2014-04-03 00:00:00+00:00,14569923.088283535
2014-04-04 00:00:00+00:00,14569923.088283535
2014-04-07 00:00:00+00:00,14569923.088283535
2014-04-08 00:00:00+00:00,14569923.088283535
2014-04-09 00:00:00+00:00,14569923.088283535
2014-04-10 00:00:00+00:00,14569923.088283535
2014-04-11 00:00:00+00:00,14569923.088283535
2014-04-14 00:00:00+00:00,14569923.088283535
2014-04-15 00:00:00+00:00,14569923.088283535
2014-04-16 00:00:00+00:00,14569923.088283535
2014-04-17 00:00:00+00:00,14569923.088283535
2014-04-21 00:00:00+00:00,14569923.088283535
2014-04-22 00:00:00+00:00,14569923.088283535
2014-04-23 00:00:00+00:00,14569923.088283535
2014-04-24 00:00:00+00:00,14569923.088283535
2014-04-25 00:00:00+00:00,14569923.088283535
2014-04-28 00:00:00+00:00,14569923.088283535
2014-04-29 00:00:00+00:00,14569923.088283535
2014-04-30 00:00:00+00:00,14569923.088283535
2014-05-01 00:00:00+00:00,14569923.088283535
2014-05-02 00:00:00+00:00,14569923.088283535
2014-05-05 00:00:00+00:00,14569923.088283535
2014-05-06 00:00:00+00:00,14569923.088283535
2014-05-07 00:00:00+00:00,14569923.088283535
2014-05-08 00:00:00+00:00,14569923.088283535
2014-05-09 00:00:00+00:00,14569923.088283535
2014-05-12 00:00:00+00:00,14569923.088283535
2014-05-13 00:00:00+00:00,14569923.088283535
2014-05-14 00:00:00+00:00,14569923.088283535
2014-05-15 00:00:00+00:00,14569923.088283535
2014-05-16 00:00:00+00:00,14569923.088283535
2014-05-19 00:00:00+00:00,14569923.088283535
2014-05-20 00:00:00+00:00,14569923.088283535
2014-05-21 00:00:00+00:00,14569923.088283535
2014-05-22 00:00:00+00:00,14569923.088283535
2014-05-23 00:00:00+00:00,14569923.088283535
2014-05-26 00:00:00+00:00,14569923.088283535
2014-05-27 00:00:00+00:00,14569923.088283535
2014-05-28 00:00:00+00:00,14569923.088283535
2014-05-29 00:00:00+00:00,14569923.088283535
2014-05-30 00:00:00+00:00,14569923.088283535
2014-06-02 00:00:00+00:00,14569923.088283535
2014-06-03 00:00:00+00:00,14569923.088283535
2014-06-04 00:00:00+00:00,14569923.088283535
2014-06-05 00:00:00+00:00,14569923.088283535
2014-06-06 00:00:00+00:00,14569923.088283535
2014-06-09 00:00:00+00:00,14569923.088283535
2014-06-10 00:00:00+00:00,14569923.088283535
2014-06-11 00:00:00+00:00,14569923.088283535
2014-06-12 00:00:00+00:00,14569923.088283535
2014-06-13 00:00:00+00:00,14569923.088283535
2014-06-16 00:00:00+00:00,14569923.088283535
2014-06-17 00:00:00+00:00,14569923.088283535
2014-06-18 00:00:00+00:00,14569923.088283535
2014-06-19 00:00:00+00:00,14569923.088283535
2014-06-20 00:00:00+00:00,14569923.088283535
2014-06-23 00:00:00+00:00,14569923.088283535
2014-06-24 00:00:00+00:00,14569923.088283535
2014-06-25 00:00:00+00:00,14569923.088283535
2014-06-26 00:00:00+00:00,14569923.088283535
2014-06-27 00:00:00+00:00,14569923.088283535
2014-06-30 00:00:00+00:00,14569923.088283535
2014-07-01 00:00:00+00:00,14569923.088283535
2014-07-02 00:00:00+00:00,14569923.088283535
2014-07-03 00:00:00+00:00,14569923.088283535
2014-07-04 00:00:00+00:00,14569923.088283535
2014-07-07 00:00:00+00:00,14569923.088283535
2014-07-08 00:00:00+00:00,14569923.088283535
2014-07-09 00:00:00+00:00,14569923.088283535
2014-07-10 00:00:00+00:00,14569923.088283535
2014-07-11 00:00:00+00:00,14569923.088283535
2014-07-14 00:00:00+00:00,14569923.088283535
2014-07-15 00:00:00+00:00,14569923.088283535
2014-07-16 00:00:00+00:00,14569923.088283535
2014-07-17 00:00:00+00:00,14569923.088283535
2014-07-18 00:00:00+00:00,14569923.088283535
2014-07-21 00:00:00+00:00,14569923.088283535
2014-07-22 00:00:00+00:00,14569923.088283535
2014-07-23 00:00:00+00:00,14569923.088283535
2014-07-24 00:00:00+00:00,14569923.088283535
2014-07-25 00:00:00+00:00,14569923.088283535
2014-07-28 00:00:00+00:00,14569923.088283535
2014-07-29 00:00:00+00:00,14569923.088283535
2014-07-30 00:00:00+00:00,14569923.088283535
2014-07-31 00:00:00+00:00,14569923.088283535
2014-08-01 00:00:00+00:00,14569923.088283535
2014-08-04 00:00:00+00:00,14569923.088283535
2014-08-05 00:00:00+00:00,14569923.088283535
2014-08-06 00:00:00+00:00,14569923.088283535
2014-08-07 00:00:00+00:00,14569923.088283535
2014-08-08 00:00:00+00:00,14569923.088283535
2014-08-11 00:00:00+00:00,14569923.088283535
2014-08-12 00:00:00+00:00,14569923.088283535
2014-08-13 00:00:00+00:00,14569923.088283535
2014-08-14 00:00:00+00:00,14569923.088283535
2014-08-15 00:00:00+00:00,14569923.088283535
2014-08-18 00:00:00+00:00,14569923.088283535
2014-08-19 00:00:00+00:00,14569923.088283535
2014-08-20 00:00:00+00:00,14569923.088283535
2014-08-21 00:00:00+00:00,14569923.088283535
2014-08-22 00:00:00+00:00,14569923.088283535
2014-08-25 00:00:00+00:00,14569923.088283535
2014-08-26 00:00:00+00:00,14569923.088283535
2014-08-27 00:00:00+00:00,14569923.088283535
2014-08-28 00:00:00+00:00,14569923.088283535
2014-08-29 00:00:00+00:00,14569923.088283535
2014-09-01 00:00:00+00:00,14569923.088283535
2014-09-02 00:00:00+00:00,14569923.088283535
2014-09-03 00:00:00+00:00,14569923.088283535
2014-09-04 00:00:00+00:00,14569923.088283535
2014-09-05 00:00:00+00:00,14569923.088283535
2014-09-08 00:00:00+00:00,14569923.088283535
2014-09-09 00:00:00+00:00,14569923.088283535
2014-09-10 00:00:00+00:00,14569923.088283535
2014-09-11 00:00:00+00:00,14569923.088283535
2014-09-12 00:00:00+00:00,14569923.088283535
2014-09-15 00:00:00+00:00,14569923.088283535
2014-09-16 00:00:00+00:00,14569923.088283535
2014-09-17 00:00:00+00:00,14569923.088283535
2014-09-18 00:00:00+00:00,14569923.088283535
2014-09-19 00:00:00+00:00,14569923.088283535
2014-09-22 00:00:00+00:00,14569923.088283535
2014-09-23 00:00:00+00:00,14569923.088283535
2014-09-24 00:00:00+00:00,14569923.088283535
2014-09-25 00:00:00+00:00,14569923.088283535
2014-09-26 00:00:00+00:00,14569923.088283535
2014-09-29 00:00:00+00:00,14569923.088283535
2014-09-30 00:00:00+00:00,14569923.088283535
2014-10-01 00:00:00+00:00,14569923.088283535
2014-10-02 00:00:00+00:00,14569923.088283535
2014-10-03 00:00:00+00:00,14569923.088283535
2014-10-06 00:00:00+00:00,14569923.088283535
2014-10-07 00:00:00+00:00,14569923.088283535
2014-10-08 00:00:00+00:00,14569923.088283535
2014-10-09 00:00:00+00:00,14569923.088283535
2014-10-10 00:00:00+00:00,14569923.088283535
2014-10-13 00:00:00+00:00,14569923.088283535
2014-10-14 00:00:00+00:00,14569923.088283535
2014-10-15 00:00:00+00:00,14569923.088283535
2014-10-16 00:00:00+00:00,14569923.088283535
2014-10-17 00:00:00+00:00,14569923.088283535
2014-10-20 00:00:00+00:00,14569923.088283535
2014-10-21 00:00:00+00:00,14569923.088283535
2014-10-22 00:00:00+00:00,14569923.088283535
2014-10-23 00:00:00+00:00,14569923.088283535
2014-10-24 00:00:00+00:00,14569923.088283535
2014-10-27 00:00:00+00:00,14569923.088283535
2014-10-28 00:00:00+00:00,14569923.088283535
2014-10-29 00:00:00+00:00,14569923.088283535
2014-10-30 00:00:00+00:00,14569923.088283535
2014-10-31 00:00:00+00:00,14569923.088283535
2014-11-03 00:00:00+00:00,14569923.088283535
2014-11-04 00:00:00+00:00,14569923.088283535
2014-11-05 00:00:00+00:00,14569923.088283535
2014-11-06 00:00:00+00:00,14569923.088283535
2014-11-07 00:00:00+00:00,14569923.088283535
2014-11-10 00:00:00+00:00,14569923.088283535
2014-11-11 00:00:00+00:00,14569923.088283535
2014-11-12 00:00:00+00:00,14569923.088283535
2014-11-13 00:00:00+00:00,14569923.088283535
2014-11-14 00:00:00+00:00,14569923.088283535
2014-11-17 00:00:00+00:00,14569923.088283535
2014-11-18 00:00:00+00:00,14569923.088283535
2014-11-19 00:00:00+00:00,14569923.088283535
2014-11-20 00:00:00+00:00,14569923.088283535
2014-11-21 00:00:00+00:00,14569923.088283535
2014-11-24 00:00:00+00:00,14569923.088283535
2014-11-25 00:00:00+00:00,14569923.088283535
2014-11-26 00:00:00+00:00,14569923.088283535
2014-11-27 00:00:00+00:00,14569923.088283535
2014-11-28 00:00:00+00:00,14569923.088283535
2014-12-01 00:00:00+00:00,14569923.088283535
2014-12-02 00:00:00+00:00,14569923.088283535
2014-12-03 00:00:00+00:00,14569923.088283535
2014-12-04 00:00:00+00:00,14569923.088283535
2014-12-05 00:00:00+00:00,14569923.088283535
2014-12-08 00:00:00+00:00,14569923.088283535
2014-12-09 00:00:00+00:00,14569923.088283535
2014-12-10 00:00:00+00:00,14569923.088283535
2014-12-11 00:00:00+00:00,14569923.088283535
2014-12-12 00:00:00+00:00,14569923.088283535
2014-12-15 00:00:00+00:00,14569923.088283535
2014-12-16 00:00:00+00:00,14569923.088283535
2014-12-17 00:00:00+00:00,14569923.088283535
2014-12-18 00:00:00+00:00,14569923.088283535
2014-12-19 00:00:00+00:00,14569923.088283535
2014-12-22 00:00:00+00:00,14569923.088283535
2014-12-23 00:00:00+00:00,14569923.088283535
2014-12-24 00:00:00+00:00,14569923.088283535
2014-12-26 00:00:00+00:00,14569923.088283535
2014-12-29 00:00:00+00:00,14569923.088283535
2014-12-30 00:00:00+00:00,14569923.088283535
2014-12-31 00:00:00+00:00,14569923.088283535
2015-01-01 00:00:00+00:00,14569923.088283535
2015-01-02 00:00:00+00:00,14569923.088283535
2015-01-05 00:00:00+00:00,14569923.088283535
2015-01-06 00:00:00+00:00,14569923.088283535
2015-01-07 00:00:00+00:00,14569923.088283535
2015-01-08 00:00:00+00:00,14569923.088283535
2015-01-09 00:00:00+00:00,14569923.088283535
2015-01-12 00:00:00+00:00,14569923.088283535
2015-01-13 00:00:00+00:00,14569923.088283535
2015-01-14 00:00:00+00:00,14569923.088283535
2015-01-15 00:00:00+00:00,14569923.088283535
2015-01-16 00:00:00+00:00,14569923.088283535
2015-01-19 00:00:00+00:00,14569923.088283535
2015-01-20 00:00:00+00:00,14569923.088283535
2015-01-21 00:00:00+00:00,14569923.088283535
2015-01-22 00:00:00+00:00,14569923.088283535
2015-01-23 00:00:00+00:00,14569923.088283535
2015-01-26 00:00:00+00:00,14569923.088283535
2015-01-27 00:00:00+00:00,14569923.088283535
2015-01-28 00:00:00+00:00,14569923.088283535
2015-01-29 00:00:00+00:00,14569923.088283535
2015-01-30 00:00:00+00:00,14569923.088283535
2015-02-02 00:00:00+00:00,14569923.088283535
2015-02-03 00:00:00+00:00,14569923.088283535
2015-02-04 00:00:00+00:00,14569923.088283535
2015-02-05 00:00:00+00:00,14569923.088283535
2015-02-06 00:00:00+00:00,14569923.088283535
2015-02-09 00:00:00+00:00,14569923.088283535
2015-02-10 00:00:00+00:00,14569923.088283535
2015-02-11 00:00:00+00:00,14569923.088283535
2015-02-12 00:00:00+00:00,14569923.088283535
2015-02-13 00:00:00+00:00,14569923.088283535
2015-02-16 00:00:00+00:00,14569923.088283535
2015-02-17 00:00:00+00:00,14569923.088283535
2015-02-18 00:00:00+00:00,14569923.088283535
2015-02-19 00:00:00+00:00,14569923.088283535
2015-02-20 00:00:00+00:00,14569923.088283535
2015-02-23 00:00:00+00:00,14569923.088283535
2015-02-24 00:00:00+00:00,14569923.088283535
2015-02-25 00:00:00+00:00,14569923.088283535
2015-02-26 00:00:00+00:00,14569923.088283535
2015-02-27 00:00:00+00:00,14569923.088283535
2015-03-02 00:00:00+00:00,14569923.088283535
2015-03-03 00:00:00+00:00,14569923.088283535
2015-03-04 00:00:00+00:00,14569923.088283535
2015-03-05 00:00:00+00:00,14569923.088283535
2015-03-06 00:00:00+00:00,14569923.088283535
2015-03-09 00:00:00+00:00,14569923.088283535
2015-03-10 00:00:00+00:00,14569923.088283535
2015-03-11 00:00:00+00:00,14569923.088283535
2015-03-12 00:00:00+00:00,14569923.088283535
2015-03-13 00:00:00+00:00,14569923.088283535
2015-03-16 00:00:00+00:00,14569923.088283535
2015-03-17 00:00:00+00:00,14569923.088283535
2015-03-18 00:00:00+00:00,14569923.088283535
2015-03-19 00:00:00+00:00,14569923.088283535
2015-03-20 00:00:00+00:00,14569923.088283535
2015-03-23 00:00:00+00:00,14569923.088283535
2015-03-24 00:00:00+00:00,14569923.088283535
2015-03-25 00:00:00+00:00,14569923.088283535
2015-03-26 00:00:00+00:00,14569923.088283535
2015-03-27 00:00:00+00:00,14569923.088283535
2015-03-30 00:00:00+00:00,14569923.088283535
2015-03-31 00:00:00+00:00,14569923.088283535
2015-04-01 00:00:00+00:00,14569923.088283535
2015-04-02 00:00:00+00:00,14569923.088283535
2015-04-06 00:00:00+00:00,14569923.088283535
2015-04-07 00:00:00+00:00,14569923.088283535
2015-04-08 00:00:00+00:00,14569923.088283535
2015-04-09 00:00:00+00:00,14569923.088283535
2015-04-10 00:00:00+00:00,14569923.088283535
2015-04-13 00:00:00+00:00,14569923.088283535
2015-04-14 00:00:00+00:00,14569923.088283535
2015-04-15 00:00:00+00:00,14569923.088283535
2015-04-16 00:00:00+00:00,14569923.088283535
2015-04-17 00:00:00+00:00,14569923.088283535
2015-04-20 00:00:00+00:00,14569923.088283535
2015-04-21 00:00:00+00:00,14569923.088283535
2015-04-22 00:00:00+00:00,14569923.088283535
2015-04-23 00:00:00+00:00,14569923.088283535
2015-04-24 00:00:00+00:00,14569923.088283535
2015-04-27 00:00:00+00:00,14569923.088283535
2015-04-28 00:00:00+00:00,14569923.088283535
2015-04-29 00:00:00+00:00,14569923.088283535
2015-04-30 00:00:00+00:00,14569923.088283535
2015-05-01 00:00:00+00:00,14569923.088283535
2015-05-04 00:00:00+00:00,14569923.088283535
2015-05-05 00:00:00+00:00,14569923.088283535
2015-05-06 00:00:00+00:00,14569923.088283535
2015-05-07 00:00:00+00:00,14569923.088283535
2015-05-08 00:00:00+00:00,14569923.088283535
2015-05-11 00:00:00+00:00,14569923.088283535
2015-05-12 00:00:00+00:00,14569923.088283535
2015-05-13 00:00:00+00:00,14569923.088283535
2015-05-14 00:00:00+00:00,14569923.088283535
2015-05-15 00:00:00+00:00,14569923.088283535
2015-05-18 00:00:00+00:00,14569923.088283535
2015-05-19 00:00:00+00:00,14569923.088283535
2015-05-20 00:00:00+00:00,14569923.088283535
2015-05-21 00:00:00+00:00,14569923.088283535
2015-05-22 00:00:00+00:00,14569923.088283535
2015-05-25 00:00:00+00:00,14569923.088283535
2015-05-26 00:00:00+00:00,14569923.088283535
2015-05-27 00:00:00+00:00,14569923.088283535
2015-05-28 00:00:00+00:00,14569923.088283535
2015-05-29 00:00:00+00:00,14569923.088283535
2015-06-01 00:00:00+00:00,14569923.088283535
2015-06-02 00:00:00+00:00,14569923.088283535
2015-06-03 00:00:00+00:00,14569923.088283535
2015-06-04 00:00:00+00:00,14569923.088283535
2015-06-05 00:00:00+00:00,14569923.088283535
2015-06-08 00:00:00+00:00,14569923.088283535
2015-06-09 00:00:00+00:00,14569923.088283535
2015-06-10 00:00:00+00:00,14569923.088283535
2015-06-11 00:00:00+00:00,14569923.088283535
2015-06-12 00:00:00+00:00,14569923.088283535
2015-06-15 00:00:00+00:00,14569923.088283535
2015-06-16 00:00:00+00:00,14569923.088283535
2015-06-17 00:00:00+00:00,14569923.088283535
2015-06-18 00:00:00+00:00,14569923.088283535
2015-06-19 00:00:00+00:00,14569923.088283535
2015-06-22 00:00:00+00:00,14569923.088283535
2015-06-23 00:00:00+00:00,14569923.088283535
2015-06-24 00:00:00+00:00,14569923.088283535
2015-06-25 00:00:00+00:00,14569923.088283535
2015-06-26 00:00:00+00:00,14569923.088283535
2015-06-29 00:00:00+00:00,14569923.088283535
2015-06-30 00:00:00+00:00,14569923.088283535
2015-07-01 00:00:00+00:00,14569923.088283535
2015-07-02 00:00:00+00:00,14569923.088283535
2015-07-03 00:00:00+00:00,14569923.088283535
2015-07-06 00:00:00+00:00,14569923.088283535
2015-07-07 00:00:00+00:00,14569923.088283535
2015-07-08 00:00:00+00:00,14569923.088283535
2015-07-09 00:00:00+00:00,14569923.088283535
2015-07-10 00:00:00+00:00,14569923.088283535
2015-07-13 00:00:00+00:00,14569923.088283535
2015-07-14 00:00:00+00:00,14569923.088283535
2015-07-15 00:00:00+00:00,14569923.088283535
2015-07-16 00:00:00+00:00,14569923.088283535
2015-07-17 00:00:00+00:00,14569923.088283535
2015-07-20 00:00:00+00:00,14569923.088283535
2015-07-21 00:00:00+00:00,14569923.088283535
2015-07-22 00:00:00+00:00,14569923.088283535
2015-07-23 00:00:00+00:00,14569923.088283535
2015-07-24 00:00:00+00:00,14569923.088283535
2015-07-27 00:00:00+00:00,14569923.088283535
2015-07-28 00:00:00+00:00,14569923.088283535
2015-07-29 00:00:00+00:00,14569923.088283535
2015-07-30 00:00:00+00:00,14569923.088283535
2015-07-31 00:00:00+00:00,14569923.088283535
2015-08-03 00:00:00+00:00,14569923.088283535
2015-08-04 00:00:00+00:00,14569923.088283535
2015-08-05 00:00:00+00:00,14569923.088283535
2015-08-06 00:00:00+00:00,14569923.088283535
2015-08-07 00:00:00+00:00,14569923.088283535
2015-08-10 00:00:00+00:00,14569923.088283535
2015-08-11 00:00:00+00:00,14569923.088283535
2015-08-12 00:00:00+00:00,14569923.088283535
2015-08-13 00:00:00+00:00,14569923.088283535
2015-08-14 00:00:00+00:00,14569923.088283535
2015-08-17 00:00:00+00:00,14569923.088283535
2015-08-18 00:00:00+00:00,14569923.088283535
2015-08-19 00:00:00+00:00,14569923.088283535
2015-08-20 00:00:00+00:00,14569923.088283535
2015-08-21 00:00:00+00:00,14569923.088283535
2015-08-24 00:00:00+00:00,14569923.088283535
2015-08-25 00:00:00+00:00,14569923.088283535
2015-08-26 00:00:00+00:00,14569923.088283535
2015-08-27 00:00:00+00:00,14569923.088283535
2015-08-28 00:00:00+00:00,14569923.088283535
2015-08-31 00:00:00+00:00,14569923.088283535
2015-09-01 00:00:00+00:00,14569923.088283535
2015-09-02 00:00:00+00:00,14569923.088283535
2015-09-03 00:00:00+00:00,14569923.088283535
2015-09-04 00:00:00+00:00,14569923.088283535
2015-09-07 00:00:00+00:00,14569923.088283535
2015-09-08 00:00:00+00:00,14569923.088283535
2015-09-09 00:00:00+00:00,14569923.088283535
2015-09-10 00:00:00+00:00,14569923.088283535
2015-09-11 00:00:00+00:00,14569923.088283535
2015-09-14 00:00:00+00:00,14569923.088283535
2015-09-15 00:00:00+00:00,14569923.088283535
2015-09-16 00:00:00+00:00,14569923.088283535
2015-09-17 00:00:00+00:00,14569923.088283535
2015-09-18 00:00:00+00:00,14569923.088283535
2015-09-21 00:00:00+00:00,14569923.088283535
2015-09-22 00:00:00+00:00,14569923.088283535
2015-09-23 00:00:00+00:00,14569923.088283535
2015-09-24 00:00:00+00:00,14569923.088283535
2015-09-25 00:00:00+00:00,14569923.088283535
2015-09-28 00:00:00+00:00,14569923.088283535
2015-09-29 00:00:00+00:00,14569923.088283535
2015-09-30 00:00:00+00:00,14569923.088283535
2015-10-01 00:00:00+00:00,14569923.088283535
2015-10-02 00:00:00+00:00,14569923.088283535
2015-10-05 00:00:00+00:00,14569923.088283535
2015-10-06 00:00:00+00:00,14569923.088283535
2015-10-07 00:00:00+00:00,14569923.088283535
2015-10-08 00:00:00+00:00,14569923.088283535
2015-10-09 00:00:00+00:00,14569923.088283535
2015-10-12 00:00:00+00:00,14569923.088283535
2015-10-13 00:00:00+00:00,14569923.088283535
2015-10-14 00:00:00+00:00,14569923.088283535
2015-10-15 00:00:00+00:00,14569923.088283535
2015-10-16 00:00:00+00:00,14569923.088283535
2015-10-19 00:00:00+00:00,14569923.088283535
2015-10-20 00:00:00+00:00,14569923.088283535
2015-10-21 00:00:00+00:00,14569923.088283535
2015-10-22 00:00:00+00:00,14569923.088283535
2015-10-23 00:00:00+00:00,14569923.088283535
2015-10-26 00:00:00+00:00,14569923.088283535
2015-10-27 00:00:00+00:00,14569923.088283535
2015-10-28 00:00:00+00:00,14569923.088283535
2015-10-29 00:00:00+00:00,14569923.088283535
2015-10-30 00:00:00+00:00,14569923.088283535
2015-11-02 00:00:00+00:00,14569923.088283535
2015-11-03 00:00:00+00:00,14569923.088283535
2015-11-04 00:00:00+00:00,14569923.088283535
2015-11-05 00:00:00+00:00,14569923.088283535
2015-11-06 00:00:00+00:00,14569923.088283535
2015-11-09 00:00:00+00:00,14569923.088283535
2015-11-10 00:00:00+00:00,14569923.088283535
2015-11-11 00:00:00+00:00,14569923.088283535
2015-11-12 00:00:00+00:00,14569923.088283535
2015-11-13 00:00:00+00:00,14569923.088283535
2015-11-16 00:00:00+00:00,14569923.088283535
2015-11-17 00:00:00+00:00,14569923.088283535
2015-11-18 00:00:00+00:00,14569923.088283535
2015-11-19 00:00:00+00:00,14569923.088283535
2015-11-20 00:00:00+00:00,14569923.088283535
2015-11-23 00:00:00+00:00,14569923.088283535
2015-11-24 00:00:00+00:00,14569923.088283535
2015-11-25 00:00:00+00:00,14569923.088283535
2015-11-26 00:00:00+00:00,14569923.088283535
2015-11-27 00:00:00+00:00,14569923.088283535
2015-11-30 00:00:00+00:00,14569923.088283535
2015-12-01 00:00:00+00:00,14569923.088283535
2015-12-02 00:00:00+00:00,14569923.088283535
2015-12-03 00:00:00+00:00,14569923.088283535
2015-12-04 00:00:00+00:00,14569923.088283535
2015-12-07 00:00:00+00:00,14569923.088283535
2015-12-08 00:00:00+00:00,14569923.088283535
2015-12-09 00:00:00+00:00,14569923.088283535
2015-12-10 00:00:00+00:00,14569923.088283535
2015-12-11 00:00:00+00:00,14569923.088283535
2015-12-14 00:00:00+00:00,14569923.088283535
2015-12-15 00:00:00+00:00,14569923.088283535
2015-12-16 00:00:00+00:00,14569923.088283535
2015-12-17 00:00:00+00:00,14569923.088283535
2015-12-18 00:00:00+00:00,14569923.088283535
2015-12-21 00:00:00+00:00,14569923.088283535
2015-12-22 00:00:00+00:00,14569923.088283535
2015-12-23 00:00:00+00:00,14569923.088283535
2015-12-24 00:00:00+00:00,14569923.088283535
2015-12-28 00:00:00+00:00,14569923.088283535
2015-12-29 00:00:00+00:00,14569923.088283535
2015-12-30 00:00:00+00:00,14569923.088283535
2015-12-31 00:00:00+00:00,14569923.088283535
2016-01-01 00:00:00+00:00,14569923.088283535
2016-01-04 00:00:00+00:00,14569923.088283535
2016-01-05 00:00:00+00:00,14569923.088283535
2016-01-06 00:00:00+00:00,14569923.088283535
2016-01-07 00:00:00+00:00,14569923.088283535
2016-01-08 00:00:00+00:00,14569923.088283535
2016-01-11 00:00:00+00:00,14569923.088283535
2016-01-12 00:00:00+00:00,14569923.088283535
2016-01-13 00:00:00+00:00,14569923.088283535
2016-01-14 00:00:00+00:00,14569923.088283535
2016-01-15 00:00:00+00:00,14569923.088283535
2016-01-18 00:00:00+00:00,14569923.088283535
2016-01-19 00:00:00+00:00,14569923.088283535
2016-01-20 00:00:00+00:00,14569923.088283535
2016-01-21 00:00:00+00:00,14569923.088283535
2016-01-22 00:00:00+00:00,14569923.088283535
2016-01-25 00:00:00+00:00,14569923.088283535
2016-01-26 00:00:00+00:00,14569923.088283535
2016-01-27 00:00:00+00:00,14569923.088283535
2016-01-28 00:00:00+00:00,14569923.088283535
2016-01-29 00:00:00+00:00,14569923.088283535
2016-02-01 00:00:00+00:00,14569923.088283535
2016-02-02 00:00:00+00:00,14569923.088283535
2016-02-03 00:00:00+00:00,14569923.088283535
2016-02-04 00:00:00+00:00,14569923.088283535
2016-02-05 00:00:00+00:00,14569923.088283535
2016-02-08 00:00:00+00:00,14569923.088283535
2016-02-09 00:00:00+00:00,14569923.088283535
2016-02-10 00:00:00+00:00,14569923.088283535
2016-02-11 00:00:00+00:00,14569923.088283535
2016-02-12 00:00:00+00:00,14569923.088283535
2016-02-15 00:00:00+00:00,14569923.088283535
2016-02-16 00:00:00+00:00,14569923.088283535
2016-02-17 00:00:00+00:00,14569923.088283535
2016-02-18 00:00:00+00:00,14569923.088283535
2016-02-19 00:00:00+00:00,14569923.088283535
2016-02-22 00:00:00+00:00,14569923.088283535
2016-02-23 00:00:00+00:00,14569923.088283535
2016-02-24 00:00:00+00:00,14569923.088283535
2016-02-25 00:00:00+00:00,14569923.088283535
2016-02-26 00:00:00+00:00,14569923.088283535
2016-02-29 00:00:00+00:00,14569923.088283535
2016-03-01 00:00:00+00:00,14569923.088283535
2016-03-02 00:00:00+00:00,14569923.088283535
2016-03-03 00:00:00+00:00,14569923.088283535
2016-03-04 00:00:00+00:00,14569923.088283535
2016-03-07 00:00:00+00:00,14569923.088283535
2016-03-08 00:00:00+00:00,14569923.088283535
2016-03-09 00:00:00+00:00,14569923.088283535
2016-03-10 00:00:00+00:00,14569923.088283535
2016-03-11 00:00:00+00:00,14569923.088283535
2016-03-14 00:00:00+00:00,14569923.088283535
2016-03-15 00:00:00+00:00,14569923.088283535
2016-03-16 00:00:00+00:00,14569923.088283535
2016-03-17 00:00:00+00:00,14569923.088283535
2016-03-18 00:00:00+00:00,14569923.088283535
2016-03-21 00:00:00+00:00,14569923.088283535
2016-03-22 00:00:00+00:00,14569923.088283535
2016-03-23 00:00:00+00:00,14569923.088283535
2016-03-24 00:00:00+00:00,14569923.088283535
2016-03-28 00:00:00+00:00,14569923.088283535
2016-03-29 00:00:00+00:00,14569923.088283535
2016-03-30 00:00:00+00:00,14569923.088283535
2016-03-31 00:00:00+00:00,14569923.088283535
2016-04-01 00:00:00+00:00,14569923.088283535
2016-04-04 00:00:00+00:00,14569923.088283535
2016-04-05 00:00:00+00:00,14569923.088283535
2016-04-06 00:00:00+00:00,14569923.088283535
2016-04-07 00:00:00+00:00,14569923.088283535
2016-04-08 00:00:00+00:00,14569923.088283535
2016-04-11 00:00:00+00:00,14569923.088283535
2016-04-12 00:00:00+00:00,14569923.088283535
2016-04-13 00:00:00+00:00,14569923.088283535
2016-04-14 00:00:00+00:00,14569923.088283535
2016-04-15 00:00:00+00:00,14569923.088283535
2016-04-18 00:00:00+00:00,14569923.088283535
2016-04-19 00:00:00+00:00,14569923.088283535
2016-04-20 00:00:00+00:00,14569923.088283535
2016-04-21 00:00:00+00:00,14569923.088283535
2016-04-22 00:00:00+00:00,14569923.088283535
2016-04-25 00:00:00+00:00,14569923.088283535
2016-04-26 00:00:00+00:00,14569923.088283535
2016-04-27 00:00:00+00:00,14569923.088283535
2016-04-28 00:00:00+00:00,14569923.088283535
2016-04-29 00:00:00+00:00,14569923.088283535
2016-05-02 00:00:00+00:00,14569923.088283535
2016-05-03 00:00:00+00:00,14569923.088283535
2016-05-04 00:00:00+00:00,14569923.088283535
2016-05-05 00:00:00+00:00,14569923.088283535
2016-05-06 00:00:00+00:00,14569923.088283535
2016-05-09 00:00:00+00:00,14569923.088283535
2016-05-10 00:00:00+00:00,14569923.088283535
2016-05-11 00:00:00+00:00,14569923.088283535
2016-05-12 00:00:00+00:00,14569923.088283535
2016-05-13 00:00:00+00:00,14569923.088283535
2016-05-16 00:00:00+00:00,14569923.088283535
2016-05-17 00:00:00+00:00,14569923.088283535
2016-05-18 00:00:00+00:00,14569923.088283535
2016-05-19 00:00:00+00:00,14569923.088283535
2016-05-20 00:00:00+00:00,14569923.088283535
2016-05-23 00:00:00+00:00,14569923.088283535
2016-05-24 00:00:00+00:00,14569923.088283535
2016-05-25 00:00:00+00:00,14569923.088283535
2016-05-26 00:00:00+00:00,14569923.088283535
2016-05-27 00:00:00+00:00,14569923.088283535
2016-05-30 00:00:00+00:00,14569923.088283535
2016-05-31 00:00:00+00:00,14569923.088283535
2016-06-01 00:00:00+00:00,14569923.088283535
2016-06-02 00:00:00+00:00,14569923.088283535
2016-06-03 00:00:00+00:00,14569923.088283535
2016-06-06 00:00:00+00:00,14569923.088283535
2016-06-07 00:00:00+00:00,14569923.088283535
2016-06-08 00:00:00+00:00,14569923.088283535
2016-06-09 00:00:00+00:00,14569923.088283535
2016-06-10 00:00:00+00:00,14569923.088283535
2016-06-13 00:00:00+00:00,14569923.088283535
2016-06-14 00:00:00+00:00,14569923.088283535
2016-06-15 00:00:00+00:00,14569923.088283535
2016-06-16 00:00:00+00:00,14569923.088283535
2016-06-17 00:00:00+00:00,14569923.088283535
2016-06-20 00:00:00+00:00,14569923.088283535
2016-06-21 00:00:00+00:00,14569923.088283535
2016-06-22 00:00:00+00:00,14569923.088283535
2016-06-23 00:00:00+00:00,14569923.088283535
2016-06-24 00:00:00+00:00,14569923.088283535
2016-06-27 00:00:00+00:00,14569923.088283535
2016-06-28 00:00:00+00:00,14569923.088283535
2016-06-29 00:00:00+00:00,14569923.088283535
2016-06-30 00:00:00+00:00,14569923.088283535
2016-07-01 00:00:00+00:00,14569923.088283535
2016-07-04 00:00:00+00:00,14569923.088283535
2016-07-05 00:00:00+00:00,14569923.088283535
2016-07-06 00:00:00+00:00,14569923.088283535
2016-07-07 00:00:00+00:00,14569923.088283535
2016-07-08 00:00:00+00:00,14569923.088283535
2016-07-11 00:00:00+00:00,14569923.088283535
2016-07-12 00:00:00+00:00,14569923.088283535
2016-07-13 00:00:00+00:00,14569923.088283535
2016-07-14 00:00:00+00:00,14569923.088283535
2016-07-15 00:00:00+00:00,14569923.088283535
2016-07-18 00:00:00+00:00,14569923.088283535
2016-07-19 00:00:00+00:00,14569923.088283535
2016-07-20 00:00:00+00:00,14569923.088283535
2016-07-21 00:00:00+00:00,14569923.088283535
2016-07-22 00:00:00+00:00,14569923.088283535
2016-07-25 00:00:00+00:00,14569923.088283535
2016-07-26 00:00:00+00:00,14569923.088283535
2016-07-27 00:00:00+00:00,14569923.088283535
2016-07-28 00:00:00+00:00,14569923.088283535
2016-07-29 00:00:00+00:00,14569923.088283535
2016-08-01 00:00:00+00:00,14569923.088283535
2016-08-02 00:00:00+00:00,14569923.088283535
2016-08-03 00:00:00+00:00,14569923.088283535
2016-08-04 00:00:00+00:00,14569923.088283535
2016-08-05 00:00:00+00:00,14569923.088283535
2016-08-08 00:00:00+00:00,14569923.088283535
2016-08-09 00:00:00+00:00,14569923.088283535
2016-08-10 00:00:00+00:00,14569923.088283535
2016-08-11 00:00:00+00:00,14569923.088283535
2016-08-12 00:00:00+00:00,14569923.088283535
2016-08-15 00:00:00+00:00,14569923.088283535
2016-08-16 00:00:00+00:00,14569923.088283535
2016-08-17 00:00:00+00:00,14569923.088283535
2016-08-18 00:00:00+00:00,14569923.088283535
2016-08-19 00:00:00+00:00,14569923.088283535
2016-08-22 00:00:00+00:00,14569923.088283535
2016-08-23 00:00:00+00:00,14569923.088283535
2016-08-24 00:00:00+00:00,14569923.088283535
2016-08-25 00:00:00+00:00,14569923.088283535
2016-08-26 00:00:00+00:00,14569923.088283535
2016-08-29 00:00:00+00:00,14569923.088283535
2016-08-30 00:00:00+00:00,14569923.088283535
2016-08-31 00:00:00+00:00,14569923.088283535
2016-09-01 00:00:00+00:00,14569923.088283535
2016-09-02 00:00:00+00:00,14569923.088283535
2016-09-06 00:00:00+00:00,14569923.088283535
2016-09-07 00:00:00+00:00,14569923.088283535
2016-09-08 00:00:00+00:00,14569923.088283535
2016-09-09 00:00:00+00:00,14569923.088283535
2016-09-12 00:00:00+00:00,14569923.088283535
2016-09-13 00:00:00+00:00,14569923.088283535
2016-09-14 00:00:00+00:00,14569923.088283535
2016-09-15 00:00:00+00:00,14569923.088283535
2016-09-16 00:00:00+00:00,14569923.088283535
2016-09-19 00:00:00+00:00,14569923.088283535
2016-09-20 00:00:00+00:00,14569923.088283535
2016-09-21 00:00:00+00:00,14569923.088283535
2016-09-22 00:00:00+00:00,14569923.088283535
2016-09-23 00:00:00+00:00,14569923.088283535
2016-09-26 00:00:00+00:00,14569923.088283535
2016-09-27 00:00:00+00:00,14569923.088283535
2016-09-28 00:00:00+00:00,14569923.088283535
2016-09-29 00:00:00+00:00,14569923.088283535
2016-09-30 00:00:00+00:00,14569923.088283535
2016-10-03 00:00:00+00:00,14569923.088283535
2016-10-04 00:00:00+00:00,14569923.088283535
2016-10-05 00:00:00+00:00,14569923.088283535
2016-10-06 00:00:00+00:00,14569923.088283535
2016-10-07 00:00:00+00:00,14569923.088283535
2016-10-10 00:00:00+00:00,14569923.088283535
2016-10-11 00:00:00+00:00,14569923.088283535
2016-10-12 00:00:00+00:00,14569923.088283535
2016-10-13 00:00:00+00:00,14569923.088283535
2016-10-14 00:00:00+00:00,14569923.088283535
2016-10-17 00:00:00+00:00,14569923.088283535
2016-10-18 00:00:00+00:00,14569923.088283535
2016-10-19 00:00:00+00:00,14569923.088283535
2016-10-20 00:00:00+00:00,14569923.088283535
2016-10-21 00:00:00+00:00,14569923.088283535
2016-10-24 00:00:00+00:00,14569923.088283535
2016-10-25 00:00:00+00:00,14569923.088283535
2016-10-26 00:00:00+00:00,14569923.088283535
2016-10-27 00:00:00+00:00,14569923.088283535
2016-10-28 00:00:00+00:00,14569923.088283535
2016-10-31 00:00:00+00:00,14569923.088283535
2016-11-01 00:00:00+00:00,14569923.088283535
2016-11-02 00:00:00+00:00,14569923.088283535
2016-11-03 00:00:00+00:00,14569923.088283535
2016-11-04 00:00:00+00:00,14569923.088283535
2016-11-07 00:00:00+00:00,14569923.088283535
2016-11-08 00:00:00+00:00,14569923.088283535
2016-11-09 00:00:00+00:00,14569923.088283535
2016-11-10 00:00:00+00:00,14569923.088283535
2016-11-11 00:00:00+00:00,14569923.088283535
2016-11-14 00:00:00+00:00,14569923.088283535
2016-11-15 00:00:00+00:00,14569923.088283535
2016-11-16 00:00:00+00:00,14569923.088283535
2016-11-17 00:00:00+00:00,14569923.088283535
2016-11-18 00:00:00+00:00,14569923.088283535
2016-11-21 00:00:00+00:00,14569923.088283535
2016-11-22 00:00:00+00:00,14569923.088283535
2016-11-23 00:00:00+00:00,14569923.088283535
2016-11-24 00:00:00+00:00,14569923.088283535
2016-11-25 00:00:00+00:00,14569923.088283535
2016-11-28 00:00:00+00:00,14569923.088283535
2016-11-29 00:00:00+00:00,14569923.088283535
2016-11-30 00:00:00+00:00,14569923.088283535
2016-12-01 00:00:00+00:00,14569923.088283535
2016-12-02 00:00:00+00:00,14569923.088283535
2016-12-05 00:00:00+00:00,14569923.088283535
2016-12-06 00:00:00+00:00,14569923.088283535
2016-12-07 00:00:00+00:00,14569923.088283535
2016-12-08 00:00:00+00:00,14569923.088283535
2016-12-09 00:00:00+00:00,14569923.088283535
2016-12-12 00:00:00+00:00,14569923.088283535
2016-12-13 00:00:00+00:00,14569923.088283535
2016-12-14 00:00:00+00:00,14569923.088283535
2016-12-15 00:00:00+00:00,14569923.088283535
2016-12-16 00:00:00+00:00,14569923.088283535
2016-12-19 00:00:00+00:00,14569923.088283535
2016-12-20 00:00:00+00:00,14569923.088283535
2016-12-21 00:00:00+00:00,14569923.088283535
2016-12-22 00:00:00+00:00,14569923.088283535
2016-12-23 00:00:00+00:00,14569923.088283535
2016-12-26 00:00:00+00:00,14569923.088283535
2016-12-27 00:00:00+00:00,14569923.088283535
2016-12-28 00:00:00+00:00,14569923.088283535
2016-12-29 00:00:00+00:00,14569923.088283535
2016-12-30 00:00:00+00:00,14569923.088283535
2017-01-02 00:00:00+00:00,14569923.088283535
2017-01-03 00:00:00+00:00,14569923.088283535
2017-01-04 00:00:00+00:00,14569923.088283535
2017-01-05 00:00:00+00:00,14569923.088283535
2017-01-06 00:00:00+00:00,14569923.088283535
2017-01-09 00:00:00+00:00,14569923.088283535
2017-01-10 00:00:00+00:00,14569923.088283535
2017-01-11 00:00:00+00:00,14569923.088283535
2017-01-12 00:00:00+00:00,14569923.088283535
2017-01-13 00:00:00+00:00,14569923.088283535
2017-01-16 00:00:00+00:00,14569923.088283535
2017-01-17 00:00:00+00:00,14569923.088283535
2017-01-18 00:00:00+00:00,14569923.088283535
2017-01-19 00:00:00+00:00,14569923.088283535
2017-01-20 00:00:00+00:00,14569923.088283535
2017-01-23 00:00:00+00:00,14569923.088283535
2017-01-24 00:00:00+00:00,14569923.088283535
2017-01-25 00:00:00+00:00,14569923.088283535
2017-01-26 00:00:00+00:00,14569923.088283535
2017-01-27 00:00:00+00:00,14569923.088283535
2017-01-30 00:00:00+00:00,14569923.088283535
2017-01-31 00:00:00+00:00,14569923.088283535
2017-02-01 00:00:00+00:00,14569923.088283535
2017-02-02 00:00:00+00:00,14569923.088283535
2017-02-03 00:00:00+00:00,14569923.088283535
2017-02-06 00:00:00+00:00,14569923.088283535
2017-02-07 00:00:00+00:00,14569923.088283535
2017-02-08 00:00:00+00:00,14569923.088283535
2017-02-09 00:00:00+00:00,14569923.088283535
2017-02-10 00:00:00+00:00,14569923.088283535
2017-02-13 00:00:00+00:00,14569923.088283535
2017-02-14 00:00:00+00:00,14569923.088283535
2017-02-15 00:00:00+00:00,14569923.088283535
2017-02-16 00:00:00+00:00,14569923.088283535
2017-02-17 00:00:00+00:00,14569923.088283535
2017-02-20 00:00:00+00:00,14569923.088283535
2017-02-21 00:00:00+00:00,14569923.088283535
2017-02-22 00:00:00+00:00,14569923.088283535
2017-02-23 00:00:00+00:00,14569923.088283535
2017-02-24 00:00:00+00:00,14569923.088283535
2017-02-27 00:00:00+00:00,14569923.088283535
2017-02-28 00:00:00+00:00,14569923.088283535
2017-03-01 00:00:00+00:00,14569923.088283535
2017-03-02 00:00:00+00:00,14569923.088283535
2017-03-03 00:00:00+00:00,14569923.088283535
2017-03-06 00:00:00+00:00,14569923.088283535
2017-03-07 00:00:00+00:00,14569923.088283535
2017-03-08 00:00:00+00:00,14569923.088283535
2017-03-09 00:00:00+00:00,14569923.088283535
2017-03-10 00:00:00+00:00,14569923.088283535
2017-03-13 00:00:00+00:00,14569923.088283535
2017-03-14 00:00:00+00:00,14569923.088283535
2017-03-15 00:00:00+00:00,14569923.088283535
2017-03-16 00:00:00+00:00,14569923.088283535
2017-03-17 00:00:00+00:00,14569923.088283535
2017-03-20 00:00:00+00:00,14569923.088283535
2017-03-21 00:00:00+00:00,14569923.088283535
2017-03-22 00:00:00+00:00,14569923.088283535
2017-03-23 00:00:00+00:00,14569923.088283535
2017-03-24 00:00:00+00:00,14569923.088283535
2017-03-27 00:00:00+00:00,14569923.088283535
2017-03-28 00:00:00+00:00,14569923.088283535
2017-03-29 00:00:00+00:00,14569923.088283535
2017-03-30 00:00:00+00:00,14569923.088283535
2017-03-31 00:00:00+00:00,14569923.088283535
2017-04-03 00:00:00+00:00,14569923.088283535
2017-04-04 00:00:00+00:00,14569923.088283535
2017-04-05 00:00:00+00:00,14569923.088283535
2017-04-06 00:00:00+00:00,14569923.088283535
2017-04-07 00:00:00+00:00,14569923.088283535
2017-04-10 00:00:00+00:00,14569923.088283535
2017-04-11 00:00:00+00:00,14569923.088283535
2017-04-12 00:00:00+00:00,14569923.088283535
2017-04-13 00:00:00+00:00,14569923.088283535
2017-04-17 00:00:00+00:00,14569923.088283535
2017-04-18 00:00:00+00:00,14569923.088283535
2017-04-19 00:00:00+00:00,14569923.088283535
2017-04-20 00:00:00+00:00,14569923.088283535
2017-04-21 00:00:00+00:00,14569923.088283535
2017-04-24 00:00:00+00:00,14569923.088283535
2017-04-25 00:00:00+00:00,14569923.088283535
2017-04-26 00:00:00+00:00,14569923.088283535
2017-04-27 00:00:00+00:00,14569923.088283535
2017-04-28 00:00:00+00:00,14569923.088283535
2017-05-01 00:00:00+00:00,14569923.088283535
2017-05-02 00:00:00+00:00,14569923.088283535
2017-05-03 00:00:00+00:00,14569923.088283535
2017-05-04 00:00:00+00:00,14569923.088283535
2017-05-05 00:00:00+00:00,14569923.088283535
2017-05-08 00:00:00+00:00,14569923.088283535
2017-05-09 00:00:00+00:00,14569923.088283535
2017-05-10 00:00:00+00:00,14569923.088283535
2017-05-11 00:00:00+00:00,14569923.088283535
2017-05-12 00:00:00+00:00,14569923.088283535
2017-05-15 00:00:00+00:00,14569923.088283535
2017-05-16 00:00:00+00:00,14569923.088283535
2017-05-17 00:00:00+00:00,14569923.088283535
2017-05-18 00:00:00+00:00,14569923.088283535
2017-05-19 00:00:00+00:00,14569923.088283535
2017-05-22 00:00:00+00:00,14569923.088283535
2017-05-23 00:00:00+00:00,14569923.088283535
2017-05-24 00:00:00+00:00,14569923.088283535
2017-05-25 00:00:00+00:00,14569923.088283535
2017-05-26 00:00:00+00:00,14569923.088283535
2017-05-29 00:00:00+00:00,14569923.088283535
2017-05-30 00:00:00+00:00,14569923.088283535
2017-05-31 00:00:00+00:00,14569923.088283535
2017-06-01 00:00:00+00:00,14569923.088283535
2017-06-02 00:00:00+00:00,14569923.088283535
2017-06-05 00:00:00+00:00,14569923.088283535
2017-06-06 00:00:00+00:00,14569923.088283535
2017-06-07 00:00:00+00:00,14569923.088283535
2017-06-08 00:00:00+00:00,14569923.088283535
2017-06-09 00:00:00+00:00,14569923.088283535
2017-06-12 00:00:00+00:00,14569923.088283535
2017-06-13 00:00:00+00:00,14569923.088283535
2017-06-14 00:00:00+00:00,14569923.088283535
2017-06-15 00:00:00+00:00,14569923.088283535
2017-06-16 00:00:00+00:00,14569923.088283535
2017-06-19 00:00:00+00:00,14569923.088283535
2017-06-20 00:00:00+00:00,14569923.088283535
2017-06-21 00:00:00+00:00,14569923.088283535
2017-06-22 00:00:00+00:00,14569923.088283535
2017-06-23 00:00:00+00:00,14569923.088283535
2017-06-26 00:00:00+00:00,14569923.088283535
2017-06-27 00:00:00+00:00,14569923.088283535
2017-06-28 00:00:00+00:00,14569923.088283535
2017-06-29 00:00:00+00:00,14569923.088283535
2017-06-30 00:00:00+00:00,14569923.088283535
2017-07-03 00:00:00+00:00,14569923.088283535
2017-07-04 00:00:00+00:00,14569923.088283535
2017-07-05 00:00:00+00:00,14569923.088283535
2017-07-06 00:00:00+00:00,14569923.088283535
2017-07-07 00:00:00+00:00,14569923.088283535
2017-07-10 00:00:00+00:00,14569923.088283535
2017-07-11 00:00:00+00:00,14569923.088283535
2017-07-12 00:00:00+00:00,14569923.088283535
2017-07-13 00:00:00+00:00,14569923.088283535
2017-07-14 00:00:00+00:00,14569923.088283535
2017-07-17 00:00:00+00:00,14569923.088283535
2017-07-18 00:00:00+00:00,14569923.088283535
2017-07-19 00:00:00+00:00,14569923.088283535
2017-07-20 00:00:00+00:00,14569923.088283535
2017-07-21 00:00:00+00:00,14569923.088283535
2017-07-24 00:00:00+00:00,14569923.088283535
2017-07-25 00:00:00+00:00,14569923.088283535
2017-07-26 00:00:00+00:00,14569923.088283535
2017-07-27 00:00:00+00:00,14569923.088283535
2017-07-28 00:00:00+00:00,14569923.088283535
2017-07-31 00:00:00+00:00,14569923.088283535
2017-08-01 00:00:00+00:00,14569923.088283535
2017-08-02 00:00:00+00:00,14569923.088283535
2017-08-03 00:00:00+00:00,14569923.088283535
2017-08-04 00:00:00+00:00,14569923.088283535
2017-08-07 00:00:00+00:00,14569923.088283535
2017-08-08 00:00:00+00:00,14569923.088283535
2017-08-09 00:00:00+00:00,14569923.088283535
2017-08-10 00:00:00+00:00,14569923.088283535
2017-08-11 00:00:00+00:00,14569923.088283535
2017-08-14 00:00:00+00:00,14569923.088283535
2017-08-15 00:00:00+00:00,14569923.088283535
2017-08-16 00:00:00+00:00,14569923.088283535
2017-08-17 00:00:00+00:00,14569923.088283535
2017-08-18 00:00:00+00:00,14569923.088283535
2017-08-21 00:00:00+00:00,14569923.088283535
2017-08-22 00:00:00+00:00,14569923.088283535
2017-08-23 00:00:00+00:00,14569923.088283535
2017-08-24 00:00:00+00:00,14569923.088283535
2017-08-25 00:00:00+00:00,14569923.088283535
2017-08-28 00:00:00+00:00,14569923.088283535
2017-08-29 00:00:00+00:00,14569923.088283535
2017-08-30 00:00:00+00:00,14569923.088283535
2017-08-31 00:00:00+00:00,14569923.088283535
2017-09-01 00:00:00+00:00,14569923.088283535
2017-09-04 00:00:00+00:00,14569923.088283535
2017-09-05 00:00:00+00:00,14569923.088283535
2017-09-06 00:00:00+00:00,14569923.088283535
2017-09-07 00:00:00+00:00,14569923.088283535
2017-09-08 00:00:00+00:00,14569923.088283535
2017-09-11 00:00:00+00:00,14569923.088283535
2017-09-12 00:00:00+00:00,14569923.088283535
2017-09-13 00:00:00+00:00,14569923.088283535
2017-09-14 00:00:00+00:00,14569923.088283535
2017-09-15 00:00:00+00:00,14569923.088283535
2017-09-18 00:00:00+00:00,14569923.088283535
2017-09-19 00:00:00+00:00,14569923.088283535
2017-09-20 00:00:00+00:00,14569923.088283535
2017-09-21 00:00:00+00:00,14569923.088283535
2017-09-22 00:00:00+00:00,14569923.088283535
2017-09-25 00:00:00+00:00,14569923.088283535
2017-09-26 00:00:00+00:00,14569923.088283535
2017-09-27 00:00:00+00:00,14569923.088283535
2017-09-28 00:00:00+00:00,14569923.088283535
2017-09-29 00:00:00+00:00,14569923.088283535
2017-10-02 00:00:00+00:00,14569923.088283535
2017-10-03 00:00:00+00:00,14569923.088283535
2017-10-04 00:00:00+00:00,14569923.088283535
2017-10-05 00:00:00+00:00,14569923.088283535
2017-10-06 00:00:00+00:00,14569923.088283535
2017-10-09 00:00:00+00:00,14569923.088283535
2017-10-10 00:00:00+00:00,14569923.088283535
2017-10-11 00:00:00+00:00,14569923.088283535
2017-10-12 00:00:00+00:00,14569923.088283535
2017-10-13 00:00:00+00:00,14569923.088283535
2017-10-16 00:00:00+00:00,14569923.088283535
2017-10-17 00:00:00+00:00,14569923.088283535
2017-10-18 00:00:00+00:00,14569923.088283535
2017-10-19 00:00:00+00:00,14569923.088283535
2017-10-20 00:00:00+00:00,14569923.088283535
2017-10-23 00:00:00+00:00,14569923.088283535
2017-10-24 00:00:00+00:00,14569923.088283535
2017-10-25 00:00:00+00:00,14569923.088283535
2017-10-26 00:00:00+00:00,14569923.088283535
2017-10-27 00:00:00+00:00,14569923.088283535
2017-10-30 00:00:00+00:00,14569923.088283535
2017-10-31 00:00:00+00:00,14569923.088283535
2017-11-01 00:00:00+00:00,14569923.088283535
2017-11-02 00:00:00+00:00,14569923.088283535
2017-11-03 00:00:00+00:00,14569923.088283535
2017-11-06 00:00:00+00:00,14569923.088283535
2017-11-07 00:00:00+00:00,14569923.088283535
2017-11-08 00:00:00+00:00,14569923.088283535
2017-11-09 00:00:00+00:00,14569923.088283535
2017-11-10 00:00:00+00:00,14569923.088283535
2017-11-13 00:00:00+00:00,14569923.088283535
2017-11-14 00:00:00+00:00,14569923.088283535
2017-11-15 00:00:00+00:00,14569923.088283535
2017-11-16 00:00:00+00:00,14569923.088283535
2017-11-17 00:00:00+00:00,14569923.088283535
2017-11-20 00:00:00+00:00,14569923.088283535
2017-11-21 00:00:00+00:00,14569923.088283535
2017-11-22 00:00:00+00:00,14569923.088283535
2017-11-23 00:00:00+00:00,14569923.088283535
2017-11-24 00:00:00+00:00,14569923.088283535
2017-11-27 00:00:00+00:00,14569923.088283535
2017-11-28 00:00:00+00:00,14569923.088283535
2017-11-29 00:00:00+00:00,14569923.088283535
2017-11-30 00:00:00+00:00,14569923.088283535
2017-12-01 00:00:00+00:00,14569923.088283535
2017-12-04 00:00:00+00:00,14569923.088283535
2017-12-05 00:00:00+00:00,14569923.088283535
2017-12-06 00:00:00+00:00,14569923.088283535
2017-12-07 00:00:00+00:00,14569923.088283535
2017-12-08 00:00:00+00:00,14569923.088283535
2017-12-11 00:00:00+00:00,14569923.088283535
2017-12-12 00:00:00+00:00,14569923.088283535
2017-12-13 00:00:00+00:00,14569923.088283535
2017-12-14 00:00:00+00:00,14569923.088283535
2017-12-15 00:00:00+00:00,14569923.088283535
2017-12-18 00:00:00+00:00,14569923.088283535
2017-12-19 00:00:00+00:00,14569923.088283535
2017-12-20 00:00:00+00:00,14569923.088283535
2017-12-21 00:00:00+00:00,14569923.088283535
2017-12-22 00:00:00+00:00,14569923.088283535
2017-12-26 00:00:00+00:00,14569923.088283535
2017-12-27 00:00:00+00:00,14569923.088283535
2017-12-28 00:00:00+00:00,14569923.088283535
2017-12-29 00:00:00+00:00,14569923.088283535
2018-01-01 00:00:00+00:00,14569923.088283535
2018-01-02 00:00:00+00:00,14569923.088283535
2018-01-03 00:00:00+00:00,14569923.088283535
2018-01-04 00:00:00+00:00,14569923.088283535
2018-01-05 00:00:00+00:00,14569923.088283535
2018-01-08 00:00:00+00:00,14569923.088283535
2018-01-09 00:00:00+00:00,14569923.088283535
2018-01-10 00:00:00+00:00,14569923.088283535
2018-01-11 00:00:00+00:00,14569923.088283535
2018-01-12 00:00:00+00:00,14569923.088283535
2018-01-15 00:00:00+00:00,14569923.088283535
2018-01-16 00:00:00+00:00,14569923.088283535
2018-01-17 00:00:00+00:00,14569923.088283535
2018-01-18 00:00:00+00:00,14569923.088283535
2018-01-19 00:00:00+00:00,14569923.088283535
2018-01-22 00:00:00+00:00,14569923.088283535
2018-01-23 00:00:00+00:00,14569923.088283535
2018-01-24 00:00:00+00:00,14569923.088283535
2018-01-25 00:00:00+00:00,14569923.088283535
2018-01-26 00:00:00+00:00,14569923.088283535
2018-01-29 00:00:00+00:00,14569923.088283535
2018-01-30 00:00:00+00:00,14569923.088283535
2018-01-31 00:00:00+00:00,14569923.088283535
2018-02-01 00:00:00+00:00,14569923.088283535
2018-02-02 00:00:00+00:00,14569923.088283535
2018-02-05 00:00:00+00:00,14569923.088283535
2018-02-06 00:00:00+00:00,14569923.088283535
2018-02-07 00:00:00+00:00,14569923.088283535
2018-02-08 00:00:00+00:00,14569923.088283535
2018-02-09 00:00:00+00:00,14569923.088283535
2018-02-12 00:00:00+00:00,14569923.088283535
2018-02-13 00:00:00+00:00,14569923.088283535
2018-02-14 00:00:00+00:00,14569923.088283535
2018-02-15 00:00:00+00:00,14569923.088283535
2018-02-16 00:00:00+00:00,14569923.088283535
2018-02-19 00:00:00+00:00,14569923.088283535
2018-02-20 00:00:00+00:00,14569923.088283535
2018-02-21 00:00:00+00:00,14569923.088283535
2018-02-22 00:00:00+00:00,14569923.088283535
2018-02-23 00:00:00+00:00,14569923.088283535
2018-02-26 00:00:00+00:00,14569923.088283535
2018-02-27 00:00:00+00:00,14569923.088283535
2018-02-28 00:00:00+00:00,14569923.088283535
2018-03-01 00:00:00+00:00,14569923.088283535
2018-03-02 00:00:00+00:00,14569923.088283535
2018-03-05 00:00:00+00:00,14569923.088283535
2018-03-06 00:00:00+00:00,14569923.088283535
2018-03-07 00:00:00+00:00,14569923.088283535
2018-03-08 00:00:00+00:00,14569923.088283535
2018-03-09 00:00:00+00:00,14569923.088283535
2018-03-12 00:00:00+00:00,14569923.088283535
2018-03-13 00:00:00+00:00,14569923.088283535
2018-03-14 00:00:00+00:00,14569923.088283535
2018-03-15 00:00:00+00:00,14569923.088283535
2018-03-16 00:00:00+00:00,14569923.088283535
2018-03-19 00:00:00+00:00,14569923.088283535
2018-03-20 00:00:00+00:00,14569923.088283535
2018-03-21 00:00:00+00:00,14569923.088283535
2018-03-22 00:00:00+00:00,14569923.088283535
2018-03-23 00:00:00+00:00,14569923.088283535
2018-03-26 00:00:00+00:00,14569923.088283535
2018-03-27 00:00:00+00:00,14569923.088283535
2018-03-28 00:00:00+00:00,14569923.088283535
2018-03-29 00:00:00+00:00,14569923.088283535
2018-04-02 00:00:00+00:00,14569923.088283535
2018-04-03 00:00:00+00:00,14569923.088283535
2018-04-04 00:00:00+00:00,14569923.088283535
2018-04-05 00:00:00+00:00,14569923.088283535
2018-04-06 00:00:00+00:00,14569923.088283535
2018-04-09 00:00:00+00:00,14569923.088283535
2018-04-10 00:00:00+00:00,14569923.088283535
2018-04-11 00:00:00+00:00,14569923.088283535
2018-04-12 00:00:00+00:00,14569923.088283535
2018-04-13 00:00:00+00:00,14569923.088283535
2018-04-16 00:00:00+00:00,14569923.088283535
2018-04-17 00:00:00+00:00,14569923.088283535
2018-04-18 00:00:00+00:00,14569923.088283535
2018-04-19 00:00:00+00:00,14569923.088283535
2018-04-20 00:00:00+00:00,14569923.088283535
2018-04-23 00:00:00+00:00,14569923.088283535
2018-04-24 00:00:00+00:00,14569923.088283535
2018-04-25 00:00:00+00:00,14569923.088283535
2018-04-26 00:00:00+00:00,14569923.088283535
2018-04-27 00:00:00+00:00,14569923.088283535
2018-04-30 00:00:00+00:00,14569923.088283535
2018-05-01 00:00:00+00:00,14569923.088283535
2018-05-02 00:00:00+00:00,14569923.088283535
2018-05-03 00:00:00+00:00,14569923.088283535
2018-05-04 00:00:00+00:00,14569923.088283535
2018-05-07 00:00:00+00:00,14569923.088283535
2018-05-08 00:00:00+00:00,14569923.088283535
2018-05-09 00:00:00+00:00,14569923.088283535
2018-05-10 00:00:00+00:00,14569923.088283535
2018-05-11 00:00:00+00:00,14569923.088283535
2018-05-14 00:00:00+00:00,14569923.088283535
2018-05-15 00:00:00+00:00,14569923.088283535
2018-05-16 00:00:00+00:00,14569923.088283535
2018-05-17 00:00:00+00:00,14569923.088283535
2018-05-18 00:00:00+00:00,14569923.088283535
2018-05-21 00:00:00+00:00,14569923.088283535
2018-05-22 00:00:00+00:00,14569923.088283535
2018-05-23 00:00:00+00:00,14569923.088283535
2018-05-24 00:00:00+00:00,14569923.088283535
2018-05-25 00:00:00+00:00,14569923.088283535
2018-05-28 00:00:00+00:00,14569923.088283535
2018-05-29 00:00:00+00:00,14569923.088283535
2018-05-30 00:00:00+00:00,14569923.088283535
2018-05-31 00:00:00+00:00,14569923.088283535
2018-06-01 00:00:00+00:00,14569923.088283535
2018-06-04 00:00:00+00:00,14569923.088283535
2018-06-05 00:00:00+00:00,14569923.088283535
2018-06-06 00:00:00+00:00,14569923.088283535
2018-06-07 00:00:00+00:00,14569923.088283535
2018-06-08 00:00:00+00:00,14569923.088283535
2018-06-11 00:00:00+00:00,14569923.088283535
2018-06-12 00:00:00+00:00,14569923.088283535
2018-06-13 00:00:00+00:00,14569923.088283535
2018-06-14 00:00:00+00:00,14569923.088283535
2018-06-15 00:00:00+00:00,14569923.088283535
2018-06-18 00:00:00+00:00,14569923.088283535
2018-06-19 00:00:00+00:00,14569923.088283535
2018-06-20 00:00:00+00:00,14569923.088283535
2018-06-21 00:00:00+00:00,14569923.088283535
2018-06-22 00:00:00+00:00,14569923.088283535
2018-06-25 00:00:00+00:00,14569923.088283535
2018-06-26 00:00:00+00:00,14569923.088283535
2018-06-27 00:00:00+00:00,14569923.088283535
2018-06-28 00:00:00+00:00,14569923.088283535
2018-06-29 00:00:00+00:00,14569923.088283535
2018-07-02 00:00:00+00:00,14569923.088283535
2018-07-03 00:00:00+00:00,14569923.088283535
2018-07-04 00:00:00+00:00,14569923.088283535
2018-07-05 00:00:00+00:00,14569923.088283535
2018-07-06 00:00:00+00:00,14569923.088283535
2018-07-09 00:00:00+00:00,14569923.088283535
2018-07-10 00:00:00+00:00,14569923.088283535
2018-07-11 00:00:00+00:00,14569923.088283535
2018-07-12 00:00:00+00:00,14569923.088283535
2018-07-13 00:00:00+00:00,14569923.088283535
2018-07-16 00:00:00+00:00,14569923.088283535
2018-07-17 00:00:00+00:00,14569923.088283535
2018-07-18 00:00:00+00:00,14569923.088283535
2018-07-19 00:00:00+00:00,14569923.088283535
2018-07-20 00:00:00+00:00,14569923.088283535
2018-07-23 00:00:00+00:00,14569923.088283535
2018-07-24 00:00:00+00:00,14569923.088283535
2018-07-25 00:00:00+00:00,14569923.088283535
2018-07-26 00:00:00+00:00,14569923.088283535
2018-07-27 00:00:00+00:00,14569923.088283535
2018-07-30 00:00:00+00:00,14569923.088283535
2018-07-31 00:00:00+00:00,14569923.088283535
2018-08-01 00:00:00+00:00,14569923.088283535
2018-08-02 00:00:00+00:00,14569923.088283535
2018-08-03 00:00:00+00:00,14569923.088283535
2018-08-06 00:00:00+00:00,14569923.088283535
2018-08-07 00:00:00+00:00,14569923.088283535
2018-08-08 00:00:00+00:00,14569923.088283535
2018-08-09 00:00:00+00:00,14569923.088283535
2018-08-10 00:00:00+00:00,14569923.088283535
2018-08-13 00:00:00+00:00,14569923.088283535
2018-08-14 00:00:00+00:00,14569923.088283535
2018-08-15 00:00:00+00:00,14569923.088283535
2018-08-16 00:00:00+00:00,14569923.088283535
2018-08-17 00:00:00+00:00,14569923.088283535
2018-08-20 00:00:00+00:00,14569923.088283535
2018-08-21 00:00:00+00:00,14569923.088283535
2018-08-22 00:00:00+00:00,14569923.088283535
2018-08-23 00:00:00+00:00,14569923.088283535
2018-08-24 00:00:00+00:00,14569923.088283535
2018-08-27 00:00:00+00:00,14569923.088283535
2018-08-28 00:00:00+00:00,14569923.088283535
2018-08-29 00:00:00+00:00,14569923.088283535
2018-08-30 00:00:00+00:00,14569923.088283535
2018-08-31 00:00:00+00:00,14569923.088283535
2018-09-03 00:00:00+00:00,14569923.088283535
2018-09-04 00:00:00+00:00,14569923.088283535
2018-09-05 00:00:00+00:00,14569923.088283535
2018-09-06 00:00:00+00:00,14569923.088283535
2018-09-07 00:00:00+00:00,14569923.088283535
2018-09-10 00:00:00+00:00,14569923.088283535
2018-09-11 00:00:00+00:00,14569923.088283535
2018-09-12 00:00:00+00:00,14569923.088283535
2018-09-13 00:00:00+00:00,14569923.088283535
2018-09-14 00:00:00+00:00,14569923.088283535
2018-09-17 00:00:00+00:00,14569923.088283535
2018-09-18 00:00:00+00:00,14569923.088283535
2018-09-19 00:00:00+00:00,14569923.088283535
2018-09-20 00:00:00+00:00,14569923.088283535
2018-09-21 00:00:00+00:00,14569923.088283535
2018-09-24 00:00:00+00:00,14569923.088283535
2018-09-25 00:00:00+00:00,14569923.088283535
2018-09-26 00:00:00+00:00,14569923.088283535
2018-09-27 00:00:00+00:00,14569923.088283535
2018-09-28 00:00:00+00:00,14569923.088283535
2018-10-01 00:00:00+00:00,14569923.088283535
2018-10-02 00:00:00+00:00,14569923.088283535
2018-10-03 00:00:00+00:00,14569923.088283535
2018-10-04 00:00:00+00:00,14569923.088283535
2018-10-05 00:00:00+00:00,14569923.088283535
2018-10-08 00:00:00+00:00,14569923.088283535
2018-10-09 00:00:00+00:00,14569923.088283535
2018-10-10 00:00:00+00:00,14569923.088283535
2018-10-11 00:00:00+00:00,14569923.088283535
2018-10-12 00:00:00+00:00,14569923.088283535
2018-10-15 00:00:00+00:00,14569923.088283535
2018-10-16 00:00:00+00:00,14569923.088283535
2018-10-17 00:00:00+00:00,14569923.088283535
2018-10-18 00:00:00+00:00,14569923.088283535
2018-10-19 00:00:00+00:00,14569923.088283535
2018-10-22 00:00:00+00:00,14569923.088283535
2018-10-23 00:00:00+00:00,14569923.088283535
2018-10-24 00:00:00+00:00,14569923.088283535
2018-10-25 00:00:00+00:00,14569923.088283535
2018-10-26 00:00:00+00:00,14569923.088283535
2018-10-29 00:00:00+00:00,14569923.088283535
2018-10-30 00:00:00+00:00,14569923.088283535
2018-10-31 00:00:00+00:00,14569923.088283535
2018-11-01 00:00:00+00:00,14569923.088283535
2018-11-02 00:00:00+00:00,14569923.088283535
2018-11-05 00:00:00+00:00,14569923.088283535
2018-11-06 00:00:00+00:00,14569923.088283535
2018-11-07 00:00:00+00:00,14569923.088283535
2018-11-08 00:00:00+00:00,14569923.088283535
2018-11-09 00:00:00+00:00,14569923.088283535
2018-11-12 00:00:00+00:00,14569923.088283535
2018-11-13 00:00:00+00:00,14569923.088283535
2018-11-14 00:00:00+00:00,14569923.088283535
2018-11-15 00:00:00+00:00,14569923.088283535
2018-11-16 00:00:00+00:00,14569923.088283535
2018-11-19 00:00:00+00:00,14569923.088283535
2018-11-20 00:00:00+00:00,14569923.088283535
2018-11-21 00:00:00+00:00,14569923.088283535
2018-11-22 00:00:00+00:00,14569923.088283535
2018-11-23 00:00:00+00:00,14569923.088283535
2018-11-26 00:00:00+00:00,14569923.088283535
2018-11-27 00:00:00+00:00,14569923.088283535
2018-11-28 00:00:00+00:00,14569923.088283535
2018-11-29 00:00:00+00:00,14569923.088283535
2018-11-30 00:00:00+00:00,14569923.088283535
2018-12-03 00:00:00+00:00,14569923.088283535
2018-12-04 00:00:00+00:00,14569923.088283535
2018-12-05 00:00:00+00:00,14569923.088283535
2018-12-06 00:00:00+00:00,14569923.088283535
2018-12-07 00:00:00+00:00,14569923.088283535
2018-12-10 00:00:00+00:00,14569923.088283535
2018-12-11 00:00:00+00:00,14569923.088283535
2018-12-12 00:00:00+00:00,14569923.088283535
2018-12-13 00:00:00+00:00,14569923.088283535
2018-12-14 00:00:00+00:00,14569923.088283535
2018-12-17 00:00:00+00:00,14569923.088283535
2018-12-18 00:00:00+00:00,14569923.088283535
2018-12-19 00:00:00+00:00,14569923.088283535
2018-12-20 00:00:00+00:00,14569923.088283535
2018-12-21 00:00:00+00:00,14569923.088283535
2018-12-24 00:00:00+00:00,14569923.088283535
2018-12-26 00:00:00+00:00,14569923.088283535
2018-12-27 00:00:00+00:00,14569923.088283535
2018-12-28 00:00:00+00:00,14569923.088283535
2018-12-31 00:00:00+00:00,14569923.088283535
2019-01-01 00:00:00+00:00,14569923.088283535
2019-01-02 00:00:00+00:00,14569923.088283535
2019-01-03 00:00:00+00:00,14569923.088283535
2019-01-04 00:00:00+00:00,14569923.088283535
2019-01-07 00:00:00+00:00,14569923.088283535
2019-01-08 00:00:00+00:00,14569923.088283535
2019-01-09 00:00:00+00:00,14569923.088283535
2019-01-10 00:00:00+00:00,14569923.088283535
2019-01-11 00:00:00+00:00,14569923.088283535
2019-01-14 00:00:00+00:00,14569923.088283535
2019-01-15 00:00:00+00:00,14569923.088283535
2019-01-16 00:00:00+00:00,14569923.088283535
2019-01-17 00:00:00+00:00,14569923.088283535
2019-01-18 00:00:00+00:00,14569923.088283535
2019-01-21 00:00:00+00:00,14569923.088283535
2019-01-22 00:00:00+00:00,14569923.088283535
2019-01-23 00:00:00+00:00,14569923.088283535
2019-01-24 00:00:00+00:00,14569923.088283535
2019-01-25 00:00:00+00:00,14569923.088283535
2019-01-28 00:00:00+00:00,14569923.088283535
2019-01-29 00:00:00+00:00,14569923.088283535
2019-01-30 00:00:00+00:00,14569923.088283535
2019-01-31 00:00:00+00:00,14569923.088283535
2019-02-01 00:00:00+00:00,14569923.088283535
2019-02-04 00:00:00+00:00,14569923.088283535
2019-02-05 00:00:00+00:00,14569923.088283535
2019-02-06 00:00:00+00:00,14569923.088283535
2019-02-07 00:00:00+00:00,14569923.088283535
2019-02-08 00:00:00+00:00,14569923.088283535
2019-02-11 00:00:00+00:00,14569923.088283535
2019-02-12 00:00:00+00:00,14569923.088283535
2019-02-13 00:00:00+00:00,14569923.088283535
2019-02-14 00:00:00+00:00,14569923.088283535
2019-02-15 00:00:00+00:00,14569923.088283535
2019-02-18 00:00:00+00:00,14569923.088283535
2019-02-19 00:00:00+00:00,14569923.088283535
2019-02-20 00:00:00+00:00,14569923.088283535
2019-02-21 00:00:00+00:00,14569923.088283535
2019-02-22 00:00:00+00:00,14569923.088283535
2019-02-25 00:00:00+00:00,14569923.088283535
2019-02-26 00:00:00+00:00,14569923.088283535
2019-02-27 00:00:00+00:00,14569923.088283535
2019-02-28 00:00:00+00:00,14569923.088283535
2019-03-01 00:00:00+00:00,14569923.088283535
2019-03-04 00:00:00+00:00,14569923.088283535
2019-03-05 00:00:00+00:00,14569923.088283535
2019-03-06 00:00:00+00:00,14569923.088283535
2019-03-07 00:00:00+00:00,14569923.088283535
2019-03-08 00:00:00+00:00,14569923.088283535
2019-03-11 00:00:00+00:00,14569923.088283535
2019-03-12 00:00:00+00:00,14569923.088283535
2019-03-13 00:00:00+00:00,14569923.088283535
2019-03-14 00:00:00+00:00,14569923.088283535
2019-03-15 00:00:00+00:00,14569923.088283535
2019-03-18 00:00:00+00:00,14569923.088283535
2019-03-19 00:00:00+00:00,14569923.088283535
2019-03-20 00:00:00+00:00,14569923.088283535
2019-03-21 00:00:00+00:00,14569923.088283535
2019-03-22 00:00:00+00:00,14569923.088283535
2019-03-25 00:00:00+00:00,14569923.088283535
2019-03-26 00:00:00+00:00,14569923.088283535
2019-03-27 00:00:00+00:00,14569923.088283535
2019-03-28 00:00:00+00:00,14569923.088283535
2019-03-29 00:00:00+00:00,14569923.088283535
2019-04-01 00:00:00+00:00,14569923.088283535
2019-04-02 00:00:00+00:00,14569923.088283535
2019-04-03 00:00:00+00:00,14569923.088283535
2019-04-04 00:00:00+00:00,14569923.088283535
2019-04-05 00:00:00+00:00,14569923.088283535
2019-04-08 00:00:00+00:00,14569923.088283535
2019-04-09 00:00:00+00:00,14569923.088283535
2019-04-10 00:00:00+00:00,14569923.088283535
2019-04-11 00:00:00+00:00,14569923.088283535
2019-04-12 00:00:00+00:00,14569923.088283535
2019-04-15 00:00:00+00:00,14569923.088283535
2019-04-16 00:00:00+00:00,14569923.088283535
2019-04-17 00:00:00+00:00,14569923.088283535
2019-04-18 00:00:00+00:00,14569923.088283535
2019-04-22 00:00:00+00:00,14569923.088283535
2019-04-23 00:00:00+00:00,14569923.088283535
2019-04-24 00:00:00+00:00,14569923.088283535
2019-04-25 00:00:00+00:00,14569923.088283535
2019-04-26 00:00:00+00:00,14569923.088283535
2019-04-29 00:00:00+00:00,14569923.088283535
2019-04-30 00:00:00+00:00,14569923.088283535
2019-05-01 00:00:00+00:00,14569923.088283535
2019-05-02 00:00:00+00:00,14569923.088283535
2019-05-03 00:00:00+00:00,14569923.088283535
2019-05-06 00:00:00+00:00,14569923.088283535
2019-05-07 00:00:00+00:00,14569923.088283535
2019-05-08 00:00:00+00:00,14569923.088283535
2019-05-09 00:00:00+00:00,14569923.088283535
2019-05-10 00:00:00+00:00,14569923.088283535
2019-05-13 00:00:00+00:00,14569923.088283535
2019-05-14 00:00:00+00:00,14569923.088283535
2019-05-15 00:00:00+00:00,14569923.088283535
2019-05-16 00:00:00+00:00,14569923.088283535
2019-05-17 00:00:00+00:00,14569923.088283535
2019-05-20 00:00:00+00:00,14569923.088283535
2019-05-21 00:00:00+00:00,14569923.088283535
2019-05-22 00:00:00+00:00,14569923.088283535
2019-05-23 00:00:00+00:00,14569923.088283535
2019-05-24 00:00:00+00:00,14569923.088283535
2019-05-27 00:00:00+00:00,14569923.088283535
2019-05-28 00:00:00+00:00,14569923.088283535
2019-05-29 00:00:00+00:00,14569923.088283535
2019-05-30 00:00:00+00:00,14569923.088283535
2019-05-31 00:00:00+00:00,14569923.088283535
2019-06-03 00:00:00+00:00,14569923.088283535
2019-06-04 00:00:00+00:00,14569923.088283535
2019-06-05 00:00:00+00:00,14569923.088283535
2019-06-06 00:00:00+00:00,14569923.088283535
2019-06-07 00:00:00+00:00,14569923.088283535
2019-06-10 00:00:00+00:00,14569923.088283535
2019-06-11 00:00:00+00:00,14569923.088283535
2019-06-12 00:00:00+00:00,14569923.088283535
2019-06-13 00:00:00+00:00,14569923.088283535
2019-06-14 00:00:00+00:00,14569923.088283535
2019-06-17 00:00:00+00:00,14569923.088283535
2019-06-18 00:00:00+00:00,14569923.088283535
2019-06-19 00:00:00+00:00,14569923.088283535
2019-06-20 00:00:00+00:00,14569923.088283535
2019-06-21 00:00:00+00:00,14569923.088283535
2019-06-24 00:00:00+00:00,14569923.088283535
2019-06-25 00:00:00+00:00,14569923.088283535
2019-06-26 00:00:00+00:00,14569923.088283535
2019-06-27 00:00:00+00:00,14569923.088283535
2019-06-28 00:00:00+00:00,14569923.088283535
2019-07-01 00:00:00+00:00,14569923.088283535
2019-07-02 00:00:00+00:00,14569923.088283535
2019-07-03 00:00:00+00:00,14569923.088283535
2019-07-04 00:00:00+00:00,14569923.088283535
2019-07-05 00:00:00+00:00,14569923.088283535
2019-07-08 00:00:00+00:00,14569923.088283535
2019-07-09 00:00:00+00:00,14569923.088283535
2019-07-10 00:00:00+00:00,14569923.088283535
2019-07-11 00:00:00+00:00,14569923.088283535
2019-07-12 00:00:00+00:00,14569923.088283535
2019-07-15 00:00:00+00:00,14569923.088283535
2019-07-16 00:00:00+00:00,14569923.088283535
2019-07-17 00:00:00+00:00,14569923.088283535
2019-07-18 00:00:00+00:00,14569923.088283535
2019-07-19 00:00:00+00:00,14569923.088283535
2019-07-22 00:00:00+00:00,14569923.088283535
2019-07-23 00:00:00+00:00,14569923.088283535
2019-07-24 00:00:00+00:00,14569923.088283535
2019-07-25 00:00:00+00:00,14569923.088283535
2019-07-26 00:00:00+00:00,14569923.088283535
2019-07-29 00:00:00+00:00,14569923.088283535
2019-07-30 00:00:00+00:00,14569923.088283535
2019-07-31 00:00:00+00:00,14569923.088283535
2019-08-01 00:00:00+00:00,14569923.088283535
2019-08-02 00:00:00+00:00,14569923.088283535
2019-08-05 00:00:00+00:00,14569923.088283535
2019-08-06 00:00:00+00:00,14569923.088283535
2019-08-07 00:00:00+00:00,14569923.088283535
2019-08-08 00:00:00+00:00,14569923.088283535
2019-08-09 00:00:00+00:00,14569923.088283535
2019-08-12 00:00:00+00:00,14569923.088283535
2019-08-13 00:00:00+00:00,14569923.088283535
2019-08-14 00:00:00+00:00,14569923.088283535
2019-08-15 00:00:00+00:00,14569923.088283535
2019-08-16 00:00:00+00:00,14569923.088283535
2019-08-19 00:00:00+00:00,14569923.088283535
2019-08-20 00:00:00+00:00,14569923.088283535
2019-08-21 00:00:00+00:00,14569923.088283535
2019-08-22 00:00:00+00:00,14569923.088283535
2019-08-23 00:00:00+00:00,14569923.088283535
2019-08-26 00:00:00+00:00,14569923.088283535
2019-08-27 00:00:00+00:00,14569923.088283535
2019-08-28 00:00:00+00:00,14569923.088283535
2019-08-29 00:00:00+00:00,14569923.088283535
2019-08-30 00:00:00+00:00,14569923.088283535
2019-09-03 00:00:00+00:00,14569923.088283535
2019-09-04 00:00:00+00:00,14569923.088283535
2019-09-05 00:00:00+00:00,14569923.088283535
2019-09-06 00:00:00+00:00,14569923.088283535
2019-09-09 00:00:00+00:00,14569923.088283535
2019-09-10 00:00:00+00:00,14569923.088283535
2019-09-11 00:00:00+00:00,14569923.088283535
2019-09-12 00:00:00+00:00,14569923.088283535
2019-09-13 00:00:00+00:00,14569923.088283535
2019-09-16 00:00:00+00:00,14569923.088283535
2019-09-17 00:00:00+00:00,14569923.088283535
2019-09-18 00:00:00+00:00,14569923.088283535
2019-09-19 00:00:00+00:00,14569923.088283535
2019-09-20 00:00:00+00:00,14569923.088283535
2019-09-23 00:00:00+00:00,14569923.088283535
2019-09-24 00:00:00+00:00,14569923.088283535
2019-09-25 00:00:00+00:00,14569923.088283535
2019-09-26 00:00:00+00:00,14569923.088283535
2019-09-27 00:00:00+00:00,14569923.088283535
2019-09-30 00:00:00+00:00,14569923.088283535
2019-10-01 00:00:00+00:00,14569923.088283535
2019-10-02 00:00:00+00:00,14569923.088283535
2019-10-03 00:00:00+00:00,14569923.088283535
2019-10-04 00:00:00+00:00,14569923.088283535
2019-10-07 00:00:00+00:00,14569923.088283535
2019-10-08 00:00:00+00:00,14569923.088283535
2019-10-09 00:00:00+00:00,14569923.088283535
2019-10-10 00:00:00+00:00,14569923.088283535
2019-10-11 00:00:00+00:00,14569923.088283535
2019-10-14 00:00:00+00:00,14569923.088283535
2019-10-15 00:00:00+00:00,14569923.088283535
2019-10-16 00:00:00+00:00,14569923.088283535
2019-10-17 00:00:00+00:00,14569923.088283535
2019-10-18 00:00:00+00:00,14569923.088283535
2019-10-21 00:00:00+00:00,14569923.088283535
2019-10-22 00:00:00+00:00,14569923.088283535
2019-10-23 00:00:00+00:00,14569923.088283535
2019-10-24 00:00:00+00:00,14569923.088283535
2019-10-25 00:00:00+00:00,14569923.088283535
2019-10-27 00:00:00+00:00,14569923.088283535
2019-10-28 00:00:00+00:00,14569923.088283535
2019-10-29 00:00:00+00:00,14569923.088283535
2019-10-30 00:00:00+00:00,14569923.088283535
2019-10-31 00:00:00+00:00,14569923.088283535
2019-11-01 00:00:00+00:00,14569923.088283535
2019-11-04 00:00:00+00:00,14569923.088283535
2019-11-05 00:00:00+00:00,14569923.088283535
2019-11-06 00:00:00+00:00,14569923.088283535
2019-11-07 00:00:00+00:00,14569923.088283535
2019-11-08 00:00:00+00:00,14569923.088283535
2019-11-11 00:00:00+00:00,14569923.088283535
2019-11-12 00:00:00+00:00,14569923.088283535
2019-11-13 00:00:00+00:00,14569923.088283535
2019-11-14 00:00:00+00:00,14569923.088283535
2019-11-15 00:00:00+00:00,14569923.088283535
2019-11-18 00:00:00+00:00,14569923.088283535
2019-11-19 00:00:00+00:00,14569923.088283535
2019-11-20 00:00:00+00:00,14569923.088283535
2019-11-21 00:00:00+00:00,14569923.088283535
2019-11-22 00:00:00+00:00,14569923.088283535
2019-11-25 00:00:00+00:00,14569923.088283535
2019-11-26 00:00:00+00:00,14569923.088283535
2019-11-27 00:00:00+00:00,14569923.088283535
2019-11-28 00:00:00+00:00,14569923.088283535
2019-11-29 00:00:00+00:00,14569923.088283535
2019-12-02 00:00:00+00:00,14569923.088283535
2019-12-03 00:00:00+00:00,14569923.088283535
2019-12-04 00:00:00+00:00,14569923.088283535
2019-12-05 00:00:00+00:00,14569923.088283535
2019-12-06 00:00:00+00:00,14569923.088283535
2019-12-09 00:00:00+00:00,14569923.088283535
2019-12-10 00:00:00+00:00,14569923.088283535
2019-12-11 00:00:00+00:00,14569923.088283535
2019-12-12 00:00:00+00:00,14569923.088283535
2019-12-13 00:00:00+00:00,14569923.088283535
2019-12-16 00:00:00+00:00,14569923.088283535
2019-12-17 00:00:00+00:00,14569923.088283535
2019-12-18 00:00:00+00:00,14569923.088283535
2019-12-19 00:00:00+00:00,14569923.088283535
2019-12-20 00:00:00+00:00,14569923.088283535
2019-12-23 00:00:00+00:00,14569923.088283535
2019-12-24 00:00:00+00:00,14569923.088283535
2019-12-26 00:00:00+00:00,14569923.088283535
2019-12-27 00:00:00+00:00,14569923.088283535
2019-12-30 00:00:00+00:00,14569923.088283535
2019-12-31 00:00:00+00:00,14569923.088283535
2020-01-01 00:00:00+00:00,14569923.088283535
2020-01-02 00:00:00+00:00,14569923.088283535
2020-01-03 00:00:00+00:00,14569923.088283535
2020-01-06 00:00:00+00:00,14569923.088283535
2020-01-07 00:00:00+00:00,14569923.088283535
2020-01-08 00:00:00+00:00,14569923.088283535
2020-01-09 00:00:00+00:00,14569923.088283535
2020-01-10 00:00:00+00:00,14569923.088283535
2020-01-13 00:00:00+00:00,14569923.088283535
2020-01-14 00:00:00+00:00,14569923.088283535
2020-01-15 00:00:00+00:00,14569923.088283535
2020-01-16 00:00:00+00:00,14569923.088283535
2020-01-17 00:00:00+00:00,14569923.088283535
2020-01-20 00:00:00+00:00,14569923.088283535
2020-01-21 00:00:00+00:00,14569923.088283535
2020-01-22 00:00:00+00:00,14569923.088283535
2020-01-23 00:00:00+00:00,14569923.088283535
2020-01-24 00:00:00+00:00,14569923.088283535
2020-01-27 00:00:00+00:00,14569923.088283535
2020-01-28 00:00:00+00:00,14569923.088283535
2020-01-29 00:00:00+00:00,14569923.088283535
2020-01-30 00:00:00+00:00,14569923.088283535
2020-01-31 00:00:00+00:00,14569923.088283535
2020-02-03 00:00:00+00:00,14569923.088283535
2020-02-04 00:00:00+00:00,14569923.088283535
2020-02-05 00:00:00+00:00,14569923.088283535
2020-02-06 00:00:00+00:00,14569923.088283535
2020-02-07 00:00:00+00:00,14569923.088283535
2020-02-10 00:00:00+00:00,14569923.088283535
2020-02-11 00:00:00+00:00,14569923.088283535
2020-02-12 00:00:00+00:00,14569923.088283535
2020-02-13 00:00:00+00:00,14569923.088283535
2020-02-14 00:00:00+00:00,14569923.088283535
2020-02-17 00:00:00+00:00,14569923.088283535
2020-02-18 00:00:00+00:00,14569923.088283535
2020-02-19 00:00:00+00:00,14569923.088283535
2020-02-20 00:00:00+00:00,14569923.088283535
2020-02-21 00:00:00+00:00,14569923.088283535
2020-02-24 00:00:00+00:00,14569923.088283535
2020-02-25 00:00:00+00:00,14569923.088283535
2020-02-26 00:00:00+00:00,14569923.088283535
2020-02-27 00:00:00+00:00,14569923.088283535
2020-02-28 00:00:00+00:00,14569923.088283535
2020-03-02 00:00:00+00:00,14569923.088283535
2020-03-03 00:00:00+00:00,14569923.088283535
2020-03-04 00:00:00+00:00,14569923.088283535
2020-03-05 00:00:00+00:00,14569923.088283535
2020-03-06 00:00:00+00:00,14569923.088283535
2020-03-09 00:00:00+00:00,14569923.088283535
2020-03-10 00:00:00+00:00,14569923.088283535
2020-03-11 00:00:00+00:00,14569923.088283535
2020-03-12 00:00:00+00:00,14569923.088283535
2020-03-13 00:00:00+00:00,14569923.088283535
2020-03-16 00:00:00+00:00,14569923.088283535
2020-03-17 00:00:00+00:00,14569923.088283535
2020-03-18 00:00:00+00:00,14569923.088283535
2020-03-19 00:00:00+00:00,14569923.088283535
2020-03-20 00:00:00+00:00,14569923.088283535
2020-03-23 00:00:00+00:00,14569923.088283535
2020-03-24 00:00:00+00:00,14569923.088283535
2020-03-25 00:00:00+00:00,14569923.088283535
2020-03-26 00:00:00+00:00,14569923.088283535
2020-03-27 00:00:00+00:00,14569923.088283535
2020-03-30 00:00:00+00:00,14569923.088283535
2020-03-31 00:00:00+00:00,14569923.088283535
2020-04-01 00:00:00+00:00,14569923.088283535
2020-04-02 00:00:00+00:00,14569923.088283535
2020-04-03 00:00:00+00:00,14569923.088283535
2020-04-06 00:00:00+00:00,14569923.088283535
2020-04-07 00:00:00+00:00,14569923.088283535
2020-04-08 00:00:00+00:00,14569923.088283535
2020-04-09 00:00:00+00:00,14569923.088283535
2020-04-13 00:00:00+00:00,14569923.088283535
2020-04-14 00:00:00+00:00,14569923.088283535
2020-04-15 00:00:00+00:00,14569923.088283535
2020-04-16 00:00:00+00:00,14569923.088283535
2020-04-17 00:00:00+00:00,14569923.088283535
2020-04-20 00:00:00+00:00,14569923.088283535
2020-04-21 00:00:00+00:00,14569923.088283535
2020-04-22 00:00:00+00:00,14569923.088283535
2020-04-23 00:00:00+00:00,14569923.088283535
2020-04-24 00:00:00+00:00,14569923.088283535
2020-04-27 00:00:00+00:00,14569923.088283535
2020-04-28 00:00:00+00:00,14569923.088283535
2020-04-29 00:00:00+00:00,14569923.088283535
2020-04-30 00:00:00+00:00,14569923.088283535
2020-05-01 00:00:00+00:00,14569923.088283535
2020-05-04 00:00:00+00:00,14569923.088283535
2020-05-05 00:00:00+00:00,14569923.088283535
2020-05-06 00:00:00+00:00,14569923.088283535
2020-05-07 00:00:00+00:00,14569923.088283535
2020-05-08 00:00:00+00:00,14569923.088283535
2020-05-11 00:00:00+00:00,14569923.088283535
2020-05-12 00:00:00+00:00,14569923.088283535
2020-05-13 00:00:00+00:00,14569923.088283535
2020-05-14 00:00:00+00:00,14569923.088283535
2020-05-15 00:00:00+00:00,14569923.088283535
2020-05-18 00:00:00+00:00,14569923.088283535
2020-05-19 00:00:00+00:00,14569923.088283535
2020-05-20 00:00:00+00:00,14569923.088283535
2020-05-21 00:00:00+00:00,14569923.088283535
2020-05-22 00:00:00+00:00,14569923.088283535
2020-05-26 00:00:00+00:00,14569923.088283535
2020-05-27 00:00:00+00:00,14569923.088283535
2020-05-28 00:00:00+00:00,14569923.088283535
2020-05-29 00:00:00+00:00,14569923.088283535
2020-06-01 00:00:00+00:00,14569923.088283535
2020-06-02 00:00:00+00:00,14569923.088283535
2020-06-03 00:00:00+00:00,14569923.088283535
2020-06-04 00:00:00+00:00,14569923.088283535
2020-06-05 00:00:00+00:00,14569923.088283535
2020-06-08 00:00:00+00:00,14569923.088283535
2020-06-09 00:00:00+00:00,14569923.088283535
2020-06-10 00:00:00+00:00,14569923.088283535
2020-06-11 00:00:00+00:00,14569923.088283535
2020-06-12 00:00:00+00:00,14569923.088283535
2020-06-15 00:00:00+00:00,14569923.088283535
2020-06-16 00:00:00+00:00,14569923.088283535
2020-06-17 00:00:00+00:00,14569923.088283535
2020-06-18 00:00:00+00:00,14569923.088283535
2020-06-19 00:00:00+00:00,14569923.088283535
2020-06-22 00:00:00+00:00,14569923.088283535
2020-06-23 00:00:00+00:00,14569923.088283535
2020-06-24 00:00:00+00:00,14569923.088283535
2020-06-25 00:00:00+00:00,14569923.088283535
2020-06-26 00:00:00+00:00,14569923.088283535
2020-06-29 00:00:00+00:00,14569923.088283535
2020-06-30 00:00:00+00:00,14569923.088283535
2020-07-01 00:00:00+00:00,14569923.088283535
2020-07-02 00:00:00+00:00,14569923.088283535
2020-07-03 00:00:00+00:00,14569923.088283535
2020-07-06 00:00:00+00:00,14569923.088283535
2020-07-07 00:00:00+00:00,14569923.088283535
2020-07-08 00:00:00+00:00,14569923.088283535
2020-07-09 00:00:00+00:00,14569923.088283535
2020-07-10 00:00:00+00:00,14569923.088283535
2020-07-13 00:00:00+00:00,14569923.088283535
2020-07-14 00:00:00+00:00,14569923.088283535
2020-07-15 00:00:00+00:00,14569923.088283535
2020-07-16 00:00:00+00:00,14569923.088283535
2020-07-17 00:00:00+00:00,14569923.088283535
2020-07-20 00:00:00+00:00,14569923.088283535
2020-07-21 00:00:00+00:00,14569923.088283535
2020-07-22 00:00:00+00:00,14569923.088283535
2020-07-23 00:00:00+00:00,14569923.088283535
2020-07-24 00:00:00+00:00,14569923.088283535
2020-07-27 00:00:00+00:00,14569923.088283535
2020-07-28 00:00:00+00:00,14569923.088283535
2020-07-29 00:00:00+00:00,14569923.088283535
2020-07-30 00:00:00+00:00,14569923.088283535
2020-07-31 00:00:00+00:00,14569923.088283535
2020-08-03 00:00:00+00:00,14569923.088283535
2020-08-04 00:00:00+00:00,14569923.088283535
2020-08-05 00:00:00+00:00,14569923.088283535
2020-08-06 00:00:00+00:00,14569923.088283535
2020-08-07 00:00:00+00:00,14569923.088283535
2020-08-10 00:00:00+00:00,14569923.088283535
2020-08-11 00:00:00+00:00,14569923.088283535
2020-08-12 00:00:00+00:00,14569923.088283535
2020-08-13 00:00:00+00:00,14569923.088283535
2020-08-14 00:00:00+00:00,14569923.088283535
2020-08-17 00:00:00+00:00,14569923.088283535
2020-08-18 00:00:00+00:00,14569923.088283535
2020-08-19 00:00:00+00:00,14569923.088283535
2020-08-20 00:00:00+00:00,14569923.088283535
2020-08-21 00:00:00+00:00,14569923.088283535
2020-08-24 00:00:00+00:00,14569923.088283535
2020-08-25 00:00:00+00:00,14569923.088283535
2020-08-26 00:00:00+00:00,14569923.088283535
2020-08-27 00:00:00+00:00,14569923.088283535
2020-08-28 00:00:00+00:00,14569923.088283535
2020-08-31 00:00:00+00:00,14569923.088283535
2020-09-01 00:00:00+00:00,14569923.088283535
2020-09-02 00:00:00+00:00,14569923.088283535
2020-09-03 00:00:00+00:00,14569923.088283535
2020-09-04 00:00:00+00:00,14569923.088283535
2020-09-07 00:00:00+00:00,14569923.088283535
2020-09-08 00:00:00+00:00,14569923.088283535
2020-09-09 00:00:00+00:00,14569923.088283535
2020-09-10 00:00:00+00:00,14569923.088283535
2020-09-11 00:00:00+00:00,14569923.088283535
2020-09-14 00:00:00+00:00,14569923.088283535
2020-09-15 00:00:00+00:00,14569923.088283535
2020-09-16 00:00:00+00:00,14569923.088283535
2020-09-17 00:00:00+00:00,14569923.088283535
2020-09-18 00:00:00+00:00,14569923.088283535
2020-09-21 00:00:00+00:00,14569923.088283535
2020-09-22 00:00:00+00:00,14569923.088283535
2020-09-23 00:00:00+00:00,14569923.088283535
2020-09-24 00:00:00+00:00,14569923.088283535
2020-09-25 00:00:00+00:00,14569923.088283535
2020-09-28 00:00:00+00:00,14569923.088283535
2020-09-29 00:00:00+00:00,14569923.088283535
2020-09-30 00:00:00+00:00,14569923.088283535
2020-10-01 00:00:00+00:00,14569923.088283535
2020-10-02 00:00:00+00:00,14569923.088283535
2020-10-05 00:00:00+00:00,14569923.088283535
2020-10-06 00:00:00+00:00,14569923.088283535
2020-10-07 00:00:00+00:00,14569923.088283535
2020-10-08 00:00:00+00:00,14569923.088283535
2020-10-09 00:00:00+00:00,14569923.088283535
2020-10-12 00:00:00+00:00,14569923.088283535
2020-10-13 00:00:00+00:00,14569923.088283535
2020-10-14 00:00:00+00:00,14569923.088283535
2020-10-15 00:00:00+00:00,14569923.088283535
2020-10-16 00:00:00+00:00,14569923.088283535
2020-10-19 00:00:00+00:00,14569923.088283535
2020-10-20 00:00:00+00:00,14569923.088283535
2020-10-21 00:00:00+00:00,14569923.088283535
2020-10-22 00:00:00+00:00,14569923.088283535
2020-10-23 00:00:00+00:00,14569923.088283535
2020-10-26 00:00:00+00:00,14569923.088283535
2020-10-27 00:00:00+00:00,14569923.088283535
2020-10-28 00:00:00+00:00,14569923.088283535
2020-10-29 00:00:00+00:00,14569923.088283535
2020-10-30 00:00:00+00:00,14569923.088283535
2020-11-02 00:00:00+00:00,14569923.088283535
2020-11-03 00:00:00+00:00,14569923.088283535
2020-11-04 00:00:00+00:00,14569923.088283535
2020-11-05 00:00:00+00:00,14569923.088283535
2020-11-06 00:00:00+00:00,14569923.088283535
2020-11-09 00:00:00+00:00,14569923.088283535
2020-11-10 00:00:00+00:00,14569923.088283535
2020-11-11 00:00:00+00:00,14569923.088283535
2020-11-12 00:00:00+00:00,14569923.088283535
2020-11-13 00:00:00+00:00,14569923.088283535
2020-11-14 00:00:00+00:00,14569923.088283535
2020-11-16 00:00:00+00:00,14569923.088283535
2020-11-17 00:00:00+00:00,14569923.088283535
2020-11-18 00:00:00+00:00,14569923.088283535
2020-11-19 00:00:00+00:00,14569923.088283535
2020-11-20 00:00:00+00:00,14569923.088283535
2020-11-23 00:00:00+00:00,14569923.088283535
2020-11-24 00:00:00+00:00,14569923.088283535
2020-11-25 00:00:00+00:00,14569923.088283535
2020-11-26 00:00:00+00:00,14569923.088283535
2020-11-27 00:00:00+00:00,14569923.088283535
2020-11-30 00:00:00+00:00,14569923.088283535
2020-12-01 00:00:00+00:00,14569923.088283535
2020-12-02 00:00:00+00:00,14569923.088283535
2020-12-03 00:00:00+00:00,14569923.088283535
2020-12-04 00:00:00+00:00,14569923.088283535
2020-12-07 00:00:00+00:00,14569923.088283535
2020-12-08 00:00:00+00:00,14569923.088283535
2020-12-09 00:00:00+00:00,14569923.088283535
2020-12-10 00:00:00+00:00,14569923.088283535
2020-12-11 00:00:00+00:00,14569923.088283535
2020-12-14 00:00:00+00:00,14569923.088283535
2020-12-15 00:00:00+00:00,14569923.088283535
2020-12-16 00:00:00+00:00,14569923.088283535
2020-12-17 00:00:00+00:00,14569923.088283535
2020-12-18 00:00:00+00:00,14569923.088283535
2020-12-21 00:00:00+00:00,14569923.088283535
2020-12-22 00:00:00+00:00,14569923.088283535
2020-12-23 00:00:00+00:00,14569923.088283535
2020-12-24 00:00:00+00:00,14569923.088283535
2020-12-28 00:00:00+00:00,14569923.088283535
2020-12-29 00:00:00+00:00,14569923.088283535
2020-12-30 00:00:00+00:00,14569923.088283535
2020-12-31 00:00:00+00:00,14569923.088283535
2021-01-01 00:00:00+00:00,14569923.088283535
2021-01-04 00:00:00+00:00,14569923.088283535
2021-01-05 00:00:00+00:00,14569923.088283535
2021-01-06 00:00:00+00:00,14569923.088283535
2021-01-07 00:00:00+00:00,14569923.088283535
2021-01-08 00:00:00+00:00,14569923.088283535
2021-01-11 00:00:00+00:00,14569923.088283535
2021-01-12 00:00:00+00:00,14569923.088283535
2021-01-13 00:00:00+00:00,14569923.088283535
2021-01-14 00:00:00+00:00,14569923.088283535
2021-01-15 00:00:00+00:00,14569923.088283535
2021-01-18 00:00:00+00:00,14569923.088283535
2021-01-19 00:00:00+00:00,14569923.088283535
2021-01-20 00:00:00+00:00,14569923.088283535
2021-01-21 00:00:00+00:00,14569923.088283535
2021-01-22 00:00:00+00:00,14569923.088283535
2021-01-25 00:00:00+00:00,14569923.088283535
2021-01-26 00:00:00+00:00,14569923.088283535
2021-01-27 00:00:00+00:00,14569923.088283535
2021-01-28 00:00:00+00:00,14569923.088283535
2021-01-29 00:00:00+00:00,14569923.088283535
2021-02-01 00:00:00+00:00,14569923.088283535
2021-02-02 00:00:00+00:00,14569923.088283535
2021-02-03 00:00:00+00:00,14569923.088283535
2021-02-04 00:00:00+00:00,14569923.088283535
2021-02-05 00:00:00+00:00,14569923.088283535
2021-02-08 00:00:00+00:00,14569923.088283535
2021-02-09 00:00:00+00:00,14569923.088283535
2021-02-10 00:00:00+00:00,14569923.088283535
2021-02-11 00:00:00+00:00,14569923.088283535
2021-02-12 00:00:00+00:00,14569923.088283535
2021-02-15 00:00:00+00:00,14569923.088283535
2021-02-16 00:00:00+00:00,14569923.088283535
2021-02-17 00:00:00+00:00,14569923.088283535
2021-02-18 00:00:00+00:00,14569923.088283535
2021-02-19 00:00:00+00:00,14569923.088283535
2021-02-22 00:00:00+00:00,14569923.088283535
2021-02-23 00:00:00+00:00,14569923.088283535
2021-02-24 00:00:00+00:00,14569923.088283535
2021-02-25 00:00:00+00:00,14569923.088283535
2021-02-26 00:00:00+00:00,14569923.088283535
2021-03-01 00:00:00+00:00,14569923.088283535
2021-03-02 00:00:00+00:00,14569923.088283535
2021-03-03 00:00:00+00:00,14569923.088283535
2021-03-04 00:00:00+00:00,14569923.088283535
2021-03-05 00:00:00+00:00,14569923.088283535
2021-03-08 00:00:00+00:00,14569923.088283535
2021-03-09 00:00:00+00:00,14569923.088283535
2021-03-10 00:00:00+00:00,14569923.088283535
2021-03-11 00:00:00+00:00,14569923.088283535
2021-03-12 00:00:00+00:00,14569923.088283535
2021-03-15 00:00:00+00:00,14569923.088283535
2021-03-16 00:00:00+00:00,14569923.088283535
2021-03-17 00:00:00+00:00,14569923.088283535
2021-03-18 00:00:00+00:00,14569923.088283535
2021-03-19 00:00:00+00:00,14569923.088283535
2021-03-22 00:00:00+00:00,14569923.088283535
2021-03-23 00:00:00+00:00,14569923.088283535
2021-03-24 00:00:00+00:00,14569923.088283535
2021-03-25 00:00:00+00:00,14569923.088283535
2021-03-26 00:00:00+00:00,14569923.088283535
2021-03-29 00:00:00+00:00,14569923.088283535
2021-03-30 00:00:00+00:00,14569923.088283535
2021-03-31 00:00:00+00:00,14569923.088283535
2021-04-01 00:00:00+00:00,14569923.088283535
2021-04-05 00:00:00+00:00,14569923.088283535
2021-04-06 00:00:00+00:00,14569923.088283535
2021-04-07 00:00:00+00:00,14569923.088283535
2021-04-08 00:00:00+00:00,14569923.088283535
2021-04-09 00:00:00+00:00,14569923.088283535
2021-04-12 00:00:00+00:00,14569923.088283535
2021-04-13 00:00:00+00:00,14569923.088283535
2021-04-14 00:00:00+00:00,14569923.088283535
2021-04-15 00:00:00+00:00,14569923.088283535
2021-04-16 00:00:00+00:00,14569923.088283535
2021-04-19 00:00:00+00:00,14569923.088283535
2021-04-20 00:00:00+00:00,14569923.088283535
2021-04-21 00:00:00+00:00,14569923.088283535
2021-04-22 00:00:00+00:00,14569923.088283535
2021-04-23 00:00:00+00:00,14569923.088283535
2021-04-26 00:00:00+00:00,14569923.088283535
2021-04-27 00:00:00+00:00,14569923.088283535
2021-04-28 00:00:00+00:00,14569923.088283535
2021-04-29 00:00:00+00:00,14569923.088283535
2021-04-30 00:00:00+00:00,14569923.088283535
2021-05-03 00:00:00+00:00,14569923.088283535
2021-05-04 00:00:00+00:00,14569923.088283535
2021-05-05 00:00:00+00:00,14569923.088283535
2021-05-06 00:00:00+00:00,14569923.088283535
2021-05-07 00:00:00+00:00,14569923.088283535
2021-05-10 00:00:00+00:00,14569923.088283535
2021-05-11 00:00:00+00:00,14569923.088283535
2021-05-12 00:00:00+00:00,14569923.088283535
2021-05-13 00:00:00+00:00,14569923.088283535
2021-05-14 00:00:00+00:00,14569923.088283535
2021-05-17 00:00:00+00:00,14569923.088283535
2021-05-18 00:00:00+00:00,14569923.088283535
2021-05-19 00:00:00+00:00,14569923.088283535
2021-05-20 00:00:00+00:00,14569923.088283535
2021-05-21 00:00:00+00:00,14569923.088283535
2021-05-24 00:00:00+00:00,14569923.088283535
2021-05-25 00:00:00+00:00,14569923.088283535
2021-05-26 00:00:00+00:00,14569923.088283535
2021-05-27 00:00:00+00:00,14569923.088283535
2021-05-28 00:00:00+00:00,14569923.088283535
2021-05-31 00:00:00+00:00,14569923.088283535
2021-06-01 00:00:00+00:00,14569923.088283535
2021-06-02 00:00:00+00:00,14569923.088283535
2021-06-03 00:00:00+00:00,14569923.088283535
2021-06-04 00:00:00+00:00,14569923.088283535
2021-06-07 00:00:00+00:00,14569923.088283535
2021-06-08 00:00:00+00:00,14569923.088283535
2021-06-09 00:00:00+00:00,14569923.088283535
2021-06-10 00:00:00+00:00,14569923.088283535
2021-06-11 00:00:00+00:00,14569923.088283535
2021-06-14 00:00:00+00:00,14569923.088283535
2021-06-15 00:00:00+00:00,14569923.088283535
2021-06-16 00:00:00+00:00,14569923.088283535
2021-06-17 00:00:00+00:00,14569923.088283535
2021-06-18 00:00:00+00:00,14569923.088283535
2021-06-21 00:00:00+00:00,14569923.088283535
2021-06-22 00:00:00+00:00,14569923.088283535
2021-06-23 00:00:00+00:00,14569923.088283535
2021-06-24 00:00:00+00:00,14569923.088283535
2021-06-25 00:00:00+00:00,14569923.088283535
2021-06-28 00:00:00+00:00,14569923.088283535
2021-06-29 00:00:00+00:00,14569923.088283535
2021-06-30 00:00:00+00:00,14569923.088283535
2021-07-01 00:00:00+00:00,14569923.088283535
2021-07-02 00:00:00+00:00,14569923.088283535
2021-07-05 00:00:00+00:00,14569923.088283535
2021-07-06 00:00:00+00:00,14569923.088283535
2021-07-07 00:00:00+00:00,14569923.088283535
2021-07-08 00:00:00+00:00,14569923.088283535
2021-07-09 00:00:00+00:00,14569923.088283535
2021-07-12 00:00:00+00:00,14569923.088283535
2021-07-13 00:00:00+00:00,14569923.088283535
2021-07-14 00:00:00+00:00,14569923.088283535
2021-07-15 00:00:00+00:00,14569923.088283535
2021-07-16 00:00:00+00:00,14569923.088283535
2021-07-19 00:00:00+00:00,14569923.088283535
2021-07-20 00:00:00+00:00,14569923.088283535
2021-07-21 00:00:00+00:00,14569923.088283535
2021-07-22 00:00:00+00:00,14569923.088283535
2021-07-23 00:00:00+00:00,14569923.088283535
2021-07-26 00:00:00+00:00,14569923.088283535
2021-07-27 00:00:00+00:00,14569923.088283535
2021-07-28 00:00:00+00:00,14569923.088283535
2021-07-29 00:00:00+00:00,14569923.088283535
2021-07-30 00:00:00+00:00,14569923.088283535
2021-08-02 00:00:00+00:00,14569923.088283535
2021-08-03 00:00:00+00:00,14569923.088283535
2021-08-04 00:00:00+00:00,14569923.088283535
2021-08-05 00:00:00+00:00,14569923.088283535
2021-08-06 00:00:00+00:00,14569923.088283535
2021-08-09 00:00:00+00:00,14569923.088283535
2021-08-10 00:00:00+00:00,14569923.088283535
2021-08-11 00:00:00+00:00,14569923.088283535
2021-08-12 00:00:00+00:00,14569923.088283535
2021-08-13 00:00:00+00:00,14569923.088283535
2021-08-16 00:00:00+00:00,14569923.088283535
2021-08-17 00:00:00+00:00,14569923.088283535
2021-08-18 00:00:00+00:00,14569923.088283535
2021-08-19 00:00:00+00:00,14569923.088283535
2021-08-20 00:00:00+00:00,14569923.088283535
2021-08-23 00:00:00+00:00,14569923.088283535
2021-08-24 00:00:00+00:00,14569923.088283535
2021-08-25 00:00:00+00:00,14569923.088283535
2021-08-26 00:00:00+00:00,14569923.088283535
2021-08-27 00:00:00+00:00,14569923.088283535
2021-08-30 00:00:00+00:00,14569923.088283535
2021-08-31 00:00:00+00:00,14569923.088283535
2021-09-01 00:00:00+00:00,14569923.088283535
2021-09-02 00:00:00+00:00,14569923.088283535
2021-09-03 00:00:00+00:00,14569923.088283535
2021-09-06 00:00:00+00:00,14569923.088283535
2021-09-07 00:00:00+00:00,14569923.088283535
2021-09-08 00:00:00+00:00,14569923.088283535
2021-09-09 00:00:00+00:00,14569923.088283535
2021-09-10 00:00:00+00:00,14569923.088283535
2021-09-13 00:00:00+00:00,14569923.088283535
2021-09-14 00:00:00+00:00,14569923.088283535
2021-09-15 00:00:00+00:00,14569923.088283535
2021-09-16 00:00:00+00:00,14569923.088283535
2021-09-17 00:00:00+00:00,14569923.088283535
2021-09-20 00:00:00+00:00,14569923.088283535
2021-09-21 00:00:00+00:00,14569923.088283535
2021-09-22 00:00:00+00:00,14569923.088283535
2021-09-23 00:00:00+00:00,14569923.088283535
2021-09-24 00:00:00+00:00,14569923.088283535
2021-09-27 00:00:00+00:00,14569923.088283535
2021-09-28 00:00:00+00:00,14569923.088283535
2021-09-29 00:00:00+00:00,14569923.088283535
2021-09-30 00:00:00+00:00,14569923.088283535
2021-10-01 00:00:00+00:00,14569923.088283535
2021-10-04 00:00:00+00:00,14569923.088283535
2021-10-05 00:00:00+00:00,14569923.088283535
2021-10-06 00:00:00+00:00,14569923.088283535
2021-10-07 00:00:00+00:00,14569923.088283535
2021-10-08 00:00:00+00:00,14569923.088283535
2021-10-11 00:00:00+00:00,14569923.088283535
2021-10-12 00:00:00+00:00,14569923.088283535
2021-10-13 00:00:00+00:00,14569923.088283535
2021-10-14 00:00:00+00:00,14569923.088283535
2021-10-15 00:00:00+00:00,14569923.088283535
2021-10-18 00:00:00+00:00,14569923.088283535
2021-10-19 00:00:00+00:00,14569923.088283535
2021-10-20 00:00:00+00:00,14569923.088283535
2021-10-21 00:00:00+00:00,14569923.088283535
2021-10-22 00:00:00+00:00,14569923.088283535
2021-10-25 00:00:00+00:00,14569923.088283535
2021-10-26 00:00:00+00:00,14569923.088283535
2021-10-27 00:00:00+00:00,14569923.088283535
2021-10-28 00:00:00+00:00,14569923.088283535
2021-10-29 00:00:00+00:00,14569923.088283535
2021-11-01 00:00:00+00:00,14569923.088283535
2021-11-02 00:00:00+00:00,14569923.088283535
2021-11-03 00:00:00+00:00,14569923.088283535
2021-11-04 00:00:00+00:00,14569923.088283535
2021-11-05 00:00:00+00:00,14569923.088283535
2021-11-08 00:00:00+00:00,14569923.088283535
2021-11-09 00:00:00+00:00,14569923.088283535
2021-11-10 00:00:00+00:00,14569923.088283535
2021-11-11 00:00:00+00:00,14569923.088283535
2021-11-12 00:00:00+00:00,14569923.088283535
2021-11-15 00:00:00+00:00,14569923.088283535
2021-11-16 00:00:00+00:00,14569923.088283535
2021-11-17 00:00:00+00:00,14569923.088283535
2021-11-18 00:00:00+00:00,14569923.088283535
2021-11-19 00:00:00+00:00,14569923.088283535
2021-11-22 00:00:00+00:00,14569923.088283535
2021-11-23 00:00:00+00:00,14569923.088283535
2021-11-24 00:00:00+00:00,14569923.088283535
2021-11-25 00:00:00+00:00,14569923.088283535
2021-11-26 00:00:00+00:00,14569923.088283535
2021-11-29 00:00:00+00:00,14569923.088283535
2021-11-30 00:00:00+00:00,14569923.088283535
2021-12-01 00:00:00+00:00,14569923.088283535
2021-12-02 00:00:00+00:00,14569923.088283535
2021-12-03 00:00:00+00:00,14569923.088283535
2021-12-06 00:00:00+00:00,14569923.088283535
2021-12-07 00:00:00+00:00,14569923.088283535
2021-12-08 00:00:00+00:00,14569923.088283535
2021-12-09 00:00:00+00:00,14569923.088283535
2021-12-10 00:00:00+00:00,14569923.088283535
2021-12-13 00:00:00+00:00,14569923.088283535
2021-12-14 00:00:00+00:00,14569923.088283535
2021-12-15 00:00:00+00:00,14569923.088283535
2021-12-16 00:00:00+00:00,14569923.088283535
2021-12-17 00:00:00+00:00,14569923.088283535
2021-12-20 00:00:00+00:00,14569923.088283535
2021-12-21 00:00:00+00:00,14569923.088283535
2021-12-22 00:00:00+00:00,14569923.088283535
2021-12-23 00:00:00+00:00,14569923.088283535
2021-12-24 00:00:00+00:00,14569923.088283535
2021-12-27 00:00:00+00:00,14569923.088283535
2021-12-28 00:00:00+00:00,14569923.088283535
2021-12-29 00:00:00+00:00,14569923.088283535
2021-12-30 00:00:00+00:00,14569923.088283535
2021-12-31 00:00:00+00:00,14569923.088283535
2022-01-03 00:00:00+00:00,14569923.088283535
2022-01-04 00:00:00+00:00,14569923.088283535
2022-01-05 00:00:00+00:00,14569923.088283535
2022-01-06 00:00:00+00:00,14569923.088283535
2022-01-07 00:00:00+00:00,14569923.088283535
2022-01-10 00:00:00+00:00,14569923.088283535
2022-01-11 00:00:00+00:00,14569923.088283535
2022-01-12 00:00:00+00:00,14569923.088283535
2022-01-13 00:00:00+00:00,14569923.088283535
2022-01-14 00:00:00+00:00,14569923.088283535
2022-01-17 00:00:00+00:00,14569923.088283535
2022-01-18 00:00:00+00:00,14569923.088283535
2022-01-19 00:00:00+00:00,14569923.088283535
2022-01-20 00:00:00+00:00,14569923.088283535
2022-01-21 00:00:00+00:00,14569923.088283535
2022-01-24 00:00:00+00:00,14569923.088283535
2022-01-25 00:00:00+00:00,14569923.088283535
2022-01-26 00:00:00+00:00,14569923.088283535
2022-01-27 00:00:00+00:00,14569923.088283535
2022-01-28 00:00:00+00:00,14569923.088283535
2022-01-31 00:00:00+00:00,14569923.088283535
2022-02-01 00:00:00+00:00,14569923.088283535
2022-02-02 00:00:00+00:00,14569923.088283535
2022-02-03 00:00:00+00:00,14569923.088283535
2022-02-04 00:00:00+00:00,14569923.088283535
2022-02-07 00:00:00+00:00,14569923.088283535
2022-02-08 00:00:00+00:00,14569923.088283535
2022-02-09 00:00:00+00:00,14569923.088283535
2022-02-10 00:00:00+00:00,14569923.088283535
2022-02-11 00:00:00+00:00,14569923.088283535
2022-02-14 00:00:00+00:00,14569923.088283535
2022-02-15 00:00:00+00:00,14569923.088283535
2022-02-16 00:00:00+00:00,14569923.088283535
2022-02-17 00:00:00+00:00,14569923.088283535
2022-02-18 00:00:00+00:00,14569923.088283535
2022-02-21 00:00:00+00:00,14569923.088283535
2022-02-22 00:00:00+00:00,14569923.088283535
2022-02-23 00:00:00+00:00,14569923.088283535
2022-02-24 00:00:00+00:00,14569923.088283535
2022-02-25 00:00:00+00:00,14569923.088283535
2022-02-28 00:00:00+00:00,14569923.088283535
2022-03-01 00:00:00+00:00,14569923.088283535
2022-03-02 00:00:00+00:00,14569923.088283535
2022-03-03 00:00:00+00:00,14569923.088283535
2022-03-04 00:00:00+00:00,14569923.088283535
2022-03-07 00:00:00+00:00,14569923.088283535
2022-03-08 00:00:00+00:00,14569923.088283535
2022-03-09 00:00:00+00:00,14569923.088283535
2022-03-10 00:00:00+00:00,14569923.088283535
2022-03-11 00:00:00+00:00,14569923.088283535
2022-03-14 00:00:00+00:00,14569923.088283535
2022-03-15 00:00:00+00:00,14569923.088283535
2022-03-16 00:00:00+00:00,14569923.088283535
2022-03-17 00:00:00+00:00,14569923.088283535
2022-03-18 00:00:00+00:00,14569923.088283535
2022-03-21 00:00:00+00:00,14569923.088283535
2022-03-22 00:00:00+00:00,14569923.088283535
2022-03-23 00:00:00+00:00,14569923.088283535
2022-03-24 00:00:00+00:00,14569923.088283535
2022-03-25 00:00:00+00:00,14569923.088283535
2022-03-28 00:00:00+00:00,14569923.088283535
2022-03-29 00:00:00+00:00,14569923.088283535
2022-03-30 00:00:00+00:00,14569923.088283535
2022-03-31 00:00:00+00:00,14569923.088283535
2022-04-01 00:00:00+00:00,14569923.088283535
2022-04-04 00:00:00+00:00,14569923.088283535
2022-04-05 00:00:00+00:00,14569923.088283535
2022-04-06 00:00:00+00:00,14569923.088283535
2022-04-07 00:00:00+00:00,14569923.088283535
2022-04-08 00:00:00+00:00,14569923.088283535
2022-04-11 00:00:00+00:00,14569923.088283535
2022-04-12 00:00:00+00:00,14569923.088283535
2022-04-13 00:00:00+00:00,14569923.088283535
2022-04-14 00:00:00+00:00,14569923.088283535
2022-04-18 00:00:00+00:00,14569923.088283535
2022-04-19 00:00:00+00:00,14569923.088283535
2022-04-20 00:00:00+00:00,14569923.088283535
2022-04-21 00:00:00+00:00,14569923.088283535
2022-04-22 00:00:00+00:00,14569923.088283535
2022-04-25 00:00:00+00:00,14569923.088283535
2022-04-26 00:00:00+00:00,14569923.088283535
2022-04-27 00:00:00+00:00,14569923.088283535
2022-04-28 00:00:00+00:00,14569923.088283535
2022-04-29 00:00:00+00:00,14569923.088283535
2022-05-02 00:00:00+00:00,14569923.088283535
2022-05-03 00:00:00+00:00,14569923.088283535
2022-05-04 00:00:00+00:00,14569923.088283535
2022-05-05 00:00:00+00:00,14569923.088283535
2022-05-06 00:00:00+00:00,14569923.088283535
2022-05-09 00:00:00+00:00,14569923.088283535
2022-05-10 00:00:00+00:00,14569923.088283535
2022-05-11 00:00:00+00:00,14569923.088283535
2022-05-12 00:00:00+00:00,14569923.088283535
2022-05-13 00:00:00+00:00,14569923.088283535
2022-05-16 00:00:00+00:00,14569923.088283535
2022-05-17 00:00:00+00:00,14569923.088283535
2022-05-18 00:00:00+00:00,14569923.088283535
2022-05-19 00:00:00+00:00,14569923.088283535
2022-05-20 00:00:00+00:00,14569923.088283535
2022-05-23 00:00:00+00:00,14569923.088283535
2022-05-24 00:00:00+00:00,14569923.088283535
2022-05-25 00:00:00+00:00,14569923.088283535
2022-05-26 00:00:00+00:00,14569923.088283535
2022-05-27 00:00:00+00:00,14569923.088283535
2022-05-30 00:00:00+00:00,14569923.088283535
2022-05-31 00:00:00+00:00,14569923.088283535
2022-06-01 00:00:00+00:00,14569923.088283535
2022-06-02 00:00:00+00:00,14569923.088283535
2022-06-03 00:00:00+00:00,14569923.088283535
2022-06-06 00:00:00+00:00,14569923.088283535
2022-06-07 00:00:00+00:00,14569923.088283535
2022-06-08 00:00:00+00:00,14569923.088283535
2022-06-09 00:00:00+00:00,14569923.088283535
2022-06-10 00:00:00+00:00,14569923.088283535
2022-06-13 00:00:00+00:00,14569923.088283535
2022-06-14 00:00:00+00:00,14569923.088283535
2022-06-15 00:00:00+00:00,14569923.088283535
2022-06-16 00:00:00+00:00,14569923.088283535
2022-06-17 00:00:00+00:00,14569923.088283535
2022-06-20 00:00:00+00:00,14569923.088283535
2022-06-21 00:00:00+00:00,14569923.088283535
2022-06-22 00:00:00+00:00,14569923.088283535
2022-06-23 00:00:00+00:00,14569923.088283535
2022-06-24 00:00:00+00:00,14569923.088283535
2022-06-27 00:00:00+00:00,14569923.088283535
2022-06-28 00:00:00+00:00,14569923.088283535
2022-06-29 00:00:00+00:00,14569923.088283535
2022-06-30 00:00:00+00:00,14569923.088283535
2022-07-01 00:00:00+00:00,14569923.088283535
2022-07-04 00:00:00+00:00,14569923.088283535
2022-07-05 00:00:00+00:00,14569923.088283535
2022-07-06 00:00:00+00:00,14569923.088283535
2022-07-07 00:00:00+00:00,14569923.088283535
2022-07-08 00:00:00+00:00,14569923.088283535
2022-07-11 00:00:00+00:00,14569923.088283535
2022-07-12 00:00:00+00:00,14569923.088283535
2022-07-13 00:00:00+00:00,14569923.088283535
2022-07-14 00:00:00+00:00,14569923.088283535
2022-07-15 00:00:00+00:00,14569923.088283535
2022-07-18 00:00:00+00:00,14569923.088283535
2022-07-19 00:00:00+00:00,14569923.088283535
2022-07-20 00:00:00+00:00,14569923.088283535
2022-07-21 00:00:00+00:00,14569923.088283535
2022-07-22 00:00:00+00:00,14569923.088283535
2022-07-25 00:00:00+00:00,14569923.088283535
2022-07-26 00:00:00+00:00,14569923.088283535
2022-07-27 00:00:00+00:00,14569923.088283535
2022-07-28 00:00:00+00:00,14569923.088283535
2022-07-29 00:00:00+00:00,14569923.088283535
2022-08-01 00:00:00+00:00,14569923.088283535
2022-08-02 00:00:00+00:00,14569923.088283535
2022-08-03 00:00:00+00:00,14569923.088283535
2022-08-04 00:00:00+00:00,14569923.088283535
2022-08-05 00:00:00+00:00,14569923.088283535
2022-08-08 00:00:00+00:00,14569923.088283535
2022-08-09 00:00:00+00:00,14569923.088283535
2022-08-10 00:00:00+00:00,14569923.088283535
2022-08-11 00:00:00+00:00,14569923.088283535
2022-08-12 00:00:00+00:00,14569923.088283535
2022-08-15 00:00:00+00:00,14569923.088283535
2022-08-16 00:00:00+00:00,14569923.088283535
2022-08-17 00:00:00+00:00,14569923.088283535
2022-08-18 00:00:00+00:00,14569923.088283535
2022-08-19 00:00:00+00:00,14569923.088283535
2022-08-22 00:00:00+00:00,14569923.088283535
2022-08-23 00:00:00+00:00,14569923.088283535
2022-08-24 00:00:00+00:00,14569923.088283535
2022-08-25 00:00:00+00:00,14569923.088283535
2022-08-26 00:00:00+00:00,14569923.088283535
2022-08-29 00:00:00+00:00,14569923.088283535
2022-08-30 00:00:00+00:00,14569923.088283535
2022-08-31 00:00:00+00:00,14569923.088283535
2022-09-01 00:00:00+00:00,14569923.088283535
2022-09-02 00:00:00+00:00,14569923.088283535
2022-09-05 00:00:00+00:00,14569923.088283535
2022-09-06 00:00:00+00:00,14569923.088283535
2022-09-07 00:00:00+00:00,14569923.088283535
2022-09-08 00:00:00+00:00,14569923.088283535
2022-09-09 00:00:00+00:00,14569923.088283535
2022-09-12 00:00:00+00:00,14569923.088283535
2022-09-13 00:00:00+00:00,14569923.088283535
2022-09-14 00:00:00+00:00,14569923.088283535
2022-09-15 00:00:00+00:00,14569923.088283535
2022-09-16 00:00:00+00:00,14569923.088283535
2022-09-19 00:00:00+00:00,14569923.088283535
2022-09-20 00:00:00+00:00,14569923.088283535
2022-09-21 00:00:00+00:00,14569923.088283535
2022-09-22 00:00:00+00:00,14569923.088283535
2022-09-23 00:00:00+00:00,14569923.088283535
2022-09-26 00:00:00+00:00,14569923.088283535
2022-09-27 00:00:00+00:00,14569923.088283535
2022-09-28 00:00:00+00:00,14569923.088283535
2022-09-29 00:00:00+00:00,14569923.088283535
2022-09-30 00:00:00+00:00,14569923.088283535
2022-10-03 00:00:00+00:00,14569923.088283535
2022-10-04 00:00:00+00:00,14569923.088283535
2022-10-05 00:00:00+00:00,14569923.088283535
2022-10-06 00:00:00+00:00,14569923.088283535
2022-10-07 00:00:00+00:00,14569923.088283535
2022-10-10 00:00:00+00:00,14569923.088283535
2022-10-11 00:00:00+00:00,14569923.088283535
2022-10-12 00:00:00+00:00,14569923.088283535
2022-10-13 00:00:00+00:00,14569923.088283535
2022-10-14 00:00:00+00:00,14569923.088283535
2022-10-17 00:00:00+00:00,14569923.088283535
2022-10-18 00:00:00+00:00,14569923.088283535
2022-10-19 00:00:00+00:00,14569923.088283535
2022-10-20 00:00:00+00:00,14569923.088283535
2022-10-21 00:00:00+00:00,14569923.088283535
2022-10-24 00:00:00+00:00,14569923.088283535
2022-10-25 00:00:00+00:00,14569923.088283535
2022-10-26 00:00:00+00:00,14569923.088283535
2022-10-27 00:00:00+00:00,14569923.088283535
2022-10-28 00:00:00+00:00,14569923.088283535
2022-10-31 00:00:00+00:00,14569923.088283535
2022-11-01 00:00:00+00:00,14569923.088283535
2022-11-02 00:00:00+00:00,14569923.088283535
2022-11-03 00:00:00+00:00,14569923.088283535
2022-11-04 00:00:00+00:00,14569923.088283535
2022-11-07 00:00:00+00:00,14569923.088283535
2022-11-08 00:00:00+00:00,14569923.088283535
2022-11-09 00:00:00+00:00,14569923.088283535
2022-11-10 00:00:00+00:00,14569923.088283535
2022-11-11 00:00:00+00:00,14569923.088283535
2022-11-14 00:00:00+00:00,14569923.088283535
2022-11-15 00:00:00+00:00,14569923.088283535
2022-11-16 00:00:00+00:00,14569923.088283535
2022-11-17 00:00:00+00:00,14569923.088283535
2022-11-18 00:00:00+00:00,14569923.088283535
2022-11-21 00:00:00+00:00,14569923.088283535
2022-11-22 00:00:00+00:00,14569923.088283535
2022-11-23 00:00:00+00:00,14569923.088283535
2022-11-24 00:00:00+00:00,14569923.088283535
2022-11-25 00:00:00+00:00,14569923.088283535
2022-11-28 00:00:00+00:00,14569923.088283535
2022-11-29 00:00:00+00:00,14569923.088283535
2022-11-30 00:00:00+00:00,14569923.088283535
2022-12-01 00:00:00+00:00,14569923.088283535
2022-12-02 00:00:00+00:00,14569923.088283535
2022-12-05 00:00:00+00:00,14569923.088283535
2022-12-06 00:00:00+00:00,14569923.088283535
2022-12-07 00:00:00+00:00,14569923.088283535
2022-12-08 00:00:00+00:00,14569923.088283535
2022-12-09 00:00:00+00:00,14569923.088283535
2022-12-12 00:00:00+00:00,14569923.088283535
2022-12-13 00:00:00+00:00,14569923.088283535
2022-12-14 00:00:00+00:00,14569923.088283535
2022-12-15 00:00:00+00:00,14569923.088283535
2022-12-16 00:00:00+00:00,14569923.088283535
2022-12-19 00:00:00+00:00,14569923.088283535
2022-12-20 00:00:00+00:00,14569923.088283535
2022-12-21 00:00:00+00:00,14569923.088283535
2022-12-22 00:00:00+00:00,14569923.088283535
2022-12-23 00:00:00+00:00,14569923.088283535
2022-12-26 00:00:00+00:00,14569923.088283535
2022-12-27 00:00:00+00:00,14569923.088283535
2022-12-28 00:00:00+00:00,14569923.088283535
2022-12-29 00:00:00+00:00,14569923.088283535
2022-12-30 00:00:00+00:00,14569923.088283535
2023-01-02 00:00:00+00:00,14569923.088283535
2023-01-03 00:00:00+00:00,14569923.088283535
2023-01-04 00:00:00+00:00,14569923.088283535
2023-01-05 00:00:00+00:00,14569923.088283535
2023-01-06 00:00:00+00:00,14569923.088283535
2023-01-09 00:00:00+00:00,14569923.088283535
2023-01-10 00:00:00+00:00,14569923.088283535
2023-01-11 00:00:00+00:00,14569923.088283535
2023-01-12 00:00:00+00:00,14569923.088283535
2023-01-13 00:00:00+00:00,14569923.088283535
2023-01-16 00:00:00+00:00,14569923.088283535
2023-01-17 00:00:00+00:00,14569923.088283535
2023-01-18 00:00:00+00:00,14569923.088283535
2023-01-19 00:00:00+00:00,14569923.088283535
2023-01-20 00:00:00+00:00,14569923.088283535
2023-01-23 00:00:00+00:00,14569923.088283535
2023-01-24 00:00:00+00:00,14569923.088283535
2023-01-25 00:00:00+00:00,14569923.088283535
2023-01-26 00:00:00+00:00,14569923.088283535
2023-01-27 00:00:00+00:00,14569923.088283535
2023-01-30 00:00:00+00:00,14569923.088283535
2023-01-31 00:00:00+00:00,14569923.088283535
2023-02-01 00:00:00+00:00,14569923.088283535
2023-02-02 00:00:00+00:00,14569923.088283535
2023-02-03 00:00:00+00:00,14569923.088283535
2023-02-06 00:00:00+00:00,14569923.088283535
2023-02-07 00:00:00+00:00,14569923.088283535
2023-02-08 00:00:00+00:00,14569923.088283535
2023-02-09 00:00:00+00:00,14569923.088283535
2023-02-10 00:00:00+00:00,14569923.088283535
2023-02-13 00:00:00+00:00,14569923.088283535
2023-02-14 00:00:00+00:00,14569923.088283535
2023-02-15 00:00:00+00:00,14569923.088283535
2023-02-16 00:00:00+00:00,14569923.088283535
2023-02-17 00:00:00+00:00,14569923.088283535
2023-02-20 00:00:00+00:00,14569923.088283535
2023-02-21 00:00:00+00:00,14569923.088283535
2023-02-22 00:00:00+00:00,14569923.088283535
2023-02-23 00:00:00+00:00,14569923.088283535
2023-02-24 00:00:00+00:00,14569923.088283535
2023-02-27 00:00:00+00:00,14569923.088283535
2023-02-28 00:00:00+00:00,14569923.088283535
2023-03-01 00:00:00+00:00,14569923.088283535
2023-03-02 00:00:00+00:00,14569923.088283535
2023-03-03 00:00:00+00:00,14569923.088283535
2023-03-06 00:00:00+00:00,14569923.088283535
2023-03-07 00:00:00+00:00,14569923.088283535
2023-03-08 00:00:00+00:00,14569923.088283535
2023-03-09 00:00:00+00:00,14569923.088283535
2023-03-10 00:00:00+00:00,14569923.088283535
2023-03-13 00:00:00+00:00,14569923.088283535
2023-03-14 00:00:00+00:00,14569923.088283535
2023-03-15 00:00:00+00:00,14569923.088283535
2023-03-16 00:00:00+00:00,14569923.088283535
2023-03-17 00:00:00+00:00,14569923.088283535
2023-03-20 00:00:00+00:00,14569923.088283535
2023-03-21 00:00:00+00:00,14569923.088283535
2023-03-22 00:00:00+00:00,14569923.088283535
2023-03-23 00:00:00+00:00,14569923.088283535
2023-03-24 00:00:00+00:00,14569923.088283535
2023-03-27 00:00:00+00:00,14569923.088283535
2023-03-28 00:00:00+00:00,14569923.088283535
2023-03-29 00:00:00+00:00,14569923.088283535
2023-03-30 00:00:00+00:00,14569923.088283535
2023-03-31 00:00:00+00:00,14569923.088283535
2023-04-03 00:00:00+00:00,14569923.088283535
2023-04-04 00:00:00+00:00,14569923.088283535
2023-04-05 00:00:00+00:00,14569923.088283535
2023-04-06 00:00:00+00:00,14569923.088283535
2023-04-10 00:00:00+00:00,14569923.088283535
2023-04-11 00:00:00+00:00,14569923.088283535
2023-04-12 00:00:00+00:00,14569923.088283535
2023-04-13 00:00:00+00:00,14569923.088283535
2023-04-14 00:00:00+00:00,14569923.088283535
2023-04-17 00:00:00+00:00,14569923.088283535
2023-04-18 00:00:00+00:00,14569923.088283535
2023-04-19 00:00:00+00:00,14569923.088283535
2023-04-20 00:00:00+00:00,14569923.088283535
2023-04-21 00:00:00+00:00,14569923.088283535
2023-04-24 00:00:00+00:00,14569923.088283535
2023-04-25 00:00:00+00:00,14569923.088283535
2023-04-26 00:00:00+00:00,14569923.088283535
2023-04-27 00:00:00+00:00,14569923.088283535
2023-04-28 00:00:00+00:00,14569923.088283535
2023-05-01 00:00:00+00:00,14569923.088283535
2023-05-02 00:00:00+00:00,14569923.088283535
2023-05-03 00:00:00+00:00,14569923.088283535
2023-05-04 00:00:00+00:00,14569923.088283535
2023-05-05 00:00:00+00:00,14569923.088283535
2023-05-08 00:00:00+00:00,14569923.088283535
2023-05-09 00:00:00+00:00,14569923.088283535
2023-05-10 00:00:00+00:00,14569923.088283535
2023-05-11 00:00:00+00:00,14569923.088283535
2023-05-12 00:00:00+00:00,14569923.088283535
2023-05-15 00:00:00+00:00,14569923.088283535
2023-05-16 00:00:00+00:00,14569923.088283535
2023-05-17 00:00:00+00:00,14569923.088283535
2023-05-18 00:00:00+00:00,14569923.088283535
2023-05-19 00:00:00+00:00,14569923.088283535
2023-05-22 00:00:00+00:00,14569923.088283535
2023-05-23 00:00:00+00:00,14569923.088283535
2023-05-24 00:00:00+00:00,14569923.088283535
2023-05-25 00:00:00+00:00,14569923.088283535
2023-05-26 00:00:00+00:00,14569923.088283535
2023-05-29 00:00:00+00:00,14569923.088283535
2023-05-30 00:00:00+00:00,14569923.088283535
2023-05-31 00:00:00+00:00,14569923.088283535
2023-06-01 00:00:00+00:00,14569923.088283535
2023-06-02 00:00:00+00:00,14569923.088283535
2023-06-05 00:00:00+00:00,14569923.088283535
2023-06-06 00:00:00+00:00,14569923.088283535
2023-06-07 00:00:00+00:00,14569923.088283535
2023-06-08 00:00:00+00:00,14569923.088283535
2023-06-09 00:00:00+00:00,14569923.088283535
2023-06-12 00:00:00+00:00,14569923.088283535
2023-06-13 00:00:00+00:00,14569923.088283535
2023-06-14 00:00:00+00:00,14569923.088283535
2023-06-15 00:00:00+00:00,14569923.088283535
2023-06-16 00:00:00+00:00,14569923.088283535
2023-06-19 00:00:00+00:00,14569923.088283535
2023-06-20 00:00:00+00:00,14569923.088283535
2023-06-21 00:00:00+00:00,14569923.088283535
2023-06-22 00:00:00+00:00,14569923.088283535
2023-06-23 00:00:00+00:00,14569923.088283535
2023-06-26 00:00:00+00:00,14569923.088283535
2023-06-27 00:00:00+00:00,14569923.088283535
2023-06-28 00:00:00+00:00,14569923.088283535
2023-06-29 00:00:00+00:00,14569923.088283535
2023-06-30 00:00:00+00:00,14569923.088283535
2023-07-03 00:00:00+00:00,14569923.088283535
2023-07-04 00:00:00+00:00,14569923.088283535
2023-07-05 00:00:00+00:00,14569923.088283535
2023-07-06 00:00:00+00:00,14569923.088283535
2023-07-07 00:00:00+00:00,14569923.088283535
2023-07-10 00:00:00+00:00,14569923.088283535
2023-07-11 00:00:00+00:00,14569923.088283535
2023-07-12 00:00:00+00:00,14569923.088283535
2023-07-13 00:00:00+00:00,14569923.088283535
2023-07-14 00:00:00+00:00,14569923.088283535
2023-07-17 00:00:00+00:00,14569923.088283535
2023-07-18 00:00:00+00:00,14569923.088283535
2023-07-19 00:00:00+00:00,14569923.088283535
2023-07-20 00:00:00+00:00,14569923.088283535
2023-07-21 00:00:00+00:00,14569923.088283535
2023-07-24 00:00:00+00:00,14569923.088283535
2023-07-25 00:00:00+00:00,14569923.088283535
2023-07-26 00:00:00+00:00,14569923.088283535
2023-07-27 00:00:00+00:00,14569923.088283535
2023-07-28 00:00:00+00:00,14569923.088283535
2023-07-31 00:00:00+00:00,14569923.088283535
2023-08-01 00:00:00+00:00,14569923.088283535
2023-08-02 00:00:00+00:00,14569923.088283535
2023-08-03 00:00:00+00:00,14569923.088283535
2023-08-04 00:00:00+00:00,14569923.088283535
2023-08-07 00:00:00+00:00,14569923.088283535
2023-08-08 00:00:00+00:00,14569923.088283535
2023-08-09 00:00:00+00:00,14569923.088283535
2023-08-10 00:00:00+00:00,14569923.088283535
2023-08-11 00:00:00+00:00,14569923.088283535
2023-08-14 00:00:00+00:00,14569923.088283535
2023-08-15 00:00:00+00:00,14569923.088283535
2023-08-16 00:00:00+00:00,14569923.088283535
2023-08-17 00:00:00+00:00,14569923.088283535
2023-08-18 00:00:00+00:00,14569923.088283535
2023-08-21 00:00:00+00:00,14569923.088283535
2023-08-22 00:00:00+00:00,14569923.088283535
2023-08-23 00:00:00+00:00,14569923.088283535
2023-08-24 00:00:00+00:00,14569923.088283535
2023-08-25 00:00:00+00:00,14569923.088283535
2023-08-28 00:00:00+00:00,14569923.088283535
2023-08-29 00:00:00+00:00,14569923.088283535
2023-08-30 00:00:00+00:00,14569923.088283535
2023-08-31 00:00:00+00:00,14569923.088283535
2023-09-01 00:00:00+00:00,14569923.088283535
2023-09-04 00:00:00+00:00,14569923.088283535
2023-09-05 00:00:00+00:00,14569923.088283535
2023-09-06 00:00:00+00:00,14569923.088283535
2023-09-07 00:00:00+00:00,14569923.088283535
2023-09-08 00:00:00+00:00,14569923.088283535
2023-09-11 00:00:00+00:00,14569923.088283535
2023-09-12 00:00:00+00:00,14569923.088283535
2023-09-13 00:00:00+00:00,14569923.088283535
2023-09-14 00:00:00+00:00,14569923.088283535
2023-09-15 00:00:00+00:00,14569923.088283535
2023-09-18 00:00:00+00:00,14569923.088283535
2023-09-19 00:00:00+00:00,14569923.088283535
2023-09-20 00:00:00+00:00,14569923.088283535
2023-09-21 00:00:00+00:00,14569923.088283535
2023-09-22 00:00:00+00:00,14569923.088283535
2023-09-25 00:00:00+00:00,14569923.088283535
2023-09-26 00:00:00+00:00,14569923.088283535
2023-09-27 00:00:00+00:00,14569923.088283535
2023-09-28 00:00:00+00:00,14569923.088283535
2023-09-29 00:00:00+00:00,14569923.088283535
2023-10-02 00:00:00+00:00,14569923.088283535
2023-10-03 00:00:00+00:00,14569923.088283535
2023-10-04 00:00:00+00:00,14569923.088283535
2023-10-05 00:00:00+00:00,14569923.088283535
2023-10-06 00:00:00+00:00,14569923.088283535
2023-10-09 00:00:00+00:00,14569923.088283535
2023-10-10 00:00:00+00:00,14569923.088283535
2023-10-11 00:00:00+00:00,14569923.088283535
2023-10-12 00:00:00+00:00,14569923.088283535
2023-10-13 00:00:00+00:00,14569923.088283535
2023-10-16 00:00:00+00:00,14569923.088283535
2023-10-17 00:00:00+00:00,14569923.088283535
2023-10-18 00:00:00+00:00,14569923.088283535
2023-10-19 00:00:00+00:00,14569923.088283535
2023-10-20 00:00:00+00:00,14569923.088283535
2023-10-23 00:00:00+00:00,14569923.088283535
2023-10-24 00:00:00+00:00,14569923.088283535
2023-10-25 00:00:00+00:00,14569923.088283535
2023-10-26 00:00:00+00:00,14569923.088283535
2023-10-27 00:00:00+00:00,14569923.088283535
2023-10-30 00:00:00+00:00,14569923.088283535
2023-10-31 00:00:00+00:00,14569923.088283535
2023-11-01 00:00:00+00:00,14569923.088283535
2023-11-02 00:00:00+00:00,14569923.088283535
2023-11-03 00:00:00+00:00,14569923.088283535
2023-11-06 00:00:00+00:00,14569923.088283535
2023-11-07 00:00:00+00:00,14569923.088283535
2023-11-08 00:00:00+00:00,14569923.088283535
2023-11-09 00:00:00+00:00,14569923.088283535
2023-11-10 00:00:00+00:00,14569923.088283535
2023-11-13 00:00:00+00:00,14569923.088283535
2023-11-14 00:00:00+00:00,14569923.088283535
2023-11-15 00:00:00+00:00,14569923.088283535
2023-11-16 00:00:00+00:00,14569923.088283535
2023-11-17 00:00:00+00:00,14569923.088283535
2023-11-20 00:00:00+00:00,14569923.088283535
2023-11-21 00:00:00+00:00,14569923.088283535
2023-11-22 00:00:00+00:00,14569923.088283535
2023-11-23 00:00:00+00:00,14569923.088283535
2023-11-24 00:00:00+00:00,14569923.088283535
2023-11-27 00:00:00+00:00,14569923.088283535
2023-11-28 00:00:00+00:00,14569923.088283535
2023-11-29 00:00:00+00:00,14569923.088283535
2023-11-30 00:00:00+00:00,14569923.088283535
2023-12-01 00:00:00+00:00,14569923.088283535
2023-12-04 00:00:00+00:00,14569923.088283535
2023-12-05 00:00:00+00:00,14569923.088283535
2023-12-06 00:00:00+00:00,14569923.088283535
2023-12-07 00:00:00+00:00,14569923.088283535
2023-12-08 00:00:00+00:00,14569923.088283535
2023-12-11 00:00:00+00:00,14569923.088283535
2023-12-12 00:00:00+00:00,14569923.088283535
2023-12-13 00:00:00+00:00,14569923.088283535
2023-12-14 00:00:00+00:00,14569923.088283535
2023-12-15 00:00:00+00:00,14569923.088283535
2023-12-18 00:00:00+00:00,14569923.088283535
2023-12-19 00:00:00+00:00,14569923.088283535
2023-12-20 00:00:00+00:00,14569923.088283535
2023-12-21 00:00:00+00:00,14569923.088283535
2023-12-22 00:00:00+00:00,14569923.088283535
2023-12-26 00:00:00+00:00,14569923.088283535
2023-12-27 00:00:00+00:00,14569923.088283535
2023-12-28 00:00:00+00:00,14569923.088283535
2023-12-29 00:00:00+00:00,14569923.088283535
2024-01-01 00:00:00+00:00,14569923.088283535
2024-01-02 00:00:00+00:00,14569923.088283535
2024-01-03 00:00:00+00:00,14569923.088283535
2024-01-04 00:00:00+00:00,14569923.088283535
2024-01-05 00:00:00+00:00,14569923.088283535
2024-01-08 00:00:00+00:00,14569923.088283535
2024-01-09 00:00:00+00:00,14569923.088283535
2024-01-10 00:00:00+00:00,14569923.088283535
2024-01-11 00:00:00+00:00,14569923.088283535
2024-01-12 00:00:00+00:00,14569923.088283535
2024-01-15 00:00:00+00:00,14569923.088283535
2024-01-16 00:00:00+00:00,14569923.088283535
2024-01-17 00:00:00+00:00,14569923.088283535
2024-01-18 00:00:00+00:00,14569923.088283535
2024-01-19 00:00:00+00:00,14569923.088283535
2024-01-22 00:00:00+00:00,14569923.088283535
2024-01-23 00:00:00+00:00,14569923.088283535
2024-01-24 00:00:00+00:00,14569923.088283535
2024-01-25 00:00:00+00:00,14569923.088283535
2024-01-26 00:00:00+00:00,14569923.088283535
2024-01-29 00:00:00+00:00,14569923.088283535
2024-01-30 00:00:00+00:00,14569923.088283535
2024-01-31 00:00:00+00:00,14569923.088283535
2024-02-01 00:00:00+00:00,14569923.088283535
2024-02-02 00:00:00+00:00,14569923.088283535
2024-02-05 00:00:00+00:00,14569923.088283535
2024-02-06 00:00:00+00:00,14569923.088283535
2024-02-07 00:00:00+00:00,14569923.088283535
2024-02-08 00:00:00+00:00,14569923.088283535
2024-02-09 00:00:00+00:00,14569923.088283535
2024-02-12 00:00:00+00:00,14569923.088283535
2024-02-13 00:00:00+00:00,14569923.088283535
2024-02-14 00:00:00+00:00,14569923.088283535
2024-02-15 00:00:00+00:00,14569923.088283535
2024-02-16 00:00:00+00:00,14569923.088283535
2024-02-19 00:00:00+00:00,14569923.088283535
2024-02-20 00:00:00+00:00,14569923.088283535
2024-02-21 00:00:00+00:00,14569923.088283535
2024-02-22 00:00:00+00:00,14569923.088283535
2024-02-23 00:00:00+00:00,14569923.088283535
2024-02-26 00:00:00+00:00,14569923.088283535
2024-02-27 00:00:00+00:00,14569923.088283535
2024-02-28 00:00:00+00:00,14569923.088283535
2024-02-29 00:00:00+00:00,14569923.088283535
2024-03-01 00:00:00+00:00,14569923.088283535
2024-03-04 00:00:00+00:00,14569923.088283535
2024-03-05 00:00:00+00:00,14569923.088283535
2024-03-06 00:00:00+00:00,14569923.088283535
2024-03-07 00:00:00+00:00,14569923.088283535
2024-03-08 00:00:00+00:00,14569923.088283535
2024-03-11 00:00:00+00:00,14569923.088283535
2024-03-12 00:00:00+00:00,14569923.088283535
2024-03-13 00:00:00+00:00,14569923.088283535
2024-03-14 00:00:00+00:00,14569923.088283535
2024-03-15 00:00:00+00:00,14569923.088283535
2024-03-18 00:00:00+00:00,14569923.088283535
2024-03-19 00:00:00+00:00,14569923.088283535
2024-03-20 00:00:00+00:00,14569923.088283535
2024-03-21 00:00:00+00:00,14569923.088283535
2024-03-22 00:00:00+00:00,14569923.088283535
2024-03-25 00:00:00+00:00,14569923.088283535
2024-03-26 00:00:00+00:00,14569923.088283535
2024-03-27 00:00:00+00:00,14569923.088283535
2024-03-28 00:00:00+00:00,14569923.088283535
2024-04-01 00:00:00+00:00,14569923.088283535
2024-04-02 00:00:00+00:00,14569923.088283535
2024-04-03 00:00:00+00:00,14569923.088283535
2024-04-04 00:00:00+00:00,14569923.088283535
2024-04-05 00:00:00+00:00,14569923.088283535
2024-04-08 00:00:00+00:00,14569923.088283535
2024-04-09 00:00:00+00:00,14569923.088283535
2024-04-10 00:00:00+00:00,14569923.088283535
2024-04-11 00:00:00+00:00,14569923.088283535
2024-04-12 00:00:00+00:00,14569923.088283535
2024-04-15 00:00:00+00:00,14569923.088283535
2024-04-16 00:00:00+00:00,14569923.088283535
2024-04-17 00:00:00+00:00,14569923.088283535
2024-04-18 00:00:00+00:00,14569923.088283535
2024-04-19 00:00:00+00:00,14569923.088283535
2024-04-22 00:00:00+00:00,14569923.088283535
2024-04-23 00:00:00+00:00,14569923.088283535
2024-04-24 00:00:00+00:00,14569923.088283535
2024-04-25 00:00:00+00:00,14569923.088283535
2024-04-26 00:00:00+00:00,14569923.088283535
2024-04-29 00:00:00+00:00,14569923.088283535
2024-04-30 00:00:00+00:00,14569923.088283535
2024-05-01 00:00:00+00:00,14569923.088283535
2024-05-02 00:00:00+00:00,14569923.088283535
2024-05-03 00:00:00+00:00,14569923.088283535
2024-05-06 00:00:00+00:00,14569923.088283535
2024-05-07 00:00:00+00:00,14569923.088283535
2024-05-08 00:00:00+00:00,14569923.088283535
2024-05-09 00:00:00+00:00,14569923.088283535
2024-05-10 00:00:00+00:00,14569923.088283535
2024-05-13 00:00:00+00:00,14569923.088283535
2024-05-14 00:00:00+00:00,14569923.088283535
2024-05-15 00:00:00+00:00,14569923.088283535
2024-05-16 00:00:00+00:00,14569923.088283535
2024-05-17 00:00:00+00:00,14569923.088283535
2024-05-20 00:00:00+00:00,14569923.088283535
2024-05-21 00:00:00+00:00,14569923.088283535
2024-05-22 00:00:00+00:00,14569923.088283535
2024-05-23 00:00:00+00:00,14569923.088283535
2024-05-24 00:00:00+00:00,14569923.088283535
2024-05-27 00:00:00+00:00,14569923.088283535
2024-05-28 00:00:00+00:00,14569923.088283535
2024-05-29 00:00:00+00:00,14569923.088283535
2024-05-30 00:00:00+00:00,14569923.088283535
2024-05-31 00:00:00+00:00,14569923.088283535
2024-06-03 00:00:00+00:00,14569923.088283535
2024-06-04 00:00:00+00:00,14569923.088283535
2024-06-05 00:00:00+00:00,14569923.088283535
2024-06-06 00:00:00+00:00,14569923.088283535
2024-06-07 00:00:00+00:00,14569923.088283535
2024-06-10 00:00:00+00:00,14569923.088283535
2024-06-11 00:00:00+00:00,14569923.088283535
2024-06-12 00:00:00+00:00,14569923.088283535
2024-06-13 00:00:00+00:00,14569923.088283535
2024-06-14 00:00:00+00:00,14569923.088283535
2024-06-17 00:00:00+00:00,14569923.088283535
2024-06-18 00:00:00+00:00,14569923.088283535
2024-06-19 00:00:00+00:00,14569923.088283535
2024-06-20 00:00:00+00:00,14569923.088283535
2024-06-21 00:00:00+00:00,14569923.088283535
2024-06-24 00:00:00+00:00,14569923.088283535
2024-06-25 00:00:00+00:00,14569923.088283535
2024-06-26 00:00:00+00:00,14569923.088283535
2024-06-27 00:00:00+00:00,14569923.088283535
2024-06-28 00:00:00+00:00,14569923.088283535
2024-07-01 00:00:00+00:00,14569923.088283535
2024-07-02 00:00:00+00:00,14569923.088283535
2024-07-03 00:00:00+00:00,14569923.088283535
2024-07-04 00:00:00+00:00,14569923.088283535
2024-07-05 00:00:00+00:00,14569923.088283535
2024-07-08 00:00:00+00:00,14569923.088283535
2024-07-09 00:00:00+00:00,14569923.088283535
2024-07-10 00:00:00+00:00,14569923.088283535
2024-07-11 00:00:00+00:00,14569923.088283535
2024-07-12 00:00:00+00:00,14569923.088283535
2024-07-15 00:00:00+00:00,14569923.088283535
2024-07-16 00:00:00+00:00,14569923.088283535
2024-07-17 00:00:00+00:00,14569923.088283535
2024-07-18 00:00:00+00:00,14569923.088283535
2024-07-19 00:00:00+00:00,14569923.088283535
2024-07-22 00:00:00+00:00,14569923.088283535
2024-07-23 00:00:00+00:00,14569923.088283535
2024-07-24 00:00:00+00:00,14569923.088283535
2024-07-25 00:00:00+00:00,14569923.088283535
2024-07-26 00:00:00+00:00,14569923.088283535
2024-07-29 00:00:00+00:00,14569923.088283535
2024-07-30 00:00:00+00:00,14569923.088283535
2024-07-31 00:00:00+00:00,14569923.088283535
2024-08-01 00:00:00+00:00,14569923.088283535
2024-08-02 00:00:00+00:00,14569923.088283535
2024-08-05 00:00:00+00:00,14569923.088283535
2024-08-06 00:00:00+00:00,14569923.088283535
2024-08-07 00:00:00+00:00,14569923.088283535
2024-08-08 00:00:00+00:00,14569923.088283535
2024-08-09 00:00:00+00:00,14569923.088283535
2024-08-12 00:00:00+00:00,14569923.088283535
2024-08-13 00:00:00+00:00,14569923.088283535
2024-08-14 00:00:00+00:00,14569923.088283535
2024-08-15 00:00:00+00:00,14569923.088283535
2024-08-16 00:00:00+00:00,14569923.088283535
2024-08-19 00:00:00+00:00,14569923.088283535
2024-08-20 00:00:00+00:00,14569923.088283535
2024-08-21 00:00:00+00:00,14569923.088283535
2024-08-22 00:00:00+00:00,14569923.088283535
2024-08-23 00:00:00+00:00,14569923.088283535
2024-08-26 00:00:00+00:00,14569923.088283535
2024-08-27 00:00:00+00:00,14569923.088283535
2024-08-28 00:00:00+00:00,14569923.088283535
2024-08-29 00:00:00+00:00,14569923.088283535
2024-08-30 00:00:00+00:00,14569923.088283535
2024-09-02 00:00:00+00:00,14569923.088283535
2024-09-03 00:00:00+00:00,14569923.088283535
2024-09-04 00:00:00+00:00,14569923.088283535
2024-09-05 00:00:00+00:00,14569923.088283535
2024-09-06 00:00:00+00:00,14569923.088283535
2024-09-09 00:00:00+00:00,14569923.088283535
2024-09-10 00:00:00+00:00,14569923.088283535
2024-09-11 00:00:00+00:00,14569923.088283535
2024-09-12 00:00:00+00:00,14569923.088283535
2024-09-13 00:00:00+00:00,14569923.088283535
2024-09-16 00:00:00+00:00,14569923.088283535
2024-09-17 00:00:00+00:00,14569923.088283535
2024-09-18 00:00:00+00:00,14569923.088283535
2024-09-19 00:00:00+00:00,14569923.088283535
2024-09-20 00:00:00+00:00,14569923.088283535
2024-09-23 00:00:00+00:00,14569923.088283535
2024-09-24 00:00:00+00:00,14569923.088283535
2024-09-25 00:00:00+00:00,14569923.088283535
2024-09-26 00:00:00+00:00,14569923.088283535
2024-09-27 00:00:00+00:00,14569923.088283535
2024-09-30 00:00:00+00:00,14569923.088283535
2024-10-01 00:00:00+00:00,14569923.088283535
2024-10-02 00:00:00+00:00,14569923.088283535
2024-10-03 00:00:00+00:00,14569923.088283535
2024-10-04 00:00:00+00:00,14569923.088283535
2024-10-07 00:00:00+00:00,14569923.088283535
2024-10-08 00:00:00+00:00,14569923.088283535
2024-10-09 00:00:00+00:00,14569923.088283535
2024-10-10 00:00:00+00:00,14569923.088283535
2024-10-11 00:00:00+00:00,14569923.088283535
2024-10-14 00:00:00+00:00,14569923.088283535
2024-10-15 00:00:00+00:00,14569923.088283535
2024-10-16 00:00:00+00:00,14569923.088283535
2024-10-17 00:00:00+00:00,14569923.088283535
2024-10-18 00:00:00+00:00,14569923.088283535
2024-10-21 00:00:00+00:00,14569923.088283535
2024-10-22 00:00:00+00:00,14569923.088283535
2024-10-23 00:00:00+00:00,14569923.088283535
2024-10-24 00:00:00+00:00,14569923.088283535
2024-10-25 00:00:00+00:00,14569923.088283535
2024-10-28 00:00:00+00:00,14569923.088283535
2024-10-29 00:00:00+00:00,14569923.088283535
2024-10-30 00:00:00+00:00,14569923.088283535
2024-10-31 00:00:00+00:00,14569923.088283535
2024-11-01 00:00:00+00:00,14569923.088283535
2024-11-04 00:00:00+00:00,14569923.088283535
2024-11-05 00:00:00+00:00,14569923.088283535
2024-11-06 00:00:00+00:00,14569923.088283535
2024-11-07 00:00:00+00:00,14569923.088283535
2024-11-08 00:00:00+00:00,14569923.088283535
2024-11-11 00:00:00+00:00,14569923.088283535
2024-11-12 00:00:00+00:00,14569923.088283535
2024-11-13 00:00:00+00:00,14569923.088283535
2024-11-14 00:00:00+00:00,14569923.088283535
2024-11-15 00:00:00+00:00,14569923.088283535
2024-11-18 00:00:00+00:00,14569923.088283535
2024-11-19 00:00:00+00:00,14569923.088283535
2024-11-20 00:00:00+00:00,14569923.088283535
2024-11-21 00:00:00+00:00,14569923.088283535
2024-11-22 00:00:00+00:00,14569923.088283535
2024-11-25 00:00:00+00:00,14569923.088283535
2024-11-26 00:00:00+00:00,14569923.088283535
2024-11-27 00:00:00+00:00,14569923.088283535
2024-11-28 00:00:00+00:00,14569923.088283535
2024-11-29 00:00:00+00:00,14569923.088283535
2024-12-02 00:00:00+00:00,14569923.088283535
2024-12-03 00:00:00+00:00,14569923.088283535
2024-12-04 00:00:00+00:00,14569923.088283535
2024-12-05 00:00:00+00:00,14569923.088283535
2024-12-06 00:00:00+00:00,14569923.088283535
2024-12-09 00:00:00+00:00,14569923.088283535
2024-12-10 00:00:00+00:00,14569923.088283535
2024-12-11 00:00:00+00:00,14569923.088283535
2024-12-12 00:00:00+00:00,14569923.088283535
2024-12-13 00:00:00+00:00,14569923.088283535
2024-12-16 00:00:00+00:00,14569923.088283535
2024-12-17 00:00:00+00:00,14569923.088283535
2024-12-18 00:00:00+00:00,14569923.088283535
2024-12-19 00:00:00+00:00,14569923.088283535
2024-12-20 00:00:00+00:00,14569923.088283535
2024-12-23 00:00:00+00:00,14569923.088283535
2024-12-24 00:00:00+00:00,14569923.088283535
2024-12-26 00:00:00+00:00,14569923.088283535
2024-12-27 00:00:00+00:00,14569923.088283535
2024-12-30 00:00:00+00:00,14569923.088283535
2024-12-31 00:00:00+00:00,14569923.088283535
