,equity
2000-01-03 00:00:00+00:00,10000000.0
2000-01-04 00:00:00+00:00,10000000.0
2000-01-05 00:00:00+00:00,10000000.0
2000-01-06 00:00:00+00:00,10000000.0
2000-01-07 00:00:00+00:00,10000000.0
2000-01-10 00:00:00+00:00,10000000.0
2000-01-11 00:00:00+00:00,10000000.0
2000-01-12 00:00:00+00:00,10000000.0
2000-01-13 00:00:00+00:00,10000000.0
2000-01-14 00:00:00+00:00,10000000.0
2000-01-17 00:00:00+00:00,10000000.0
2000-01-18 00:00:00+00:00,10000000.0
2000-01-19 00:00:00+00:00,10000000.0
2000-01-20 00:00:00+00:00,10000000.0
2000-01-21 00:00:00+00:00,10000000.0
2000-01-24 00:00:00+00:00,10000000.0
2000-01-25 00:00:00+00:00,10000000.0
2000-01-26 00:00:00+00:00,10000000.0
2000-01-27 00:00:00+00:00,10000000.0
2000-01-28 00:00:00+00:00,10000000.0
2000-01-31 00:00:00+00:00,10000000.0
2000-02-01 00:00:00+00:00,10000000.0
2000-02-02 00:00:00+00:00,10000000.0
2000-02-03 00:00:00+00:00,10000000.0
2000-02-04 00:00:00+00:00,10000000.0
2000-02-07 00:00:00+00:00,10000000.0
2000-02-08 00:00:00+00:00,10000000.0
2000-02-09 00:00:00+00:00,10000000.0
2000-02-10 00:00:00+00:00,10000000.0
2000-02-11 00:00:00+00:00,10000000.0
2000-02-14 00:00:00+00:00,10000000.0
2000-02-15 00:00:00+00:00,10000000.0
2000-02-16 00:00:00+00:00,10000000.0
2000-02-17 00:00:00+00:00,10000000.0
2000-02-18 00:00:00+00:00,10000000.0
2000-02-21 00:00:00+00:00,10000000.0
2000-02-22 00:00:00+00:00,10000000.0
2000-02-23 00:00:00+00:00,10000000.0
2000-02-24 00:00:00+00:00,10000000.0
2000-02-25 00:00:00+00:00,10000000.0
2000-02-28 00:00:00+00:00,10000000.0
2000-02-29 00:00:00+00:00,10000000.0
2000-03-01 00:00:00+00:00,10000000.0
2000-03-02 00:00:00+00:00,10000000.0
2000-03-03 00:00:00+00:00,10000000.0
2000-03-06 00:00:00+00:00,10000000.0
2000-03-07 00:00:00+00:00,10000000.0
2000-03-08 00:00:00+00:00,10000000.0
2000-03-09 00:00:00+00:00,10000000.0
2000-03-10 00:00:00+00:00,10000000.0
2000-03-13 00:00:00+00:00,10000000.0
2000-03-14 00:00:00+00:00,10000000.0
2000-03-15 00:00:00+00:00,10000000.0
2000-03-16 00:00:00+00:00,10000000.0
2000-03-17 00:00:00+00:00,10000000.0
2000-03-20 00:00:00+00:00,10000000.0
2000-03-21 00:00:00+00:00,10000000.0
2000-03-22 00:00:00+00:00,10000000.0
2000-03-23 00:00:00+00:00,10000000.0
2000-03-24 00:00:00+00:00,10000000.0
2000-03-27 00:00:00+00:00,10000000.0
2000-03-28 00:00:00+00:00,10000000.0
2000-03-29 00:00:00+00:00,10000000.0
2000-03-30 00:00:00+00:00,10000000.0
2000-03-31 00:00:00+00:00,10000000.0
2000-04-03 00:00:00+00:00,10000000.0
2000-04-04 00:00:00+00:00,10000000.0
2000-04-05 00:00:00+00:00,10000000.0
2000-04-06 00:00:00+00:00,10000000.0
2000-04-07 00:00:00+00:00,10000000.0
2000-04-10 00:00:00+00:00,10000000.0
2000-04-11 00:00:00+00:00,10000000.0
2000-04-12 00:00:00+00:00,10000000.0
2000-04-13 00:00:00+00:00,10000000.0
2000-04-14 00:00:00+00:00,10000000.0
2000-04-17 00:00:00+00:00,10000000.0
2000-04-18 00:00:00+00:00,10000000.0
2000-04-19 00:00:00+00:00,10000000.0
2000-04-20 00:00:00+00:00,10000000.0
2000-04-21 00:00:00+00:00,10000000.0
2000-04-24 00:00:00+00:00,10000000.0
2000-04-25 00:00:00+00:00,10000000.0
2000-04-26 00:00:00+00:00,10000000.0
2000-04-27 00:00:00+00:00,10000000.0
2000-04-28 00:00:00+00:00,10000000.0
2000-05-01 00:00:00+00:00,10000000.0
2000-05-02 00:00:00+00:00,10000000.0
2000-05-03 00:00:00+00:00,10000000.0
2000-05-04 00:00:00+00:00,10000000.0
2000-05-05 00:00:00+00:00,10000000.0
2000-05-08 00:00:00+00:00,10000000.0
2000-05-09 00:00:00+00:00,10000000.0
2000-05-10 00:00:00+00:00,10000000.0
2000-05-11 00:00:00+00:00,10000000.0
2000-05-12 00:00:00+00:00,10000000.0
2000-05-15 00:00:00+00:00,10000000.0
2000-05-16 00:00:00+00:00,10000000.0
2000-05-17 00:00:00+00:00,10000000.0
2000-05-18 00:00:00+00:00,10000000.0
2000-05-19 00:00:00+00:00,10000000.0
2000-05-22 00:00:00+00:00,10000000.0
2000-05-23 00:00:00+00:00,10000000.0
2000-05-24 00:00:00+00:00,10000000.0
2000-05-25 00:00:00+00:00,10000000.0
2000-05-26 00:00:00+00:00,10000000.0
2000-05-29 00:00:00+00:00,10000000.0
2000-05-30 00:00:00+00:00,10000000.0
2000-05-31 00:00:00+00:00,10000000.0
2000-06-01 00:00:00+00:00,10000000.0
2000-06-02 00:00:00+00:00,10000000.0
2000-06-05 00:00:00+00:00,10000000.0
2000-06-06 00:00:00+00:00,10000000.0
2000-06-07 00:00:00+00:00,10000000.0
2000-06-08 00:00:00+00:00,10000000.0
2000-06-09 00:00:00+00:00,10000000.0
2000-06-12 00:00:00+00:00,10000000.0
2000-06-13 00:00:00+00:00,10000000.0
2000-06-14 00:00:00+00:00,10000000.0
2000-06-15 00:00:00+00:00,10000000.0
2000-06-16 00:00:00+00:00,10000000.0
2000-06-19 00:00:00+00:00,10000000.0
2000-06-20 00:00:00+00:00,10000000.0
2000-06-21 00:00:00+00:00,10000000.0
2000-06-22 00:00:00+00:00,10000000.0
2000-06-23 00:00:00+00:00,10000000.0
2000-06-26 00:00:00+00:00,10000000.0
2000-06-27 00:00:00+00:00,10000000.0
2000-06-28 00:00:00+00:00,10000000.0
2000-06-29 00:00:00+00:00,10000000.0
2000-06-30 00:00:00+00:00,10000000.0
2000-07-03 00:00:00+00:00,10000000.0
2000-07-04 00:00:00+00:00,10000000.0
2000-07-05 00:00:00+00:00,10000000.0
2000-07-06 00:00:00+00:00,10000000.0
2000-07-07 00:00:00+00:00,10000000.0
2000-07-10 00:00:00+00:00,10000000.0
2000-07-11 00:00:00+00:00,10000000.0
2000-07-12 00:00:00+00:00,10000000.0
2000-07-13 00:00:00+00:00,10000000.0
2000-07-14 00:00:00+00:00,10000000.0
2000-07-17 00:00:00+00:00,10000000.0
2000-07-18 00:00:00+00:00,10000000.0
2000-07-19 00:00:00+00:00,10000000.0
2000-07-20 00:00:00+00:00,10000000.0
2000-07-21 00:00:00+00:00,10000000.0
2000-07-24 00:00:00+00:00,10000000.0
2000-07-25 00:00:00+00:00,10000000.0
2000-07-26 00:00:00+00:00,10000000.0
2000-07-27 00:00:00+00:00,10000000.0
2000-07-28 00:00:00+00:00,10000000.0
2000-07-31 00:00:00+00:00,10000000.0
2000-08-01 00:00:00+00:00,10000000.0
2000-08-02 00:00:00+00:00,10000000.0
2000-08-03 00:00:00+00:00,10000000.0
2000-08-04 00:00:00+00:00,10000000.0
2000-08-07 00:00:00+00:00,10000000.0
2000-08-08 00:00:00+00:00,10000000.0
2000-08-09 00:00:00+00:00,10000000.0
2000-08-10 00:00:00+00:00,10000000.0
2000-08-11 00:00:00+00:00,10000000.0
2000-08-14 00:00:00+00:00,10000000.0
2000-08-15 00:00:00+00:00,10000000.0
2000-08-16 00:00:00+00:00,10000000.0
2000-08-17 00:00:00+00:00,10000000.0
2000-08-18 00:00:00+00:00,10000000.0
2000-08-21 00:00:00+00:00,10000000.0
2000-08-22 00:00:00+00:00,10000000.0
2000-08-23 00:00:00+00:00,10000000.0
2000-08-24 00:00:00+00:00,10000000.0
2000-08-25 00:00:00+00:00,10000000.0
2000-08-28 00:00:00+00:00,10000000.0
2000-08-29 00:00:00+00:00,10000000.0
2000-08-30 00:00:00+00:00,10000000.0
2000-08-31 00:00:00+00:00,10000000.0
2000-09-01 00:00:00+00:00,10000000.0
2000-09-04 00:00:00+00:00,10000000.0
2000-09-05 00:00:00+00:00,10000000.0
2000-09-06 00:00:00+00:00,10000000.0
2000-09-07 00:00:00+00:00,10000000.0
2000-09-08 00:00:00+00:00,10000000.0
2000-09-11 00:00:00+00:00,10000000.0
2000-09-12 00:00:00+00:00,10000000.0
2000-09-13 00:00:00+00:00,10000000.0
2000-09-14 00:00:00+00:00,10000000.0
2000-09-15 00:00:00+00:00,10000000.0
2000-09-18 00:00:00+00:00,10000000.0
2000-09-19 00:00:00+00:00,10000000.0
2000-09-20 00:00:00+00:00,10000000.0
2000-09-21 00:00:00+00:00,10000000.0
2000-09-22 00:00:00+00:00,10000000.0
2000-09-25 00:00:00+00:00,10000000.0
2000-09-26 00:00:00+00:00,10000000.0
2000-09-27 00:00:00+00:00,10000000.0
2000-09-28 00:00:00+00:00,10000000.0
2000-09-29 00:00:00+00:00,10000000.0
2000-10-02 00:00:00+00:00,10000000.0
2000-10-03 00:00:00+00:00,10000000.0
2000-10-04 00:00:00+00:00,10000000.0
2000-10-05 00:00:00+00:00,10000000.0
2000-10-06 00:00:00+00:00,10000000.0
2000-10-09 00:00:00+00:00,10000000.0
2000-10-10 00:00:00+00:00,10000000.0
2000-10-11 00:00:00+00:00,10000000.0
2000-10-12 00:00:00+00:00,10000000.0
2000-10-13 00:00:00+00:00,10000000.0
2000-10-16 00:00:00+00:00,10000000.0
2000-10-17 00:00:00+00:00,10000000.0
2000-10-18 00:00:00+00:00,10000000.0
2000-10-19 00:00:00+00:00,10000000.0
2000-10-20 00:00:00+00:00,10000000.0
2000-10-23 00:00:00+00:00,10000000.0
2000-10-24 00:00:00+00:00,10000000.0
2000-10-25 00:00:00+00:00,10000000.0
2000-10-26 00:00:00+00:00,10000000.0
2000-10-27 00:00:00+00:00,10000000.0
2000-10-30 00:00:00+00:00,10000000.0
2000-10-31 00:00:00+00:00,10000000.0
2000-11-01 00:00:00+00:00,10000000.0
2000-11-02 00:00:00+00:00,10000000.0
2000-11-03 00:00:00+00:00,10000000.0
2000-11-06 00:00:00+00:00,10000000.0
2000-11-07 00:00:00+00:00,10000000.0
2000-11-08 00:00:00+00:00,10000000.0
2000-11-09 00:00:00+00:00,10000000.0
2000-11-10 00:00:00+00:00,10000000.0
2000-11-13 00:00:00+00:00,10000000.0
2000-11-14 00:00:00+00:00,10000000.0
2000-11-15 00:00:00+00:00,10000000.0
2000-11-16 00:00:00+00:00,10000000.0
2000-11-17 00:00:00+00:00,10000000.0
2000-11-20 00:00:00+00:00,10000000.0
2000-11-21 00:00:00+00:00,10000000.0
2000-11-22 00:00:00+00:00,10000000.0
2000-11-23 00:00:00+00:00,10000000.0
2000-11-24 00:00:00+00:00,10000000.0
2000-11-27 00:00:00+00:00,10000000.0
2000-11-28 00:00:00+00:00,10000000.0
2000-11-29 00:00:00+00:00,10000000.0
2000-11-30 00:00:00+00:00,10000000.0
2000-12-01 00:00:00+00:00,10000000.0
2000-12-04 00:00:00+00:00,10000000.0
2000-12-05 00:00:00+00:00,10000000.0
2000-12-06 00:00:00+00:00,10000000.0
2000-12-07 00:00:00+00:00,10000000.0
2000-12-08 00:00:00+00:00,10000000.0
2000-12-11 00:00:00+00:00,10000000.0
2000-12-12 00:00:00+00:00,10000000.0
2000-12-13 00:00:00+00:00,10000000.0
2000-12-14 00:00:00+00:00,10000000.0
2000-12-15 00:00:00+00:00,10000000.0
2000-12-18 00:00:00+00:00,10000000.0
2000-12-19 00:00:00+00:00,10000000.0
2000-12-20 00:00:00+00:00,10000000.0
2000-12-21 00:00:00+00:00,9978609.453757197
2000-12-22 00:00:00+00:00,9950652.899069697
2000-12-25 00:00:00+00:00,9950547.900757443
2000-12-26 00:00:00+00:00,9929595.951702245
2000-12-27 00:00:00+00:00,9967597.117321141
2000-12-28 00:00:00+00:00,9972160.666019566
2000-12-29 00:00:00+00:00,9984571.799099095
2001-01-01 00:00:00+00:00,9989484.946564868
2001-01-02 00:00:00+00:00,9989484.946564868
2001-01-03 00:00:00+00:00,9989484.946564868
2001-01-04 00:00:00+00:00,9989484.946564868
2001-01-05 00:00:00+00:00,9989484.946564868
2001-01-08 00:00:00+00:00,9989484.946564868
2001-01-09 00:00:00+00:00,9989484.946564868
2001-01-10 00:00:00+00:00,9989484.946564868
2001-01-11 00:00:00+00:00,9989484.946564868
2001-01-12 00:00:00+00:00,9989484.946564868
2001-01-15 00:00:00+00:00,9989484.946564868
2001-01-16 00:00:00+00:00,9989484.946564868
2001-01-17 00:00:00+00:00,9989484.946564868
2001-01-18 00:00:00+00:00,9989484.946564868
2001-01-19 00:00:00+00:00,10000015.668876322
2001-01-22 00:00:00+00:00,10033675.605411204
2001-01-23 00:00:00+00:00,10023855.554993303
2001-01-24 00:00:00+00:00,10032820.944348963
2001-01-25 00:00:00+00:00,10080101.755334528
2001-01-26 00:00:00+00:00,10080101.755334528
2001-01-29 00:00:00+00:00,10009456.539549502
2001-01-30 00:00:00+00:00,10009077.640947016
2001-01-31 00:00:00+00:00,10003170.413842829
2001-02-01 00:00:00+00:00,9983525.28181414
2001-02-02 00:00:00+00:00,10003822.567006629
2001-02-05 00:00:00+00:00,10052799.932872336
2001-02-06 00:00:00+00:00,10053635.00938658
2001-02-07 00:00:00+00:00,10019138.311389487
2001-02-08 00:00:00+00:00,10096207.435136499
2001-02-09 00:00:00+00:00,10124591.746928878
2001-02-12 00:00:00+00:00,10110969.364957519
2001-02-13 00:00:00+00:00,10116099.522452064
2001-02-14 00:00:00+00:00,10130598.879558273
2001-02-15 00:00:00+00:00,10133074.780295081
2001-02-16 00:00:00+00:00,10121729.768059656
2001-02-19 00:00:00+00:00,10102433.333172351
2001-02-20 00:00:00+00:00,10089636.47481969
2001-02-21 00:00:00+00:00,10089920.116405994
2001-02-22 00:00:00+00:00,10074774.500980746
2001-02-23 00:00:00+00:00,10006978.416463286
2001-02-26 00:00:00+00:00,10025999.71801737
2001-02-27 00:00:00+00:00,9999476.50790044
2001-02-28 00:00:00+00:00,10051180.31347021
2001-03-01 00:00:00+00:00,10021607.692085108
2001-03-02 00:00:00+00:00,9968100.272490777
2001-03-05 00:00:00+00:00,9945250.638877064
2001-03-06 00:00:00+00:00,9945011.958685353
2001-03-07 00:00:00+00:00,9985306.923586324
2001-03-08 00:00:00+00:00,9987577.738967326
2001-03-09 00:00:00+00:00,9923658.575024892
2001-03-12 00:00:00+00:00,9822962.69636701
2001-03-13 00:00:00+00:00,9737445.97979651
2001-03-14 00:00:00+00:00,9944232.623274524
2001-03-15 00:00:00+00:00,10046135.622136552
2001-03-16 00:00:00+00:00,9964758.56821986
2001-03-19 00:00:00+00:00,10007872.408904511
2001-03-20 00:00:00+00:00,10029876.983536502
2001-03-21 00:00:00+00:00,10038517.193506977
2001-03-22 00:00:00+00:00,10030356.98465993
2001-03-23 00:00:00+00:00,10002196.14921548
2001-03-26 00:00:00+00:00,10003156.183087131
2001-03-27 00:00:00+00:00,10012116.43597295
2001-03-28 00:00:00+00:00,10017396.606454631
2001-03-29 00:00:00+00:00,10013565.32762149
2001-03-30 00:00:00+00:00,10013565.32762149
2001-04-02 00:00:00+00:00,10013565.32762149
2001-04-03 00:00:00+00:00,10013565.32762149
2001-04-04 00:00:00+00:00,10013565.32762149
2001-04-05 00:00:00+00:00,10013565.32762149
2001-04-06 00:00:00+00:00,10013565.32762149
2001-04-09 00:00:00+00:00,9994839.476682754
2001-04-10 00:00:00+00:00,10003749.087991806
2001-04-11 00:00:00+00:00,9981911.073379599
2001-04-12 00:00:00+00:00,9920283.07509865
2001-04-13 00:00:00+00:00,9537883.963590164
2001-04-16 00:00:00+00:00,9976504.635680217
2001-04-17 00:00:00+00:00,10022288.064395446
2001-04-18 00:00:00+00:00,10165138.331843216
2001-04-19 00:00:00+00:00,10213006.530238945
2001-04-20 00:00:00+00:00,10166749.867574548
2001-04-23 00:00:00+00:00,10158589.889061784
2001-04-24 00:00:00+00:00,10114221.619418
2001-04-25 00:00:00+00:00,10250711.666603899
2001-04-26 00:00:00+00:00,10239725.819701795
2001-04-27 00:00:00+00:00,10136491.34076083
2001-04-30 00:00:00+00:00,10166013.896065358
2001-05-01 00:00:00+00:00,10170086.524892692
2001-05-02 00:00:00+00:00,10191032.066629294
2001-05-03 00:00:00+00:00,10165644.81854475
2001-05-04 00:00:00+00:00,10196975.62052906
2001-05-07 00:00:00+00:00,10227119.410922412
2001-05-08 00:00:00+00:00,10235430.5494063
2001-05-09 00:00:00+00:00,10211380.104626903
2001-05-10 00:00:00+00:00,10224230.857365856
2001-05-11 00:00:00+00:00,10192642.540059337
2001-05-14 00:00:00+00:00,10177678.278417835
2001-05-15 00:00:00+00:00,10202531.5808251
2001-05-16 00:00:00+00:00,10233910.361295443
2001-05-17 00:00:00+00:00,10228916.472750517
2001-05-18 00:00:00+00:00,10260296.07079968
2001-05-21 00:00:00+00:00,10222163.349821897
2001-05-22 00:00:00+00:00,10216121.982002037
2001-05-23 00:00:00+00:00,10225842.335095184
2001-05-24 00:00:00+00:00,10242815.890242431
2001-05-25 00:00:00+00:00,10230658.909221504
2001-05-28 00:00:00+00:00,10260441.2518023
2001-05-29 00:00:00+00:00,10264413.448643735
2001-05-30 00:00:00+00:00,10279404.33197216
2001-05-31 00:00:00+00:00,10273394.73828987
2001-06-01 00:00:00+00:00,10244009.294638194
2001-06-04 00:00:00+00:00,10260264.647694053
2001-06-05 00:00:00+00:00,10218486.128550736
2001-06-06 00:00:00+00:00,10226066.932307418
2001-06-07 00:00:00+00:00,10220672.759341415
2001-06-08 00:00:00+00:00,10219099.209798489
2001-06-11 00:00:00+00:00,10248780.60533205
2001-06-12 00:00:00+00:00,10255993.005639706
2001-06-13 00:00:00+00:00,10250241.6988101
2001-06-14 00:00:00+00:00,10233022.366199017
2001-06-15 00:00:00+00:00,10220656.037905857
2001-06-18 00:00:00+00:00,10201054.304477211
2001-06-19 00:00:00+00:00,10205680.69938993
2001-06-20 00:00:00+00:00,10228489.436695572
2001-06-21 00:00:00+00:00,10210122.20506334
2001-06-22 00:00:00+00:00,10192503.928657971
2001-06-25 00:00:00+00:00,10140566.130058728
2001-06-26 00:00:00+00:00,10164562.392718066
2001-06-27 00:00:00+00:00,10111582.986245474
2001-06-28 00:00:00+00:00,10102113.704502698
2001-06-29 00:00:00+00:00,10106469.649259666
2001-07-02 00:00:00+00:00,10099912.422996858
2001-07-03 00:00:00+00:00,10108502.386280635
2001-07-04 00:00:00+00:00,9292453.133828072
2001-07-05 00:00:00+00:00,10085952.822180785
2001-07-06 00:00:00+00:00,10064879.280124739
2001-07-09 00:00:00+00:00,10042736.370299414
2001-07-10 00:00:00+00:00,10067859.726271573
2001-07-11 00:00:00+00:00,10071565.910252277
2001-07-12 00:00:00+00:00,10089419.408108108
2001-07-13 00:00:00+00:00,10081590.638245322
2001-07-16 00:00:00+00:00,10068411.534739694
2001-07-17 00:00:00+00:00,10061861.512952328
2001-07-18 00:00:00+00:00,10047721.072951859
2001-07-19 00:00:00+00:00,10036616.787741892
2001-07-20 00:00:00+00:00,10048872.986826252
2001-07-23 00:00:00+00:00,10055316.193471264
2001-07-24 00:00:00+00:00,9997082.2747872
2001-07-25 00:00:00+00:00,9966005.643672662
2001-07-26 00:00:00+00:00,9908091.723910931
2001-07-27 00:00:00+00:00,9898510.534721415
2001-07-30 00:00:00+00:00,9894504.541120674
2001-07-31 00:00:00+00:00,9900431.538903382
2001-08-01 00:00:00+00:00,9927538.419105053
2001-08-02 00:00:00+00:00,9929067.014518261
2001-08-03 00:00:00+00:00,9940934.312055226
2001-08-06 00:00:00+00:00,9922764.541361406
2001-08-07 00:00:00+00:00,9933390.715654925
2001-08-08 00:00:00+00:00,9914628.07029207
2001-08-09 00:00:00+00:00,9922456.793879107
2001-08-10 00:00:00+00:00,9915603.554445818
2001-08-13 00:00:00+00:00,9908488.033442095
2001-08-14 00:00:00+00:00,9881981.528706038
2001-08-15 00:00:00+00:00,9881981.528706038
2001-08-16 00:00:00+00:00,9847273.2603943
2001-08-17 00:00:00+00:00,9872566.72165519
2001-08-20 00:00:00+00:00,9852072.084489644
2001-08-21 00:00:00+00:00,9848426.310732424
2001-08-22 00:00:00+00:00,9848426.310732424
2001-08-23 00:00:00+00:00,9886829.825582802
2001-08-24 00:00:00+00:00,9891589.533464015
2001-08-27 00:00:00+00:00,9906722.958589852
2001-08-28 00:00:00+00:00,9923710.581711113
2001-08-29 00:00:00+00:00,9931217.690800011
2001-08-30 00:00:00+00:00,9912533.076613747
2001-08-31 00:00:00+00:00,9885100.93105909
2001-09-03 00:00:00+00:00,9851318.118801417
2001-09-04 00:00:00+00:00,9858798.302658144
2001-09-05 00:00:00+00:00,9884544.304328047
2001-09-06 00:00:00+00:00,9908534.836245619
2001-09-07 00:00:00+00:00,9905479.486131791
2001-09-10 00:00:00+00:00,9882933.497078588
2001-09-11 00:00:00+00:00,9846885.934259107
2001-09-12 00:00:00+00:00,9830293.768565247
2001-09-13 00:00:00+00:00,9854568.945819877
2001-09-14 00:00:00+00:00,9854811.372344993
2001-09-17 00:00:00+00:00,9609968.83493578
2001-09-18 00:00:00+00:00,9664234.113961406
2001-09-19 00:00:00+00:00,9676052.26125545
2001-09-20 00:00:00+00:00,9661351.586132713
2001-09-21 00:00:00+00:00,9645096.84153051
2001-09-24 00:00:00+00:00,9671244.520522304
2001-09-25 00:00:00+00:00,9623040.850667961
2001-09-26 00:00:00+00:00,9616762.152793534
2001-09-27 00:00:00+00:00,9684221.515174396
2001-09-28 00:00:00+00:00,9720213.31033248
2001-10-01 00:00:00+00:00,9732493.218600532
2001-10-02 00:00:00+00:00,9723766.617185233
2001-10-03 00:00:00+00:00,9711287.639752982
2001-10-04 00:00:00+00:00,9720954.426343558
2001-10-05 00:00:00+00:00,9716736.190366386
2001-10-08 00:00:00+00:00,9717627.887628647
2001-10-09 00:00:00+00:00,9717237.024252625
2001-10-10 00:00:00+00:00,9717503.77524701
2001-10-11 00:00:00+00:00,9688131.939290242
2001-10-12 00:00:00+00:00,9702851.870860295
2001-10-15 00:00:00+00:00,9479316.884556012
2001-10-16 00:00:00+00:00,9485230.169678448
2001-10-17 00:00:00+00:00,9543562.226286083
2001-10-18 00:00:00+00:00,9576556.312948376
2001-10-19 00:00:00+00:00,9586532.658935696
2001-10-22 00:00:00+00:00,9545529.852652699
2001-10-23 00:00:00+00:00,9551776.468552738
2001-10-24 00:00:00+00:00,9554741.612905815
2001-10-25 00:00:00+00:00,9554754.817219093
2001-10-26 00:00:00+00:00,9554754.817219093
2001-10-29 00:00:00+00:00,9557410.939328507
2001-10-30 00:00:00+00:00,9543050.157488182
2001-10-31 00:00:00+00:00,9555481.653767899
2001-11-01 00:00:00+00:00,9590196.35641034
2001-11-02 00:00:00+00:00,9632826.105757061
2001-11-05 00:00:00+00:00,9626372.029784504
2001-11-06 00:00:00+00:00,9632003.137222186
2001-11-07 00:00:00+00:00,9624644.969653979
2001-11-08 00:00:00+00:00,9659907.915655032
2001-11-09 00:00:00+00:00,9655063.012136819
2001-11-12 00:00:00+00:00,9676787.123828294
2001-11-13 00:00:00+00:00,9657620.277065637
2001-11-14 00:00:00+00:00,9686494.884462716
2001-11-15 00:00:00+00:00,9685715.187979104
2001-11-16 00:00:00+00:00,9685715.187979104
2001-11-19 00:00:00+00:00,9704334.602324845
2001-11-20 00:00:00+00:00,9637948.977063539
2001-11-21 00:00:00+00:00,9677941.338404596
2001-11-22 00:00:00+00:00,9688602.03998369
2001-11-23 00:00:00+00:00,9679492.535909593
2001-11-26 00:00:00+00:00,9683752.082683504
2001-11-27 00:00:00+00:00,9676209.459650934
2001-11-28 00:00:00+00:00,9681355.107459962
2001-11-29 00:00:00+00:00,9655947.1630916
2001-11-30 00:00:00+00:00,9655947.1630916
2001-12-03 00:00:00+00:00,9680470.333784044
2001-12-04 00:00:00+00:00,9672289.147332132
2001-12-05 00:00:00+00:00,9721107.522938669
2001-12-06 00:00:00+00:00,9716494.371953905
2001-12-07 00:00:00+00:00,9741464.003803194
2001-12-10 00:00:00+00:00,9768309.382056851
2001-12-11 00:00:00+00:00,9756577.02262463
2001-12-12 00:00:00+00:00,9749941.554781575
2001-12-13 00:00:00+00:00,9737074.263252873
2001-12-14 00:00:00+00:00,9745412.489429135
2001-12-17 00:00:00+00:00,9745295.546947159
2001-12-18 00:00:00+00:00,9722640.70844046
2001-12-19 00:00:00+00:00,9699562.90610186
2001-12-20 00:00:00+00:00,9704603.368272407
2001-12-21 00:00:00+00:00,9686170.909952743
2001-12-24 00:00:00+00:00,9679735.2732359
2001-12-25 00:00:00+00:00,9679735.2732359
2001-12-26 00:00:00+00:00,9650610.479417427
2001-12-27 00:00:00+00:00,9638640.73670922
2001-12-28 00:00:00+00:00,9657816.963183029
2001-12-31 00:00:00+00:00,9690888.346232686
2002-01-01 00:00:00+00:00,9707879.852208225
2002-01-02 00:00:00+00:00,9713198.671241317
2002-01-03 00:00:00+00:00,9715928.37669519
2002-01-04 00:00:00+00:00,9726464.886044059
2002-01-07 00:00:00+00:00,9723076.156329665
2002-01-08 00:00:00+00:00,9743994.440306356
2002-01-09 00:00:00+00:00,9752469.99749439
2002-01-10 00:00:00+00:00,9752056.343412092
2002-01-11 00:00:00+00:00,9739885.423755338
2002-01-14 00:00:00+00:00,9817659.03814285
2002-01-15 00:00:00+00:00,9797198.767369917
2002-01-16 00:00:00+00:00,9793699.501926115
2002-01-17 00:00:00+00:00,9809130.379434278
2002-01-18 00:00:00+00:00,9811923.099008253
2002-01-21 00:00:00+00:00,9845873.773186376
2002-01-22 00:00:00+00:00,9827365.971393278
2002-01-23 00:00:00+00:00,9823510.54079025
2002-01-24 00:00:00+00:00,9785070.271743467
2002-01-25 00:00:00+00:00,9754291.146467855
2002-01-28 00:00:00+00:00,9757677.987232855
2002-01-29 00:00:00+00:00,9770230.0809037
2002-01-30 00:00:00+00:00,9758865.057399683
2002-01-31 00:00:00+00:00,9769027.802594118
2002-02-01 00:00:00+00:00,9844242.682388328
2002-02-04 00:00:00+00:00,9894064.630892776
2002-02-05 00:00:00+00:00,9979724.681354977
2002-02-06 00:00:00+00:00,9956608.245180853
2002-02-07 00:00:00+00:00,9989262.247812994
2002-02-08 00:00:00+00:00,9972133.469508894
2002-02-11 00:00:00+00:00,10021849.814692266
2002-02-12 00:00:00+00:00,10035880.59481693
2002-02-13 00:00:00+00:00,10147068.934836272
2002-02-14 00:00:00+00:00,10219824.514151458
2002-02-15 00:00:00+00:00,10231615.522950947
2002-02-18 00:00:00+00:00,9846586.026692212
2002-02-19 00:00:00+00:00,10221177.99244672
2002-02-20 00:00:00+00:00,10232151.745816052
2002-02-21 00:00:00+00:00,10240371.515029728
2002-02-22 00:00:00+00:00,10283454.112722218
2002-02-25 00:00:00+00:00,10277597.18653433
2002-02-26 00:00:00+00:00,10303151.76161711
2002-02-27 00:00:00+00:00,10289092.438414976
2002-02-28 00:00:00+00:00,10217775.401104376
2002-03-01 00:00:00+00:00,10249195.304172736
2002-03-04 00:00:00+00:00,10286386.099030714
2002-03-05 00:00:00+00:00,10285169.459759932
2002-03-06 00:00:00+00:00,10296131.22373889
2002-03-07 00:00:00+00:00,10282210.789014045
2002-03-08 00:00:00+00:00,10314011.07443351
2002-03-11 00:00:00+00:00,10272096.466371242
2002-03-12 00:00:00+00:00,10229965.363659564
2002-03-13 00:00:00+00:00,10273939.578303043
2002-03-14 00:00:00+00:00,10311037.37534732
2002-03-15 00:00:00+00:00,10350521.238093082
2002-03-18 00:00:00+00:00,10361980.683434669
2002-03-19 00:00:00+00:00,10284957.791473571
2002-03-20 00:00:00+00:00,10281475.728484336
2002-03-21 00:00:00+00:00,10337264.962211315
2002-03-22 00:00:00+00:00,10348912.31897134
2002-03-25 00:00:00+00:00,10348912.31897134
2002-03-26 00:00:00+00:00,10325668.321283046
2002-03-27 00:00:00+00:00,10387676.599215213
2002-03-28 00:00:00+00:00,10413905.430986587
2002-03-29 00:00:00+00:00,10413905.430986587
2002-04-01 00:00:00+00:00,10564359.099836055
2002-04-02 00:00:00+00:00,10619408.808569286
2002-04-03 00:00:00+00:00,10653497.647542248
2002-04-04 00:00:00+00:00,10715595.292484827
2002-04-05 00:00:00+00:00,10689329.141151126
2002-04-08 00:00:00+00:00,10704414.051066574
2002-04-09 00:00:00+00:00,10696331.962791618
2002-04-10 00:00:00+00:00,10759861.375240024
2002-04-11 00:00:00+00:00,10793055.14615881
2002-04-12 00:00:00+00:00,10794040.660094853
2002-04-15 00:00:00+00:00,10757649.694572564
2002-04-16 00:00:00+00:00,10751884.597889062
2002-04-17 00:00:00+00:00,10818290.877004268
2002-04-18 00:00:00+00:00,10836268.717857959
2002-04-19 00:00:00+00:00,10794773.12158406
2002-04-22 00:00:00+00:00,10809580.783554353
2002-04-23 00:00:00+00:00,10853401.51185254
2002-04-24 00:00:00+00:00,10871731.473857202
2002-04-25 00:00:00+00:00,10902223.924445428
2002-04-26 00:00:00+00:00,10958215.757701673
2002-04-29 00:00:00+00:00,10943408.394288
2002-04-30 00:00:00+00:00,11051291.976420544
2002-05-01 00:00:00+00:00,10630702.942170544
2002-05-02 00:00:00+00:00,11032474.926967544
2002-05-03 00:00:00+00:00,11052674.529205246
2002-05-06 00:00:00+00:00,11052528.719737448
2002-05-07 00:00:00+00:00,11107128.9786729
2002-05-08 00:00:00+00:00,11175043.991475023
2002-05-09 00:00:00+00:00,11165247.65856604
2002-05-10 00:00:00+00:00,11165671.97713141
2002-05-13 00:00:00+00:00,11165449.720898194
2002-05-14 00:00:00+00:00,11165449.720898194
2002-05-15 00:00:00+00:00,11164217.214664979
2002-05-16 00:00:00+00:00,11160681.339664979
2002-05-17 00:00:00+00:00,11159964.381210083
2002-05-20 00:00:00+00:00,11071688.49723801
2002-05-21 00:00:00+00:00,11010270.404902356
2002-05-22 00:00:00+00:00,11040849.412521549
2002-05-23 00:00:00+00:00,11011763.0037281
2002-05-24 00:00:00+00:00,11183399.125048585
2002-05-27 00:00:00+00:00,11171962.816280581
2002-05-28 00:00:00+00:00,11126724.283804633
2002-05-29 00:00:00+00:00,11174073.15771339
2002-05-30 00:00:00+00:00,11158114.675833551
2002-05-31 00:00:00+00:00,11160659.520514337
2002-06-03 00:00:00+00:00,11168952.797912853
2002-06-04 00:00:00+00:00,11247279.82728428
2002-06-05 00:00:00+00:00,11342680.167425122
2002-06-06 00:00:00+00:00,11395176.498051133
2002-06-07 00:00:00+00:00,11324984.226971116
2002-06-10 00:00:00+00:00,11386794.822226252
2002-06-11 00:00:00+00:00,11467988.401010241
2002-06-12 00:00:00+00:00,11547886.583344903
2002-06-13 00:00:00+00:00,11531342.96591438
2002-06-14 00:00:00+00:00,11560729.134430062
2002-06-17 00:00:00+00:00,11582648.535124194
2002-06-18 00:00:00+00:00,11569272.11994971
2002-06-19 00:00:00+00:00,11517293.356970645
2002-06-20 00:00:00+00:00,11473736.579640009
2002-06-21 00:00:00+00:00,11459665.856616832
2002-06-24 00:00:00+00:00,11482924.20926941
2002-06-25 00:00:00+00:00,11451674.543368941
2002-06-26 00:00:00+00:00,11432731.751797324
2002-06-27 00:00:00+00:00,11462471.078102952
2002-06-28 00:00:00+00:00,11466334.83436597
2002-07-01 00:00:00+00:00,11498044.219586259
2002-07-02 00:00:00+00:00,11534472.225829488
2002-07-03 00:00:00+00:00,11556698.191644898
2002-07-04 00:00:00+00:00,11634251.873440495
2002-07-05 00:00:00+00:00,11691089.577448597
2002-07-08 00:00:00+00:00,11696378.622627875
2002-07-09 00:00:00+00:00,11692862.392331263
2002-07-10 00:00:00+00:00,11689562.101921221
2002-07-11 00:00:00+00:00,11679322.240359446
2002-07-12 00:00:00+00:00,11705635.508822389
2002-07-15 00:00:00+00:00,11733201.075801693
2002-07-16 00:00:00+00:00,11700090.338653391
2002-07-17 00:00:00+00:00,11676608.636776095
2002-07-18 00:00:00+00:00,11739313.716719514
2002-07-19 00:00:00+00:00,11685080.139076835
2002-07-22 00:00:00+00:00,11620386.563625043
2002-07-23 00:00:00+00:00,11646062.216706565
2002-07-24 00:00:00+00:00,11633661.144196799
2002-07-25 00:00:00+00:00,11658974.808694413
2002-07-26 00:00:00+00:00,11635031.538363794
2002-07-29 00:00:00+00:00,11603351.354316888
2002-07-30 00:00:00+00:00,11552780.584745403
2002-07-31 00:00:00+00:00,11510015.949377295
2002-08-01 00:00:00+00:00,11531187.077368027
2002-08-02 00:00:00+00:00,11548171.748613602
2002-08-05 00:00:00+00:00,11552913.390896158
2002-08-06 00:00:00+00:00,11556693.38935502
2002-08-07 00:00:00+00:00,11599368.429352121
2002-08-08 00:00:00+00:00,11555246.41839631
2002-08-09 00:00:00+00:00,11569866.486885386
2002-08-12 00:00:00+00:00,11576841.466442423
2002-08-13 00:00:00+00:00,11588343.840275126
2002-08-14 00:00:00+00:00,11586724.040619211
2002-08-15 00:00:00+00:00,11586724.040619211
2002-08-16 00:00:00+00:00,11595935.276420908
2002-08-19 00:00:00+00:00,11583607.168625193
2002-08-20 00:00:00+00:00,11590026.311748875
2002-08-21 00:00:00+00:00,11590110.865254225
2002-08-22 00:00:00+00:00,11581684.633309187
2002-08-23 00:00:00+00:00,11583038.646786513
2002-08-26 00:00:00+00:00,11578316.454119306
2002-08-27 00:00:00+00:00,11607936.648099855
2002-08-28 00:00:00+00:00,11608346.541845277
2002-08-29 00:00:00+00:00,11593590.13246341
2002-08-30 00:00:00+00:00,11567155.05761004
2002-09-02 00:00:00+00:00,11609451.602385884
2002-09-03 00:00:00+00:00,11570377.834276427
2002-09-04 00:00:00+00:00,11555328.963025678
2002-09-05 00:00:00+00:00,11566899.395093512
2002-09-06 00:00:00+00:00,11514264.934776854
2002-09-09 00:00:00+00:00,11417119.967645258
2002-09-10 00:00:00+00:00,11416721.986702137
2002-09-11 00:00:00+00:00,11379362.885338001
2002-09-12 00:00:00+00:00,11386975.548080854
2002-09-13 00:00:00+00:00,11380197.572106056
2002-09-16 00:00:00+00:00,11354017.715678016
2002-09-17 00:00:00+00:00,11346521.920908997
2002-09-18 00:00:00+00:00,11337344.426261256
2002-09-19 00:00:00+00:00,11282979.893350067
2002-09-20 00:00:00+00:00,11276392.643191332
2002-09-23 00:00:00+00:00,11291626.0944692
2002-09-24 00:00:00+00:00,11289980.861749938
2002-09-25 00:00:00+00:00,11278903.344688227
2002-09-26 00:00:00+00:00,11308022.630741965
2002-09-27 00:00:00+00:00,11323690.48310895
2002-09-30 00:00:00+00:00,11284380.863487642
2002-10-01 00:00:00+00:00,11274710.505977832
2002-10-02 00:00:00+00:00,11274578.909979336
2002-10-03 00:00:00+00:00,11286284.611546509
2002-10-04 00:00:00+00:00,11294615.932441704
2002-10-07 00:00:00+00:00,11309781.317002624
2002-10-08 00:00:00+00:00,11373909.78275122
2002-10-09 00:00:00+00:00,11356252.945414627
2002-10-10 00:00:00+00:00,11356171.147797668
2002-10-11 00:00:00+00:00,11410202.228219679
2002-10-14 00:00:00+00:00,11404769.152623273
2002-10-15 00:00:00+00:00,11406151.131839849
2002-10-16 00:00:00+00:00,11393425.258869778
2002-10-17 00:00:00+00:00,11392071.84162979
2002-10-18 00:00:00+00:00,11407079.9861788
2002-10-21 00:00:00+00:00,11392028.30989115
2002-10-22 00:00:00+00:00,11353572.41092436
2002-10-23 00:00:00+00:00,11335542.979602858
2002-10-24 00:00:00+00:00,11280178.840835616
2002-10-25 00:00:00+00:00,11283177.253295442
2002-10-28 00:00:00+00:00,11320416.223902294
2002-10-29 00:00:00+00:00,11313288.0364879
2002-10-30 00:00:00+00:00,11329671.845073745
2002-10-31 00:00:00+00:00,11384471.799356863
2002-11-01 00:00:00+00:00,11427512.661854178
2002-11-04 00:00:00+00:00,11434567.63398927
2002-11-05 00:00:00+00:00,11414685.186524566
2002-11-06 00:00:00+00:00,11411406.885494651
2002-11-07 00:00:00+00:00,11423678.587162198
2002-11-08 00:00:00+00:00,11413423.884696664
2002-11-11 00:00:00+00:00,11375001.232827483
2002-11-12 00:00:00+00:00,11402210.434472915
2002-11-13 00:00:00+00:00,11404887.802079292
2002-11-14 00:00:00+00:00,11391394.55265135
2002-11-15 00:00:00+00:00,11391474.103531033
2002-11-18 00:00:00+00:00,11442544.749715
2002-11-19 00:00:00+00:00,11442392.727782581
2002-11-20 00:00:00+00:00,11411800.497385357
2002-11-21 00:00:00+00:00,11412635.151865337
2002-11-22 00:00:00+00:00,11420700.03623614
2002-11-25 00:00:00+00:00,11459936.404806469
2002-11-26 00:00:00+00:00,11485552.742678974
2002-11-27 00:00:00+00:00,11465661.480963333
2002-11-28 00:00:00+00:00,11497152.580583675
2002-11-29 00:00:00+00:00,11560984.335660417
2002-12-02 00:00:00+00:00,11587135.054433782
2002-12-03 00:00:00+00:00,11511560.786654731
2002-12-04 00:00:00+00:00,11498985.349836608
2002-12-05 00:00:00+00:00,11499737.368973037
2002-12-06 00:00:00+00:00,11564977.714484207
2002-12-09 00:00:00+00:00,11526256.847653382
2002-12-10 00:00:00+00:00,11525733.30028247
2002-12-11 00:00:00+00:00,11525711.16700801
2002-12-12 00:00:00+00:00,11518209.348149864
2002-12-13 00:00:00+00:00,11553485.522047607
2002-12-16 00:00:00+00:00,11554278.042086212
2002-12-17 00:00:00+00:00,11534065.414857952
2002-12-18 00:00:00+00:00,11557643.155006973
2002-12-19 00:00:00+00:00,11553476.2113367
2002-12-20 00:00:00+00:00,11589900.664208977
2002-12-23 00:00:00+00:00,11610024.820293708
2002-12-24 00:00:00+00:00,11597955.504501624
2002-12-25 00:00:00+00:00,11597955.504501624
2002-12-26 00:00:00+00:00,11590440.07939318
2002-12-27 00:00:00+00:00,11607239.14470199
2002-12-30 00:00:00+00:00,11598379.834070237
2002-12-31 00:00:00+00:00,11632515.499904903
2003-01-01 00:00:00+00:00,11609099.958614143
2003-01-02 00:00:00+00:00,11623313.042914899
2003-01-03 00:00:00+00:00,11633768.76395038
2003-01-06 00:00:00+00:00,11584696.397436174
2003-01-07 00:00:00+00:00,11613411.708144035
2003-01-08 00:00:00+00:00,11628334.999115217
2003-01-09 00:00:00+00:00,11673434.368943442
2003-01-10 00:00:00+00:00,11662629.655938853
2003-01-13 00:00:00+00:00,11678740.876416212
2003-01-14 00:00:00+00:00,11701090.33094359
2003-01-15 00:00:00+00:00,11675382.796918664
2003-01-16 00:00:00+00:00,11709558.697002206
2003-01-17 00:00:00+00:00,11718582.542318616
2003-01-20 00:00:00+00:00,11712990.171174321
2003-01-21 00:00:00+00:00,11768175.95727757
2003-01-22 00:00:00+00:00,11784646.870765004
2003-01-23 00:00:00+00:00,11751859.647822652
2003-01-24 00:00:00+00:00,11713205.841204222
2003-01-27 00:00:00+00:00,11649817.821384009
2003-01-28 00:00:00+00:00,11771657.13163276
2003-01-29 00:00:00+00:00,11747632.841759706
2003-01-30 00:00:00+00:00,11754907.242979074
2003-01-31 00:00:00+00:00,11710648.0834265
2003-02-03 00:00:00+00:00,11751272.903356576
2003-02-04 00:00:00+00:00,11744322.557841325
2003-02-05 00:00:00+00:00,11711175.696008706
2003-02-06 00:00:00+00:00,11749012.318184877
2003-02-07 00:00:00+00:00,11741663.178888528
2003-02-10 00:00:00+00:00,11698367.034366814
2003-02-11 00:00:00+00:00,11688595.807207132
2003-02-12 00:00:00+00:00,11668252.765537286
2003-02-13 00:00:00+00:00,11668252.765537286
2003-02-14 00:00:00+00:00,11631828.173954988
2003-02-17 00:00:00+00:00,11701457.610814119
2003-02-18 00:00:00+00:00,11744679.416915918
2003-02-19 00:00:00+00:00,11765832.123570466
2003-02-20 00:00:00+00:00,11759213.774060274
2003-02-21 00:00:00+00:00,11746665.482774049
2003-02-24 00:00:00+00:00,11834790.32799216
2003-02-25 00:00:00+00:00,11761877.163478034
2003-02-26 00:00:00+00:00,11782045.54405226
2003-02-27 00:00:00+00:00,11806698.319064515
2003-02-28 00:00:00+00:00,11771629.161049502
2003-03-03 00:00:00+00:00,11762894.620595949
2003-03-04 00:00:00+00:00,11733131.816747086
2003-03-05 00:00:00+00:00,11697676.016909616
2003-03-06 00:00:00+00:00,11658324.910270687
2003-03-07 00:00:00+00:00,11615790.427674528
2003-03-10 00:00:00+00:00,11559974.30784515
2003-03-11 00:00:00+00:00,11587124.094161004
2003-03-12 00:00:00+00:00,11568950.871147744
2003-03-13 00:00:00+00:00,11542211.732102621
2003-03-14 00:00:00+00:00,11533892.618371237
2003-03-17 00:00:00+00:00,11521164.110730398
2003-03-18 00:00:00+00:00,11482924.36771572
2003-03-19 00:00:00+00:00,11475540.50790545
2003-03-20 00:00:00+00:00,11475784.535045113
2003-03-21 00:00:00+00:00,11483850.890960975
2003-03-24 00:00:00+00:00,11447862.95915089
2003-03-25 00:00:00+00:00,11412727.032063648
2003-03-26 00:00:00+00:00,11424058.09824936
2003-03-27 00:00:00+00:00,11444507.184639618
2003-03-28 00:00:00+00:00,11431188.44125168
2003-03-31 00:00:00+00:00,11379172.682924435
2003-04-01 00:00:00+00:00,11388987.772792637
2003-04-02 00:00:00+00:00,11391600.589472353
2003-04-03 00:00:00+00:00,11406478.250055134
2003-04-04 00:00:00+00:00,11432844.86578995
2003-04-07 00:00:00+00:00,11520273.387250226
2003-04-08 00:00:00+00:00,11545144.023026269
2003-04-09 00:00:00+00:00,11550878.649336005
2003-04-10 00:00:00+00:00,11535632.519955218
2003-04-11 00:00:00+00:00,11480752.931787131
2003-04-14 00:00:00+00:00,13724979.138517238
2003-04-15 00:00:00+00:00,11486350.098159716
2003-04-16 00:00:00+00:00,11494549.241058275
2003-04-17 00:00:00+00:00,11489760.522195742
2003-04-18 00:00:00+00:00,10992095.564552233
2003-04-21 00:00:00+00:00,11495811.144826815
2003-04-22 00:00:00+00:00,11486162.671628878
2003-04-23 00:00:00+00:00,11474922.318571916
2003-04-24 00:00:00+00:00,11459372.615345826
2003-04-25 00:00:00+00:00,11459634.153958192
2003-04-28 00:00:00+00:00,11443312.021008363
2003-04-29 00:00:00+00:00,11443471.258934846
2003-04-30 00:00:00+00:00,11461305.520050874
2003-05-01 00:00:00+00:00,11451019.221390596
2003-05-02 00:00:00+00:00,11447550.340832582
2003-05-05 00:00:00+00:00,11494917.845673433
2003-05-06 00:00:00+00:00,11486949.152890077
2003-05-07 00:00:00+00:00,11497391.786797395
2003-05-08 00:00:00+00:00,11495041.04979979
2003-05-09 00:00:00+00:00,11500427.741625657
2003-05-12 00:00:00+00:00,11508588.72032248
2003-05-13 00:00:00+00:00,11541765.263747087
2003-05-14 00:00:00+00:00,11573784.680920472
2003-05-15 00:00:00+00:00,11562677.81575667
2003-05-16 00:00:00+00:00,11559470.473811021
2003-05-19 00:00:00+00:00,11552565.848460069
2003-05-20 00:00:00+00:00,11556139.932383409
2003-05-21 00:00:00+00:00,11600014.713623872
2003-05-22 00:00:00+00:00,11605188.096039644
2003-05-23 00:00:00+00:00,11639161.316714158
2003-05-26 00:00:00+00:00,11093641.852372041
2003-05-27 00:00:00+00:00,11588138.409193864
2003-05-28 00:00:00+00:00,11621570.6443051
2003-05-29 00:00:00+00:00,11675728.821526399
2003-05-30 00:00:00+00:00,11702247.514881656
2003-06-02 00:00:00+00:00,11716369.39451079
2003-06-03 00:00:00+00:00,11711836.446520373
2003-06-04 00:00:00+00:00,11713144.014881656
2003-06-05 00:00:00+00:00,11727527.391556308
2003-06-06 00:00:00+00:00,11724912.254833743
2003-06-09 00:00:00+00:00,11707826.534187838
2003-06-10 00:00:00+00:00,11709221.26823096
2003-06-11 00:00:00+00:00,11699022.13525252
2003-06-12 00:00:00+00:00,11648200.8848577
2003-06-13 00:00:00+00:00,11652123.631508395
2003-06-16 00:00:00+00:00,11654825.933912799
2003-06-17 00:00:00+00:00,11655348.969570681
2003-06-18 00:00:00+00:00,11643929.433912799
2003-06-19 00:00:00+00:00,11675311.365551516
2003-06-20 00:00:00+00:00,11663455.95991759
2003-06-23 00:00:00+00:00,11668511.94356589
2003-06-24 00:00:00+00:00,11654041.4012094
2003-06-25 00:00:00+00:00,11659271.716221377
2003-06-26 00:00:00+00:00,11618649.557238147
2003-06-27 00:00:00+00:00,11624838.777884051
2003-06-30 00:00:00+00:00,11629110.187262103
2003-07-01 00:00:00+00:00,11620916.031233355
2003-07-02 00:00:00+00:00,11610629.732573077
2003-07-03 00:00:00+00:00,11612983.372250125
2003-07-04 00:00:00+00:00,11157422.514881656
2003-07-07 00:00:00+00:00,11626495.050539538
2003-07-08 00:00:00+00:00,11637130.011927173
2003-07-09 00:00:00+00:00,11638611.953218982
2003-07-10 00:00:00+00:00,11615772.881903216
2003-07-11 00:00:00+00:00,11606706.985922381
2003-07-14 00:00:00+00:00,11602174.079498813
2003-07-15 00:00:00+00:00,11595025.953218982
2003-07-16 00:00:00+00:00,11587529.164211795
2003-07-17 00:00:00+00:00,11597641.131508395
2003-07-18 00:00:00+00:00,11593282.514881656
2003-07-21 00:00:00+00:00,11602609.907908008
2003-07-22 00:00:00+00:00,11581775.813541934
2003-07-23 00:00:00+00:00,11582473.180563495
2003-07-24 00:00:00+00:00,11569833.242226169
2003-07-25 00:00:00+00:00,11567653.933912799
2003-07-28 00:00:00+00:00,11567130.898254916
2003-07-29 00:00:00+00:00,11566520.696915194
2003-07-30 00:00:00+00:00,11564341.430168673
2003-07-31 00:00:00+00:00,11568700.005228564
2003-08-01 00:00:00+00:00,11582298.849199817
2003-08-04 00:00:00+00:00,11561028.8848577
2003-08-05 00:00:00+00:00,11565125.962872073
2003-08-06 00:00:00+00:00,11571053.644905612
2003-08-07 00:00:00+00:00,11600430.599594638
2003-08-08 00:00:00+00:00,11596507.89451079
2003-08-11 00:00:00+00:00,11604527.71917586
2003-08-12 00:00:00+00:00,11612198.839546725
2003-08-13 00:00:00+00:00,11608886.294235751
2003-08-14 00:00:00+00:00,11583780.748924777
2003-08-15 00:00:00+00:00,11580032.375204608
2003-08-18 00:00:00+00:00,11583083.381903216
2003-08-19 00:00:00+00:00,11588914.291706935
2003-08-20 00:00:00+00:00,11588914.291706935
2003-08-21 00:00:00+00:00,11588914.291706935
2003-08-22 00:00:00+00:00,11588914.291706935
2003-08-25 00:00:00+00:00,11588914.291706935
2003-08-26 00:00:00+00:00,11588914.291706935
2003-08-27 00:00:00+00:00,11588914.291706935
2003-08-28 00:00:00+00:00,11588914.291706935
2003-08-29 00:00:00+00:00,11588914.291706935
2003-09-01 00:00:00+00:00,11588914.291706935
2003-09-02 00:00:00+00:00,11588914.291706935
2003-09-03 00:00:00+00:00,11588914.291706935
2003-09-04 00:00:00+00:00,11588914.291706935
2003-09-05 00:00:00+00:00,11588914.291706935
2003-09-08 00:00:00+00:00,11588914.291706935
2003-09-09 00:00:00+00:00,11588914.291706935
2003-09-10 00:00:00+00:00,11588914.291706935
2003-09-11 00:00:00+00:00,11588914.291706935
2003-09-12 00:00:00+00:00,11588914.291706935
2003-09-15 00:00:00+00:00,11588914.291706935
2003-09-16 00:00:00+00:00,11588914.291706935
2003-09-17 00:00:00+00:00,11588914.291706935
2003-09-18 00:00:00+00:00,11588914.291706935
2003-09-19 00:00:00+00:00,11588914.291706935
2003-09-22 00:00:00+00:00,11588914.291706935
2003-09-23 00:00:00+00:00,11588914.291706935
2003-09-24 00:00:00+00:00,11588914.291706935
2003-09-25 00:00:00+00:00,11588914.291706935
2003-09-26 00:00:00+00:00,11588914.291706935
2003-09-29 00:00:00+00:00,11588914.291706935
2003-09-30 00:00:00+00:00,11588914.291706935
2003-10-01 00:00:00+00:00,11588914.291706935
2003-10-02 00:00:00+00:00,11588914.291706935
2003-10-03 00:00:00+00:00,11588914.291706935
2003-10-06 00:00:00+00:00,11588914.291706935
2003-10-07 00:00:00+00:00,11588914.291706935
2003-10-08 00:00:00+00:00,11588914.291706935
2003-10-09 00:00:00+00:00,11588914.291706935
2003-10-10 00:00:00+00:00,11588914.291706935
2003-10-13 00:00:00+00:00,11588914.291706935
2003-10-14 00:00:00+00:00,11588914.291706935
2003-10-15 00:00:00+00:00,11588914.291706935
2003-10-16 00:00:00+00:00,11588914.291706935
2003-10-17 00:00:00+00:00,11588914.291706935
2003-10-20 00:00:00+00:00,11588914.291706935
2003-10-21 00:00:00+00:00,11588914.291706935
2003-10-22 00:00:00+00:00,11588914.291706935
2003-10-23 00:00:00+00:00,11588914.291706935
2003-10-24 00:00:00+00:00,11588914.291706935
2003-10-27 00:00:00+00:00,11588914.291706935
2003-10-28 00:00:00+00:00,11588914.291706935
2003-10-29 00:00:00+00:00,11588914.291706935
2003-10-30 00:00:00+00:00,11588914.291706935
2003-10-31 00:00:00+00:00,11588914.291706935
2003-11-03 00:00:00+00:00,11588914.291706935
2003-11-04 00:00:00+00:00,11588914.291706935
2003-11-05 00:00:00+00:00,11588914.291706935
2003-11-06 00:00:00+00:00,11588914.291706935
2003-11-07 00:00:00+00:00,11588914.291706935
2003-11-10 00:00:00+00:00,11588914.291706935
2003-11-11 00:00:00+00:00,11588914.291706935
2003-11-12 00:00:00+00:00,11588914.291706935
2003-11-13 00:00:00+00:00,11588914.291706935
2003-11-14 00:00:00+00:00,11588914.291706935
2003-11-17 00:00:00+00:00,11588914.291706935
2003-11-18 00:00:00+00:00,11588914.291706935
2003-11-19 00:00:00+00:00,11588914.291706935
2003-11-20 00:00:00+00:00,11588914.291706935
2003-11-21 00:00:00+00:00,11588914.291706935
2003-11-24 00:00:00+00:00,11588914.291706935
2003-11-25 00:00:00+00:00,11588914.291706935
2003-11-26 00:00:00+00:00,11588914.291706935
2003-11-27 00:00:00+00:00,11588914.291706935
2003-11-28 00:00:00+00:00,11588914.291706935
2003-12-01 00:00:00+00:00,11588914.291706935
2003-12-02 00:00:00+00:00,11588914.291706935
2003-12-03 00:00:00+00:00,11588914.291706935
2003-12-04 00:00:00+00:00,11588914.291706935
2003-12-05 00:00:00+00:00,11588914.291706935
2003-12-08 00:00:00+00:00,11588914.291706935
2003-12-09 00:00:00+00:00,11588914.291706935
2003-12-10 00:00:00+00:00,11588914.291706935
2003-12-11 00:00:00+00:00,11588914.291706935
2003-12-12 00:00:00+00:00,11588914.291706935
2003-12-15 00:00:00+00:00,11588914.291706935
2003-12-16 00:00:00+00:00,11588914.291706935
2003-12-17 00:00:00+00:00,11588914.291706935
2003-12-18 00:00:00+00:00,11588914.291706935
2003-12-19 00:00:00+00:00,11588914.291706935
2003-12-22 00:00:00+00:00,11588914.291706935
2003-12-23 00:00:00+00:00,11588914.291706935
2003-12-24 00:00:00+00:00,11588914.291706935
2003-12-25 00:00:00+00:00,11588914.291706935
2003-12-26 00:00:00+00:00,11588914.291706935
2003-12-29 00:00:00+00:00,11588914.291706935
2003-12-30 00:00:00+00:00,11588914.291706935
2003-12-31 00:00:00+00:00,11588914.291706935
2004-01-01 00:00:00+00:00,11588914.291706935
2004-01-02 00:00:00+00:00,11588914.291706935
2004-01-05 00:00:00+00:00,11588914.291706935
2004-01-06 00:00:00+00:00,11588914.291706935
2004-01-07 00:00:00+00:00,11588914.291706935
2004-01-08 00:00:00+00:00,11588914.291706935
2004-01-09 00:00:00+00:00,11588914.291706935
2004-01-12 00:00:00+00:00,11588914.291706935
2004-01-13 00:00:00+00:00,11588914.291706935
2004-01-14 00:00:00+00:00,11588914.291706935
2004-01-15 00:00:00+00:00,11588914.291706935
2004-01-16 00:00:00+00:00,11588914.291706935
2004-01-19 00:00:00+00:00,11588914.291706935
2004-01-20 00:00:00+00:00,11588914.291706935
2004-01-21 00:00:00+00:00,11588914.291706935
2004-01-22 00:00:00+00:00,11588914.291706935
2004-01-23 00:00:00+00:00,11588914.291706935
2004-01-26 00:00:00+00:00,11588914.291706935
2004-01-27 00:00:00+00:00,11588914.291706935
2004-01-28 00:00:00+00:00,11588914.291706935
2004-01-29 00:00:00+00:00,11588914.291706935
2004-01-30 00:00:00+00:00,11588914.291706935
2004-02-02 00:00:00+00:00,11588914.291706935
2004-02-03 00:00:00+00:00,11588914.291706935
2004-02-04 00:00:00+00:00,11588914.291706935
2004-02-05 00:00:00+00:00,11588914.291706935
2004-02-06 00:00:00+00:00,11588914.291706935
2004-02-09 00:00:00+00:00,11588914.291706935
2004-02-10 00:00:00+00:00,11588914.291706935
2004-02-11 00:00:00+00:00,11588914.291706935
2004-02-12 00:00:00+00:00,11588914.291706935
2004-02-13 00:00:00+00:00,11588914.291706935
2004-02-16 00:00:00+00:00,11588914.291706935
2004-02-17 00:00:00+00:00,11588914.291706935
2004-02-18 00:00:00+00:00,11588914.291706935
2004-02-19 00:00:00+00:00,11588914.291706935
2004-02-20 00:00:00+00:00,11588914.291706935
2004-02-23 00:00:00+00:00,11588914.291706935
2004-02-24 00:00:00+00:00,11588914.291706935
2004-02-25 00:00:00+00:00,11588914.291706935
2004-02-26 00:00:00+00:00,11588914.291706935
2004-02-27 00:00:00+00:00,11588914.291706935
2004-03-01 00:00:00+00:00,11588914.291706935
2004-03-02 00:00:00+00:00,11588914.291706935
2004-03-03 00:00:00+00:00,11588914.291706935
2004-03-04 00:00:00+00:00,11588914.291706935
2004-03-05 00:00:00+00:00,11588914.291706935
2004-03-08 00:00:00+00:00,11588914.291706935
2004-03-09 00:00:00+00:00,11588914.291706935
2004-03-10 00:00:00+00:00,11588914.291706935
2004-03-11 00:00:00+00:00,11588914.291706935
2004-03-12 00:00:00+00:00,11588914.291706935
2004-03-15 00:00:00+00:00,11588914.291706935
2004-03-16 00:00:00+00:00,11588914.291706935
2004-03-17 00:00:00+00:00,11588914.291706935
2004-03-18 00:00:00+00:00,11588914.291706935
2004-03-19 00:00:00+00:00,11588914.291706935
2004-03-22 00:00:00+00:00,11588914.291706935
2004-03-23 00:00:00+00:00,11588914.291706935
2004-03-24 00:00:00+00:00,11588914.291706935
2004-03-25 00:00:00+00:00,11588914.291706935
2004-03-26 00:00:00+00:00,11588914.291706935
2004-03-29 00:00:00+00:00,11588914.291706935
2004-03-30 00:00:00+00:00,11588914.291706935
2004-03-31 00:00:00+00:00,11588914.291706935
2004-04-01 00:00:00+00:00,11588914.291706935
2004-04-02 00:00:00+00:00,11588914.291706935
2004-04-05 00:00:00+00:00,11588914.291706935
2004-04-06 00:00:00+00:00,11588914.291706935
2004-04-07 00:00:00+00:00,11588914.291706935
2004-04-08 00:00:00+00:00,11588914.291706935
2004-04-09 00:00:00+00:00,11588914.291706935
2004-04-12 00:00:00+00:00,11588914.291706935
2004-04-13 00:00:00+00:00,11588914.291706935
2004-04-14 00:00:00+00:00,11588914.291706935
2004-04-15 00:00:00+00:00,11588914.291706935
2004-04-16 00:00:00+00:00,11588914.291706935
2004-04-19 00:00:00+00:00,11588914.291706935
2004-04-20 00:00:00+00:00,11588914.291706935
2004-04-21 00:00:00+00:00,11588914.291706935
2004-04-22 00:00:00+00:00,11588914.291706935
2004-04-23 00:00:00+00:00,11588914.291706935
2004-04-26 00:00:00+00:00,11588914.291706935
2004-04-27 00:00:00+00:00,11588914.291706935
2004-04-28 00:00:00+00:00,11588914.291706935
2004-04-29 00:00:00+00:00,11588914.291706935
2004-04-30 00:00:00+00:00,11588914.291706935
2004-05-03 00:00:00+00:00,11588914.291706935
2004-05-04 00:00:00+00:00,11588914.291706935
2004-05-05 00:00:00+00:00,11588914.291706935
2004-05-06 00:00:00+00:00,11588914.291706935
2004-05-07 00:00:00+00:00,11588914.291706935
2004-05-10 00:00:00+00:00,11588914.291706935
2004-05-11 00:00:00+00:00,11588914.291706935
2004-05-12 00:00:00+00:00,11588914.291706935
2004-05-13 00:00:00+00:00,11588914.291706935
2004-05-14 00:00:00+00:00,11588914.291706935
2004-05-17 00:00:00+00:00,11588914.291706935
2004-05-18 00:00:00+00:00,11588914.291706935
2004-05-19 00:00:00+00:00,11588914.291706935
2004-05-20 00:00:00+00:00,11588914.291706935
2004-05-21 00:00:00+00:00,11588914.291706935
2004-05-24 00:00:00+00:00,11588914.291706935
2004-05-25 00:00:00+00:00,11588914.291706935
2004-05-26 00:00:00+00:00,11588914.291706935
2004-05-27 00:00:00+00:00,11588914.291706935
2004-05-28 00:00:00+00:00,11588914.291706935
2004-05-31 00:00:00+00:00,11588914.291706935
2004-06-01 00:00:00+00:00,11588914.291706935
2004-06-02 00:00:00+00:00,11588914.291706935
2004-06-03 00:00:00+00:00,11588914.291706935
2004-06-04 00:00:00+00:00,11588914.291706935
2004-06-07 00:00:00+00:00,11588914.291706935
2004-06-08 00:00:00+00:00,11588914.291706935
2004-06-09 00:00:00+00:00,11588914.291706935
2004-06-10 00:00:00+00:00,11588914.291706935
2004-06-11 00:00:00+00:00,11588914.291706935
2004-06-14 00:00:00+00:00,11588914.291706935
2004-06-15 00:00:00+00:00,11588914.291706935
2004-06-16 00:00:00+00:00,11588914.291706935
2004-06-17 00:00:00+00:00,11588914.291706935
2004-06-18 00:00:00+00:00,11588914.291706935
2004-06-21 00:00:00+00:00,11588914.291706935
2004-06-22 00:00:00+00:00,11588914.291706935
2004-06-23 00:00:00+00:00,11588914.291706935
2004-06-24 00:00:00+00:00,11588914.291706935
2004-06-25 00:00:00+00:00,11588914.291706935
2004-06-28 00:00:00+00:00,11588914.291706935
2004-06-29 00:00:00+00:00,11588914.291706935
2004-06-30 00:00:00+00:00,11588914.291706935
2004-07-01 00:00:00+00:00,11588914.291706935
2004-07-02 00:00:00+00:00,11588914.291706935
2004-07-05 00:00:00+00:00,11588914.291706935
2004-07-06 00:00:00+00:00,11588914.291706935
2004-07-07 00:00:00+00:00,11588914.291706935
2004-07-08 00:00:00+00:00,11588914.291706935
2004-07-09 00:00:00+00:00,11588914.291706935
2004-07-12 00:00:00+00:00,11588914.291706935
2004-07-13 00:00:00+00:00,11588914.291706935
2004-07-14 00:00:00+00:00,11588914.291706935
2004-07-15 00:00:00+00:00,11588914.291706935
2004-07-16 00:00:00+00:00,11588914.291706935
2004-07-19 00:00:00+00:00,11588914.291706935
2004-07-20 00:00:00+00:00,11588914.291706935
2004-07-21 00:00:00+00:00,11588914.291706935
2004-07-22 00:00:00+00:00,11588914.291706935
2004-07-23 00:00:00+00:00,11588914.291706935
2004-07-26 00:00:00+00:00,11588914.291706935
2004-07-27 00:00:00+00:00,11588914.291706935
2004-07-28 00:00:00+00:00,11588914.291706935
2004-07-29 00:00:00+00:00,11588914.291706935
2004-07-30 00:00:00+00:00,11588914.291706935
2004-08-02 00:00:00+00:00,11588914.291706935
2004-08-03 00:00:00+00:00,11588914.291706935
2004-08-04 00:00:00+00:00,11588914.291706935
2004-08-05 00:00:00+00:00,11588914.291706935
2004-08-06 00:00:00+00:00,11588914.291706935
2004-08-09 00:00:00+00:00,11588914.291706935
2004-08-10 00:00:00+00:00,11588914.291706935
2004-08-11 00:00:00+00:00,11588914.291706935
2004-08-12 00:00:00+00:00,11588914.291706935
2004-08-13 00:00:00+00:00,11588914.291706935
2004-08-16 00:00:00+00:00,11588914.291706935
2004-08-17 00:00:00+00:00,11588914.291706935
2004-08-18 00:00:00+00:00,11588914.291706935
2004-08-19 00:00:00+00:00,11588914.291706935
2004-08-20 00:00:00+00:00,11588914.291706935
2004-08-23 00:00:00+00:00,11588914.291706935
2004-08-24 00:00:00+00:00,11588914.291706935
2004-08-25 00:00:00+00:00,11588914.291706935
2004-08-26 00:00:00+00:00,11588914.291706935
2004-08-27 00:00:00+00:00,11588914.291706935
2004-08-30 00:00:00+00:00,11588914.291706935
2004-08-31 00:00:00+00:00,11588914.291706935
2004-09-01 00:00:00+00:00,11588914.291706935
2004-09-02 00:00:00+00:00,11588914.291706935
2004-09-03 00:00:00+00:00,11588914.291706935
2004-09-06 00:00:00+00:00,11588914.291706935
2004-09-07 00:00:00+00:00,11588914.291706935
2004-09-08 00:00:00+00:00,11588914.291706935
2004-09-09 00:00:00+00:00,11588914.291706935
2004-09-10 00:00:00+00:00,11588914.291706935
2004-09-13 00:00:00+00:00,11588914.291706935
2004-09-14 00:00:00+00:00,11588914.291706935
2004-09-15 00:00:00+00:00,11588914.291706935
2004-09-16 00:00:00+00:00,11588914.291706935
2004-09-17 00:00:00+00:00,11588914.291706935
2004-09-20 00:00:00+00:00,11588914.291706935
2004-09-21 00:00:00+00:00,11588914.291706935
2004-09-22 00:00:00+00:00,11588914.291706935
2004-09-23 00:00:00+00:00,11588914.291706935
2004-09-24 00:00:00+00:00,11588914.291706935
2004-09-27 00:00:00+00:00,11588914.291706935
2004-09-28 00:00:00+00:00,11588914.291706935
2004-09-29 00:00:00+00:00,11588914.291706935
2004-09-30 00:00:00+00:00,11588914.291706935
2004-10-01 00:00:00+00:00,11588914.291706935
2004-10-04 00:00:00+00:00,11588914.291706935
2004-10-05 00:00:00+00:00,11588914.291706935
2004-10-06 00:00:00+00:00,11588914.291706935
2004-10-07 00:00:00+00:00,11588914.291706935
2004-10-08 00:00:00+00:00,11588914.291706935
2004-10-11 00:00:00+00:00,11588914.291706935
2004-10-12 00:00:00+00:00,11588914.291706935
2004-10-13 00:00:00+00:00,11588914.291706935
2004-10-14 00:00:00+00:00,11588914.291706935
2004-10-15 00:00:00+00:00,11588914.291706935
2004-10-18 00:00:00+00:00,11588914.291706935
2004-10-19 00:00:00+00:00,11588914.291706935
2004-10-20 00:00:00+00:00,11588914.291706935
2004-10-21 00:00:00+00:00,11588914.291706935
2004-10-22 00:00:00+00:00,11588914.291706935
2004-10-25 00:00:00+00:00,11588914.291706935
2004-10-26 00:00:00+00:00,11588914.291706935
2004-10-27 00:00:00+00:00,11588914.291706935
2004-10-28 00:00:00+00:00,11588914.291706935
2004-10-29 00:00:00+00:00,11588914.291706935
2004-11-01 00:00:00+00:00,11588914.291706935
2004-11-02 00:00:00+00:00,11588914.291706935
2004-11-03 00:00:00+00:00,11588914.291706935
2004-11-04 00:00:00+00:00,11588914.291706935
2004-11-05 00:00:00+00:00,11588914.291706935
2004-11-08 00:00:00+00:00,11588914.291706935
2004-11-09 00:00:00+00:00,11588914.291706935
2004-11-10 00:00:00+00:00,11588914.291706935
2004-11-11 00:00:00+00:00,11588914.291706935
2004-11-12 00:00:00+00:00,11588914.291706935
2004-11-15 00:00:00+00:00,11588914.291706935
2004-11-16 00:00:00+00:00,11588914.291706935
2004-11-17 00:00:00+00:00,11588914.291706935
2004-11-18 00:00:00+00:00,11588914.291706935
2004-11-19 00:00:00+00:00,11588914.291706935
2004-11-22 00:00:00+00:00,11588914.291706935
2004-11-23 00:00:00+00:00,11588914.291706935
2004-11-24 00:00:00+00:00,11588914.291706935
2004-11-25 00:00:00+00:00,11588914.291706935
2004-11-26 00:00:00+00:00,11588914.291706935
2004-11-29 00:00:00+00:00,11588914.291706935
2004-11-30 00:00:00+00:00,11588914.291706935
2004-12-01 00:00:00+00:00,11588914.291706935
2004-12-02 00:00:00+00:00,11588914.291706935
2004-12-03 00:00:00+00:00,11588914.291706935
2004-12-06 00:00:00+00:00,11588914.291706935
2004-12-07 00:00:00+00:00,11588914.291706935
2004-12-08 00:00:00+00:00,11588914.291706935
2004-12-09 00:00:00+00:00,11588914.291706935
2004-12-10 00:00:00+00:00,11588914.291706935
2004-12-13 00:00:00+00:00,11588914.291706935
2004-12-14 00:00:00+00:00,11588914.291706935
2004-12-15 00:00:00+00:00,11588914.291706935
2004-12-16 00:00:00+00:00,11588914.291706935
2004-12-17 00:00:00+00:00,11588914.291706935
2004-12-20 00:00:00+00:00,11588914.291706935
2004-12-21 00:00:00+00:00,11588914.291706935
2004-12-22 00:00:00+00:00,11588914.291706935
2004-12-23 00:00:00+00:00,11588914.291706935
2004-12-24 00:00:00+00:00,11588914.291706935
2004-12-27 00:00:00+00:00,11588914.291706935
2004-12-28 00:00:00+00:00,11588914.291706935
2004-12-29 00:00:00+00:00,11588914.291706935
2004-12-30 00:00:00+00:00,11588914.291706935
2004-12-31 00:00:00+00:00,11588914.291706935
2005-01-03 00:00:00+00:00,11588914.291706935
2005-01-04 00:00:00+00:00,11588914.291706935
2005-01-05 00:00:00+00:00,11588914.291706935
2005-01-06 00:00:00+00:00,11588914.291706935
2005-01-07 00:00:00+00:00,11588914.291706935
2005-01-10 00:00:00+00:00,11588914.291706935
2005-01-11 00:00:00+00:00,11588914.291706935
2005-01-12 00:00:00+00:00,11588914.291706935
2005-01-13 00:00:00+00:00,11588914.291706935
2005-01-14 00:00:00+00:00,11588914.291706935
2005-01-17 00:00:00+00:00,11588914.291706935
2005-01-18 00:00:00+00:00,11588914.291706935
2005-01-19 00:00:00+00:00,11588914.291706935
2005-01-20 00:00:00+00:00,11588914.291706935
2005-01-21 00:00:00+00:00,11588914.291706935
2005-01-24 00:00:00+00:00,11588914.291706935
2005-01-25 00:00:00+00:00,11588914.291706935
2005-01-26 00:00:00+00:00,11588914.291706935
2005-01-27 00:00:00+00:00,11588914.291706935
2005-01-28 00:00:00+00:00,11588914.291706935
2005-01-31 00:00:00+00:00,11588914.291706935
2005-02-01 00:00:00+00:00,11588914.291706935
2005-02-02 00:00:00+00:00,11588914.291706935
2005-02-03 00:00:00+00:00,11588914.291706935
2005-02-04 00:00:00+00:00,11588914.291706935
2005-02-07 00:00:00+00:00,11588914.291706935
2005-02-08 00:00:00+00:00,11588914.291706935
2005-02-09 00:00:00+00:00,11588914.291706935
2005-02-10 00:00:00+00:00,11588914.291706935
2005-02-11 00:00:00+00:00,11588914.291706935
2005-02-14 00:00:00+00:00,11588914.291706935
2005-02-15 00:00:00+00:00,11588914.291706935
2005-02-16 00:00:00+00:00,11588914.291706935
2005-02-17 00:00:00+00:00,11588914.291706935
2005-02-18 00:00:00+00:00,11588914.291706935
2005-02-21 00:00:00+00:00,11588914.291706935
2005-02-22 00:00:00+00:00,11588914.291706935
2005-02-23 00:00:00+00:00,11588914.291706935
2005-02-24 00:00:00+00:00,11588914.291706935
2005-02-25 00:00:00+00:00,11588914.291706935
2005-02-28 00:00:00+00:00,11588914.291706935
2005-03-01 00:00:00+00:00,11588914.291706935
2005-03-02 00:00:00+00:00,11588914.291706935
2005-03-03 00:00:00+00:00,11588914.291706935
2005-03-04 00:00:00+00:00,11588914.291706935
2005-03-07 00:00:00+00:00,11588914.291706935
2005-03-08 00:00:00+00:00,11588914.291706935
2005-03-09 00:00:00+00:00,11588914.291706935
2005-03-10 00:00:00+00:00,11588914.291706935
2005-03-11 00:00:00+00:00,11588914.291706935
2005-03-14 00:00:00+00:00,11588914.291706935
2005-03-15 00:00:00+00:00,11588914.291706935
2005-03-16 00:00:00+00:00,11588914.291706935
2005-03-17 00:00:00+00:00,11588914.291706935
2005-03-18 00:00:00+00:00,11588914.291706935
2005-03-21 00:00:00+00:00,11588914.291706935
2005-03-22 00:00:00+00:00,11588914.291706935
2005-03-23 00:00:00+00:00,11588914.291706935
2005-03-24 00:00:00+00:00,11588914.291706935
2005-03-28 00:00:00+00:00,11588914.291706935
2005-03-29 00:00:00+00:00,11588914.291706935
2005-03-30 00:00:00+00:00,11588914.291706935
2005-03-31 00:00:00+00:00,11588914.291706935
2005-04-01 00:00:00+00:00,11588914.291706935
2005-04-04 00:00:00+00:00,11588914.291706935
2005-04-05 00:00:00+00:00,11588914.291706935
2005-04-06 00:00:00+00:00,11588914.291706935
2005-04-07 00:00:00+00:00,11588914.291706935
2005-04-08 00:00:00+00:00,11588914.291706935
2005-04-11 00:00:00+00:00,11588914.291706935
2005-04-12 00:00:00+00:00,11588914.291706935
2005-04-13 00:00:00+00:00,11588914.291706935
2005-04-14 00:00:00+00:00,11588914.291706935
2005-04-15 00:00:00+00:00,11588914.291706935
2005-04-18 00:00:00+00:00,11588914.291706935
2005-04-19 00:00:00+00:00,11588914.291706935
2005-04-20 00:00:00+00:00,11588914.291706935
2005-04-21 00:00:00+00:00,11588914.291706935
2005-04-22 00:00:00+00:00,11588914.291706935
2005-04-25 00:00:00+00:00,11588914.291706935
2005-04-26 00:00:00+00:00,11588914.291706935
2005-04-27 00:00:00+00:00,11588914.291706935
2005-04-28 00:00:00+00:00,11588914.291706935
2005-04-29 00:00:00+00:00,11588914.291706935
2005-05-02 00:00:00+00:00,11588914.291706935
2005-05-03 00:00:00+00:00,11588914.291706935
2005-05-04 00:00:00+00:00,11588914.291706935
2005-05-05 00:00:00+00:00,11588914.291706935
2005-05-06 00:00:00+00:00,11588914.291706935
2005-05-09 00:00:00+00:00,11588914.291706935
2005-05-10 00:00:00+00:00,11588914.291706935
2005-05-11 00:00:00+00:00,11588914.291706935
2005-05-12 00:00:00+00:00,11588914.291706935
2005-05-13 00:00:00+00:00,11588914.291706935
2005-05-16 00:00:00+00:00,11588914.291706935
2005-05-17 00:00:00+00:00,11588914.291706935
2005-05-18 00:00:00+00:00,11588914.291706935
2005-05-19 00:00:00+00:00,11588914.291706935
2005-05-20 00:00:00+00:00,11588914.291706935
2005-05-23 00:00:00+00:00,11588914.291706935
2005-05-24 00:00:00+00:00,11588914.291706935
2005-05-25 00:00:00+00:00,11588914.291706935
2005-05-26 00:00:00+00:00,11588914.291706935
2005-05-27 00:00:00+00:00,11588914.291706935
2005-05-30 00:00:00+00:00,11588914.291706935
2005-05-31 00:00:00+00:00,11588914.291706935
2005-06-01 00:00:00+00:00,11588914.291706935
2005-06-02 00:00:00+00:00,11588914.291706935
2005-06-03 00:00:00+00:00,11588914.291706935
2005-06-06 00:00:00+00:00,11588914.291706935
2005-06-07 00:00:00+00:00,11588914.291706935
2005-06-08 00:00:00+00:00,11588914.291706935
2005-06-09 00:00:00+00:00,11588914.291706935
2005-06-10 00:00:00+00:00,11588914.291706935
2005-06-13 00:00:00+00:00,11588914.291706935
2005-06-14 00:00:00+00:00,11588914.291706935
2005-06-15 00:00:00+00:00,11588914.291706935
2005-06-16 00:00:00+00:00,11588914.291706935
2005-06-17 00:00:00+00:00,11588914.291706935
2005-06-20 00:00:00+00:00,11588914.291706935
2005-06-21 00:00:00+00:00,11588914.291706935
2005-06-22 00:00:00+00:00,11588914.291706935
2005-06-23 00:00:00+00:00,11588914.291706935
2005-06-24 00:00:00+00:00,11588914.291706935
2005-06-27 00:00:00+00:00,11588914.291706935
2005-06-28 00:00:00+00:00,11588914.291706935
2005-06-29 00:00:00+00:00,11588914.291706935
2005-06-30 00:00:00+00:00,11588914.291706935
2005-07-01 00:00:00+00:00,11588914.291706935
2005-07-04 00:00:00+00:00,11588914.291706935
2005-07-05 00:00:00+00:00,11588914.291706935
2005-07-06 00:00:00+00:00,11588914.291706935
2005-07-07 00:00:00+00:00,11588914.291706935
2005-07-08 00:00:00+00:00,11588914.291706935
2005-07-11 00:00:00+00:00,11588914.291706935
2005-07-12 00:00:00+00:00,11588914.291706935
2005-07-13 00:00:00+00:00,11588914.291706935
2005-07-14 00:00:00+00:00,11588914.291706935
2005-07-15 00:00:00+00:00,11588914.291706935
2005-07-18 00:00:00+00:00,11588914.291706935
2005-07-19 00:00:00+00:00,11588914.291706935
2005-07-20 00:00:00+00:00,11588914.291706935
2005-07-21 00:00:00+00:00,11588914.291706935
2005-07-22 00:00:00+00:00,11588914.291706935
2005-07-25 00:00:00+00:00,11588914.291706935
2005-07-26 00:00:00+00:00,11588914.291706935
2005-07-27 00:00:00+00:00,11588914.291706935
2005-07-28 00:00:00+00:00,11588914.291706935
2005-07-29 00:00:00+00:00,11588914.291706935
2005-08-01 00:00:00+00:00,11588914.291706935
2005-08-02 00:00:00+00:00,11588914.291706935
2005-08-03 00:00:00+00:00,11588914.291706935
2005-08-04 00:00:00+00:00,11588914.291706935
2005-08-05 00:00:00+00:00,11588914.291706935
2005-08-08 00:00:00+00:00,11588914.291706935
2005-08-09 00:00:00+00:00,11588914.291706935
2005-08-10 00:00:00+00:00,11588914.291706935
2005-08-11 00:00:00+00:00,11588914.291706935
2005-08-12 00:00:00+00:00,11588914.291706935
2005-08-15 00:00:00+00:00,11588914.291706935
2005-08-16 00:00:00+00:00,11588914.291706935
2005-08-17 00:00:00+00:00,11588914.291706935
2005-08-18 00:00:00+00:00,11588914.291706935
2005-08-19 00:00:00+00:00,11588914.291706935
2005-08-22 00:00:00+00:00,11588914.291706935
2005-08-23 00:00:00+00:00,11588914.291706935
2005-08-24 00:00:00+00:00,11588914.291706935
2005-08-25 00:00:00+00:00,11588914.291706935
2005-08-26 00:00:00+00:00,11588914.291706935
2005-08-29 00:00:00+00:00,11588914.291706935
2005-08-30 00:00:00+00:00,11588914.291706935
2005-08-31 00:00:00+00:00,11588914.291706935
2005-09-01 00:00:00+00:00,11588914.291706935
2005-09-02 00:00:00+00:00,11588914.291706935
2005-09-05 00:00:00+00:00,11588914.291706935
2005-09-06 00:00:00+00:00,11588914.291706935
2005-09-07 00:00:00+00:00,11588914.291706935
2005-09-08 00:00:00+00:00,11588914.291706935
2005-09-09 00:00:00+00:00,11588914.291706935
2005-09-12 00:00:00+00:00,11588914.291706935
2005-09-13 00:00:00+00:00,11588914.291706935
2005-09-14 00:00:00+00:00,11588914.291706935
2005-09-15 00:00:00+00:00,11588914.291706935
2005-09-16 00:00:00+00:00,11588914.291706935
2005-09-19 00:00:00+00:00,11588914.291706935
2005-09-20 00:00:00+00:00,11588914.291706935
2005-09-21 00:00:00+00:00,11588914.291706935
2005-09-22 00:00:00+00:00,11588914.291706935
2005-09-23 00:00:00+00:00,11588914.291706935
2005-09-26 00:00:00+00:00,11588914.291706935
2005-09-27 00:00:00+00:00,11588914.291706935
2005-09-28 00:00:00+00:00,11588914.291706935
2005-09-29 00:00:00+00:00,11588914.291706935
2005-09-30 00:00:00+00:00,11588914.291706935
2005-10-03 00:00:00+00:00,11588914.291706935
2005-10-04 00:00:00+00:00,11588914.291706935
2005-10-05 00:00:00+00:00,11588914.291706935
2005-10-06 00:00:00+00:00,11588914.291706935
2005-10-07 00:00:00+00:00,11588914.291706935
2005-10-10 00:00:00+00:00,11588914.291706935
2005-10-11 00:00:00+00:00,11588914.291706935
2005-10-12 00:00:00+00:00,11588914.291706935
2005-10-13 00:00:00+00:00,11588914.291706935
2005-10-14 00:00:00+00:00,11588914.291706935
2005-10-17 00:00:00+00:00,11588914.291706935
2005-10-18 00:00:00+00:00,11588914.291706935
2005-10-19 00:00:00+00:00,11588914.291706935
2005-10-20 00:00:00+00:00,11588914.291706935
2005-10-21 00:00:00+00:00,11588914.291706935
2005-10-24 00:00:00+00:00,11588914.291706935
2005-10-25 00:00:00+00:00,11588914.291706935
2005-10-26 00:00:00+00:00,11588914.291706935
2005-10-27 00:00:00+00:00,11588914.291706935
2005-10-28 00:00:00+00:00,11588914.291706935
2005-10-31 00:00:00+00:00,11588914.291706935
2005-11-01 00:00:00+00:00,11588914.291706935
2005-11-02 00:00:00+00:00,11588914.291706935
2005-11-03 00:00:00+00:00,11588914.291706935
2005-11-04 00:00:00+00:00,11588914.291706935
2005-11-07 00:00:00+00:00,11588914.291706935
2005-11-08 00:00:00+00:00,11588914.291706935
2005-11-09 00:00:00+00:00,11588914.291706935
2005-11-10 00:00:00+00:00,11588914.291706935
2005-11-11 00:00:00+00:00,11588914.291706935
2005-11-14 00:00:00+00:00,11588914.291706935
2005-11-15 00:00:00+00:00,11588914.291706935
2005-11-16 00:00:00+00:00,11588914.291706935
2005-11-17 00:00:00+00:00,11588914.291706935
2005-11-18 00:00:00+00:00,11588914.291706935
2005-11-21 00:00:00+00:00,11588914.291706935
2005-11-22 00:00:00+00:00,11588914.291706935
2005-11-23 00:00:00+00:00,11588914.291706935
2005-11-24 00:00:00+00:00,11588914.291706935
2005-11-25 00:00:00+00:00,11588914.291706935
2005-11-28 00:00:00+00:00,11588914.291706935
2005-11-29 00:00:00+00:00,11588914.291706935
2005-11-30 00:00:00+00:00,11588914.291706935
2005-12-01 00:00:00+00:00,11588914.291706935
2005-12-02 00:00:00+00:00,11588914.291706935
2005-12-05 00:00:00+00:00,11588914.291706935
2005-12-06 00:00:00+00:00,11588914.291706935
2005-12-07 00:00:00+00:00,11588914.291706935
2005-12-08 00:00:00+00:00,11588914.291706935
2005-12-09 00:00:00+00:00,11588914.291706935
2005-12-12 00:00:00+00:00,11588914.291706935
2005-12-13 00:00:00+00:00,11588914.291706935
2005-12-14 00:00:00+00:00,11588914.291706935
2005-12-15 00:00:00+00:00,11588914.291706935
2005-12-16 00:00:00+00:00,11588914.291706935
2005-12-19 00:00:00+00:00,11588914.291706935
2005-12-20 00:00:00+00:00,11588914.291706935
2005-12-21 00:00:00+00:00,11588914.291706935
2005-12-22 00:00:00+00:00,11588914.291706935
2005-12-23 00:00:00+00:00,11588914.291706935
2005-12-26 00:00:00+00:00,11588914.291706935
2005-12-27 00:00:00+00:00,11588914.291706935
2005-12-28 00:00:00+00:00,11588914.291706935
2005-12-29 00:00:00+00:00,11588914.291706935
2005-12-30 00:00:00+00:00,11588914.291706935
2006-01-02 00:00:00+00:00,11588914.291706935
2006-01-03 00:00:00+00:00,11588914.291706935
2006-01-04 00:00:00+00:00,11588914.291706935
2006-01-05 00:00:00+00:00,11588914.291706935
2006-01-06 00:00:00+00:00,11588914.291706935
2006-01-09 00:00:00+00:00,11588914.291706935
2006-01-10 00:00:00+00:00,11588914.291706935
2006-01-11 00:00:00+00:00,11588914.291706935
2006-01-12 00:00:00+00:00,11588914.291706935
2006-01-13 00:00:00+00:00,11588914.291706935
2006-01-16 00:00:00+00:00,11588914.291706935
2006-01-17 00:00:00+00:00,11588914.291706935
2006-01-18 00:00:00+00:00,11588914.291706935
2006-01-19 00:00:00+00:00,11588914.291706935
2006-01-20 00:00:00+00:00,11588914.291706935
2006-01-23 00:00:00+00:00,11588914.291706935
2006-01-24 00:00:00+00:00,11588914.291706935
2006-01-25 00:00:00+00:00,11588914.291706935
2006-01-26 00:00:00+00:00,11588914.291706935
2006-01-27 00:00:00+00:00,11588914.291706935
2006-01-30 00:00:00+00:00,11588914.291706935
2006-01-31 00:00:00+00:00,11588914.291706935
2006-02-01 00:00:00+00:00,11588914.291706935
2006-02-02 00:00:00+00:00,11588914.291706935
2006-02-03 00:00:00+00:00,11588914.291706935
2006-02-06 00:00:00+00:00,11588914.291706935
2006-02-07 00:00:00+00:00,11588914.291706935
2006-02-08 00:00:00+00:00,11588914.291706935
2006-02-09 00:00:00+00:00,11588914.291706935
2006-02-10 00:00:00+00:00,11588914.291706935
2006-02-13 00:00:00+00:00,11588914.291706935
2006-02-14 00:00:00+00:00,11588914.291706935
2006-02-15 00:00:00+00:00,11588914.291706935
2006-02-16 00:00:00+00:00,11588914.291706935
2006-02-17 00:00:00+00:00,11588914.291706935
2006-02-20 00:00:00+00:00,11588914.291706935
2006-02-21 00:00:00+00:00,11588914.291706935
2006-02-22 00:00:00+00:00,11588914.291706935
2006-02-23 00:00:00+00:00,11588914.291706935
2006-02-24 00:00:00+00:00,11588914.291706935
2006-02-27 00:00:00+00:00,11588914.291706935
2006-02-28 00:00:00+00:00,11588914.291706935
2006-03-01 00:00:00+00:00,11588914.291706935
2006-03-02 00:00:00+00:00,11588914.291706935
2006-03-03 00:00:00+00:00,11588914.291706935
2006-03-06 00:00:00+00:00,11588914.291706935
2006-03-07 00:00:00+00:00,11588914.291706935
2006-03-08 00:00:00+00:00,11588914.291706935
2006-03-09 00:00:00+00:00,11588914.291706935
2006-03-10 00:00:00+00:00,11588914.291706935
2006-03-13 00:00:00+00:00,11588914.291706935
2006-03-14 00:00:00+00:00,11588914.291706935
2006-03-15 00:00:00+00:00,11588914.291706935
2006-03-16 00:00:00+00:00,11588914.291706935
2006-03-17 00:00:00+00:00,11588914.291706935
2006-03-20 00:00:00+00:00,11588914.291706935
2006-03-21 00:00:00+00:00,11588914.291706935
2006-03-22 00:00:00+00:00,11588914.291706935
2006-03-23 00:00:00+00:00,11588914.291706935
2006-03-24 00:00:00+00:00,11588914.291706935
2006-03-27 00:00:00+00:00,11588914.291706935
2006-03-28 00:00:00+00:00,11588914.291706935
2006-03-29 00:00:00+00:00,11588914.291706935
2006-03-30 00:00:00+00:00,11588914.291706935
2006-03-31 00:00:00+00:00,11588914.291706935
2006-04-03 00:00:00+00:00,11588914.291706935
2006-04-04 00:00:00+00:00,11588914.291706935
2006-04-05 00:00:00+00:00,11588914.291706935
2006-04-06 00:00:00+00:00,11588914.291706935
2006-04-07 00:00:00+00:00,11588914.291706935
2006-04-10 00:00:00+00:00,11588914.291706935
2006-04-11 00:00:00+00:00,11588914.291706935
2006-04-12 00:00:00+00:00,11588914.291706935
2006-04-13 00:00:00+00:00,11588914.291706935
2006-04-17 00:00:00+00:00,11588914.291706935
2006-04-18 00:00:00+00:00,11588914.291706935
2006-04-19 00:00:00+00:00,11588914.291706935
2006-04-20 00:00:00+00:00,11588914.291706935
2006-04-21 00:00:00+00:00,11588914.291706935
2006-04-24 00:00:00+00:00,11588914.291706935
2006-04-25 00:00:00+00:00,11588914.291706935
2006-04-26 00:00:00+00:00,11588914.291706935
2006-04-27 00:00:00+00:00,11588914.291706935
2006-04-28 00:00:00+00:00,11588914.291706935
2006-05-01 00:00:00+00:00,11588914.291706935
2006-05-02 00:00:00+00:00,11588914.291706935
2006-05-03 00:00:00+00:00,11588914.291706935
2006-05-04 00:00:00+00:00,11588914.291706935
2006-05-05 00:00:00+00:00,11588914.291706935
2006-05-08 00:00:00+00:00,11588914.291706935
2006-05-09 00:00:00+00:00,11588914.291706935
2006-05-10 00:00:00+00:00,11588914.291706935
2006-05-11 00:00:00+00:00,11588914.291706935
2006-05-12 00:00:00+00:00,11588914.291706935
2006-05-15 00:00:00+00:00,11588914.291706935
2006-05-16 00:00:00+00:00,11588914.291706935
2006-05-17 00:00:00+00:00,11588914.291706935
2006-05-18 00:00:00+00:00,11588914.291706935
2006-05-19 00:00:00+00:00,11588914.291706935
2006-05-22 00:00:00+00:00,11588914.291706935
2006-05-23 00:00:00+00:00,11588914.291706935
2006-05-24 00:00:00+00:00,11588914.291706935
2006-05-25 00:00:00+00:00,11588914.291706935
2006-05-26 00:00:00+00:00,11588914.291706935
2006-05-29 00:00:00+00:00,11588914.291706935
2006-05-30 00:00:00+00:00,11588914.291706935
2006-05-31 00:00:00+00:00,11588914.291706935
2006-06-01 00:00:00+00:00,11588914.291706935
2006-06-02 00:00:00+00:00,11588914.291706935
2006-06-05 00:00:00+00:00,11588914.291706935
2006-06-06 00:00:00+00:00,11588914.291706935
2006-06-07 00:00:00+00:00,11588914.291706935
2006-06-08 00:00:00+00:00,11588914.291706935
2006-06-09 00:00:00+00:00,11588914.291706935
2006-06-12 00:00:00+00:00,11588914.291706935
2006-06-13 00:00:00+00:00,11588914.291706935
2006-06-14 00:00:00+00:00,11588914.291706935
2006-06-15 00:00:00+00:00,11588914.291706935
2006-06-16 00:00:00+00:00,11588914.291706935
2006-06-19 00:00:00+00:00,11588914.291706935
2006-06-20 00:00:00+00:00,11588914.291706935
2006-06-21 00:00:00+00:00,11588914.291706935
2006-06-22 00:00:00+00:00,11588914.291706935
2006-06-23 00:00:00+00:00,11588914.291706935
2006-06-26 00:00:00+00:00,11588914.291706935
2006-06-27 00:00:00+00:00,11588914.291706935
2006-06-28 00:00:00+00:00,11588914.291706935
2006-06-29 00:00:00+00:00,11588914.291706935
2006-06-30 00:00:00+00:00,11588914.291706935
2006-07-03 00:00:00+00:00,11588914.291706935
2006-07-04 00:00:00+00:00,11588914.291706935
2006-07-05 00:00:00+00:00,11588914.291706935
2006-07-06 00:00:00+00:00,11588914.291706935
2006-07-07 00:00:00+00:00,11588914.291706935
2006-07-10 00:00:00+00:00,11588914.291706935
2006-07-11 00:00:00+00:00,11588914.291706935
2006-07-12 00:00:00+00:00,11588914.291706935
2006-07-13 00:00:00+00:00,11588914.291706935
2006-07-14 00:00:00+00:00,11588914.291706935
2006-07-17 00:00:00+00:00,11588914.291706935
2006-07-18 00:00:00+00:00,11588914.291706935
2006-07-19 00:00:00+00:00,11588914.291706935
2006-07-20 00:00:00+00:00,11588914.291706935
2006-07-21 00:00:00+00:00,11588914.291706935
2006-07-24 00:00:00+00:00,11588914.291706935
2006-07-25 00:00:00+00:00,11588914.291706935
2006-07-26 00:00:00+00:00,11588914.291706935
2006-07-27 00:00:00+00:00,11588914.291706935
2006-07-28 00:00:00+00:00,11588914.291706935
2006-07-31 00:00:00+00:00,11588914.291706935
2006-08-01 00:00:00+00:00,11588914.291706935
2006-08-02 00:00:00+00:00,11588914.291706935
2006-08-03 00:00:00+00:00,11588914.291706935
2006-08-04 00:00:00+00:00,11588914.291706935
2006-08-07 00:00:00+00:00,11588914.291706935
2006-08-08 00:00:00+00:00,11588914.291706935
2006-08-09 00:00:00+00:00,11588914.291706935
2006-08-10 00:00:00+00:00,11588914.291706935
2006-08-11 00:00:00+00:00,11588914.291706935
2006-08-14 00:00:00+00:00,11588914.291706935
2006-08-15 00:00:00+00:00,11588914.291706935
2006-08-16 00:00:00+00:00,11588914.291706935
2006-08-17 00:00:00+00:00,11588914.291706935
2006-08-18 00:00:00+00:00,11588914.291706935
2006-08-21 00:00:00+00:00,11588914.291706935
2006-08-22 00:00:00+00:00,11588914.291706935
2006-08-23 00:00:00+00:00,11588914.291706935
2006-08-24 00:00:00+00:00,11588914.291706935
2006-08-25 00:00:00+00:00,11588914.291706935
2006-08-28 00:00:00+00:00,11588914.291706935
2006-08-29 00:00:00+00:00,11588914.291706935
2006-08-30 00:00:00+00:00,11588914.291706935
2006-08-31 00:00:00+00:00,11588914.291706935
2006-09-01 00:00:00+00:00,11588914.291706935
2006-09-04 00:00:00+00:00,11588914.291706935
2006-09-05 00:00:00+00:00,11588914.291706935
2006-09-06 00:00:00+00:00,11588914.291706935
2006-09-07 00:00:00+00:00,11588914.291706935
2006-09-08 00:00:00+00:00,11588914.291706935
2006-09-11 00:00:00+00:00,11588914.291706935
2006-09-12 00:00:00+00:00,11588914.291706935
2006-09-13 00:00:00+00:00,11588914.291706935
2006-09-14 00:00:00+00:00,11588914.291706935
2006-09-15 00:00:00+00:00,11588914.291706935
2006-09-18 00:00:00+00:00,11588914.291706935
2006-09-19 00:00:00+00:00,11588914.291706935
2006-09-20 00:00:00+00:00,11588914.291706935
2006-09-21 00:00:00+00:00,11588914.291706935
2006-09-22 00:00:00+00:00,11588914.291706935
2006-09-25 00:00:00+00:00,11588914.291706935
2006-09-26 00:00:00+00:00,11588914.291706935
2006-09-27 00:00:00+00:00,11588914.291706935
2006-09-28 00:00:00+00:00,11588914.291706935
2006-09-29 00:00:00+00:00,11588914.291706935
2006-10-02 00:00:00+00:00,11588914.291706935
2006-10-03 00:00:00+00:00,11588914.291706935
2006-10-04 00:00:00+00:00,11588914.291706935
2006-10-05 00:00:00+00:00,11588914.291706935
2006-10-06 00:00:00+00:00,11588914.291706935
2006-10-09 00:00:00+00:00,11588914.291706935
2006-10-10 00:00:00+00:00,11588914.291706935
2006-10-11 00:00:00+00:00,11588914.291706935
2006-10-12 00:00:00+00:00,11588914.291706935
2006-10-13 00:00:00+00:00,11588914.291706935
2006-10-16 00:00:00+00:00,11588914.291706935
2006-10-17 00:00:00+00:00,11588914.291706935
2006-10-18 00:00:00+00:00,11588914.291706935
2006-10-19 00:00:00+00:00,11588914.291706935
2006-10-20 00:00:00+00:00,11588914.291706935
2006-10-23 00:00:00+00:00,11588914.291706935
2006-10-24 00:00:00+00:00,11588914.291706935
2006-10-25 00:00:00+00:00,11588914.291706935
2006-10-26 00:00:00+00:00,11588914.291706935
2006-10-27 00:00:00+00:00,11588914.291706935
2006-10-30 00:00:00+00:00,11588914.291706935
2006-10-31 00:00:00+00:00,11588914.291706935
2006-11-01 00:00:00+00:00,11588914.291706935
2006-11-02 00:00:00+00:00,11588914.291706935
2006-11-03 00:00:00+00:00,11588914.291706935
2006-11-06 00:00:00+00:00,11588914.291706935
2006-11-07 00:00:00+00:00,11588914.291706935
2006-11-08 00:00:00+00:00,11588914.291706935
2006-11-09 00:00:00+00:00,11588914.291706935
2006-11-10 00:00:00+00:00,11588914.291706935
2006-11-13 00:00:00+00:00,11588914.291706935
2006-11-14 00:00:00+00:00,11588914.291706935
2006-11-15 00:00:00+00:00,11588914.291706935
2006-11-16 00:00:00+00:00,11588914.291706935
2006-11-17 00:00:00+00:00,11588914.291706935
2006-11-20 00:00:00+00:00,11588914.291706935
2006-11-21 00:00:00+00:00,11588914.291706935
2006-11-22 00:00:00+00:00,11588914.291706935
2006-11-23 00:00:00+00:00,11588914.291706935
2006-11-24 00:00:00+00:00,11588914.291706935
2006-11-27 00:00:00+00:00,11588914.291706935
2006-11-28 00:00:00+00:00,11588914.291706935
2006-11-29 00:00:00+00:00,11588914.291706935
2006-11-30 00:00:00+00:00,11588914.291706935
2006-12-01 00:00:00+00:00,11588914.291706935
2006-12-04 00:00:00+00:00,11588914.291706935
2006-12-05 00:00:00+00:00,11588914.291706935
2006-12-06 00:00:00+00:00,11588914.291706935
2006-12-07 00:00:00+00:00,11588914.291706935
2006-12-08 00:00:00+00:00,11588914.291706935
2006-12-11 00:00:00+00:00,11588914.291706935
2006-12-12 00:00:00+00:00,11588914.291706935
2006-12-13 00:00:00+00:00,11588914.291706935
2006-12-14 00:00:00+00:00,11588914.291706935
2006-12-15 00:00:00+00:00,11588914.291706935
2006-12-18 00:00:00+00:00,11588914.291706935
2006-12-19 00:00:00+00:00,11588914.291706935
2006-12-20 00:00:00+00:00,11588914.291706935
2006-12-21 00:00:00+00:00,11588914.291706935
2006-12-22 00:00:00+00:00,11588914.291706935
2006-12-25 00:00:00+00:00,11588914.291706935
2006-12-26 00:00:00+00:00,11588914.291706935
2006-12-27 00:00:00+00:00,11588914.291706935
2006-12-28 00:00:00+00:00,11588914.291706935
2006-12-29 00:00:00+00:00,11588914.291706935
2007-01-01 00:00:00+00:00,11588914.291706935
2007-01-02 00:00:00+00:00,11588914.291706935
2007-01-03 00:00:00+00:00,11588914.291706935
2007-01-04 00:00:00+00:00,11588914.291706935
2007-01-05 00:00:00+00:00,11588914.291706935
2007-01-08 00:00:00+00:00,11588914.291706935
2007-01-09 00:00:00+00:00,11588914.291706935
2007-01-10 00:00:00+00:00,11588914.291706935
2007-01-11 00:00:00+00:00,11588914.291706935
2007-01-12 00:00:00+00:00,11588914.291706935
2007-01-15 00:00:00+00:00,11588914.291706935
2007-01-16 00:00:00+00:00,11588914.291706935
2007-01-17 00:00:00+00:00,11588914.291706935
2007-01-18 00:00:00+00:00,11588914.291706935
2007-01-19 00:00:00+00:00,11588914.291706935
2007-01-22 00:00:00+00:00,11588914.291706935
2007-01-23 00:00:00+00:00,11588914.291706935
2007-01-24 00:00:00+00:00,11588914.291706935
2007-01-25 00:00:00+00:00,11588914.291706935
2007-01-26 00:00:00+00:00,11588914.291706935
2007-01-29 00:00:00+00:00,11588914.291706935
2007-01-30 00:00:00+00:00,11588914.291706935
2007-01-31 00:00:00+00:00,11588914.291706935
2007-02-01 00:00:00+00:00,11588914.291706935
2007-02-02 00:00:00+00:00,11588914.291706935
2007-02-05 00:00:00+00:00,11588914.291706935
2007-02-06 00:00:00+00:00,11588914.291706935
2007-02-07 00:00:00+00:00,11588914.291706935
2007-02-08 00:00:00+00:00,11588914.291706935
2007-02-09 00:00:00+00:00,11588914.291706935
2007-02-12 00:00:00+00:00,11588914.291706935
2007-02-13 00:00:00+00:00,11588914.291706935
2007-02-14 00:00:00+00:00,11588914.291706935
2007-02-15 00:00:00+00:00,11588914.291706935
2007-02-16 00:00:00+00:00,11588914.291706935
2007-02-19 00:00:00+00:00,11588914.291706935
2007-02-20 00:00:00+00:00,11588914.291706935
2007-02-21 00:00:00+00:00,11588914.291706935
2007-02-22 00:00:00+00:00,11588914.291706935
2007-02-23 00:00:00+00:00,11588914.291706935
2007-02-26 00:00:00+00:00,11588914.291706935
2007-02-27 00:00:00+00:00,11588914.291706935
2007-02-28 00:00:00+00:00,11588914.291706935
2007-03-01 00:00:00+00:00,11588914.291706935
2007-03-02 00:00:00+00:00,11588914.291706935
2007-03-05 00:00:00+00:00,11588914.291706935
2007-03-06 00:00:00+00:00,11588914.291706935
2007-03-07 00:00:00+00:00,11588914.291706935
2007-03-08 00:00:00+00:00,11588914.291706935
2007-03-09 00:00:00+00:00,11588914.291706935
2007-03-12 00:00:00+00:00,11588914.291706935
2007-03-13 00:00:00+00:00,11588914.291706935
2007-03-14 00:00:00+00:00,11588914.291706935
2007-03-15 00:00:00+00:00,11588914.291706935
2007-03-16 00:00:00+00:00,11588914.291706935
2007-03-19 00:00:00+00:00,11588914.291706935
2007-03-20 00:00:00+00:00,11588914.291706935
2007-03-21 00:00:00+00:00,11588914.291706935
2007-03-22 00:00:00+00:00,11588914.291706935
2007-03-23 00:00:00+00:00,11588914.291706935
2007-03-26 00:00:00+00:00,11588914.291706935
2007-03-27 00:00:00+00:00,11588914.291706935
2007-03-28 00:00:00+00:00,11588914.291706935
2007-03-29 00:00:00+00:00,11588914.291706935
2007-03-30 00:00:00+00:00,11588914.291706935
2007-04-02 00:00:00+00:00,11588914.291706935
2007-04-03 00:00:00+00:00,11588914.291706935
2007-04-04 00:00:00+00:00,11588914.291706935
2007-04-05 00:00:00+00:00,11588914.291706935
2007-04-09 00:00:00+00:00,11588914.291706935
2007-04-10 00:00:00+00:00,11588914.291706935
2007-04-11 00:00:00+00:00,11588914.291706935
2007-04-12 00:00:00+00:00,11588914.291706935
2007-04-13 00:00:00+00:00,11588914.291706935
2007-04-16 00:00:00+00:00,11588914.291706935
2007-04-17 00:00:00+00:00,11588914.291706935
2007-04-18 00:00:00+00:00,11588914.291706935
2007-04-19 00:00:00+00:00,11588914.291706935
2007-04-20 00:00:00+00:00,11588914.291706935
2007-04-23 00:00:00+00:00,11588914.291706935
2007-04-24 00:00:00+00:00,11588914.291706935
2007-04-25 00:00:00+00:00,11588914.291706935
2007-04-26 00:00:00+00:00,11588914.291706935
2007-04-27 00:00:00+00:00,11588914.291706935
2007-04-30 00:00:00+00:00,11588914.291706935
2007-05-01 00:00:00+00:00,11588914.291706935
2007-05-02 00:00:00+00:00,11588914.291706935
2007-05-03 00:00:00+00:00,11588914.291706935
2007-05-04 00:00:00+00:00,11588914.291706935
2007-05-07 00:00:00+00:00,11588914.291706935
2007-05-08 00:00:00+00:00,11588914.291706935
2007-05-09 00:00:00+00:00,11588914.291706935
2007-05-10 00:00:00+00:00,11588914.291706935
2007-05-11 00:00:00+00:00,11588914.291706935
2007-05-14 00:00:00+00:00,11588914.291706935
2007-05-15 00:00:00+00:00,11588914.291706935
2007-05-16 00:00:00+00:00,11588914.291706935
2007-05-17 00:00:00+00:00,11588914.291706935
2007-05-18 00:00:00+00:00,11588914.291706935
2007-05-21 00:00:00+00:00,11588914.291706935
2007-05-22 00:00:00+00:00,11588914.291706935
2007-05-23 00:00:00+00:00,11588914.291706935
2007-05-24 00:00:00+00:00,11588914.291706935
2007-05-25 00:00:00+00:00,11588914.291706935
2007-05-28 00:00:00+00:00,11588914.291706935
2007-05-29 00:00:00+00:00,11588914.291706935
2007-05-30 00:00:00+00:00,11588914.291706935
2007-05-31 00:00:00+00:00,11588914.291706935
2007-06-01 00:00:00+00:00,11588914.291706935
2007-06-04 00:00:00+00:00,11588914.291706935
2007-06-05 00:00:00+00:00,11588914.291706935
2007-06-06 00:00:00+00:00,11588914.291706935
2007-06-07 00:00:00+00:00,11588914.291706935
2007-06-08 00:00:00+00:00,11588914.291706935
2007-06-11 00:00:00+00:00,11588914.291706935
2007-06-12 00:00:00+00:00,11588914.291706935
2007-06-13 00:00:00+00:00,11588914.291706935
2007-06-14 00:00:00+00:00,11588914.291706935
2007-06-15 00:00:00+00:00,11588914.291706935
2007-06-18 00:00:00+00:00,11588914.291706935
2007-06-19 00:00:00+00:00,11588914.291706935
2007-06-20 00:00:00+00:00,11588914.291706935
2007-06-21 00:00:00+00:00,11588914.291706935
2007-06-22 00:00:00+00:00,11588914.291706935
2007-06-25 00:00:00+00:00,11588914.291706935
2007-06-26 00:00:00+00:00,11588914.291706935
2007-06-27 00:00:00+00:00,11588914.291706935
2007-06-28 00:00:00+00:00,11588914.291706935
2007-06-29 00:00:00+00:00,11588914.291706935
2007-07-02 00:00:00+00:00,11588914.291706935
2007-07-03 00:00:00+00:00,11588914.291706935
2007-07-04 00:00:00+00:00,11588914.291706935
2007-07-05 00:00:00+00:00,11588914.291706935
2007-07-06 00:00:00+00:00,11588914.291706935
2007-07-09 00:00:00+00:00,11588914.291706935
2007-07-10 00:00:00+00:00,11588914.291706935
2007-07-11 00:00:00+00:00,11588914.291706935
2007-07-12 00:00:00+00:00,11588914.291706935
2007-07-13 00:00:00+00:00,11588914.291706935
2007-07-16 00:00:00+00:00,11588914.291706935
2007-07-17 00:00:00+00:00,11588914.291706935
2007-07-18 00:00:00+00:00,11588914.291706935
2007-07-19 00:00:00+00:00,11588914.291706935
2007-07-20 00:00:00+00:00,11588914.291706935
2007-07-23 00:00:00+00:00,11588914.291706935
2007-07-24 00:00:00+00:00,11588914.291706935
2007-07-25 00:00:00+00:00,11588914.291706935
2007-07-26 00:00:00+00:00,11588914.291706935
2007-07-27 00:00:00+00:00,11588914.291706935
2007-07-30 00:00:00+00:00,11588914.291706935
2007-07-31 00:00:00+00:00,11588914.291706935
2007-08-01 00:00:00+00:00,11588914.291706935
2007-08-02 00:00:00+00:00,11588914.291706935
2007-08-03 00:00:00+00:00,11588914.291706935
2007-08-06 00:00:00+00:00,11588914.291706935
2007-08-07 00:00:00+00:00,11588914.291706935
2007-08-08 00:00:00+00:00,11588914.291706935
2007-08-09 00:00:00+00:00,11588914.291706935
2007-08-10 00:00:00+00:00,11588914.291706935
2007-08-13 00:00:00+00:00,11588914.291706935
2007-08-14 00:00:00+00:00,11588914.291706935
2007-08-15 00:00:00+00:00,11588914.291706935
2007-08-16 00:00:00+00:00,11588914.291706935
2007-08-17 00:00:00+00:00,11588914.291706935
2007-08-20 00:00:00+00:00,11588914.291706935
2007-08-21 00:00:00+00:00,11588914.291706935
2007-08-22 00:00:00+00:00,11588914.291706935
2007-08-23 00:00:00+00:00,11588914.291706935
2007-08-24 00:00:00+00:00,11588914.291706935
2007-08-27 00:00:00+00:00,11588914.291706935
2007-08-28 00:00:00+00:00,11588914.291706935
2007-08-29 00:00:00+00:00,11588914.291706935
2007-08-30 00:00:00+00:00,11588914.291706935
2007-08-31 00:00:00+00:00,11588914.291706935
2007-09-03 00:00:00+00:00,11588914.291706935
2007-09-04 00:00:00+00:00,11588914.291706935
2007-09-05 00:00:00+00:00,11588914.291706935
2007-09-06 00:00:00+00:00,11588914.291706935
2007-09-07 00:00:00+00:00,11588914.291706935
2007-09-10 00:00:00+00:00,11588914.291706935
2007-09-11 00:00:00+00:00,11588914.291706935
2007-09-12 00:00:00+00:00,11588914.291706935
2007-09-13 00:00:00+00:00,11588914.291706935
2007-09-14 00:00:00+00:00,11588914.291706935
2007-09-17 00:00:00+00:00,11588914.291706935
2007-09-18 00:00:00+00:00,11588914.291706935
2007-09-19 00:00:00+00:00,11588914.291706935
2007-09-20 00:00:00+00:00,11588914.291706935
2007-09-21 00:00:00+00:00,11588914.291706935
2007-09-24 00:00:00+00:00,11588914.291706935
2007-09-25 00:00:00+00:00,11588914.291706935
2007-09-26 00:00:00+00:00,11588914.291706935
2007-09-27 00:00:00+00:00,11588914.291706935
2007-09-28 00:00:00+00:00,11588914.291706935
2007-10-01 00:00:00+00:00,11588914.291706935
2007-10-02 00:00:00+00:00,11588914.291706935
2007-10-03 00:00:00+00:00,11588914.291706935
2007-10-04 00:00:00+00:00,11588914.291706935
2007-10-05 00:00:00+00:00,11588914.291706935
2007-10-08 00:00:00+00:00,11588914.291706935
2007-10-09 00:00:00+00:00,11588914.291706935
2007-10-10 00:00:00+00:00,11588914.291706935
2007-10-11 00:00:00+00:00,11588914.291706935
2007-10-12 00:00:00+00:00,11588914.291706935
2007-10-15 00:00:00+00:00,11588914.291706935
2007-10-16 00:00:00+00:00,11588914.291706935
2007-10-17 00:00:00+00:00,11588914.291706935
2007-10-18 00:00:00+00:00,11588914.291706935
2007-10-19 00:00:00+00:00,11588914.291706935
2007-10-22 00:00:00+00:00,11588914.291706935
2007-10-23 00:00:00+00:00,11588914.291706935
2007-10-24 00:00:00+00:00,11588914.291706935
2007-10-25 00:00:00+00:00,11588914.291706935
2007-10-26 00:00:00+00:00,11588914.291706935
2007-10-29 00:00:00+00:00,11588914.291706935
2007-10-30 00:00:00+00:00,11588914.291706935
2007-10-31 00:00:00+00:00,11588914.291706935
2007-11-01 00:00:00+00:00,11588914.291706935
2007-11-02 00:00:00+00:00,11588914.291706935
2007-11-05 00:00:00+00:00,11588914.291706935
2007-11-06 00:00:00+00:00,11588914.291706935
2007-11-07 00:00:00+00:00,11588914.291706935
2007-11-08 00:00:00+00:00,11588914.291706935
2007-11-09 00:00:00+00:00,11588914.291706935
2007-11-12 00:00:00+00:00,11588914.291706935
2007-11-13 00:00:00+00:00,11588914.291706935
2007-11-14 00:00:00+00:00,11588914.291706935
2007-11-15 00:00:00+00:00,11588914.291706935
2007-11-16 00:00:00+00:00,11588914.291706935
2007-11-19 00:00:00+00:00,11588914.291706935
2007-11-20 00:00:00+00:00,11588914.291706935
2007-11-21 00:00:00+00:00,11588914.291706935
2007-11-22 00:00:00+00:00,11588914.291706935
2007-11-23 00:00:00+00:00,11588914.291706935
2007-11-26 00:00:00+00:00,11588914.291706935
2007-11-27 00:00:00+00:00,11588914.291706935
2007-11-28 00:00:00+00:00,11588914.291706935
2007-11-29 00:00:00+00:00,11588914.291706935
2007-11-30 00:00:00+00:00,11588914.291706935
2007-12-03 00:00:00+00:00,11588914.291706935
2007-12-04 00:00:00+00:00,11588914.291706935
2007-12-05 00:00:00+00:00,11588914.291706935
2007-12-06 00:00:00+00:00,11588914.291706935
2007-12-07 00:00:00+00:00,11588914.291706935
2007-12-10 00:00:00+00:00,11588914.291706935
2007-12-11 00:00:00+00:00,11588914.291706935
2007-12-12 00:00:00+00:00,11588914.291706935
2007-12-13 00:00:00+00:00,11588914.291706935
2007-12-14 00:00:00+00:00,11588914.291706935
2007-12-17 00:00:00+00:00,11588914.291706935
2007-12-18 00:00:00+00:00,11588914.291706935
2007-12-19 00:00:00+00:00,11588914.291706935
2007-12-20 00:00:00+00:00,11588914.291706935
2007-12-21 00:00:00+00:00,11588914.291706935
2007-12-24 00:00:00+00:00,11588914.291706935
2007-12-26 00:00:00+00:00,11588914.291706935
2007-12-27 00:00:00+00:00,11588914.291706935
2007-12-28 00:00:00+00:00,11588914.291706935
2007-12-31 00:00:00+00:00,11588914.291706935
2008-01-01 00:00:00+00:00,11588914.291706935
2008-01-02 00:00:00+00:00,11588914.291706935
2008-01-03 00:00:00+00:00,11588914.291706935
2008-01-04 00:00:00+00:00,11588914.291706935
2008-01-07 00:00:00+00:00,11588914.291706935
2008-01-08 00:00:00+00:00,11588914.291706935
2008-01-09 00:00:00+00:00,11588914.291706935
2008-01-10 00:00:00+00:00,11588914.291706935
2008-01-11 00:00:00+00:00,11588914.291706935
2008-01-14 00:00:00+00:00,11588914.291706935
2008-01-15 00:00:00+00:00,11588914.291706935
2008-01-16 00:00:00+00:00,11588914.291706935
2008-01-17 00:00:00+00:00,11588914.291706935
2008-01-18 00:00:00+00:00,11588914.291706935
2008-01-21 00:00:00+00:00,11588914.291706935
2008-01-22 00:00:00+00:00,11588914.291706935
2008-01-23 00:00:00+00:00,11588914.291706935
2008-01-24 00:00:00+00:00,11588914.291706935
2008-01-25 00:00:00+00:00,11588914.291706935
2008-01-28 00:00:00+00:00,11588914.291706935
2008-01-29 00:00:00+00:00,11588914.291706935
2008-01-30 00:00:00+00:00,11588914.291706935
2008-01-31 00:00:00+00:00,11588914.291706935
2008-02-01 00:00:00+00:00,11588914.291706935
2008-02-04 00:00:00+00:00,11588914.291706935
2008-02-05 00:00:00+00:00,11588914.291706935
2008-02-06 00:00:00+00:00,11588914.291706935
2008-02-07 00:00:00+00:00,11588914.291706935
2008-02-08 00:00:00+00:00,11588914.291706935
2008-02-11 00:00:00+00:00,11588914.291706935
2008-02-12 00:00:00+00:00,11588914.291706935
2008-02-13 00:00:00+00:00,11588914.291706935
2008-02-14 00:00:00+00:00,11588914.291706935
2008-02-15 00:00:00+00:00,11588914.291706935
2008-02-18 00:00:00+00:00,11588914.291706935
2008-02-19 00:00:00+00:00,11588914.291706935
2008-02-20 00:00:00+00:00,11588914.291706935
2008-02-21 00:00:00+00:00,11588914.291706935
2008-02-22 00:00:00+00:00,11588914.291706935
2008-02-25 00:00:00+00:00,11588914.291706935
2008-02-26 00:00:00+00:00,11588914.291706935
2008-02-27 00:00:00+00:00,11588914.291706935
2008-02-28 00:00:00+00:00,11588914.291706935
2008-02-29 00:00:00+00:00,11588914.291706935
2008-03-03 00:00:00+00:00,11588914.291706935
2008-03-04 00:00:00+00:00,11588914.291706935
2008-03-05 00:00:00+00:00,11588914.291706935
2008-03-06 00:00:00+00:00,11588914.291706935
2008-03-07 00:00:00+00:00,11588914.291706935
2008-03-10 00:00:00+00:00,11588914.291706935
2008-03-11 00:00:00+00:00,11588914.291706935
2008-03-12 00:00:00+00:00,11588914.291706935
2008-03-13 00:00:00+00:00,11588914.291706935
2008-03-14 00:00:00+00:00,11588914.291706935
2008-03-17 00:00:00+00:00,11588914.291706935
2008-03-18 00:00:00+00:00,11588914.291706935
2008-03-19 00:00:00+00:00,11588914.291706935
2008-03-20 00:00:00+00:00,11588914.291706935
2008-03-24 00:00:00+00:00,11588914.291706935
2008-03-25 00:00:00+00:00,11588914.291706935
2008-03-26 00:00:00+00:00,11588914.291706935
2008-03-27 00:00:00+00:00,11588914.291706935
2008-03-28 00:00:00+00:00,11588914.291706935
2008-03-31 00:00:00+00:00,11588914.291706935
2008-04-01 00:00:00+00:00,11588914.291706935
2008-04-02 00:00:00+00:00,11588914.291706935
2008-04-03 00:00:00+00:00,11588914.291706935
2008-04-04 00:00:00+00:00,11588914.291706935
2008-04-07 00:00:00+00:00,11588914.291706935
2008-04-08 00:00:00+00:00,11588914.291706935
2008-04-09 00:00:00+00:00,11588914.291706935
2008-04-10 00:00:00+00:00,11588914.291706935
2008-04-11 00:00:00+00:00,11588914.291706935
2008-04-14 00:00:00+00:00,11588914.291706935
2008-04-15 00:00:00+00:00,11588914.291706935
2008-04-16 00:00:00+00:00,11588914.291706935
2008-04-17 00:00:00+00:00,11588914.291706935
2008-04-18 00:00:00+00:00,11588914.291706935
2008-04-21 00:00:00+00:00,11588914.291706935
2008-04-22 00:00:00+00:00,11588914.291706935
2008-04-23 00:00:00+00:00,11588914.291706935
2008-04-24 00:00:00+00:00,11588914.291706935
2008-04-25 00:00:00+00:00,11588914.291706935
2008-04-28 00:00:00+00:00,11588914.291706935
2008-04-29 00:00:00+00:00,11588914.291706935
2008-04-30 00:00:00+00:00,11588914.291706935
2008-05-01 00:00:00+00:00,11588914.291706935
2008-05-02 00:00:00+00:00,11588914.291706935
2008-05-05 00:00:00+00:00,11588914.291706935
2008-05-06 00:00:00+00:00,11588914.291706935
2008-05-07 00:00:00+00:00,11588914.291706935
2008-05-08 00:00:00+00:00,11588914.291706935
2008-05-09 00:00:00+00:00,11588914.291706935
2008-05-12 00:00:00+00:00,11588914.291706935
2008-05-13 00:00:00+00:00,11588914.291706935
2008-05-14 00:00:00+00:00,11588914.291706935
2008-05-15 00:00:00+00:00,11588914.291706935
2008-05-16 00:00:00+00:00,11588914.291706935
2008-05-19 00:00:00+00:00,11588914.291706935
2008-05-20 00:00:00+00:00,11588914.291706935
2008-05-21 00:00:00+00:00,11588914.291706935
2008-05-22 00:00:00+00:00,11588914.291706935
2008-05-23 00:00:00+00:00,11588914.291706935
2008-05-26 00:00:00+00:00,11588914.291706935
2008-05-27 00:00:00+00:00,11588914.291706935
2008-05-28 00:00:00+00:00,11588914.291706935
2008-05-29 00:00:00+00:00,11588914.291706935
2008-05-30 00:00:00+00:00,11588914.291706935
2008-06-02 00:00:00+00:00,11588914.291706935
2008-06-03 00:00:00+00:00,11588914.291706935
2008-06-04 00:00:00+00:00,11588914.291706935
2008-06-05 00:00:00+00:00,11588914.291706935
2008-06-06 00:00:00+00:00,11588914.291706935
2008-06-09 00:00:00+00:00,11588914.291706935
2008-06-10 00:00:00+00:00,11588914.291706935
2008-06-11 00:00:00+00:00,11588914.291706935
2008-06-12 00:00:00+00:00,11588914.291706935
2008-06-13 00:00:00+00:00,11588914.291706935
2008-06-16 00:00:00+00:00,11588914.291706935
2008-06-17 00:00:00+00:00,11588914.291706935
2008-06-18 00:00:00+00:00,11588914.291706935
2008-06-19 00:00:00+00:00,11588914.291706935
2008-06-20 00:00:00+00:00,11588914.291706935
2008-06-23 00:00:00+00:00,11588914.291706935
2008-06-24 00:00:00+00:00,11588914.291706935
2008-06-25 00:00:00+00:00,11588914.291706935
2008-06-26 00:00:00+00:00,11588914.291706935
2008-06-27 00:00:00+00:00,11588914.291706935
2008-06-30 00:00:00+00:00,11588914.291706935
2008-07-01 00:00:00+00:00,11588914.291706935
2008-07-02 00:00:00+00:00,11588914.291706935
2008-07-03 00:00:00+00:00,11588914.291706935
2008-07-04 00:00:00+00:00,11588914.291706935
2008-07-07 00:00:00+00:00,11588914.291706935
2008-07-08 00:00:00+00:00,11588914.291706935
2008-07-09 00:00:00+00:00,11588914.291706935
2008-07-10 00:00:00+00:00,11588914.291706935
2008-07-11 00:00:00+00:00,11588914.291706935
2008-07-14 00:00:00+00:00,11588914.291706935
2008-07-15 00:00:00+00:00,11588914.291706935
2008-07-16 00:00:00+00:00,11588914.291706935
2008-07-17 00:00:00+00:00,11588914.291706935
2008-07-18 00:00:00+00:00,11588914.291706935
2008-07-21 00:00:00+00:00,11588914.291706935
2008-07-22 00:00:00+00:00,11588914.291706935
2008-07-23 00:00:00+00:00,11588914.291706935
2008-07-24 00:00:00+00:00,11588914.291706935
2008-07-25 00:00:00+00:00,11588914.291706935
2008-07-28 00:00:00+00:00,11588914.291706935
2008-07-29 00:00:00+00:00,11588914.291706935
2008-07-30 00:00:00+00:00,11588914.291706935
2008-07-31 00:00:00+00:00,11588914.291706935
2008-08-01 00:00:00+00:00,11588914.291706935
2008-08-04 00:00:00+00:00,11588914.291706935
2008-08-05 00:00:00+00:00,11588914.291706935
2008-08-06 00:00:00+00:00,11588914.291706935
2008-08-07 00:00:00+00:00,11588914.291706935
2008-08-08 00:00:00+00:00,11588914.291706935
2008-08-11 00:00:00+00:00,11588914.291706935
2008-08-12 00:00:00+00:00,11588914.291706935
2008-08-13 00:00:00+00:00,11588914.291706935
2008-08-14 00:00:00+00:00,11588914.291706935
2008-08-15 00:00:00+00:00,11588914.291706935
2008-08-18 00:00:00+00:00,11588914.291706935
2008-08-19 00:00:00+00:00,11588914.291706935
2008-08-20 00:00:00+00:00,11588914.291706935
2008-08-21 00:00:00+00:00,11588914.291706935
2008-08-22 00:00:00+00:00,11588914.291706935
2008-08-25 00:00:00+00:00,11588914.291706935
2008-08-26 00:00:00+00:00,11588914.291706935
2008-08-27 00:00:00+00:00,11588914.291706935
2008-08-28 00:00:00+00:00,11588914.291706935
2008-08-29 00:00:00+00:00,11588914.291706935
2008-09-01 00:00:00+00:00,11588914.291706935
2008-09-02 00:00:00+00:00,11588914.291706935
2008-09-03 00:00:00+00:00,11588914.291706935
2008-09-04 00:00:00+00:00,11588914.291706935
2008-09-05 00:00:00+00:00,11588914.291706935
2008-09-08 00:00:00+00:00,11588914.291706935
2008-09-09 00:00:00+00:00,11588914.291706935
2008-09-10 00:00:00+00:00,11588914.291706935
2008-09-11 00:00:00+00:00,11588914.291706935
2008-09-12 00:00:00+00:00,11588914.291706935
2008-09-15 00:00:00+00:00,11588914.291706935
2008-09-16 00:00:00+00:00,11588914.291706935
2008-09-17 00:00:00+00:00,11588914.291706935
2008-09-18 00:00:00+00:00,11588914.291706935
2008-09-19 00:00:00+00:00,11588914.291706935
2008-09-22 00:00:00+00:00,11588914.291706935
2008-09-23 00:00:00+00:00,11588914.291706935
2008-09-24 00:00:00+00:00,11588914.291706935
2008-09-25 00:00:00+00:00,11588914.291706935
2008-09-26 00:00:00+00:00,11588914.291706935
2008-09-29 00:00:00+00:00,11588914.291706935
2008-09-30 00:00:00+00:00,11588914.291706935
2008-10-01 00:00:00+00:00,11588914.291706935
2008-10-02 00:00:00+00:00,11588914.291706935
2008-10-03 00:00:00+00:00,11588914.291706935
2008-10-06 00:00:00+00:00,11588914.291706935
2008-10-07 00:00:00+00:00,11588914.291706935
2008-10-08 00:00:00+00:00,11588914.291706935
2008-10-09 00:00:00+00:00,11588914.291706935
2008-10-10 00:00:00+00:00,11588914.291706935
2008-10-13 00:00:00+00:00,11588914.291706935
2008-10-14 00:00:00+00:00,11588914.291706935
2008-10-15 00:00:00+00:00,11588914.291706935
2008-10-16 00:00:00+00:00,11588914.291706935
2008-10-17 00:00:00+00:00,11588914.291706935
2008-10-20 00:00:00+00:00,11588914.291706935
2008-10-21 00:00:00+00:00,11588914.291706935
2008-10-22 00:00:00+00:00,11588914.291706935
2008-10-23 00:00:00+00:00,11588914.291706935
2008-10-24 00:00:00+00:00,11588914.291706935
2008-10-27 00:00:00+00:00,11588914.291706935
2008-10-28 00:00:00+00:00,11588914.291706935
2008-10-29 00:00:00+00:00,11588914.291706935
2008-10-30 00:00:00+00:00,11588914.291706935
2008-10-31 00:00:00+00:00,11588914.291706935
2008-11-03 00:00:00+00:00,11588914.291706935
2008-11-04 00:00:00+00:00,11588914.291706935
2008-11-05 00:00:00+00:00,11588914.291706935
2008-11-06 00:00:00+00:00,11588914.291706935
2008-11-07 00:00:00+00:00,11588914.291706935
2008-11-10 00:00:00+00:00,11588914.291706935
2008-11-11 00:00:00+00:00,11588914.291706935
2008-11-12 00:00:00+00:00,11588914.291706935
2008-11-13 00:00:00+00:00,11588914.291706935
2008-11-14 00:00:00+00:00,11588914.291706935
2008-11-17 00:00:00+00:00,11588914.291706935
2008-11-18 00:00:00+00:00,11588914.291706935
2008-11-19 00:00:00+00:00,11588914.291706935
2008-11-20 00:00:00+00:00,11588914.291706935
2008-11-21 00:00:00+00:00,11588914.291706935
2008-11-24 00:00:00+00:00,11588914.291706935
2008-11-25 00:00:00+00:00,11588914.291706935
2008-11-26 00:00:00+00:00,11588914.291706935
2008-11-27 00:00:00+00:00,11588914.291706935
2008-11-28 00:00:00+00:00,11588914.291706935
2008-12-01 00:00:00+00:00,11588914.291706935
2008-12-02 00:00:00+00:00,11588914.291706935
2008-12-03 00:00:00+00:00,11588914.291706935
2008-12-04 00:00:00+00:00,11588914.291706935
2008-12-05 00:00:00+00:00,11588914.291706935
2008-12-08 00:00:00+00:00,11588914.291706935
2008-12-09 00:00:00+00:00,11588914.291706935
2008-12-10 00:00:00+00:00,11588914.291706935
2008-12-11 00:00:00+00:00,11588914.291706935
2008-12-12 00:00:00+00:00,11588914.291706935
2008-12-15 00:00:00+00:00,11588914.291706935
2008-12-16 00:00:00+00:00,11588914.291706935
2008-12-17 00:00:00+00:00,11588914.291706935
2008-12-18 00:00:00+00:00,11588914.291706935
2008-12-19 00:00:00+00:00,11588914.291706935
2008-12-22 00:00:00+00:00,11588914.291706935
2008-12-23 00:00:00+00:00,11588914.291706935
2008-12-24 00:00:00+00:00,11588914.291706935
2008-12-26 00:00:00+00:00,11588914.291706935
2008-12-29 00:00:00+00:00,11588914.291706935
2008-12-30 00:00:00+00:00,11588914.291706935
2008-12-31 00:00:00+00:00,11588914.291706935
2009-01-02 00:00:00+00:00,11588914.291706935
2009-01-05 00:00:00+00:00,11588914.291706935
2009-01-06 00:00:00+00:00,11588914.291706935
2009-01-07 00:00:00+00:00,11588914.291706935
2009-01-08 00:00:00+00:00,11588914.291706935
2009-01-09 00:00:00+00:00,11588914.291706935
2009-01-12 00:00:00+00:00,11588914.291706935
2009-01-13 00:00:00+00:00,11588914.291706935
2009-01-14 00:00:00+00:00,11588914.291706935
2009-01-15 00:00:00+00:00,11588914.291706935
2009-01-16 00:00:00+00:00,11588914.291706935
2009-01-19 00:00:00+00:00,11588914.291706935
2009-01-20 00:00:00+00:00,11588914.291706935
2009-01-21 00:00:00+00:00,11588914.291706935
2009-01-22 00:00:00+00:00,11588914.291706935
2009-01-23 00:00:00+00:00,11588914.291706935
2009-01-26 00:00:00+00:00,11588914.291706935
2009-01-27 00:00:00+00:00,11588914.291706935
2009-01-28 00:00:00+00:00,11588914.291706935
2009-01-29 00:00:00+00:00,11588914.291706935
2009-01-30 00:00:00+00:00,11588914.291706935
2009-02-02 00:00:00+00:00,11588914.291706935
2009-02-03 00:00:00+00:00,11588914.291706935
2009-02-04 00:00:00+00:00,11588914.291706935
2009-02-05 00:00:00+00:00,11588914.291706935
2009-02-06 00:00:00+00:00,11588914.291706935
2009-02-09 00:00:00+00:00,11588914.291706935
2009-02-10 00:00:00+00:00,11588914.291706935
2009-02-11 00:00:00+00:00,11588914.291706935
2009-02-12 00:00:00+00:00,11588914.291706935
2009-02-13 00:00:00+00:00,11588914.291706935
2009-02-16 00:00:00+00:00,11588914.291706935
2009-02-17 00:00:00+00:00,11588914.291706935
2009-02-18 00:00:00+00:00,11588914.291706935
2009-02-19 00:00:00+00:00,11588914.291706935
2009-02-20 00:00:00+00:00,11588914.291706935
2009-02-23 00:00:00+00:00,11588914.291706935
2009-02-24 00:00:00+00:00,11588914.291706935
2009-02-25 00:00:00+00:00,11588914.291706935
2009-02-26 00:00:00+00:00,11588914.291706935
2009-02-27 00:00:00+00:00,11588914.291706935
2009-03-02 00:00:00+00:00,11588914.291706935
2009-03-03 00:00:00+00:00,11588914.291706935
2009-03-04 00:00:00+00:00,11588914.291706935
2009-03-05 00:00:00+00:00,11588914.291706935
2009-03-06 00:00:00+00:00,11588914.291706935
2009-03-09 00:00:00+00:00,11588914.291706935
2009-03-10 00:00:00+00:00,11588914.291706935
2009-03-11 00:00:00+00:00,11588914.291706935
2009-03-12 00:00:00+00:00,11588914.291706935
2009-03-13 00:00:00+00:00,11588914.291706935
2009-03-16 00:00:00+00:00,11588914.291706935
2009-03-17 00:00:00+00:00,11588914.291706935
2009-03-18 00:00:00+00:00,11588914.291706935
2009-03-19 00:00:00+00:00,11588914.291706935
2009-03-20 00:00:00+00:00,11588914.291706935
2009-03-23 00:00:00+00:00,11588914.291706935
2009-03-24 00:00:00+00:00,11588914.291706935
2009-03-25 00:00:00+00:00,11588914.291706935
2009-03-26 00:00:00+00:00,11588914.291706935
2009-03-27 00:00:00+00:00,11588914.291706935
2009-03-30 00:00:00+00:00,11588914.291706935
2009-03-31 00:00:00+00:00,11588914.291706935
2009-04-01 00:00:00+00:00,11588914.291706935
2009-04-02 00:00:00+00:00,11588914.291706935
2009-04-03 00:00:00+00:00,11588914.291706935
2009-04-06 00:00:00+00:00,11588914.291706935
2009-04-07 00:00:00+00:00,11588914.291706935
2009-04-08 00:00:00+00:00,11588914.291706935
2009-04-09 00:00:00+00:00,11588914.291706935
2009-04-13 00:00:00+00:00,11588914.291706935
2009-04-14 00:00:00+00:00,11588914.291706935
2009-04-15 00:00:00+00:00,11588914.291706935
2009-04-16 00:00:00+00:00,11588914.291706935
2009-04-17 00:00:00+00:00,11588914.291706935
2009-04-20 00:00:00+00:00,11588914.291706935
2009-04-21 00:00:00+00:00,11588914.291706935
2009-04-22 00:00:00+00:00,11588914.291706935
2009-04-23 00:00:00+00:00,11588914.291706935
2009-04-24 00:00:00+00:00,11588914.291706935
2009-04-27 00:00:00+00:00,11588914.291706935
2009-04-28 00:00:00+00:00,11588914.291706935
2009-04-29 00:00:00+00:00,11588914.291706935
2009-04-30 00:00:00+00:00,11588914.291706935
2009-05-01 00:00:00+00:00,11588914.291706935
2009-05-04 00:00:00+00:00,11588914.291706935
2009-05-05 00:00:00+00:00,11588914.291706935
2009-05-06 00:00:00+00:00,11588914.291706935
2009-05-07 00:00:00+00:00,11588914.291706935
2009-05-08 00:00:00+00:00,11588914.291706935
2009-05-11 00:00:00+00:00,11588914.291706935
2009-05-12 00:00:00+00:00,11588914.291706935
2009-05-13 00:00:00+00:00,11588914.291706935
2009-05-14 00:00:00+00:00,11588914.291706935
2009-05-15 00:00:00+00:00,11588914.291706935
2009-05-18 00:00:00+00:00,11588914.291706935
2009-05-19 00:00:00+00:00,11588914.291706935
2009-05-20 00:00:00+00:00,11588914.291706935
2009-05-21 00:00:00+00:00,11588914.291706935
2009-05-22 00:00:00+00:00,11588914.291706935
2009-05-25 00:00:00+00:00,11588914.291706935
2009-05-26 00:00:00+00:00,11588914.291706935
2009-05-27 00:00:00+00:00,11588914.291706935
2009-05-28 00:00:00+00:00,11588914.291706935
2009-05-29 00:00:00+00:00,11588914.291706935
2009-06-01 00:00:00+00:00,11588914.291706935
2009-06-02 00:00:00+00:00,11588914.291706935
2009-06-03 00:00:00+00:00,11588914.291706935
2009-06-04 00:00:00+00:00,11588914.291706935
2009-06-05 00:00:00+00:00,11588914.291706935
2009-06-08 00:00:00+00:00,11588914.291706935
2009-06-09 00:00:00+00:00,11588914.291706935
2009-06-10 00:00:00+00:00,11588914.291706935
2009-06-11 00:00:00+00:00,11588914.291706935
2009-06-12 00:00:00+00:00,11588914.291706935
2009-06-15 00:00:00+00:00,11588914.291706935
2009-06-16 00:00:00+00:00,11588914.291706935
2009-06-17 00:00:00+00:00,11588914.291706935
2009-06-18 00:00:00+00:00,11588914.291706935
2009-06-19 00:00:00+00:00,11588914.291706935
2009-06-22 00:00:00+00:00,11588914.291706935
2009-06-23 00:00:00+00:00,11588914.291706935
2009-06-24 00:00:00+00:00,11588914.291706935
2009-06-25 00:00:00+00:00,11588914.291706935
2009-06-26 00:00:00+00:00,11588914.291706935
2009-06-29 00:00:00+00:00,11588914.291706935
2009-06-30 00:00:00+00:00,11588914.291706935
2009-07-01 00:00:00+00:00,11588914.291706935
2009-07-02 00:00:00+00:00,11588914.291706935
2009-07-03 00:00:00+00:00,11588914.291706935
2009-07-06 00:00:00+00:00,11588914.291706935
2009-07-07 00:00:00+00:00,11588914.291706935
2009-07-08 00:00:00+00:00,11588914.291706935
2009-07-09 00:00:00+00:00,11588914.291706935
2009-07-10 00:00:00+00:00,11588914.291706935
2009-07-13 00:00:00+00:00,11588914.291706935
2009-07-14 00:00:00+00:00,11588914.291706935
2009-07-15 00:00:00+00:00,11588914.291706935
2009-07-16 00:00:00+00:00,11588914.291706935
2009-07-17 00:00:00+00:00,11588914.291706935
2009-07-20 00:00:00+00:00,11588914.291706935
2009-07-21 00:00:00+00:00,11588914.291706935
2009-07-22 00:00:00+00:00,11588914.291706935
2009-07-23 00:00:00+00:00,11588914.291706935
2009-07-24 00:00:00+00:00,11588914.291706935
2009-07-27 00:00:00+00:00,11588914.291706935
2009-07-28 00:00:00+00:00,11588914.291706935
2009-07-29 00:00:00+00:00,11588914.291706935
2009-07-30 00:00:00+00:00,11588914.291706935
2009-07-31 00:00:00+00:00,11588914.291706935
2009-08-03 00:00:00+00:00,11588914.291706935
2009-08-04 00:00:00+00:00,11588914.291706935
2009-08-05 00:00:00+00:00,11588914.291706935
2009-08-06 00:00:00+00:00,11588914.291706935
2009-08-07 00:00:00+00:00,11588914.291706935
2009-08-10 00:00:00+00:00,11588914.291706935
2009-08-11 00:00:00+00:00,11588914.291706935
2009-08-12 00:00:00+00:00,11588914.291706935
2009-08-13 00:00:00+00:00,11588914.291706935
2009-08-14 00:00:00+00:00,11588914.291706935
2009-08-17 00:00:00+00:00,11588914.291706935
2009-08-18 00:00:00+00:00,11588914.291706935
2009-08-19 00:00:00+00:00,11588914.291706935
2009-08-20 00:00:00+00:00,11588914.291706935
2009-08-21 00:00:00+00:00,11588914.291706935
2009-08-24 00:00:00+00:00,11588914.291706935
2009-08-25 00:00:00+00:00,11588914.291706935
2009-08-26 00:00:00+00:00,11588914.291706935
2009-08-27 00:00:00+00:00,11588914.291706935
2009-08-28 00:00:00+00:00,11588914.291706935
2009-08-31 00:00:00+00:00,11588914.291706935
2009-09-01 00:00:00+00:00,11588914.291706935
2009-09-02 00:00:00+00:00,11588914.291706935
2009-09-03 00:00:00+00:00,11588914.291706935
2009-09-04 00:00:00+00:00,11588914.291706935
2009-09-07 00:00:00+00:00,11588914.291706935
2009-09-08 00:00:00+00:00,11588914.291706935
2009-09-09 00:00:00+00:00,11588914.291706935
2009-09-10 00:00:00+00:00,11588914.291706935
2009-09-11 00:00:00+00:00,11588914.291706935
2009-09-14 00:00:00+00:00,11588914.291706935
2009-09-15 00:00:00+00:00,11588914.291706935
2009-09-16 00:00:00+00:00,11588914.291706935
2009-09-17 00:00:00+00:00,11588914.291706935
2009-09-18 00:00:00+00:00,11588914.291706935
2009-09-21 00:00:00+00:00,11588914.291706935
2009-09-22 00:00:00+00:00,11588914.291706935
2009-09-23 00:00:00+00:00,11588914.291706935
2009-09-24 00:00:00+00:00,11588914.291706935
2009-09-25 00:00:00+00:00,11588914.291706935
2009-09-28 00:00:00+00:00,11588914.291706935
2009-09-29 00:00:00+00:00,11588914.291706935
2009-09-30 00:00:00+00:00,11588914.291706935
2009-10-01 00:00:00+00:00,11588914.291706935
2009-10-02 00:00:00+00:00,11588914.291706935
2009-10-05 00:00:00+00:00,11588914.291706935
2009-10-06 00:00:00+00:00,11588914.291706935
2009-10-07 00:00:00+00:00,11588914.291706935
2009-10-08 00:00:00+00:00,11588914.291706935
2009-10-09 00:00:00+00:00,11588914.291706935
2009-10-12 00:00:00+00:00,11588914.291706935
2009-10-13 00:00:00+00:00,11588914.291706935
2009-10-14 00:00:00+00:00,11588914.291706935
2009-10-15 00:00:00+00:00,11588914.291706935
2009-10-16 00:00:00+00:00,11588914.291706935
2009-10-19 00:00:00+00:00,11588914.291706935
2009-10-20 00:00:00+00:00,11588914.291706935
2009-10-21 00:00:00+00:00,11588914.291706935
2009-10-22 00:00:00+00:00,11588914.291706935
2009-10-23 00:00:00+00:00,11588914.291706935
2009-10-26 00:00:00+00:00,11588914.291706935
2009-10-27 00:00:00+00:00,11588914.291706935
2009-10-28 00:00:00+00:00,11588914.291706935
2009-10-29 00:00:00+00:00,11588914.291706935
2009-10-30 00:00:00+00:00,11588914.291706935
2009-11-02 00:00:00+00:00,11588914.291706935
2009-11-03 00:00:00+00:00,11588914.291706935
2009-11-04 00:00:00+00:00,11588914.291706935
2009-11-05 00:00:00+00:00,11588914.291706935
2009-11-06 00:00:00+00:00,11588914.291706935
2009-11-09 00:00:00+00:00,11588914.291706935
2009-11-10 00:00:00+00:00,11588914.291706935
2009-11-11 00:00:00+00:00,11588914.291706935
2009-11-12 00:00:00+00:00,11588914.291706935
2009-11-13 00:00:00+00:00,11588914.291706935
2009-11-16 00:00:00+00:00,11588914.291706935
2009-11-17 00:00:00+00:00,11588914.291706935
2009-11-18 00:00:00+00:00,11588914.291706935
2009-11-19 00:00:00+00:00,11588914.291706935
2009-11-20 00:00:00+00:00,11588914.291706935
2009-11-23 00:00:00+00:00,11588914.291706935
2009-11-24 00:00:00+00:00,11588914.291706935
2009-11-25 00:00:00+00:00,11588914.291706935
2009-11-26 00:00:00+00:00,11588914.291706935
2009-11-27 00:00:00+00:00,11588914.291706935
2009-11-30 00:00:00+00:00,11588914.291706935
2009-12-01 00:00:00+00:00,11588914.291706935
2009-12-02 00:00:00+00:00,11588914.291706935
2009-12-03 00:00:00+00:00,11588914.291706935
2009-12-04 00:00:00+00:00,11588914.291706935
2009-12-07 00:00:00+00:00,11588914.291706935
2009-12-08 00:00:00+00:00,11588914.291706935
2009-12-09 00:00:00+00:00,11588914.291706935
2009-12-10 00:00:00+00:00,11588914.291706935
2009-12-11 00:00:00+00:00,11588914.291706935
2009-12-14 00:00:00+00:00,11588914.291706935
2009-12-15 00:00:00+00:00,11588914.291706935
2009-12-16 00:00:00+00:00,11588914.291706935
2009-12-17 00:00:00+00:00,11588914.291706935
2009-12-18 00:00:00+00:00,11588914.291706935
2009-12-21 00:00:00+00:00,11588914.291706935
2009-12-22 00:00:00+00:00,11588914.291706935
2009-12-23 00:00:00+00:00,11588914.291706935
2009-12-24 00:00:00+00:00,11588914.291706935
2009-12-28 00:00:00+00:00,11588914.291706935
2009-12-29 00:00:00+00:00,11588914.291706935
2009-12-30 00:00:00+00:00,11588914.291706935
2009-12-31 00:00:00+00:00,11588914.291706935
2010-01-04 00:00:00+00:00,11588914.291706935
2010-01-05 00:00:00+00:00,11588914.291706935
2010-01-06 00:00:00+00:00,11588914.291706935
2010-01-07 00:00:00+00:00,11588914.291706935
2010-01-08 00:00:00+00:00,11588914.291706935
2010-01-11 00:00:00+00:00,11588914.291706935
2010-01-12 00:00:00+00:00,11588914.291706935
2010-01-13 00:00:00+00:00,11588914.291706935
2010-01-14 00:00:00+00:00,11588914.291706935
2010-01-15 00:00:00+00:00,11588914.291706935
2010-01-18 00:00:00+00:00,11588914.291706935
2010-01-19 00:00:00+00:00,11588914.291706935
2010-01-20 00:00:00+00:00,11588914.291706935
2010-01-21 00:00:00+00:00,11588914.291706935
2010-01-22 00:00:00+00:00,11588914.291706935
2010-01-25 00:00:00+00:00,11588914.291706935
2010-01-26 00:00:00+00:00,11588914.291706935
2010-01-27 00:00:00+00:00,11588914.291706935
2010-01-28 00:00:00+00:00,11588914.291706935
2010-01-29 00:00:00+00:00,11588914.291706935
2010-02-01 00:00:00+00:00,11588914.291706935
2010-02-02 00:00:00+00:00,11588914.291706935
2010-02-03 00:00:00+00:00,11588914.291706935
2010-02-04 00:00:00+00:00,11588914.291706935
2010-02-05 00:00:00+00:00,11588914.291706935
2010-02-06 00:00:00+00:00,11588914.291706935
2010-02-08 00:00:00+00:00,11588914.291706935
2010-02-09 00:00:00+00:00,11588914.291706935
2010-02-10 00:00:00+00:00,11588914.291706935
2010-02-11 00:00:00+00:00,11588914.291706935
2010-02-12 00:00:00+00:00,11588914.291706935
2010-02-15 00:00:00+00:00,11588914.291706935
2010-02-16 00:00:00+00:00,11588914.291706935
2010-02-17 00:00:00+00:00,11588914.291706935
2010-02-18 00:00:00+00:00,11588914.291706935
2010-02-19 00:00:00+00:00,11588914.291706935
2010-02-22 00:00:00+00:00,11588914.291706935
2010-02-23 00:00:00+00:00,11588914.291706935
2010-02-24 00:00:00+00:00,11588914.291706935
2010-02-25 00:00:00+00:00,11588914.291706935
2010-02-26 00:00:00+00:00,11588914.291706935
2010-03-01 00:00:00+00:00,11588914.291706935
2010-03-02 00:00:00+00:00,11588914.291706935
2010-03-03 00:00:00+00:00,11588914.291706935
2010-03-04 00:00:00+00:00,11588914.291706935
2010-03-05 00:00:00+00:00,11588914.291706935
2010-03-08 00:00:00+00:00,11588914.291706935
2010-03-09 00:00:00+00:00,11588914.291706935
2010-03-10 00:00:00+00:00,11588914.291706935
2010-03-11 00:00:00+00:00,11588914.291706935
2010-03-12 00:00:00+00:00,11588914.291706935
2010-03-15 00:00:00+00:00,11588914.291706935
2010-03-16 00:00:00+00:00,11588914.291706935
2010-03-17 00:00:00+00:00,11588914.291706935
2010-03-18 00:00:00+00:00,11588914.291706935
2010-03-19 00:00:00+00:00,11588914.291706935
2010-03-22 00:00:00+00:00,11588914.291706935
2010-03-23 00:00:00+00:00,11588914.291706935
2010-03-24 00:00:00+00:00,11588914.291706935
2010-03-25 00:00:00+00:00,11588914.291706935
2010-03-26 00:00:00+00:00,11588914.291706935
2010-03-29 00:00:00+00:00,11588914.291706935
2010-03-30 00:00:00+00:00,11588914.291706935
2010-03-31 00:00:00+00:00,11588914.291706935
2010-04-01 00:00:00+00:00,11588914.291706935
2010-04-05 00:00:00+00:00,11588914.291706935
2010-04-06 00:00:00+00:00,11588914.291706935
2010-04-07 00:00:00+00:00,11588914.291706935
2010-04-08 00:00:00+00:00,11588914.291706935
2010-04-09 00:00:00+00:00,11588914.291706935
2010-04-12 00:00:00+00:00,11588914.291706935
2010-04-13 00:00:00+00:00,11588914.291706935
2010-04-14 00:00:00+00:00,11588914.291706935
2010-04-15 00:00:00+00:00,11588914.291706935
2010-04-16 00:00:00+00:00,11588914.291706935
2010-04-19 00:00:00+00:00,11588914.291706935
2010-04-20 00:00:00+00:00,11588914.291706935
2010-04-21 00:00:00+00:00,11588914.291706935
2010-04-22 00:00:00+00:00,11588914.291706935
2010-04-23 00:00:00+00:00,11588914.291706935
2010-04-26 00:00:00+00:00,11588914.291706935
2010-04-27 00:00:00+00:00,11588914.291706935
2010-04-28 00:00:00+00:00,11588914.291706935
2010-04-29 00:00:00+00:00,11588914.291706935
2010-04-30 00:00:00+00:00,11588914.291706935
2010-05-03 00:00:00+00:00,11588914.291706935
2010-05-04 00:00:00+00:00,11588914.291706935
2010-05-05 00:00:00+00:00,11588914.291706935
2010-05-06 00:00:00+00:00,11588914.291706935
2010-05-07 00:00:00+00:00,11588914.291706935
2010-05-10 00:00:00+00:00,11588914.291706935
2010-05-11 00:00:00+00:00,11588914.291706935
2010-05-12 00:00:00+00:00,11588914.291706935
2010-05-13 00:00:00+00:00,11588914.291706935
2010-05-14 00:00:00+00:00,11588914.291706935
2010-05-17 00:00:00+00:00,11588914.291706935
2010-05-18 00:00:00+00:00,11588914.291706935
2010-05-19 00:00:00+00:00,11588914.291706935
2010-05-20 00:00:00+00:00,11588914.291706935
2010-05-21 00:00:00+00:00,11588914.291706935
2010-05-24 00:00:00+00:00,11588914.291706935
2010-05-25 00:00:00+00:00,11588914.291706935
2010-05-26 00:00:00+00:00,11588914.291706935
2010-05-27 00:00:00+00:00,11588914.291706935
2010-05-28 00:00:00+00:00,11588914.291706935
2010-05-31 00:00:00+00:00,11588914.291706935
2010-06-01 00:00:00+00:00,11588914.291706935
2010-06-02 00:00:00+00:00,11588914.291706935
2010-06-03 00:00:00+00:00,11588914.291706935
2010-06-04 00:00:00+00:00,11588914.291706935
2010-06-07 00:00:00+00:00,11588914.291706935
2010-06-08 00:00:00+00:00,11588914.291706935
2010-06-09 00:00:00+00:00,11588914.291706935
2010-06-10 00:00:00+00:00,11588914.291706935
2010-06-11 00:00:00+00:00,11588914.291706935
2010-06-14 00:00:00+00:00,11588914.291706935
2010-06-15 00:00:00+00:00,11588914.291706935
2010-06-16 00:00:00+00:00,11588914.291706935
2010-06-17 00:00:00+00:00,11588914.291706935
2010-06-18 00:00:00+00:00,11588914.291706935
2010-06-21 00:00:00+00:00,11588914.291706935
2010-06-22 00:00:00+00:00,11588914.291706935
2010-06-23 00:00:00+00:00,11588914.291706935
2010-06-24 00:00:00+00:00,11588914.291706935
2010-06-25 00:00:00+00:00,11588914.291706935
2010-06-28 00:00:00+00:00,11588914.291706935
2010-06-29 00:00:00+00:00,11588914.291706935
2010-06-30 00:00:00+00:00,11588914.291706935
2010-07-01 00:00:00+00:00,11588914.291706935
2010-07-02 00:00:00+00:00,11588914.291706935
2010-07-05 00:00:00+00:00,11588914.291706935
2010-07-06 00:00:00+00:00,11588914.291706935
2010-07-07 00:00:00+00:00,11588914.291706935
2010-07-08 00:00:00+00:00,11588914.291706935
2010-07-09 00:00:00+00:00,11588914.291706935
2010-07-12 00:00:00+00:00,11588914.291706935
2010-07-13 00:00:00+00:00,11588914.291706935
2010-07-14 00:00:00+00:00,11588914.291706935
2010-07-15 00:00:00+00:00,11588914.291706935
2010-07-16 00:00:00+00:00,11588914.291706935
2010-07-19 00:00:00+00:00,11588914.291706935
2010-07-20 00:00:00+00:00,11588914.291706935
2010-07-21 00:00:00+00:00,11588914.291706935
2010-07-22 00:00:00+00:00,11588914.291706935
2010-07-23 00:00:00+00:00,11588914.291706935
2010-07-26 00:00:00+00:00,11588914.291706935
2010-07-27 00:00:00+00:00,11588914.291706935
2010-07-28 00:00:00+00:00,11588914.291706935
2010-07-29 00:00:00+00:00,11588914.291706935
2010-07-30 00:00:00+00:00,11588914.291706935
2010-08-02 00:00:00+00:00,11588914.291706935
2010-08-03 00:00:00+00:00,11588914.291706935
2010-08-04 00:00:00+00:00,11588914.291706935
2010-08-05 00:00:00+00:00,11588914.291706935
2010-08-06 00:00:00+00:00,11588914.291706935
2010-08-09 00:00:00+00:00,11588914.291706935
2010-08-10 00:00:00+00:00,11588914.291706935
2010-08-11 00:00:00+00:00,11588914.291706935
2010-08-12 00:00:00+00:00,11588914.291706935
2010-08-13 00:00:00+00:00,11588914.291706935
2010-08-16 00:00:00+00:00,11588914.291706935
2010-08-17 00:00:00+00:00,11588914.291706935
2010-08-18 00:00:00+00:00,11588914.291706935
2010-08-19 00:00:00+00:00,11588914.291706935
2010-08-20 00:00:00+00:00,11588914.291706935
2010-08-23 00:00:00+00:00,11588914.291706935
2010-08-24 00:00:00+00:00,11588914.291706935
2010-08-25 00:00:00+00:00,11588914.291706935
2010-08-26 00:00:00+00:00,11588914.291706935
2010-08-27 00:00:00+00:00,11588914.291706935
2010-08-30 00:00:00+00:00,11588914.291706935
2010-08-31 00:00:00+00:00,11588914.291706935
2010-09-01 00:00:00+00:00,11588914.291706935
2010-09-02 00:00:00+00:00,11588914.291706935
2010-09-03 00:00:00+00:00,11588914.291706935
2010-09-06 00:00:00+00:00,11588914.291706935
2010-09-07 00:00:00+00:00,11588914.291706935
2010-09-08 00:00:00+00:00,11588914.291706935
2010-09-09 00:00:00+00:00,11588914.291706935
2010-09-10 00:00:00+00:00,11588914.291706935
2010-09-13 00:00:00+00:00,11588914.291706935
2010-09-14 00:00:00+00:00,11588914.291706935
2010-09-15 00:00:00+00:00,11588914.291706935
2010-09-16 00:00:00+00:00,11588914.291706935
2010-09-17 00:00:00+00:00,11588914.291706935
2010-09-20 00:00:00+00:00,11588914.291706935
2010-09-21 00:00:00+00:00,11588914.291706935
2010-09-22 00:00:00+00:00,11588914.291706935
2010-09-23 00:00:00+00:00,11588914.291706935
2010-09-24 00:00:00+00:00,11588914.291706935
2010-09-27 00:00:00+00:00,11588914.291706935
2010-09-28 00:00:00+00:00,11588914.291706935
2010-09-29 00:00:00+00:00,11588914.291706935
2010-09-30 00:00:00+00:00,11588914.291706935
2010-10-01 00:00:00+00:00,11588914.291706935
2010-10-04 00:00:00+00:00,11588914.291706935
2010-10-05 00:00:00+00:00,11588914.291706935
2010-10-06 00:00:00+00:00,11588914.291706935
2010-10-07 00:00:00+00:00,11588914.291706935
2010-10-08 00:00:00+00:00,11588914.291706935
2010-10-11 00:00:00+00:00,11588914.291706935
2010-10-12 00:00:00+00:00,11588914.291706935
2010-10-13 00:00:00+00:00,11588914.291706935
2010-10-14 00:00:00+00:00,11588914.291706935
2010-10-15 00:00:00+00:00,11588914.291706935
2010-10-18 00:00:00+00:00,11588914.291706935
2010-10-19 00:00:00+00:00,11588914.291706935
2010-10-20 00:00:00+00:00,11588914.291706935
2010-10-21 00:00:00+00:00,11588914.291706935
2010-10-22 00:00:00+00:00,11588914.291706935
2010-10-25 00:00:00+00:00,11588914.291706935
2010-10-26 00:00:00+00:00,11588914.291706935
2010-10-27 00:00:00+00:00,11588914.291706935
2010-10-28 00:00:00+00:00,11588914.291706935
2010-10-29 00:00:00+00:00,11588914.291706935
2010-11-01 00:00:00+00:00,11588914.291706935
2010-11-02 00:00:00+00:00,11588914.291706935
2010-11-03 00:00:00+00:00,11588914.291706935
2010-11-04 00:00:00+00:00,11588914.291706935
2010-11-05 00:00:00+00:00,11588914.291706935
2010-11-08 00:00:00+00:00,11588914.291706935
2010-11-09 00:00:00+00:00,11588914.291706935
2010-11-10 00:00:00+00:00,11588914.291706935
2010-11-11 00:00:00+00:00,11588914.291706935
2010-11-12 00:00:00+00:00,11588914.291706935
2010-11-15 00:00:00+00:00,11588914.291706935
2010-11-16 00:00:00+00:00,11588914.291706935
2010-11-17 00:00:00+00:00,11588914.291706935
2010-11-18 00:00:00+00:00,11588914.291706935
2010-11-19 00:00:00+00:00,11588914.291706935
2010-11-22 00:00:00+00:00,11588914.291706935
2010-11-23 00:00:00+00:00,11588914.291706935
2010-11-24 00:00:00+00:00,11588914.291706935
2010-11-25 00:00:00+00:00,11588914.291706935
2010-11-26 00:00:00+00:00,11588914.291706935
2010-11-29 00:00:00+00:00,11588914.291706935
2010-11-30 00:00:00+00:00,11588914.291706935
2010-12-01 00:00:00+00:00,11588914.291706935
2010-12-02 00:00:00+00:00,11588914.291706935
2010-12-03 00:00:00+00:00,11588914.291706935
2010-12-06 00:00:00+00:00,11588914.291706935
2010-12-07 00:00:00+00:00,11588914.291706935
2010-12-08 00:00:00+00:00,11588914.291706935
2010-12-09 00:00:00+00:00,11588914.291706935
2010-12-10 00:00:00+00:00,11588914.291706935
2010-12-13 00:00:00+00:00,11588914.291706935
2010-12-14 00:00:00+00:00,11588914.291706935
2010-12-15 00:00:00+00:00,11588914.291706935
2010-12-16 00:00:00+00:00,11588914.291706935
2010-12-17 00:00:00+00:00,11588914.291706935
2010-12-20 00:00:00+00:00,11588914.291706935
2010-12-21 00:00:00+00:00,11588914.291706935
2010-12-22 00:00:00+00:00,11588914.291706935
2010-12-23 00:00:00+00:00,11588914.291706935
2010-12-24 00:00:00+00:00,11588914.291706935
2010-12-27 00:00:00+00:00,11588914.291706935
2010-12-28 00:00:00+00:00,11588914.291706935
2010-12-29 00:00:00+00:00,11588914.291706935
2010-12-30 00:00:00+00:00,11588914.291706935
2010-12-31 00:00:00+00:00,11588914.291706935
2011-01-03 00:00:00+00:00,11588914.291706935
2011-01-04 00:00:00+00:00,11588914.291706935
2011-01-05 00:00:00+00:00,11588914.291706935
2011-01-06 00:00:00+00:00,11588914.291706935
2011-01-07 00:00:00+00:00,11588914.291706935
2011-01-10 00:00:00+00:00,11588914.291706935
2011-01-11 00:00:00+00:00,11588914.291706935
2011-01-12 00:00:00+00:00,11588914.291706935
2011-01-13 00:00:00+00:00,11588914.291706935
2011-01-14 00:00:00+00:00,11588914.291706935
2011-01-17 00:00:00+00:00,11588914.291706935
2011-01-18 00:00:00+00:00,11588914.291706935
2011-01-19 00:00:00+00:00,11588914.291706935
2011-01-20 00:00:00+00:00,11588914.291706935
2011-01-21 00:00:00+00:00,11588914.291706935
2011-01-24 00:00:00+00:00,11588914.291706935
2011-01-25 00:00:00+00:00,11588914.291706935
2011-01-26 00:00:00+00:00,11588914.291706935
2011-01-27 00:00:00+00:00,11588914.291706935
2011-01-28 00:00:00+00:00,11588914.291706935
2011-01-31 00:00:00+00:00,11588914.291706935
2011-02-01 00:00:00+00:00,11588914.291706935
2011-02-02 00:00:00+00:00,11588914.291706935
2011-02-03 00:00:00+00:00,11588914.291706935
2011-02-04 00:00:00+00:00,11588914.291706935
2011-02-07 00:00:00+00:00,11588914.291706935
2011-02-08 00:00:00+00:00,11588914.291706935
2011-02-09 00:00:00+00:00,11588914.291706935
2011-02-10 00:00:00+00:00,11588914.291706935
2011-02-11 00:00:00+00:00,11588914.291706935
2011-02-14 00:00:00+00:00,11588914.291706935
2011-02-15 00:00:00+00:00,11588914.291706935
2011-02-16 00:00:00+00:00,11588914.291706935
2011-02-17 00:00:00+00:00,11588914.291706935
2011-02-18 00:00:00+00:00,11588914.291706935
2011-02-21 00:00:00+00:00,11588914.291706935
2011-02-22 00:00:00+00:00,11588914.291706935
2011-02-23 00:00:00+00:00,11588914.291706935
2011-02-24 00:00:00+00:00,11588914.291706935
2011-02-25 00:00:00+00:00,11588914.291706935
2011-02-28 00:00:00+00:00,11588914.291706935
2011-03-01 00:00:00+00:00,11588914.291706935
2011-03-02 00:00:00+00:00,11588914.291706935
2011-03-03 00:00:00+00:00,11588914.291706935
2011-03-04 00:00:00+00:00,11588914.291706935
2011-03-07 00:00:00+00:00,11588914.291706935
2011-03-08 00:00:00+00:00,11588914.291706935
2011-03-09 00:00:00+00:00,11588914.291706935
2011-03-10 00:00:00+00:00,11588914.291706935
2011-03-11 00:00:00+00:00,11588914.291706935
2011-03-14 00:00:00+00:00,11588914.291706935
2011-03-15 00:00:00+00:00,11588914.291706935
2011-03-16 00:00:00+00:00,11588914.291706935
2011-03-17 00:00:00+00:00,11588914.291706935
2011-03-18 00:00:00+00:00,11588914.291706935
2011-03-21 00:00:00+00:00,11588914.291706935
2011-03-22 00:00:00+00:00,11588914.291706935
2011-03-23 00:00:00+00:00,11588914.291706935
2011-03-24 00:00:00+00:00,11588914.291706935
2011-03-25 00:00:00+00:00,11588914.291706935
2011-03-28 00:00:00+00:00,11588914.291706935
2011-03-29 00:00:00+00:00,11588914.291706935
2011-03-30 00:00:00+00:00,11588914.291706935
2011-03-31 00:00:00+00:00,11588914.291706935
2011-04-01 00:00:00+00:00,11588914.291706935
2011-04-04 00:00:00+00:00,11588914.291706935
2011-04-05 00:00:00+00:00,11588914.291706935
2011-04-06 00:00:00+00:00,11588914.291706935
2011-04-07 00:00:00+00:00,11588914.291706935
2011-04-08 00:00:00+00:00,11588914.291706935
2011-04-11 00:00:00+00:00,11588914.291706935
2011-04-12 00:00:00+00:00,11588914.291706935
2011-04-13 00:00:00+00:00,11588914.291706935
2011-04-14 00:00:00+00:00,11588914.291706935
2011-04-15 00:00:00+00:00,11588914.291706935
2011-04-18 00:00:00+00:00,11588914.291706935
2011-04-19 00:00:00+00:00,11588914.291706935
2011-04-20 00:00:00+00:00,11588914.291706935
2011-04-21 00:00:00+00:00,11588914.291706935
2011-04-25 00:00:00+00:00,11588914.291706935
2011-04-26 00:00:00+00:00,11588914.291706935
2011-04-27 00:00:00+00:00,11588914.291706935
2011-04-28 00:00:00+00:00,11588914.291706935
2011-04-29 00:00:00+00:00,11588914.291706935
2011-05-02 00:00:00+00:00,11588914.291706935
2011-05-03 00:00:00+00:00,11588914.291706935
2011-05-04 00:00:00+00:00,11588914.291706935
2011-05-05 00:00:00+00:00,11588914.291706935
2011-05-06 00:00:00+00:00,11588914.291706935
2011-05-09 00:00:00+00:00,11588914.291706935
2011-05-10 00:00:00+00:00,11588914.291706935
2011-05-11 00:00:00+00:00,11588914.291706935
2011-05-12 00:00:00+00:00,11588914.291706935
2011-05-13 00:00:00+00:00,11588914.291706935
2011-05-16 00:00:00+00:00,11588914.291706935
2011-05-17 00:00:00+00:00,11588914.291706935
2011-05-18 00:00:00+00:00,11588914.291706935
2011-05-19 00:00:00+00:00,11588914.291706935
2011-05-20 00:00:00+00:00,11588914.291706935
2011-05-23 00:00:00+00:00,11588914.291706935
2011-05-24 00:00:00+00:00,11588914.291706935
2011-05-25 00:00:00+00:00,11588914.291706935
2011-05-26 00:00:00+00:00,11588914.291706935
2011-05-27 00:00:00+00:00,11588914.291706935
2011-05-30 00:00:00+00:00,11588914.291706935
2011-05-31 00:00:00+00:00,11588914.291706935
2011-06-01 00:00:00+00:00,11588914.291706935
2011-06-02 00:00:00+00:00,11588914.291706935
2011-06-03 00:00:00+00:00,11588914.291706935
2011-06-06 00:00:00+00:00,11588914.291706935
2011-06-07 00:00:00+00:00,11588914.291706935
2011-06-08 00:00:00+00:00,11588914.291706935
2011-06-09 00:00:00+00:00,11588914.291706935
2011-06-10 00:00:00+00:00,11588914.291706935
2011-06-13 00:00:00+00:00,11588914.291706935
2011-06-14 00:00:00+00:00,11588914.291706935
2011-06-15 00:00:00+00:00,11588914.291706935
2011-06-16 00:00:00+00:00,11588914.291706935
2011-06-17 00:00:00+00:00,11588914.291706935
2011-06-20 00:00:00+00:00,11588914.291706935
2011-06-21 00:00:00+00:00,11588914.291706935
2011-06-22 00:00:00+00:00,11588914.291706935
2011-06-23 00:00:00+00:00,11588914.291706935
2011-06-24 00:00:00+00:00,11588914.291706935
2011-06-27 00:00:00+00:00,11588914.291706935
2011-06-28 00:00:00+00:00,11588914.291706935
2011-06-29 00:00:00+00:00,11588914.291706935
2011-06-30 00:00:00+00:00,11588914.291706935
2011-07-01 00:00:00+00:00,11588914.291706935
2011-07-04 00:00:00+00:00,11588914.291706935
2011-07-05 00:00:00+00:00,11588914.291706935
2011-07-06 00:00:00+00:00,11588914.291706935
2011-07-07 00:00:00+00:00,11588914.291706935
2011-07-08 00:00:00+00:00,11588914.291706935
2011-07-11 00:00:00+00:00,11588914.291706935
2011-07-12 00:00:00+00:00,11588914.291706935
2011-07-13 00:00:00+00:00,11588914.291706935
2011-07-14 00:00:00+00:00,11588914.291706935
2011-07-15 00:00:00+00:00,11588914.291706935
2011-07-18 00:00:00+00:00,11588914.291706935
2011-07-19 00:00:00+00:00,11588914.291706935
2011-07-20 00:00:00+00:00,11588914.291706935
2011-07-21 00:00:00+00:00,11588914.291706935
2011-07-22 00:00:00+00:00,11588914.291706935
2011-07-25 00:00:00+00:00,11588914.291706935
2011-07-26 00:00:00+00:00,11588914.291706935
2011-07-27 00:00:00+00:00,11588914.291706935
2011-07-28 00:00:00+00:00,11588914.291706935
2011-07-29 00:00:00+00:00,11588914.291706935
2011-08-01 00:00:00+00:00,11588914.291706935
2011-08-02 00:00:00+00:00,11588914.291706935
2011-08-03 00:00:00+00:00,11588914.291706935
2011-08-04 00:00:00+00:00,11588914.291706935
2011-08-05 00:00:00+00:00,11588914.291706935
2011-08-08 00:00:00+00:00,11588914.291706935
2011-08-09 00:00:00+00:00,11588914.291706935
2011-08-10 00:00:00+00:00,11588914.291706935
2011-08-11 00:00:00+00:00,11588914.291706935
2011-08-12 00:00:00+00:00,11588914.291706935
2011-08-15 00:00:00+00:00,11588914.291706935
2011-08-16 00:00:00+00:00,11588914.291706935
2011-08-17 00:00:00+00:00,11588914.291706935
2011-08-18 00:00:00+00:00,11588914.291706935
2011-08-19 00:00:00+00:00,11588914.291706935
2011-08-22 00:00:00+00:00,11588914.291706935
2011-08-23 00:00:00+00:00,11588914.291706935
2011-08-24 00:00:00+00:00,11588914.291706935
2011-08-25 00:00:00+00:00,11588914.291706935
2011-08-26 00:00:00+00:00,11588914.291706935
2011-08-29 00:00:00+00:00,11588914.291706935
2011-08-30 00:00:00+00:00,11588914.291706935
2011-08-31 00:00:00+00:00,11588914.291706935
2011-09-01 00:00:00+00:00,11588914.291706935
2011-09-02 00:00:00+00:00,11588914.291706935
2011-09-05 00:00:00+00:00,11588914.291706935
2011-09-06 00:00:00+00:00,11588914.291706935
2011-09-07 00:00:00+00:00,11588914.291706935
2011-09-08 00:00:00+00:00,11588914.291706935
2011-09-09 00:00:00+00:00,11588914.291706935
2011-09-12 00:00:00+00:00,11588914.291706935
2011-09-13 00:00:00+00:00,11588914.291706935
2011-09-14 00:00:00+00:00,11588914.291706935
2011-09-15 00:00:00+00:00,11588914.291706935
2011-09-16 00:00:00+00:00,11588914.291706935
2011-09-19 00:00:00+00:00,11588914.291706935
2011-09-20 00:00:00+00:00,11588914.291706935
2011-09-21 00:00:00+00:00,11588914.291706935
2011-09-22 00:00:00+00:00,11588914.291706935
2011-09-23 00:00:00+00:00,11588914.291706935
2011-09-26 00:00:00+00:00,11588914.291706935
2011-09-27 00:00:00+00:00,11588914.291706935
2011-09-28 00:00:00+00:00,11588914.291706935
2011-09-29 00:00:00+00:00,11588914.291706935
2011-09-30 00:00:00+00:00,11588914.291706935
2011-10-03 00:00:00+00:00,11588914.291706935
2011-10-04 00:00:00+00:00,11588914.291706935
2011-10-05 00:00:00+00:00,11588914.291706935
2011-10-06 00:00:00+00:00,11588914.291706935
2011-10-07 00:00:00+00:00,11588914.291706935
2011-10-10 00:00:00+00:00,11588914.291706935
2011-10-11 00:00:00+00:00,11588914.291706935
2011-10-12 00:00:00+00:00,11588914.291706935
2011-10-13 00:00:00+00:00,11588914.291706935
2011-10-14 00:00:00+00:00,11588914.291706935
2011-10-17 00:00:00+00:00,11588914.291706935
2011-10-18 00:00:00+00:00,11588914.291706935
2011-10-19 00:00:00+00:00,11588914.291706935
2011-10-20 00:00:00+00:00,11588914.291706935
2011-10-21 00:00:00+00:00,11588914.291706935
2011-10-24 00:00:00+00:00,11588914.291706935
2011-10-25 00:00:00+00:00,11588914.291706935
2011-10-26 00:00:00+00:00,11588914.291706935
2011-10-27 00:00:00+00:00,11588914.291706935
2011-10-28 00:00:00+00:00,11588914.291706935
2011-10-31 00:00:00+00:00,11588914.291706935
2011-11-01 00:00:00+00:00,11588914.291706935
2011-11-02 00:00:00+00:00,11588914.291706935
2011-11-03 00:00:00+00:00,11588914.291706935
2011-11-04 00:00:00+00:00,11588914.291706935
2011-11-07 00:00:00+00:00,11588914.291706935
2011-11-08 00:00:00+00:00,11588914.291706935
2011-11-09 00:00:00+00:00,11588914.291706935
2011-11-10 00:00:00+00:00,11588914.291706935
2011-11-11 00:00:00+00:00,11588914.291706935
2011-11-14 00:00:00+00:00,11588914.291706935
2011-11-15 00:00:00+00:00,11588914.291706935
2011-11-16 00:00:00+00:00,11588914.291706935
2011-11-17 00:00:00+00:00,11588914.291706935
2011-11-18 00:00:00+00:00,11588914.291706935
2011-11-21 00:00:00+00:00,11588914.291706935
2011-11-22 00:00:00+00:00,11588914.291706935
2011-11-23 00:00:00+00:00,11588914.291706935
2011-11-24 00:00:00+00:00,11588914.291706935
2011-11-25 00:00:00+00:00,11588914.291706935
2011-11-28 00:00:00+00:00,11588914.291706935
2011-11-29 00:00:00+00:00,11588914.291706935
2011-11-30 00:00:00+00:00,11588914.291706935
2011-12-01 00:00:00+00:00,11588914.291706935
2011-12-02 00:00:00+00:00,11588914.291706935
2011-12-05 00:00:00+00:00,11588914.291706935
2011-12-06 00:00:00+00:00,11588914.291706935
2011-12-07 00:00:00+00:00,11588914.291706935
2011-12-08 00:00:00+00:00,11588914.291706935
2011-12-09 00:00:00+00:00,11588914.291706935
2011-12-12 00:00:00+00:00,11588914.291706935
2011-12-13 00:00:00+00:00,11588914.291706935
2011-12-14 00:00:00+00:00,11588914.291706935
2011-12-15 00:00:00+00:00,11588914.291706935
2011-12-16 00:00:00+00:00,11588914.291706935
2011-12-19 00:00:00+00:00,11588914.291706935
2011-12-20 00:00:00+00:00,11588914.291706935
2011-12-21 00:00:00+00:00,11588914.291706935
2011-12-22 00:00:00+00:00,11588914.291706935
2011-12-23 00:00:00+00:00,11588914.291706935
2011-12-26 00:00:00+00:00,11588914.291706935
2011-12-27 00:00:00+00:00,11588914.291706935
2011-12-28 00:00:00+00:00,11588914.291706935
2011-12-29 00:00:00+00:00,11588914.291706935
2011-12-30 00:00:00+00:00,11588914.291706935
2012-01-02 00:00:00+00:00,11588914.291706935
2012-01-03 00:00:00+00:00,11588914.291706935
2012-01-04 00:00:00+00:00,11588914.291706935
2012-01-05 00:00:00+00:00,11588914.291706935
2012-01-06 00:00:00+00:00,11588914.291706935
2012-01-09 00:00:00+00:00,11588914.291706935
2012-01-10 00:00:00+00:00,11588914.291706935
2012-01-11 00:00:00+00:00,11588914.291706935
2012-01-12 00:00:00+00:00,11588914.291706935
2012-01-13 00:00:00+00:00,11588914.291706935
2012-01-16 00:00:00+00:00,11588914.291706935
2012-01-17 00:00:00+00:00,11588914.291706935
2012-01-18 00:00:00+00:00,11588914.291706935
2012-01-19 00:00:00+00:00,11588914.291706935
2012-01-20 00:00:00+00:00,11588914.291706935
2012-01-23 00:00:00+00:00,11588914.291706935
2012-01-24 00:00:00+00:00,11588914.291706935
2012-01-25 00:00:00+00:00,11588914.291706935
2012-01-26 00:00:00+00:00,11588914.291706935
2012-01-27 00:00:00+00:00,11588914.291706935
2012-01-30 00:00:00+00:00,11588914.291706935
2012-01-31 00:00:00+00:00,11588914.291706935
2012-02-01 00:00:00+00:00,11588914.291706935
2012-02-02 00:00:00+00:00,11588914.291706935
2012-02-03 00:00:00+00:00,11588914.291706935
2012-02-06 00:00:00+00:00,11588914.291706935
2012-02-07 00:00:00+00:00,11588914.291706935
2012-02-08 00:00:00+00:00,11588914.291706935
2012-02-09 00:00:00+00:00,11588914.291706935
2012-02-10 00:00:00+00:00,11588914.291706935
2012-02-13 00:00:00+00:00,11588914.291706935
2012-02-14 00:00:00+00:00,11588914.291706935
2012-02-15 00:00:00+00:00,11588914.291706935
2012-02-16 00:00:00+00:00,11588914.291706935
2012-02-17 00:00:00+00:00,11588914.291706935
2012-02-21 00:00:00+00:00,11588914.291706935
2012-02-22 00:00:00+00:00,11588914.291706935
2012-02-23 00:00:00+00:00,11588914.291706935
2012-02-24 00:00:00+00:00,11588914.291706935
2012-02-27 00:00:00+00:00,11588914.291706935
2012-02-28 00:00:00+00:00,11588914.291706935
2012-02-29 00:00:00+00:00,11588914.291706935
2012-03-01 00:00:00+00:00,11588914.291706935
2012-03-02 00:00:00+00:00,11588914.291706935
2012-03-05 00:00:00+00:00,11588914.291706935
2012-03-06 00:00:00+00:00,11588914.291706935
2012-03-07 00:00:00+00:00,11588914.291706935
2012-03-08 00:00:00+00:00,11588914.291706935
2012-03-09 00:00:00+00:00,11588914.291706935
2012-03-12 00:00:00+00:00,11588914.291706935
2012-03-13 00:00:00+00:00,11588914.291706935
2012-03-14 00:00:00+00:00,11588914.291706935
2012-03-15 00:00:00+00:00,11588914.291706935
2012-03-16 00:00:00+00:00,11588914.291706935
2012-03-19 00:00:00+00:00,11588914.291706935
2012-03-20 00:00:00+00:00,11588914.291706935
2012-03-21 00:00:00+00:00,11588914.291706935
2012-03-22 00:00:00+00:00,11588914.291706935
2012-03-23 00:00:00+00:00,11588914.291706935
2012-03-26 00:00:00+00:00,11588914.291706935
2012-03-27 00:00:00+00:00,11588914.291706935
2012-03-28 00:00:00+00:00,11588914.291706935
2012-03-29 00:00:00+00:00,11588914.291706935
2012-03-30 00:00:00+00:00,11588914.291706935
2012-04-02 00:00:00+00:00,11588914.291706935
2012-04-03 00:00:00+00:00,11588914.291706935
2012-04-04 00:00:00+00:00,11588914.291706935
2012-04-05 00:00:00+00:00,11588914.291706935
2012-04-09 00:00:00+00:00,11588914.291706935
2012-04-10 00:00:00+00:00,11588914.291706935
2012-04-11 00:00:00+00:00,11588914.291706935
2012-04-12 00:00:00+00:00,11588914.291706935
2012-04-13 00:00:00+00:00,11588914.291706935
2012-04-16 00:00:00+00:00,11588914.291706935
2012-04-17 00:00:00+00:00,11588914.291706935
2012-04-18 00:00:00+00:00,11588914.291706935
2012-04-19 00:00:00+00:00,11588914.291706935
2012-04-20 00:00:00+00:00,11588914.291706935
2012-04-23 00:00:00+00:00,11588914.291706935
2012-04-24 00:00:00+00:00,11588914.291706935
2012-04-25 00:00:00+00:00,11588914.291706935
2012-04-26 00:00:00+00:00,11588914.291706935
2012-04-27 00:00:00+00:00,11588914.291706935
2012-04-30 00:00:00+00:00,11588914.291706935
2012-05-01 00:00:00+00:00,11588914.291706935
2012-05-02 00:00:00+00:00,11588914.291706935
2012-05-03 00:00:00+00:00,11588914.291706935
2012-05-04 00:00:00+00:00,11588914.291706935
2012-05-07 00:00:00+00:00,11588914.291706935
2012-05-08 00:00:00+00:00,11588914.291706935
2012-05-09 00:00:00+00:00,11588914.291706935
2012-05-10 00:00:00+00:00,11588914.291706935
2012-05-11 00:00:00+00:00,11588914.291706935
2012-05-14 00:00:00+00:00,11588914.291706935
2012-05-15 00:00:00+00:00,11588914.291706935
2012-05-16 00:00:00+00:00,11588914.291706935
2012-05-17 00:00:00+00:00,11588914.291706935
2012-05-18 00:00:00+00:00,11588914.291706935
2012-05-21 00:00:00+00:00,11588914.291706935
2012-05-22 00:00:00+00:00,11588914.291706935
2012-05-23 00:00:00+00:00,11588914.291706935
2012-05-24 00:00:00+00:00,11588914.291706935
2012-05-25 00:00:00+00:00,11588914.291706935
2012-05-28 00:00:00+00:00,11588914.291706935
2012-05-29 00:00:00+00:00,11588914.291706935
2012-05-30 00:00:00+00:00,11588914.291706935
2012-05-31 00:00:00+00:00,11588914.291706935
2012-06-01 00:00:00+00:00,11588914.291706935
2012-06-04 00:00:00+00:00,11588914.291706935
2012-06-05 00:00:00+00:00,11588914.291706935
2012-06-06 00:00:00+00:00,11588914.291706935
2012-06-07 00:00:00+00:00,11588914.291706935
2012-06-08 00:00:00+00:00,11588914.291706935
2012-06-11 00:00:00+00:00,11588914.291706935
2012-06-12 00:00:00+00:00,11588914.291706935
2012-06-13 00:00:00+00:00,11588914.291706935
2012-06-14 00:00:00+00:00,11588914.291706935
2012-06-15 00:00:00+00:00,11588914.291706935
2012-06-18 00:00:00+00:00,11588914.291706935
2012-06-19 00:00:00+00:00,11588914.291706935
2012-06-20 00:00:00+00:00,11588914.291706935
2012-06-21 00:00:00+00:00,11588914.291706935
2012-06-22 00:00:00+00:00,11588914.291706935
2012-06-25 00:00:00+00:00,11588914.291706935
2012-06-26 00:00:00+00:00,11588914.291706935
2012-06-27 00:00:00+00:00,11588914.291706935
2012-06-28 00:00:00+00:00,11588914.291706935
2012-06-29 00:00:00+00:00,11588914.291706935
2012-07-02 00:00:00+00:00,11588914.291706935
2012-07-03 00:00:00+00:00,11588914.291706935
2012-07-04 00:00:00+00:00,11588914.291706935
2012-07-05 00:00:00+00:00,11588914.291706935
2012-07-06 00:00:00+00:00,11588914.291706935
2012-07-09 00:00:00+00:00,11588914.291706935
2012-07-10 00:00:00+00:00,11588914.291706935
2012-07-11 00:00:00+00:00,11588914.291706935
2012-07-12 00:00:00+00:00,11588914.291706935
2012-07-13 00:00:00+00:00,11588914.291706935
2012-07-16 00:00:00+00:00,11588914.291706935
2012-07-17 00:00:00+00:00,11588914.291706935
2012-07-18 00:00:00+00:00,11588914.291706935
2012-07-19 00:00:00+00:00,11588914.291706935
2012-07-20 00:00:00+00:00,11588914.291706935
2012-07-23 00:00:00+00:00,11588914.291706935
2012-07-24 00:00:00+00:00,11588914.291706935
2012-07-25 00:00:00+00:00,11588914.291706935
2012-07-26 00:00:00+00:00,11588914.291706935
2012-07-27 00:00:00+00:00,11588914.291706935
2012-07-30 00:00:00+00:00,11588914.291706935
2012-07-31 00:00:00+00:00,11588914.291706935
2012-08-01 00:00:00+00:00,11588914.291706935
2012-08-02 00:00:00+00:00,11588914.291706935
2012-08-03 00:00:00+00:00,11588914.291706935
2012-08-06 00:00:00+00:00,11588914.291706935
2012-08-07 00:00:00+00:00,11588914.291706935
2012-08-08 00:00:00+00:00,11588914.291706935
2012-08-09 00:00:00+00:00,11588914.291706935
2012-08-10 00:00:00+00:00,11588914.291706935
2012-08-13 00:00:00+00:00,11588914.291706935
2012-08-14 00:00:00+00:00,11588914.291706935
2012-08-15 00:00:00+00:00,11588914.291706935
2012-08-16 00:00:00+00:00,11588914.291706935
2012-08-17 00:00:00+00:00,11588914.291706935
2012-08-20 00:00:00+00:00,11588914.291706935
2012-08-21 00:00:00+00:00,11588914.291706935
2012-08-22 00:00:00+00:00,11588914.291706935
2012-08-23 00:00:00+00:00,11588914.291706935
2012-08-24 00:00:00+00:00,11588914.291706935
2012-08-27 00:00:00+00:00,11588914.291706935
2012-08-28 00:00:00+00:00,11588914.291706935
2012-08-29 00:00:00+00:00,11588914.291706935
2012-08-30 00:00:00+00:00,11588914.291706935
2012-08-31 00:00:00+00:00,11588914.291706935
2012-09-03 00:00:00+00:00,11588914.291706935
2012-09-04 00:00:00+00:00,11588914.291706935
2012-09-05 00:00:00+00:00,11588914.291706935
2012-09-06 00:00:00+00:00,11588914.291706935
2012-09-07 00:00:00+00:00,11588914.291706935
2012-09-10 00:00:00+00:00,11588914.291706935
2012-09-11 00:00:00+00:00,11588914.291706935
2012-09-12 00:00:00+00:00,11588914.291706935
2012-09-13 00:00:00+00:00,11588914.291706935
2012-09-14 00:00:00+00:00,11588914.291706935
2012-09-17 00:00:00+00:00,11588914.291706935
2012-09-18 00:00:00+00:00,11588914.291706935
2012-09-19 00:00:00+00:00,11588914.291706935
2012-09-20 00:00:00+00:00,11588914.291706935
2012-09-21 00:00:00+00:00,11588914.291706935
2012-09-24 00:00:00+00:00,11588914.291706935
2012-09-25 00:00:00+00:00,11588914.291706935
2012-09-26 00:00:00+00:00,11588914.291706935
2012-09-27 00:00:00+00:00,11588914.291706935
2012-09-28 00:00:00+00:00,11588914.291706935
2012-10-01 00:00:00+00:00,11588914.291706935
2012-10-02 00:00:00+00:00,11588914.291706935
2012-10-03 00:00:00+00:00,11588914.291706935
2012-10-04 00:00:00+00:00,11588914.291706935
2012-10-05 00:00:00+00:00,11588914.291706935
2012-10-08 00:00:00+00:00,11588914.291706935
2012-10-09 00:00:00+00:00,11588914.291706935
2012-10-10 00:00:00+00:00,11588914.291706935
2012-10-11 00:00:00+00:00,11588914.291706935
2012-10-12 00:00:00+00:00,11588914.291706935
2012-10-15 00:00:00+00:00,11588914.291706935
2012-10-16 00:00:00+00:00,11588914.291706935
2012-10-17 00:00:00+00:00,11588914.291706935
2012-10-18 00:00:00+00:00,11588914.291706935
2012-10-19 00:00:00+00:00,11588914.291706935
2012-10-22 00:00:00+00:00,11588914.291706935
2012-10-23 00:00:00+00:00,11588914.291706935
2012-10-24 00:00:00+00:00,11588914.291706935
2012-10-25 00:00:00+00:00,11588914.291706935
2012-10-26 00:00:00+00:00,11588914.291706935
2012-10-29 00:00:00+00:00,11588914.291706935
2012-10-30 00:00:00+00:00,11588914.291706935
2012-10-31 00:00:00+00:00,11588914.291706935
2012-11-01 00:00:00+00:00,11588914.291706935
2012-11-02 00:00:00+00:00,11588914.291706935
2012-11-05 00:00:00+00:00,11588914.291706935
2012-11-06 00:00:00+00:00,11588914.291706935
2012-11-07 00:00:00+00:00,11588914.291706935
2012-11-08 00:00:00+00:00,11588914.291706935
2012-11-09 00:00:00+00:00,11588914.291706935
2012-11-12 00:00:00+00:00,11588914.291706935
2012-11-13 00:00:00+00:00,11588914.291706935
2012-11-14 00:00:00+00:00,11588914.291706935
2012-11-15 00:00:00+00:00,11588914.291706935
2012-11-16 00:00:00+00:00,11588914.291706935
2012-11-19 00:00:00+00:00,11588914.291706935
2012-11-20 00:00:00+00:00,11588914.291706935
2012-11-21 00:00:00+00:00,11588914.291706935
2012-11-22 00:00:00+00:00,11588914.291706935
2012-11-23 00:00:00+00:00,11588914.291706935
2012-11-26 00:00:00+00:00,11588914.291706935
2012-11-27 00:00:00+00:00,11588914.291706935
2012-11-28 00:00:00+00:00,11588914.291706935
2012-11-29 00:00:00+00:00,11588914.291706935
2012-11-30 00:00:00+00:00,11588914.291706935
2012-12-03 00:00:00+00:00,11588914.291706935
2012-12-04 00:00:00+00:00,11588914.291706935
2012-12-05 00:00:00+00:00,11588914.291706935
2012-12-06 00:00:00+00:00,11588914.291706935
2012-12-07 00:00:00+00:00,11588914.291706935
2012-12-10 00:00:00+00:00,11588914.291706935
2012-12-11 00:00:00+00:00,11588914.291706935
2012-12-12 00:00:00+00:00,11588914.291706935
2012-12-13 00:00:00+00:00,11588914.291706935
2012-12-14 00:00:00+00:00,11588914.291706935
2012-12-17 00:00:00+00:00,11588914.291706935
2012-12-18 00:00:00+00:00,11588914.291706935
2012-12-19 00:00:00+00:00,11588914.291706935
2012-12-20 00:00:00+00:00,11588914.291706935
2012-12-21 00:00:00+00:00,11588914.291706935
2012-12-24 00:00:00+00:00,11588914.291706935
2012-12-26 00:00:00+00:00,11588914.291706935
2012-12-27 00:00:00+00:00,11588914.291706935
2012-12-28 00:00:00+00:00,11588914.291706935
2012-12-31 00:00:00+00:00,11588914.291706935
2013-01-01 00:00:00+00:00,11588914.291706935
2013-01-02 00:00:00+00:00,11588914.291706935
2013-01-03 00:00:00+00:00,11588914.291706935
2013-01-04 00:00:00+00:00,11588914.291706935
2013-01-07 00:00:00+00:00,11588914.291706935
2013-01-08 00:00:00+00:00,11588914.291706935
2013-01-09 00:00:00+00:00,11588914.291706935
2013-01-10 00:00:00+00:00,11588914.291706935
2013-01-11 00:00:00+00:00,11588914.291706935
2013-01-14 00:00:00+00:00,11588914.291706935
2013-01-15 00:00:00+00:00,11588914.291706935
2013-01-16 00:00:00+00:00,11588914.291706935
2013-01-17 00:00:00+00:00,11588914.291706935
2013-01-18 00:00:00+00:00,11588914.291706935
2013-01-21 00:00:00+00:00,11588914.291706935
2013-01-22 00:00:00+00:00,11588914.291706935
2013-01-23 00:00:00+00:00,11588914.291706935
2013-01-24 00:00:00+00:00,11588914.291706935
2013-01-25 00:00:00+00:00,11588914.291706935
2013-01-28 00:00:00+00:00,11588914.291706935
2013-01-29 00:00:00+00:00,11588914.291706935
2013-01-30 00:00:00+00:00,11588914.291706935
2013-01-31 00:00:00+00:00,11588914.291706935
2013-02-01 00:00:00+00:00,11588914.291706935
2013-02-04 00:00:00+00:00,11588914.291706935
2013-02-05 00:00:00+00:00,11588914.291706935
2013-02-06 00:00:00+00:00,11588914.291706935
2013-02-07 00:00:00+00:00,11588914.291706935
2013-02-08 00:00:00+00:00,11588914.291706935
2013-02-11 00:00:00+00:00,11588914.291706935
2013-02-12 00:00:00+00:00,11588914.291706935
2013-02-13 00:00:00+00:00,11588914.291706935
2013-02-14 00:00:00+00:00,11588914.291706935
2013-02-15 00:00:00+00:00,11588914.291706935
2013-02-18 00:00:00+00:00,11588914.291706935
2013-02-19 00:00:00+00:00,11588914.291706935
2013-02-20 00:00:00+00:00,11588914.291706935
2013-02-21 00:00:00+00:00,11588914.291706935
2013-02-22 00:00:00+00:00,11588914.291706935
2013-02-25 00:00:00+00:00,11588914.291706935
2013-02-26 00:00:00+00:00,11588914.291706935
2013-02-27 00:00:00+00:00,11588914.291706935
2013-02-28 00:00:00+00:00,11588914.291706935
2013-03-01 00:00:00+00:00,11588914.291706935
2013-03-04 00:00:00+00:00,11588914.291706935
2013-03-05 00:00:00+00:00,11588914.291706935
2013-03-06 00:00:00+00:00,11588914.291706935
2013-03-07 00:00:00+00:00,11588914.291706935
2013-03-08 00:00:00+00:00,11588914.291706935
2013-03-11 00:00:00+00:00,11588914.291706935
2013-03-12 00:00:00+00:00,11588914.291706935
2013-03-13 00:00:00+00:00,11588914.291706935
2013-03-14 00:00:00+00:00,11588914.291706935
2013-03-15 00:00:00+00:00,11588914.291706935
2013-03-18 00:00:00+00:00,11588914.291706935
2013-03-19 00:00:00+00:00,11588914.291706935
2013-03-20 00:00:00+00:00,11588914.291706935
2013-03-21 00:00:00+00:00,11588914.291706935
2013-03-22 00:00:00+00:00,11588914.291706935
2013-03-25 00:00:00+00:00,11588914.291706935
2013-03-26 00:00:00+00:00,11588914.291706935
2013-03-27 00:00:00+00:00,11588914.291706935
2013-03-28 00:00:00+00:00,11588914.291706935
2013-04-01 00:00:00+00:00,11588914.291706935
2013-04-02 00:00:00+00:00,11588914.291706935
2013-04-03 00:00:00+00:00,11588914.291706935
2013-04-04 00:00:00+00:00,11588914.291706935
2013-04-05 00:00:00+00:00,11588914.291706935
2013-04-08 00:00:00+00:00,11588914.291706935
2013-04-09 00:00:00+00:00,11588914.291706935
2013-04-10 00:00:00+00:00,11588914.291706935
2013-04-11 00:00:00+00:00,11588914.291706935
2013-04-12 00:00:00+00:00,11588914.291706935
2013-04-15 00:00:00+00:00,11588914.291706935
2013-04-16 00:00:00+00:00,11588914.291706935
2013-04-17 00:00:00+00:00,11588914.291706935
2013-04-18 00:00:00+00:00,11588914.291706935
2013-04-19 00:00:00+00:00,11588914.291706935
2013-04-22 00:00:00+00:00,11588914.291706935
2013-04-23 00:00:00+00:00,11588914.291706935
2013-04-24 00:00:00+00:00,11588914.291706935
2013-04-25 00:00:00+00:00,11588914.291706935
2013-04-26 00:00:00+00:00,11588914.291706935
2013-04-29 00:00:00+00:00,11588914.291706935
2013-04-30 00:00:00+00:00,11588914.291706935
2013-05-01 00:00:00+00:00,11588914.291706935
2013-05-02 00:00:00+00:00,11588914.291706935
2013-05-03 00:00:00+00:00,11588914.291706935
2013-05-06 00:00:00+00:00,11588914.291706935
2013-05-07 00:00:00+00:00,11588914.291706935
2013-05-08 00:00:00+00:00,11588914.291706935
2013-05-09 00:00:00+00:00,11588914.291706935
2013-05-10 00:00:00+00:00,11588914.291706935
2013-05-13 00:00:00+00:00,11588914.291706935
2013-05-14 00:00:00+00:00,11588914.291706935
2013-05-15 00:00:00+00:00,11588914.291706935
2013-05-16 00:00:00+00:00,11588914.291706935
2013-05-17 00:00:00+00:00,11588914.291706935
2013-05-20 00:00:00+00:00,11588914.291706935
2013-05-21 00:00:00+00:00,11588914.291706935
2013-05-22 00:00:00+00:00,11588914.291706935
2013-05-23 00:00:00+00:00,11588914.291706935
2013-05-24 00:00:00+00:00,11588914.291706935
2013-05-27 00:00:00+00:00,11588914.291706935
2013-05-28 00:00:00+00:00,11588914.291706935
2013-05-29 00:00:00+00:00,11588914.291706935
2013-05-30 00:00:00+00:00,11588914.291706935
2013-05-31 00:00:00+00:00,11588914.291706935
2013-06-03 00:00:00+00:00,11588914.291706935
2013-06-04 00:00:00+00:00,11588914.291706935
2013-06-05 00:00:00+00:00,11588914.291706935
2013-06-06 00:00:00+00:00,11588914.291706935
2013-06-07 00:00:00+00:00,11588914.291706935
2013-06-10 00:00:00+00:00,11588914.291706935
2013-06-11 00:00:00+00:00,11588914.291706935
2013-06-12 00:00:00+00:00,11588914.291706935
2013-06-13 00:00:00+00:00,11588914.291706935
2013-06-14 00:00:00+00:00,11588914.291706935
2013-06-17 00:00:00+00:00,11588914.291706935
2013-06-18 00:00:00+00:00,11588914.291706935
2013-06-19 00:00:00+00:00,11588914.291706935
2013-06-20 00:00:00+00:00,11588914.291706935
2013-06-21 00:00:00+00:00,11588914.291706935
2013-06-24 00:00:00+00:00,11588914.291706935
2013-06-25 00:00:00+00:00,11588914.291706935
2013-06-26 00:00:00+00:00,11588914.291706935
2013-06-27 00:00:00+00:00,11588914.291706935
2013-06-28 00:00:00+00:00,11588914.291706935
2013-07-01 00:00:00+00:00,11588914.291706935
2013-07-02 00:00:00+00:00,11588914.291706935
2013-07-03 00:00:00+00:00,11588914.291706935
2013-07-04 00:00:00+00:00,11588914.291706935
2013-07-05 00:00:00+00:00,11588914.291706935
2013-07-08 00:00:00+00:00,11588914.291706935
2013-07-09 00:00:00+00:00,11588914.291706935
2013-07-10 00:00:00+00:00,11588914.291706935
2013-07-11 00:00:00+00:00,11588914.291706935
2013-07-12 00:00:00+00:00,11588914.291706935
2013-07-15 00:00:00+00:00,11588914.291706935
2013-07-16 00:00:00+00:00,11588914.291706935
2013-07-17 00:00:00+00:00,11588914.291706935
2013-07-18 00:00:00+00:00,11588914.291706935
2013-07-19 00:00:00+00:00,11588914.291706935
2013-07-22 00:00:00+00:00,11588914.291706935
2013-07-23 00:00:00+00:00,11588914.291706935
2013-07-24 00:00:00+00:00,11588914.291706935
2013-07-25 00:00:00+00:00,11588914.291706935
2013-07-26 00:00:00+00:00,11588914.291706935
2013-07-29 00:00:00+00:00,11588914.291706935
2013-07-30 00:00:00+00:00,11588914.291706935
2013-07-31 00:00:00+00:00,11588914.291706935
2013-08-01 00:00:00+00:00,11588914.291706935
2013-08-02 00:00:00+00:00,11588914.291706935
2013-08-05 00:00:00+00:00,11588914.291706935
2013-08-06 00:00:00+00:00,11588914.291706935
2013-08-07 00:00:00+00:00,11588914.291706935
2013-08-08 00:00:00+00:00,11588914.291706935
2013-08-09 00:00:00+00:00,11588914.291706935
2013-08-12 00:00:00+00:00,11588914.291706935
2013-08-13 00:00:00+00:00,11588914.291706935
2013-08-14 00:00:00+00:00,11588914.291706935
2013-08-15 00:00:00+00:00,11588914.291706935
2013-08-16 00:00:00+00:00,11588914.291706935
2013-08-19 00:00:00+00:00,11588914.291706935
2013-08-20 00:00:00+00:00,11588914.291706935
2013-08-21 00:00:00+00:00,11588914.291706935
2013-08-22 00:00:00+00:00,11588914.291706935
2013-08-23 00:00:00+00:00,11588914.291706935
2013-08-26 00:00:00+00:00,11588914.291706935
2013-08-27 00:00:00+00:00,11588914.291706935
2013-08-28 00:00:00+00:00,11588914.291706935
2013-08-29 00:00:00+00:00,11588914.291706935
2013-08-30 00:00:00+00:00,11588914.291706935
2013-09-02 00:00:00+00:00,11588914.291706935
2013-09-03 00:00:00+00:00,11588914.291706935
2013-09-04 00:00:00+00:00,11588914.291706935
2013-09-05 00:00:00+00:00,11588914.291706935
2013-09-06 00:00:00+00:00,11588914.291706935
2013-09-09 00:00:00+00:00,11588914.291706935
2013-09-10 00:00:00+00:00,11588914.291706935
2013-09-11 00:00:00+00:00,11588914.291706935
2013-09-12 00:00:00+00:00,11588914.291706935
2013-09-13 00:00:00+00:00,11588914.291706935
2013-09-16 00:00:00+00:00,11588914.291706935
2013-09-17 00:00:00+00:00,11588914.291706935
2013-09-18 00:00:00+00:00,11588914.291706935
2013-09-19 00:00:00+00:00,11588914.291706935
2013-09-20 00:00:00+00:00,11588914.291706935
2013-09-23 00:00:00+00:00,11588914.291706935
2013-09-24 00:00:00+00:00,11588914.291706935
2013-09-25 00:00:00+00:00,11588914.291706935
2013-09-26 00:00:00+00:00,11588914.291706935
2013-09-27 00:00:00+00:00,11588914.291706935
2013-09-30 00:00:00+00:00,11588914.291706935
2013-10-01 00:00:00+00:00,11588914.291706935
2013-10-02 00:00:00+00:00,11588914.291706935
2013-10-03 00:00:00+00:00,11588914.291706935
2013-10-04 00:00:00+00:00,11588914.291706935
2013-10-07 00:00:00+00:00,11588914.291706935
2013-10-08 00:00:00+00:00,11588914.291706935
2013-10-09 00:00:00+00:00,11588914.291706935
2013-10-10 00:00:00+00:00,11588914.291706935
2013-10-11 00:00:00+00:00,11588914.291706935
2013-10-14 00:00:00+00:00,11588914.291706935
2013-10-15 00:00:00+00:00,11588914.291706935
2013-10-16 00:00:00+00:00,11588914.291706935
2013-10-17 00:00:00+00:00,11588914.291706935
2013-10-18 00:00:00+00:00,11588914.291706935
2013-10-21 00:00:00+00:00,11588914.291706935
2013-10-22 00:00:00+00:00,11588914.291706935
2013-10-23 00:00:00+00:00,11588914.291706935
2013-10-24 00:00:00+00:00,11588914.291706935
2013-10-25 00:00:00+00:00,11588914.291706935
2013-10-28 00:00:00+00:00,11588914.291706935
2013-10-29 00:00:00+00:00,11588914.291706935
2013-10-30 00:00:00+00:00,11588914.291706935
2013-10-31 00:00:00+00:00,11588914.291706935
2013-11-01 00:00:00+00:00,11588914.291706935
2013-11-04 00:00:00+00:00,11588914.291706935
2013-11-05 00:00:00+00:00,11588914.291706935
2013-11-06 00:00:00+00:00,11588914.291706935
2013-11-07 00:00:00+00:00,11588914.291706935
2013-11-08 00:00:00+00:00,11588914.291706935
2013-11-11 00:00:00+00:00,11588914.291706935
2013-11-12 00:00:00+00:00,11588914.291706935
2013-11-13 00:00:00+00:00,11588914.291706935
2013-11-14 00:00:00+00:00,11588914.291706935
2013-11-15 00:00:00+00:00,11588914.291706935
2013-11-18 00:00:00+00:00,11588914.291706935
2013-11-19 00:00:00+00:00,11588914.291706935
2013-11-20 00:00:00+00:00,11588914.291706935
2013-11-21 00:00:00+00:00,11588914.291706935
2013-11-22 00:00:00+00:00,11588914.291706935
2013-11-25 00:00:00+00:00,11588914.291706935
2013-11-26 00:00:00+00:00,11588914.291706935
2013-11-27 00:00:00+00:00,11588914.291706935
2013-11-28 00:00:00+00:00,11588914.291706935
2013-11-29 00:00:00+00:00,11588914.291706935
2013-12-02 00:00:00+00:00,11588914.291706935
2013-12-03 00:00:00+00:00,11588914.291706935
2013-12-04 00:00:00+00:00,11588914.291706935
2013-12-05 00:00:00+00:00,11588914.291706935
2013-12-06 00:00:00+00:00,11588914.291706935
2013-12-09 00:00:00+00:00,11588914.291706935
2013-12-10 00:00:00+00:00,11588914.291706935
2013-12-11 00:00:00+00:00,11588914.291706935
2013-12-12 00:00:00+00:00,11588914.291706935
2013-12-13 00:00:00+00:00,11588914.291706935
2013-12-16 00:00:00+00:00,11588914.291706935
2013-12-17 00:00:00+00:00,11588914.291706935
2013-12-18 00:00:00+00:00,11588914.291706935
2013-12-19 00:00:00+00:00,11588914.291706935
2013-12-20 00:00:00+00:00,11588914.291706935
2013-12-23 00:00:00+00:00,11588914.291706935
2013-12-24 00:00:00+00:00,11588914.291706935
2013-12-26 00:00:00+00:00,11588914.291706935
2013-12-27 00:00:00+00:00,11588914.291706935
2013-12-30 00:00:00+00:00,11588914.291706935
2013-12-31 00:00:00+00:00,11588914.291706935
2014-01-01 00:00:00+00:00,11588914.291706935
2014-01-02 00:00:00+00:00,11588914.291706935
2014-01-03 00:00:00+00:00,11588914.291706935
2014-01-06 00:00:00+00:00,11588914.291706935
2014-01-07 00:00:00+00:00,11588914.291706935
2014-01-08 00:00:00+00:00,11588914.291706935
2014-01-09 00:00:00+00:00,11588914.291706935
2014-01-10 00:00:00+00:00,11588914.291706935
2014-01-13 00:00:00+00:00,11588914.291706935
2014-01-14 00:00:00+00:00,11588914.291706935
2014-01-15 00:00:00+00:00,11588914.291706935
2014-01-16 00:00:00+00:00,11588914.291706935
2014-01-17 00:00:00+00:00,11588914.291706935
2014-01-20 00:00:00+00:00,11588914.291706935
2014-01-21 00:00:00+00:00,11588914.291706935
2014-01-22 00:00:00+00:00,11588914.291706935
2014-01-23 00:00:00+00:00,11588914.291706935
2014-01-24 00:00:00+00:00,11588914.291706935
2014-01-27 00:00:00+00:00,11588914.291706935
2014-01-28 00:00:00+00:00,11588914.291706935
2014-01-29 00:00:00+00:00,11588914.291706935
2014-01-30 00:00:00+00:00,11588914.291706935
2014-01-31 00:00:00+00:00,11588914.291706935
2014-02-03 00:00:00+00:00,11588914.291706935
2014-02-04 00:00:00+00:00,11588914.291706935
2014-02-05 00:00:00+00:00,11588914.291706935
2014-02-06 00:00:00+00:00,11588914.291706935
2014-02-07 00:00:00+00:00,11588914.291706935
2014-02-10 00:00:00+00:00,11588914.291706935
2014-02-11 00:00:00+00:00,11588914.291706935
2014-02-12 00:00:00+00:00,11588914.291706935
2014-02-13 00:00:00+00:00,11588914.291706935
2014-02-14 00:00:00+00:00,11588914.291706935
2014-02-17 00:00:00+00:00,11588914.291706935
2014-02-18 00:00:00+00:00,11588914.291706935
2014-02-19 00:00:00+00:00,11588914.291706935
2014-02-20 00:00:00+00:00,11588914.291706935
2014-02-21 00:00:00+00:00,11588914.291706935
2014-02-24 00:00:00+00:00,11588914.291706935
2014-02-25 00:00:00+00:00,11588914.291706935
2014-02-26 00:00:00+00:00,11588914.291706935
2014-02-27 00:00:00+00:00,11588914.291706935
2014-02-28 00:00:00+00:00,11588914.291706935
2014-03-03 00:00:00+00:00,11588914.291706935
2014-03-04 00:00:00+00:00,11588914.291706935
2014-03-05 00:00:00+00:00,11588914.291706935
2014-03-06 00:00:00+00:00,11588914.291706935
2014-03-07 00:00:00+00:00,11588914.291706935
2014-03-10 00:00:00+00:00,11588914.291706935
2014-03-11 00:00:00+00:00,11588914.291706935
2014-03-12 00:00:00+00:00,11588914.291706935
2014-03-13 00:00:00+00:00,11588914.291706935
2014-03-14 00:00:00+00:00,11588914.291706935
2014-03-17 00:00:00+00:00,11588914.291706935
2014-03-18 00:00:00+00:00,11588914.291706935
2014-03-19 00:00:00+00:00,11588914.291706935
2014-03-20 00:00:00+00:00,11588914.291706935
2014-03-21 00:00:00+00:00,11588914.291706935
2014-03-24 00:00:00+00:00,11588914.291706935
2014-03-25 00:00:00+00:00,11588914.291706935
2014-03-26 00:00:00+00:00,11588914.291706935
2014-03-27 00:00:00+00:00,11588914.291706935
2014-03-28 00:00:00+00:00,11588914.291706935
2014-03-31 00:00:00+00:00,11588914.291706935
2014-04-01 00:00:00+00:00,11588914.291706935
2014-04-02 00:00:00+00:00,11588914.291706935
2014-04-03 00:00:00+00:00,11588914.291706935
2014-04-04 00:00:00+00:00,11588914.291706935
2014-04-07 00:00:00+00:00,11588914.291706935
2014-04-08 00:00:00+00:00,11588914.291706935
2014-04-09 00:00:00+00:00,11588914.291706935
2014-04-10 00:00:00+00:00,11588914.291706935
2014-04-11 00:00:00+00:00,11588914.291706935
2014-04-14 00:00:00+00:00,11588914.291706935
2014-04-15 00:00:00+00:00,11588914.291706935
2014-04-16 00:00:00+00:00,11588914.291706935
2014-04-17 00:00:00+00:00,11588914.291706935
2014-04-21 00:00:00+00:00,11588914.291706935
2014-04-22 00:00:00+00:00,11588914.291706935
2014-04-23 00:00:00+00:00,11588914.291706935
2014-04-24 00:00:00+00:00,11588914.291706935
2014-04-25 00:00:00+00:00,11588914.291706935
2014-04-28 00:00:00+00:00,11588914.291706935
2014-04-29 00:00:00+00:00,11588914.291706935
2014-04-30 00:00:00+00:00,11588914.291706935
2014-05-01 00:00:00+00:00,11588914.291706935
2014-05-02 00:00:00+00:00,11588914.291706935
2014-05-05 00:00:00+00:00,11588914.291706935
2014-05-06 00:00:00+00:00,11588914.291706935
2014-05-07 00:00:00+00:00,11588914.291706935
2014-05-08 00:00:00+00:00,11588914.291706935
2014-05-09 00:00:00+00:00,11588914.291706935
2014-05-12 00:00:00+00:00,11588914.291706935
2014-05-13 00:00:00+00:00,11588914.291706935
2014-05-14 00:00:00+00:00,11588914.291706935
2014-05-15 00:00:00+00:00,11588914.291706935
2014-05-16 00:00:00+00:00,11588914.291706935
2014-05-19 00:00:00+00:00,11588914.291706935
2014-05-20 00:00:00+00:00,11588914.291706935
2014-05-21 00:00:00+00:00,11588914.291706935
2014-05-22 00:00:00+00:00,11588914.291706935
2014-05-23 00:00:00+00:00,11588914.291706935
2014-05-26 00:00:00+00:00,11588914.291706935
2014-05-27 00:00:00+00:00,11588914.291706935
2014-05-28 00:00:00+00:00,11588914.291706935
2014-05-29 00:00:00+00:00,11588914.291706935
2014-05-30 00:00:00+00:00,11588914.291706935
2014-06-02 00:00:00+00:00,11588914.291706935
2014-06-03 00:00:00+00:00,11588914.291706935
2014-06-04 00:00:00+00:00,11588914.291706935
2014-06-05 00:00:00+00:00,11588914.291706935
2014-06-06 00:00:00+00:00,11588914.291706935
2014-06-09 00:00:00+00:00,11588914.291706935
2014-06-10 00:00:00+00:00,11588914.291706935
2014-06-11 00:00:00+00:00,11588914.291706935
2014-06-12 00:00:00+00:00,11588914.291706935
2014-06-13 00:00:00+00:00,11588914.291706935
2014-06-16 00:00:00+00:00,11588914.291706935
2014-06-17 00:00:00+00:00,11588914.291706935
2014-06-18 00:00:00+00:00,11588914.291706935
2014-06-19 00:00:00+00:00,11588914.291706935
2014-06-20 00:00:00+00:00,11588914.291706935
2014-06-23 00:00:00+00:00,11588914.291706935
2014-06-24 00:00:00+00:00,11588914.291706935
2014-06-25 00:00:00+00:00,11588914.291706935
2014-06-26 00:00:00+00:00,11588914.291706935
2014-06-27 00:00:00+00:00,11588914.291706935
2014-06-30 00:00:00+00:00,11588914.291706935
2014-07-01 00:00:00+00:00,11588914.291706935
2014-07-02 00:00:00+00:00,11588914.291706935
2014-07-03 00:00:00+00:00,11588914.291706935
2014-07-04 00:00:00+00:00,11588914.291706935
2014-07-07 00:00:00+00:00,11588914.291706935
2014-07-08 00:00:00+00:00,11588914.291706935
2014-07-09 00:00:00+00:00,11588914.291706935
2014-07-10 00:00:00+00:00,11588914.291706935
2014-07-11 00:00:00+00:00,11588914.291706935
2014-07-14 00:00:00+00:00,11588914.291706935
2014-07-15 00:00:00+00:00,11588914.291706935
2014-07-16 00:00:00+00:00,11588914.291706935
2014-07-17 00:00:00+00:00,11588914.291706935
2014-07-18 00:00:00+00:00,11588914.291706935
2014-07-21 00:00:00+00:00,11588914.291706935
2014-07-22 00:00:00+00:00,11588914.291706935
2014-07-23 00:00:00+00:00,11588914.291706935
2014-07-24 00:00:00+00:00,11588914.291706935
2014-07-25 00:00:00+00:00,11588914.291706935
2014-07-28 00:00:00+00:00,11588914.291706935
2014-07-29 00:00:00+00:00,11588914.291706935
2014-07-30 00:00:00+00:00,11588914.291706935
2014-07-31 00:00:00+00:00,11588914.291706935
2014-08-01 00:00:00+00:00,11588914.291706935
2014-08-04 00:00:00+00:00,11588914.291706935
2014-08-05 00:00:00+00:00,11588914.291706935
2014-08-06 00:00:00+00:00,11588914.291706935
2014-08-07 00:00:00+00:00,11588914.291706935
2014-08-08 00:00:00+00:00,11588914.291706935
2014-08-11 00:00:00+00:00,11588914.291706935
2014-08-12 00:00:00+00:00,11588914.291706935
2014-08-13 00:00:00+00:00,11588914.291706935
2014-08-14 00:00:00+00:00,11588914.291706935
2014-08-15 00:00:00+00:00,11588914.291706935
2014-08-18 00:00:00+00:00,11588914.291706935
2014-08-19 00:00:00+00:00,11588914.291706935
2014-08-20 00:00:00+00:00,11588914.291706935
2014-08-21 00:00:00+00:00,11588914.291706935
2014-08-22 00:00:00+00:00,11588914.291706935
2014-08-25 00:00:00+00:00,11588914.291706935
2014-08-26 00:00:00+00:00,11588914.291706935
2014-08-27 00:00:00+00:00,11588914.291706935
2014-08-28 00:00:00+00:00,11588914.291706935
2014-08-29 00:00:00+00:00,11588914.291706935
2014-09-01 00:00:00+00:00,11588914.291706935
2014-09-02 00:00:00+00:00,11588914.291706935
2014-09-03 00:00:00+00:00,11588914.291706935
2014-09-04 00:00:00+00:00,11588914.291706935
2014-09-05 00:00:00+00:00,11588914.291706935
2014-09-08 00:00:00+00:00,11588914.291706935
2014-09-09 00:00:00+00:00,11588914.291706935
2014-09-10 00:00:00+00:00,11588914.291706935
2014-09-11 00:00:00+00:00,11588914.291706935
2014-09-12 00:00:00+00:00,11588914.291706935
2014-09-15 00:00:00+00:00,11588914.291706935
2014-09-16 00:00:00+00:00,11588914.291706935
2014-09-17 00:00:00+00:00,11588914.291706935
2014-09-18 00:00:00+00:00,11588914.291706935
2014-09-19 00:00:00+00:00,11588914.291706935
2014-09-22 00:00:00+00:00,11588914.291706935
2014-09-23 00:00:00+00:00,11588914.291706935
2014-09-24 00:00:00+00:00,11588914.291706935
2014-09-25 00:00:00+00:00,11588914.291706935
2014-09-26 00:00:00+00:00,11588914.291706935
2014-09-29 00:00:00+00:00,11588914.291706935
2014-09-30 00:00:00+00:00,11588914.291706935
2014-10-01 00:00:00+00:00,11588914.291706935
2014-10-02 00:00:00+00:00,11588914.291706935
2014-10-03 00:00:00+00:00,11588914.291706935
2014-10-06 00:00:00+00:00,11588914.291706935
2014-10-07 00:00:00+00:00,11588914.291706935
2014-10-08 00:00:00+00:00,11588914.291706935
2014-10-09 00:00:00+00:00,11588914.291706935
2014-10-10 00:00:00+00:00,11588914.291706935
2014-10-13 00:00:00+00:00,11588914.291706935
2014-10-14 00:00:00+00:00,11588914.291706935
2014-10-15 00:00:00+00:00,11588914.291706935
2014-10-16 00:00:00+00:00,11588914.291706935
2014-10-17 00:00:00+00:00,11588914.291706935
2014-10-20 00:00:00+00:00,11588914.291706935
2014-10-21 00:00:00+00:00,11588914.291706935
2014-10-22 00:00:00+00:00,11588914.291706935
2014-10-23 00:00:00+00:00,11588914.291706935
2014-10-24 00:00:00+00:00,11588914.291706935
2014-10-27 00:00:00+00:00,11588914.291706935
2014-10-28 00:00:00+00:00,11588914.291706935
2014-10-29 00:00:00+00:00,11588914.291706935
2014-10-30 00:00:00+00:00,11588914.291706935
2014-10-31 00:00:00+00:00,11588914.291706935
2014-11-03 00:00:00+00:00,11588914.291706935
2014-11-04 00:00:00+00:00,11588914.291706935
2014-11-05 00:00:00+00:00,11588914.291706935
2014-11-06 00:00:00+00:00,11588914.291706935
2014-11-07 00:00:00+00:00,11588914.291706935
2014-11-10 00:00:00+00:00,11588914.291706935
2014-11-11 00:00:00+00:00,11588914.291706935
2014-11-12 00:00:00+00:00,11588914.291706935
2014-11-13 00:00:00+00:00,11588914.291706935
2014-11-14 00:00:00+00:00,11588914.291706935
2014-11-17 00:00:00+00:00,11588914.291706935
2014-11-18 00:00:00+00:00,11588914.291706935
2014-11-19 00:00:00+00:00,11588914.291706935
2014-11-20 00:00:00+00:00,11588914.291706935
2014-11-21 00:00:00+00:00,11588914.291706935
2014-11-24 00:00:00+00:00,11588914.291706935
2014-11-25 00:00:00+00:00,11588914.291706935
2014-11-26 00:00:00+00:00,11588914.291706935
2014-11-27 00:00:00+00:00,11588914.291706935
2014-11-28 00:00:00+00:00,11588914.291706935
2014-12-01 00:00:00+00:00,11588914.291706935
2014-12-02 00:00:00+00:00,11588914.291706935
2014-12-03 00:00:00+00:00,11588914.291706935
2014-12-04 00:00:00+00:00,11588914.291706935
2014-12-05 00:00:00+00:00,11588914.291706935
2014-12-08 00:00:00+00:00,11588914.291706935
2014-12-09 00:00:00+00:00,11588914.291706935
2014-12-10 00:00:00+00:00,11588914.291706935
2014-12-11 00:00:00+00:00,11588914.291706935
2014-12-12 00:00:00+00:00,11588914.291706935
2014-12-15 00:00:00+00:00,11588914.291706935
2014-12-16 00:00:00+00:00,11588914.291706935
2014-12-17 00:00:00+00:00,11588914.291706935
2014-12-18 00:00:00+00:00,11588914.291706935
2014-12-19 00:00:00+00:00,11588914.291706935
2014-12-22 00:00:00+00:00,11588914.291706935
2014-12-23 00:00:00+00:00,11588914.291706935
2014-12-24 00:00:00+00:00,11588914.291706935
2014-12-26 00:00:00+00:00,11588914.291706935
2014-12-29 00:00:00+00:00,11588914.291706935
2014-12-30 00:00:00+00:00,11588914.291706935
2014-12-31 00:00:00+00:00,11588914.291706935
2015-01-01 00:00:00+00:00,11588914.291706935
2015-01-02 00:00:00+00:00,11588914.291706935
2015-01-05 00:00:00+00:00,11588914.291706935
2015-01-06 00:00:00+00:00,11588914.291706935
2015-01-07 00:00:00+00:00,11588914.291706935
2015-01-08 00:00:00+00:00,11588914.291706935
2015-01-09 00:00:00+00:00,11588914.291706935
2015-01-12 00:00:00+00:00,11588914.291706935
2015-01-13 00:00:00+00:00,11588914.291706935
2015-01-14 00:00:00+00:00,11588914.291706935
2015-01-15 00:00:00+00:00,11588914.291706935
2015-01-16 00:00:00+00:00,11588914.291706935
2015-01-19 00:00:00+00:00,11588914.291706935
2015-01-20 00:00:00+00:00,11588914.291706935
2015-01-21 00:00:00+00:00,11588914.291706935
2015-01-22 00:00:00+00:00,11588914.291706935
2015-01-23 00:00:00+00:00,11588914.291706935
2015-01-26 00:00:00+00:00,11588914.291706935
2015-01-27 00:00:00+00:00,11588914.291706935
2015-01-28 00:00:00+00:00,11588914.291706935
2015-01-29 00:00:00+00:00,11588914.291706935
2015-01-30 00:00:00+00:00,11588914.291706935
2015-02-02 00:00:00+00:00,11588914.291706935
2015-02-03 00:00:00+00:00,11588914.291706935
2015-02-04 00:00:00+00:00,11588914.291706935
2015-02-05 00:00:00+00:00,11588914.291706935
2015-02-06 00:00:00+00:00,11588914.291706935
2015-02-09 00:00:00+00:00,11588914.291706935
2015-02-10 00:00:00+00:00,11588914.291706935
2015-02-11 00:00:00+00:00,11588914.291706935
2015-02-12 00:00:00+00:00,11588914.291706935
2015-02-13 00:00:00+00:00,11588914.291706935
2015-02-16 00:00:00+00:00,11588914.291706935
2015-02-17 00:00:00+00:00,11588914.291706935
2015-02-18 00:00:00+00:00,11588914.291706935
2015-02-19 00:00:00+00:00,11588914.291706935
2015-02-20 00:00:00+00:00,11588914.291706935
2015-02-23 00:00:00+00:00,11588914.291706935
2015-02-24 00:00:00+00:00,11588914.291706935
2015-02-25 00:00:00+00:00,11588914.291706935
2015-02-26 00:00:00+00:00,11588914.291706935
2015-02-27 00:00:00+00:00,11588914.291706935
2015-03-02 00:00:00+00:00,11588914.291706935
2015-03-03 00:00:00+00:00,11588914.291706935
2015-03-04 00:00:00+00:00,11588914.291706935
2015-03-05 00:00:00+00:00,11588914.291706935
2015-03-06 00:00:00+00:00,11588914.291706935
2015-03-09 00:00:00+00:00,11588914.291706935
2015-03-10 00:00:00+00:00,11588914.291706935
2015-03-11 00:00:00+00:00,11588914.291706935
2015-03-12 00:00:00+00:00,11588914.291706935
2015-03-13 00:00:00+00:00,11588914.291706935
2015-03-16 00:00:00+00:00,11588914.291706935
2015-03-17 00:00:00+00:00,11588914.291706935
2015-03-18 00:00:00+00:00,11588914.291706935
2015-03-19 00:00:00+00:00,11588914.291706935
2015-03-20 00:00:00+00:00,11588914.291706935
2015-03-23 00:00:00+00:00,11588914.291706935
2015-03-24 00:00:00+00:00,11588914.291706935
2015-03-25 00:00:00+00:00,11588914.291706935
2015-03-26 00:00:00+00:00,11588914.291706935
2015-03-27 00:00:00+00:00,11588914.291706935
2015-03-30 00:00:00+00:00,11588914.291706935
2015-03-31 00:00:00+00:00,11588914.291706935
2015-04-01 00:00:00+00:00,11588914.291706935
2015-04-02 00:00:00+00:00,11588914.291706935
2015-04-06 00:00:00+00:00,11588914.291706935
2015-04-07 00:00:00+00:00,11588914.291706935
2015-04-08 00:00:00+00:00,11588914.291706935
2015-04-09 00:00:00+00:00,11588914.291706935
2015-04-10 00:00:00+00:00,11588914.291706935
2015-04-13 00:00:00+00:00,11588914.291706935
2015-04-14 00:00:00+00:00,11588914.291706935
2015-04-15 00:00:00+00:00,11588914.291706935
2015-04-16 00:00:00+00:00,11588914.291706935
2015-04-17 00:00:00+00:00,11588914.291706935
2015-04-20 00:00:00+00:00,11588914.291706935
2015-04-21 00:00:00+00:00,11588914.291706935
2015-04-22 00:00:00+00:00,11588914.291706935
2015-04-23 00:00:00+00:00,11588914.291706935
2015-04-24 00:00:00+00:00,11588914.291706935
2015-04-27 00:00:00+00:00,11588914.291706935
2015-04-28 00:00:00+00:00,11588914.291706935
2015-04-29 00:00:00+00:00,11588914.291706935
2015-04-30 00:00:00+00:00,11588914.291706935
2015-05-01 00:00:00+00:00,11588914.291706935
2015-05-04 00:00:00+00:00,11588914.291706935
2015-05-05 00:00:00+00:00,11588914.291706935
2015-05-06 00:00:00+00:00,11588914.291706935
2015-05-07 00:00:00+00:00,11588914.291706935
2015-05-08 00:00:00+00:00,11588914.291706935
2015-05-11 00:00:00+00:00,11588914.291706935
2015-05-12 00:00:00+00:00,11588914.291706935
2015-05-13 00:00:00+00:00,11588914.291706935
2015-05-14 00:00:00+00:00,11588914.291706935
2015-05-15 00:00:00+00:00,11588914.291706935
2015-05-18 00:00:00+00:00,11588914.291706935
2015-05-19 00:00:00+00:00,11588914.291706935
2015-05-20 00:00:00+00:00,11588914.291706935
2015-05-21 00:00:00+00:00,11588914.291706935
2015-05-22 00:00:00+00:00,11588914.291706935
2015-05-25 00:00:00+00:00,11588914.291706935
2015-05-26 00:00:00+00:00,11588914.291706935
2015-05-27 00:00:00+00:00,11588914.291706935
2015-05-28 00:00:00+00:00,11588914.291706935
2015-05-29 00:00:00+00:00,11588914.291706935
2015-06-01 00:00:00+00:00,11588914.291706935
2015-06-02 00:00:00+00:00,11588914.291706935
2015-06-03 00:00:00+00:00,11588914.291706935
2015-06-04 00:00:00+00:00,11588914.291706935
2015-06-05 00:00:00+00:00,11588914.291706935
2015-06-08 00:00:00+00:00,11588914.291706935
2015-06-09 00:00:00+00:00,11588914.291706935
2015-06-10 00:00:00+00:00,11588914.291706935
2015-06-11 00:00:00+00:00,11588914.291706935
2015-06-12 00:00:00+00:00,11588914.291706935
2015-06-15 00:00:00+00:00,11588914.291706935
2015-06-16 00:00:00+00:00,11588914.291706935
2015-06-17 00:00:00+00:00,11588914.291706935
2015-06-18 00:00:00+00:00,11588914.291706935
2015-06-19 00:00:00+00:00,11588914.291706935
2015-06-22 00:00:00+00:00,11588914.291706935
2015-06-23 00:00:00+00:00,11588914.291706935
2015-06-24 00:00:00+00:00,11588914.291706935
2015-06-25 00:00:00+00:00,11588914.291706935
2015-06-26 00:00:00+00:00,11588914.291706935
2015-06-29 00:00:00+00:00,11588914.291706935
2015-06-30 00:00:00+00:00,11588914.291706935
2015-07-01 00:00:00+00:00,11588914.291706935
2015-07-02 00:00:00+00:00,11588914.291706935
2015-07-03 00:00:00+00:00,11588914.291706935
2015-07-06 00:00:00+00:00,11588914.291706935
2015-07-07 00:00:00+00:00,11588914.291706935
2015-07-08 00:00:00+00:00,11588914.291706935
2015-07-09 00:00:00+00:00,11588914.291706935
2015-07-10 00:00:00+00:00,11588914.291706935
2015-07-13 00:00:00+00:00,11588914.291706935
2015-07-14 00:00:00+00:00,11588914.291706935
2015-07-15 00:00:00+00:00,11588914.291706935
2015-07-16 00:00:00+00:00,11588914.291706935
2015-07-17 00:00:00+00:00,11588914.291706935
2015-07-20 00:00:00+00:00,11588914.291706935
2015-07-21 00:00:00+00:00,11588914.291706935
2015-07-22 00:00:00+00:00,11588914.291706935
2015-07-23 00:00:00+00:00,11588914.291706935
2015-07-24 00:00:00+00:00,11588914.291706935
2015-07-27 00:00:00+00:00,11588914.291706935
2015-07-28 00:00:00+00:00,11588914.291706935
2015-07-29 00:00:00+00:00,11588914.291706935
2015-07-30 00:00:00+00:00,11588914.291706935
2015-07-31 00:00:00+00:00,11588914.291706935
2015-08-03 00:00:00+00:00,11588914.291706935
2015-08-04 00:00:00+00:00,11588914.291706935
2015-08-05 00:00:00+00:00,11588914.291706935
2015-08-06 00:00:00+00:00,11588914.291706935
2015-08-07 00:00:00+00:00,11588914.291706935
2015-08-10 00:00:00+00:00,11588914.291706935
2015-08-11 00:00:00+00:00,11588914.291706935
2015-08-12 00:00:00+00:00,11588914.291706935
2015-08-13 00:00:00+00:00,11588914.291706935
2015-08-14 00:00:00+00:00,11588914.291706935
2015-08-17 00:00:00+00:00,11588914.291706935
2015-08-18 00:00:00+00:00,11588914.291706935
2015-08-19 00:00:00+00:00,11588914.291706935
2015-08-20 00:00:00+00:00,11588914.291706935
2015-08-21 00:00:00+00:00,11588914.291706935
2015-08-24 00:00:00+00:00,11588914.291706935
2015-08-25 00:00:00+00:00,11588914.291706935
2015-08-26 00:00:00+00:00,11588914.291706935
2015-08-27 00:00:00+00:00,11588914.291706935
2015-08-28 00:00:00+00:00,11588914.291706935
2015-08-31 00:00:00+00:00,11588914.291706935
2015-09-01 00:00:00+00:00,11588914.291706935
2015-09-02 00:00:00+00:00,11588914.291706935
2015-09-03 00:00:00+00:00,11588914.291706935
2015-09-04 00:00:00+00:00,11588914.291706935
2015-09-07 00:00:00+00:00,11588914.291706935
2015-09-08 00:00:00+00:00,11588914.291706935
2015-09-09 00:00:00+00:00,11588914.291706935
2015-09-10 00:00:00+00:00,11588914.291706935
2015-09-11 00:00:00+00:00,11588914.291706935
2015-09-14 00:00:00+00:00,11588914.291706935
2015-09-15 00:00:00+00:00,11588914.291706935
2015-09-16 00:00:00+00:00,11588914.291706935
2015-09-17 00:00:00+00:00,11588914.291706935
2015-09-18 00:00:00+00:00,11588914.291706935
2015-09-21 00:00:00+00:00,11588914.291706935
2015-09-22 00:00:00+00:00,11588914.291706935
2015-09-23 00:00:00+00:00,11588914.291706935
2015-09-24 00:00:00+00:00,11588914.291706935
2015-09-25 00:00:00+00:00,11588914.291706935
2015-09-28 00:00:00+00:00,11588914.291706935
2015-09-29 00:00:00+00:00,11588914.291706935
2015-09-30 00:00:00+00:00,11588914.291706935
2015-10-01 00:00:00+00:00,11588914.291706935
2015-10-02 00:00:00+00:00,11588914.291706935
2015-10-05 00:00:00+00:00,11588914.291706935
2015-10-06 00:00:00+00:00,11588914.291706935
2015-10-07 00:00:00+00:00,11588914.291706935
2015-10-08 00:00:00+00:00,11588914.291706935
2015-10-09 00:00:00+00:00,11588914.291706935
2015-10-12 00:00:00+00:00,11588914.291706935
2015-10-13 00:00:00+00:00,11588914.291706935
2015-10-14 00:00:00+00:00,11588914.291706935
2015-10-15 00:00:00+00:00,11588914.291706935
2015-10-16 00:00:00+00:00,11588914.291706935
2015-10-19 00:00:00+00:00,11588914.291706935
2015-10-20 00:00:00+00:00,11588914.291706935
2015-10-21 00:00:00+00:00,11588914.291706935
2015-10-22 00:00:00+00:00,11588914.291706935
2015-10-23 00:00:00+00:00,11588914.291706935
2015-10-26 00:00:00+00:00,11588914.291706935
2015-10-27 00:00:00+00:00,11588914.291706935
2015-10-28 00:00:00+00:00,11588914.291706935
2015-10-29 00:00:00+00:00,11588914.291706935
2015-10-30 00:00:00+00:00,11588914.291706935
2015-11-02 00:00:00+00:00,11588914.291706935
2015-11-03 00:00:00+00:00,11588914.291706935
2015-11-04 00:00:00+00:00,11588914.291706935
2015-11-05 00:00:00+00:00,11588914.291706935
2015-11-06 00:00:00+00:00,11588914.291706935
2015-11-09 00:00:00+00:00,11588914.291706935
2015-11-10 00:00:00+00:00,11588914.291706935
2015-11-11 00:00:00+00:00,11588914.291706935
2015-11-12 00:00:00+00:00,11588914.291706935
2015-11-13 00:00:00+00:00,11588914.291706935
2015-11-16 00:00:00+00:00,11588914.291706935
2015-11-17 00:00:00+00:00,11588914.291706935
2015-11-18 00:00:00+00:00,11588914.291706935
2015-11-19 00:00:00+00:00,11588914.291706935
2015-11-20 00:00:00+00:00,11588914.291706935
2015-11-23 00:00:00+00:00,11588914.291706935
2015-11-24 00:00:00+00:00,11588914.291706935
2015-11-25 00:00:00+00:00,11588914.291706935
2015-11-26 00:00:00+00:00,11588914.291706935
2015-11-27 00:00:00+00:00,11588914.291706935
2015-11-30 00:00:00+00:00,11588914.291706935
2015-12-01 00:00:00+00:00,11588914.291706935
2015-12-02 00:00:00+00:00,11588914.291706935
2015-12-03 00:00:00+00:00,11588914.291706935
2015-12-04 00:00:00+00:00,11588914.291706935
2015-12-07 00:00:00+00:00,11588914.291706935
2015-12-08 00:00:00+00:00,11588914.291706935
2015-12-09 00:00:00+00:00,11588914.291706935
2015-12-10 00:00:00+00:00,11588914.291706935
2015-12-11 00:00:00+00:00,11588914.291706935
2015-12-14 00:00:00+00:00,11588914.291706935
2015-12-15 00:00:00+00:00,11588914.291706935
2015-12-16 00:00:00+00:00,11588914.291706935
2015-12-17 00:00:00+00:00,11588914.291706935
2015-12-18 00:00:00+00:00,11588914.291706935
2015-12-21 00:00:00+00:00,11588914.291706935
2015-12-22 00:00:00+00:00,11588914.291706935
2015-12-23 00:00:00+00:00,11588914.291706935
2015-12-24 00:00:00+00:00,11588914.291706935
2015-12-28 00:00:00+00:00,11588914.291706935
2015-12-29 00:00:00+00:00,11588914.291706935
2015-12-30 00:00:00+00:00,11588914.291706935
2015-12-31 00:00:00+00:00,11588914.291706935
2016-01-01 00:00:00+00:00,11588914.291706935
2016-01-04 00:00:00+00:00,11588914.291706935
2016-01-05 00:00:00+00:00,11588914.291706935
2016-01-06 00:00:00+00:00,11588914.291706935
2016-01-07 00:00:00+00:00,11588914.291706935
2016-01-08 00:00:00+00:00,11588914.291706935
2016-01-11 00:00:00+00:00,11588914.291706935
2016-01-12 00:00:00+00:00,11588914.291706935
2016-01-13 00:00:00+00:00,11588914.291706935
2016-01-14 00:00:00+00:00,11588914.291706935
2016-01-15 00:00:00+00:00,11588914.291706935
2016-01-18 00:00:00+00:00,11588914.291706935
2016-01-19 00:00:00+00:00,11588914.291706935
2016-01-20 00:00:00+00:00,11588914.291706935
2016-01-21 00:00:00+00:00,11588914.291706935
2016-01-22 00:00:00+00:00,11588914.291706935
2016-01-25 00:00:00+00:00,11588914.291706935
2016-01-26 00:00:00+00:00,11588914.291706935
2016-01-27 00:00:00+00:00,11588914.291706935
2016-01-28 00:00:00+00:00,11588914.291706935
2016-01-29 00:00:00+00:00,11588914.291706935
2016-02-01 00:00:00+00:00,11588914.291706935
2016-02-02 00:00:00+00:00,11588914.291706935
2016-02-03 00:00:00+00:00,11588914.291706935
2016-02-04 00:00:00+00:00,11588914.291706935
2016-02-05 00:00:00+00:00,11588914.291706935
2016-02-08 00:00:00+00:00,11588914.291706935
2016-02-09 00:00:00+00:00,11588914.291706935
2016-02-10 00:00:00+00:00,11588914.291706935
2016-02-11 00:00:00+00:00,11588914.291706935
2016-02-12 00:00:00+00:00,11588914.291706935
2016-02-15 00:00:00+00:00,11588914.291706935
2016-02-16 00:00:00+00:00,11588914.291706935
2016-02-17 00:00:00+00:00,11588914.291706935
2016-02-18 00:00:00+00:00,11588914.291706935
2016-02-19 00:00:00+00:00,11588914.291706935
2016-02-22 00:00:00+00:00,11588914.291706935
2016-02-23 00:00:00+00:00,11588914.291706935
2016-02-24 00:00:00+00:00,11588914.291706935
2016-02-25 00:00:00+00:00,11588914.291706935
2016-02-26 00:00:00+00:00,11588914.291706935
2016-02-29 00:00:00+00:00,11588914.291706935
2016-03-01 00:00:00+00:00,11588914.291706935
2016-03-02 00:00:00+00:00,11588914.291706935
2016-03-03 00:00:00+00:00,11588914.291706935
2016-03-04 00:00:00+00:00,11588914.291706935
2016-03-07 00:00:00+00:00,11588914.291706935
2016-03-08 00:00:00+00:00,11588914.291706935
2016-03-09 00:00:00+00:00,11588914.291706935
2016-03-10 00:00:00+00:00,11588914.291706935
2016-03-11 00:00:00+00:00,11588914.291706935
2016-03-14 00:00:00+00:00,11588914.291706935
2016-03-15 00:00:00+00:00,11588914.291706935
2016-03-16 00:00:00+00:00,11588914.291706935
2016-03-17 00:00:00+00:00,11588914.291706935
2016-03-18 00:00:00+00:00,11588914.291706935
2016-03-21 00:00:00+00:00,11588914.291706935
2016-03-22 00:00:00+00:00,11588914.291706935
2016-03-23 00:00:00+00:00,11588914.291706935
2016-03-24 00:00:00+00:00,11588914.291706935
2016-03-28 00:00:00+00:00,11588914.291706935
2016-03-29 00:00:00+00:00,11588914.291706935
2016-03-30 00:00:00+00:00,11588914.291706935
2016-03-31 00:00:00+00:00,11588914.291706935
2016-04-01 00:00:00+00:00,11588914.291706935
2016-04-04 00:00:00+00:00,11588914.291706935
2016-04-05 00:00:00+00:00,11588914.291706935
2016-04-06 00:00:00+00:00,11588914.291706935
2016-04-07 00:00:00+00:00,11588914.291706935
2016-04-08 00:00:00+00:00,11588914.291706935
2016-04-11 00:00:00+00:00,11588914.291706935
2016-04-12 00:00:00+00:00,11588914.291706935
2016-04-13 00:00:00+00:00,11588914.291706935
2016-04-14 00:00:00+00:00,11588914.291706935
2016-04-15 00:00:00+00:00,11588914.291706935
2016-04-18 00:00:00+00:00,11588914.291706935
2016-04-19 00:00:00+00:00,11588914.291706935
2016-04-20 00:00:00+00:00,11588914.291706935
2016-04-21 00:00:00+00:00,11588914.291706935
2016-04-22 00:00:00+00:00,11588914.291706935
2016-04-25 00:00:00+00:00,11588914.291706935
2016-04-26 00:00:00+00:00,11588914.291706935
2016-04-27 00:00:00+00:00,11588914.291706935
2016-04-28 00:00:00+00:00,11588914.291706935
2016-04-29 00:00:00+00:00,11588914.291706935
2016-05-02 00:00:00+00:00,11588914.291706935
2016-05-03 00:00:00+00:00,11588914.291706935
2016-05-04 00:00:00+00:00,11588914.291706935
2016-05-05 00:00:00+00:00,11588914.291706935
2016-05-06 00:00:00+00:00,11588914.291706935
2016-05-09 00:00:00+00:00,11588914.291706935
2016-05-10 00:00:00+00:00,11588914.291706935
2016-05-11 00:00:00+00:00,11588914.291706935
2016-05-12 00:00:00+00:00,11588914.291706935
2016-05-13 00:00:00+00:00,11588914.291706935
2016-05-16 00:00:00+00:00,11588914.291706935
2016-05-17 00:00:00+00:00,11588914.291706935
2016-05-18 00:00:00+00:00,11588914.291706935
2016-05-19 00:00:00+00:00,11588914.291706935
2016-05-20 00:00:00+00:00,11588914.291706935
2016-05-23 00:00:00+00:00,11588914.291706935
2016-05-24 00:00:00+00:00,11588914.291706935
2016-05-25 00:00:00+00:00,11588914.291706935
2016-05-26 00:00:00+00:00,11588914.291706935
2016-05-27 00:00:00+00:00,11588914.291706935
2016-05-30 00:00:00+00:00,11588914.291706935
2016-05-31 00:00:00+00:00,11588914.291706935
2016-06-01 00:00:00+00:00,11588914.291706935
2016-06-02 00:00:00+00:00,11588914.291706935
2016-06-03 00:00:00+00:00,11588914.291706935
2016-06-06 00:00:00+00:00,11588914.291706935
2016-06-07 00:00:00+00:00,11588914.291706935
2016-06-08 00:00:00+00:00,11588914.291706935
2016-06-09 00:00:00+00:00,11588914.291706935
2016-06-10 00:00:00+00:00,11588914.291706935
2016-06-13 00:00:00+00:00,11588914.291706935
2016-06-14 00:00:00+00:00,11588914.291706935
2016-06-15 00:00:00+00:00,11588914.291706935
2016-06-16 00:00:00+00:00,11588914.291706935
2016-06-17 00:00:00+00:00,11588914.291706935
2016-06-20 00:00:00+00:00,11588914.291706935
2016-06-21 00:00:00+00:00,11588914.291706935
2016-06-22 00:00:00+00:00,11588914.291706935
2016-06-23 00:00:00+00:00,11588914.291706935
2016-06-24 00:00:00+00:00,11588914.291706935
2016-06-27 00:00:00+00:00,11588914.291706935
2016-06-28 00:00:00+00:00,11588914.291706935
2016-06-29 00:00:00+00:00,11588914.291706935
2016-06-30 00:00:00+00:00,11588914.291706935
2016-07-01 00:00:00+00:00,11588914.291706935
2016-07-04 00:00:00+00:00,11588914.291706935
2016-07-05 00:00:00+00:00,11588914.291706935
2016-07-06 00:00:00+00:00,11588914.291706935
2016-07-07 00:00:00+00:00,11588914.291706935
2016-07-08 00:00:00+00:00,11588914.291706935
2016-07-11 00:00:00+00:00,11588914.291706935
2016-07-12 00:00:00+00:00,11588914.291706935
2016-07-13 00:00:00+00:00,11588914.291706935
2016-07-14 00:00:00+00:00,11588914.291706935
2016-07-15 00:00:00+00:00,11588914.291706935
2016-07-18 00:00:00+00:00,11588914.291706935
2016-07-19 00:00:00+00:00,11588914.291706935
2016-07-20 00:00:00+00:00,11588914.291706935
2016-07-21 00:00:00+00:00,11588914.291706935
2016-07-22 00:00:00+00:00,11588914.291706935
2016-07-25 00:00:00+00:00,11588914.291706935
2016-07-26 00:00:00+00:00,11588914.291706935
2016-07-27 00:00:00+00:00,11588914.291706935
2016-07-28 00:00:00+00:00,11588914.291706935
2016-07-29 00:00:00+00:00,11588914.291706935
2016-08-01 00:00:00+00:00,11588914.291706935
2016-08-02 00:00:00+00:00,11588914.291706935
2016-08-03 00:00:00+00:00,11588914.291706935
2016-08-04 00:00:00+00:00,11588914.291706935
2016-08-05 00:00:00+00:00,11588914.291706935
2016-08-08 00:00:00+00:00,11588914.291706935
2016-08-09 00:00:00+00:00,11588914.291706935
2016-08-10 00:00:00+00:00,11588914.291706935
2016-08-11 00:00:00+00:00,11588914.291706935
2016-08-12 00:00:00+00:00,11588914.291706935
2016-08-15 00:00:00+00:00,11588914.291706935
2016-08-16 00:00:00+00:00,11588914.291706935
2016-08-17 00:00:00+00:00,11588914.291706935
2016-08-18 00:00:00+00:00,11588914.291706935
2016-08-19 00:00:00+00:00,11588914.291706935
2016-08-22 00:00:00+00:00,11588914.291706935
2016-08-23 00:00:00+00:00,11588914.291706935
2016-08-24 00:00:00+00:00,11588914.291706935
2016-08-25 00:00:00+00:00,11588914.291706935
2016-08-26 00:00:00+00:00,11588914.291706935
2016-08-29 00:00:00+00:00,11588914.291706935
2016-08-30 00:00:00+00:00,11588914.291706935
2016-08-31 00:00:00+00:00,11588914.291706935
2016-09-01 00:00:00+00:00,11588914.291706935
2016-09-02 00:00:00+00:00,11588914.291706935
2016-09-06 00:00:00+00:00,11588914.291706935
2016-09-07 00:00:00+00:00,11588914.291706935
2016-09-08 00:00:00+00:00,11588914.291706935
2016-09-09 00:00:00+00:00,11588914.291706935
2016-09-12 00:00:00+00:00,11588914.291706935
2016-09-13 00:00:00+00:00,11588914.291706935
2016-09-14 00:00:00+00:00,11588914.291706935
2016-09-15 00:00:00+00:00,11588914.291706935
2016-09-16 00:00:00+00:00,11588914.291706935
2016-09-19 00:00:00+00:00,11588914.291706935
2016-09-20 00:00:00+00:00,11588914.291706935
2016-09-21 00:00:00+00:00,11588914.291706935
2016-09-22 00:00:00+00:00,11588914.291706935
2016-09-23 00:00:00+00:00,11588914.291706935
2016-09-26 00:00:00+00:00,11588914.291706935
2016-09-27 00:00:00+00:00,11588914.291706935
2016-09-28 00:00:00+00:00,11588914.291706935
2016-09-29 00:00:00+00:00,11588914.291706935
2016-09-30 00:00:00+00:00,11588914.291706935
2016-10-03 00:00:00+00:00,11588914.291706935
2016-10-04 00:00:00+00:00,11588914.291706935
2016-10-05 00:00:00+00:00,11588914.291706935
2016-10-06 00:00:00+00:00,11588914.291706935
2016-10-07 00:00:00+00:00,11588914.291706935
2016-10-10 00:00:00+00:00,11588914.291706935
2016-10-11 00:00:00+00:00,11588914.291706935
2016-10-12 00:00:00+00:00,11588914.291706935
2016-10-13 00:00:00+00:00,11588914.291706935
2016-10-14 00:00:00+00:00,11588914.291706935
2016-10-17 00:00:00+00:00,11588914.291706935
2016-10-18 00:00:00+00:00,11588914.291706935
2016-10-19 00:00:00+00:00,11588914.291706935
2016-10-20 00:00:00+00:00,11588914.291706935
2016-10-21 00:00:00+00:00,11588914.291706935
2016-10-24 00:00:00+00:00,11588914.291706935
2016-10-25 00:00:00+00:00,11588914.291706935
2016-10-26 00:00:00+00:00,11588914.291706935
2016-10-27 00:00:00+00:00,11588914.291706935
2016-10-28 00:00:00+00:00,11588914.291706935
2016-10-31 00:00:00+00:00,11588914.291706935
2016-11-01 00:00:00+00:00,11588914.291706935
2016-11-02 00:00:00+00:00,11588914.291706935
2016-11-03 00:00:00+00:00,11588914.291706935
2016-11-04 00:00:00+00:00,11588914.291706935
2016-11-07 00:00:00+00:00,11588914.291706935
2016-11-08 00:00:00+00:00,11588914.291706935
2016-11-09 00:00:00+00:00,11588914.291706935
2016-11-10 00:00:00+00:00,11588914.291706935
2016-11-11 00:00:00+00:00,11588914.291706935
2016-11-14 00:00:00+00:00,11588914.291706935
2016-11-15 00:00:00+00:00,11588914.291706935
2016-11-16 00:00:00+00:00,11588914.291706935
2016-11-17 00:00:00+00:00,11588914.291706935
2016-11-18 00:00:00+00:00,11588914.291706935
2016-11-21 00:00:00+00:00,11588914.291706935
2016-11-22 00:00:00+00:00,11588914.291706935
2016-11-23 00:00:00+00:00,11588914.291706935
2016-11-24 00:00:00+00:00,11588914.291706935
2016-11-25 00:00:00+00:00,11588914.291706935
2016-11-28 00:00:00+00:00,11588914.291706935
2016-11-29 00:00:00+00:00,11588914.291706935
2016-11-30 00:00:00+00:00,11588914.291706935
2016-12-01 00:00:00+00:00,11588914.291706935
2016-12-02 00:00:00+00:00,11588914.291706935
2016-12-05 00:00:00+00:00,11588914.291706935
2016-12-06 00:00:00+00:00,11588914.291706935
2016-12-07 00:00:00+00:00,11588914.291706935
2016-12-08 00:00:00+00:00,11588914.291706935
2016-12-09 00:00:00+00:00,11588914.291706935
2016-12-12 00:00:00+00:00,11588914.291706935
2016-12-13 00:00:00+00:00,11588914.291706935
2016-12-14 00:00:00+00:00,11588914.291706935
2016-12-15 00:00:00+00:00,11588914.291706935
2016-12-16 00:00:00+00:00,11588914.291706935
2016-12-19 00:00:00+00:00,11588914.291706935
2016-12-20 00:00:00+00:00,11588914.291706935
2016-12-21 00:00:00+00:00,11588914.291706935
2016-12-22 00:00:00+00:00,11588914.291706935
2016-12-23 00:00:00+00:00,11588914.291706935
2016-12-26 00:00:00+00:00,11588914.291706935
2016-12-27 00:00:00+00:00,11588914.291706935
2016-12-28 00:00:00+00:00,11588914.291706935
2016-12-29 00:00:00+00:00,11588914.291706935
2016-12-30 00:00:00+00:00,11588914.291706935
2017-01-02 00:00:00+00:00,11588914.291706935
2017-01-03 00:00:00+00:00,11588914.291706935
2017-01-04 00:00:00+00:00,11588914.291706935
2017-01-05 00:00:00+00:00,11588914.291706935
2017-01-06 00:00:00+00:00,11588914.291706935
2017-01-09 00:00:00+00:00,11588914.291706935
2017-01-10 00:00:00+00:00,11588914.291706935
2017-01-11 00:00:00+00:00,11588914.291706935
2017-01-12 00:00:00+00:00,11588914.291706935
2017-01-13 00:00:00+00:00,11588914.291706935
2017-01-16 00:00:00+00:00,11588914.291706935
2017-01-17 00:00:00+00:00,11588914.291706935
2017-01-18 00:00:00+00:00,11588914.291706935
2017-01-19 00:00:00+00:00,11588914.291706935
2017-01-20 00:00:00+00:00,11588914.291706935
2017-01-23 00:00:00+00:00,11588914.291706935
2017-01-24 00:00:00+00:00,11588914.291706935
2017-01-25 00:00:00+00:00,11588914.291706935
2017-01-26 00:00:00+00:00,11588914.291706935
2017-01-27 00:00:00+00:00,11588914.291706935
2017-01-30 00:00:00+00:00,11588914.291706935
2017-01-31 00:00:00+00:00,11588914.291706935
2017-02-01 00:00:00+00:00,11588914.291706935
2017-02-02 00:00:00+00:00,11588914.291706935
2017-02-03 00:00:00+00:00,11588914.291706935
2017-02-06 00:00:00+00:00,11588914.291706935
2017-02-07 00:00:00+00:00,11588914.291706935
2017-02-08 00:00:00+00:00,11588914.291706935
2017-02-09 00:00:00+00:00,11588914.291706935
2017-02-10 00:00:00+00:00,11588914.291706935
2017-02-13 00:00:00+00:00,11588914.291706935
2017-02-14 00:00:00+00:00,11588914.291706935
2017-02-15 00:00:00+00:00,11588914.291706935
2017-02-16 00:00:00+00:00,11588914.291706935
2017-02-17 00:00:00+00:00,11588914.291706935
2017-02-20 00:00:00+00:00,11588914.291706935
2017-02-21 00:00:00+00:00,11588914.291706935
2017-02-22 00:00:00+00:00,11588914.291706935
2017-02-23 00:00:00+00:00,11588914.291706935
2017-02-24 00:00:00+00:00,11588914.291706935
2017-02-27 00:00:00+00:00,11588914.291706935
2017-02-28 00:00:00+00:00,11588914.291706935
2017-03-01 00:00:00+00:00,11588914.291706935
2017-03-02 00:00:00+00:00,11588914.291706935
2017-03-03 00:00:00+00:00,11588914.291706935
2017-03-06 00:00:00+00:00,11588914.291706935
2017-03-07 00:00:00+00:00,11588914.291706935
2017-03-08 00:00:00+00:00,11588914.291706935
2017-03-09 00:00:00+00:00,11588914.291706935
2017-03-10 00:00:00+00:00,11588914.291706935
2017-03-13 00:00:00+00:00,11588914.291706935
2017-03-14 00:00:00+00:00,11588914.291706935
2017-03-15 00:00:00+00:00,11588914.291706935
2017-03-16 00:00:00+00:00,11588914.291706935
2017-03-17 00:00:00+00:00,11588914.291706935
2017-03-20 00:00:00+00:00,11588914.291706935
2017-03-21 00:00:00+00:00,11588914.291706935
2017-03-22 00:00:00+00:00,11588914.291706935
2017-03-23 00:00:00+00:00,11588914.291706935
2017-03-24 00:00:00+00:00,11588914.291706935
2017-03-27 00:00:00+00:00,11588914.291706935
2017-03-28 00:00:00+00:00,11588914.291706935
2017-03-29 00:00:00+00:00,11588914.291706935
2017-03-30 00:00:00+00:00,11588914.291706935
2017-03-31 00:00:00+00:00,11588914.291706935
2017-04-03 00:00:00+00:00,11588914.291706935
2017-04-04 00:00:00+00:00,11588914.291706935
2017-04-05 00:00:00+00:00,11588914.291706935
2017-04-06 00:00:00+00:00,11588914.291706935
2017-04-07 00:00:00+00:00,11588914.291706935
2017-04-10 00:00:00+00:00,11588914.291706935
2017-04-11 00:00:00+00:00,11588914.291706935
2017-04-12 00:00:00+00:00,11588914.291706935
2017-04-13 00:00:00+00:00,11588914.291706935
2017-04-17 00:00:00+00:00,11588914.291706935
2017-04-18 00:00:00+00:00,11588914.291706935
2017-04-19 00:00:00+00:00,11588914.291706935
2017-04-20 00:00:00+00:00,11588914.291706935
2017-04-21 00:00:00+00:00,11588914.291706935
2017-04-24 00:00:00+00:00,11588914.291706935
2017-04-25 00:00:00+00:00,11588914.291706935
2017-04-26 00:00:00+00:00,11588914.291706935
2017-04-27 00:00:00+00:00,11588914.291706935
2017-04-28 00:00:00+00:00,11588914.291706935
2017-05-01 00:00:00+00:00,11588914.291706935
2017-05-02 00:00:00+00:00,11588914.291706935
2017-05-03 00:00:00+00:00,11588914.291706935
2017-05-04 00:00:00+00:00,11588914.291706935
2017-05-05 00:00:00+00:00,11588914.291706935
2017-05-08 00:00:00+00:00,11588914.291706935
2017-05-09 00:00:00+00:00,11588914.291706935
2017-05-10 00:00:00+00:00,11588914.291706935
2017-05-11 00:00:00+00:00,11588914.291706935
2017-05-12 00:00:00+00:00,11588914.291706935
2017-05-15 00:00:00+00:00,11588914.291706935
2017-05-16 00:00:00+00:00,11588914.291706935
2017-05-17 00:00:00+00:00,11588914.291706935
2017-05-18 00:00:00+00:00,11588914.291706935
2017-05-19 00:00:00+00:00,11588914.291706935
2017-05-22 00:00:00+00:00,11588914.291706935
2017-05-23 00:00:00+00:00,11588914.291706935
2017-05-24 00:00:00+00:00,11588914.291706935
2017-05-25 00:00:00+00:00,11588914.291706935
2017-05-26 00:00:00+00:00,11588914.291706935
2017-05-29 00:00:00+00:00,11588914.291706935
2017-05-30 00:00:00+00:00,11588914.291706935
2017-05-31 00:00:00+00:00,11588914.291706935
2017-06-01 00:00:00+00:00,11588914.291706935
2017-06-02 00:00:00+00:00,11588914.291706935
2017-06-05 00:00:00+00:00,11588914.291706935
2017-06-06 00:00:00+00:00,11588914.291706935
2017-06-07 00:00:00+00:00,11588914.291706935
2017-06-08 00:00:00+00:00,11588914.291706935
2017-06-09 00:00:00+00:00,11588914.291706935
2017-06-12 00:00:00+00:00,11588914.291706935
2017-06-13 00:00:00+00:00,11588914.291706935
2017-06-14 00:00:00+00:00,11588914.291706935
2017-06-15 00:00:00+00:00,11588914.291706935
2017-06-16 00:00:00+00:00,11588914.291706935
2017-06-19 00:00:00+00:00,11588914.291706935
2017-06-20 00:00:00+00:00,11588914.291706935
2017-06-21 00:00:00+00:00,11588914.291706935
2017-06-22 00:00:00+00:00,11588914.291706935
2017-06-23 00:00:00+00:00,11588914.291706935
2017-06-26 00:00:00+00:00,11588914.291706935
2017-06-27 00:00:00+00:00,11588914.291706935
2017-06-28 00:00:00+00:00,11588914.291706935
2017-06-29 00:00:00+00:00,11588914.291706935
2017-06-30 00:00:00+00:00,11588914.291706935
2017-07-03 00:00:00+00:00,11588914.291706935
2017-07-04 00:00:00+00:00,11588914.291706935
2017-07-05 00:00:00+00:00,11588914.291706935
2017-07-06 00:00:00+00:00,11588914.291706935
2017-07-07 00:00:00+00:00,11588914.291706935
2017-07-10 00:00:00+00:00,11588914.291706935
2017-07-11 00:00:00+00:00,11588914.291706935
2017-07-12 00:00:00+00:00,11588914.291706935
2017-07-13 00:00:00+00:00,11588914.291706935
2017-07-14 00:00:00+00:00,11588914.291706935
2017-07-17 00:00:00+00:00,11588914.291706935
2017-07-18 00:00:00+00:00,11588914.291706935
2017-07-19 00:00:00+00:00,11588914.291706935
2017-07-20 00:00:00+00:00,11588914.291706935
2017-07-21 00:00:00+00:00,11588914.291706935
2017-07-24 00:00:00+00:00,11588914.291706935
2017-07-25 00:00:00+00:00,11588914.291706935
2017-07-26 00:00:00+00:00,11588914.291706935
2017-07-27 00:00:00+00:00,11588914.291706935
2017-07-28 00:00:00+00:00,11588914.291706935
2017-07-31 00:00:00+00:00,11588914.291706935
2017-08-01 00:00:00+00:00,11588914.291706935
2017-08-02 00:00:00+00:00,11588914.291706935
2017-08-03 00:00:00+00:00,11588914.291706935
2017-08-04 00:00:00+00:00,11588914.291706935
2017-08-07 00:00:00+00:00,11588914.291706935
2017-08-08 00:00:00+00:00,11588914.291706935
2017-08-09 00:00:00+00:00,11588914.291706935
2017-08-10 00:00:00+00:00,11588914.291706935
2017-08-11 00:00:00+00:00,11588914.291706935
2017-08-14 00:00:00+00:00,11588914.291706935
2017-08-15 00:00:00+00:00,11588914.291706935
2017-08-16 00:00:00+00:00,11588914.291706935
2017-08-17 00:00:00+00:00,11588914.291706935
2017-08-18 00:00:00+00:00,11588914.291706935
2017-08-21 00:00:00+00:00,11588914.291706935
2017-08-22 00:00:00+00:00,11588914.291706935
2017-08-23 00:00:00+00:00,11588914.291706935
2017-08-24 00:00:00+00:00,11588914.291706935
2017-08-25 00:00:00+00:00,11588914.291706935
2017-08-28 00:00:00+00:00,11588914.291706935
2017-08-29 00:00:00+00:00,11588914.291706935
2017-08-30 00:00:00+00:00,11588914.291706935
2017-08-31 00:00:00+00:00,11588914.291706935
2017-09-01 00:00:00+00:00,11588914.291706935
2017-09-04 00:00:00+00:00,11588914.291706935
2017-09-05 00:00:00+00:00,11588914.291706935
2017-09-06 00:00:00+00:00,11588914.291706935
2017-09-07 00:00:00+00:00,11588914.291706935
2017-09-08 00:00:00+00:00,11588914.291706935
2017-09-11 00:00:00+00:00,11588914.291706935
2017-09-12 00:00:00+00:00,11588914.291706935
2017-09-13 00:00:00+00:00,11588914.291706935
2017-09-14 00:00:00+00:00,11588914.291706935
2017-09-15 00:00:00+00:00,11588914.291706935
2017-09-18 00:00:00+00:00,11588914.291706935
2017-09-19 00:00:00+00:00,11588914.291706935
2017-09-20 00:00:00+00:00,11588914.291706935
2017-09-21 00:00:00+00:00,11588914.291706935
2017-09-22 00:00:00+00:00,11588914.291706935
2017-09-25 00:00:00+00:00,11588914.291706935
2017-09-26 00:00:00+00:00,11588914.291706935
2017-09-27 00:00:00+00:00,11588914.291706935
2017-09-28 00:00:00+00:00,11588914.291706935
2017-09-29 00:00:00+00:00,11588914.291706935
2017-10-02 00:00:00+00:00,11588914.291706935
2017-10-03 00:00:00+00:00,11588914.291706935
2017-10-04 00:00:00+00:00,11588914.291706935
2017-10-05 00:00:00+00:00,11588914.291706935
2017-10-06 00:00:00+00:00,11588914.291706935
2017-10-09 00:00:00+00:00,11588914.291706935
2017-10-10 00:00:00+00:00,11588914.291706935
2017-10-11 00:00:00+00:00,11588914.291706935
2017-10-12 00:00:00+00:00,11588914.291706935
2017-10-13 00:00:00+00:00,11588914.291706935
2017-10-16 00:00:00+00:00,11588914.291706935
2017-10-17 00:00:00+00:00,11588914.291706935
2017-10-18 00:00:00+00:00,11588914.291706935
2017-10-19 00:00:00+00:00,11588914.291706935
2017-10-20 00:00:00+00:00,11588914.291706935
2017-10-23 00:00:00+00:00,11588914.291706935
2017-10-24 00:00:00+00:00,11588914.291706935
2017-10-25 00:00:00+00:00,11588914.291706935
2017-10-26 00:00:00+00:00,11588914.291706935
2017-10-27 00:00:00+00:00,11588914.291706935
2017-10-30 00:00:00+00:00,11588914.291706935
2017-10-31 00:00:00+00:00,11588914.291706935
2017-11-01 00:00:00+00:00,11588914.291706935
2017-11-02 00:00:00+00:00,11588914.291706935
2017-11-03 00:00:00+00:00,11588914.291706935
2017-11-06 00:00:00+00:00,11588914.291706935
2017-11-07 00:00:00+00:00,11588914.291706935
2017-11-08 00:00:00+00:00,11588914.291706935
2017-11-09 00:00:00+00:00,11588914.291706935
2017-11-10 00:00:00+00:00,11588914.291706935
2017-11-13 00:00:00+00:00,11588914.291706935
2017-11-14 00:00:00+00:00,11588914.291706935
2017-11-15 00:00:00+00:00,11588914.291706935
2017-11-16 00:00:00+00:00,11588914.291706935
2017-11-17 00:00:00+00:00,11588914.291706935
2017-11-20 00:00:00+00:00,11588914.291706935
2017-11-21 00:00:00+00:00,11588914.291706935
2017-11-22 00:00:00+00:00,11588914.291706935
2017-11-23 00:00:00+00:00,11588914.291706935
2017-11-24 00:00:00+00:00,11588914.291706935
2017-11-27 00:00:00+00:00,11588914.291706935
2017-11-28 00:00:00+00:00,11588914.291706935
2017-11-29 00:00:00+00:00,11588914.291706935
2017-11-30 00:00:00+00:00,11588914.291706935
2017-12-01 00:00:00+00:00,11588914.291706935
2017-12-04 00:00:00+00:00,11588914.291706935
2017-12-05 00:00:00+00:00,11588914.291706935
2017-12-06 00:00:00+00:00,11588914.291706935
2017-12-07 00:00:00+00:00,11588914.291706935
2017-12-08 00:00:00+00:00,11588914.291706935
2017-12-11 00:00:00+00:00,11588914.291706935
2017-12-12 00:00:00+00:00,11588914.291706935
2017-12-13 00:00:00+00:00,11588914.291706935
2017-12-14 00:00:00+00:00,11588914.291706935
2017-12-15 00:00:00+00:00,11588914.291706935
2017-12-18 00:00:00+00:00,11588914.291706935
2017-12-19 00:00:00+00:00,11588914.291706935
2017-12-20 00:00:00+00:00,11588914.291706935
2017-12-21 00:00:00+00:00,11588914.291706935
2017-12-22 00:00:00+00:00,11588914.291706935
2017-12-26 00:00:00+00:00,11588914.291706935
2017-12-27 00:00:00+00:00,11588914.291706935
2017-12-28 00:00:00+00:00,11588914.291706935
2017-12-29 00:00:00+00:00,11588914.291706935
2018-01-01 00:00:00+00:00,11588914.291706935
2018-01-02 00:00:00+00:00,11588914.291706935
2018-01-03 00:00:00+00:00,11588914.291706935
2018-01-04 00:00:00+00:00,11588914.291706935
2018-01-05 00:00:00+00:00,11588914.291706935
2018-01-08 00:00:00+00:00,11588914.291706935
2018-01-09 00:00:00+00:00,11588914.291706935
2018-01-10 00:00:00+00:00,11588914.291706935
2018-01-11 00:00:00+00:00,11588914.291706935
2018-01-12 00:00:00+00:00,11588914.291706935
2018-01-15 00:00:00+00:00,11588914.291706935
2018-01-16 00:00:00+00:00,11588914.291706935
2018-01-17 00:00:00+00:00,11588914.291706935
2018-01-18 00:00:00+00:00,11588914.291706935
2018-01-19 00:00:00+00:00,11588914.291706935
2018-01-22 00:00:00+00:00,11588914.291706935
2018-01-23 00:00:00+00:00,11588914.291706935
2018-01-24 00:00:00+00:00,11588914.291706935
2018-01-25 00:00:00+00:00,11588914.291706935
2018-01-26 00:00:00+00:00,11588914.291706935
2018-01-29 00:00:00+00:00,11588914.291706935
2018-01-30 00:00:00+00:00,11588914.291706935
2018-01-31 00:00:00+00:00,11588914.291706935
2018-02-01 00:00:00+00:00,11588914.291706935
2018-02-02 00:00:00+00:00,11588914.291706935
2018-02-05 00:00:00+00:00,11588914.291706935
2018-02-06 00:00:00+00:00,11588914.291706935
2018-02-07 00:00:00+00:00,11588914.291706935
2018-02-08 00:00:00+00:00,11588914.291706935
2018-02-09 00:00:00+00:00,11588914.291706935
2018-02-12 00:00:00+00:00,11588914.291706935
2018-02-13 00:00:00+00:00,11588914.291706935
2018-02-14 00:00:00+00:00,11588914.291706935
2018-02-15 00:00:00+00:00,11588914.291706935
2018-02-16 00:00:00+00:00,11588914.291706935
2018-02-19 00:00:00+00:00,11588914.291706935
2018-02-20 00:00:00+00:00,11588914.291706935
2018-02-21 00:00:00+00:00,11588914.291706935
2018-02-22 00:00:00+00:00,11588914.291706935
2018-02-23 00:00:00+00:00,11588914.291706935
2018-02-26 00:00:00+00:00,11588914.291706935
2018-02-27 00:00:00+00:00,11588914.291706935
2018-02-28 00:00:00+00:00,11588914.291706935
2018-03-01 00:00:00+00:00,11588914.291706935
2018-03-02 00:00:00+00:00,11588914.291706935
2018-03-05 00:00:00+00:00,11588914.291706935
2018-03-06 00:00:00+00:00,11588914.291706935
2018-03-07 00:00:00+00:00,11588914.291706935
2018-03-08 00:00:00+00:00,11588914.291706935
2018-03-09 00:00:00+00:00,11588914.291706935
2018-03-12 00:00:00+00:00,11588914.291706935
2018-03-13 00:00:00+00:00,11588914.291706935
2018-03-14 00:00:00+00:00,11588914.291706935
2018-03-15 00:00:00+00:00,11588914.291706935
2018-03-16 00:00:00+00:00,11588914.291706935
2018-03-19 00:00:00+00:00,11588914.291706935
2018-03-20 00:00:00+00:00,11588914.291706935
2018-03-21 00:00:00+00:00,11588914.291706935
2018-03-22 00:00:00+00:00,11588914.291706935
2018-03-23 00:00:00+00:00,11588914.291706935
2018-03-26 00:00:00+00:00,11588914.291706935
2018-03-27 00:00:00+00:00,11588914.291706935
2018-03-28 00:00:00+00:00,11588914.291706935
2018-03-29 00:00:00+00:00,11588914.291706935
2018-04-02 00:00:00+00:00,11588914.291706935
2018-04-03 00:00:00+00:00,11588914.291706935
2018-04-04 00:00:00+00:00,11588914.291706935
2018-04-05 00:00:00+00:00,11588914.291706935
2018-04-06 00:00:00+00:00,11588914.291706935
2018-04-09 00:00:00+00:00,11588914.291706935
2018-04-10 00:00:00+00:00,11588914.291706935
2018-04-11 00:00:00+00:00,11588914.291706935
2018-04-12 00:00:00+00:00,11588914.291706935
2018-04-13 00:00:00+00:00,11588914.291706935
2018-04-16 00:00:00+00:00,11588914.291706935
2018-04-17 00:00:00+00:00,11588914.291706935
2018-04-18 00:00:00+00:00,11588914.291706935
2018-04-19 00:00:00+00:00,11588914.291706935
2018-04-20 00:00:00+00:00,11588914.291706935
2018-04-23 00:00:00+00:00,11588914.291706935
2018-04-24 00:00:00+00:00,11588914.291706935
2018-04-25 00:00:00+00:00,11588914.291706935
2018-04-26 00:00:00+00:00,11588914.291706935
2018-04-27 00:00:00+00:00,11588914.291706935
2018-04-30 00:00:00+00:00,11588914.291706935
2018-05-01 00:00:00+00:00,11588914.291706935
2018-05-02 00:00:00+00:00,11588914.291706935
2018-05-03 00:00:00+00:00,11588914.291706935
2018-05-04 00:00:00+00:00,11588914.291706935
2018-05-07 00:00:00+00:00,11588914.291706935
2018-05-08 00:00:00+00:00,11588914.291706935
2018-05-09 00:00:00+00:00,11588914.291706935
2018-05-10 00:00:00+00:00,11588914.291706935
2018-05-11 00:00:00+00:00,11588914.291706935
2018-05-14 00:00:00+00:00,11588914.291706935
2018-05-15 00:00:00+00:00,11588914.291706935
2018-05-16 00:00:00+00:00,11588914.291706935
2018-05-17 00:00:00+00:00,11588914.291706935
2018-05-18 00:00:00+00:00,11588914.291706935
2018-05-21 00:00:00+00:00,11588914.291706935
2018-05-22 00:00:00+00:00,11588914.291706935
2018-05-23 00:00:00+00:00,11588914.291706935
2018-05-24 00:00:00+00:00,11588914.291706935
2018-05-25 00:00:00+00:00,11588914.291706935
2018-05-28 00:00:00+00:00,11588914.291706935
2018-05-29 00:00:00+00:00,11588914.291706935
2018-05-30 00:00:00+00:00,11588914.291706935
2018-05-31 00:00:00+00:00,11588914.291706935
2018-06-01 00:00:00+00:00,11588914.291706935
2018-06-04 00:00:00+00:00,11588914.291706935
2018-06-05 00:00:00+00:00,11588914.291706935
2018-06-06 00:00:00+00:00,11588914.291706935
2018-06-07 00:00:00+00:00,11588914.291706935
2018-06-08 00:00:00+00:00,11588914.291706935
2018-06-11 00:00:00+00:00,11588914.291706935
2018-06-12 00:00:00+00:00,11588914.291706935
2018-06-13 00:00:00+00:00,11588914.291706935
2018-06-14 00:00:00+00:00,11588914.291706935
2018-06-15 00:00:00+00:00,11588914.291706935
2018-06-18 00:00:00+00:00,11588914.291706935
2018-06-19 00:00:00+00:00,11588914.291706935
2018-06-20 00:00:00+00:00,11588914.291706935
2018-06-21 00:00:00+00:00,11588914.291706935
2018-06-22 00:00:00+00:00,11588914.291706935
2018-06-25 00:00:00+00:00,11588914.291706935
2018-06-26 00:00:00+00:00,11588914.291706935
2018-06-27 00:00:00+00:00,11588914.291706935
2018-06-28 00:00:00+00:00,11588914.291706935
2018-06-29 00:00:00+00:00,11588914.291706935
2018-07-02 00:00:00+00:00,11588914.291706935
2018-07-03 00:00:00+00:00,11588914.291706935
2018-07-04 00:00:00+00:00,11588914.291706935
2018-07-05 00:00:00+00:00,11588914.291706935
2018-07-06 00:00:00+00:00,11588914.291706935
2018-07-09 00:00:00+00:00,11588914.291706935
2018-07-10 00:00:00+00:00,11588914.291706935
2018-07-11 00:00:00+00:00,11588914.291706935
2018-07-12 00:00:00+00:00,11588914.291706935
2018-07-13 00:00:00+00:00,11588914.291706935
2018-07-16 00:00:00+00:00,11588914.291706935
2018-07-17 00:00:00+00:00,11588914.291706935
2018-07-18 00:00:00+00:00,11588914.291706935
2018-07-19 00:00:00+00:00,11588914.291706935
2018-07-20 00:00:00+00:00,11588914.291706935
2018-07-23 00:00:00+00:00,11588914.291706935
2018-07-24 00:00:00+00:00,11588914.291706935
2018-07-25 00:00:00+00:00,11588914.291706935
2018-07-26 00:00:00+00:00,11588914.291706935
2018-07-27 00:00:00+00:00,11588914.291706935
2018-07-30 00:00:00+00:00,11588914.291706935
2018-07-31 00:00:00+00:00,11588914.291706935
2018-08-01 00:00:00+00:00,11588914.291706935
2018-08-02 00:00:00+00:00,11588914.291706935
2018-08-03 00:00:00+00:00,11588914.291706935
2018-08-06 00:00:00+00:00,11588914.291706935
2018-08-07 00:00:00+00:00,11588914.291706935
2018-08-08 00:00:00+00:00,11588914.291706935
2018-08-09 00:00:00+00:00,11588914.291706935
2018-08-10 00:00:00+00:00,11588914.291706935
2018-08-13 00:00:00+00:00,11588914.291706935
2018-08-14 00:00:00+00:00,11588914.291706935
2018-08-15 00:00:00+00:00,11588914.291706935
2018-08-16 00:00:00+00:00,11588914.291706935
2018-08-17 00:00:00+00:00,11588914.291706935
2018-08-20 00:00:00+00:00,11588914.291706935
2018-08-21 00:00:00+00:00,11588914.291706935
2018-08-22 00:00:00+00:00,11588914.291706935
2018-08-23 00:00:00+00:00,11588914.291706935
2018-08-24 00:00:00+00:00,11588914.291706935
2018-08-27 00:00:00+00:00,11588914.291706935
2018-08-28 00:00:00+00:00,11588914.291706935
2018-08-29 00:00:00+00:00,11588914.291706935
2018-08-30 00:00:00+00:00,11588914.291706935
2018-08-31 00:00:00+00:00,11588914.291706935
2018-09-03 00:00:00+00:00,11588914.291706935
2018-09-04 00:00:00+00:00,11588914.291706935
2018-09-05 00:00:00+00:00,11588914.291706935
2018-09-06 00:00:00+00:00,11588914.291706935
2018-09-07 00:00:00+00:00,11588914.291706935
2018-09-10 00:00:00+00:00,11588914.291706935
2018-09-11 00:00:00+00:00,11588914.291706935
2018-09-12 00:00:00+00:00,11588914.291706935
2018-09-13 00:00:00+00:00,11588914.291706935
2018-09-14 00:00:00+00:00,11588914.291706935
2018-09-17 00:00:00+00:00,11588914.291706935
2018-09-18 00:00:00+00:00,11588914.291706935
2018-09-19 00:00:00+00:00,11588914.291706935
2018-09-20 00:00:00+00:00,11588914.291706935
2018-09-21 00:00:00+00:00,11588914.291706935
2018-09-24 00:00:00+00:00,11588914.291706935
2018-09-25 00:00:00+00:00,11588914.291706935
2018-09-26 00:00:00+00:00,11588914.291706935
2018-09-27 00:00:00+00:00,11588914.291706935
2018-09-28 00:00:00+00:00,11588914.291706935
2018-10-01 00:00:00+00:00,11588914.291706935
2018-10-02 00:00:00+00:00,11588914.291706935
2018-10-03 00:00:00+00:00,11588914.291706935
2018-10-04 00:00:00+00:00,11588914.291706935
2018-10-05 00:00:00+00:00,11588914.291706935
2018-10-08 00:00:00+00:00,11588914.291706935
2018-10-09 00:00:00+00:00,11588914.291706935
2018-10-10 00:00:00+00:00,11588914.291706935
2018-10-11 00:00:00+00:00,11588914.291706935
2018-10-12 00:00:00+00:00,11588914.291706935
2018-10-15 00:00:00+00:00,11588914.291706935
2018-10-16 00:00:00+00:00,11588914.291706935
2018-10-17 00:00:00+00:00,11588914.291706935
2018-10-18 00:00:00+00:00,11588914.291706935
2018-10-19 00:00:00+00:00,11588914.291706935
2018-10-22 00:00:00+00:00,11588914.291706935
2018-10-23 00:00:00+00:00,11588914.291706935
2018-10-24 00:00:00+00:00,11588914.291706935
2018-10-25 00:00:00+00:00,11588914.291706935
2018-10-26 00:00:00+00:00,11588914.291706935
2018-10-29 00:00:00+00:00,11588914.291706935
2018-10-30 00:00:00+00:00,11588914.291706935
2018-10-31 00:00:00+00:00,11588914.291706935
2018-11-01 00:00:00+00:00,11588914.291706935
2018-11-02 00:00:00+00:00,11588914.291706935
2018-11-05 00:00:00+00:00,11588914.291706935
2018-11-06 00:00:00+00:00,11588914.291706935
2018-11-07 00:00:00+00:00,11588914.291706935
2018-11-08 00:00:00+00:00,11588914.291706935
2018-11-09 00:00:00+00:00,11588914.291706935
2018-11-12 00:00:00+00:00,11588914.291706935
2018-11-13 00:00:00+00:00,11588914.291706935
2018-11-14 00:00:00+00:00,11588914.291706935
2018-11-15 00:00:00+00:00,11588914.291706935
2018-11-16 00:00:00+00:00,11588914.291706935
2018-11-19 00:00:00+00:00,11588914.291706935
2018-11-20 00:00:00+00:00,11588914.291706935
2018-11-21 00:00:00+00:00,11588914.291706935
2018-11-22 00:00:00+00:00,11588914.291706935
2018-11-23 00:00:00+00:00,11588914.291706935
2018-11-26 00:00:00+00:00,11588914.291706935
2018-11-27 00:00:00+00:00,11588914.291706935
2018-11-28 00:00:00+00:00,11588914.291706935
2018-11-29 00:00:00+00:00,11588914.291706935
2018-11-30 00:00:00+00:00,11588914.291706935
2018-12-03 00:00:00+00:00,11588914.291706935
2018-12-04 00:00:00+00:00,11588914.291706935
2018-12-05 00:00:00+00:00,11588914.291706935
2018-12-06 00:00:00+00:00,11588914.291706935
2018-12-07 00:00:00+00:00,11588914.291706935
2018-12-10 00:00:00+00:00,11588914.291706935
2018-12-11 00:00:00+00:00,11588914.291706935
2018-12-12 00:00:00+00:00,11588914.291706935
2018-12-13 00:00:00+00:00,11588914.291706935
2018-12-14 00:00:00+00:00,11588914.291706935
2018-12-17 00:00:00+00:00,11588914.291706935
2018-12-18 00:00:00+00:00,11588914.291706935
2018-12-19 00:00:00+00:00,11588914.291706935
2018-12-20 00:00:00+00:00,11588914.291706935
2018-12-21 00:00:00+00:00,11588914.291706935
2018-12-24 00:00:00+00:00,11588914.291706935
2018-12-26 00:00:00+00:00,11588914.291706935
2018-12-27 00:00:00+00:00,11588914.291706935
2018-12-28 00:00:00+00:00,11588914.291706935
2018-12-31 00:00:00+00:00,11588914.291706935
2019-01-01 00:00:00+00:00,11588914.291706935
2019-01-02 00:00:00+00:00,11588914.291706935
2019-01-03 00:00:00+00:00,11588914.291706935
2019-01-04 00:00:00+00:00,11588914.291706935
2019-01-07 00:00:00+00:00,11588914.291706935
2019-01-08 00:00:00+00:00,11588914.291706935
2019-01-09 00:00:00+00:00,11588914.291706935
2019-01-10 00:00:00+00:00,11588914.291706935
2019-01-11 00:00:00+00:00,11588914.291706935
2019-01-14 00:00:00+00:00,11588914.291706935
2019-01-15 00:00:00+00:00,11588914.291706935
2019-01-16 00:00:00+00:00,11588914.291706935
2019-01-17 00:00:00+00:00,11588914.291706935
2019-01-18 00:00:00+00:00,11588914.291706935
2019-01-21 00:00:00+00:00,11588914.291706935
2019-01-22 00:00:00+00:00,11588914.291706935
2019-01-23 00:00:00+00:00,11588914.291706935
2019-01-24 00:00:00+00:00,11588914.291706935
2019-01-25 00:00:00+00:00,11588914.291706935
2019-01-28 00:00:00+00:00,11588914.291706935
2019-01-29 00:00:00+00:00,11588914.291706935
2019-01-30 00:00:00+00:00,11588914.291706935
2019-01-31 00:00:00+00:00,11588914.291706935
2019-02-01 00:00:00+00:00,11588914.291706935
2019-02-04 00:00:00+00:00,11588914.291706935
2019-02-05 00:00:00+00:00,11588914.291706935
2019-02-06 00:00:00+00:00,11588914.291706935
2019-02-07 00:00:00+00:00,11588914.291706935
2019-02-08 00:00:00+00:00,11588914.291706935
2019-02-11 00:00:00+00:00,11588914.291706935
2019-02-12 00:00:00+00:00,11588914.291706935
2019-02-13 00:00:00+00:00,11588914.291706935
2019-02-14 00:00:00+00:00,11588914.291706935
2019-02-15 00:00:00+00:00,11588914.291706935
2019-02-18 00:00:00+00:00,11588914.291706935
2019-02-19 00:00:00+00:00,11588914.291706935
2019-02-20 00:00:00+00:00,11588914.291706935
2019-02-21 00:00:00+00:00,11588914.291706935
2019-02-22 00:00:00+00:00,11588914.291706935
2019-02-25 00:00:00+00:00,11588914.291706935
2019-02-26 00:00:00+00:00,11588914.291706935
2019-02-27 00:00:00+00:00,11588914.291706935
2019-02-28 00:00:00+00:00,11588914.291706935
2019-03-01 00:00:00+00:00,11588914.291706935
2019-03-04 00:00:00+00:00,11588914.291706935
2019-03-05 00:00:00+00:00,11588914.291706935
2019-03-06 00:00:00+00:00,11588914.291706935
2019-03-07 00:00:00+00:00,11588914.291706935
2019-03-08 00:00:00+00:00,11588914.291706935
2019-03-11 00:00:00+00:00,11588914.291706935
2019-03-12 00:00:00+00:00,11588914.291706935
2019-03-13 00:00:00+00:00,11588914.291706935
2019-03-14 00:00:00+00:00,11588914.291706935
2019-03-15 00:00:00+00:00,11588914.291706935
2019-03-18 00:00:00+00:00,11588914.291706935
2019-03-19 00:00:00+00:00,11588914.291706935
2019-03-20 00:00:00+00:00,11588914.291706935
2019-03-21 00:00:00+00:00,11588914.291706935
2019-03-22 00:00:00+00:00,11588914.291706935
2019-03-25 00:00:00+00:00,11588914.291706935
2019-03-26 00:00:00+00:00,11588914.291706935
2019-03-27 00:00:00+00:00,11588914.291706935
2019-03-28 00:00:00+00:00,11588914.291706935
2019-03-29 00:00:00+00:00,11588914.291706935
2019-04-01 00:00:00+00:00,11588914.291706935
2019-04-02 00:00:00+00:00,11588914.291706935
2019-04-03 00:00:00+00:00,11588914.291706935
2019-04-04 00:00:00+00:00,11588914.291706935
2019-04-05 00:00:00+00:00,11588914.291706935
2019-04-08 00:00:00+00:00,11588914.291706935
2019-04-09 00:00:00+00:00,11588914.291706935
2019-04-10 00:00:00+00:00,11588914.291706935
2019-04-11 00:00:00+00:00,11588914.291706935
2019-04-12 00:00:00+00:00,11588914.291706935
2019-04-15 00:00:00+00:00,11588914.291706935
2019-04-16 00:00:00+00:00,11588914.291706935
2019-04-17 00:00:00+00:00,11588914.291706935
2019-04-18 00:00:00+00:00,11588914.291706935
2019-04-22 00:00:00+00:00,11588914.291706935
2019-04-23 00:00:00+00:00,11588914.291706935
2019-04-24 00:00:00+00:00,11588914.291706935
2019-04-25 00:00:00+00:00,11588914.291706935
2019-04-26 00:00:00+00:00,11588914.291706935
2019-04-29 00:00:00+00:00,11588914.291706935
2019-04-30 00:00:00+00:00,11588914.291706935
2019-05-01 00:00:00+00:00,11588914.291706935
2019-05-02 00:00:00+00:00,11588914.291706935
2019-05-03 00:00:00+00:00,11588914.291706935
2019-05-06 00:00:00+00:00,11588914.291706935
2019-05-07 00:00:00+00:00,11588914.291706935
2019-05-08 00:00:00+00:00,11588914.291706935
2019-05-09 00:00:00+00:00,11588914.291706935
2019-05-10 00:00:00+00:00,11588914.291706935
2019-05-13 00:00:00+00:00,11588914.291706935
2019-05-14 00:00:00+00:00,11588914.291706935
2019-05-15 00:00:00+00:00,11588914.291706935
2019-05-16 00:00:00+00:00,11588914.291706935
2019-05-17 00:00:00+00:00,11588914.291706935
2019-05-20 00:00:00+00:00,11588914.291706935
2019-05-21 00:00:00+00:00,11588914.291706935
2019-05-22 00:00:00+00:00,11588914.291706935
2019-05-23 00:00:00+00:00,11588914.291706935
2019-05-24 00:00:00+00:00,11588914.291706935
2019-05-27 00:00:00+00:00,11588914.291706935
2019-05-28 00:00:00+00:00,11588914.291706935
2019-05-29 00:00:00+00:00,11588914.291706935
2019-05-30 00:00:00+00:00,11588914.291706935
2019-05-31 00:00:00+00:00,11588914.291706935
2019-06-03 00:00:00+00:00,11588914.291706935
2019-06-04 00:00:00+00:00,11588914.291706935
2019-06-05 00:00:00+00:00,11588914.291706935
2019-06-06 00:00:00+00:00,11588914.291706935
2019-06-07 00:00:00+00:00,11588914.291706935
2019-06-10 00:00:00+00:00,11588914.291706935
2019-06-11 00:00:00+00:00,11588914.291706935
2019-06-12 00:00:00+00:00,11588914.291706935
2019-06-13 00:00:00+00:00,11588914.291706935
2019-06-14 00:00:00+00:00,11588914.291706935
2019-06-17 00:00:00+00:00,11588914.291706935
2019-06-18 00:00:00+00:00,11588914.291706935
2019-06-19 00:00:00+00:00,11588914.291706935
2019-06-20 00:00:00+00:00,11588914.291706935
2019-06-21 00:00:00+00:00,11588914.291706935
2019-06-24 00:00:00+00:00,11588914.291706935
2019-06-25 00:00:00+00:00,11588914.291706935
2019-06-26 00:00:00+00:00,11588914.291706935
2019-06-27 00:00:00+00:00,11588914.291706935
2019-06-28 00:00:00+00:00,11588914.291706935
2019-07-01 00:00:00+00:00,11588914.291706935
2019-07-02 00:00:00+00:00,11588914.291706935
2019-07-03 00:00:00+00:00,11588914.291706935
2019-07-04 00:00:00+00:00,11588914.291706935
2019-07-05 00:00:00+00:00,11588914.291706935
2019-07-08 00:00:00+00:00,11588914.291706935
2019-07-09 00:00:00+00:00,11588914.291706935
2019-07-10 00:00:00+00:00,11588914.291706935
2019-07-11 00:00:00+00:00,11588914.291706935
2019-07-12 00:00:00+00:00,11588914.291706935
2019-07-15 00:00:00+00:00,11588914.291706935
2019-07-16 00:00:00+00:00,11588914.291706935
2019-07-17 00:00:00+00:00,11588914.291706935
2019-07-18 00:00:00+00:00,11588914.291706935
2019-07-19 00:00:00+00:00,11588914.291706935
2019-07-22 00:00:00+00:00,11588914.291706935
2019-07-23 00:00:00+00:00,11588914.291706935
2019-07-24 00:00:00+00:00,11588914.291706935
2019-07-25 00:00:00+00:00,11588914.291706935
2019-07-26 00:00:00+00:00,11588914.291706935
2019-07-29 00:00:00+00:00,11588914.291706935
2019-07-30 00:00:00+00:00,11588914.291706935
2019-07-31 00:00:00+00:00,11588914.291706935
2019-08-01 00:00:00+00:00,11588914.291706935
2019-08-02 00:00:00+00:00,11588914.291706935
2019-08-05 00:00:00+00:00,11588914.291706935
2019-08-06 00:00:00+00:00,11588914.291706935
2019-08-07 00:00:00+00:00,11588914.291706935
2019-08-08 00:00:00+00:00,11588914.291706935
2019-08-09 00:00:00+00:00,11588914.291706935
2019-08-12 00:00:00+00:00,11588914.291706935
2019-08-13 00:00:00+00:00,11588914.291706935
2019-08-14 00:00:00+00:00,11588914.291706935
2019-08-15 00:00:00+00:00,11588914.291706935
2019-08-16 00:00:00+00:00,11588914.291706935
2019-08-19 00:00:00+00:00,11588914.291706935
2019-08-20 00:00:00+00:00,11588914.291706935
2019-08-21 00:00:00+00:00,11588914.291706935
2019-08-22 00:00:00+00:00,11588914.291706935
2019-08-23 00:00:00+00:00,11588914.291706935
2019-08-26 00:00:00+00:00,11588914.291706935
2019-08-27 00:00:00+00:00,11588914.291706935
2019-08-28 00:00:00+00:00,11588914.291706935
2019-08-29 00:00:00+00:00,11588914.291706935
2019-08-30 00:00:00+00:00,11588914.291706935
2019-09-03 00:00:00+00:00,11588914.291706935
2019-09-04 00:00:00+00:00,11588914.291706935
2019-09-05 00:00:00+00:00,11588914.291706935
2019-09-06 00:00:00+00:00,11588914.291706935
2019-09-09 00:00:00+00:00,11588914.291706935
2019-09-10 00:00:00+00:00,11588914.291706935
2019-09-11 00:00:00+00:00,11588914.291706935
2019-09-12 00:00:00+00:00,11588914.291706935
2019-09-13 00:00:00+00:00,11588914.291706935
2019-09-16 00:00:00+00:00,11588914.291706935
2019-09-17 00:00:00+00:00,11588914.291706935
2019-09-18 00:00:00+00:00,11588914.291706935
2019-09-19 00:00:00+00:00,11588914.291706935
2019-09-20 00:00:00+00:00,11588914.291706935
2019-09-23 00:00:00+00:00,11588914.291706935
2019-09-24 00:00:00+00:00,11588914.291706935
2019-09-25 00:00:00+00:00,11588914.291706935
2019-09-26 00:00:00+00:00,11588914.291706935
2019-09-27 00:00:00+00:00,11588914.291706935
2019-09-30 00:00:00+00:00,11588914.291706935
2019-10-01 00:00:00+00:00,11588914.291706935
2019-10-02 00:00:00+00:00,11588914.291706935
2019-10-03 00:00:00+00:00,11588914.291706935
2019-10-04 00:00:00+00:00,11588914.291706935
2019-10-07 00:00:00+00:00,11588914.291706935
2019-10-08 00:00:00+00:00,11588914.291706935
2019-10-09 00:00:00+00:00,11588914.291706935
2019-10-10 00:00:00+00:00,11588914.291706935
2019-10-11 00:00:00+00:00,11588914.291706935
2019-10-14 00:00:00+00:00,11588914.291706935
2019-10-15 00:00:00+00:00,11588914.291706935
2019-10-16 00:00:00+00:00,11588914.291706935
2019-10-17 00:00:00+00:00,11588914.291706935
2019-10-18 00:00:00+00:00,11588914.291706935
2019-10-21 00:00:00+00:00,11588914.291706935
2019-10-22 00:00:00+00:00,11588914.291706935
2019-10-23 00:00:00+00:00,11588914.291706935
2019-10-24 00:00:00+00:00,11588914.291706935
2019-10-25 00:00:00+00:00,11588914.291706935
2019-10-27 00:00:00+00:00,11588914.291706935
2019-10-28 00:00:00+00:00,11588914.291706935
2019-10-29 00:00:00+00:00,11588914.291706935
2019-10-30 00:00:00+00:00,11588914.291706935
2019-10-31 00:00:00+00:00,11588914.291706935
2019-11-01 00:00:00+00:00,11588914.291706935
2019-11-04 00:00:00+00:00,11588914.291706935
2019-11-05 00:00:00+00:00,11588914.291706935
2019-11-06 00:00:00+00:00,11588914.291706935
2019-11-07 00:00:00+00:00,11588914.291706935
2019-11-08 00:00:00+00:00,11588914.291706935
2019-11-11 00:00:00+00:00,11588914.291706935
2019-11-12 00:00:00+00:00,11588914.291706935
2019-11-13 00:00:00+00:00,11588914.291706935
2019-11-14 00:00:00+00:00,11588914.291706935
2019-11-15 00:00:00+00:00,11588914.291706935
2019-11-18 00:00:00+00:00,11588914.291706935
2019-11-19 00:00:00+00:00,11588914.291706935
2019-11-20 00:00:00+00:00,11588914.291706935
2019-11-21 00:00:00+00:00,11588914.291706935
2019-11-22 00:00:00+00:00,11588914.291706935
2019-11-25 00:00:00+00:00,11588914.291706935
2019-11-26 00:00:00+00:00,11588914.291706935
2019-11-27 00:00:00+00:00,11588914.291706935
2019-11-28 00:00:00+00:00,11588914.291706935
2019-11-29 00:00:00+00:00,11588914.291706935
2019-12-02 00:00:00+00:00,11588914.291706935
2019-12-03 00:00:00+00:00,11588914.291706935
2019-12-04 00:00:00+00:00,11588914.291706935
2019-12-05 00:00:00+00:00,11588914.291706935
2019-12-06 00:00:00+00:00,11588914.291706935
2019-12-09 00:00:00+00:00,11588914.291706935
2019-12-10 00:00:00+00:00,11588914.291706935
2019-12-11 00:00:00+00:00,11588914.291706935
2019-12-12 00:00:00+00:00,11588914.291706935
2019-12-13 00:00:00+00:00,11588914.291706935
2019-12-16 00:00:00+00:00,11588914.291706935
2019-12-17 00:00:00+00:00,11588914.291706935
2019-12-18 00:00:00+00:00,11588914.291706935
2019-12-19 00:00:00+00:00,11588914.291706935
2019-12-20 00:00:00+00:00,11588914.291706935
2019-12-23 00:00:00+00:00,11588914.291706935
2019-12-24 00:00:00+00:00,11588914.291706935
2019-12-26 00:00:00+00:00,11588914.291706935
2019-12-27 00:00:00+00:00,11588914.291706935
2019-12-30 00:00:00+00:00,11588914.291706935
2019-12-31 00:00:00+00:00,11588914.291706935
2020-01-01 00:00:00+00:00,11588914.291706935
2020-01-02 00:00:00+00:00,11588914.291706935
2020-01-03 00:00:00+00:00,11588914.291706935
2020-01-06 00:00:00+00:00,11588914.291706935
2020-01-07 00:00:00+00:00,11588914.291706935
2020-01-08 00:00:00+00:00,11588914.291706935
2020-01-09 00:00:00+00:00,11588914.291706935
2020-01-10 00:00:00+00:00,11588914.291706935
2020-01-13 00:00:00+00:00,11588914.291706935
2020-01-14 00:00:00+00:00,11588914.291706935
2020-01-15 00:00:00+00:00,11588914.291706935
2020-01-16 00:00:00+00:00,11588914.291706935
2020-01-17 00:00:00+00:00,11588914.291706935
2020-01-20 00:00:00+00:00,11588914.291706935
2020-01-21 00:00:00+00:00,11588914.291706935
2020-01-22 00:00:00+00:00,11588914.291706935
2020-01-23 00:00:00+00:00,11588914.291706935
2020-01-24 00:00:00+00:00,11588914.291706935
2020-01-27 00:00:00+00:00,11588914.291706935
2020-01-28 00:00:00+00:00,11588914.291706935
2020-01-29 00:00:00+00:00,11588914.291706935
2020-01-30 00:00:00+00:00,11588914.291706935
2020-01-31 00:00:00+00:00,11588914.291706935
2020-02-03 00:00:00+00:00,11588914.291706935
2020-02-04 00:00:00+00:00,11588914.291706935
2020-02-05 00:00:00+00:00,11588914.291706935
2020-02-06 00:00:00+00:00,11588914.291706935
2020-02-07 00:00:00+00:00,11588914.291706935
2020-02-10 00:00:00+00:00,11588914.291706935
2020-02-11 00:00:00+00:00,11588914.291706935
2020-02-12 00:00:00+00:00,11588914.291706935
2020-02-13 00:00:00+00:00,11588914.291706935
2020-02-14 00:00:00+00:00,11588914.291706935
2020-02-17 00:00:00+00:00,11588914.291706935
2020-02-18 00:00:00+00:00,11588914.291706935
2020-02-19 00:00:00+00:00,11588914.291706935
2020-02-20 00:00:00+00:00,11588914.291706935
2020-02-21 00:00:00+00:00,11588914.291706935
2020-02-24 00:00:00+00:00,11588914.291706935
2020-02-25 00:00:00+00:00,11588914.291706935
2020-02-26 00:00:00+00:00,11588914.291706935
2020-02-27 00:00:00+00:00,11588914.291706935
2020-02-28 00:00:00+00:00,11588914.291706935
2020-03-02 00:00:00+00:00,11588914.291706935
2020-03-03 00:00:00+00:00,11588914.291706935
2020-03-04 00:00:00+00:00,11588914.291706935
2020-03-05 00:00:00+00:00,11588914.291706935
2020-03-06 00:00:00+00:00,11588914.291706935
2020-03-09 00:00:00+00:00,11588914.291706935
2020-03-10 00:00:00+00:00,11588914.291706935
2020-03-11 00:00:00+00:00,11588914.291706935
2020-03-12 00:00:00+00:00,11588914.291706935
2020-03-13 00:00:00+00:00,11588914.291706935
2020-03-16 00:00:00+00:00,11588914.291706935
2020-03-17 00:00:00+00:00,11588914.291706935
2020-03-18 00:00:00+00:00,11588914.291706935
2020-03-19 00:00:00+00:00,11588914.291706935
2020-03-20 00:00:00+00:00,11588914.291706935
2020-03-23 00:00:00+00:00,11588914.291706935
2020-03-24 00:00:00+00:00,11588914.291706935
2020-03-25 00:00:00+00:00,11588914.291706935
2020-03-26 00:00:00+00:00,11588914.291706935
2020-03-27 00:00:00+00:00,11588914.291706935
2020-03-30 00:00:00+00:00,11588914.291706935
2020-03-31 00:00:00+00:00,11588914.291706935
2020-04-01 00:00:00+00:00,11588914.291706935
2020-04-02 00:00:00+00:00,11588914.291706935
2020-04-03 00:00:00+00:00,11588914.291706935
2020-04-06 00:00:00+00:00,11588914.291706935
2020-04-07 00:00:00+00:00,11588914.291706935
2020-04-08 00:00:00+00:00,11588914.291706935
2020-04-09 00:00:00+00:00,11588914.291706935
2020-04-13 00:00:00+00:00,11588914.291706935
2020-04-14 00:00:00+00:00,11588914.291706935
2020-04-15 00:00:00+00:00,11588914.291706935
2020-04-16 00:00:00+00:00,11588914.291706935
2020-04-17 00:00:00+00:00,11588914.291706935
2020-04-20 00:00:00+00:00,11588914.291706935
2020-04-21 00:00:00+00:00,11588914.291706935
2020-04-22 00:00:00+00:00,11588914.291706935
2020-04-23 00:00:00+00:00,11588914.291706935
2020-04-24 00:00:00+00:00,11588914.291706935
2020-04-27 00:00:00+00:00,11588914.291706935
2020-04-28 00:00:00+00:00,11588914.291706935
2020-04-29 00:00:00+00:00,11588914.291706935
2020-04-30 00:00:00+00:00,11588914.291706935
2020-05-01 00:00:00+00:00,11588914.291706935
2020-05-04 00:00:00+00:00,11588914.291706935
2020-05-05 00:00:00+00:00,11588914.291706935
2020-05-06 00:00:00+00:00,11588914.291706935
2020-05-07 00:00:00+00:00,11588914.291706935
2020-05-08 00:00:00+00:00,11588914.291706935
2020-05-11 00:00:00+00:00,11588914.291706935
2020-05-12 00:00:00+00:00,11588914.291706935
2020-05-13 00:00:00+00:00,11588914.291706935
2020-05-14 00:00:00+00:00,11588914.291706935
2020-05-15 00:00:00+00:00,11588914.291706935
2020-05-18 00:00:00+00:00,11588914.291706935
2020-05-19 00:00:00+00:00,11588914.291706935
2020-05-20 00:00:00+00:00,11588914.291706935
2020-05-21 00:00:00+00:00,11588914.291706935
2020-05-22 00:00:00+00:00,11588914.291706935
2020-05-26 00:00:00+00:00,11588914.291706935
2020-05-27 00:00:00+00:00,11588914.291706935
2020-05-28 00:00:00+00:00,11588914.291706935
2020-05-29 00:00:00+00:00,11588914.291706935
2020-06-01 00:00:00+00:00,11588914.291706935
2020-06-02 00:00:00+00:00,11588914.291706935
2020-06-03 00:00:00+00:00,11588914.291706935
2020-06-04 00:00:00+00:00,11588914.291706935
2020-06-05 00:00:00+00:00,11588914.291706935
2020-06-08 00:00:00+00:00,11588914.291706935
2020-06-09 00:00:00+00:00,11588914.291706935
2020-06-10 00:00:00+00:00,11588914.291706935
2020-06-11 00:00:00+00:00,11588914.291706935
2020-06-12 00:00:00+00:00,11588914.291706935
2020-06-15 00:00:00+00:00,11588914.291706935
2020-06-16 00:00:00+00:00,11588914.291706935
2020-06-17 00:00:00+00:00,11588914.291706935
2020-06-18 00:00:00+00:00,11588914.291706935
2020-06-19 00:00:00+00:00,11588914.291706935
2020-06-22 00:00:00+00:00,11588914.291706935
2020-06-23 00:00:00+00:00,11588914.291706935
2020-06-24 00:00:00+00:00,11588914.291706935
2020-06-25 00:00:00+00:00,11588914.291706935
2020-06-26 00:00:00+00:00,11588914.291706935
2020-06-29 00:00:00+00:00,11588914.291706935
2020-06-30 00:00:00+00:00,11588914.291706935
2020-07-01 00:00:00+00:00,11588914.291706935
2020-07-02 00:00:00+00:00,11588914.291706935
2020-07-03 00:00:00+00:00,11588914.291706935
2020-07-06 00:00:00+00:00,11588914.291706935
2020-07-07 00:00:00+00:00,11588914.291706935
2020-07-08 00:00:00+00:00,11588914.291706935
2020-07-09 00:00:00+00:00,11588914.291706935
2020-07-10 00:00:00+00:00,11588914.291706935
2020-07-13 00:00:00+00:00,11588914.291706935
2020-07-14 00:00:00+00:00,11588914.291706935
2020-07-15 00:00:00+00:00,11588914.291706935
2020-07-16 00:00:00+00:00,11588914.291706935
2020-07-17 00:00:00+00:00,11588914.291706935
2020-07-20 00:00:00+00:00,11588914.291706935
2020-07-21 00:00:00+00:00,11588914.291706935
2020-07-22 00:00:00+00:00,11588914.291706935
2020-07-23 00:00:00+00:00,11588914.291706935
2020-07-24 00:00:00+00:00,11588914.291706935
2020-07-27 00:00:00+00:00,11588914.291706935
2020-07-28 00:00:00+00:00,11588914.291706935
2020-07-29 00:00:00+00:00,11588914.291706935
2020-07-30 00:00:00+00:00,11588914.291706935
2020-07-31 00:00:00+00:00,11588914.291706935
2020-08-03 00:00:00+00:00,11588914.291706935
2020-08-04 00:00:00+00:00,11588914.291706935
2020-08-05 00:00:00+00:00,11588914.291706935
2020-08-06 00:00:00+00:00,11588914.291706935
2020-08-07 00:00:00+00:00,11588914.291706935
2020-08-10 00:00:00+00:00,11588914.291706935
2020-08-11 00:00:00+00:00,11588914.291706935
2020-08-12 00:00:00+00:00,11588914.291706935
2020-08-13 00:00:00+00:00,11588914.291706935
2020-08-14 00:00:00+00:00,11588914.291706935
2020-08-17 00:00:00+00:00,11588914.291706935
2020-08-18 00:00:00+00:00,11588914.291706935
2020-08-19 00:00:00+00:00,11588914.291706935
2020-08-20 00:00:00+00:00,11588914.291706935
2020-08-21 00:00:00+00:00,11588914.291706935
2020-08-24 00:00:00+00:00,11588914.291706935
2020-08-25 00:00:00+00:00,11588914.291706935
2020-08-26 00:00:00+00:00,11588914.291706935
2020-08-27 00:00:00+00:00,11588914.291706935
2020-08-28 00:00:00+00:00,11588914.291706935
2020-08-31 00:00:00+00:00,11588914.291706935
2020-09-01 00:00:00+00:00,11588914.291706935
2020-09-02 00:00:00+00:00,11588914.291706935
2020-09-03 00:00:00+00:00,11588914.291706935
2020-09-04 00:00:00+00:00,11588914.291706935
2020-09-07 00:00:00+00:00,11588914.291706935
2020-09-08 00:00:00+00:00,11588914.291706935
2020-09-09 00:00:00+00:00,11588914.291706935
2020-09-10 00:00:00+00:00,11588914.291706935
2020-09-11 00:00:00+00:00,11588914.291706935
2020-09-14 00:00:00+00:00,11588914.291706935
2020-09-15 00:00:00+00:00,11588914.291706935
2020-09-16 00:00:00+00:00,11588914.291706935
2020-09-17 00:00:00+00:00,11588914.291706935
2020-09-18 00:00:00+00:00,11588914.291706935
2020-09-21 00:00:00+00:00,11588914.291706935
2020-09-22 00:00:00+00:00,11588914.291706935
2020-09-23 00:00:00+00:00,11588914.291706935
2020-09-24 00:00:00+00:00,11588914.291706935
2020-09-25 00:00:00+00:00,11588914.291706935
2020-09-28 00:00:00+00:00,11588914.291706935
2020-09-29 00:00:00+00:00,11588914.291706935
2020-09-30 00:00:00+00:00,11588914.291706935
2020-10-01 00:00:00+00:00,11588914.291706935
2020-10-02 00:00:00+00:00,11588914.291706935
2020-10-05 00:00:00+00:00,11588914.291706935
2020-10-06 00:00:00+00:00,11588914.291706935
2020-10-07 00:00:00+00:00,11588914.291706935
2020-10-08 00:00:00+00:00,11588914.291706935
2020-10-09 00:00:00+00:00,11588914.291706935
2020-10-12 00:00:00+00:00,11588914.291706935
2020-10-13 00:00:00+00:00,11588914.291706935
2020-10-14 00:00:00+00:00,11588914.291706935
2020-10-15 00:00:00+00:00,11588914.291706935
2020-10-16 00:00:00+00:00,11588914.291706935
2020-10-19 00:00:00+00:00,11588914.291706935
2020-10-20 00:00:00+00:00,11588914.291706935
2020-10-21 00:00:00+00:00,11588914.291706935
2020-10-22 00:00:00+00:00,11588914.291706935
2020-10-23 00:00:00+00:00,11588914.291706935
2020-10-26 00:00:00+00:00,11588914.291706935
2020-10-27 00:00:00+00:00,11588914.291706935
2020-10-28 00:00:00+00:00,11588914.291706935
2020-10-29 00:00:00+00:00,11588914.291706935
2020-10-30 00:00:00+00:00,11588914.291706935
2020-11-02 00:00:00+00:00,11588914.291706935
2020-11-03 00:00:00+00:00,11588914.291706935
2020-11-04 00:00:00+00:00,11588914.291706935
2020-11-05 00:00:00+00:00,11588914.291706935
2020-11-06 00:00:00+00:00,11588914.291706935
2020-11-09 00:00:00+00:00,11588914.291706935
2020-11-10 00:00:00+00:00,11588914.291706935
2020-11-11 00:00:00+00:00,11588914.291706935
2020-11-12 00:00:00+00:00,11588914.291706935
2020-11-13 00:00:00+00:00,11588914.291706935
2020-11-14 00:00:00+00:00,11588914.291706935
2020-11-16 00:00:00+00:00,11588914.291706935
2020-11-17 00:00:00+00:00,11588914.291706935
2020-11-18 00:00:00+00:00,11588914.291706935
2020-11-19 00:00:00+00:00,11588914.291706935
2020-11-20 00:00:00+00:00,11588914.291706935
2020-11-23 00:00:00+00:00,11588914.291706935
2020-11-24 00:00:00+00:00,11588914.291706935
2020-11-25 00:00:00+00:00,11588914.291706935
2020-11-26 00:00:00+00:00,11588914.291706935
2020-11-27 00:00:00+00:00,11588914.291706935
2020-11-30 00:00:00+00:00,11588914.291706935
2020-12-01 00:00:00+00:00,11588914.291706935
2020-12-02 00:00:00+00:00,11588914.291706935
2020-12-03 00:00:00+00:00,11588914.291706935
2020-12-04 00:00:00+00:00,11588914.291706935
2020-12-07 00:00:00+00:00,11588914.291706935
2020-12-08 00:00:00+00:00,11588914.291706935
2020-12-09 00:00:00+00:00,11588914.291706935
2020-12-10 00:00:00+00:00,11588914.291706935
2020-12-11 00:00:00+00:00,11588914.291706935
2020-12-14 00:00:00+00:00,11588914.291706935
2020-12-15 00:00:00+00:00,11588914.291706935
2020-12-16 00:00:00+00:00,11588914.291706935
2020-12-17 00:00:00+00:00,11588914.291706935
2020-12-18 00:00:00+00:00,11588914.291706935
2020-12-21 00:00:00+00:00,11588914.291706935
2020-12-22 00:00:00+00:00,11588914.291706935
2020-12-23 00:00:00+00:00,11588914.291706935
2020-12-24 00:00:00+00:00,11588914.291706935
2020-12-28 00:00:00+00:00,11588914.291706935
2020-12-29 00:00:00+00:00,11588914.291706935
2020-12-30 00:00:00+00:00,11588914.291706935
2020-12-31 00:00:00+00:00,11588914.291706935
2021-01-01 00:00:00+00:00,11588914.291706935
2021-01-04 00:00:00+00:00,11588914.291706935
2021-01-05 00:00:00+00:00,11588914.291706935
2021-01-06 00:00:00+00:00,11588914.291706935
2021-01-07 00:00:00+00:00,11588914.291706935
2021-01-08 00:00:00+00:00,11588914.291706935
2021-01-11 00:00:00+00:00,11588914.291706935
2021-01-12 00:00:00+00:00,11588914.291706935
2021-01-13 00:00:00+00:00,11588914.291706935
2021-01-14 00:00:00+00:00,11588914.291706935
2021-01-15 00:00:00+00:00,11588914.291706935
2021-01-18 00:00:00+00:00,11588914.291706935
2021-01-19 00:00:00+00:00,11588914.291706935
2021-01-20 00:00:00+00:00,11588914.291706935
2021-01-21 00:00:00+00:00,11588914.291706935
2021-01-22 00:00:00+00:00,11588914.291706935
2021-01-25 00:00:00+00:00,11588914.291706935
2021-01-26 00:00:00+00:00,11588914.291706935
2021-01-27 00:00:00+00:00,11588914.291706935
2021-01-28 00:00:00+00:00,11588914.291706935
2021-01-29 00:00:00+00:00,11588914.291706935
2021-02-01 00:00:00+00:00,11588914.291706935
2021-02-02 00:00:00+00:00,11588914.291706935
2021-02-03 00:00:00+00:00,11588914.291706935
2021-02-04 00:00:00+00:00,11588914.291706935
2021-02-05 00:00:00+00:00,11588914.291706935
2021-02-08 00:00:00+00:00,11588914.291706935
2021-02-09 00:00:00+00:00,11588914.291706935
2021-02-10 00:00:00+00:00,11588914.291706935
2021-02-11 00:00:00+00:00,11588914.291706935
2021-02-12 00:00:00+00:00,11588914.291706935
2021-02-15 00:00:00+00:00,11588914.291706935
2021-02-16 00:00:00+00:00,11588914.291706935
2021-02-17 00:00:00+00:00,11588914.291706935
2021-02-18 00:00:00+00:00,11588914.291706935
2021-02-19 00:00:00+00:00,11588914.291706935
2021-02-22 00:00:00+00:00,11588914.291706935
2021-02-23 00:00:00+00:00,11588914.291706935
2021-02-24 00:00:00+00:00,11588914.291706935
2021-02-25 00:00:00+00:00,11588914.291706935
2021-02-26 00:00:00+00:00,11588914.291706935
2021-03-01 00:00:00+00:00,11588914.291706935
2021-03-02 00:00:00+00:00,11588914.291706935
2021-03-03 00:00:00+00:00,11588914.291706935
2021-03-04 00:00:00+00:00,11588914.291706935
2021-03-05 00:00:00+00:00,11588914.291706935
2021-03-08 00:00:00+00:00,11588914.291706935
2021-03-09 00:00:00+00:00,11588914.291706935
2021-03-10 00:00:00+00:00,11588914.291706935
2021-03-11 00:00:00+00:00,11588914.291706935
2021-03-12 00:00:00+00:00,11588914.291706935
2021-03-15 00:00:00+00:00,11588914.291706935
2021-03-16 00:00:00+00:00,11588914.291706935
2021-03-17 00:00:00+00:00,11588914.291706935
2021-03-18 00:00:00+00:00,11588914.291706935
2021-03-19 00:00:00+00:00,11588914.291706935
2021-03-22 00:00:00+00:00,11588914.291706935
2021-03-23 00:00:00+00:00,11588914.291706935
2021-03-24 00:00:00+00:00,11588914.291706935
2021-03-25 00:00:00+00:00,11588914.291706935
2021-03-26 00:00:00+00:00,11588914.291706935
2021-03-29 00:00:00+00:00,11588914.291706935
2021-03-30 00:00:00+00:00,11588914.291706935
2021-03-31 00:00:00+00:00,11588914.291706935
2021-04-01 00:00:00+00:00,11588914.291706935
2021-04-05 00:00:00+00:00,11588914.291706935
2021-04-06 00:00:00+00:00,11588914.291706935
2021-04-07 00:00:00+00:00,11588914.291706935
2021-04-08 00:00:00+00:00,11588914.291706935
2021-04-09 00:00:00+00:00,11588914.291706935
2021-04-12 00:00:00+00:00,11588914.291706935
2021-04-13 00:00:00+00:00,11588914.291706935
2021-04-14 00:00:00+00:00,11588914.291706935
2021-04-15 00:00:00+00:00,11588914.291706935
2021-04-16 00:00:00+00:00,11588914.291706935
2021-04-19 00:00:00+00:00,11588914.291706935
2021-04-20 00:00:00+00:00,11588914.291706935
2021-04-21 00:00:00+00:00,11588914.291706935
2021-04-22 00:00:00+00:00,11588914.291706935
2021-04-23 00:00:00+00:00,11588914.291706935
2021-04-26 00:00:00+00:00,11588914.291706935
2021-04-27 00:00:00+00:00,11588914.291706935
2021-04-28 00:00:00+00:00,11588914.291706935
2021-04-29 00:00:00+00:00,11588914.291706935
2021-04-30 00:00:00+00:00,11588914.291706935
2021-05-03 00:00:00+00:00,11588914.291706935
2021-05-04 00:00:00+00:00,11588914.291706935
2021-05-05 00:00:00+00:00,11588914.291706935
2021-05-06 00:00:00+00:00,11588914.291706935
2021-05-07 00:00:00+00:00,11588914.291706935
2021-05-10 00:00:00+00:00,11588914.291706935
2021-05-11 00:00:00+00:00,11588914.291706935
2021-05-12 00:00:00+00:00,11588914.291706935
2021-05-13 00:00:00+00:00,11588914.291706935
2021-05-14 00:00:00+00:00,11588914.291706935
2021-05-17 00:00:00+00:00,11588914.291706935
2021-05-18 00:00:00+00:00,11588914.291706935
2021-05-19 00:00:00+00:00,11588914.291706935
2021-05-20 00:00:00+00:00,11588914.291706935
2021-05-21 00:00:00+00:00,11588914.291706935
2021-05-24 00:00:00+00:00,11588914.291706935
2021-05-25 00:00:00+00:00,11588914.291706935
2021-05-26 00:00:00+00:00,11588914.291706935
2021-05-27 00:00:00+00:00,11588914.291706935
2021-05-28 00:00:00+00:00,11588914.291706935
2021-05-31 00:00:00+00:00,11588914.291706935
2021-06-01 00:00:00+00:00,11588914.291706935
2021-06-02 00:00:00+00:00,11588914.291706935
2021-06-03 00:00:00+00:00,11588914.291706935
2021-06-04 00:00:00+00:00,11588914.291706935
2021-06-07 00:00:00+00:00,11588914.291706935
2021-06-08 00:00:00+00:00,11588914.291706935
2021-06-09 00:00:00+00:00,11588914.291706935
2021-06-10 00:00:00+00:00,11588914.291706935
2021-06-11 00:00:00+00:00,11588914.291706935
2021-06-14 00:00:00+00:00,11588914.291706935
2021-06-15 00:00:00+00:00,11588914.291706935
2021-06-16 00:00:00+00:00,11588914.291706935
2021-06-17 00:00:00+00:00,11588914.291706935
2021-06-18 00:00:00+00:00,11588914.291706935
2021-06-21 00:00:00+00:00,11588914.291706935
2021-06-22 00:00:00+00:00,11588914.291706935
2021-06-23 00:00:00+00:00,11588914.291706935
2021-06-24 00:00:00+00:00,11588914.291706935
2021-06-25 00:00:00+00:00,11588914.291706935
2021-06-28 00:00:00+00:00,11588914.291706935
2021-06-29 00:00:00+00:00,11588914.291706935
2021-06-30 00:00:00+00:00,11588914.291706935
2021-07-01 00:00:00+00:00,11588914.291706935
2021-07-02 00:00:00+00:00,11588914.291706935
2021-07-05 00:00:00+00:00,11588914.291706935
2021-07-06 00:00:00+00:00,11588914.291706935
2021-07-07 00:00:00+00:00,11588914.291706935
2021-07-08 00:00:00+00:00,11588914.291706935
2021-07-09 00:00:00+00:00,11588914.291706935
2021-07-12 00:00:00+00:00,11588914.291706935
2021-07-13 00:00:00+00:00,11588914.291706935
2021-07-14 00:00:00+00:00,11588914.291706935
2021-07-15 00:00:00+00:00,11588914.291706935
2021-07-16 00:00:00+00:00,11588914.291706935
2021-07-19 00:00:00+00:00,11588914.291706935
2021-07-20 00:00:00+00:00,11588914.291706935
2021-07-21 00:00:00+00:00,11588914.291706935
2021-07-22 00:00:00+00:00,11588914.291706935
2021-07-23 00:00:00+00:00,11588914.291706935
2021-07-26 00:00:00+00:00,11588914.291706935
2021-07-27 00:00:00+00:00,11588914.291706935
2021-07-28 00:00:00+00:00,11588914.291706935
2021-07-29 00:00:00+00:00,11588914.291706935
2021-07-30 00:00:00+00:00,11588914.291706935
2021-08-02 00:00:00+00:00,11588914.291706935
2021-08-03 00:00:00+00:00,11588914.291706935
2021-08-04 00:00:00+00:00,11588914.291706935
2021-08-05 00:00:00+00:00,11588914.291706935
2021-08-06 00:00:00+00:00,11588914.291706935
2021-08-09 00:00:00+00:00,11588914.291706935
2021-08-10 00:00:00+00:00,11588914.291706935
2021-08-11 00:00:00+00:00,11588914.291706935
2021-08-12 00:00:00+00:00,11588914.291706935
2021-08-13 00:00:00+00:00,11588914.291706935
2021-08-16 00:00:00+00:00,11588914.291706935
2021-08-17 00:00:00+00:00,11588914.291706935
2021-08-18 00:00:00+00:00,11588914.291706935
2021-08-19 00:00:00+00:00,11588914.291706935
2021-08-20 00:00:00+00:00,11588914.291706935
2021-08-23 00:00:00+00:00,11588914.291706935
2021-08-24 00:00:00+00:00,11588914.291706935
2021-08-25 00:00:00+00:00,11588914.291706935
2021-08-26 00:00:00+00:00,11588914.291706935
2021-08-27 00:00:00+00:00,11588914.291706935
2021-08-30 00:00:00+00:00,11588914.291706935
2021-08-31 00:00:00+00:00,11588914.291706935
2021-09-01 00:00:00+00:00,11588914.291706935
2021-09-02 00:00:00+00:00,11588914.291706935
2021-09-03 00:00:00+00:00,11588914.291706935
2021-09-06 00:00:00+00:00,11588914.291706935
2021-09-07 00:00:00+00:00,11588914.291706935
2021-09-08 00:00:00+00:00,11588914.291706935
2021-09-09 00:00:00+00:00,11588914.291706935
2021-09-10 00:00:00+00:00,11588914.291706935
2021-09-13 00:00:00+00:00,11588914.291706935
2021-09-14 00:00:00+00:00,11588914.291706935
2021-09-15 00:00:00+00:00,11588914.291706935
2021-09-16 00:00:00+00:00,11588914.291706935
2021-09-17 00:00:00+00:00,11588914.291706935
2021-09-20 00:00:00+00:00,11588914.291706935
2021-09-21 00:00:00+00:00,11588914.291706935
2021-09-22 00:00:00+00:00,11588914.291706935
2021-09-23 00:00:00+00:00,11588914.291706935
2021-09-24 00:00:00+00:00,11588914.291706935
2021-09-27 00:00:00+00:00,11588914.291706935
2021-09-28 00:00:00+00:00,11588914.291706935
2021-09-29 00:00:00+00:00,11588914.291706935
2021-09-30 00:00:00+00:00,11588914.291706935
2021-10-01 00:00:00+00:00,11588914.291706935
2021-10-04 00:00:00+00:00,11588914.291706935
2021-10-05 00:00:00+00:00,11588914.291706935
2021-10-06 00:00:00+00:00,11588914.291706935
2021-10-07 00:00:00+00:00,11588914.291706935
2021-10-08 00:00:00+00:00,11588914.291706935
2021-10-11 00:00:00+00:00,11588914.291706935
2021-10-12 00:00:00+00:00,11588914.291706935
2021-10-13 00:00:00+00:00,11588914.291706935
2021-10-14 00:00:00+00:00,11588914.291706935
2021-10-15 00:00:00+00:00,11588914.291706935
2021-10-18 00:00:00+00:00,11588914.291706935
2021-10-19 00:00:00+00:00,11588914.291706935
2021-10-20 00:00:00+00:00,11588914.291706935
2021-10-21 00:00:00+00:00,11588914.291706935
2021-10-22 00:00:00+00:00,11588914.291706935
2021-10-25 00:00:00+00:00,11588914.291706935
2021-10-26 00:00:00+00:00,11588914.291706935
2021-10-27 00:00:00+00:00,11588914.291706935
2021-10-28 00:00:00+00:00,11588914.291706935
2021-10-29 00:00:00+00:00,11588914.291706935
2021-11-01 00:00:00+00:00,11588914.291706935
2021-11-02 00:00:00+00:00,11588914.291706935
2021-11-03 00:00:00+00:00,11588914.291706935
2021-11-04 00:00:00+00:00,11588914.291706935
2021-11-05 00:00:00+00:00,11588914.291706935
2021-11-08 00:00:00+00:00,11588914.291706935
2021-11-09 00:00:00+00:00,11588914.291706935
2021-11-10 00:00:00+00:00,11588914.291706935
2021-11-11 00:00:00+00:00,11588914.291706935
2021-11-12 00:00:00+00:00,11588914.291706935
2021-11-15 00:00:00+00:00,11588914.291706935
2021-11-16 00:00:00+00:00,11588914.291706935
2021-11-17 00:00:00+00:00,11588914.291706935
2021-11-18 00:00:00+00:00,11588914.291706935
2021-11-19 00:00:00+00:00,11588914.291706935
2021-11-22 00:00:00+00:00,11588914.291706935
2021-11-23 00:00:00+00:00,11588914.291706935
2021-11-24 00:00:00+00:00,11588914.291706935
2021-11-25 00:00:00+00:00,11588914.291706935
2021-11-26 00:00:00+00:00,11588914.291706935
2021-11-29 00:00:00+00:00,11588914.291706935
2021-11-30 00:00:00+00:00,11588914.291706935
2021-12-01 00:00:00+00:00,11588914.291706935
2021-12-02 00:00:00+00:00,11588914.291706935
2021-12-03 00:00:00+00:00,11588914.291706935
2021-12-06 00:00:00+00:00,11588914.291706935
2021-12-07 00:00:00+00:00,11588914.291706935
2021-12-08 00:00:00+00:00,11588914.291706935
2021-12-09 00:00:00+00:00,11588914.291706935
2021-12-10 00:00:00+00:00,11588914.291706935
2021-12-13 00:00:00+00:00,11588914.291706935
2021-12-14 00:00:00+00:00,11588914.291706935
2021-12-15 00:00:00+00:00,11588914.291706935
2021-12-16 00:00:00+00:00,11588914.291706935
2021-12-17 00:00:00+00:00,11588914.291706935
2021-12-20 00:00:00+00:00,11588914.291706935
2021-12-21 00:00:00+00:00,11588914.291706935
2021-12-22 00:00:00+00:00,11588914.291706935
2021-12-23 00:00:00+00:00,11588914.291706935
2021-12-24 00:00:00+00:00,11588914.291706935
2021-12-27 00:00:00+00:00,11588914.291706935
2021-12-28 00:00:00+00:00,11588914.291706935
2021-12-29 00:00:00+00:00,11588914.291706935
2021-12-30 00:00:00+00:00,11588914.291706935
2021-12-31 00:00:00+00:00,11588914.291706935
2022-01-03 00:00:00+00:00,11588914.291706935
2022-01-04 00:00:00+00:00,11588914.291706935
2022-01-05 00:00:00+00:00,11588914.291706935
2022-01-06 00:00:00+00:00,11588914.291706935
2022-01-07 00:00:00+00:00,11588914.291706935
2022-01-10 00:00:00+00:00,11588914.291706935
2022-01-11 00:00:00+00:00,11588914.291706935
2022-01-12 00:00:00+00:00,11588914.291706935
2022-01-13 00:00:00+00:00,11588914.291706935
2022-01-14 00:00:00+00:00,11588914.291706935
2022-01-17 00:00:00+00:00,11588914.291706935
2022-01-18 00:00:00+00:00,11588914.291706935
2022-01-19 00:00:00+00:00,11588914.291706935
2022-01-20 00:00:00+00:00,11588914.291706935
2022-01-21 00:00:00+00:00,11588914.291706935
2022-01-24 00:00:00+00:00,11588914.291706935
2022-01-25 00:00:00+00:00,11588914.291706935
2022-01-26 00:00:00+00:00,11588914.291706935
2022-01-27 00:00:00+00:00,11588914.291706935
2022-01-28 00:00:00+00:00,11588914.291706935
2022-01-31 00:00:00+00:00,11588914.291706935
2022-02-01 00:00:00+00:00,11588914.291706935
2022-02-02 00:00:00+00:00,11588914.291706935
2022-02-03 00:00:00+00:00,11588914.291706935
2022-02-04 00:00:00+00:00,11588914.291706935
2022-02-07 00:00:00+00:00,11588914.291706935
2022-02-08 00:00:00+00:00,11588914.291706935
2022-02-09 00:00:00+00:00,11588914.291706935
2022-02-10 00:00:00+00:00,11588914.291706935
2022-02-11 00:00:00+00:00,11588914.291706935
2022-02-14 00:00:00+00:00,11588914.291706935
2022-02-15 00:00:00+00:00,11588914.291706935
2022-02-16 00:00:00+00:00,11588914.291706935
2022-02-17 00:00:00+00:00,11588914.291706935
2022-02-18 00:00:00+00:00,11588914.291706935
2022-02-21 00:00:00+00:00,11588914.291706935
2022-02-22 00:00:00+00:00,11588914.291706935
2022-02-23 00:00:00+00:00,11588914.291706935
2022-02-24 00:00:00+00:00,11588914.291706935
2022-02-25 00:00:00+00:00,11588914.291706935
2022-02-28 00:00:00+00:00,11588914.291706935
2022-03-01 00:00:00+00:00,11588914.291706935
2022-03-02 00:00:00+00:00,11588914.291706935
2022-03-03 00:00:00+00:00,11588914.291706935
2022-03-04 00:00:00+00:00,11588914.291706935
2022-03-07 00:00:00+00:00,11588914.291706935
2022-03-08 00:00:00+00:00,11588914.291706935
2022-03-09 00:00:00+00:00,11588914.291706935
2022-03-10 00:00:00+00:00,11588914.291706935
2022-03-11 00:00:00+00:00,11588914.291706935
2022-03-14 00:00:00+00:00,11588914.291706935
2022-03-15 00:00:00+00:00,11588914.291706935
2022-03-16 00:00:00+00:00,11588914.291706935
2022-03-17 00:00:00+00:00,11588914.291706935
2022-03-18 00:00:00+00:00,11588914.291706935
2022-03-21 00:00:00+00:00,11588914.291706935
2022-03-22 00:00:00+00:00,11588914.291706935
2022-03-23 00:00:00+00:00,11588914.291706935
2022-03-24 00:00:00+00:00,11588914.291706935
2022-03-25 00:00:00+00:00,11588914.291706935
2022-03-28 00:00:00+00:00,11588914.291706935
2022-03-29 00:00:00+00:00,11588914.291706935
2022-03-30 00:00:00+00:00,11588914.291706935
2022-03-31 00:00:00+00:00,11588914.291706935
2022-04-01 00:00:00+00:00,11588914.291706935
2022-04-04 00:00:00+00:00,11588914.291706935
2022-04-05 00:00:00+00:00,11588914.291706935
2022-04-06 00:00:00+00:00,11588914.291706935
2022-04-07 00:00:00+00:00,11588914.291706935
2022-04-08 00:00:00+00:00,11588914.291706935
2022-04-11 00:00:00+00:00,11588914.291706935
2022-04-12 00:00:00+00:00,11588914.291706935
2022-04-13 00:00:00+00:00,11588914.291706935
2022-04-14 00:00:00+00:00,11588914.291706935
2022-04-18 00:00:00+00:00,11588914.291706935
2022-04-19 00:00:00+00:00,11588914.291706935
2022-04-20 00:00:00+00:00,11588914.291706935
2022-04-21 00:00:00+00:00,11588914.291706935
2022-04-22 00:00:00+00:00,11588914.291706935
2022-04-25 00:00:00+00:00,11588914.291706935
2022-04-26 00:00:00+00:00,11588914.291706935
2022-04-27 00:00:00+00:00,11588914.291706935
2022-04-28 00:00:00+00:00,11588914.291706935
2022-04-29 00:00:00+00:00,11588914.291706935
2022-05-02 00:00:00+00:00,11588914.291706935
2022-05-03 00:00:00+00:00,11588914.291706935
2022-05-04 00:00:00+00:00,11588914.291706935
2022-05-05 00:00:00+00:00,11588914.291706935
2022-05-06 00:00:00+00:00,11588914.291706935
2022-05-09 00:00:00+00:00,11588914.291706935
2022-05-10 00:00:00+00:00,11588914.291706935
2022-05-11 00:00:00+00:00,11588914.291706935
2022-05-12 00:00:00+00:00,11588914.291706935
2022-05-13 00:00:00+00:00,11588914.291706935
2022-05-16 00:00:00+00:00,11588914.291706935
2022-05-17 00:00:00+00:00,11588914.291706935
2022-05-18 00:00:00+00:00,11588914.291706935
2022-05-19 00:00:00+00:00,11588914.291706935
2022-05-20 00:00:00+00:00,11588914.291706935
2022-05-23 00:00:00+00:00,11588914.291706935
2022-05-24 00:00:00+00:00,11588914.291706935
2022-05-25 00:00:00+00:00,11588914.291706935
2022-05-26 00:00:00+00:00,11588914.291706935
2022-05-27 00:00:00+00:00,11588914.291706935
2022-05-30 00:00:00+00:00,11588914.291706935
2022-05-31 00:00:00+00:00,11588914.291706935
2022-06-01 00:00:00+00:00,11588914.291706935
2022-06-02 00:00:00+00:00,11588914.291706935
2022-06-03 00:00:00+00:00,11588914.291706935
2022-06-06 00:00:00+00:00,11588914.291706935
2022-06-07 00:00:00+00:00,11588914.291706935
2022-06-08 00:00:00+00:00,11588914.291706935
2022-06-09 00:00:00+00:00,11588914.291706935
2022-06-10 00:00:00+00:00,11588914.291706935
2022-06-13 00:00:00+00:00,11588914.291706935
2022-06-14 00:00:00+00:00,11588914.291706935
2022-06-15 00:00:00+00:00,11588914.291706935
2022-06-16 00:00:00+00:00,11588914.291706935
2022-06-17 00:00:00+00:00,11588914.291706935
2022-06-20 00:00:00+00:00,11588914.291706935
2022-06-21 00:00:00+00:00,11588914.291706935
2022-06-22 00:00:00+00:00,11588914.291706935
2022-06-23 00:00:00+00:00,11588914.291706935
2022-06-24 00:00:00+00:00,11588914.291706935
2022-06-27 00:00:00+00:00,11588914.291706935
2022-06-28 00:00:00+00:00,11588914.291706935
2022-06-29 00:00:00+00:00,11588914.291706935
2022-06-30 00:00:00+00:00,11588914.291706935
2022-07-01 00:00:00+00:00,11588914.291706935
2022-07-04 00:00:00+00:00,11588914.291706935
2022-07-05 00:00:00+00:00,11588914.291706935
2022-07-06 00:00:00+00:00,11588914.291706935
2022-07-07 00:00:00+00:00,11588914.291706935
2022-07-08 00:00:00+00:00,11588914.291706935
2022-07-11 00:00:00+00:00,11588914.291706935
2022-07-12 00:00:00+00:00,11588914.291706935
2022-07-13 00:00:00+00:00,11588914.291706935
2022-07-14 00:00:00+00:00,11588914.291706935
2022-07-15 00:00:00+00:00,11588914.291706935
2022-07-18 00:00:00+00:00,11588914.291706935
2022-07-19 00:00:00+00:00,11588914.291706935
2022-07-20 00:00:00+00:00,11588914.291706935
2022-07-21 00:00:00+00:00,11588914.291706935
2022-07-22 00:00:00+00:00,11588914.291706935
2022-07-25 00:00:00+00:00,11588914.291706935
2022-07-26 00:00:00+00:00,11588914.291706935
2022-07-27 00:00:00+00:00,11588914.291706935
2022-07-28 00:00:00+00:00,11588914.291706935
2022-07-29 00:00:00+00:00,11588914.291706935
2022-08-01 00:00:00+00:00,11588914.291706935
2022-08-02 00:00:00+00:00,11588914.291706935
2022-08-03 00:00:00+00:00,11588914.291706935
2022-08-04 00:00:00+00:00,11588914.291706935
2022-08-05 00:00:00+00:00,11588914.291706935
2022-08-08 00:00:00+00:00,11588914.291706935
2022-08-09 00:00:00+00:00,11588914.291706935
2022-08-10 00:00:00+00:00,11588914.291706935
2022-08-11 00:00:00+00:00,11588914.291706935
2022-08-12 00:00:00+00:00,11588914.291706935
2022-08-15 00:00:00+00:00,11588914.291706935
2022-08-16 00:00:00+00:00,11588914.291706935
2022-08-17 00:00:00+00:00,11588914.291706935
2022-08-18 00:00:00+00:00,11588914.291706935
2022-08-19 00:00:00+00:00,11588914.291706935
2022-08-22 00:00:00+00:00,11588914.291706935
2022-08-23 00:00:00+00:00,11588914.291706935
2022-08-24 00:00:00+00:00,11588914.291706935
2022-08-25 00:00:00+00:00,11588914.291706935
2022-08-26 00:00:00+00:00,11588914.291706935
2022-08-29 00:00:00+00:00,11588914.291706935
2022-08-30 00:00:00+00:00,11588914.291706935
2022-08-31 00:00:00+00:00,11588914.291706935
2022-09-01 00:00:00+00:00,11588914.291706935
2022-09-02 00:00:00+00:00,11588914.291706935
2022-09-05 00:00:00+00:00,11588914.291706935
2022-09-06 00:00:00+00:00,11588914.291706935
2022-09-07 00:00:00+00:00,11588914.291706935
2022-09-08 00:00:00+00:00,11588914.291706935
2022-09-09 00:00:00+00:00,11588914.291706935
2022-09-12 00:00:00+00:00,11588914.291706935
2022-09-13 00:00:00+00:00,11588914.291706935
2022-09-14 00:00:00+00:00,11588914.291706935
2022-09-15 00:00:00+00:00,11588914.291706935
2022-09-16 00:00:00+00:00,11588914.291706935
2022-09-19 00:00:00+00:00,11588914.291706935
2022-09-20 00:00:00+00:00,11588914.291706935
2022-09-21 00:00:00+00:00,11588914.291706935
2022-09-22 00:00:00+00:00,11588914.291706935
2022-09-23 00:00:00+00:00,11588914.291706935
2022-09-26 00:00:00+00:00,11588914.291706935
2022-09-27 00:00:00+00:00,11588914.291706935
2022-09-28 00:00:00+00:00,11588914.291706935
2022-09-29 00:00:00+00:00,11588914.291706935
2022-09-30 00:00:00+00:00,11588914.291706935
2022-10-03 00:00:00+00:00,11588914.291706935
2022-10-04 00:00:00+00:00,11588914.291706935
2022-10-05 00:00:00+00:00,11588914.291706935
2022-10-06 00:00:00+00:00,11588914.291706935
2022-10-07 00:00:00+00:00,11588914.291706935
2022-10-10 00:00:00+00:00,11588914.291706935
2022-10-11 00:00:00+00:00,11588914.291706935
2022-10-12 00:00:00+00:00,11588914.291706935
2022-10-13 00:00:00+00:00,11588914.291706935
2022-10-14 00:00:00+00:00,11588914.291706935
2022-10-17 00:00:00+00:00,11588914.291706935
2022-10-18 00:00:00+00:00,11588914.291706935
2022-10-19 00:00:00+00:00,11588914.291706935
2022-10-20 00:00:00+00:00,11588914.291706935
2022-10-21 00:00:00+00:00,11588914.291706935
2022-10-24 00:00:00+00:00,11588914.291706935
2022-10-25 00:00:00+00:00,11588914.291706935
2022-10-26 00:00:00+00:00,11588914.291706935
2022-10-27 00:00:00+00:00,11588914.291706935
2022-10-28 00:00:00+00:00,11588914.291706935
2022-10-31 00:00:00+00:00,11588914.291706935
2022-11-01 00:00:00+00:00,11588914.291706935
2022-11-02 00:00:00+00:00,11588914.291706935
2022-11-03 00:00:00+00:00,11588914.291706935
2022-11-04 00:00:00+00:00,11588914.291706935
2022-11-07 00:00:00+00:00,11588914.291706935
2022-11-08 00:00:00+00:00,11588914.291706935
2022-11-09 00:00:00+00:00,11588914.291706935
2022-11-10 00:00:00+00:00,11588914.291706935
2022-11-11 00:00:00+00:00,11588914.291706935
2022-11-14 00:00:00+00:00,11588914.291706935
2022-11-15 00:00:00+00:00,11588914.291706935
2022-11-16 00:00:00+00:00,11588914.291706935
2022-11-17 00:00:00+00:00,11588914.291706935
2022-11-18 00:00:00+00:00,11588914.291706935
2022-11-21 00:00:00+00:00,11588914.291706935
2022-11-22 00:00:00+00:00,11588914.291706935
2022-11-23 00:00:00+00:00,11588914.291706935
2022-11-24 00:00:00+00:00,11588914.291706935
2022-11-25 00:00:00+00:00,11588914.291706935
2022-11-28 00:00:00+00:00,11588914.291706935
2022-11-29 00:00:00+00:00,11588914.291706935
2022-11-30 00:00:00+00:00,11588914.291706935
2022-12-01 00:00:00+00:00,11588914.291706935
2022-12-02 00:00:00+00:00,11588914.291706935
2022-12-05 00:00:00+00:00,11588914.291706935
2022-12-06 00:00:00+00:00,11588914.291706935
2022-12-07 00:00:00+00:00,11588914.291706935
2022-12-08 00:00:00+00:00,11588914.291706935
2022-12-09 00:00:00+00:00,11588914.291706935
2022-12-12 00:00:00+00:00,11588914.291706935
2022-12-13 00:00:00+00:00,11588914.291706935
2022-12-14 00:00:00+00:00,11588914.291706935
2022-12-15 00:00:00+00:00,11588914.291706935
2022-12-16 00:00:00+00:00,11588914.291706935
2022-12-19 00:00:00+00:00,11588914.291706935
2022-12-20 00:00:00+00:00,11588914.291706935
2022-12-21 00:00:00+00:00,11588914.291706935
2022-12-22 00:00:00+00:00,11588914.291706935
2022-12-23 00:00:00+00:00,11588914.291706935
2022-12-26 00:00:00+00:00,11588914.291706935
2022-12-27 00:00:00+00:00,11588914.291706935
2022-12-28 00:00:00+00:00,11588914.291706935
2022-12-29 00:00:00+00:00,11588914.291706935
2022-12-30 00:00:00+00:00,11588914.291706935
2023-01-02 00:00:00+00:00,11588914.291706935
2023-01-03 00:00:00+00:00,11588914.291706935
2023-01-04 00:00:00+00:00,11588914.291706935
2023-01-05 00:00:00+00:00,11588914.291706935
2023-01-06 00:00:00+00:00,11588914.291706935
2023-01-09 00:00:00+00:00,11588914.291706935
2023-01-10 00:00:00+00:00,11588914.291706935
2023-01-11 00:00:00+00:00,11588914.291706935
2023-01-12 00:00:00+00:00,11588914.291706935
2023-01-13 00:00:00+00:00,11588914.291706935
2023-01-16 00:00:00+00:00,11588914.291706935
2023-01-17 00:00:00+00:00,11588914.291706935
2023-01-18 00:00:00+00:00,11588914.291706935
2023-01-19 00:00:00+00:00,11588914.291706935
2023-01-20 00:00:00+00:00,11588914.291706935
2023-01-23 00:00:00+00:00,11588914.291706935
2023-01-24 00:00:00+00:00,11588914.291706935
2023-01-25 00:00:00+00:00,11588914.291706935
2023-01-26 00:00:00+00:00,11588914.291706935
2023-01-27 00:00:00+00:00,11588914.291706935
2023-01-30 00:00:00+00:00,11588914.291706935
2023-01-31 00:00:00+00:00,11588914.291706935
2023-02-01 00:00:00+00:00,11588914.291706935
2023-02-02 00:00:00+00:00,11588914.291706935
2023-02-03 00:00:00+00:00,11588914.291706935
2023-02-06 00:00:00+00:00,11588914.291706935
2023-02-07 00:00:00+00:00,11588914.291706935
2023-02-08 00:00:00+00:00,11588914.291706935
2023-02-09 00:00:00+00:00,11588914.291706935
2023-02-10 00:00:00+00:00,11588914.291706935
2023-02-13 00:00:00+00:00,11588914.291706935
2023-02-14 00:00:00+00:00,11588914.291706935
2023-02-15 00:00:00+00:00,11588914.291706935
2023-02-16 00:00:00+00:00,11588914.291706935
2023-02-17 00:00:00+00:00,11588914.291706935
2023-02-20 00:00:00+00:00,11588914.291706935
2023-02-21 00:00:00+00:00,11588914.291706935
2023-02-22 00:00:00+00:00,11588914.291706935
2023-02-23 00:00:00+00:00,11588914.291706935
2023-02-24 00:00:00+00:00,11588914.291706935
2023-02-27 00:00:00+00:00,11588914.291706935
2023-02-28 00:00:00+00:00,11588914.291706935
2023-03-01 00:00:00+00:00,11588914.291706935
2023-03-02 00:00:00+00:00,11588914.291706935
2023-03-03 00:00:00+00:00,11588914.291706935
2023-03-06 00:00:00+00:00,11588914.291706935
2023-03-07 00:00:00+00:00,11588914.291706935
2023-03-08 00:00:00+00:00,11588914.291706935
2023-03-09 00:00:00+00:00,11588914.291706935
2023-03-10 00:00:00+00:00,11588914.291706935
2023-03-13 00:00:00+00:00,11588914.291706935
2023-03-14 00:00:00+00:00,11588914.291706935
2023-03-15 00:00:00+00:00,11588914.291706935
2023-03-16 00:00:00+00:00,11588914.291706935
2023-03-17 00:00:00+00:00,11588914.291706935
2023-03-20 00:00:00+00:00,11588914.291706935
2023-03-21 00:00:00+00:00,11588914.291706935
2023-03-22 00:00:00+00:00,11588914.291706935
2023-03-23 00:00:00+00:00,11588914.291706935
2023-03-24 00:00:00+00:00,11588914.291706935
2023-03-27 00:00:00+00:00,11588914.291706935
2023-03-28 00:00:00+00:00,11588914.291706935
2023-03-29 00:00:00+00:00,11588914.291706935
2023-03-30 00:00:00+00:00,11588914.291706935
2023-03-31 00:00:00+00:00,11588914.291706935
2023-04-03 00:00:00+00:00,11588914.291706935
2023-04-04 00:00:00+00:00,11588914.291706935
2023-04-05 00:00:00+00:00,11588914.291706935
2023-04-06 00:00:00+00:00,11588914.291706935
2023-04-10 00:00:00+00:00,11588914.291706935
2023-04-11 00:00:00+00:00,11588914.291706935
2023-04-12 00:00:00+00:00,11588914.291706935
2023-04-13 00:00:00+00:00,11588914.291706935
2023-04-14 00:00:00+00:00,11588914.291706935
2023-04-17 00:00:00+00:00,11588914.291706935
2023-04-18 00:00:00+00:00,11588914.291706935
2023-04-19 00:00:00+00:00,11588914.291706935
2023-04-20 00:00:00+00:00,11588914.291706935
2023-04-21 00:00:00+00:00,11588914.291706935
2023-04-24 00:00:00+00:00,11588914.291706935
2023-04-25 00:00:00+00:00,11588914.291706935
2023-04-26 00:00:00+00:00,11588914.291706935
2023-04-27 00:00:00+00:00,11588914.291706935
2023-04-28 00:00:00+00:00,11588914.291706935
2023-05-01 00:00:00+00:00,11588914.291706935
2023-05-02 00:00:00+00:00,11588914.291706935
2023-05-03 00:00:00+00:00,11588914.291706935
2023-05-04 00:00:00+00:00,11588914.291706935
2023-05-05 00:00:00+00:00,11588914.291706935
2023-05-08 00:00:00+00:00,11588914.291706935
2023-05-09 00:00:00+00:00,11588914.291706935
2023-05-10 00:00:00+00:00,11588914.291706935
2023-05-11 00:00:00+00:00,11588914.291706935
2023-05-12 00:00:00+00:00,11588914.291706935
2023-05-15 00:00:00+00:00,11588914.291706935
2023-05-16 00:00:00+00:00,11588914.291706935
2023-05-17 00:00:00+00:00,11588914.291706935
2023-05-18 00:00:00+00:00,11588914.291706935
2023-05-19 00:00:00+00:00,11588914.291706935
2023-05-22 00:00:00+00:00,11588914.291706935
2023-05-23 00:00:00+00:00,11588914.291706935
2023-05-24 00:00:00+00:00,11588914.291706935
2023-05-25 00:00:00+00:00,11588914.291706935
2023-05-26 00:00:00+00:00,11588914.291706935
2023-05-29 00:00:00+00:00,11588914.291706935
2023-05-30 00:00:00+00:00,11588914.291706935
2023-05-31 00:00:00+00:00,11588914.291706935
2023-06-01 00:00:00+00:00,11588914.291706935
2023-06-02 00:00:00+00:00,11588914.291706935
2023-06-05 00:00:00+00:00,11588914.291706935
2023-06-06 00:00:00+00:00,11588914.291706935
2023-06-07 00:00:00+00:00,11588914.291706935
2023-06-08 00:00:00+00:00,11588914.291706935
2023-06-09 00:00:00+00:00,11588914.291706935
2023-06-12 00:00:00+00:00,11588914.291706935
2023-06-13 00:00:00+00:00,11588914.291706935
2023-06-14 00:00:00+00:00,11588914.291706935
2023-06-15 00:00:00+00:00,11588914.291706935
2023-06-16 00:00:00+00:00,11588914.291706935
2023-06-19 00:00:00+00:00,11588914.291706935
2023-06-20 00:00:00+00:00,11588914.291706935
2023-06-21 00:00:00+00:00,11588914.291706935
2023-06-22 00:00:00+00:00,11588914.291706935
2023-06-23 00:00:00+00:00,11588914.291706935
2023-06-26 00:00:00+00:00,11588914.291706935
2023-06-27 00:00:00+00:00,11588914.291706935
2023-06-28 00:00:00+00:00,11588914.291706935
2023-06-29 00:00:00+00:00,11588914.291706935
2023-06-30 00:00:00+00:00,11588914.291706935
2023-07-03 00:00:00+00:00,11588914.291706935
2023-07-04 00:00:00+00:00,11588914.291706935
2023-07-05 00:00:00+00:00,11588914.291706935
2023-07-06 00:00:00+00:00,11588914.291706935
2023-07-07 00:00:00+00:00,11588914.291706935
2023-07-10 00:00:00+00:00,11588914.291706935
2023-07-11 00:00:00+00:00,11588914.291706935
2023-07-12 00:00:00+00:00,11588914.291706935
2023-07-13 00:00:00+00:00,11588914.291706935
2023-07-14 00:00:00+00:00,11588914.291706935
2023-07-17 00:00:00+00:00,11588914.291706935
2023-07-18 00:00:00+00:00,11588914.291706935
2023-07-19 00:00:00+00:00,11588914.291706935
2023-07-20 00:00:00+00:00,11588914.291706935
2023-07-21 00:00:00+00:00,11588914.291706935
2023-07-24 00:00:00+00:00,11588914.291706935
2023-07-25 00:00:00+00:00,11588914.291706935
2023-07-26 00:00:00+00:00,11588914.291706935
2023-07-27 00:00:00+00:00,11588914.291706935
2023-07-28 00:00:00+00:00,11588914.291706935
2023-07-31 00:00:00+00:00,11588914.291706935
2023-08-01 00:00:00+00:00,11588914.291706935
2023-08-02 00:00:00+00:00,11588914.291706935
2023-08-03 00:00:00+00:00,11588914.291706935
2023-08-04 00:00:00+00:00,11588914.291706935
2023-08-07 00:00:00+00:00,11588914.291706935
2023-08-08 00:00:00+00:00,11588914.291706935
2023-08-09 00:00:00+00:00,11588914.291706935
2023-08-10 00:00:00+00:00,11588914.291706935
2023-08-11 00:00:00+00:00,11588914.291706935
2023-08-14 00:00:00+00:00,11588914.291706935
2023-08-15 00:00:00+00:00,11588914.291706935
2023-08-16 00:00:00+00:00,11588914.291706935
2023-08-17 00:00:00+00:00,11588914.291706935
2023-08-18 00:00:00+00:00,11588914.291706935
2023-08-21 00:00:00+00:00,11588914.291706935
2023-08-22 00:00:00+00:00,11588914.291706935
2023-08-23 00:00:00+00:00,11588914.291706935
2023-08-24 00:00:00+00:00,11588914.291706935
2023-08-25 00:00:00+00:00,11588914.291706935
2023-08-28 00:00:00+00:00,11588914.291706935
2023-08-29 00:00:00+00:00,11588914.291706935
2023-08-30 00:00:00+00:00,11588914.291706935
2023-08-31 00:00:00+00:00,11588914.291706935
2023-09-01 00:00:00+00:00,11588914.291706935
2023-09-04 00:00:00+00:00,11588914.291706935
2023-09-05 00:00:00+00:00,11588914.291706935
2023-09-06 00:00:00+00:00,11588914.291706935
2023-09-07 00:00:00+00:00,11588914.291706935
2023-09-08 00:00:00+00:00,11588914.291706935
2023-09-11 00:00:00+00:00,11588914.291706935
2023-09-12 00:00:00+00:00,11588914.291706935
2023-09-13 00:00:00+00:00,11588914.291706935
2023-09-14 00:00:00+00:00,11588914.291706935
2023-09-15 00:00:00+00:00,11588914.291706935
2023-09-18 00:00:00+00:00,11588914.291706935
2023-09-19 00:00:00+00:00,11588914.291706935
2023-09-20 00:00:00+00:00,11588914.291706935
2023-09-21 00:00:00+00:00,11588914.291706935
2023-09-22 00:00:00+00:00,11588914.291706935
2023-09-25 00:00:00+00:00,11588914.291706935
2023-09-26 00:00:00+00:00,11588914.291706935
2023-09-27 00:00:00+00:00,11588914.291706935
2023-09-28 00:00:00+00:00,11588914.291706935
2023-09-29 00:00:00+00:00,11588914.291706935
2023-10-02 00:00:00+00:00,11588914.291706935
2023-10-03 00:00:00+00:00,11588914.291706935
2023-10-04 00:00:00+00:00,11588914.291706935
2023-10-05 00:00:00+00:00,11588914.291706935
2023-10-06 00:00:00+00:00,11588914.291706935
2023-10-09 00:00:00+00:00,11588914.291706935
2023-10-10 00:00:00+00:00,11588914.291706935
2023-10-11 00:00:00+00:00,11588914.291706935
2023-10-12 00:00:00+00:00,11588914.291706935
2023-10-13 00:00:00+00:00,11588914.291706935
2023-10-16 00:00:00+00:00,11588914.291706935
2023-10-17 00:00:00+00:00,11588914.291706935
2023-10-18 00:00:00+00:00,11588914.291706935
2023-10-19 00:00:00+00:00,11588914.291706935
2023-10-20 00:00:00+00:00,11588914.291706935
2023-10-23 00:00:00+00:00,11588914.291706935
2023-10-24 00:00:00+00:00,11588914.291706935
2023-10-25 00:00:00+00:00,11588914.291706935
2023-10-26 00:00:00+00:00,11588914.291706935
2023-10-27 00:00:00+00:00,11588914.291706935
2023-10-30 00:00:00+00:00,11588914.291706935
2023-10-31 00:00:00+00:00,11588914.291706935
2023-11-01 00:00:00+00:00,11588914.291706935
2023-11-02 00:00:00+00:00,11588914.291706935
2023-11-03 00:00:00+00:00,11588914.291706935
2023-11-06 00:00:00+00:00,11588914.291706935
2023-11-07 00:00:00+00:00,11588914.291706935
2023-11-08 00:00:00+00:00,11588914.291706935
2023-11-09 00:00:00+00:00,11588914.291706935
2023-11-10 00:00:00+00:00,11588914.291706935
2023-11-13 00:00:00+00:00,11588914.291706935
2023-11-14 00:00:00+00:00,11588914.291706935
2023-11-15 00:00:00+00:00,11588914.291706935
2023-11-16 00:00:00+00:00,11588914.291706935
2023-11-17 00:00:00+00:00,11588914.291706935
2023-11-20 00:00:00+00:00,11588914.291706935
2023-11-21 00:00:00+00:00,11588914.291706935
2023-11-22 00:00:00+00:00,11588914.291706935
2023-11-23 00:00:00+00:00,11588914.291706935
2023-11-24 00:00:00+00:00,11588914.291706935
2023-11-27 00:00:00+00:00,11588914.291706935
2023-11-28 00:00:00+00:00,11588914.291706935
2023-11-29 00:00:00+00:00,11588914.291706935
2023-11-30 00:00:00+00:00,11588914.291706935
2023-12-01 00:00:00+00:00,11588914.291706935
2023-12-04 00:00:00+00:00,11588914.291706935
2023-12-05 00:00:00+00:00,11588914.291706935
2023-12-06 00:00:00+00:00,11588914.291706935
2023-12-07 00:00:00+00:00,11588914.291706935
2023-12-08 00:00:00+00:00,11588914.291706935
2023-12-11 00:00:00+00:00,11588914.291706935
2023-12-12 00:00:00+00:00,11588914.291706935
2023-12-13 00:00:00+00:00,11588914.291706935
2023-12-14 00:00:00+00:00,11588914.291706935
2023-12-15 00:00:00+00:00,11588914.291706935
2023-12-18 00:00:00+00:00,11588914.291706935
2023-12-19 00:00:00+00:00,11588914.291706935
2023-12-20 00:00:00+00:00,11588914.291706935
2023-12-21 00:00:00+00:00,11588914.291706935
2023-12-22 00:00:00+00:00,11588914.291706935
2023-12-26 00:00:00+00:00,11588914.291706935
2023-12-27 00:00:00+00:00,11588914.291706935
2023-12-28 00:00:00+00:00,11588914.291706935
2023-12-29 00:00:00+00:00,11588914.291706935
2024-01-01 00:00:00+00:00,11588914.291706935
2024-01-02 00:00:00+00:00,11588914.291706935
2024-01-03 00:00:00+00:00,11588914.291706935
2024-01-04 00:00:00+00:00,11588914.291706935
2024-01-05 00:00:00+00:00,11588914.291706935
2024-01-08 00:00:00+00:00,11588914.291706935
2024-01-09 00:00:00+00:00,11588914.291706935
2024-01-10 00:00:00+00:00,11588914.291706935
2024-01-11 00:00:00+00:00,11588914.291706935
2024-01-12 00:00:00+00:00,11588914.291706935
2024-01-15 00:00:00+00:00,11588914.291706935
2024-01-16 00:00:00+00:00,11588914.291706935
2024-01-17 00:00:00+00:00,11588914.291706935
2024-01-18 00:00:00+00:00,11588914.291706935
2024-01-19 00:00:00+00:00,11588914.291706935
2024-01-22 00:00:00+00:00,11588914.291706935
2024-01-23 00:00:00+00:00,11588914.291706935
2024-01-24 00:00:00+00:00,11588914.291706935
2024-01-25 00:00:00+00:00,11588914.291706935
2024-01-26 00:00:00+00:00,11588914.291706935
2024-01-29 00:00:00+00:00,11588914.291706935
2024-01-30 00:00:00+00:00,11588914.291706935
2024-01-31 00:00:00+00:00,11588914.291706935
2024-02-01 00:00:00+00:00,11588914.291706935
2024-02-02 00:00:00+00:00,11588914.291706935
2024-02-05 00:00:00+00:00,11588914.291706935
2024-02-06 00:00:00+00:00,11588914.291706935
2024-02-07 00:00:00+00:00,11588914.291706935
2024-02-08 00:00:00+00:00,11588914.291706935
2024-02-09 00:00:00+00:00,11588914.291706935
2024-02-12 00:00:00+00:00,11588914.291706935
2024-02-13 00:00:00+00:00,11588914.291706935
2024-02-14 00:00:00+00:00,11588914.291706935
2024-02-15 00:00:00+00:00,11588914.291706935
2024-02-16 00:00:00+00:00,11588914.291706935
2024-02-19 00:00:00+00:00,11588914.291706935
2024-02-20 00:00:00+00:00,11588914.291706935
2024-02-21 00:00:00+00:00,11588914.291706935
2024-02-22 00:00:00+00:00,11588914.291706935
2024-02-23 00:00:00+00:00,11588914.291706935
2024-02-26 00:00:00+00:00,11588914.291706935
2024-02-27 00:00:00+00:00,11588914.291706935
2024-02-28 00:00:00+00:00,11588914.291706935
2024-02-29 00:00:00+00:00,11588914.291706935
2024-03-01 00:00:00+00:00,11588914.291706935
2024-03-04 00:00:00+00:00,11588914.291706935
2024-03-05 00:00:00+00:00,11588914.291706935
2024-03-06 00:00:00+00:00,11588914.291706935
2024-03-07 00:00:00+00:00,11588914.291706935
2024-03-08 00:00:00+00:00,11588914.291706935
2024-03-11 00:00:00+00:00,11588914.291706935
2024-03-12 00:00:00+00:00,11588914.291706935
2024-03-13 00:00:00+00:00,11588914.291706935
2024-03-14 00:00:00+00:00,11588914.291706935
2024-03-15 00:00:00+00:00,11588914.291706935
2024-03-18 00:00:00+00:00,11588914.291706935
2024-03-19 00:00:00+00:00,11588914.291706935
2024-03-20 00:00:00+00:00,11588914.291706935
2024-03-21 00:00:00+00:00,11588914.291706935
2024-03-22 00:00:00+00:00,11588914.291706935
2024-03-25 00:00:00+00:00,11588914.291706935
2024-03-26 00:00:00+00:00,11588914.291706935
2024-03-27 00:00:00+00:00,11588914.291706935
2024-03-28 00:00:00+00:00,11588914.291706935
2024-04-01 00:00:00+00:00,11588914.291706935
2024-04-02 00:00:00+00:00,11588914.291706935
2024-04-03 00:00:00+00:00,11588914.291706935
2024-04-04 00:00:00+00:00,11588914.291706935
2024-04-05 00:00:00+00:00,11588914.291706935
2024-04-08 00:00:00+00:00,11588914.291706935
2024-04-09 00:00:00+00:00,11588914.291706935
2024-04-10 00:00:00+00:00,11588914.291706935
2024-04-11 00:00:00+00:00,11588914.291706935
2024-04-12 00:00:00+00:00,11588914.291706935
2024-04-15 00:00:00+00:00,11588914.291706935
2024-04-16 00:00:00+00:00,11588914.291706935
2024-04-17 00:00:00+00:00,11588914.291706935
2024-04-18 00:00:00+00:00,11588914.291706935
2024-04-19 00:00:00+00:00,11588914.291706935
2024-04-22 00:00:00+00:00,11588914.291706935
2024-04-23 00:00:00+00:00,11588914.291706935
2024-04-24 00:00:00+00:00,11588914.291706935
2024-04-25 00:00:00+00:00,11588914.291706935
2024-04-26 00:00:00+00:00,11588914.291706935
2024-04-29 00:00:00+00:00,11588914.291706935
2024-04-30 00:00:00+00:00,11588914.291706935
2024-05-01 00:00:00+00:00,11588914.291706935
2024-05-02 00:00:00+00:00,11588914.291706935
2024-05-03 00:00:00+00:00,11588914.291706935
2024-05-06 00:00:00+00:00,11588914.291706935
2024-05-07 00:00:00+00:00,11588914.291706935
2024-05-08 00:00:00+00:00,11588914.291706935
2024-05-09 00:00:00+00:00,11588914.291706935
2024-05-10 00:00:00+00:00,11588914.291706935
2024-05-13 00:00:00+00:00,11588914.291706935
2024-05-14 00:00:00+00:00,11588914.291706935
2024-05-15 00:00:00+00:00,11588914.291706935
2024-05-16 00:00:00+00:00,11588914.291706935
2024-05-17 00:00:00+00:00,11588914.291706935
2024-05-20 00:00:00+00:00,11588914.291706935
2024-05-21 00:00:00+00:00,11588914.291706935
2024-05-22 00:00:00+00:00,11588914.291706935
2024-05-23 00:00:00+00:00,11588914.291706935
2024-05-24 00:00:00+00:00,11588914.291706935
2024-05-27 00:00:00+00:00,11588914.291706935
2024-05-28 00:00:00+00:00,11588914.291706935
2024-05-29 00:00:00+00:00,11588914.291706935
2024-05-30 00:00:00+00:00,11588914.291706935
2024-05-31 00:00:00+00:00,11588914.291706935
2024-06-03 00:00:00+00:00,11588914.291706935
2024-06-04 00:00:00+00:00,11588914.291706935
2024-06-05 00:00:00+00:00,11588914.291706935
2024-06-06 00:00:00+00:00,11588914.291706935
2024-06-07 00:00:00+00:00,11588914.291706935
2024-06-10 00:00:00+00:00,11588914.291706935
2024-06-11 00:00:00+00:00,11588914.291706935
2024-06-12 00:00:00+00:00,11588914.291706935
2024-06-13 00:00:00+00:00,11588914.291706935
2024-06-14 00:00:00+00:00,11588914.291706935
2024-06-17 00:00:00+00:00,11588914.291706935
2024-06-18 00:00:00+00:00,11588914.291706935
2024-06-19 00:00:00+00:00,11588914.291706935
2024-06-20 00:00:00+00:00,11588914.291706935
2024-06-21 00:00:00+00:00,11588914.291706935
2024-06-24 00:00:00+00:00,11588914.291706935
2024-06-25 00:00:00+00:00,11588914.291706935
2024-06-26 00:00:00+00:00,11588914.291706935
2024-06-27 00:00:00+00:00,11588914.291706935
2024-06-28 00:00:00+00:00,11588914.291706935
2024-07-01 00:00:00+00:00,11588914.291706935
2024-07-02 00:00:00+00:00,11588914.291706935
2024-07-03 00:00:00+00:00,11588914.291706935
2024-07-04 00:00:00+00:00,11588914.291706935
2024-07-05 00:00:00+00:00,11588914.291706935
2024-07-08 00:00:00+00:00,11588914.291706935
2024-07-09 00:00:00+00:00,11588914.291706935
2024-07-10 00:00:00+00:00,11588914.291706935
2024-07-11 00:00:00+00:00,11588914.291706935
2024-07-12 00:00:00+00:00,11588914.291706935
2024-07-15 00:00:00+00:00,11588914.291706935
2024-07-16 00:00:00+00:00,11588914.291706935
2024-07-17 00:00:00+00:00,11588914.291706935
2024-07-18 00:00:00+00:00,11588914.291706935
2024-07-19 00:00:00+00:00,11588914.291706935
2024-07-22 00:00:00+00:00,11588914.291706935
2024-07-23 00:00:00+00:00,11588914.291706935
2024-07-24 00:00:00+00:00,11588914.291706935
2024-07-25 00:00:00+00:00,11588914.291706935
2024-07-26 00:00:00+00:00,11588914.291706935
2024-07-29 00:00:00+00:00,11588914.291706935
2024-07-30 00:00:00+00:00,11588914.291706935
2024-07-31 00:00:00+00:00,11588914.291706935
2024-08-01 00:00:00+00:00,11588914.291706935
2024-08-02 00:00:00+00:00,11588914.291706935
2024-08-05 00:00:00+00:00,11588914.291706935
2024-08-06 00:00:00+00:00,11588914.291706935
2024-08-07 00:00:00+00:00,11588914.291706935
2024-08-08 00:00:00+00:00,11588914.291706935
2024-08-09 00:00:00+00:00,11588914.291706935
2024-08-12 00:00:00+00:00,11588914.291706935
2024-08-13 00:00:00+00:00,11588914.291706935
2024-08-14 00:00:00+00:00,11588914.291706935
2024-08-15 00:00:00+00:00,11588914.291706935
2024-08-16 00:00:00+00:00,11588914.291706935
2024-08-19 00:00:00+00:00,11588914.291706935
2024-08-20 00:00:00+00:00,11588914.291706935
2024-08-21 00:00:00+00:00,11588914.291706935
2024-08-22 00:00:00+00:00,11588914.291706935
2024-08-23 00:00:00+00:00,11588914.291706935
2024-08-26 00:00:00+00:00,11588914.291706935
2024-08-27 00:00:00+00:00,11588914.291706935
2024-08-28 00:00:00+00:00,11588914.291706935
2024-08-29 00:00:00+00:00,11588914.291706935
2024-08-30 00:00:00+00:00,11588914.291706935
2024-09-02 00:00:00+00:00,11588914.291706935
2024-09-03 00:00:00+00:00,11588914.291706935
2024-09-04 00:00:00+00:00,11588914.291706935
2024-09-05 00:00:00+00:00,11588914.291706935
2024-09-06 00:00:00+00:00,11588914.291706935
2024-09-09 00:00:00+00:00,11588914.291706935
2024-09-10 00:00:00+00:00,11588914.291706935
2024-09-11 00:00:00+00:00,11588914.291706935
2024-09-12 00:00:00+00:00,11588914.291706935
2024-09-13 00:00:00+00:00,11588914.291706935
2024-09-16 00:00:00+00:00,11588914.291706935
2024-09-17 00:00:00+00:00,11588914.291706935
2024-09-18 00:00:00+00:00,11588914.291706935
2024-09-19 00:00:00+00:00,11588914.291706935
2024-09-20 00:00:00+00:00,11588914.291706935
2024-09-23 00:00:00+00:00,11588914.291706935
2024-09-24 00:00:00+00:00,11588914.291706935
2024-09-25 00:00:00+00:00,11588914.291706935
2024-09-26 00:00:00+00:00,11588914.291706935
2024-09-27 00:00:00+00:00,11588914.291706935
2024-09-30 00:00:00+00:00,11588914.291706935
2024-10-01 00:00:00+00:00,11588914.291706935
2024-10-02 00:00:00+00:00,11588914.291706935
2024-10-03 00:00:00+00:00,11588914.291706935
2024-10-04 00:00:00+00:00,11588914.291706935
2024-10-07 00:00:00+00:00,11588914.291706935
2024-10-08 00:00:00+00:00,11588914.291706935
2024-10-09 00:00:00+00:00,11588914.291706935
2024-10-10 00:00:00+00:00,11588914.291706935
2024-10-11 00:00:00+00:00,11588914.291706935
2024-10-14 00:00:00+00:00,11588914.291706935
2024-10-15 00:00:00+00:00,11588914.291706935
2024-10-16 00:00:00+00:00,11588914.291706935
2024-10-17 00:00:00+00:00,11588914.291706935
2024-10-18 00:00:00+00:00,11588914.291706935
2024-10-21 00:00:00+00:00,11588914.291706935
2024-10-22 00:00:00+00:00,11588914.291706935
2024-10-23 00:00:00+00:00,11588914.291706935
2024-10-24 00:00:00+00:00,11588914.291706935
2024-10-25 00:00:00+00:00,11588914.291706935
2024-10-28 00:00:00+00:00,11588914.291706935
2024-10-29 00:00:00+00:00,11588914.291706935
2024-10-30 00:00:00+00:00,11588914.291706935
2024-10-31 00:00:00+00:00,11588914.291706935
2024-11-01 00:00:00+00:00,11588914.291706935
2024-11-04 00:00:00+00:00,11588914.291706935
2024-11-05 00:00:00+00:00,11588914.291706935
2024-11-06 00:00:00+00:00,11588914.291706935
2024-11-07 00:00:00+00:00,11588914.291706935
2024-11-08 00:00:00+00:00,11588914.291706935
2024-11-11 00:00:00+00:00,11588914.291706935
2024-11-12 00:00:00+00:00,11588914.291706935
2024-11-13 00:00:00+00:00,11588914.291706935
2024-11-14 00:00:00+00:00,11588914.291706935
2024-11-15 00:00:00+00:00,11588914.291706935
2024-11-18 00:00:00+00:00,11588914.291706935
2024-11-19 00:00:00+00:00,11588914.291706935
2024-11-20 00:00:00+00:00,11588914.291706935
2024-11-21 00:00:00+00:00,11588914.291706935
2024-11-22 00:00:00+00:00,11588914.291706935
2024-11-25 00:00:00+00:00,11588914.291706935
2024-11-26 00:00:00+00:00,11588914.291706935
2024-11-27 00:00:00+00:00,11588914.291706935
2024-11-28 00:00:00+00:00,11588914.291706935
2024-11-29 00:00:00+00:00,11588914.291706935
2024-12-02 00:00:00+00:00,11588914.291706935
2024-12-03 00:00:00+00:00,11588914.291706935
2024-12-04 00:00:00+00:00,11588914.291706935
2024-12-05 00:00:00+00:00,11588914.291706935
2024-12-06 00:00:00+00:00,11588914.291706935
2024-12-09 00:00:00+00:00,11588914.291706935
2024-12-10 00:00:00+00:00,11588914.291706935
2024-12-11 00:00:00+00:00,11588914.291706935
2024-12-12 00:00:00+00:00,11588914.291706935
2024-12-13 00:00:00+00:00,11588914.291706935
2024-12-16 00:00:00+00:00,11588914.291706935
2024-12-17 00:00:00+00:00,11588914.291706935
2024-12-18 00:00:00+00:00,11588914.291706935
2024-12-19 00:00:00+00:00,11588914.291706935
2024-12-20 00:00:00+00:00,11588914.291706935
2024-12-23 00:00:00+00:00,11588914.291706935
2024-12-24 00:00:00+00:00,11588914.291706935
2024-12-26 00:00:00+00:00,11588914.291706935
2024-12-27 00:00:00+00:00,11588914.291706935
2024-12-30 00:00:00+00:00,11588914.291706935
2024-12-31 00:00:00+00:00,11588914.291706935
