timestamp,equity,cash,gross_exposure,net_exposure,long_exposure,short_exposure,open_positions,drawdown,drawdown_halt_active,daily_halt_active,risk_rejects,stop_triggers
2000-01-03 00:00:00+00:00,10000000.0,10000000.0,0.0,0.0,0.0,0.0,0,0.0,False,False,0,0
2000-01-04 00:00:00+00:00,10000000.0,10000000.0,0.0,0.0,0.0,0.0,0,0.0,False,False,0,0
2000-01-05 00:00:00+00:00,10000000.0,10000000.0,0.0,0.0,0.0,0.0,0,0.0,False,False,0,0
2000-01-06 00:00:00+00:00,10000000.0,10000000.0,0.0,0.0,0.0,0.0,0,0.0,False,False,0,0
2000-01-07 00:00:00+00:00,10000000.0,10000000.0,0.0,0.0,0.0,0.0,0,0.0,False,False,0,0
2000-01-10 00:00:00+00:00,10000000.0,10000000.0,0.0,0.0,0.0,0.0,0,0.0,False,False,0,0
2000-01-11 00:00:00+00:00,10000000.0,10000000.0,0.0,0.0,0.0,0.0,0,0.0,False,False,0,0
2000-01-12 00:00:00+00:00,10000000.0,10000000.0,0.0,0.0,0.0,0.0,0,0.0,False,False,0,0
2000-01-13 00:00:00+00:00,10000000.0,10000000.0,0.0,0.0,0.0,0.0,0,0.0,False,False,0,0
2000-01-14 00:00:00+00:00,10000000.0,10000000.0,0.0,0.0,0.0,0.0,0,0.0,False,False,0,0
2000-01-17 00:00:00+00:00,10000000.0,10000000.0,0.0,0.0,0.0,0.0,0,0.0,False,False,0,0
2000-01-18 00:00:00+00:00,10000000.0,10000000.0,0.0,0.0,0.0,0.0,0,0.0,False,False,0,0
2000-01-19 00:00:00+00:00,10000000.0,10000000.0,0.0,0.0,0.0,0.0,0,0.0,False,False,0,0
2000-01-20 00:00:00+00:00,10000000.0,10000000.0,0.0,0.0,0.0,0.0,0,0.0,False,False,0,0
2000-01-21 00:00:00+00:00,10000000.0,10000000.0,0.0,0.0,0.0,0.0,0,0.0,False,False,0,0
2000-01-24 00:00:00+00:00,10000000.0,10000000.0,0.0,0.0,0.0,0.0,0,0.0,False,False,0,0
2000-01-25 00:00:00+00:00,10000000.0,10000000.0,0.0,0.0,0.0,0.0,0,0.0,False,False,0,0
2000-01-26 00:00:00+00:00,10000000.0,10000000.0,0.0,0.0,0.0,0.0,0,0.0,False,False,0,0
2000-01-27 00:00:00+00:00,10000000.0,10000000.0,0.0,0.0,0.0,0.0,0,0.0,False,False,0,0
2000-01-28 00:00:00+00:00,10000000.0,10000000.0,0.0,0.0,0.0,0.0,0,0.0,False,False,0,0
2000-01-31 00:00:00+00:00,10000000.0,10000000.0,0.0,0.0,0.0,0.0,0,0.0,False,False,0,0
2000-02-01 00:00:00+00:00,10000000.0,10000000.0,0.0,0.0,0.0,0.0,0,0.0,False,False,0,0
2000-02-02 00:00:00+00:00,10000000.0,10000000.0,0.0,0.0,0.0,0.0,0,0.0,False,False,0,0
2000-02-03 00:00:00+00:00,10000000.0,10000000.0,0.0,0.0,0.0,0.0,0,0.0,False,False,0,0
2000-02-04 00:00:00+00:00,10000000.0,10000000.0,0.0,0.0,0.0,0.0,0,0.0,False,False,0,0
2000-02-07 00:00:00+00:00,10000000.0,10000000.0,0.0,0.0,0.0,0.0,0,0.0,False,False,0,0
2000-02-08 00:00:00+00:00,10000000.0,10000000.0,0.0,0.0,0.0,0.0,0,0.0,False,False,0,0
2000-02-09 00:00:00+00:00,10000000.0,10000000.0,0.0,0.0,0.0,0.0,0,0.0,False,False,0,0
2000-02-10 00:00:00+00:00,10000000.0,10000000.0,0.0,0.0,0.0,0.0,0,0.0,False,False,0,0
2000-02-11 00:00:00+00:00,10000000.0,10000000.0,0.0,0.0,0.0,0.0,0,0.0,False,False,0,0
2000-02-14 00:00:00+00:00,10000000.0,10000000.0,0.0,0.0,0.0,0.0,0,0.0,False,False,0,0
2000-02-15 00:00:00+00:00,10000000.0,10000000.0,0.0,0.0,0.0,0.0,0,0.0,False,False,0,0
2000-02-16 00:00:00+00:00,10000000.0,10000000.0,0.0,0.0,0.0,0.0,0,0.0,False,False,0,0
2000-02-17 00:00:00+00:00,10000000.0,10000000.0,0.0,0.0,0.0,0.0,0,0.0,False,False,0,0
2000-02-18 00:00:00+00:00,10000000.0,10000000.0,0.0,0.0,0.0,0.0,0,0.0,False,False,0,0
2000-02-21 00:00:00+00:00,10000000.0,10000000.0,0.0,0.0,0.0,0.0,0,0.0,False,False,0,0
2000-02-22 00:00:00+00:00,10000000.0,10000000.0,0.0,0.0,0.0,0.0,0,0.0,False,False,0,0
2000-02-23 00:00:00+00:00,10000000.0,10000000.0,0.0,0.0,0.0,0.0,0,0.0,False,False,0,0
2000-02-24 00:00:00+00:00,10000000.0,10000000.0,0.0,0.0,0.0,0.0,0,0.0,False,False,0,0
2000-02-25 00:00:00+00:00,10000000.0,10000000.0,0.0,0.0,0.0,0.0,0,0.0,False,False,0,0
2000-02-28 00:00:00+00:00,10000000.0,10000000.0,0.0,0.0,0.0,0.0,0,0.0,False,False,0,0
2000-02-29 00:00:00+00:00,10000000.0,10000000.0,0.0,0.0,0.0,0.0,0,0.0,False,False,0,0
2000-03-01 00:00:00+00:00,10000000.0,10000000.0,0.0,0.0,0.0,0.0,0,0.0,False,False,0,0
2000-03-02 00:00:00+00:00,10000000.0,10000000.0,0.0,0.0,0.0,0.0,0,0.0,False,False,0,0
2000-03-03 00:00:00+00:00,10000000.0,10000000.0,0.0,0.0,0.0,0.0,0,0.0,False,False,0,0
2000-03-06 00:00:00+00:00,10000000.0,10000000.0,0.0,0.0,0.0,0.0,0,0.0,False,False,0,0
2000-03-07 00:00:00+00:00,10000000.0,10000000.0,0.0,0.0,0.0,0.0,0,0.0,False,False,0,0
2000-03-08 00:00:00+00:00,10000000.0,10000000.0,0.0,0.0,0.0,0.0,0,0.0,False,False,0,0
2000-03-09 00:00:00+00:00,10000000.0,10000000.0,0.0,0.0,0.0,0.0,0,0.0,False,False,0,0
2000-03-10 00:00:00+00:00,10000000.0,10000000.0,0.0,0.0,0.0,0.0,0,0.0,False,False,0,0
2000-03-13 00:00:00+00:00,10000000.0,10000000.0,0.0,0.0,0.0,0.0,0,0.0,False,False,0,0
2000-03-14 00:00:00+00:00,10000000.0,10000000.0,0.0,0.0,0.0,0.0,0,0.0,False,False,0,0
2000-03-15 00:00:00+00:00,10000000.0,10000000.0,0.0,0.0,0.0,0.0,0,0.0,False,False,0,0
2000-03-16 00:00:00+00:00,10000000.0,10000000.0,0.0,0.0,0.0,0.0,0,0.0,False,False,0,0
2000-03-17 00:00:00+00:00,10000000.0,10000000.0,0.0,0.0,0.0,0.0,0,0.0,False,False,0,0
2000-03-20 00:00:00+00:00,10000000.0,10000000.0,0.0,0.0,0.0,0.0,0,0.0,False,False,0,0
2000-03-21 00:00:00+00:00,10000000.0,10000000.0,0.0,0.0,0.0,0.0,0,0.0,False,False,0,0
2000-03-22 00:00:00+00:00,10000000.0,10000000.0,0.0,0.0,0.0,0.0,0,0.0,False,False,0,0
2000-03-23 00:00:00+00:00,10000000.0,10000000.0,0.0,0.0,0.0,0.0,0,0.0,False,False,0,0
2000-03-24 00:00:00+00:00,10000000.0,10000000.0,0.0,0.0,0.0,0.0,0,0.0,False,False,0,0
2000-03-27 00:00:00+00:00,10000000.0,10000000.0,0.0,0.0,0.0,0.0,0,0.0,False,False,0,0
2000-03-28 00:00:00+00:00,10000000.0,10000000.0,0.0,0.0,0.0,0.0,0,0.0,False,False,0,0
2000-03-29 00:00:00+00:00,10000000.0,10000000.0,0.0,0.0,0.0,0.0,0,0.0,False,False,0,0
2000-03-30 00:00:00+00:00,10000000.0,10000000.0,0.0,0.0,0.0,0.0,0,0.0,False,False,0,0
2000-03-31 00:00:00+00:00,10000000.0,10000000.0,0.0,0.0,0.0,0.0,0,0.0,False,False,0,0
2000-04-03 00:00:00+00:00,10000000.0,10000000.0,0.0,0.0,0.0,0.0,0,0.0,False,False,0,0
2000-04-04 00:00:00+00:00,10000000.0,10000000.0,0.0,0.0,0.0,0.0,0,0.0,False,False,0,0
2000-04-05 00:00:00+00:00,10000000.0,10000000.0,0.0,0.0,0.0,0.0,0,0.0,False,False,0,0
2000-04-06 00:00:00+00:00,10000000.0,10000000.0,0.0,0.0,0.0,0.0,0,0.0,False,False,0,0
2000-04-07 00:00:00+00:00,10000000.0,10000000.0,0.0,0.0,0.0,0.0,0,0.0,False,False,0,0
2000-04-10 00:00:00+00:00,10000000.0,10000000.0,0.0,0.0,0.0,0.0,0,0.0,False,False,0,0
2000-04-11 00:00:00+00:00,10000000.0,10000000.0,0.0,0.0,0.0,0.0,0,0.0,False,False,0,0
2000-04-12 00:00:00+00:00,10000000.0,10000000.0,0.0,0.0,0.0,0.0,0,0.0,False,False,0,0
2000-04-13 00:00:00+00:00,10000000.0,10000000.0,0.0,0.0,0.0,0.0,0,0.0,False,False,0,0
2000-04-14 00:00:00+00:00,10000000.0,10000000.0,0.0,0.0,0.0,0.0,0,0.0,False,False,0,0
2000-04-17 00:00:00+00:00,10000000.0,10000000.0,0.0,0.0,0.0,0.0,0,0.0,False,False,0,0
2000-04-18 00:00:00+00:00,10000000.0,10000000.0,0.0,0.0,0.0,0.0,0,0.0,False,False,0,0
2000-04-19 00:00:00+00:00,10000000.0,10000000.0,0.0,0.0,0.0,0.0,0,0.0,False,False,0,0
2000-04-20 00:00:00+00:00,10000000.0,10000000.0,0.0,0.0,0.0,0.0,0,0.0,False,False,0,0
2000-04-21 00:00:00+00:00,10000000.0,10000000.0,0.0,0.0,0.0,0.0,0,0.0,False,False,0,0
2000-04-24 00:00:00+00:00,10000000.0,10000000.0,0.0,0.0,0.0,0.0,0,0.0,False,False,0,0
2000-04-25 00:00:00+00:00,10000000.0,10000000.0,0.0,0.0,0.0,0.0,0,0.0,False,False,0,0
2000-04-26 00:00:00+00:00,10000000.0,10000000.0,0.0,0.0,0.0,0.0,0,0.0,False,False,0,0
2000-04-27 00:00:00+00:00,10000000.0,10000000.0,0.0,0.0,0.0,0.0,0,0.0,False,False,0,0
2000-04-28 00:00:00+00:00,10000000.0,10000000.0,0.0,0.0,0.0,0.0,0,0.0,False,False,0,0
2000-05-01 00:00:00+00:00,10000000.0,10000000.0,0.0,0.0,0.0,0.0,0,0.0,False,False,0,0
2000-05-02 00:00:00+00:00,10000000.0,10000000.0,0.0,0.0,0.0,0.0,0,0.0,False,False,0,0
2000-05-03 00:00:00+00:00,10000000.0,10000000.0,0.0,0.0,0.0,0.0,0,0.0,False,False,0,0
2000-05-04 00:00:00+00:00,10000000.0,10000000.0,0.0,0.0,0.0,0.0,0,0.0,False,False,0,0
2000-05-05 00:00:00+00:00,10000000.0,10000000.0,0.0,0.0,0.0,0.0,0,0.0,False,False,0,0
2000-05-08 00:00:00+00:00,10000000.0,10000000.0,0.0,0.0,0.0,0.0,0,0.0,False,False,0,0
2000-05-09 00:00:00+00:00,10000000.0,10000000.0,0.0,0.0,0.0,0.0,0,0.0,False,False,0,0
2000-05-10 00:00:00+00:00,10000000.0,10000000.0,0.0,0.0,0.0,0.0,0,0.0,False,False,0,0
2000-05-11 00:00:00+00:00,10000000.0,10000000.0,0.0,0.0,0.0,0.0,0,0.0,False,False,0,0
2000-05-12 00:00:00+00:00,10000000.0,10000000.0,0.0,0.0,0.0,0.0,0,0.0,False,False,0,0
2000-05-15 00:00:00+00:00,10000000.0,10000000.0,0.0,0.0,0.0,0.0,0,0.0,False,False,0,0
2000-05-16 00:00:00+00:00,10000000.0,10000000.0,0.0,0.0,0.0,0.0,0,0.0,False,False,0,0
2000-05-17 00:00:00+00:00,10000000.0,10000000.0,0.0,0.0,0.0,0.0,0,0.0,False,False,0,0
2000-05-18 00:00:00+00:00,10000000.0,10000000.0,0.0,0.0,0.0,0.0,0,0.0,False,False,0,0
2000-05-19 00:00:00+00:00,10000000.0,10000000.0,0.0,0.0,0.0,0.0,0,0.0,False,False,0,0
2000-05-22 00:00:00+00:00,10000000.0,10000000.0,0.0,0.0,0.0,0.0,0,0.0,False,False,0,0
2000-05-23 00:00:00+00:00,10000000.0,10000000.0,0.0,0.0,0.0,0.0,0,0.0,False,False,0,0
2000-05-24 00:00:00+00:00,10000000.0,10000000.0,0.0,0.0,0.0,0.0,0,0.0,False,False,0,0
2000-05-25 00:00:00+00:00,10000000.0,10000000.0,0.0,0.0,0.0,0.0,0,0.0,False,False,0,0
2000-05-26 00:00:00+00:00,10000000.0,10000000.0,0.0,0.0,0.0,0.0,0,0.0,False,False,0,0
2000-05-29 00:00:00+00:00,10000000.0,10000000.0,0.0,0.0,0.0,0.0,0,0.0,False,False,0,0
2000-05-30 00:00:00+00:00,10000000.0,10000000.0,0.0,0.0,0.0,0.0,0,0.0,False,False,0,0
2000-05-31 00:00:00+00:00,10000000.0,10000000.0,0.0,0.0,0.0,0.0,0,0.0,False,False,0,0
2000-06-01 00:00:00+00:00,10000000.0,10000000.0,0.0,0.0,0.0,0.0,0,0.0,False,False,0,0
2000-06-02 00:00:00+00:00,10000000.0,10000000.0,0.0,0.0,0.0,0.0,0,0.0,False,False,0,0
2000-06-05 00:00:00+00:00,10000000.0,10000000.0,0.0,0.0,0.0,0.0,0,0.0,False,False,0,0
2000-06-06 00:00:00+00:00,10000000.0,10000000.0,0.0,0.0,0.0,0.0,0,0.0,False,False,0,0
2000-06-07 00:00:00+00:00,10000000.0,10000000.0,0.0,0.0,0.0,0.0,0,0.0,False,False,0,0
2000-06-08 00:00:00+00:00,10000000.0,10000000.0,0.0,0.0,0.0,0.0,0,0.0,False,False,0,0
2000-06-09 00:00:00+00:00,10000000.0,10000000.0,0.0,0.0,0.0,0.0,0,0.0,False,False,0,0
2000-06-12 00:00:00+00:00,10000000.0,10000000.0,0.0,0.0,0.0,0.0,0,0.0,False,False,0,0
2000-06-13 00:00:00+00:00,10000000.0,10000000.0,0.0,0.0,0.0,0.0,0,0.0,False,False,0,0
2000-06-14 00:00:00+00:00,10000000.0,10000000.0,0.0,0.0,0.0,0.0,0,0.0,False,False,0,0
2000-06-15 00:00:00+00:00,10000000.0,10000000.0,0.0,0.0,0.0,0.0,0,0.0,False,False,0,0
2000-06-16 00:00:00+00:00,10000000.0,10000000.0,0.0,0.0,0.0,0.0,0,0.0,False,False,0,0
2000-06-19 00:00:00+00:00,10000000.0,10000000.0,0.0,0.0,0.0,0.0,0,0.0,False,False,0,0
2000-06-20 00:00:00+00:00,10000000.0,10000000.0,0.0,0.0,0.0,0.0,0,0.0,False,False,0,0
2000-06-21 00:00:00+00:00,10000000.0,10000000.0,0.0,0.0,0.0,0.0,0,0.0,False,False,0,0
2000-06-22 00:00:00+00:00,10000000.0,10000000.0,0.0,0.0,0.0,0.0,0,0.0,False,False,0,0
2000-06-23 00:00:00+00:00,10000000.0,10000000.0,0.0,0.0,0.0,0.0,0,0.0,False,False,0,0
2000-06-26 00:00:00+00:00,10000000.0,10000000.0,0.0,0.0,0.0,0.0,0,0.0,False,False,0,0
2000-06-27 00:00:00+00:00,10000000.0,10000000.0,0.0,0.0,0.0,0.0,0,0.0,False,False,0,0
2000-06-28 00:00:00+00:00,10000000.0,10000000.0,0.0,0.0,0.0,0.0,0,0.0,False,False,0,0
2000-06-29 00:00:00+00:00,10000000.0,10000000.0,0.0,0.0,0.0,0.0,0,0.0,False,False,0,0
2000-06-30 00:00:00+00:00,10000000.0,10000000.0,0.0,0.0,0.0,0.0,0,0.0,False,False,0,0
2000-07-03 00:00:00+00:00,10000000.0,10000000.0,0.0,0.0,0.0,0.0,0,0.0,False,False,0,0
2000-07-04 00:00:00+00:00,10000000.0,10000000.0,0.0,0.0,0.0,0.0,0,0.0,False,False,0,0
2000-07-05 00:00:00+00:00,10000000.0,10000000.0,0.0,0.0,0.0,0.0,0,0.0,False,False,0,0
2000-07-06 00:00:00+00:00,10000000.0,10000000.0,0.0,0.0,0.0,0.0,0,0.0,False,False,0,0
2000-07-07 00:00:00+00:00,10000000.0,10000000.0,0.0,0.0,0.0,0.0,0,0.0,False,False,0,0
2000-07-10 00:00:00+00:00,10000000.0,10000000.0,0.0,0.0,0.0,0.0,0,0.0,False,False,0,0
2000-07-11 00:00:00+00:00,10000000.0,10000000.0,0.0,0.0,0.0,0.0,0,0.0,False,False,0,0
2000-07-12 00:00:00+00:00,10000000.0,10000000.0,0.0,0.0,0.0,0.0,0,0.0,False,False,0,0
2000-07-13 00:00:00+00:00,10000000.0,10000000.0,0.0,0.0,0.0,0.0,0,0.0,False,False,0,0
2000-07-14 00:00:00+00:00,10000000.0,10000000.0,0.0,0.0,0.0,0.0,0,0.0,False,False,0,0
2000-07-17 00:00:00+00:00,10000000.0,10000000.0,0.0,0.0,0.0,0.0,0,0.0,False,False,0,0
2000-07-18 00:00:00+00:00,10000000.0,10000000.0,0.0,0.0,0.0,0.0,0,0.0,False,False,0,0
2000-07-19 00:00:00+00:00,10000000.0,10000000.0,0.0,0.0,0.0,0.0,0,0.0,False,False,0,0
2000-07-20 00:00:00+00:00,10000000.0,10000000.0,0.0,0.0,0.0,0.0,0,0.0,False,False,0,0
2000-07-21 00:00:00+00:00,10000000.0,10000000.0,0.0,0.0,0.0,0.0,0,0.0,False,False,0,0
2000-07-24 00:00:00+00:00,10000000.0,10000000.0,0.0,0.0,0.0,0.0,0,0.0,False,False,0,0
2000-07-25 00:00:00+00:00,10000000.0,10000000.0,0.0,0.0,0.0,0.0,0,0.0,False,False,0,0
2000-07-26 00:00:00+00:00,10000000.0,10000000.0,0.0,0.0,0.0,0.0,0,0.0,False,False,0,0
2000-07-27 00:00:00+00:00,10000000.0,10000000.0,0.0,0.0,0.0,0.0,0,0.0,False,False,0,0
2000-07-28 00:00:00+00:00,10000000.0,10000000.0,0.0,0.0,0.0,0.0,0,0.0,False,False,0,0
2000-07-31 00:00:00+00:00,10000000.0,10000000.0,0.0,0.0,0.0,0.0,0,0.0,False,False,0,0
2000-08-01 00:00:00+00:00,10000000.0,10000000.0,0.0,0.0,0.0,0.0,0,0.0,False,False,0,0
2000-08-02 00:00:00+00:00,10000000.0,10000000.0,0.0,0.0,0.0,0.0,0,0.0,False,False,0,0
2000-08-03 00:00:00+00:00,10000000.0,10000000.0,0.0,0.0,0.0,0.0,0,0.0,False,False,0,0
2000-08-04 00:00:00+00:00,10000000.0,10000000.0,0.0,0.0,0.0,0.0,0,0.0,False,False,0,0
2000-08-07 00:00:00+00:00,10000000.0,10000000.0,0.0,0.0,0.0,0.0,0,0.0,False,False,0,0
2000-08-08 00:00:00+00:00,10000000.0,10000000.0,0.0,0.0,0.0,0.0,0,0.0,False,False,0,0
2000-08-09 00:00:00+00:00,10000000.0,10000000.0,0.0,0.0,0.0,0.0,0,0.0,False,False,0,0
2000-08-10 00:00:00+00:00,10000000.0,10000000.0,0.0,0.0,0.0,0.0,0,0.0,False,False,0,0
2000-08-11 00:00:00+00:00,10000000.0,10000000.0,0.0,0.0,0.0,0.0,0,0.0,False,False,0,0
2000-08-14 00:00:00+00:00,10000000.0,10000000.0,0.0,0.0,0.0,0.0,0,0.0,False,False,0,0
2000-08-15 00:00:00+00:00,10000000.0,10000000.0,0.0,0.0,0.0,0.0,0,0.0,False,False,0,0
2000-08-16 00:00:00+00:00,10000000.0,10000000.0,0.0,0.0,0.0,0.0,0,0.0,False,False,0,0
2000-08-17 00:00:00+00:00,10000000.0,10000000.0,0.0,0.0,0.0,0.0,0,0.0,False,False,0,0
2000-08-18 00:00:00+00:00,10000000.0,10000000.0,0.0,0.0,0.0,0.0,0,0.0,False,False,0,0
2000-08-21 00:00:00+00:00,10000000.0,10000000.0,0.0,0.0,0.0,0.0,0,0.0,False,False,0,0
2000-08-22 00:00:00+00:00,10000000.0,10000000.0,0.0,0.0,0.0,0.0,0,0.0,False,False,0,0
2000-08-23 00:00:00+00:00,10000000.0,10000000.0,0.0,0.0,0.0,0.0,0,0.0,False,False,0,0
2000-08-24 00:00:00+00:00,10000000.0,10000000.0,0.0,0.0,0.0,0.0,0,0.0,False,False,0,0
2000-08-25 00:00:00+00:00,10000000.0,10000000.0,0.0,0.0,0.0,0.0,0,0.0,False,False,0,0
2000-08-28 00:00:00+00:00,10000000.0,10000000.0,0.0,0.0,0.0,0.0,0,0.0,False,False,0,0
2000-08-29 00:00:00+00:00,10000000.0,10000000.0,0.0,0.0,0.0,0.0,0,0.0,False,False,0,0
2000-08-30 00:00:00+00:00,10000000.0,10000000.0,0.0,0.0,0.0,0.0,0,0.0,False,False,0,0
2000-08-31 00:00:00+00:00,10000000.0,10000000.0,0.0,0.0,0.0,0.0,0,0.0,False,False,0,0
2000-09-01 00:00:00+00:00,10000000.0,10000000.0,0.0,0.0,0.0,0.0,0,0.0,False,False,0,0
2000-09-04 00:00:00+00:00,10000000.0,10000000.0,0.0,0.0,0.0,0.0,0,0.0,False,False,0,0
2000-09-05 00:00:00+00:00,10000000.0,10000000.0,0.0,0.0,0.0,0.0,0,0.0,False,False,0,0
2000-09-06 00:00:00+00:00,10000000.0,10000000.0,0.0,0.0,0.0,0.0,0,0.0,False,False,0,0
2000-09-07 00:00:00+00:00,10000000.0,10000000.0,0.0,0.0,0.0,0.0,0,0.0,False,False,0,0
2000-09-08 00:00:00+00:00,10000000.0,10000000.0,0.0,0.0,0.0,0.0,0,0.0,False,False,0,0
2000-09-11 00:00:00+00:00,10000000.0,10000000.0,0.0,0.0,0.0,0.0,0,0.0,False,False,0,0
2000-09-12 00:00:00+00:00,10000000.0,10000000.0,0.0,0.0,0.0,0.0,0,0.0,False,False,0,0
2000-09-13 00:00:00+00:00,10000000.0,10000000.0,0.0,0.0,0.0,0.0,0,0.0,False,False,0,0
2000-09-14 00:00:00+00:00,10000000.0,10000000.0,0.0,0.0,0.0,0.0,0,0.0,False,False,0,0
2000-09-15 00:00:00+00:00,10000000.0,10000000.0,0.0,0.0,0.0,0.0,0,0.0,False,False,0,0
2000-09-18 00:00:00+00:00,10000000.0,10000000.0,0.0,0.0,0.0,0.0,0,0.0,False,False,0,0
2000-09-19 00:00:00+00:00,10000000.0,10000000.0,0.0,0.0,0.0,0.0,0,0.0,False,False,0,0
2000-09-20 00:00:00+00:00,10000000.0,10000000.0,0.0,0.0,0.0,0.0,0,0.0,False,False,0,0
2000-09-21 00:00:00+00:00,10000000.0,10000000.0,0.0,0.0,0.0,0.0,0,0.0,False,False,0,0
2000-09-22 00:00:00+00:00,10000000.0,10000000.0,0.0,0.0,0.0,0.0,0,0.0,False,False,0,0
2000-09-25 00:00:00+00:00,10000000.0,10000000.0,0.0,0.0,0.0,0.0,0,0.0,False,False,0,0
2000-09-26 00:00:00+00:00,10000000.0,10000000.0,0.0,0.0,0.0,0.0,0,0.0,False,False,0,0
2000-09-27 00:00:00+00:00,10000000.0,10000000.0,0.0,0.0,0.0,0.0,0,0.0,False,False,0,0
2000-09-28 00:00:00+00:00,10000000.0,10000000.0,0.0,0.0,0.0,0.0,0,0.0,False,False,0,0
2000-09-29 00:00:00+00:00,10000000.0,10000000.0,0.0,0.0,0.0,0.0,0,0.0,False,False,0,0
2000-10-02 00:00:00+00:00,10000000.0,10000000.0,0.0,0.0,0.0,0.0,0,0.0,False,False,0,0
2000-10-03 00:00:00+00:00,10000000.0,10000000.0,0.0,0.0,0.0,0.0,0,0.0,False,False,0,0
2000-10-04 00:00:00+00:00,10000000.0,10000000.0,0.0,0.0,0.0,0.0,0,0.0,False,False,0,0
2000-10-05 00:00:00+00:00,10000000.0,10000000.0,0.0,0.0,0.0,0.0,0,0.0,False,False,0,0
2000-10-06 00:00:00+00:00,10000000.0,10000000.0,0.0,0.0,0.0,0.0,0,0.0,False,False,0,0
2000-10-09 00:00:00+00:00,10000000.0,10000000.0,0.0,0.0,0.0,0.0,0,0.0,False,False,0,0
2000-10-10 00:00:00+00:00,10000000.0,10000000.0,0.0,0.0,0.0,0.0,0,0.0,False,False,0,0
2000-10-11 00:00:00+00:00,10000000.0,10000000.0,0.0,0.0,0.0,0.0,0,0.0,False,False,0,0
2000-10-12 00:00:00+00:00,10000000.0,10000000.0,0.0,0.0,0.0,0.0,0,0.0,False,False,0,0
2000-10-13 00:00:00+00:00,10000000.0,10000000.0,0.0,0.0,0.0,0.0,0,0.0,False,False,0,0
2000-10-16 00:00:00+00:00,10000000.0,10000000.0,0.0,0.0,0.0,0.0,0,0.0,False,False,0,0
2000-10-17 00:00:00+00:00,10000000.0,10000000.0,0.0,0.0,0.0,0.0,0,0.0,False,False,0,0
2000-10-18 00:00:00+00:00,10000000.0,10000000.0,0.0,0.0,0.0,0.0,0,0.0,False,False,0,0
2000-10-19 00:00:00+00:00,10000000.0,10000000.0,0.0,0.0,0.0,0.0,0,0.0,False,False,0,0
2000-10-20 00:00:00+00:00,10000000.0,10000000.0,0.0,0.0,0.0,0.0,0,0.0,False,False,0,0
2000-10-23 00:00:00+00:00,10000000.0,10000000.0,0.0,0.0,0.0,0.0,0,0.0,False,False,0,0
2000-10-24 00:00:00+00:00,10000000.0,10000000.0,0.0,0.0,0.0,0.0,0,0.0,False,False,0,0
2000-10-25 00:00:00+00:00,10000000.0,10000000.0,0.0,0.0,0.0,0.0,0,0.0,False,False,0,0
2000-10-26 00:00:00+00:00,10000000.0,10000000.0,0.0,0.0,0.0,0.0,0,0.0,False,False,0,0
2000-10-27 00:00:00+00:00,10000000.0,10000000.0,0.0,0.0,0.0,0.0,0,0.0,False,False,0,0
2000-10-30 00:00:00+00:00,10000000.0,10000000.0,0.0,0.0,0.0,0.0,0,0.0,False,False,0,0
2000-10-31 00:00:00+00:00,10000000.0,10000000.0,0.0,0.0,0.0,0.0,0,0.0,False,False,0,0
2000-11-01 00:00:00+00:00,10000000.0,10000000.0,0.0,0.0,0.0,0.0,0,0.0,False,False,0,0
2000-11-02 00:00:00+00:00,10000000.0,10000000.0,0.0,0.0,0.0,0.0,0,0.0,False,False,0,0
2000-11-03 00:00:00+00:00,10000000.0,10000000.0,0.0,0.0,0.0,0.0,0,0.0,False,False,0,0
2000-11-06 00:00:00+00:00,10000000.0,10000000.0,0.0,0.0,0.0,0.0,0,0.0,False,False,0,0
2000-11-07 00:00:00+00:00,10000000.0,10000000.0,0.0,0.0,0.0,0.0,0,0.0,False,False,0,0
2000-11-08 00:00:00+00:00,10000000.0,10000000.0,0.0,0.0,0.0,0.0,0,0.0,False,False,0,0
2000-11-09 00:00:00+00:00,10000000.0,10000000.0,0.0,0.0,0.0,0.0,0,0.0,False,False,0,0
2000-11-10 00:00:00+00:00,10000000.0,10000000.0,0.0,0.0,0.0,0.0,0,0.0,False,False,0,0
2000-11-13 00:00:00+00:00,10000000.0,10000000.0,0.0,0.0,0.0,0.0,0,0.0,False,False,0,0
2000-11-14 00:00:00+00:00,10000000.0,10000000.0,0.0,0.0,0.0,0.0,0,0.0,False,False,0,0
2000-11-15 00:00:00+00:00,10000000.0,10000000.0,0.0,0.0,0.0,0.0,0,0.0,False,False,0,0
2000-11-16 00:00:00+00:00,10000000.0,10000000.0,0.0,0.0,0.0,0.0,0,0.0,False,False,0,0
2000-11-17 00:00:00+00:00,10000000.0,10000000.0,0.0,0.0,0.0,0.0,0,0.0,False,False,0,0
2000-11-20 00:00:00+00:00,10000000.0,10000000.0,0.0,0.0,0.0,0.0,0,0.0,False,False,0,0
2000-11-21 00:00:00+00:00,10000000.0,10000000.0,0.0,0.0,0.0,0.0,0,0.0,False,False,0,0
2000-11-22 00:00:00+00:00,10000000.0,10000000.0,0.0,0.0,0.0,0.0,0,0.0,False,False,0,0
2000-11-23 00:00:00+00:00,10000000.0,10000000.0,0.0,0.0,0.0,0.0,0,0.0,False,False,0,0
2000-11-24 00:00:00+00:00,10000000.0,10000000.0,0.0,0.0,0.0,0.0,0,0.0,False,False,0,0
2000-11-27 00:00:00+00:00,10000000.0,10000000.0,0.0,0.0,0.0,0.0,0,0.0,False,False,0,0
2000-11-28 00:00:00+00:00,10000000.0,10000000.0,0.0,0.0,0.0,0.0,0,0.0,False,False,0,0
2000-11-29 00:00:00+00:00,10000000.0,10000000.0,0.0,0.0,0.0,0.0,0,0.0,False,False,0,0
2000-11-30 00:00:00+00:00,10000000.0,10000000.0,0.0,0.0,0.0,0.0,0,0.0,False,False,0,0
2000-12-01 00:00:00+00:00,10000000.0,10000000.0,0.0,0.0,0.0,0.0,0,0.0,False,False,0,0
2000-12-04 00:00:00+00:00,10000000.0,10000000.0,0.0,0.0,0.0,0.0,0,0.0,False,False,0,0
2000-12-05 00:00:00+00:00,10000000.0,10000000.0,0.0,0.0,0.0,0.0,0,0.0,False,False,0,0
2000-12-06 00:00:00+00:00,10000000.0,10000000.0,0.0,0.0,0.0,0.0,0,0.0,False,False,0,0
2000-12-07 00:00:00+00:00,10000000.0,10000000.0,0.0,0.0,0.0,0.0,0,0.0,False,False,0,0
2000-12-08 00:00:00+00:00,10000000.0,10000000.0,0.0,0.0,0.0,0.0,0,0.0,False,False,0,0
2000-12-11 00:00:00+00:00,10000000.0,10000000.0,0.0,0.0,0.0,0.0,0,0.0,False,False,0,0
2000-12-12 00:00:00+00:00,10000000.0,10000000.0,0.0,0.0,0.0,0.0,0,0.0,False,False,0,0
2000-12-13 00:00:00+00:00,10000000.0,10000000.0,0.0,0.0,0.0,0.0,0,0.0,False,False,0,0
2000-12-14 00:00:00+00:00,10000000.0,10000000.0,0.0,0.0,0.0,0.0,0,0.0,False,False,0,0
2000-12-15 00:00:00+00:00,10000000.0,10000000.0,0.0,0.0,0.0,0.0,0,0.0,False,False,0,0
2000-12-18 00:00:00+00:00,10000000.0,10000000.0,0.0,0.0,0.0,0.0,0,0.0,False,False,0,0
2000-12-19 00:00:00+00:00,10000000.0,10000000.0,0.0,0.0,0.0,0.0,0,0.0,False,False,0,0
2000-12-20 00:00:00+00:00,10000000.0,10000000.0,0.0,0.0,0.0,0.0,0,0.0,False,False,0,0
2000-12-21 00:00:00+00:00,9978609.453757197,9600658.524893671,377950.9288635254,377950.9288635254,377950.9288635254,0.0,1,-0.0021390546242803336,False,False,0,0
2000-12-22 00:00:00+00:00,9950652.899069697,9600658.524893671,349994.3741760254,349994.3741760254,349994.3741760254,0.0,1,-0.004934710093030334,False,False,0,1
2000-12-25 00:00:00+00:00,9950547.900757443,9950547.900757443,0.0,0.0,0.0,0.0,0,-0.004945209924255684,False,False,0,1
2000-12-26 00:00:00+00:00,9929595.951702245,9559052.763416417,370543.18828582764,370543.18828582764,370543.18828582764,0.0,1,-0.007040404829775542,False,False,0,1
2000-12-27 00:00:00+00:00,9967597.117321141,9559052.763416417,408544.3539047241,408544.3539047241,408544.3539047241,0.0,1,-0.0032402882678858936,False,False,0,1
2000-12-28 00:00:00+00:00,9972160.666019566,9559052.763416417,413107.9026031494,413107.9026031494,413107.9026031494,0.0,1,-0.0027839333980433645,False,False,0,1
2000-12-29 00:00:00+00:00,9984571.799099095,9559052.763416417,425519.0356826782,425519.0356826782,425519.0356826782,0.0,1,-0.0015428200900904833,False,False,0,1
2001-01-01 00:00:00+00:00,9989484.946564868,9989484.946564868,0.0,0.0,0.0,0.0,0,-0.0010515053435131907,False,False,0,1
2001-01-02 00:00:00+00:00,9989484.946564868,9989484.946564868,0.0,0.0,0.0,0.0,0,-0.0010515053435131907,False,False,0,1
2001-01-03 00:00:00+00:00,9989484.946564868,9989484.946564868,0.0,0.0,0.0,0.0,0,-0.0010515053435131907,False,False,0,1
2001-01-04 00:00:00+00:00,9989484.946564868,9989484.946564868,0.0,0.0,0.0,0.0,0,-0.0010515053435131907,False,False,0,1
2001-01-05 00:00:00+00:00,9989484.946564868,9989484.946564868,0.0,0.0,0.0,0.0,0,-0.0010515053435131907,False,False,0,1
2001-01-08 00:00:00+00:00,9989484.946564868,9989484.946564868,0.0,0.0,0.0,0.0,0,-0.0010515053435131907,False,False,0,1
2001-01-09 00:00:00+00:00,9989484.946564868,9989484.946564868,0.0,0.0,0.0,0.0,0,-0.0010515053435131907,False,False,0,1
2001-01-10 00:00:00+00:00,9989484.946564868,9989484.946564868,0.0,0.0,0.0,0.0,0,-0.0010515053435131907,False,False,0,1
2001-01-11 00:00:00+00:00,9989484.946564868,9989484.946564868,0.0,0.0,0.0,0.0,0,-0.0010515053435131907,False,False,0,1
2001-01-12 00:00:00+00:00,9989484.946564868,9989484.946564868,0.0,0.0,0.0,0.0,0,-0.0010515053435131907,False,False,0,1
2001-01-15 00:00:00+00:00,9989484.946564868,9989484.946564868,0.0,0.0,0.0,0.0,0,-0.0010515053435131907,False,False,0,1
2001-01-16 00:00:00+00:00,9989484.946564868,9989484.946564868,0.0,0.0,0.0,0.0,0,-0.0010515053435131907,False,False,0,1
2001-01-17 00:00:00+00:00,9989484.946564868,9989484.946564868,0.0,0.0,0.0,0.0,0,-0.0010515053435131907,False,False,0,1
2001-01-18 00:00:00+00:00,9989484.946564868,9989484.946564868,0.0,0.0,0.0,0.0,0,-0.0010515053435131907,False,False,0,1
2001-01-19 00:00:00+00:00,10000015.668876322,7974951.147271784,2025064.521604538,2025064.521604538,2025064.521604538,0.0,5,0.0,False,False,0,1
2001-01-22 00:00:00+00:00,10033675.605411204,7974951.147271784,2058724.4581394196,2058724.4581394196,2058724.4581394196,0.0,5,0.0,False,False,0,1
2001-01-23 00:00:00+00:00,10023855.554993303,7974951.147271784,2048904.4077215195,2048904.4077215195,2048904.4077215195,0.0,5,-0.0009787091793763086,False,False,0,1
2001-01-24 00:00:00+00:00,10032820.944348963,7974951.147271784,2057869.797077179,2057869.797077179,2057869.797077179,0.0,5,-8.51792599094671e-05,False,False,0,1
2001-01-25 00:00:00+00:00,10080101.755334528,7974951.147271784,2105150.608062744,2105150.608062744,2105150.608062744,0.0,5,0.0,False,False,0,1
2001-01-26 00:00:00+00:00,10080101.755334528,7974951.147271784,2105150.608062744,2105150.608062744,2105150.608062744,0.0,5,0.0,False,False,0,1
2001-01-29 00:00:00+00:00,10009456.539549502,7974951.147271784,2034505.3922777176,2034505.3922777176,2034505.3922777176,0.0,5,-0.007008383198873973,False,False,0,1
2001-01-30 00:00:00+00:00,10009077.640947016,7974951.147271784,2034126.493675232,2034126.493675232,2034126.493675232,0.0,5,-0.007045971966495802,False,False,0,1
2001-01-31 00:00:00+00:00,10003170.413842829,7974951.147271784,2028219.266571045,2028219.266571045,2028219.266571045,0.0,5,-0.007632000485608798,False,False,0,2
2001-02-01 00:00:00+00:00,9983525.28181414,8336154.535427612,1647370.746386528,1647370.746386528,1647370.746386528,0.0,4,-0.009580902640122579,False,False,0,2
2001-02-02 00:00:00+00:00,10003822.567006629,8336154.535427612,1667668.0315790176,1667668.0315790176,1667668.0315790176,0.0,4,-0.007567303404207325,False,False,0,2
2001-02-05 00:00:00+00:00,10052799.932872336,8336154.535427612,1716645.397444725,1716645.397444725,1716645.397444725,0.0,4,-0.0027084867915885182,False,False,0,2
2001-02-06 00:00:00+00:00,10053635.00938658,8336154.535427612,1717480.473958969,1717480.473958969,1717480.473958969,0.0,4,-0.002625642735594525,False,False,0,2
2001-02-07 00:00:00+00:00,10019138.311389487,8336154.535427612,1682983.775961876,1682983.775961876,1682983.775961876,0.0,4,-0.006047899656645652,False,False,0,3
2001-02-08 00:00:00+00:00,10096207.435136499,8689189.644259157,1407017.7908773422,1407017.7908773422,1407017.7908773422,0.0,3,0.0,False,False,0,4
2001-02-09 00:00:00+00:00,10124591.746928878,9252466.166576095,872125.5803527832,872125.5803527832,872125.5803527832,0.0,2,0.0,False,False,0,4
2001-02-12 00:00:00+00:00,10110969.364957519,9252466.166576095,858503.198381424,858503.198381424,858503.198381424,0.0,2,-0.0013454746928923203,False,False,0,4
2001-02-13 00:00:00+00:00,10116099.522452064,9252466.166576095,863633.3558759689,863633.3558759689,863633.3558759689,0.0,2,-0.0008387720403037724,False,False,0,4
2001-02-14 00:00:00+00:00,10130598.879558273,9252466.166576095,878132.7129821777,878132.7129821777,878132.7129821777,0.0,2,0.0,False,False,0,4
2001-02-15 00:00:00+00:00,10133074.780295081,9252466.166576095,880608.6137189865,880608.6137189865,880608.6137189865,0.0,2,0.0,False,False,0,5
2001-02-16 00:00:00+00:00,10121729.768059656,9715916.271478578,405813.4965810776,405813.4965810776,405813.4965810776,0.0,1,-0.0011196021426277325,False,False,0,5
2001-02-19 00:00:00+00:00,10102433.333172351,8078714.516201525,2023718.8169708252,2023718.8169708252,2023718.8169708252,0.0,5,-0.0030239041739153153,False,False,0,5
2001-02-20 00:00:00+00:00,10089636.47481969,8078714.516201525,2010921.958618164,2010921.958618164,2010921.958618164,0.0,5,-0.004286784260179564,False,False,0,5
2001-02-21 00:00:00+00:00,10089920.116405994,8078714.516201525,2011205.6002044678,2011205.6002044678,2011205.6002044678,0.0,5,-0.004258792599952672,False,False,0,5
2001-02-22 00:00:00+00:00,10074774.500980746,7270311.411310802,2804463.089669943,2804463.089669943,2804463.089669943,0.0,7,-0.005753463837818208,False,False,0,5
2001-02-23 00:00:00+00:00,10006978.416463286,7677938.9652448,2329039.451218486,2329039.451218486,2329039.451218486,0.0,6,-0.012444037625874873,False,False,0,5
2001-02-26 00:00:00+00:00,10025999.71801737,7677938.9652448,2348060.7527725697,2348060.7527725697,2348060.7527725697,0.0,6,-0.010566887603151966,False,False,0,6
2001-02-27 00:00:00+00:00,9999476.50790044,8059368.424713575,1940108.0831868649,1940108.0831868649,1940108.0831868649,0.0,5,-0.013184376439660674,False,False,0,8
2001-02-28 00:00:00+00:00,10051180.31347021,8411182.789070811,1639997.5243993998,1639997.5243993998,1639997.5243993998,0.0,4,-0.008081897015516325,False,False,0,9
2001-03-01 00:00:00+00:00,10021607.692085108,8778954.95381268,1242652.7382724285,1242652.7382724285,1242652.7382724285,0.0,3,-0.011000322274018356,False,False,0,9
2001-03-02 00:00:00+00:00,9968100.272490777,9609291.13341073,358809.1390800476,358809.1390800476,358809.1390800476,0.0,1,-0.01628079446577421,False,False,0,10
2001-03-05 00:00:00+00:00,9945250.638877064,9559912.795127064,385337.84375,385337.84375,385337.84375,0.0,1,-0.018535750055181956,False,False,0,10
2001-03-06 00:00:00+00:00,9945011.958685353,8764073.475894406,1180938.482790947,1180938.482790947,1180938.482790947,0.0,3,-0.018559304622466383,False,False,0,10
2001-03-07 00:00:00+00:00,9985306.923586324,8764073.475894406,1221233.4476919174,1221233.4476919174,1221233.4476919174,0.0,3,-0.014582726360226712,False,False,0,10
2001-03-08 00:00:00+00:00,9987577.738967326,8363266.854136851,1624310.8848304749,1624310.8848304749,1624310.8848304749,0.0,4,-0.014358627019183898,False,False,0,10
2001-03-09 00:00:00+00:00,9923658.575024892,8788259.46501093,1135399.1100139618,1135399.1100139618,1135399.1100139618,0.0,3,-0.02066660019892713,False,False,0,11
2001-03-12 00:00:00+00:00,9822962.69636701,9149713.148483977,673249.5478830338,673249.5478830338,673249.5478830338,0.0,2,-0.03060394703995664,False,False,0,12
2001-03-13 00:00:00+00:00,9737445.97979651,8689974.40741263,1047471.5723838806,1047471.5723838806,1047471.5723838806,0.0,3,-0.03904331203278165,False,False,0,14
2001-03-14 00:00:00+00:00,9944232.623274524,7227281.36759873,2716951.2556757927,2716951.2556757927,2716951.2556757927,0.0,7,-0.018636214684587423,False,False,1,14
2001-03-15 00:00:00+00:00,10046135.622136552,7227281.36759873,2818854.254537821,2818854.254537821,2818854.254537821,0.0,7,-0.008579741099670225,False,False,1,14
2001-03-16 00:00:00+00:00,9964758.56821986,7227281.36759873,2737477.200621128,2737477.200621128,2737477.200621128,0.0,7,-0.016610576327980166,False,False,2,14
2001-03-19 00:00:00+00:00,10007872.408904511,7227281.36759873,2780591.0413057804,2780591.0413057804,2780591.0413057804,0.0,7,-0.012355812436521266,False,False,6,14
2001-03-20 00:00:00+00:00,10029876.983536502,9656426.08444955,373450.8990869522,373450.8990869522,373450.8990869522,0.0,1,-0.010184252953433144,False,False,6,14
2001-03-21 00:00:00+00:00,10038517.193506977,9656426.08444955,382091.10905742645,382091.10905742645,382091.10905742645,0.0,1,-0.009331578897649394,False,False,6,14
2001-03-22 00:00:00+00:00,10030356.98465993,9656426.08444955,373930.90021038055,373930.90021038055,373930.90021038055,0.0,1,-0.010136883212872089,False,False,6,14
2001-03-23 00:00:00+00:00,10002196.14921548,9656426.08444955,345770.0647659302,345770.0647659302,345770.0647659302,0.0,1,-0.012915983935508848,False,False,6,14
2001-03-26 00:00:00+00:00,10003156.183087131,9656426.08444955,346730.0986375809,346730.0986375809,346730.0986375809,0.0,1,-0.012821241333439279,False,False,6,14
2001-03-27 00:00:00+00:00,10012116.43597295,9656426.08444955,355690.35152339935,355690.35152339935,355690.35152339935,0.0,1,-0.011936983289351543,False,False,6,14
2001-03-28 00:00:00+00:00,10017396.606454631,9656426.08444955,360970.5220050812,360970.5220050812,360970.5220050812,0.0,1,-0.011415900538442637,False,False,6,14
2001-03-29 00:00:00+00:00,10013565.32762149,10013565.32762149,0.0,0.0,0.0,0.0,0,-0.01179399691256512,False,False,6,14
2001-03-30 00:00:00+00:00,10013565.32762149,10013565.32762149,0.0,0.0,0.0,0.0,0,-0.01179399691256512,False,False,6,14
2001-04-02 00:00:00+00:00,10013565.32762149,10013565.32762149,0.0,0.0,0.0,0.0,0,-0.01179399691256512,False,False,6,14
2001-04-03 00:00:00+00:00,10013565.32762149,10013565.32762149,0.0,0.0,0.0,0.0,0,-0.01179399691256512,False,False,6,14
2001-04-04 00:00:00+00:00,10013565.32762149,10013565.32762149,0.0,0.0,0.0,0.0,0,-0.01179399691256512,False,False,6,14
2001-04-05 00:00:00+00:00,10013565.32762149,10013565.32762149,0.0,0.0,0.0,0.0,0,-0.01179399691256512,False,False,6,14
2001-04-06 00:00:00+00:00,10013565.32762149,10013565.32762149,0.0,0.0,0.0,0.0,0,-0.01179399691256512,False,False,6,14
2001-04-09 00:00:00+00:00,9994839.476682754,9611846.976682754,382992.5,382992.5,382992.5,0.0,1,-0.01364198988061763,False,False,6,14
2001-04-10 00:00:00+00:00,10003749.087991806,9611846.976682754,391902.1113090515,391902.1113090515,391902.1113090515,0.0,1,-0.012762729488068541,False,False,6,14
2001-04-11 00:00:00+00:00,9981911.073379599,9207066.547073446,774844.5263061523,774844.5263061523,774844.5263061523,0.0,2,-0.014917851707700602,False,False,6,14
2001-04-12 00:00:00+00:00,9920283.07509865,8444570.071028369,1475713.004070282,1475713.004070282,1475713.004070282,0.0,4,-0.0209997172437954,False,False,6,15
2001-04-13 00:00:00+00:00,9537883.963590164,8012685.241431731,1525198.722158432,1525198.722158432,1525198.722158432,0.0,5,-0.05873743455069867,False,False,6,15
2001-04-16 00:00:00+00:00,9976504.635680217,8012685.241431731,1963819.3942484856,1963819.3942484856,1963819.3942484856,0.0,5,-0.015451395357244636,False,False,6,15
2001-04-17 00:00:00+00:00,10022288.064395446,8012685.241431731,2009602.8229637146,2009602.8229637146,2009602.8229637146,0.0,5,-0.010933178556529801,False,False,6,15
2001-04-18 00:00:00+00:00,10165138.331843216,7576869.435591538,2588268.8962516785,2588268.8962516785,2588268.8962516785,0.0,6,0.0,False,False,6,15
2001-04-19 00:00:00+00:00,10213006.530238945,7576869.435591538,2636137.0946474075,2636137.0946474075,2636137.0946474075,0.0,6,0.0,False,False,6,15
2001-04-20 00:00:00+00:00,10166749.867574548,8045093.458171701,2121656.4094028473,2121656.4094028473,2121656.4094028473,0.0,5,-0.0045291915291974716,False,False,6,15
2001-04-23 00:00:00+00:00,10158589.889061784,8045093.458171701,2113496.4308900833,2113496.4308900833,2113496.4308900833,0.0,5,-0.005328170604419219,False,False,6,15
2001-04-24 00:00:00+00:00,10114221.619418,8045093.458171701,2069128.1612462997,2069128.1612462997,2069128.1612462997,0.0,5,-0.00967246133922065,False,False,6,15
2001-04-25 00:00:00+00:00,10250711.666603899,8045093.458171701,2205618.2084321976,2205618.2084321976,2205618.2084321976,0.0,5,0.0,False,False,7,15
2001-04-26 00:00:00+00:00,10239725.819701795,8516389.076985005,1723336.7427167892,1723336.7427167892,1723336.7427167892,0.0,4,-0.0010717155315074576,False,False,7,15
2001-04-27 00:00:00+00:00,10136491.34076083,8516389.076985005,1620102.2637758255,1620102.2637758255,1620102.2637758255,0.0,4,-0.011142672778046198,False,False,7,15
2001-04-30 00:00:00+00:00,10166013.896065358,8516389.076985005,1649624.8190803528,1649624.8190803528,1649624.8190803528,0.0,4,-0.008262623444426787,False,False,7,15
2001-05-01 00:00:00+00:00,10170086.524892692,8118500.072653654,2051586.4522390366,2051586.4522390366,2051586.4522390366,0.0,5,-0.00786532138777039,False,False,7,15
2001-05-02 00:00:00+00:00,10191032.066629294,8118500.072653654,2072531.9939756393,2072531.9939756393,2072531.9939756393,0.0,5,-0.005821995771184969,False,False,7,15
2001-05-03 00:00:00+00:00,10165644.81854475,8118500.072653654,2047144.7458910942,2047144.7458910942,2047144.7458910942,0.0,5,-0.00829862850754951,False,False,7,15
2001-05-04 00:00:00+00:00,10196975.62052906,8118500.072653654,2078475.5478754044,2078475.5478754044,2078475.5478754044,0.0,5,-0.005242177111459255,False,False,7,15
2001-05-07 00:00:00+00:00,10227119.410922412,8118500.072653654,2108619.338268757,2108619.338268757,2108619.338268757,0.0,5,-0.0023015236842870842,False,False,7,16
2001-05-08 00:00:00+00:00,10235430.5494063,8490469.287180195,1744961.2622261047,1744961.2622261047,1744961.2622261047,0.0,4,-0.001490737198997029,False,False,7,16
2001-05-09 00:00:00+00:00,10211380.104626903,8490469.287180195,1720910.8174467087,1720910.8174467087,1720910.8174467087,0.0,4,-0.003836959155249171,False,False,7,16
2001-05-10 00:00:00+00:00,10224230.857365856,8490469.287180195,1733761.5701856613,1733761.5701856613,1733761.5701856613,0.0,4,-0.0025833142223983634,False,False,7,16
2001-05-11 00:00:00+00:00,10192642.540059337,8490469.287180195,1702173.2528791428,1702173.2528791428,1702173.2528791428,0.0,4,-0.0056648873203356594,False,False,7,16
2001-05-14 00:00:00+00:00,10177678.278417835,8490469.287180195,1687208.9912376404,1687208.9912376404,1687208.9912376404,0.0,4,-0.007124713928302294,False,False,7,16
2001-05-15 00:00:00+00:00,10202531.5808251,8490469.287180195,1712062.293644905,1712062.293644905,1712062.293644905,0.0,4,-0.004700169836574982,False,False,7,17
2001-05-16 00:00:00+00:00,10233910.361295443,8886244.572197657,1347665.789097786,1347665.789097786,1347665.789097786,0.0,3,-0.001639037937550529,False,False,7,17
2001-05-17 00:00:00+00:00,10228916.472750517,8117489.753147932,2111426.719602585,2111426.719602585,2111426.719602585,0.0,5,-0.00212621275109993,False,False,7,17
2001-05-18 00:00:00+00:00,10260296.07079968,8117489.753147932,2142806.3176517487,2142806.3176517487,2142806.3176517487,0.0,5,0.0,False,False,7,17
2001-05-21 00:00:00+00:00,10222163.349821897,8117489.753147932,2104673.5966739655,2104673.5966739655,2104673.5966739655,0.0,5,-0.003716532224280265,False,False,7,18
2001-05-22 00:00:00+00:00,10216121.982002037,8498563.767589347,1717558.2144126892,1717558.2144126892,1717558.2144126892,0.0,4,-0.004305342505988805,False,False,7,18
2001-05-23 00:00:00+00:00,10225842.335095184,8498563.767589347,1727278.5675058365,1727278.5675058365,1727278.5675058365,0.0,4,-0.0033579670086275786,False,False,7,18
2001-05-24 00:00:00+00:00,10242815.890242431,8088419.72220597,2154396.168036461,2154396.168036461,2154396.168036461,0.0,5,-0.0017036721393446808,False,False,7,18
2001-05-25 00:00:00+00:00,10230658.909221504,8088419.72220597,2142239.1870155334,2142239.1870155334,2142239.1870155334,0.0,5,-0.002888528885879084,False,False,7,18
2001-05-28 00:00:00+00:00,10260441.2518023,8088419.72220597,2172021.5295963287,2172021.5295963287,2172021.5295963287,0.0,5,0.0,False,False,7,19
2001-05-29 00:00:00+00:00,10264413.448643735,8624525.272320798,1639888.176322937,1639888.176322937,1639888.176322937,0.0,4,0.0,False,False,7,19
2001-05-30 00:00:00+00:00,10279404.33197216,8211520.37808422,2067883.9538879395,2067883.9538879395,2067883.9538879395,0.0,5,0.0,False,False,7,19
2001-05-31 00:00:00+00:00,10273394.73828987,8211520.37808422,2061874.3602056503,2061874.3602056503,2061874.3602056503,0.0,5,-0.0005846247008299313,False,False,7,19
2001-06-01 00:00:00+00:00,10244009.294638194,8211520.37808422,2032488.9165539742,2032488.9165539742,2032488.9165539742,0.0,5,-0.0034432965365391527,False,False,7,20
2001-06-04 00:00:00+00:00,10260264.647694053,8604608.802096786,1655655.8455972672,1655655.8455972672,1655655.8455972672,0.0,4,-0.0018619448812394624,False,False,7,20
2001-06-05 00:00:00+00:00,10218486.128550736,9057590.324715821,1160895.8038349152,1160895.8038349152,1160895.8038349152,0.0,3,-0.005926238666568311,False,False,7,22
2001-06-06 00:00:00+00:00,10226066.932307418,9827590.506053146,398476.42625427246,398476.42625427246,398476.42625427246,0.0,1,-0.005188763661999852,False,False,7,22
2001-06-07 00:00:00+00:00,10220672.759341415,9827590.506053146,393082.25328826904,393082.25328826904,393082.25328826904,0.0,1,-0.005713519065309152,False,False,7,22
2001-06-08 00:00:00+00:00,10219099.209798489,8993315.886182461,1225783.3236160278,1225783.3236160278,1225783.3236160278,0.0,3,-0.005866596956995154,False,False,7,22
2001-06-11 00:00:00+00:00,10248780.60533205,8993315.886182461,1255464.7191495895,1255464.7191495895,1255464.7191495895,0.0,3,-0.002979134359455014,False,False,7,22
2001-06-12 00:00:00+00:00,10255993.005639706,8993315.886182461,1262677.1194572449,1262677.1194572449,1262677.1194572449,0.0,3,-0.0022774983429377418,False,False,7,22
2001-06-13 00:00:00+00:00,10250241.6988101,9449276.003924847,800965.6948852539,800965.6948852539,800965.6948852539,0.0,2,-0.0028369964075986376,False,False,7,22
2001-06-14 00:00:00+00:00,10233022.366199017,9449276.003924847,783746.3622741699,783746.3622741699,783746.3622741699,0.0,2,-0.004512125827065725,False,False,7,22
2001-06-15 00:00:00+00:00,10220656.037905857,7788903.110558675,2431752.927347183,2431752.927347183,2431752.927347183,0.0,6,-0.005715145758356535,False,False,7,23
2001-06-18 00:00:00+00:00,10201054.304477211,8190309.191056724,2010745.1134204865,2010745.1134204865,2010745.1134204865,0.0,5,-0.007622039659560359,False,False,7,23
2001-06-19 00:00:00+00:00,10205680.69938993,8190309.191056724,2015371.5083332062,2015371.5083332062,2015371.5083332062,0.0,5,-0.007171975165226753,False,False,7,23
2001-06-20 00:00:00+00:00,10228489.436695572,8190309.191056724,2038180.2456388474,2038180.2456388474,2038180.2456388474,0.0,5,-0.004953097828657855,False,False,7,23
2001-06-21 00:00:00+00:00,10210122.20506334,8190309.191056724,2019813.0140066147,2019813.0140066147,2019813.0140066147,0.0,5,-0.006739897047665599,False,False,7,23
2001-06-22 00:00:00+00:00,10192503.928657971,7775786.300999127,2416717.627658844,2416717.627658844,2416717.627658844,0.0,6,-0.008453836478043842,False,False,7,23
2001-06-25 00:00:00+00:00,10140566.130058728,7775786.300999127,2364779.829059601,2364779.829059601,2364779.829059601,0.0,6,-0.013506444287010007,False,False,9,24
2001-06-26 00:00:00+00:00,10164562.392718066,8123835.840777147,2040726.551940918,2040726.551940918,2040726.551940918,0.0,5,-0.01117204222591961,False,False,9,25
2001-06-27 00:00:00+00:00,10111582.986245474,8508470.935065588,1603112.0511798859,1603112.0511798859,1603112.0511798859,0.0,4,-0.016325979629452727,False,False,9,25
2001-06-28 00:00:00+00:00,10102113.704502698,8096213.7755166255,2005899.9289860725,2005899.9289860725,2005899.9289860725,0.0,5,-0.017247169363504084,False,False,9,26
2001-06-29 00:00:00+00:00,10106469.649259666,8482015.282334188,1624454.366925478,1624454.366925478,1624454.366925478,0.0,4,-0.016823414774590834,False,False,9,26
2001-07-02 00:00:00+00:00,10099912.422996858,8482015.282334188,1617897.1406626701,1617897.1406626701,1617897.1406626701,0.0,4,-0.017461314214192877,False,False,9,26
2001-07-03 00:00:00+00:00,10108502.386280635,8482015.282334188,1626487.1039464474,1626487.1039464474,1626487.1039464474,0.0,4,-0.016625666251882477,False,False,9,26
2001-07-04 00:00:00+00:00,9292453.133828072,8084548.473780541,1207904.6600475311,1207904.6600475311,1207904.6600475311,0.0,5,-0.0960124892718113,False,False,9,26
2001-07-05 00:00:00+00:00,10085952.822180785,7322313.354683674,2763639.4674971104,2763639.4674971104,2763639.4674971104,0.0,7,-0.018819330726166646,False,False,9,27
2001-07-06 00:00:00+00:00,10064879.280124739,8133647.205905751,1931232.0742189884,1931232.0742189884,1931232.0742189884,0.0,5,-0.02086940496933083,False,False,9,27
2001-07-09 00:00:00+00:00,10042736.370299414,8133647.205905751,1909089.1643936634,1909089.1643936634,1909089.1643936634,0.0,5,-0.023023509342524288,False,False,9,28
2001-07-10 00:00:00+00:00,10067859.726271573,8474360.683613244,1593499.042658329,1593499.042658329,1593499.042658329,0.0,4,-0.020579461500761884,False,False,9,28
2001-07-11 00:00:00+00:00,10071565.910252277,8474360.683613244,1597205.2266390324,1597205.2266390324,1597205.2266390324,0.0,4,-0.020218916875702632,False,False,9,28
2001-07-12 00:00:00+00:00,10089419.408108108,8905205.220077865,1184214.188030243,1184214.188030243,1184214.188030243,0.0,3,-0.018482094655342937,False,False,9,28
2001-07-13 00:00:00+00:00,10081590.638245322,9322869.46368096,758721.1745643616,758721.1745643616,758721.1745643616,0.0,2,-0.019243692274227918,False,False,9,28
2001-07-16 00:00:00+00:00,10068411.534739694,8061424.850965699,2006986.6837739944,2006986.6837739944,2006986.6837739944,0.0,5,-0.02052578052370333,False,False,9,28
2001-07-17 00:00:00+00:00,10061861.512952328,7654841.339814662,2407020.173137665,2407020.173137665,2407020.173137665,0.0,6,-0.021162979098234863,False,False,9,28
2001-07-18 00:00:00+00:00,10047721.072951859,8068712.455916947,1979008.617034912,1979008.617034912,1979008.617034912,0.0,5,-0.02253858798993763,False,False,9,28
2001-07-19 00:00:00+00:00,10036616.787741892,7656929.274704211,2379687.5130376816,2379687.5130376816,2379687.5130376816,0.0,6,-0.02361883397028389,False,False,10,29
2001-07-20 00:00:00+00:00,10048872.986826252,8032144.590627026,2016728.3961992264,2016728.3961992264,2016728.3961992264,0.0,5,-0.022426527617838976,False,False,10,29
2001-07-23 00:00:00+00:00,10055316.193471264,8032144.590627026,2023171.6028442383,2023171.6028442383,2023171.6028442383,0.0,5,-0.02179972022346774,False,False,10,29
2001-07-24 00:00:00+00:00,9997082.2747872,8454225.65211798,1542856.62266922,1542856.62266922,1542856.62266922,0.0,4,-0.02746482656654034,False,False,10,30
2001-07-25 00:00:00+00:00,9966005.643672662,8795035.665693002,1170969.97797966,1170969.97797966,1170969.97797966,0.0,3,-0.03048802033447889,False,False,10,32
2001-07-26 00:00:00+00:00,9908091.723910931,9111368.86220229,796722.861708641,796722.861708641,796722.861708641,0.0,2,-0.03612199657389969,False,False,10,32
2001-07-27 00:00:00+00:00,9898510.534721415,8707196.356986087,1191314.1777353287,1191314.1777353287,1191314.1777353287,0.0,3,-0.03705407287716519,False,False,10,32
2001-07-30 00:00:00+00:00,9894504.541120674,8314868.407986786,1579636.1331338882,1579636.1331338882,1579636.1331338882,0.0,4,-0.037443783552158404,False,False,10,32
2001-07-31 00:00:00+00:00,9900431.538903382,8314868.407986786,1585563.1309165955,1585563.1309165955,1585563.1309165955,0.0,4,-0.0368671939374983,False,False,10,34
2001-08-01 00:00:00+00:00,9927538.419105053,9061749.109275341,865789.3098297119,865789.3098297119,865789.3098297119,0.0,2,-0.0342301850869601,False,False,10,34
2001-08-02 00:00:00+00:00,9929067.014518261,9061749.109275341,867317.9052429199,867317.9052429199,867317.9052429199,0.0,2,-0.034081480418494674,False,False,10,34
2001-08-03 00:00:00+00:00,9940934.312055226,8663666.134412404,1277268.1776428223,1277268.1776428223,1277268.1776428223,0.0,3,-0.032927007148087904,False,False,10,34
2001-08-06 00:00:00+00:00,9922764.541361406,9063297.219507769,859467.3218536377,859467.3218536377,859467.3218536377,0.0,2,-0.03469459699152915,False,False,10,34
2001-08-07 00:00:00+00:00,9933390.715654925,9063297.219507769,870093.4961471558,870093.4961471558,870093.4961471558,0.0,2,-0.03366086255027682,False,False,10,34
2001-08-08 00:00:00+00:00,9914628.07029207,9063297.219507769,851330.8507843018,851330.8507843018,851330.8507843018,0.0,2,-0.03548612836889009,False,False,10,34
2001-08-09 00:00:00+00:00,9922456.793879107,9063297.219507769,859159.5743713379,859159.5743713379,859159.5743713379,0.0,2,-0.03472453525179805,False,False,10,34
2001-08-10 00:00:00+00:00,9915603.554445818,9063297.219507769,852306.3349380493,852306.3349380493,852306.3349380493,0.0,2,-0.03539123141550209,False,False,10,34
2001-08-13 00:00:00+00:00,9908488.033442095,9063297.219507769,845190.8139343262,845190.8139343262,845190.8139343262,0.0,2,-0.03608344282911403,False,False,10,34
2001-08-14 00:00:00+00:00,9881981.528706038,7862161.3806342725,2019820.148071766,2019820.148071766,2019820.148071766,0.0,5,-0.038662046012725854,False,False,10,34
2001-08-15 00:00:00+00:00,9881981.528706038,7862161.3806342725,2019820.148071766,2019820.148071766,2019820.148071766,0.0,5,-0.038662046012725854,False,False,10,34
2001-08-16 00:00:00+00:00,9847273.2603943,7862161.3806342725,1985111.879760027,1985111.879760027,1985111.879760027,0.0,5,-0.042038532352871597,False,False,10,34
2001-08-17 00:00:00+00:00,9872566.72165519,7467615.97060901,2404950.7510461807,2404950.7510461807,2404950.7510461807,0.0,6,-0.0395779363451613,False,False,10,34
2001-08-20 00:00:00+00:00,9852072.084489644,7467615.97060901,2384456.1138806343,2384456.1138806343,2384456.1138806343,0.0,6,-0.041571693619773184,False,False,10,34
2001-08-21 00:00:00+00:00,9848426.310732424,7467615.97060901,2380810.340123415,2380810.340123415,2380810.340123415,0.0,6,-0.04192636142342012,False,False,10,34
2001-08-22 00:00:00+00:00,9848426.310732424,7467615.97060901,2380810.340123415,2380810.340123415,2380810.340123415,0.0,6,-0.04192636142342012,False,False,10,34
2001-08-23 00:00:00+00:00,9886829.825582802,7467615.97060901,2419213.854973793,2419213.854973793,2419213.854973793,0.0,6,-0.038190394473377,False,False,11,34
2001-08-24 00:00:00+00:00,9891589.533464015,7467615.97060901,2423973.5628550053,2423973.5628550053,2423973.5628550053,0.0,6,-0.037727361039969966,False,False,11,34
2001-08-27 00:00:00+00:00,9906722.958589852,7467615.97060901,2439106.9879808426,2439106.9879808426,2439106.9879808426,0.0,6,-0.036255152667081306,False,False,11,34
2001-08-28 00:00:00+00:00,9923710.581711113,7467615.97060901,2456094.611102104,2456094.611102104,2456094.611102104,0.0,6,-0.034602564387386466,False,False,11,34
2001-08-29 00:00:00+00:00,9931217.690800011,7467615.97060901,2463601.720191002,2463601.720191002,2463601.720191002,0.0,6,-0.03387225854023263,False,False,13,35
2001-08-30 00:00:00+00:00,9912533.076613747,7846608.553622565,2065924.5229911804,2065924.5229911804,2065924.5229911804,0.0,5,-0.03568993333760874,False,False,13,35
2001-08-31 00:00:00+00:00,9885100.93105909,8249688.749313561,1635412.1817455292,1635412.1817455292,1635412.1817455292,0.0,4,-0.03835858462018682,False,False,13,35
2001-09-03 00:00:00+00:00,9851318.118801417,7851130.934933009,2000187.1838684082,2000187.1838684082,2000187.1838684082,0.0,5,-0.041645040835611526,False,False,13,37
2001-09-04 00:00:00+00:00,9858798.302658144,8584369.480070177,1274428.822587967,1274428.822587967,1274428.822587967,0.0,3,-0.04091735432624232,False,False,13,38
2001-09-05 00:00:00+00:00,9884544.304328047,7752893.639335714,2131650.6649923325,2131650.6649923325,2131650.6649923325,0.0,5,-0.038412734327024634,False,False,14,38
2001-09-06 00:00:00+00:00,9908534.836245619,7752893.639335714,2155641.1969099045,2155641.1969099045,2155641.1969099045,0.0,5,-0.03607888976339034,False,False,15,39
2001-09-07 00:00:00+00:00,9905479.486131791,8203909.561190727,1701569.924941063,1701569.924941063,1701569.924941063,0.0,4,-0.036376120032300445,False,False,15,40
2001-09-10 00:00:00+00:00,9882933.497078588,8996379.65125244,886553.845826149,886553.845826149,886553.845826149,0.0,2,-0.03856943671924871,False,False,15,40
2001-09-11 00:00:00+00:00,9846885.934259107,8996379.65125244,850506.2830066681,850506.2830066681,850506.2830066681,0.0,2,-0.04207621217581497,False,False,15,40
2001-09-12 00:00:00+00:00,9830293.768565247,7533704.0608731005,2296589.7076921463,2296589.7076921463,2296589.7076921463,0.0,6,-0.043690329604998454,False,False,19,44
2001-09-13 00:00:00+00:00,9854568.945819877,9068313.966763519,786254.9790563583,786254.9790563583,786254.9790563583,0.0,2,-0.041328794201713766,False,False,19,44
2001-09-14 00:00:00+00:00,9854811.372344993,9068313.966763519,786497.4055814743,786497.4055814743,786497.4055814743,0.0,2,-0.04130521048836941,False,False,19,44
2001-09-17 00:00:00+00:00,9609968.83493578,6667600.14551365,2942368.6894221306,2942368.6894221306,2942368.6894221306,0.0,8,-0.06512395810273026,False,False,25,48
2001-09-18 00:00:00+00:00,9664234.113961406,8146961.962703414,1517272.1512579918,1517272.1512579918,1517272.1512579918,0.0,4,-0.05984492857211403,False,False,25,48
2001-09-19 00:00:00+00:00,9676052.26125545,8146961.962703414,1529090.2985520363,1529090.2985520363,1529090.2985520363,0.0,4,-0.05869523673079922,False,False,25,48
2001-09-20 00:00:00+00:00,9661351.586132713,8146961.962703414,1514389.6234292984,1514389.6234292984,1514389.6234292984,0.0,4,-0.06012534636049967,False,False,25,48
2001-09-21 00:00:00+00:00,9645096.84153051,8146961.962703414,1498134.878827095,1498134.878827095,1498134.878827095,0.0,4,-0.06170663882427075,False,False,25,48
2001-09-24 00:00:00+00:00,9671244.520522304,8146961.962703414,1524282.5578188896,1524282.5578188896,1524282.5578188896,0.0,4,-0.0591629428913783,False,False,25,48
2001-09-25 00:00:00+00:00,9623040.850667961,7344134.2439015,2278906.6067664623,2278906.6067664623,2278906.6067664623,0.0,6,-0.06385228755548636,False,False,25,48
2001-09-26 00:00:00+00:00,9616762.152793534,7344134.2439015,2272627.9088920355,2272627.9088920355,2272627.9088920355,0.0,6,-0.06446309122383688,False,False,25,48
2001-09-27 00:00:00+00:00,9684221.515174396,7344134.2439015,2340087.2712728977,2340087.2712728977,2340087.2712728977,0.0,6,-0.05790051617549069,False,False,25,49
2001-09-28 00:00:00+00:00,9720213.31033248,8145577.548353378,1574635.761979103,1574635.761979103,1574635.761979103,0.0,4,-0.0543991659030689,False,False,25,49
2001-10-01 00:00:00+00:00,9732493.218600532,8942105.799447319,790387.4191532135,790387.4191532135,790387.4191532135,0.0,2,-0.053204553076150816,False,False,25,49
2001-10-02 00:00:00+00:00,9723766.617185233,9323209.561093925,400557.0560913086,400557.0560913086,400557.0560913086,0.0,1,-0.05405349345571702,False,False,25,49
2001-10-03 00:00:00+00:00,9711287.639752982,9323209.561093925,388078.0786590576,388078.0786590576,388078.0786590576,0.0,1,-0.05526747210946425,False,False,25,49
2001-10-04 00:00:00+00:00,9720954.426343558,9323209.561093925,397744.8652496338,397744.8652496338,397744.8652496338,0.0,1,-0.05432706872825767,False,False,25,49
2001-10-05 00:00:00+00:00,9716736.190366386,9323209.561093925,393526.62927246094,393526.62927246094,393526.62927246094,0.0,1,-0.05473742674521521,False,False,25,49
2001-10-08 00:00:00+00:00,9717627.887628647,8933153.610334309,784474.2772943377,784474.2772943377,784474.2772943377,0.0,2,-0.05465068073995422,False,False,25,49
2001-10-09 00:00:00+00:00,9717237.024252625,8933153.610334309,784083.4139183164,784083.4139183164,784083.4139183164,0.0,2,-0.05468870467241164,False,False,25,49
2001-10-10 00:00:00+00:00,9717503.77524701,8933153.610334309,784350.1649127007,784350.1649127007,784350.1649127007,0.0,2,-0.05466275462844317,False,False,25,49
2001-10-11 00:00:00+00:00,9688131.939290242,7370393.720161157,2317738.2191290855,2317738.2191290855,2317738.2191290855,0.0,6,-0.05752010268171622,False,False,25,49
2001-10-12 00:00:00+00:00,9702851.870860295,7370393.720161157,2332458.1506991386,2332458.1506991386,2332458.1506991386,0.0,6,-0.05608811974820426,False,False,25,49
2001-10-15 00:00:00+00:00,9479316.884556012,7370393.720161157,2108923.1643948555,2108923.1643948555,2108923.1643948555,0.0,6,-0.0778340282741506,False,False,25,51
2001-10-16 00:00:00+00:00,9485230.169678448,7940172.456484554,1545057.7131938934,1545057.7131938934,1545057.7131938934,0.0,4,-0.07725877265315675,False,False,25,51
2001-10-17 00:00:00+00:00,9543562.226286083,7560738.604217679,1982823.6220684052,1982823.6220684052,1982823.6220684052,0.0,5,-0.07158411926626693,False,False,25,51
2001-10-18 00:00:00+00:00,9576556.312948376,7560738.604217679,2015817.7087306976,2015817.7087306976,2015817.7087306976,0.0,5,-0.06837439177654552,False,False,25,51
2001-10-19 00:00:00+00:00,9586532.658935696,7560738.604217679,2025794.0547180176,2025794.0547180176,2025794.0547180176,0.0,5,-0.06740387386858751,False,False,26,51
2001-10-22 00:00:00+00:00,9545529.852652699,7560738.604217679,1984791.2484350204,1984791.2484350204,1984791.2484350204,0.0,5,-0.07139270483182393,False,False,26,51
2001-10-23 00:00:00+00:00,9551776.468552738,7560738.604217679,1991037.8643350601,1991037.8643350601,1991037.8643350601,0.0,5,-0.07078502215894661,False,False,26,52
2001-10-24 00:00:00+00:00,9554741.612905815,7930939.341918305,1623802.2709875107,1623802.2709875107,1623802.2709875107,0.0,4,-0.07049656727797123,False,False,26,52
2001-10-25 00:00:00+00:00,9554754.817219093,7930939.341918305,1623815.4753007889,1623815.4753007889,1623815.4753007889,0.0,4,-0.07049528273726714,False,False,26,52
2001-10-26 00:00:00+00:00,9554754.817219093,7930939.341918305,1623815.4753007889,1623815.4753007889,1623815.4753007889,0.0,4,-0.07049528273726714,False,False,26,52
2001-10-29 00:00:00+00:00,9557410.939328507,7930939.341918305,1626471.597410202,1626471.597410202,1626471.597410202,0.0,4,-0.07023689012777012,False,False,26,52
2001-10-30 00:00:00+00:00,9543050.157488182,7930939.341918305,1612110.8155698776,1612110.8155698776,1612110.8155698776,0.0,4,-0.07163393429264045,False,False,26,52
2001-10-31 00:00:00+00:00,9555481.653767899,7930939.341918305,1624542.311849594,1624542.311849594,1624542.311849594,0.0,4,-0.07042457469569857,False,False,26,52
2001-11-01 00:00:00+00:00,9590196.35641034,7930939.341918305,1659257.014492035,1659257.014492035,1659257.014492035,0.0,4,-0.06704746241162708,False,False,26,52
2001-11-02 00:00:00+00:00,9632826.105757061,7550012.338490787,2082813.7672662735,2082813.7672662735,2082813.7672662735,0.0,5,-0.06290035933347204,False,False,26,52
2001-11-05 00:00:00+00:00,9626372.029784504,7550012.338490787,2076359.6912937164,2076359.6912937164,2076359.6912937164,0.0,5,-0.06352822411669523,False,False,26,53
2001-11-06 00:00:00+00:00,9632003.137222186,8025011.906759159,1606991.230463028,1606991.230463028,1606991.230463028,0.0,4,-0.06298041927744331,False,False,26,53
2001-11-07 00:00:00+00:00,9624644.969653979,8025011.906759159,1599633.0628948212,1599633.0628948212,1599633.0628948212,0.0,4,-0.0636962358102477,False,False,26,53
2001-11-08 00:00:00+00:00,9659907.915655032,8025011.906759159,1634896.008895874,1634896.008895874,1634896.008895874,0.0,4,-0.060265789369749787,False,False,26,53
2001-11-09 00:00:00+00:00,9655063.012136819,6868994.327621819,2786068.6845149994,2786068.6845149994,2786068.6845149994,0.0,7,-0.06073711079672623,False,False,26,53
2001-11-12 00:00:00+00:00,9676787.123828294,6868994.327621819,2807792.7962064743,2807792.7962064743,2807792.7962064743,0.0,7,-0.05862374790235052,False,False,26,53
2001-11-13 00:00:00+00:00,9657620.277065637,6868994.327621819,2788625.949443817,2788625.949443817,2788625.949443817,0.0,7,-0.06048833520173734,False,False,26,53
2001-11-14 00:00:00+00:00,9686494.884462716,6868994.327621819,2817500.5568408966,2817500.5568408966,2817500.5568408966,0.0,7,-0.05767935848824525,False,False,26,53
2001-11-15 00:00:00+00:00,9685715.187979104,6868994.327621819,2816720.8603572845,2816720.8603572845,2816720.8603572845,0.0,7,-0.057755208844786535,False,False,27,53
2001-11-16 00:00:00+00:00,9685715.187979104,6868994.327621819,2816720.8603572845,2816720.8603572845,2816720.8603572845,0.0,7,-0.057755208844786535,False,False,27,53
2001-11-19 00:00:00+00:00,9704334.602324845,6868994.327621819,2835340.274703026,2835340.274703026,2835340.274703026,0.0,7,-0.05594387681187592,False,False,27,53
2001-11-20 00:00:00+00:00,9637948.977063539,6868994.327621819,2768954.649441719,2768954.649441719,2768954.649441719,0.0,7,-0.06240199667148945,False,False,27,54
2001-11-21 00:00:00+00:00,9677941.338404596,7204912.503982485,2473028.8344221115,2473028.8344221115,2473028.8344221115,0.0,6,-0.05851146371359532,False,False,27,54
2001-11-22 00:00:00+00:00,9688602.03998369,7204912.503982485,2483689.5360012054,2483689.5360012054,2483689.5360012054,0.0,6,-0.05747437039234753,False,False,27,54
2001-11-23 00:00:00+00:00,9679492.535909593,7204912.503982485,2474580.0319271088,2474580.0319271088,2474580.0319271088,0.0,6,-0.0583605602706621,False,False,27,54
2001-11-26 00:00:00+00:00,9683752.082683504,7204912.503982485,2478839.5787010193,2478839.5787010193,2478839.5787010193,0.0,6,-0.05794618346084424,False,False,27,54
2001-11-27 00:00:00+00:00,9676209.459650934,7204912.503982485,2471296.9556684494,2471296.9556684494,2471296.9556684494,0.0,6,-0.0586799441719693,False,False,27,54
2001-11-28 00:00:00+00:00,9681355.107459962,7204912.503982485,2476442.603477478,2476442.603477478,2476442.603477478,0.0,6,-0.05817936576850831,False,False,27,54
2001-11-29 00:00:00+00:00,9655947.1630916,7204912.503982485,2451034.6591091156,2451034.6591091156,2451034.6591091156,0.0,6,-0.06065109891060642,False,False,27,54
2001-11-30 00:00:00+00:00,9655947.1630916,7204912.503982485,2451034.6591091156,2451034.6591091156,2451034.6591091156,0.0,6,-0.06065109891060642,False,False,27,54
2001-12-03 00:00:00+00:00,9680470.333784044,7204912.503982485,2475557.8298015594,2475557.8298015594,2475557.8298015594,0.0,6,-0.0582654382341245,False,False,27,54
2001-12-04 00:00:00+00:00,9672289.147332132,7204912.503982485,2467376.6433496475,2467376.6433496475,2467376.6433496475,0.0,6,-0.059061319608930025,False,False,27,54
2001-12-05 00:00:00+00:00,9721107.522938669,7204912.503982485,2516195.0189561844,2516195.0189561844,2516195.0189561844,0.0,6,-0.054312175200367706,False,False,27,54
2001-12-06 00:00:00+00:00,9716494.371953905,7204912.503982485,2511581.8679714203,2511581.8679714203,2511581.8679714203,0.0,6,-0.05476095130020608,False,False,27,54
2001-12-07 00:00:00+00:00,9741464.003803194,7204912.503982485,2536551.499820709,2536551.499820709,2536551.499820709,0.0,6,-0.05233185803342742,False,False,29,55
2001-12-10 00:00:00+00:00,9768309.382056851,8126650.714850087,1641658.6672067642,1641658.6672067642,1641658.6672067642,0.0,4,-0.04972028858964556,False,False,29,55
2001-12-11 00:00:00+00:00,9756577.02262463,8126650.714850087,1629926.3077745438,1629926.3077745438,1629926.3077745438,0.0,4,-0.05086163482463402,False,False,29,55
2001-12-12 00:00:00+00:00,9749941.554781575,8126650.714850087,1623290.839931488,1623290.839931488,1623290.839931488,0.0,4,-0.05150714575394121,False,False,29,55
2001-12-13 00:00:00+00:00,9737074.263252873,8126650.714850087,1610423.5484027863,1610423.5484027863,1610423.5484027863,0.0,4,-0.0527589003413817,False,False,29,55
2001-12-14 00:00:00+00:00,9745412.489429135,8126650.714850087,1618761.7745790482,1618761.7745790482,1618761.7745790482,0.0,4,-0.051947741843575805,False,False,29,55
2001-12-17 00:00:00+00:00,9745295.546947159,7736725.499117532,2008570.047829628,2008570.047829628,2008570.047829628,0.0,5,-0.05195911823059196,False,False,29,55
2001-12-18 00:00:00+00:00,9722640.70844046,7736725.499117532,1985915.2093229294,1985915.2093229294,1985915.2093229294,0.0,5,-0.054163023999356685,False,False,29,55
2001-12-19 00:00:00+00:00,9699562.90610186,7736725.499117532,1962837.4069843292,1962837.4069843292,1962837.4069843292,0.0,5,-0.056408076493966806,False,False,29,55
2001-12-20 00:00:00+00:00,9704603.368272407,7348298.492602928,2356304.8756694794,2356304.8756694794,2356304.8756694794,0.0,6,-0.05591773074943086,False,False,29,55
2001-12-21 00:00:00+00:00,9686170.909952743,7348298.492602928,2337872.4173498154,2337872.4173498154,2337872.4173498154,0.0,6,-0.05771087534462237,False,False,30,55
2001-12-24 00:00:00+00:00,9679735.2732359,7348298.492602928,2331436.7806329727,2331436.7806329727,2331436.7806329727,0.0,6,-0.05833694632198687,False,False,32,55
2001-12-25 00:00:00+00:00,9679735.2732359,7348298.492602928,2331436.7806329727,2331436.7806329727,2331436.7806329727,0.0,6,-0.05833694632198687,False,False,33,55
2001-12-26 00:00:00+00:00,9650610.479417427,7348298.492602928,2302311.986814499,2302311.986814499,2302311.986814499,0.0,6,-0.061170261646288936,False,False,33,55
2001-12-27 00:00:00+00:00,9638640.73670922,7348298.492602928,2290342.2441062927,2290342.2441062927,2290342.2441062927,0.0,6,-0.06233470097775647,False,False,34,55
2001-12-28 00:00:00+00:00,9657816.963183029,7348298.492602928,2309518.470580101,2309518.470580101,2309518.470580101,0.0,6,-0.06046920120223308,False,False,34,55
2001-12-31 00:00:00+00:00,9690888.346232686,7745899.414648329,1944988.9315843582,1944988.9315843582,1944988.9315843582,0.0,5,-0.05725195417296746,False,False,34,56
2002-01-01 00:00:00+00:00,9707879.852208225,8538323.909693806,1169555.9425144196,1169555.9425144196,1169555.9425144196,0.0,3,-0.05559898816182516,False,False,34,56
2002-01-02 00:00:00+00:00,9713198.671241317,8546382.261626754,1166816.409614563,1166816.409614563,1166816.409614563,0.0,3,-0.055081563332397186,False,False,34,56
2002-01-03 00:00:00+00:00,9715928.37669519,8546382.261626754,1169546.1150684357,1169546.1150684357,1169546.1150684357,0.0,3,-0.05481601239523029,False,False,34,56
2002-01-04 00:00:00+00:00,9726464.886044059,8546382.261626754,1180082.624417305,1180082.624417305,1180082.624417305,0.0,3,-0.05379100073029388,False,False,34,56
2002-01-07 00:00:00+00:00,9723076.156329665,8546382.261626754,1176693.8947029114,1176693.8947029114,1176693.8947029114,0.0,3,-0.05412066280067802,False,False,34,56
2002-01-08 00:00:00+00:00,9743994.440306356,6993981.159657171,2750013.280649185,2750013.280649185,2750013.280649185,0.0,7,-0.052085692358701294,False,False,34,56
2002-01-09 00:00:00+00:00,9752469.99749439,6993981.159657171,2758488.8378372192,2758488.8378372192,2758488.8378372192,0.0,7,-0.0512611740389313,False,False,34,56
2002-01-10 00:00:00+00:00,9752056.343412092,6993981.159657171,2758075.183754921,2758075.183754921,2758075.183754921,0.0,7,-0.05130141509463252,False,False,34,56
2002-01-11 00:00:00+00:00,9739885.423755338,6993981.159657171,2745904.2640981674,2745904.2640981674,2745904.2640981674,0.0,7,-0.05248542530219856,False,False,34,56
2002-01-14 00:00:00+00:00,9817659.03814285,6993981.159657171,2823677.8784856796,2823677.8784856796,2823677.8784856796,0.0,7,-0.04491946020579585,False,False,34,56
2002-01-15 00:00:00+00:00,9797198.767369917,6993981.159657171,2803217.6077127457,2803217.6077127457,2803217.6077127457,0.0,7,-0.04690987425238569,False,False,34,56
2002-01-16 00:00:00+00:00,9793699.501926115,6993981.159657171,2799718.342268944,2799718.342268944,2799718.342268944,0.0,7,-0.04725028944871357,False,False,34,56
2002-01-17 00:00:00+00:00,9809130.379434278,6993981.159657171,2815149.2197771072,2815149.2197771072,2815149.2197771072,0.0,7,-0.04574914434245789,False,False,34,56
2002-01-18 00:00:00+00:00,9811923.099008253,6993981.159657171,2817941.939351082,2817941.939351082,2817941.939351082,0.0,7,-0.04547746327186429,False,False,34,56
2002-01-21 00:00:00+00:00,9845873.773186376,6993981.159657171,2851892.6135292053,2851892.6135292053,2851892.6135292053,0.0,7,-0.0421746771296239,False,False,34,56
2002-01-22 00:00:00+00:00,9827365.971393278,6993981.159657171,2833384.811736107,2833384.811736107,2833384.811736107,0.0,7,-0.04397515128117891,False,False,34,56
2002-01-23 00:00:00+00:00,9823510.54079025,6993981.159657171,2829529.3811330795,2829529.3811330795,2829529.3811330795,0.0,7,-0.044350214901454625,False,False,34,56
2002-01-24 00:00:00+00:00,9785070.271743467,6993981.159657171,2791089.112086296,2791089.112086296,2791089.112086296,0.0,7,-0.04808975736961323,False,False,34,56
2002-01-25 00:00:00+00:00,9754291.146467855,6993981.159657171,2760309.986810684,2760309.986810684,2760309.986810684,0.0,7,-0.05108400920382499,False,False,34,56
2002-01-28 00:00:00+00:00,9757677.987232855,6993981.159657171,2763696.8275756836,2763696.8275756836,2763696.8275756836,0.0,7,-0.050754530894029815,False,False,34,56
2002-01-29 00:00:00+00:00,9770230.0809037,6993981.159657171,2776248.9212465286,2776248.9212465286,2776248.9212465286,0.0,7,-0.04953343935355951,False,False,34,57
2002-01-30 00:00:00+00:00,9758865.057399683,7372074.299611024,2386790.757788658,2386790.757788658,2386790.757788658,0.0,6,-0.05063905045095239,False,False,34,57
2002-01-31 00:00:00+00:00,9769027.802594118,7372074.299611024,2396953.5029830933,2396953.5029830933,2396953.5029830933,0.0,6,-0.049650399273682734,False,False,35,58
2002-02-01 00:00:00+00:00,9844242.682388328,7786009.884380362,2058232.798007965,2058232.798007965,2058232.798007965,0.0,5,-0.04233335274402455,False,False,35,58
2002-02-04 00:00:00+00:00,9894064.630892776,7786009.884380362,2108054.746512413,2108054.746512413,2108054.746512413,0.0,5,-0.03748657885563044,False,False,35,59
2002-02-05 00:00:00+00:00,9979724.681354977,8284668.412551381,1695056.2688035965,1695056.2688035965,1695056.2688035965,0.0,4,-0.02915340626159484,False,False,35,60
2002-02-06 00:00:00+00:00,9956608.245180853,7023644.819270857,2932963.425909996,2932963.425909996,2932963.425909996,0.0,7,-0.03140221712918812,False,False,36,60
2002-02-07 00:00:00+00:00,9989262.247812994,7023644.819270857,2965617.428542137,2965617.428542137,2965617.428542137,0.0,7,-0.028225573660599485,False,False,36,60
2002-02-08 00:00:00+00:00,9972133.469508894,7023644.819270857,2948488.650238037,2948488.650238037,2948488.650238037,0.0,7,-0.02989189378489153,False,False,36,60
2002-02-11 00:00:00+00:00,10021849.814692266,7023644.819270857,2998204.9954214096,2998204.9954214096,2998204.9954214096,0.0,7,-0.025055393188379422,False,False,36,60
2002-02-12 00:00:00+00:00,10035880.59481693,7023644.819270857,3012235.775546074,3012235.775546074,3012235.775546074,0.0,7,-0.023690452217916356,False,False,36,61
2002-02-13 00:00:00+00:00,10147068.934836272,7504566.878518943,2642502.0563173294,2642502.0563173294,2642502.0563173294,0.0,6,-0.012873839072978467,False,False,36,61
2002-02-14 00:00:00+00:00,10219824.514151458,7504566.878518943,2715257.635632515,2715257.635632515,2715257.635632515,0.0,6,-0.005796037970351054,False,False,36,63
2002-02-15 00:00:00+00:00,10231615.522950947,8484484.160518467,1747131.3624324799,1747131.3624324799,1747131.3624324799,0.0,4,-0.004648986213391182,False,False,36,63
2002-02-18 00:00:00+00:00,9846586.026692212,8484484.160518467,1362101.8661737442,1362101.8661737442,1362101.8661737442,0.0,4,-0.042105387754205525,False,False,36,63
2002-02-19 00:00:00+00:00,10221177.99244672,8484484.160518467,1736693.8319282532,1736693.8319282532,1736693.8319282532,0.0,4,-0.005664369028109609,False,False,36,63
2002-02-20 00:00:00+00:00,10232151.745816052,8484484.160518467,1747667.5852975845,1747667.5852975845,1747667.5852975845,0.0,4,-0.004596821433430455,False,False,36,63
2002-02-21 00:00:00+00:00,10240371.515029728,8484484.160518467,1755887.354511261,1755887.354511261,1755887.354511261,0.0,4,-0.0037971866541942293,False,False,36,63
2002-02-22 00:00:00+00:00,10283454.112722218,8484484.160518467,1798969.9522037506,1798969.9522037506,1798969.9522037506,0.0,4,0.0,False,False,36,64
2002-02-25 00:00:00+00:00,10277597.18653433,9005800.88119261,1271796.3053417206,1271796.3053417206,1271796.3053417206,0.0,3,-0.0005695485314260183,False,False,36,64
2002-02-26 00:00:00+00:00,10303151.76161711,9005800.88119261,1297350.8804244995,1297350.8804244995,1297350.8804244995,0.0,3,0.0,False,False,36,64
2002-02-27 00:00:00+00:00,10289092.438414976,9005800.88119261,1283291.5572223663,1283291.5572223663,1283291.5572223663,0.0,3,-0.001364565283266926,False,False,36,64
2002-02-28 00:00:00+00:00,10217775.401104376,9005800.88119261,1211974.519911766,1211974.519911766,1211974.519911766,0.0,3,-0.00828643142293513,False,False,36,65
2002-03-01 00:00:00+00:00,10249195.304172736,8562259.060657721,1686936.2435150146,1686936.2435150146,1686936.2435150146,0.0,4,-0.0052368885456371165,False,False,36,65
2002-03-04 00:00:00+00:00,10286386.099030714,8562259.060657721,1724127.0383729935,1724127.0383729935,1724127.0383729935,0.0,4,-0.0016272363034438384,False,False,36,65
2002-03-05 00:00:00+00:00,10285169.459759932,8562259.060657721,1722910.399102211,1722910.399102211,1722910.399102211,0.0,4,-0.0017453204876752,False,False,36,65
2002-03-06 00:00:00+00:00,10296131.22373889,8562259.060657721,1733872.1630811691,1733872.1630811691,1733872.1630811691,0.0,4,-0.0006813971142668236,False,False,36,65
2002-03-07 00:00:00+00:00,10282210.789014045,7312524.543877308,2969686.245136738,2969686.245136738,2969686.245136738,0.0,7,-0.002032482204239345,False,False,36,65
2002-03-08 00:00:00+00:00,10314011.07443351,7312524.543877308,3001486.530556202,3001486.530556202,3001486.530556202,0.0,7,0.0,False,False,36,65
2002-03-11 00:00:00+00:00,10272096.466371242,7312524.543877308,2959571.9224939346,2959571.9224939346,2959571.9224939346,0.0,7,-0.004063851372640633,False,False,36,65
2002-03-12 00:00:00+00:00,10229965.363659564,7312524.543877308,2917440.819782257,2917440.819782257,2917440.819782257,0.0,7,-0.008148693090147862,False,False,37,65
2002-03-13 00:00:00+00:00,10273939.578303043,7312524.543877308,2961415.0344257355,2961415.0344257355,2961415.0344257355,0.0,7,-0.0038851515517368557,False,False,37,65
2002-03-14 00:00:00+00:00,10311037.37534732,7312524.543877308,2998512.8314700127,2998512.8314700127,2998512.8314700127,0.0,7,-0.0002883164527097038,False,False,37,65
2002-03-15 00:00:00+00:00,10350521.238093082,7312524.543877308,3037996.6942157745,3037996.6942157745,3037996.6942157745,0.0,7,0.0,False,False,37,65
2002-03-18 00:00:00+00:00,10361980.683434669,7312524.543877308,3049456.1395573616,3049456.1395573616,3049456.1395573616,0.0,7,0.0,False,False,37,65
2002-03-19 00:00:00+00:00,10284957.791473571,7312524.543877308,2972433.247596264,2972433.247596264,2972433.247596264,0.0,7,-0.007433220955934755,False,False,37,65
2002-03-20 00:00:00+00:00,10281475.728484336,7312524.543877308,2968951.184607029,2968951.184607029,2968951.184607029,0.0,7,-0.007769263175623658,False,False,37,65
2002-03-21 00:00:00+00:00,10337264.962211315,7312524.543877308,3024740.4183340073,3024740.4183340073,3024740.4183340073,0.0,7,-0.0023852313547415203,False,False,37,65
2002-03-22 00:00:00+00:00,10348912.31897134,7312524.543877308,3036387.7750940323,3036387.7750940323,3036387.7750940323,0.0,7,-0.0012611840209489336,False,False,37,65
2002-03-25 00:00:00+00:00,10348912.31897134,7312524.543877308,3036387.7750940323,3036387.7750940323,3036387.7750940323,0.0,7,-0.0012611840209489336,False,False,37,65
2002-03-26 00:00:00+00:00,10325668.321283046,7312524.543877308,3013143.777405739,3013143.777405739,3013143.777405739,0.0,7,-0.0035043842737203764,False,False,37,65
2002-03-27 00:00:00+00:00,10387676.599215213,7312524.543877308,3075152.055337906,3075152.055337906,3075152.055337906,0.0,7,0.0,False,False,38,65
2002-03-28 00:00:00+00:00,10413905.430986587,7312524.543877308,3101380.8871092796,3101380.8871092796,3101380.8871092796,0.0,7,0.0,False,False,38,65
2002-03-29 00:00:00+00:00,10413905.430986587,7312524.543877308,3101380.8871092796,3101380.8871092796,3101380.8871092796,0.0,7,0.0,False,False,38,65
2002-04-01 00:00:00+00:00,10564359.099836055,7312524.543877308,3251834.555958748,3251834.555958748,3251834.555958748,0.0,7,0.0,False,False,38,66
2002-04-02 00:00:00+00:00,10619408.808569286,7833604.745309685,2785804.0632596016,2785804.0632596016,2785804.0632596016,0.0,6,0.0,False,False,38,67
2002-04-03 00:00:00+00:00,10653497.647542248,8424916.697729835,2228580.9498124123,2228580.9498124123,2228580.9498124123,0.0,5,0.0,False,False,38,67
2002-04-04 00:00:00+00:00,10715595.292484827,7992251.436586924,2723343.8558979034,2723343.8558979034,2723343.8558979034,0.0,6,0.0,False,False,41,67
2002-04-05 00:00:00+00:00,10689329.141151126,8909328.005227264,1780001.1359238625,1780001.1359238625,1780001.1359238625,0.0,4,-0.0024512078532979045,False,False,41,67
2002-04-08 00:00:00+00:00,10704414.051066574,8909328.005227264,1795086.0458393097,1795086.0458393097,1795086.0458393097,0.0,4,-0.0010434549936852667,False,False,41,67
2002-04-09 00:00:00+00:00,10696331.962791618,8909328.005227264,1787003.957564354,1787003.957564354,1787003.957564354,0.0,4,-0.0017976910444461576,False,False,41,67
2002-04-10 00:00:00+00:00,10759861.375240024,8909328.005227264,1850533.3700127602,1850533.3700127602,1850533.3700127602,0.0,4,0.0,False,False,41,68
2002-04-11 00:00:00+00:00,10793055.14615881,9459190.287107583,1333864.8590512276,1333864.8590512276,1333864.8590512276,0.0,3,0.0,False,False,41,68
2002-04-12 00:00:00+00:00,10794040.660094853,9459190.287107583,1334850.3729872704,1334850.3729872704,1334850.3729872704,0.0,3,0.0,False,False,41,68
2002-04-15 00:00:00+00:00,10757649.694572564,9459190.287107583,1298459.407464981,1298459.407464981,1298459.407464981,0.0,3,-0.0033713941487014455,False,False,41,68
2002-04-16 00:00:00+00:00,10751884.597889062,9459190.287107583,1292694.3107814789,1292694.3107814789,1292694.3107814789,0.0,3,-0.003905494108581672,False,False,41,68
2002-04-17 00:00:00+00:00,10818290.877004268,9023577.699093463,1794713.1779108047,1794713.1779108047,1794713.1779108047,0.0,4,0.0,False,False,41,68
2002-04-18 00:00:00+00:00,10836268.717857959,9023577.699093463,1812691.0187644958,1812691.0187644958,1812691.0187644958,0.0,4,0.0,False,False,41,68
2002-04-19 00:00:00+00:00,10794773.12158406,9023577.699093463,1771195.4224905968,1771195.4224905968,1771195.4224905968,0.0,4,-0.0038293251445043206,False,False,41,68
2002-04-22 00:00:00+00:00,10809580.783554353,8158138.520046986,2651442.263507366,2651442.263507366,2651442.263507366,0.0,6,-0.0024628343019608527,False,False,41,68
2002-04-23 00:00:00+00:00,10853401.51185254,8158138.520046986,2695262.9918055534,2695262.9918055534,2695262.9918055534,0.0,6,0.0,False,False,41,68
2002-04-24 00:00:00+00:00,10871731.473857202,8158138.520046986,2713592.953810215,2713592.953810215,2713592.953810215,0.0,6,0.0,False,False,41,68
2002-04-25 00:00:00+00:00,10902223.924445428,8158138.520046986,2744085.4043984413,2744085.4043984413,2744085.4043984413,0.0,6,0.0,False,False,41,68
2002-04-26 00:00:00+00:00,10958215.757701673,8158138.520046986,2800077.237654686,2800077.237654686,2800077.237654686,0.0,6,0.0,False,False,41,69
2002-04-29 00:00:00+00:00,10943408.394288,8724262.929151472,2219145.465136528,2219145.465136528,2219145.465136528,0.0,5,-0.0013512567867872065,False,False,41,69
2002-04-30 00:00:00+00:00,11051291.976420544,7848251.386312626,3203040.590107918,3203040.590107918,3203040.590107918,0.0,7,0.0,False,False,41,70
2002-05-01 00:00:00+00:00,10630702.942170544,8260012.820812626,2370690.121357918,2370690.121357918,2370690.121357918,0.0,6,-0.03805790627443246,False,False,41,70
2002-05-02 00:00:00+00:00,11032474.926967544,8260012.820812626,2772462.1061549187,2772462.1061549187,2772462.1061549187,0.0,6,-0.001702701321542167,False,False,41,70
2002-05-03 00:00:00+00:00,11052674.529205246,8260012.820812626,2792661.70839262,2792661.70839262,2792661.70839262,0.0,6,0.0,False,False,47,70
2002-05-06 00:00:00+00:00,11052528.719737448,10035206.964963831,1017321.7547736168,1017321.7547736168,1017321.7547736168,0.0,2,-1.319223391703216e-05,False,False,47,70
2002-05-07 00:00:00+00:00,11107128.9786729,10035206.964963831,1071922.0137090683,1071922.0137090683,1071922.0137090683,0.0,2,0.0,False,False,47,70
2002-05-08 00:00:00+00:00,11175043.991475023,10035206.964963831,1139837.0265111923,1139837.0265111923,1139837.0265111923,0.0,2,0.0,False,False,47,71
2002-05-09 00:00:00+00:00,11165247.65856604,10761592.171032472,403655.48753356934,403655.48753356934,403655.48753356934,0.0,1,-0.0008766258921625388,False,False,47,71
2002-05-10 00:00:00+00:00,11165671.97713141,10761592.171032472,404079.806098938,404079.806098938,404079.806098938,0.0,1,-0.0008386557002158809,False,False,47,71
2002-05-13 00:00:00+00:00,11165449.720898194,10761592.171032472,403857.54986572266,403857.54986572266,403857.54986572266,0.0,1,-0.0008585443228812487,False,False,47,71
2002-05-14 00:00:00+00:00,11165449.720898194,10761592.171032472,403857.54986572266,403857.54986572266,403857.54986572266,0.0,1,-0.0008585443228812487,False,False,47,71
2002-05-15 00:00:00+00:00,11164217.214664979,10761592.171032472,402625.0436325073,402625.0436325073,402625.0436325073,0.0,1,-0.0009688352742328102,False,False,47,71
2002-05-16 00:00:00+00:00,11160681.339664979,10761592.171032472,399089.1686325073,399089.1686325073,399089.1686325073,0.0,1,-0.0012852434246344885,False,False,47,71
2002-05-17 00:00:00+00:00,11159964.381210083,10313727.241317505,846237.1398925781,846237.1398925781,846237.1398925781,0.0,2,-0.0013494005282166043,False,False,47,71
2002-05-20 00:00:00+00:00,11071688.49723801,9426094.877078384,1645593.620159626,1645593.620159626,1645593.620159626,0.0,4,-0.00924877739325758,False,False,47,73
2002-05-21 00:00:00+00:00,11010270.404902356,9769279.010996716,1240991.3939056396,1240991.3939056396,1240991.3939056396,0.0,3,-0.014744781917491019,False,False,47,75
2002-05-22 00:00:00+00:00,11040849.412521549,8352196.293161339,2688653.1193602085,2688653.1193602085,2688653.1193602085,0.0,6,-0.012008416168727947,False,False,47,75
2002-05-23 00:00:00+00:00,11011763.0037281,8352196.293161339,2659566.710566759,2659566.710566759,2659566.710566759,0.0,6,-0.014611216552837236,False,False,49,75
2002-05-24 00:00:00+00:00,11183399.125048585,8352196.293161339,2831202.831887245,2831202.831887245,2831202.831887245,0.0,6,0.0,False,False,49,76
2002-05-27 00:00:00+00:00,11171962.816280581,9327836.475862004,1844126.3404185772,1844126.3404185772,1844126.3404185772,0.0,4,-0.001022614738160344,False,False,49,76
2002-05-28 00:00:00+00:00,11126724.283804633,9327836.475862004,1798887.8079426289,1798887.8079426289,1798887.8079426289,0.0,4,-0.005067765230430895,False,False,49,76
2002-05-29 00:00:00+00:00,11174073.15771339,9327836.475862004,1846236.681851387,1846236.681851387,1846236.681851387,0.0,4,-0.000833911696338016,False,False,49,76
2002-05-30 00:00:00+00:00,11158114.675833551,9843616.474108545,1314498.201725006,1314498.201725006,1314498.201725006,0.0,3,-0.0022608912489228694,False,False,49,76
2002-05-31 00:00:00+00:00,11160659.520514337,9843616.474108545,1317043.0464057922,1317043.0464057922,1317043.0464057922,0.0,3,-0.0020333356862240306,False,False,49,76
2002-06-03 00:00:00+00:00,11168952.797912853,9385987.785268085,1782965.0126447678,1782965.0126447678,1782965.0126447678,0.0,4,-0.00129176531877285,False,False,49,76
2002-06-04 00:00:00+00:00,11247279.82728428,8133012.617383423,3114267.209900856,3114267.209900856,3114267.209900856,0.0,7,0.0,False,False,49,77
2002-06-05 00:00:00+00:00,11342680.167425122,9001792.503201213,2340887.6642239094,2340887.6642239094,2340887.6642239094,0.0,5,0.0,False,False,49,77
2002-06-06 00:00:00+00:00,11395176.498051133,9001792.503201213,2393383.9948499203,2393383.9948499203,2393383.9948499203,0.0,5,0.0,False,False,49,77
2002-06-07 00:00:00+00:00,11324984.226971116,9001792.503201213,2323191.723769903,2323191.723769903,2323191.723769903,0.0,5,-0.006159823070052646,False,False,49,77
2002-06-10 00:00:00+00:00,11386794.822226252,9001792.503201213,2385002.3190250397,2385002.3190250397,2385002.3190250397,0.0,5,-0.000735545941417764,False,False,49,77
2002-06-11 00:00:00+00:00,11467988.401010241,9001792.503201213,2466195.8978090286,2466195.8978090286,2466195.8978090286,0.0,5,0.0,False,False,49,77
2002-06-12 00:00:00+00:00,11547886.583344903,9001792.503201213,2546094.08014369,2546094.08014369,2546094.08014369,0.0,5,0.0,False,False,49,78
2002-06-13 00:00:00+00:00,11531342.96591438,9637441.024465691,1893901.9414486885,1893901.9414486885,1893901.9414486885,0.0,4,-0.0014326099681636374,False,False,49,78
2002-06-14 00:00:00+00:00,11560729.134430062,9637441.024465691,1923288.1099643707,1923288.1099643707,1923288.1099643707,0.0,4,0.0,False,False,49,78
2002-06-17 00:00:00+00:00,11582648.535124194,9637441.024465691,1945207.5106585026,1945207.5106585026,1945207.5106585026,0.0,4,0.0,False,False,49,78
2002-06-18 00:00:00+00:00,11569272.11994971,9637441.024465691,1931831.0954840183,1931831.0954840183,1931831.0954840183,0.0,4,-0.0011548667072060843,False,False,49,78
2002-06-19 00:00:00+00:00,11517293.356970645,9170391.910236932,2346901.446733713,2346901.446733713,2346901.446733713,0.0,5,-0.0056425072344515916,False,False,49,78
2002-06-20 00:00:00+00:00,11473736.579640009,9170391.910236932,2303344.669403076,2303344.669403076,2303344.669403076,0.0,5,-0.009403026877135366,False,False,49,78
2002-06-21 00:00:00+00:00,11459665.856616832,9170391.910236932,2289273.9463799,2289273.9463799,2289273.9463799,0.0,5,-0.010617837374104773,False,False,49,78
2002-06-24 00:00:00+00:00,11482924.20926941,8708626.10152877,2774298.1077406406,2774298.1077406406,2774298.1077406406,0.0,6,-0.00860980332368469,False,False,49,78
2002-06-25 00:00:00+00:00,11451674.543368941,8708626.10152877,2743048.441840172,2743048.441840172,2743048.441840172,0.0,6,-0.011307775709335926,False,False,49,78
2002-06-26 00:00:00+00:00,11432731.751797324,8708626.10152877,2724105.6502685547,2724105.6502685547,2724105.6502685547,0.0,6,-0.012943221308343219,False,False,49,78
2002-06-27 00:00:00+00:00,11462471.078102952,8708626.10152877,2753844.9765741825,2753844.9765741825,2753844.9765741825,0.0,6,-0.010375645661422413,False,False,49,78
2002-06-28 00:00:00+00:00,11466334.83436597,8708626.10152877,2757708.7328372,2757708.7328372,2757708.7328372,0.0,6,-0.01004206424856154,False,False,50,78
2002-07-01 00:00:00+00:00,11498044.219586259,8708626.10152877,2789418.1180574894,2789418.1180574894,2789418.1180574894,0.0,6,-0.007304401517612652,False,False,50,78
2002-07-02 00:00:00+00:00,11534472.225829488,8708626.10152877,2825846.1243007183,2825846.1243007183,2825846.1243007183,0.0,6,-0.004159351736229614,False,False,53,78
2002-07-03 00:00:00+00:00,11556698.191644898,9635815.028721323,1920883.1629235744,1920883.1629235744,1920883.1629235744,0.0,4,-0.0022404498764338914,False,False,53,78
2002-07-04 00:00:00+00:00,11634251.873440495,9635815.028721323,1998436.8447191715,1998436.8447191715,1998436.8447191715,0.0,4,0.0,False,False,53,78
2002-07-05 00:00:00+00:00,11691089.577448597,9635815.028721323,2055274.548727274,2055274.548727274,2055274.548727274,0.0,4,0.0,False,False,53,79
2002-07-08 00:00:00+00:00,11696378.622627875,10274987.892914673,1421390.7297132015,1421390.7297132015,1421390.7297132015,0.0,3,0.0,False,False,53,79
2002-07-09 00:00:00+00:00,11692862.392331263,10274987.892914673,1417874.4994165897,1417874.4994165897,1417874.4994165897,0.0,3,-0.00030062555343491265,False,False,53,79
2002-07-10 00:00:00+00:00,11689562.101921221,10274987.892914673,1414574.209006548,1414574.209006548,1414574.209006548,0.0,3,-0.0005827889919249296,False,False,53,79
2002-07-11 00:00:00+00:00,11679322.240359446,10274987.892914673,1404334.3474447727,1404334.3474447727,1404334.3474447727,0.0,3,-0.0014582618106626128,False,False,53,79
2002-07-12 00:00:00+00:00,11705635.508822389,9804281.794425197,1901353.714397192,1901353.714397192,1901353.714397192,0.0,4,0.0,False,False,53,79
2002-07-15 00:00:00+00:00,11733201.075801693,9333536.77893313,2399664.2968685627,2399664.2968685627,2399664.2968685627,0.0,5,0.0,False,False,53,79
2002-07-16 00:00:00+00:00,11700090.338653391,8863508.15484876,2836582.1838046312,2836582.1838046312,2836582.1838046312,0.0,6,-0.002821969634236352,False,False,53,79
2002-07-17 00:00:00+00:00,11676608.636776095,8863508.15484876,2813100.4819273353,2813100.4819273353,2813100.4819273353,0.0,6,-0.004823273602828874,False,False,54,79
2002-07-18 00:00:00+00:00,11739313.716719514,8863508.15484876,2875805.5618707538,2875805.5618707538,2875805.5618707538,0.0,6,0.0,False,False,54,79
2002-07-19 00:00:00+00:00,11685080.139076835,8863508.15484876,2821571.9842280746,2821571.9842280746,2821571.9842280746,0.0,6,-0.004619825225850978,False,False,54,79
2002-07-22 00:00:00+00:00,11620386.563625043,8863508.15484876,2756878.4087762833,2756878.4087762833,2756878.4087762833,0.0,6,-0.010130673390650645,False,False,54,82
2002-07-23 00:00:00+00:00,11646062.216706565,10171785.130662968,1474277.0860435963,1474277.0860435963,1474277.0860435963,0.0,3,-0.00794352227593486,False,False,54,82
2002-07-24 00:00:00+00:00,11633661.144196799,10171785.130662968,1461876.0135338306,1461876.0135338306,1461876.0135338306,0.0,3,-0.008999893441150729,False,False,54,82
2002-07-25 00:00:00+00:00,11658974.808694413,10171785.130662968,1487189.6780314445,1487189.6780314445,1487189.6780314445,0.0,3,-0.006843577909556973,False,False,54,82
2002-07-26 00:00:00+00:00,11635031.538363794,9701924.405986408,1933107.132377386,1933107.132377386,1933107.132377386,0.0,4,-0.008883157982838282,False,False,54,82
2002-07-29 00:00:00+00:00,11603351.354316888,9226747.995816408,2376603.3585004807,2376603.3585004807,2376603.3585004807,0.0,5,-0.011581798193959443,False,False,54,82
2002-07-30 00:00:00+00:00,11552780.584745403,8745429.923694607,2807350.6610507965,2807350.6610507965,2807350.6610507965,0.0,6,-0.01588961130738365,False,False,56,82
2002-07-31 00:00:00+00:00,11510015.949377295,8745429.923694607,2764586.0256826878,2764586.0256826878,2764586.0256826878,0.0,6,-0.01953246781501765,False,False,61,82
2002-08-01 00:00:00+00:00,11531187.077368027,10629299.054880386,901888.0224876404,901888.0224876404,901888.0224876404,0.0,2,-0.017729029513460094,False,False,61,82
2002-08-02 00:00:00+00:00,11548171.748613602,10629299.054880386,918872.6937332153,918872.6937332153,918872.6937332153,0.0,2,-0.016282209737157088,False,False,61,82
2002-08-05 00:00:00+00:00,11552913.390896158,10153721.059463816,1399192.3314323425,1399192.3314323425,1399192.3314323425,0.0,3,-0.015878298367465727,False,False,61,82
2002-08-06 00:00:00+00:00,11556693.38935502,10153721.059463816,1402972.3298912048,1402972.3298912048,1402972.3298912048,0.0,3,-0.015556303526022934,False,False,61,82
2002-08-07 00:00:00+00:00,11599368.429352121,10153721.059463816,1445647.3698883057,1445647.3698883057,1445647.3698883057,0.0,3,-0.011921079097501048,False,False,61,82
2002-08-08 00:00:00+00:00,11555246.41839631,10153721.059463816,1401525.3589324951,1401525.3589324951,1401525.3589324951,0.0,3,-0.015679562090673855,False,False,61,82
2002-08-09 00:00:00+00:00,11569866.486885386,10153721.059463816,1416145.4274215698,1416145.4274215698,1416145.4274215698,0.0,3,-0.0144341682932279,False,False,61,82
2002-08-12 00:00:00+00:00,11576841.466442423,10153721.059463816,1423120.4069786072,1423120.4069786072,1423120.4069786072,0.0,3,-0.013840012644494928,False,False,61,82
2002-08-13 00:00:00+00:00,11588343.840275126,10153721.059463816,1434622.7808113098,1434622.7808113098,1434622.7808113098,0.0,3,-0.012860196097270316,False,False,61,82
2002-08-14 00:00:00+00:00,11586724.040619211,10153721.059463816,1433002.9811553955,1433002.9811553955,1433002.9811553955,0.0,3,-0.012998176876641374,False,False,61,82
2002-08-15 00:00:00+00:00,11586724.040619211,10153721.059463816,1433002.9811553955,1433002.9811553955,1433002.9811553955,0.0,3,-0.012998176876641374,False,False,61,82
2002-08-16 00:00:00+00:00,11595935.276420908,10153721.059463816,1442214.2169570923,1442214.2169570923,1442214.2169570923,0.0,3,-0.012213528299733694,False,False,61,82
2002-08-19 00:00:00+00:00,11583607.168625193,10153721.059463816,1429886.109161377,1429886.109161377,1429886.109161377,0.0,3,-0.013263684049311903,False,False,61,82
2002-08-20 00:00:00+00:00,11590026.311748875,10643244.062382115,946782.2493667603,946782.2493667603,946782.2493667603,0.0,2,-0.012716876690842536,False,False,61,82
2002-08-21 00:00:00+00:00,11590110.865254225,10178603.011872115,1411507.8533821106,1411507.8533821106,1411507.8533821106,0.0,3,-0.012709674097284664,False,False,61,82
2002-08-22 00:00:00+00:00,11581684.633309187,10178603.011872115,1403081.6214370728,1403081.6214370728,1403081.6214370728,0.0,3,-0.013427453019321385,False,False,61,82
2002-08-23 00:00:00+00:00,11583038.646786513,10178603.011872115,1404435.6349143982,1404435.6349143982,1404435.6349143982,0.0,3,-0.013312112931306103,False,False,61,82
2002-08-26 00:00:00+00:00,11578316.454119306,9718331.062705856,1859985.3914134502,1859985.3914134502,1859985.3914134502,0.0,4,-0.013714367507779449,False,False,61,83
2002-08-27 00:00:00+00:00,11607936.648099855,11102734.913736299,505201.7343635559,505201.7343635559,505201.7343635559,0.0,1,-0.011191205192220706,False,False,61,83
2002-08-28 00:00:00+00:00,11608346.541845277,11102734.913736299,505611.6281089783,505611.6281089783,505611.6281089783,0.0,1,-0.011156288862756013,False,False,61,83
2002-08-29 00:00:00+00:00,11593590.13246341,11102734.913736299,490855.2187271118,490855.2187271118,490855.2187271118,0.0,1,-0.012413296703073791,False,False,61,83
2002-08-30 00:00:00+00:00,11567155.05761004,7822111.565729028,3745043.491881013,3745043.491881013,3745043.491881013,0.0,8,-0.01466513829205188,False,False,61,83
2002-09-02 00:00:00+00:00,11609451.602385884,7822111.565729028,3787340.0366568565,3787340.0366568565,3787340.0366568565,0.0,8,-0.011062155545658155,False,False,61,83
2002-09-03 00:00:00+00:00,11570377.834276427,8319160.321806539,3251217.5124698877,3251217.5124698877,3251217.5124698877,0.0,7,-0.014390609751103524,False,False,61,83
2002-09-04 00:00:00+00:00,11555328.963025678,8319160.321806539,3236168.641219139,3236168.641219139,3236168.641219139,0.0,7,-0.015672530620916853,False,False,61,84
2002-09-05 00:00:00+00:00,11566899.395093512,8759540.479696821,2807358.9153966904,2807358.9153966904,2807358.9153966904,0.0,6,-0.014686916610844454,False,False,61,84
2002-09-06 00:00:00+00:00,11514264.934776854,8759540.479696821,2754724.4550800323,2754724.4550800323,2754724.4550800323,0.0,6,-0.019170522857919554,False,False,61,85
2002-09-09 00:00:00+00:00,11417119.967645258,9165307.770633906,2251812.1970113516,2251812.1970113516,2251812.1970113516,0.0,5,-0.027445705673184047,False,False,61,87
2002-09-10 00:00:00+00:00,11416721.986702137,9578156.568806462,1838565.4178956747,1838565.4178956747,1838565.4178956747,0.0,4,-0.027479607224222265,False,False,61,87
2002-09-11 00:00:00+00:00,11379362.885338001,9578156.568806462,1801206.316531539,1801206.316531539,1801206.316531539,0.0,4,-0.030661999505887563,False,False,61,87
2002-09-12 00:00:00+00:00,11386975.548080854,9578156.568806462,1808818.9792743921,1808818.9792743921,1808818.9792743921,0.0,4,-0.030013523544979305,False,False,61,87
2002-09-13 00:00:00+00:00,11380197.572106056,9578156.568806462,1802041.003299594,1802041.003299594,1802041.003299594,0.0,4,-0.030590897669085453,False,False,61,87
2002-09-16 00:00:00+00:00,11354017.715678016,9116097.44257168,2237920.2731063366,2237920.2731063366,2237920.2731063366,0.0,5,-0.03282099876867137,False,False,61,88
2002-09-17 00:00:00+00:00,11346521.920908997,9555344.622115681,1791177.298793316,1791177.298793316,1791177.298793316,0.0,4,-0.03345951946501694,False,False,61,89
2002-09-18 00:00:00+00:00,11337344.426261256,9979560.433560202,1357783.9927010536,1357783.9927010536,1357783.9927010536,0.0,3,-0.0342412938403512,False,False,61,90
2002-09-19 00:00:00+00:00,11282979.893350067,9504584.559557857,1778395.3337922096,1778395.3337922096,1778395.3337922096,0.0,4,-0.0388722743408349,False,False,61,92
2002-09-20 00:00:00+00:00,11276392.643191332,9445949.65991878,1830442.9832725525,1830442.9832725525,1830442.9832725525,0.0,4,-0.039433401704639215,False,False,61,93
2002-09-23 00:00:00+00:00,11291626.0944692,9002159.29540075,2289466.799068451,2289466.799068451,2289466.799068451,0.0,5,-0.0381357575965196,False,False,61,93
2002-09-24 00:00:00+00:00,11289980.861749938,8550324.547062686,2739656.314687252,2739656.314687252,2739656.314687252,0.0,6,-0.0382759048622767,False,False,61,93
2002-09-25 00:00:00+00:00,11278903.344688227,8550324.547062686,2728578.7976255417,2728578.7976255417,2728578.7976255417,0.0,6,-0.03921953047183285,False,False,61,94
2002-09-26 00:00:00+00:00,11308022.630741965,9000696.672734153,2307325.9580078125,2307325.9580078125,2307325.9580078125,0.0,5,-0.036739037424588956,False,False,61,94
2002-09-27 00:00:00+00:00,11323690.48310895,9031577.896039916,2292112.5870690346,2292112.5870690346,2292112.5870690346,0.0,5,-0.03540438935698761,False,False,61,94
2002-09-30 00:00:00+00:00,11284380.863487642,7705855.903547209,3578524.9599404335,3578524.9599404335,3578524.9599404335,0.0,8,-0.03875293430347136,False,False,61,95
2002-10-01 00:00:00+00:00,11274710.505977832,8118331.261766636,3156379.244211197,3156379.244211197,3156379.244211197,0.0,7,-0.03957669263749029,False,False,61,96
2002-10-02 00:00:00+00:00,11274578.909979336,8556852.994091503,2717725.9158878326,2717725.9158878326,2717725.9158878326,0.0,6,-0.03958790249197339,False,False,61,96
2002-10-03 00:00:00+00:00,11286284.611546509,8556852.994091503,2729431.6174550056,2729431.6174550056,2729431.6174550056,0.0,6,-0.03859076570445391,False,False,64,96
2002-10-04 00:00:00+00:00,11294615.932441704,8556852.994091503,2737762.9383502007,2737762.9383502007,2737762.9383502007,0.0,6,-0.03788107167154556,False,False,65,96
2002-10-07 00:00:00+00:00,11309781.317002624,9002505.390821308,2307275.9261813164,2307275.9261813164,2307275.9261813164,0.0,5,-0.03658922574878763,False,False,65,96
2002-10-08 00:00:00+00:00,11373909.78275122,8547584.0034882,2826325.7792630196,2826325.7792630196,2826325.7792630196,0.0,6,-0.03112651580712714,False,False,65,96
2002-10-09 00:00:00+00:00,11356252.945414627,8997894.786820496,2358358.1585941315,2358358.1585941315,2358358.1585941315,0.0,5,-0.032630593282409616,False,False,65,96
2002-10-10 00:00:00+00:00,11356171.147797668,8997894.786820496,2358276.360977173,2358276.360977173,2358276.360977173,0.0,5,-0.03263756111876977,False,False,65,96
2002-10-11 00:00:00+00:00,11410202.228219679,8540578.029884508,2869624.1983351707,2869624.1983351707,2869624.1983351707,0.0,6,-0.028034985386846234,False,False,65,97
2002-10-14 00:00:00+00:00,11404769.152623273,9066765.70802126,2338003.4446020126,2338003.4446020126,2338003.4446020126,0.0,5,-0.028497795711837144,False,False,65,97
2002-10-15 00:00:00+00:00,11406151.131839849,9066765.70802126,2339385.4238185883,2339385.4238185883,2339385.4238185883,0.0,5,-0.02838007339433852,False,False,65,97
2002-10-16 00:00:00+00:00,11393425.258869778,8605205.38145126,2788219.877418518,2788219.877418518,2788219.877418518,0.0,6,-0.02946411231493965,False,False,66,97
2002-10-17 00:00:00+00:00,11392071.84162979,9083906.583103942,2308165.2585258484,2308165.2585258484,2308165.2585258484,0.0,5,-0.029579401613159924,False,False,66,97
2002-10-18 00:00:00+00:00,11407079.9861788,7695003.709866926,3712076.2763118744,3712076.2763118744,3712076.2763118744,0.0,8,-0.028300950000810964,False,False,68,97
2002-10-21 00:00:00+00:00,11392028.30989115,7695003.709866926,3697024.6000242233,3697024.6000242233,3697024.6000242233,0.0,8,-0.029583109814481673,False,False,68,97
2002-10-22 00:00:00+00:00,11353572.41092436,7695003.709866926,3658568.701057434,3658568.701057434,3658568.701057434,0.0,8,-0.03285893154433451,False,False,69,97
2002-10-23 00:00:00+00:00,11335542.979602858,8162503.529676482,3173039.4499263763,3173039.4499263763,3173039.4499263763,0.0,7,-0.03439474801168248,False,False,69,97
2002-10-24 00:00:00+00:00,11280178.840835616,8162503.529676482,3117675.311159134,3117675.311159134,3117675.311159134,0.0,7,-0.03911087879268299,False,False,72,98
2002-10-25 00:00:00+00:00,11283177.253295442,8583095.515935441,2700081.7373600006,2700081.7373600006,2700081.7373600006,0.0,6,-0.038855462459822264,False,False,74,100
2002-10-28 00:00:00+00:00,11320416.223902294,10380318.010561535,940098.2133407593,940098.2133407593,940098.2133407593,0.0,2,-0.03568330337919259,False,False,74,100
2002-10-29 00:00:00+00:00,11313288.0364879,7157555.049053394,4155732.9874345064,4155732.9874345064,4155732.9874345064,0.0,9,-0.0362905098638649,False,False,75,100
2002-10-30 00:00:00+00:00,11329671.845073745,7636072.864744589,3693598.980329156,3693598.980329156,3693598.980329156,0.0,8,-0.034894873885374045,False,False,77,100
2002-10-31 00:00:00+00:00,11384471.799356863,7636072.864744589,3748398.934612274,3748398.934612274,3748398.934612274,0.0,8,-0.030226802513785234,False,False,78,101
2002-11-01 00:00:00+00:00,11427512.661854178,8039307.867478042,3388204.794376135,3388204.794376135,3388204.794376135,0.0,7,-0.026560415914369747,False,False,79,102
2002-11-04 00:00:00+00:00,11434567.63398927,8583819.114866432,2850748.519122839,2850748.519122839,2850748.519122839,0.0,6,-0.02595944618944919,False,False,79,102
2002-11-05 00:00:00+00:00,11414685.186524566,8583819.114866432,2830866.0716581345,2830866.0716581345,2830866.0716581345,0.0,6,-0.027653109715655776,False,False,79,103
2002-11-06 00:00:00+00:00,11411406.885494651,9029569.101431312,2381837.7840633392,2381837.7840633392,2381837.7840633392,0.0,5,-0.027932368035948035,False,False,79,103
2002-11-07 00:00:00+00:00,11423678.587162198,9029569.101431312,2394109.4857308865,2394109.4857308865,2394109.4857308865,0.0,5,-0.02688701717782509,False,False,79,103
2002-11-08 00:00:00+00:00,11413423.884696664,9029569.101431312,2383854.7832653522,2383854.7832653522,2383854.7832653522,0.0,5,-0.027760552267949577,False,False,79,103
2002-11-11 00:00:00+00:00,11375001.232827483,8572947.556051312,2802053.6767761707,2802053.6767761707,2802053.6767761707,0.0,6,-0.03103354188185339,False,False,79,104
2002-11-12 00:00:00+00:00,11402210.434472915,8986508.891839858,2415701.5426330566,2415701.5426330566,2415701.5426330566,0.0,5,-0.028715757188300155,False,False,79,104
2002-11-13 00:00:00+00:00,11404887.802079292,9447881.885595413,1957005.916483879,1957005.916483879,1957005.916483879,0.0,4,-0.028487688693754,False,False,79,104
2002-11-14 00:00:00+00:00,11391394.55265135,8985002.600980703,2406391.9516706467,2406391.9516706467,2406391.9516706467,0.0,5,-0.02963709569943995,False,False,79,104
2002-11-15 00:00:00+00:00,11391474.103531033,9457099.729340702,1934374.3741903305,1934374.3741903305,1934374.3741903305,0.0,4,-0.029630319248822562,False,False,79,104
2002-11-18 00:00:00+00:00,11442544.749715,9457099.729340702,1985445.020374298,1985445.020374298,1985445.020374298,0.0,4,-0.02527992471841393,False,False,79,104
2002-11-19 00:00:00+00:00,11442392.727782581,9963687.48214278,1478705.245639801,1478705.245639801,1478705.245639801,0.0,3,-0.025292874532695058,False,False,79,104
2002-11-20 00:00:00+00:00,11411800.497385357,9963687.48214278,1448113.0152425766,1448113.0152425766,1448113.0152425766,0.0,3,-0.027898838657638238,False,False,79,104
2002-11-21 00:00:00+00:00,11412635.151865337,9963687.48214278,1448947.669722557,1448947.669722557,1448947.669722557,0.0,3,-0.02782773957125879,False,False,79,104
2002-11-22 00:00:00+00:00,11420700.03623614,9963687.48214278,1457012.554093361,1457012.554093361,1457012.554093361,0.0,3,-0.027140741628668877,False,False,79,104
2002-11-25 00:00:00+00:00,11459936.404806469,9963687.48214278,1496248.9226636887,1496248.9226636887,1496248.9226636887,0.0,3,-0.023798436489106414,False,False,79,104
2002-11-26 00:00:00+00:00,11485552.742678974,9963687.48214278,1521865.2605361938,1521865.2605361938,1521865.2605361938,0.0,3,-0.021616338072567673,False,False,79,104
2002-11-27 00:00:00+00:00,11465661.480963333,8114353.113365753,3351308.36759758,3351308.36759758,3351308.36759758,0.0,7,-0.023310752430649905,False,False,79,104
2002-11-28 00:00:00+00:00,11497152.580583675,8114353.113365753,3382799.467217922,3382799.467217922,3382799.467217922,0.0,7,-0.020628219159945026,False,False,79,105
2002-11-29 00:00:00+00:00,11560984.335660417,8677989.280433137,2882995.0552272797,2882995.0552272797,2882995.0552272797,0.0,6,-0.015190784177197224,False,False,79,105
2002-12-02 00:00:00+00:00,11587135.054433782,8677989.280433137,2909145.7740006447,2909145.7740006447,2909145.7740006447,0.0,6,-0.012963165135368543,False,False,79,106
2002-12-03 00:00:00+00:00,11511560.786654731,9120956.91735675,2390603.8692979813,2390603.8692979813,2390603.8692979813,0.0,5,-0.019400872620041608,False,False,79,106
2002-12-04 00:00:00+00:00,11498985.349836608,9120956.91735675,2378028.4324798584,2378028.4324798584,2378028.4324798584,0.0,5,-0.02047209680925571,False,False,79,106
2002-12-05 00:00:00+00:00,11499737.368973037,9120956.91735675,2378780.451616287,2378780.451616287,2378780.451616287,0.0,5,-0.02040803692001723,False,False,79,106
2002-12-06 00:00:00+00:00,11564977.714484207,8658061.84048175,2906915.8740024567,2906915.8740024567,2906915.8740024567,0.0,6,-0.014850612773642075,False,False,79,106
2002-12-09 00:00:00+00:00,11526256.847653382,8658061.84048175,2868195.007171631,2868195.007171631,2868195.007171631,0.0,6,-0.01814900548766234,False,False,80,106
2002-12-10 00:00:00+00:00,11525733.30028247,8658061.84048175,2867671.45980072,2867671.45980072,2867671.45980072,0.0,6,-0.018193603271105592,False,False,80,107
2002-12-11 00:00:00+00:00,11525711.16700801,9108426.69048175,2417284.4765262604,2417284.4765262604,2417284.4765262604,0.0,5,-0.018195488668752702,False,False,80,107
2002-12-12 00:00:00+00:00,11518209.348149864,9108426.69048175,2409782.6576681137,2409782.6576681137,2409782.6576681137,0.0,5,-0.018834522520234355,False,False,80,107
2002-12-13 00:00:00+00:00,11553485.522047607,9108426.69048175,2445058.831565857,2445058.831565857,2445058.831565857,0.0,5,-0.015829562030295175,False,False,80,107
2002-12-16 00:00:00+00:00,11554278.042086212,9108426.69048175,2445851.3516044617,2445851.3516044617,2445851.3516044617,0.0,5,-0.015762052118069556,False,False,80,107
2002-12-17 00:00:00+00:00,11534065.414857952,9108426.69048175,2425638.7243762016,2425638.7243762016,2425638.7243762016,0.0,5,-0.017483841629450665,False,False,83,107
2002-12-18 00:00:00+00:00,11557643.155006973,9108426.69048175,2449216.464525223,2449216.464525223,2449216.464525223,0.0,5,-0.015475398826236286,False,False,83,107
2002-12-19 00:00:00+00:00,11553476.2113367,9108426.69048175,2445049.52085495,2445049.52085495,2445049.52085495,0.0,5,-0.015830355152545047,False,False,83,107
2002-12-20 00:00:00+00:00,11589900.664208977,9108426.69048175,2481473.9737272263,2481473.9737272263,2481473.9737272263,0.0,5,-0.01272757983268973,False,False,83,108
2002-12-23 00:00:00+00:00,11610024.820293708,9672355.266786857,1937669.5535068512,1937669.5535068512,1937669.5535068512,0.0,4,-0.011013326634389923,False,False,83,108
2002-12-24 00:00:00+00:00,11597955.504501624,9672355.266786857,1925600.2377147675,1925600.2377147675,1925600.2377147675,0.0,4,-0.012041437483399284,False,False,83,108
2002-12-25 00:00:00+00:00,11597955.504501624,9672355.266786857,1925600.2377147675,1925600.2377147675,1925600.2377147675,0.0,4,-0.012041437483399284,False,False,83,108
2002-12-26 00:00:00+00:00,11590440.07939318,8270039.078839811,3320401.0005533695,3320401.0005533695,3320401.0005533695,0.0,7,-0.012681630367736316,False,False,83,108
2002-12-27 00:00:00+00:00,11607239.14470199,8270039.078839811,3337200.065862179,3337200.065862179,3337200.065862179,0.0,7,-0.011250621220678299,False,False,83,108
2002-12-30 00:00:00+00:00,11598379.834070237,8270039.078839811,3328340.755230427,3328340.755230427,3328340.755230427,0.0,7,-0.012005291454861946,False,False,83,108
2002-12-31 00:00:00+00:00,11632515.499904903,8270039.078839811,3362476.421065092,3362476.421065092,3362476.421065092,0.0,7,-0.009097483838642595,False,False,84,108
2003-01-01 00:00:00+00:00,11609099.958614143,8270039.078839811,3339060.879774332,3339060.879774332,3339060.879774332,0.0,7,-0.011092109917798385,False,False,84,108
2003-01-02 00:00:00+00:00,11623313.042914899,8270039.078839811,3353273.9640750885,3353273.9640750885,3353273.9640750885,0.0,7,-0.009881384602526019,False,False,84,108
2003-01-03 00:00:00+00:00,11633768.76395038,8270039.078839811,3363729.685110569,3363729.685110569,3363729.685110569,0.0,7,-0.008990725975643162,False,False,84,108
2003-01-06 00:00:00+00:00,11584696.397436174,8270039.078839811,3314657.318596363,3314657.318596363,3314657.318596363,0.0,7,-0.013170899339978375,False,False,84,109
2003-01-07 00:00:00+00:00,11613411.708144035,8708805.193775501,2904606.514368534,2904606.514368534,2904606.514368534,0.0,6,-0.010724818470109101,False,False,84,110
2003-01-08 00:00:00+00:00,11628334.999115217,9239116.346373308,2389218.652741909,2389218.652741909,2389218.652741909,0.0,5,-0.009453595012648548,False,False,84,110
2003-01-09 00:00:00+00:00,11673434.368943442,9239116.346373308,2434318.022570133,2434318.022570133,2434318.022570133,0.0,5,-0.00561185682279234,False,False,84,110
2003-01-10 00:00:00+00:00,11662629.655938853,9239116.346373308,2423513.309565544,2423513.309565544,2423513.309565544,0.0,5,-0.006532243931043877,False,False,84,110
2003-01-13 00:00:00+00:00,11678740.876416212,8774266.006776815,2904474.8696393967,2904474.8696393967,2904474.8696393967,0.0,6,-0.00515982805852032,False,False,85,110
2003-01-14 00:00:00+00:00,11701090.33094359,8774266.006776815,2926824.3241667747,2926824.3241667747,2926824.3241667747,0.0,6,-0.0032560153598659466,False,False,85,111
2003-01-15 00:00:00+00:00,11675382.796918664,9250543.473871503,2424839.323047161,2424839.323047161,2424839.323047161,0.0,5,-0.005445882216248905,False,False,85,111
2003-01-16 00:00:00+00:00,11709558.697002206,9250543.473871503,2459015.223130703,2459015.223130703,2459015.223130703,0.0,5,-0.0025346472915984595,False,False,85,111
2003-01-17 00:00:00+00:00,11718582.542318616,9250543.473871503,2468039.068447113,2468039.068447113,2468039.068447113,0.0,5,-0.001765961358658614,False,False,85,111
2003-01-20 00:00:00+00:00,11712990.171174321,9250543.473871503,2462446.6973028183,2462446.6973028183,2462446.6973028183,0.0,5,-0.0022423410925377675,False,False,85,111
2003-01-21 00:00:00+00:00,11768175.95727757,9250543.473871503,2517632.483406067,2517632.483406067,2517632.483406067,0.0,5,0.0,False,False,85,111
2003-01-22 00:00:00+00:00,11784646.870765004,9250543.473871503,2534103.3968935013,2534103.3968935013,2534103.3968935013,0.0,5,0.0,False,False,85,111
2003-01-23 00:00:00+00:00,11751859.647822652,9250543.473871503,2501316.173951149,2501316.173951149,2501316.173951149,0.0,5,-0.002782198168677404,False,False,88,111
2003-01-24 00:00:00+00:00,11713205.841204222,9739547.612085875,1973658.2291183472,1973658.2291183472,1973658.2291183472,0.0,4,-0.006062212159959647,False,False,88,111
2003-01-27 00:00:00+00:00,11649817.821384009,9739547.612085875,1910270.2092981339,1910270.2092981339,1910270.2092981339,0.0,4,-0.011441076755169912,False,False,88,111
2003-01-28 00:00:00+00:00,11771657.13163276,8333642.599403218,3438014.5322295427,3438014.5322295427,3438014.5322295427,0.0,7,-0.001102259513984139,False,False,89,112
2003-01-29 00:00:00+00:00,11747632.841759706,8795613.384483362,2952019.4572763443,2952019.4572763443,2952019.4572763443,0.0,6,-0.0031408687431374524,False,False,91,112
2003-01-30 00:00:00+00:00,11754907.242979074,8795613.384483362,2959293.8584957123,2959293.8584957123,2959293.8584957123,0.0,6,-0.0025235909155417783,False,False,94,112
2003-01-31 00:00:00+00:00,11710648.0834265,8795613.384483362,2915034.698943138,2915034.698943138,2915034.698943138,0.0,6,-0.006279253689143501,False,False,94,112
2003-02-03 00:00:00+00:00,11751272.903356576,8795613.384483362,2955659.5188732147,2955659.5188732147,2955659.5188732147,0.0,6,-0.0028319870569241323,False,False,94,112
2003-02-04 00:00:00+00:00,11744322.557841325,8795613.384483362,2948709.1733579636,2948709.1733579636,2948709.1733579636,0.0,6,-0.003421766758553832,False,False,94,112
2003-02-05 00:00:00+00:00,11711175.696008706,8795613.384483362,2915562.311525345,2915562.311525345,2915562.311525345,0.0,6,-0.00623448250609553,False,False,94,112
2003-02-06 00:00:00+00:00,11749012.318184877,8795613.384483362,2953398.933701515,2953398.933701515,2953398.933701515,0.0,6,-0.0030238116568879645,False,False,94,112
2003-02-07 00:00:00+00:00,11741663.178888528,9293039.76584646,2448623.4130420685,2448623.4130420685,2448623.4130420685,0.0,5,-0.0036474314714604874,False,False,94,112
2003-02-10 00:00:00+00:00,11698367.034366814,9293039.76584646,2405327.268520355,2405327.268520355,2405327.268520355,0.0,5,-0.007321376477748374,False,False,94,112
2003-02-11 00:00:00+00:00,11688595.807207132,8822467.669886613,2866128.1373205185,2866128.1373205185,2866128.1373205185,0.0,6,-0.008150525392165387,False,False,96,112
2003-02-12 00:00:00+00:00,11668252.765537286,8822467.669886613,2845785.095650673,2845785.095650673,2845785.095650673,0.0,6,-0.009876757997430123,False,False,96,112
2003-02-13 00:00:00+00:00,11668252.765537286,8822467.669886613,2845785.095650673,2845785.095650673,2845785.095650673,0.0,6,-0.009876757997430123,False,False,96,112
2003-02-14 00:00:00+00:00,11631828.173954988,8822467.669886613,2809360.5040683746,2809360.5040683746,2809360.5040683746,0.0,6,-0.012967609338309866,False,False,97,112
2003-02-17 00:00:00+00:00,11701457.610814119,8822467.669886613,2878989.9409275055,2878989.9409275055,2878989.9409275055,0.0,6,-0.007059121996880445,False,False,97,112
2003-02-18 00:00:00+00:00,11744679.416915918,8822467.669886613,2922211.7470293045,2922211.7470293045,2922211.7470293045,0.0,6,-0.003391485064201337,False,False,97,112
2003-02-19 00:00:00+00:00,11765832.123570466,8822467.669886613,2943364.453683853,2943364.453683853,2943364.453683853,0.0,6,-0.0015965473892317426,False,False,97,112
2003-02-20 00:00:00+00:00,11759213.774060274,8822467.669886613,2936746.1041736603,2936746.1041736603,2936746.1041736603,0.0,6,-0.0021581551813677526,False,False,99,112
2003-02-21 00:00:00+00:00,11746665.482774049,9295354.578560144,2451310.9042139053,2451310.9042139053,2451310.9042139053,0.0,5,-0.003222955121818571,False,False,99,112
2003-02-24 00:00:00+00:00,11834790.32799216,8260363.890448409,3574426.43754375,3574426.43754375,3574426.43754375,0.0,7,0.0,False,False,99,113
2003-02-25 00:00:00+00:00,11761877.163478034,8891542.576018946,2870334.5874590874,2870334.5874590874,2870334.5874590874,0.0,6,-0.006160917303424368,False,False,100,113
2003-02-26 00:00:00+00:00,11782045.54405226,8891542.576018946,2890502.9680333138,2890502.9680333138,2890502.9680333138,0.0,6,-0.004456756941028826,False,False,100,113
2003-02-27 00:00:00+00:00,11806698.319064515,8891542.576018946,2915155.7430455685,2915155.7430455685,2915155.7430455685,0.0,6,-0.0023736803229374263,False,False,100,113
2003-02-28 00:00:00+00:00,11771629.161049502,8891542.576018946,2880086.5850305557,2880086.5850305557,2880086.5850305557,0.0,6,-0.005336906290030873,False,False,100,113
2003-03-03 00:00:00+00:00,11762894.620595949,8891542.576018946,2871352.0445770025,2871352.0445770025,2871352.0445770025,0.0,6,-0.006074945597148456,False,False,100,113
2003-03-04 00:00:00+00:00,11733131.816747086,8891542.576018946,2841589.24072814,2841589.24072814,2841589.24072814,0.0,6,-0.008589802474542082,False,False,102,113
2003-03-05 00:00:00+00:00,11697676.016909616,8891542.576018946,2806133.44089067,2806133.44089067,2806133.44089067,0.0,6,-0.011585698375934475,False,False,104,114
2003-03-06 00:00:00+00:00,11658324.910270687,9325154.12523007,2333170.785040617,2333170.785040617,2333170.785040617,0.0,5,-0.01491073460795406,False,False,104,114
2003-03-07 00:00:00+00:00,11615790.427674528,9325154.12523007,2290636.302444458,2290636.302444458,2290636.302444458,0.0,5,-0.01850475540742311,False,False,104,115
2003-03-10 00:00:00+00:00,11559974.30784515,8800437.784790073,2759536.5230550766,2759536.5230550766,2759536.5230550766,0.0,6,-0.02322102990679978,False,False,110,116
2003-03-11 00:00:00+00:00,11587124.094161004,9259463.866130799,2327660.228030205,2327660.228030205,2327660.228030205,0.0,5,-0.020926964227271954,False,False,110,117
2003-03-12 00:00:00+00:00,11568950.871147744,8756690.982911699,2812259.888236046,2812259.888236046,2812259.888236046,0.0,6,-0.02246254048249934,False,False,110,118
2003-03-13 00:00:00+00:00,11542211.732102621,9224872.524880636,2317339.207221985,2317339.207221985,2317339.207221985,0.0,5,-0.024721907848043487,False,False,110,118
2003-03-14 00:00:00+00:00,11533892.618371237,9224872.524880636,2309020.0934906006,2309020.0934906006,2309020.0934906006,0.0,5,-0.025424844993597095,False,False,110,118
2003-03-17 00:00:00+00:00,11521164.110730398,9224872.524880636,2296291.585849762,2296291.585849762,2296291.585849762,0.0,5,-0.02650036110229677,False,False,110,118
2003-03-18 00:00:00+00:00,11482924.36771572,7381394.673074607,4101529.6946411133,4101529.6946411133,4101529.6946411133,0.0,9,-0.02973149084392236,False,False,110,119
2003-03-19 00:00:00+00:00,11475540.50790545,7793927.121163811,3681613.386741638,3681613.386741638,3681613.386741638,0.0,8,-0.030355402177003245,False,False,111,119
2003-03-20 00:00:00+00:00,11475784.535045113,7793927.121163811,3681857.413881302,3681857.413881302,3681857.413881302,0.0,8,-0.030334782704000286,False,False,111,120
2003-03-21 00:00:00+00:00,11483850.890960975,8702905.067978187,2780945.822982788,2780945.822982788,2780945.822982788,0.0,6,-0.029653202744211536,False,False,111,120
2003-03-24 00:00:00+00:00,11447862.95915089,9180503.401438812,2267359.557712078,2267359.557712078,2267359.557712078,0.0,5,-0.032694062008525204,False,False,111,120
2003-03-25 00:00:00+00:00,11412727.032063648,7807270.640849277,3605456.3912143707,3605456.3912143707,3605456.3912143707,0.0,8,-0.035662929737777384,False,False,112,120
2003-03-26 00:00:00+00:00,11424058.09824936,7807270.640849277,3616787.4574000835,3616787.4574000835,3616787.4574000835,0.0,8,-0.03470549273452841,False,False,112,120
2003-03-27 00:00:00+00:00,11444507.184639618,7807270.640849277,3637236.5437903404,3637236.5437903404,3637236.5437903404,0.0,8,-0.03297761367427249,False,False,112,120
2003-03-28 00:00:00+00:00,11431188.44125168,7807270.640849277,3623917.800402403,3623917.800402403,3623917.800402403,0.0,8,-0.034103002719521186,False,False,112,120
2003-03-31 00:00:00+00:00,11379172.682924435,7807270.640849277,3571902.042075157,3571902.042075157,3571902.042075157,0.0,8,-0.0384981594469045,False,False,120,121
2003-04-01 00:00:00+00:00,11388987.772792637,8193107.36592108,3195880.4068715572,3195880.4068715572,3195880.4068715572,0.0,7,-0.037668817346522054,False,False,120,121
2003-04-02 00:00:00+00:00,11391600.589472353,8193107.36592108,3198493.2235512733,3198493.2235512733,3198493.2235512733,0.0,7,-0.03744804312008425,False,False,120,121
2003-04-03 00:00:00+00:00,11406478.250055134,8193107.36592108,3213370.884134054,3213370.884134054,3213370.884134054,0.0,7,-0.03619093081218036,False,False,120,121
2003-04-04 00:00:00+00:00,11432844.86578995,8193107.36592108,3239737.49986887,3239737.49986887,3239737.49986887,0.0,7,-0.033963040414117955,False,False,120,121
2003-04-07 00:00:00+00:00,11520273.387250226,8663651.123560708,2856622.263689518,2856622.263689518,2856622.263689518,0.0,6,-0.02657562424219927,False,False,120,121
2003-04-08 00:00:00+00:00,11545144.023026269,8663651.123560708,2881492.899465561,2881492.899465561,2881492.899465561,0.0,6,-0.02447413912190797,False,False,120,122
2003-04-09 00:00:00+00:00,11550878.649336005,9209769.085011626,2341109.564324379,2341109.564324379,2341109.564324379,0.0,5,-0.02398958247571442,False,False,120,122
2003-04-10 00:00:00+00:00,11535632.519955218,9659985.654819548,1875646.8651356697,1875646.8651356697,1875646.8651356697,0.0,4,-0.025277829158439843,False,False,120,122
2003-04-11 00:00:00+00:00,11480752.931787131,9216235.002361892,2264517.9294252396,2264517.9294252396,2264517.9294252396,0.0,5,-0.02991496988059382,False,False,120,123
2003-04-14 00:00:00+00:00,13724979.138517238,9617558.110418178,4107421.02809906,4107421.02809906,4107421.02809906,0.0,4,0.0,False,False,122,124
2003-04-15 00:00:00+00:00,11486350.098159716,10068830.289825365,1417519.8083343506,1417519.8083343506,1417519.8083343506,0.0,3,-0.16310618892491593,False,False,122,124
2003-04-16 00:00:00+00:00,11494549.241058275,10068830.289825365,1425718.9512329102,1425718.9512329102,1425718.9512329102,0.0,3,-0.1625088005561752,False,False,122,124
2003-04-17 00:00:00+00:00,11489760.522195742,10068830.289825365,1420930.2323703766,1420930.2323703766,1420930.2323703766,0.0,3,-0.16285770592165547,False,False,122,124
2003-04-18 00:00:00+00:00,10992095.564552233,10068830.289825365,923265.2747268677,923265.2747268677,923265.2747268677,0.0,3,-0.19911750293998987,False,False,122,124
2003-04-21 00:00:00+00:00,11495811.144826815,10068830.289825365,1426980.8550014496,1426980.8550014496,1426980.8550014496,0.0,3,-0.1624168584296478,False,False,122,124
2003-04-22 00:00:00+00:00,11486162.671628878,10068830.289825365,1417332.3818035126,1417332.3818035126,1417332.3818035126,0.0,3,-0.16311984479491373,True,False,125,124
2003-04-23 00:00:00+00:00,11474922.318571916,10553357.470856538,921564.8477153778,921564.8477153778,921564.8477153778,0.0,2,-0.16393881529705587,True,False,125,124
2003-04-24 00:00:00+00:00,11459372.615345826,10553357.470856538,906015.1444892883,906015.1444892883,906015.1444892883,0.0,2,-0.1650717644308328,True,False,125,124
2003-04-25 00:00:00+00:00,11459634.153958192,10553357.470856538,906276.683101654,906276.683101654,906276.683101654,0.0,2,-0.16505270876526665,True,False,125,124
2003-04-28 00:00:00+00:00,11443312.021008363,10553357.470856538,889954.550151825,889954.550151825,889954.550151825,0.0,2,-0.16624193701728077,True,False,125,124
2003-04-29 00:00:00+00:00,11443471.258934846,10553357.470856538,890113.7880783081,890113.7880783081,890113.7880783081,0.0,2,-0.16623033496492964,True,False,125,124
2003-04-30 00:00:00+00:00,11461305.520050874,10553357.470856538,907948.0491943359,907948.0491943359,907948.0491943359,0.0,2,-0.16493093327287325,True,False,125,124
2003-05-01 00:00:00+00:00,11451019.221390596,10553357.470856538,897661.7505340576,897661.7505340576,897661.7505340576,0.0,2,-0.16568039150930958,True,False,126,124
2003-05-02 00:00:00+00:00,11447550.340832582,10553357.470856538,894192.8699760437,894192.8699760437,894192.8699760437,0.0,2,-0.16593313364632886,True,False,126,124
2003-05-05 00:00:00+00:00,11494917.845673433,10553357.470856538,941560.3748168945,941560.3748168945,941560.3748168945,0.0,2,-0.16248194407709152,True,False,126,124
2003-05-06 00:00:00+00:00,11486949.152890077,10553357.470856538,933591.6820335388,933591.6820335388,933591.6820335388,0.0,2,-0.16306254188368438,True,False,126,124
2003-05-07 00:00:00+00:00,11497391.786797395,10553357.470856538,944034.3159408569,944034.3159408569,944034.3159408569,0.0,2,-0.16230169308370243,True,False,126,124
2003-05-08 00:00:00+00:00,11495041.04979979,10553357.470856538,941683.5789432526,941683.5789432526,941683.5789432526,0.0,2,-0.1624729674422191,True,False,127,124
2003-05-09 00:00:00+00:00,11500427.741625657,10553357.470856538,947070.2707691193,947070.2707691193,947070.2707691193,0.0,2,-0.16208049385289686,True,False,127,124
2003-05-12 00:00:00+00:00,11508588.72032248,10553357.470856538,955231.2494659424,955231.2494659424,955231.2494659424,0.0,2,-0.16148588612238887,True,False,127,124
2003-05-13 00:00:00+00:00,11541765.263747087,10553357.470856538,988407.7928905487,988407.7928905487,988407.7928905487,0.0,2,-0.15906864795468187,True,False,127,124
2003-05-14 00:00:00+00:00,11573784.680920472,10553357.470856538,1020427.2100639343,1020427.2100639343,1020427.2100639343,0.0,2,-0.15673571783870613,True,False,127,124
2003-05-15 00:00:00+00:00,11562677.81575667,10553357.470856538,1009320.3449001312,1009320.3449001312,1009320.3449001312,0.0,2,-0.15754496243221033,True,False,129,124
2003-05-16 00:00:00+00:00,11559470.473811021,10553357.470856538,1006113.002954483,1006113.002954483,1006113.002954483,0.0,2,-0.1577786489036635,True,False,129,124
2003-05-19 00:00:00+00:00,11552565.848460069,10553357.470856538,999208.3776035309,999208.3776035309,999208.3776035309,0.0,2,-0.15828171891063897,True,False,129,124
2003-05-20 00:00:00+00:00,11556139.932383409,10553357.470856538,1002782.4615268707,1002782.4615268707,1002782.4615268707,0.0,2,-0.1580213116715992,True,False,129,124
2003-05-21 00:00:00+00:00,11600014.713623872,10553357.470856538,1046657.242767334,1046657.242767334,1046657.242767334,0.0,2,-0.15482460144000876,True,False,134,124
2003-05-22 00:00:00+00:00,11605188.096039644,10553357.470856538,1051830.6251831055,1051830.6251831055,1051830.6251831055,0.0,2,-0.154447669543533,True,False,134,124
2003-05-23 00:00:00+00:00,11639161.316714158,10553357.470856538,1085803.8458576202,1085803.8458576202,1085803.8458576202,0.0,2,-0.1519723855863302,True,False,134,124
2003-05-26 00:00:00+00:00,11093641.852372041,10553357.470856538,540284.3815155029,540284.3815155029,540284.3815155029,0.0,2,-0.19171885505900088,True,False,134,124
2003-05-27 00:00:00+00:00,11588138.409193864,10553357.470856538,1034780.938337326,1034780.938337326,1034780.938337326,0.0,2,-0.15568990726744558,True,False,134,124
2003-05-28 00:00:00+00:00,11621570.6443051,10553357.470856538,1068213.1734485626,1068213.1734485626,1068213.1734485626,0.0,2,-0.15325403944033802,True,False,134,124
2003-05-29 00:00:00+00:00,11675728.821526399,10553357.470856538,1122371.3506698608,1122371.3506698608,1122371.3506698608,0.0,2,-0.14930808246111676,True,False,134,125
2003-05-30 00:00:00+00:00,11702247.514881656,11157422.514881656,544825.0,544825.0,544825.0,0.0,1,-0.1473759342889687,True,False,134,125
2003-06-02 00:00:00+00:00,11716369.39451079,11157422.514881656,558946.8796291351,558946.8796291351,558946.8796291351,0.0,1,-0.14634701617648108,True,False,134,125
2003-06-03 00:00:00+00:00,11711836.446520373,11157422.514881656,554413.9316387177,554413.9316387177,554413.9316387177,0.0,1,-0.14667728611311773,True,False,134,125
2003-06-04 00:00:00+00:00,11713144.014881656,11157422.514881656,555721.5,555721.5,555721.5,0.0,1,-0.14658201687095088,True,False,134,125
2003-06-05 00:00:00+00:00,11727527.391556308,11157422.514881656,570104.8766746521,570104.8766746521,570104.8766746521,0.0,1,-0.14553404612145174,True,False,134,125
2003-06-06 00:00:00+00:00,11724912.254833743,11157422.514881656,567489.7399520874,567489.7399520874,567489.7399520874,0.0,1,-0.1457245846057854,True,False,134,125
2003-06-09 00:00:00+00:00,11707826.534187838,11157422.514881656,550404.0193061829,550404.0193061829,550404.0193061829,0.0,1,-0.1469694477471767,True,False,134,125
2003-06-10 00:00:00+00:00,11709221.26823096,11157422.514881656,551798.7533493042,551798.7533493042,551798.7533493042,0.0,1,-0.14686782762600603,True,False,134,125
2003-06-11 00:00:00+00:00,11699022.13525252,11157422.514881656,541599.6203708649,541599.6203708649,541599.6203708649,0.0,1,-0.1476109349834385,True,False,134,125
2003-06-12 00:00:00+00:00,11648200.8848577,11157422.514881656,490778.3699760437,490778.3699760437,490778.3699760437,0.0,1,-0.15131376395548396,True,False,134,125
2003-06-13 00:00:00+00:00,11652123.631508395,11157422.514881656,494701.1166267395,494701.1166267395,494701.1166267395,0.0,1,-0.1510279532004288,True,False,134,125
2003-06-16 00:00:00+00:00,11654825.933912799,11157422.514881656,497403.4190311432,497403.4190311432,497403.4190311432,0.0,1,-0.15083106383709127,True,False,134,125
2003-06-17 00:00:00+00:00,11655348.969570681,11157422.514881656,497926.4546890259,497926.4546890259,497926.4546890259,0.0,1,-0.1507929555345136,True,False,134,125
2003-06-18 00:00:00+00:00,11643929.433912799,11157422.514881656,486506.9190311432,486506.9190311432,486506.9190311432,0.0,1,-0.1516249812551091,True,False,134,125
2003-06-19 00:00:00+00:00,11675311.365551516,11157422.514881656,517888.85066986084,517888.85066986084,517888.85066986084,0.0,1,-0.14933849824322248,True,False,140,125
2003-06-20 00:00:00+00:00,11663455.95991759,11157422.514881656,506033.44503593445,506033.44503593445,506033.44503593445,0.0,1,-0.15020228138739178,True,False,140,125
2003-06-23 00:00:00+00:00,11668511.94356589,11157422.514881656,511089.4286842346,511089.4286842346,511089.4286842346,0.0,1,-0.14983390314817746,True,False,140,125
2003-06-24 00:00:00+00:00,11654041.4012094,11157422.514881656,496618.88632774353,496618.88632774353,496618.88632774353,0.0,1,-0.15088822477668046,True,False,140,125
2003-06-25 00:00:00+00:00,11659271.716221377,11157422.514881656,501849.2013397217,501849.2013397217,501849.2013397217,0.0,1,-0.15050714477945845,True,False,140,125
2003-06-26 00:00:00+00:00,11618649.557238147,11157422.514881656,461227.0423564911,461227.0423564911,461227.0423564911,0.0,1,-0.15346686942262605,True,False,140,125
2003-06-27 00:00:00+00:00,11624838.777884051,11157422.514881656,467416.26300239563,467416.26300239563,467416.26300239563,0.0,1,-0.15301592369925257,True,False,140,125
2003-06-30 00:00:00+00:00,11629110.187262103,11157422.514881656,471687.6723804474,471687.6723804474,471687.6723804474,0.0,1,-0.15270470942818204,True,False,140,125
2003-07-01 00:00:00+00:00,11620916.031233355,11157422.514881656,463493.5163516998,463493.5163516998,463493.5163516998,0.0,1,-0.15330173445430773,True,False,140,125
2003-07-02 00:00:00+00:00,11610629.732573077,11157422.514881656,453207.2176914215,453207.2176914215,453207.2176914215,0.0,1,-0.15405119269074402,True,False,140,125
2003-07-03 00:00:00+00:00,11612983.372250125,11157422.514881656,455560.85736846924,455560.85736846924,455560.85736846924,0.0,1,-0.15387970684342187,True,False,140,125
2003-07-04 00:00:00+00:00,11157422.514881656,11157422.514881656,0.0,0.0,0.0,0.0,1,-0.18707180518985952,True,False,140,125
2003-07-07 00:00:00+00:00,11626495.050539538,11157422.514881656,469072.5356578827,469072.5356578827,469072.5356578827,0.0,1,-0.15289524791251574,True,False,140,125
2003-07-08 00:00:00+00:00,11637130.011927173,11157422.514881656,479707.49704551697,479707.49704551697,479707.49704551697,0.0,1,-0.15212038616006407,True,False,140,125
2003-07-09 00:00:00+00:00,11638611.953218982,11157422.514881656,481189.43833732605,481189.43833732605,481189.43833732605,0.0,1,-0.15201241213133493,True,False,140,125
2003-07-10 00:00:00+00:00,11615772.881903216,11157422.514881656,458350.36702156067,458350.36702156067,458350.36702156067,0.0,1,-0.15367646357252587,True,False,140,125
2003-07-11 00:00:00+00:00,11606706.985922381,11157422.514881656,449284.4710407257,449284.4710407257,449284.4710407257,0.0,1,-0.15433700344579918,True,False,140,125
2003-07-14 00:00:00+00:00,11602174.079498813,11157422.514881656,444751.564617157,444751.564617157,444751.564617157,0.0,1,-0.15466727035388123,True,False,140,125
2003-07-15 00:00:00+00:00,11595025.953218982,11157422.514881656,437603.43833732605,437603.43833732605,437603.43833732605,0.0,1,-0.15518808180340618,True,False,141,125
2003-07-16 00:00:00+00:00,11587529.164211795,11157422.514881656,430106.64933013916,430106.64933013916,430106.64933013916,0.0,1,-0.1557342967689465,True,False,141,125
2003-07-17 00:00:00+00:00,11597641.131508395,11157422.514881656,440218.6166267395,440218.6166267395,440218.6166267395,0.0,1,-0.15499754029051788,True,False,142,125
2003-07-18 00:00:00+00:00,11593282.514881656,11157422.514881656,435860.0,435860.0,435860.0,0.0,1,-0.15531510846914687,True,False,152,125
2003-07-21 00:00:00+00:00,11602609.907908008,11157422.514881656,445187.3930263519,445187.3930263519,445187.3930263519,0.0,1,-0.15463551595886202,True,False,152,125
2003-07-22 00:00:00+00:00,11581775.813541934,11157422.514881656,424353.2986602783,424353.2986602783,424353.2986602783,0.0,1,-0.15615348506874618,True,False,154,125
2003-07-23 00:00:00+00:00,11582473.180563495,11157422.514881656,425050.665681839,425050.665681839,425050.665681839,0.0,1,-0.15610267500816083,True,False,154,125
2003-07-24 00:00:00+00:00,11569833.242226169,11157422.514881656,412410.72734451294,412410.72734451294,412410.72734451294,0.0,1,-0.1570236190919193,True,False,154,125
2003-07-25 00:00:00+00:00,11567653.933912799,11157422.514881656,410231.4190311432,410231.4190311432,410231.4190311432,0.0,1,-0.1571824031812338,True,False,154,125
2003-07-28 00:00:00+00:00,11567130.898254916,11157422.514881656,409708.3833732605,409708.3833732605,409708.3833732605,0.0,1,-0.15722051148381147,True,False,154,125
2003-07-29 00:00:00+00:00,11566520.696915194,11157422.514881656,409098.1820335388,409098.1820335388,409098.1820335388,0.0,1,-0.15726497066539297,True,False,154,125
2003-07-30 00:00:00+00:00,11564341.430168673,11157422.514881656,406918.9152870178,406918.9152870178,406918.9152870178,0.0,1,-0.15742375172615283,True,False,154,125
2003-07-31 00:00:00+00:00,11568700.005228564,11157422.514881656,411277.49034690857,411277.49034690857,411277.49034690857,0.0,1,-0.15710618657607847,True,False,154,125
2003-08-01 00:00:00+00:00,11582298.849199817,11157422.514881656,424876.334318161,424876.334318161,424876.334318161,0.0,1,-0.15611537676616852,True,False,154,125
2003-08-04 00:00:00+00:00,11561028.8848577,11157422.514881656,403606.3699760437,403606.3699760437,403606.3699760437,0.0,1,-0.1576651032996265,True,False,154,125
2003-08-05 00:00:00+00:00,11565125.962872073,11157422.514881656,407703.4479904175,407703.4479904175,407703.4479904175,0.0,1,-0.15736659078656365,True,False,155,125
2003-08-06 00:00:00+00:00,11571053.644905612,11157422.514881656,413631.1300239563,413631.1300239563,413631.1300239563,0.0,1,-0.15693470072875632,True,False,155,125
2003-08-07 00:00:00+00:00,11600430.599594638,11157422.514881656,443008.0847129822,443008.0847129822,443008.0847129822,0.0,1,-0.15479430004817651,True,False,155,125
2003-08-08 00:00:00+00:00,11596507.89451079,11157422.514881656,439085.37962913513,439085.37962913513,439085.37962913513,0.0,1,-0.15508010777467704,True,False,155,125
2003-08-11 00:00:00+00:00,11604527.71917586,11157422.514881656,447105.2042942047,447105.2042942047,447105.2042942047,0.0,1,-0.15449578450655907,True,False,155,125
2003-08-12 00:00:00+00:00,11612198.839546725,11157422.514881656,454776.3246650696,454776.3246650696,454776.3246650696,0.0,1,-0.15393686778301105,True,False,155,125
2003-08-13 00:00:00+00:00,11608886.294235751,11157422.514881656,451463.77935409546,451463.77935409546,451463.77935409546,0.0,1,-0.1541782193564847,True,False,155,125
2003-08-14 00:00:00+00:00,11583780.748924777,11157422.514881656,426358.23404312134,426358.23404312134,426358.23404312134,0.0,1,-0.15600740576599398,True,False,155,125
2003-08-15 00:00:00+00:00,11580032.375204608,11157422.514881656,422609.86032295227,422609.86032295227,422609.86032295227,0.0,1,-0.15628051173448684,True,False,155,125
2003-08-18 00:00:00+00:00,11583083.381903216,11157422.514881656,425660.86702156067,425660.86702156067,425660.86702156067,0.0,1,-0.15605821582657933,True,False,165,125
2003-08-19 00:00:00+00:00,11588914.291706935,11588914.291706935,0.0,0.0,0.0,0.0,0,-0.15563337657947587,True,False,165,125
2003-08-20 00:00:00+00:00,11588914.291706935,11588914.291706935,0.0,0.0,0.0,0.0,0,-0.15563337657947587,True,False,165,125
2003-08-21 00:00:00+00:00,11588914.291706935,11588914.291706935,0.0,0.0,0.0,0.0,0,-0.15563337657947587,True,False,165,125
2003-08-22 00:00:00+00:00,11588914.291706935,11588914.291706935,0.0,0.0,0.0,0.0,0,-0.15563337657947587,True,False,165,125
2003-08-25 00:00:00+00:00,11588914.291706935,11588914.291706935,0.0,0.0,0.0,0.0,0,-0.15563337657947587,True,False,165,125
2003-08-26 00:00:00+00:00,11588914.291706935,11588914.291706935,0.0,0.0,0.0,0.0,0,-0.15563337657947587,True,False,165,125
2003-08-27 00:00:00+00:00,11588914.291706935,11588914.291706935,0.0,0.0,0.0,0.0,0,-0.15563337657947587,True,False,165,125
2003-08-28 00:00:00+00:00,11588914.291706935,11588914.291706935,0.0,0.0,0.0,0.0,0,-0.15563337657947587,True,False,165,125
2003-08-29 00:00:00+00:00,11588914.291706935,11588914.291706935,0.0,0.0,0.0,0.0,0,-0.15563337657947587,True,False,165,125
2003-09-01 00:00:00+00:00,11588914.291706935,11588914.291706935,0.0,0.0,0.0,0.0,0,-0.15563337657947587,True,False,165,125
2003-09-02 00:00:00+00:00,11588914.291706935,11588914.291706935,0.0,0.0,0.0,0.0,0,-0.15563337657947587,True,False,165,125
2003-09-03 00:00:00+00:00,11588914.291706935,11588914.291706935,0.0,0.0,0.0,0.0,0,-0.15563337657947587,True,False,165,125
2003-09-04 00:00:00+00:00,11588914.291706935,11588914.291706935,0.0,0.0,0.0,0.0,0,-0.15563337657947587,True,False,166,125
2003-09-05 00:00:00+00:00,11588914.291706935,11588914.291706935,0.0,0.0,0.0,0.0,0,-0.15563337657947587,True,False,166,125
2003-09-08 00:00:00+00:00,11588914.291706935,11588914.291706935,0.0,0.0,0.0,0.0,0,-0.15563337657947587,True,False,166,125
2003-09-09 00:00:00+00:00,11588914.291706935,11588914.291706935,0.0,0.0,0.0,0.0,0,-0.15563337657947587,True,False,166,125
2003-09-10 00:00:00+00:00,11588914.291706935,11588914.291706935,0.0,0.0,0.0,0.0,0,-0.15563337657947587,True,False,166,125
2003-09-11 00:00:00+00:00,11588914.291706935,11588914.291706935,0.0,0.0,0.0,0.0,0,-0.15563337657947587,True,False,166,125
2003-09-12 00:00:00+00:00,11588914.291706935,11588914.291706935,0.0,0.0,0.0,0.0,0,-0.15563337657947587,True,False,166,125
2003-09-15 00:00:00+00:00,11588914.291706935,11588914.291706935,0.0,0.0,0.0,0.0,0,-0.15563337657947587,True,False,168,125
2003-09-16 00:00:00+00:00,11588914.291706935,11588914.291706935,0.0,0.0,0.0,0.0,0,-0.15563337657947587,True,False,179,125
2003-09-17 00:00:00+00:00,11588914.291706935,11588914.291706935,0.0,0.0,0.0,0.0,0,-0.15563337657947587,True,False,179,125
2003-09-18 00:00:00+00:00,11588914.291706935,11588914.291706935,0.0,0.0,0.0,0.0,0,-0.15563337657947587,True,False,180,125
2003-09-19 00:00:00+00:00,11588914.291706935,11588914.291706935,0.0,0.0,0.0,0.0,0,-0.15563337657947587,True,False,180,125
2003-09-22 00:00:00+00:00,11588914.291706935,11588914.291706935,0.0,0.0,0.0,0.0,0,-0.15563337657947587,True,False,180,125
2003-09-23 00:00:00+00:00,11588914.291706935,11588914.291706935,0.0,0.0,0.0,0.0,0,-0.15563337657947587,True,False,180,125
2003-09-24 00:00:00+00:00,11588914.291706935,11588914.291706935,0.0,0.0,0.0,0.0,0,-0.15563337657947587,True,False,180,125
2003-09-25 00:00:00+00:00,11588914.291706935,11588914.291706935,0.0,0.0,0.0,0.0,0,-0.15563337657947587,True,False,180,125
2003-09-26 00:00:00+00:00,11588914.291706935,11588914.291706935,0.0,0.0,0.0,0.0,0,-0.15563337657947587,True,False,180,125
2003-09-29 00:00:00+00:00,11588914.291706935,11588914.291706935,0.0,0.0,0.0,0.0,0,-0.15563337657947587,True,False,180,125
2003-09-30 00:00:00+00:00,11588914.291706935,11588914.291706935,0.0,0.0,0.0,0.0,0,-0.15563337657947587,True,False,180,125
2003-10-01 00:00:00+00:00,11588914.291706935,11588914.291706935,0.0,0.0,0.0,0.0,0,-0.15563337657947587,True,False,180,125
2003-10-02 00:00:00+00:00,11588914.291706935,11588914.291706935,0.0,0.0,0.0,0.0,0,-0.15563337657947587,True,False,180,125
2003-10-03 00:00:00+00:00,11588914.291706935,11588914.291706935,0.0,0.0,0.0,0.0,0,-0.15563337657947587,True,False,180,125
2003-10-06 00:00:00+00:00,11588914.291706935,11588914.291706935,0.0,0.0,0.0,0.0,0,-0.15563337657947587,True,False,180,125
2003-10-07 00:00:00+00:00,11588914.291706935,11588914.291706935,0.0,0.0,0.0,0.0,0,-0.15563337657947587,True,False,180,125
2003-10-08 00:00:00+00:00,11588914.291706935,11588914.291706935,0.0,0.0,0.0,0.0,0,-0.15563337657947587,True,False,180,125
2003-10-09 00:00:00+00:00,11588914.291706935,11588914.291706935,0.0,0.0,0.0,0.0,0,-0.15563337657947587,True,False,180,125
2003-10-10 00:00:00+00:00,11588914.291706935,11588914.291706935,0.0,0.0,0.0,0.0,0,-0.15563337657947587,True,False,181,125
2003-10-13 00:00:00+00:00,11588914.291706935,11588914.291706935,0.0,0.0,0.0,0.0,0,-0.15563337657947587,True,False,181,125
2003-10-14 00:00:00+00:00,11588914.291706935,11588914.291706935,0.0,0.0,0.0,0.0,0,-0.15563337657947587,True,False,181,125
2003-10-15 00:00:00+00:00,11588914.291706935,11588914.291706935,0.0,0.0,0.0,0.0,0,-0.15563337657947587,True,False,192,125
2003-10-16 00:00:00+00:00,11588914.291706935,11588914.291706935,0.0,0.0,0.0,0.0,0,-0.15563337657947587,True,False,192,125
2003-10-17 00:00:00+00:00,11588914.291706935,11588914.291706935,0.0,0.0,0.0,0.0,0,-0.15563337657947587,True,False,192,125
2003-10-20 00:00:00+00:00,11588914.291706935,11588914.291706935,0.0,0.0,0.0,0.0,0,-0.15563337657947587,True,False,192,125
2003-10-21 00:00:00+00:00,11588914.291706935,11588914.291706935,0.0,0.0,0.0,0.0,0,-0.15563337657947587,True,False,192,125
2003-10-22 00:00:00+00:00,11588914.291706935,11588914.291706935,0.0,0.0,0.0,0.0,0,-0.15563337657947587,True,False,192,125
2003-10-23 00:00:00+00:00,11588914.291706935,11588914.291706935,0.0,0.0,0.0,0.0,0,-0.15563337657947587,True,False,193,125
2003-10-24 00:00:00+00:00,11588914.291706935,11588914.291706935,0.0,0.0,0.0,0.0,0,-0.15563337657947587,True,False,193,125
2003-10-27 00:00:00+00:00,11588914.291706935,11588914.291706935,0.0,0.0,0.0,0.0,0,-0.15563337657947587,True,False,193,125
2003-10-28 00:00:00+00:00,11588914.291706935,11588914.291706935,0.0,0.0,0.0,0.0,0,-0.15563337657947587,True,False,193,125
2003-10-29 00:00:00+00:00,11588914.291706935,11588914.291706935,0.0,0.0,0.0,0.0,0,-0.15563337657947587,True,False,193,125
2003-10-30 00:00:00+00:00,11588914.291706935,11588914.291706935,0.0,0.0,0.0,0.0,0,-0.15563337657947587,True,False,193,125
2003-10-31 00:00:00+00:00,11588914.291706935,11588914.291706935,0.0,0.0,0.0,0.0,0,-0.15563337657947587,True,False,193,125
2003-11-03 00:00:00+00:00,11588914.291706935,11588914.291706935,0.0,0.0,0.0,0.0,0,-0.15563337657947587,True,False,193,125
2003-11-04 00:00:00+00:00,11588914.291706935,11588914.291706935,0.0,0.0,0.0,0.0,0,-0.15563337657947587,True,False,193,125
2003-11-05 00:00:00+00:00,11588914.291706935,11588914.291706935,0.0,0.0,0.0,0.0,0,-0.15563337657947587,True,False,193,125
2003-11-06 00:00:00+00:00,11588914.291706935,11588914.291706935,0.0,0.0,0.0,0.0,0,-0.15563337657947587,True,False,193,125
2003-11-07 00:00:00+00:00,11588914.291706935,11588914.291706935,0.0,0.0,0.0,0.0,0,-0.15563337657947587,True,False,193,125
2003-11-10 00:00:00+00:00,11588914.291706935,11588914.291706935,0.0,0.0,0.0,0.0,0,-0.15563337657947587,True,False,193,125
2003-11-11 00:00:00+00:00,11588914.291706935,11588914.291706935,0.0,0.0,0.0,0.0,0,-0.15563337657947587,True,False,193,125
2003-11-12 00:00:00+00:00,11588914.291706935,11588914.291706935,0.0,0.0,0.0,0.0,0,-0.15563337657947587,True,False,193,125
2003-11-13 00:00:00+00:00,11588914.291706935,11588914.291706935,0.0,0.0,0.0,0.0,0,-0.15563337657947587,True,False,204,125
2003-11-14 00:00:00+00:00,11588914.291706935,11588914.291706935,0.0,0.0,0.0,0.0,0,-0.15563337657947587,True,False,204,125
2003-11-17 00:00:00+00:00,11588914.291706935,11588914.291706935,0.0,0.0,0.0,0.0,0,-0.15563337657947587,True,False,205,125
2003-11-18 00:00:00+00:00,11588914.291706935,11588914.291706935,0.0,0.0,0.0,0.0,0,-0.15563337657947587,True,False,206,125
2003-11-19 00:00:00+00:00,11588914.291706935,11588914.291706935,0.0,0.0,0.0,0.0,0,-0.15563337657947587,True,False,206,125
2003-11-20 00:00:00+00:00,11588914.291706935,11588914.291706935,0.0,0.0,0.0,0.0,0,-0.15563337657947587,True,False,207,125
2003-11-21 00:00:00+00:00,11588914.291706935,11588914.291706935,0.0,0.0,0.0,0.0,0,-0.15563337657947587,True,False,207,125
2003-11-24 00:00:00+00:00,11588914.291706935,11588914.291706935,0.0,0.0,0.0,0.0,0,-0.15563337657947587,True,False,207,125
2003-11-25 00:00:00+00:00,11588914.291706935,11588914.291706935,0.0,0.0,0.0,0.0,0,-0.15563337657947587,True,False,207,125
2003-11-26 00:00:00+00:00,11588914.291706935,11588914.291706935,0.0,0.0,0.0,0.0,0,-0.15563337657947587,True,False,207,125
2003-11-27 00:00:00+00:00,11588914.291706935,11588914.291706935,0.0,0.0,0.0,0.0,0,-0.15563337657947587,True,False,207,125
2003-11-28 00:00:00+00:00,11588914.291706935,11588914.291706935,0.0,0.0,0.0,0.0,0,-0.15563337657947587,True,False,207,125
2003-12-01 00:00:00+00:00,11588914.291706935,11588914.291706935,0.0,0.0,0.0,0.0,0,-0.15563337657947587,True,False,207,125
2003-12-02 00:00:00+00:00,11588914.291706935,11588914.291706935,0.0,0.0,0.0,0.0,0,-0.15563337657947587,True,False,207,125
2003-12-03 00:00:00+00:00,11588914.291706935,11588914.291706935,0.0,0.0,0.0,0.0,0,-0.15563337657947587,True,False,207,125
2003-12-04 00:00:00+00:00,11588914.291706935,11588914.291706935,0.0,0.0,0.0,0.0,0,-0.15563337657947587,True,False,207,125
2003-12-05 00:00:00+00:00,11588914.291706935,11588914.291706935,0.0,0.0,0.0,0.0,0,-0.15563337657947587,True,False,207,125
2003-12-08 00:00:00+00:00,11588914.291706935,11588914.291706935,0.0,0.0,0.0,0.0,0,-0.15563337657947587,True,False,207,125
2003-12-09 00:00:00+00:00,11588914.291706935,11588914.291706935,0.0,0.0,0.0,0.0,0,-0.15563337657947587,True,False,207,125
2003-12-10 00:00:00+00:00,11588914.291706935,11588914.291706935,0.0,0.0,0.0,0.0,0,-0.15563337657947587,True,False,207,125
2003-12-11 00:00:00+00:00,11588914.291706935,11588914.291706935,0.0,0.0,0.0,0.0,0,-0.15563337657947587,True,False,207,125
2003-12-12 00:00:00+00:00,11588914.291706935,11588914.291706935,0.0,0.0,0.0,0.0,0,-0.15563337657947587,True,False,217,125
2003-12-15 00:00:00+00:00,11588914.291706935,11588914.291706935,0.0,0.0,0.0,0.0,0,-0.15563337657947587,True,False,217,125
2003-12-16 00:00:00+00:00,11588914.291706935,11588914.291706935,0.0,0.0,0.0,0.0,0,-0.15563337657947587,True,False,217,125
2003-12-17 00:00:00+00:00,11588914.291706935,11588914.291706935,0.0,0.0,0.0,0.0,0,-0.15563337657947587,True,False,217,125
2003-12-18 00:00:00+00:00,11588914.291706935,11588914.291706935,0.0,0.0,0.0,0.0,0,-0.15563337657947587,True,False,217,125
2003-12-19 00:00:00+00:00,11588914.291706935,11588914.291706935,0.0,0.0,0.0,0.0,0,-0.15563337657947587,True,False,217,125
2003-12-22 00:00:00+00:00,11588914.291706935,11588914.291706935,0.0,0.0,0.0,0.0,0,-0.15563337657947587,True,False,217,125
2003-12-23 00:00:00+00:00,11588914.291706935,11588914.291706935,0.0,0.0,0.0,0.0,0,-0.15563337657947587,True,False,217,125
2003-12-24 00:00:00+00:00,11588914.291706935,11588914.291706935,0.0,0.0,0.0,0.0,0,-0.15563337657947587,True,False,217,125
2003-12-25 00:00:00+00:00,11588914.291706935,11588914.291706935,0.0,0.0,0.0,0.0,0,-0.15563337657947587,True,False,217,125
2003-12-26 00:00:00+00:00,11588914.291706935,11588914.291706935,0.0,0.0,0.0,0.0,0,-0.15563337657947587,True,False,217,125
2003-12-29 00:00:00+00:00,11588914.291706935,11588914.291706935,0.0,0.0,0.0,0.0,0,-0.15563337657947587,True,False,217,125
2003-12-30 00:00:00+00:00,11588914.291706935,11588914.291706935,0.0,0.0,0.0,0.0,0,-0.15563337657947587,True,False,217,125
2003-12-31 00:00:00+00:00,11588914.291706935,11588914.291706935,0.0,0.0,0.0,0.0,0,-0.15563337657947587,True,False,217,125
2004-01-01 00:00:00+00:00,11588914.291706935,11588914.291706935,0.0,0.0,0.0,0.0,0,-0.15563337657947587,True,False,217,125
2004-01-02 00:00:00+00:00,11588914.291706935,11588914.291706935,0.0,0.0,0.0,0.0,0,-0.15563337657947587,True,False,217,125
2004-01-05 00:00:00+00:00,11588914.291706935,11588914.291706935,0.0,0.0,0.0,0.0,0,-0.15563337657947587,True,False,217,125
2004-01-06 00:00:00+00:00,11588914.291706935,11588914.291706935,0.0,0.0,0.0,0.0,0,-0.15563337657947587,True,False,217,125
2004-01-07 00:00:00+00:00,11588914.291706935,11588914.291706935,0.0,0.0,0.0,0.0,0,-0.15563337657947587,True,False,217,125
2004-01-08 00:00:00+00:00,11588914.291706935,11588914.291706935,0.0,0.0,0.0,0.0,0,-0.15563337657947587,True,False,217,125
2004-01-09 00:00:00+00:00,11588914.291706935,11588914.291706935,0.0,0.0,0.0,0.0,0,-0.15563337657947587,True,False,217,125
2004-01-12 00:00:00+00:00,11588914.291706935,11588914.291706935,0.0,0.0,0.0,0.0,0,-0.15563337657947587,True,False,228,125
2004-01-13 00:00:00+00:00,11588914.291706935,11588914.291706935,0.0,0.0,0.0,0.0,0,-0.15563337657947587,True,False,228,125
2004-01-14 00:00:00+00:00,11588914.291706935,11588914.291706935,0.0,0.0,0.0,0.0,0,-0.15563337657947587,True,False,228,125
2004-01-15 00:00:00+00:00,11588914.291706935,11588914.291706935,0.0,0.0,0.0,0.0,0,-0.15563337657947587,True,False,228,125
2004-01-16 00:00:00+00:00,11588914.291706935,11588914.291706935,0.0,0.0,0.0,0.0,0,-0.15563337657947587,True,False,229,125
2004-01-19 00:00:00+00:00,11588914.291706935,11588914.291706935,0.0,0.0,0.0,0.0,0,-0.15563337657947587,True,False,229,125
2004-01-20 00:00:00+00:00,11588914.291706935,11588914.291706935,0.0,0.0,0.0,0.0,0,-0.15563337657947587,True,False,229,125
2004-01-21 00:00:00+00:00,11588914.291706935,11588914.291706935,0.0,0.0,0.0,0.0,0,-0.15563337657947587,True,False,230,125
2004-01-22 00:00:00+00:00,11588914.291706935,11588914.291706935,0.0,0.0,0.0,0.0,0,-0.15563337657947587,True,False,231,125
2004-01-23 00:00:00+00:00,11588914.291706935,11588914.291706935,0.0,0.0,0.0,0.0,0,-0.15563337657947587,True,False,231,125
2004-01-26 00:00:00+00:00,11588914.291706935,11588914.291706935,0.0,0.0,0.0,0.0,0,-0.15563337657947587,True,False,231,125
2004-01-27 00:00:00+00:00,11588914.291706935,11588914.291706935,0.0,0.0,0.0,0.0,0,-0.15563337657947587,True,False,231,125
2004-01-28 00:00:00+00:00,11588914.291706935,11588914.291706935,0.0,0.0,0.0,0.0,0,-0.15563337657947587,True,False,231,125
2004-01-29 00:00:00+00:00,11588914.291706935,11588914.291706935,0.0,0.0,0.0,0.0,0,-0.15563337657947587,True,False,231,125
2004-01-30 00:00:00+00:00,11588914.291706935,11588914.291706935,0.0,0.0,0.0,0.0,0,-0.15563337657947587,True,False,231,125
2004-02-02 00:00:00+00:00,11588914.291706935,11588914.291706935,0.0,0.0,0.0,0.0,0,-0.15563337657947587,True,False,231,125
2004-02-03 00:00:00+00:00,11588914.291706935,11588914.291706935,0.0,0.0,0.0,0.0,0,-0.15563337657947587,True,False,235,125
2004-02-04 00:00:00+00:00,11588914.291706935,11588914.291706935,0.0,0.0,0.0,0.0,0,-0.15563337657947587,True,False,236,125
2004-02-05 00:00:00+00:00,11588914.291706935,11588914.291706935,0.0,0.0,0.0,0.0,0,-0.15563337657947587,True,False,236,125
2004-02-06 00:00:00+00:00,11588914.291706935,11588914.291706935,0.0,0.0,0.0,0.0,0,-0.15563337657947587,True,False,236,125
2004-02-09 00:00:00+00:00,11588914.291706935,11588914.291706935,0.0,0.0,0.0,0.0,0,-0.15563337657947587,True,False,236,125
2004-02-10 00:00:00+00:00,11588914.291706935,11588914.291706935,0.0,0.0,0.0,0.0,0,-0.15563337657947587,True,False,247,125
2004-02-11 00:00:00+00:00,11588914.291706935,11588914.291706935,0.0,0.0,0.0,0.0,0,-0.15563337657947587,True,False,247,125
2004-02-12 00:00:00+00:00,11588914.291706935,11588914.291706935,0.0,0.0,0.0,0.0,0,-0.15563337657947587,True,False,247,125
2004-02-13 00:00:00+00:00,11588914.291706935,11588914.291706935,0.0,0.0,0.0,0.0,0,-0.15563337657947587,True,False,247,125
2004-02-16 00:00:00+00:00,11588914.291706935,11588914.291706935,0.0,0.0,0.0,0.0,0,-0.15563337657947587,True,False,247,125
2004-02-17 00:00:00+00:00,11588914.291706935,11588914.291706935,0.0,0.0,0.0,0.0,0,-0.15563337657947587,True,False,247,125
2004-02-18 00:00:00+00:00,11588914.291706935,11588914.291706935,0.0,0.0,0.0,0.0,0,-0.15563337657947587,True,False,247,125
2004-02-19 00:00:00+00:00,11588914.291706935,11588914.291706935,0.0,0.0,0.0,0.0,0,-0.15563337657947587,True,False,247,125
2004-02-20 00:00:00+00:00,11588914.291706935,11588914.291706935,0.0,0.0,0.0,0.0,0,-0.15563337657947587,True,False,249,125
2004-02-23 00:00:00+00:00,11588914.291706935,11588914.291706935,0.0,0.0,0.0,0.0,0,-0.15563337657947587,True,False,250,125
2004-02-24 00:00:00+00:00,11588914.291706935,11588914.291706935,0.0,0.0,0.0,0.0,0,-0.15563337657947587,True,False,250,125
2004-02-25 00:00:00+00:00,11588914.291706935,11588914.291706935,0.0,0.0,0.0,0.0,0,-0.15563337657947587,True,False,253,125
2004-02-26 00:00:00+00:00,11588914.291706935,11588914.291706935,0.0,0.0,0.0,0.0,0,-0.15563337657947587,True,False,254,125
2004-02-27 00:00:00+00:00,11588914.291706935,11588914.291706935,0.0,0.0,0.0,0.0,0,-0.15563337657947587,True,False,254,125
2004-03-01 00:00:00+00:00,11588914.291706935,11588914.291706935,0.0,0.0,0.0,0.0,0,-0.15563337657947587,True,False,255,125
2004-03-02 00:00:00+00:00,11588914.291706935,11588914.291706935,0.0,0.0,0.0,0.0,0,-0.15563337657947587,True,False,255,125
2004-03-03 00:00:00+00:00,11588914.291706935,11588914.291706935,0.0,0.0,0.0,0.0,0,-0.15563337657947587,True,False,255,125
2004-03-04 00:00:00+00:00,11588914.291706935,11588914.291706935,0.0,0.0,0.0,0.0,0,-0.15563337657947587,True,False,256,125
2004-03-05 00:00:00+00:00,11588914.291706935,11588914.291706935,0.0,0.0,0.0,0.0,0,-0.15563337657947587,True,False,256,125
2004-03-08 00:00:00+00:00,11588914.291706935,11588914.291706935,0.0,0.0,0.0,0.0,0,-0.15563337657947587,True,False,256,125
2004-03-09 00:00:00+00:00,11588914.291706935,11588914.291706935,0.0,0.0,0.0,0.0,0,-0.15563337657947587,True,False,256,125
2004-03-10 00:00:00+00:00,11588914.291706935,11588914.291706935,0.0,0.0,0.0,0.0,0,-0.15563337657947587,True,False,268,125
2004-03-11 00:00:00+00:00,11588914.291706935,11588914.291706935,0.0,0.0,0.0,0.0,0,-0.15563337657947587,True,False,268,125
2004-03-12 00:00:00+00:00,11588914.291706935,11588914.291706935,0.0,0.0,0.0,0.0,0,-0.15563337657947587,True,False,268,125
2004-03-15 00:00:00+00:00,11588914.291706935,11588914.291706935,0.0,0.0,0.0,0.0,0,-0.15563337657947587,True,False,272,125
2004-03-16 00:00:00+00:00,11588914.291706935,11588914.291706935,0.0,0.0,0.0,0.0,0,-0.15563337657947587,True,False,278,125
2004-03-17 00:00:00+00:00,11588914.291706935,11588914.291706935,0.0,0.0,0.0,0.0,0,-0.15563337657947587,True,False,280,125
2004-03-18 00:00:00+00:00,11588914.291706935,11588914.291706935,0.0,0.0,0.0,0.0,0,-0.15563337657947587,True,False,282,125
2004-03-19 00:00:00+00:00,11588914.291706935,11588914.291706935,0.0,0.0,0.0,0.0,0,-0.15563337657947587,True,False,283,125
2004-03-22 00:00:00+00:00,11588914.291706935,11588914.291706935,0.0,0.0,0.0,0.0,0,-0.15563337657947587,True,False,290,125
2004-03-23 00:00:00+00:00,11588914.291706935,11588914.291706935,0.0,0.0,0.0,0.0,0,-0.15563337657947587,True,False,290,125
2004-03-24 00:00:00+00:00,11588914.291706935,11588914.291706935,0.0,0.0,0.0,0.0,0,-0.15563337657947587,True,False,290,125
2004-03-25 00:00:00+00:00,11588914.291706935,11588914.291706935,0.0,0.0,0.0,0.0,0,-0.15563337657947587,True,False,290,125
2004-03-26 00:00:00+00:00,11588914.291706935,11588914.291706935,0.0,0.0,0.0,0.0,0,-0.15563337657947587,True,False,290,125
2004-03-29 00:00:00+00:00,11588914.291706935,11588914.291706935,0.0,0.0,0.0,0.0,0,-0.15563337657947587,True,False,290,125
2004-03-30 00:00:00+00:00,11588914.291706935,11588914.291706935,0.0,0.0,0.0,0.0,0,-0.15563337657947587,True,False,290,125
2004-03-31 00:00:00+00:00,11588914.291706935,11588914.291706935,0.0,0.0,0.0,0.0,0,-0.15563337657947587,True,False,290,125
2004-04-01 00:00:00+00:00,11588914.291706935,11588914.291706935,0.0,0.0,0.0,0.0,0,-0.15563337657947587,True,False,290,125
2004-04-02 00:00:00+00:00,11588914.291706935,11588914.291706935,0.0,0.0,0.0,0.0,0,-0.15563337657947587,True,False,290,125
2004-04-05 00:00:00+00:00,11588914.291706935,11588914.291706935,0.0,0.0,0.0,0.0,0,-0.15563337657947587,True,False,290,125
2004-04-06 00:00:00+00:00,11588914.291706935,11588914.291706935,0.0,0.0,0.0,0.0,0,-0.15563337657947587,True,False,290,125
2004-04-07 00:00:00+00:00,11588914.291706935,11588914.291706935,0.0,0.0,0.0,0.0,0,-0.15563337657947587,True,False,290,125
2004-04-08 00:00:00+00:00,11588914.291706935,11588914.291706935,0.0,0.0,0.0,0.0,0,-0.15563337657947587,True,False,302,125
2004-04-09 00:00:00+00:00,11588914.291706935,11588914.291706935,0.0,0.0,0.0,0.0,0,-0.15563337657947587,True,False,302,125
2004-04-12 00:00:00+00:00,11588914.291706935,11588914.291706935,0.0,0.0,0.0,0.0,0,-0.15563337657947587,True,False,302,125
2004-04-13 00:00:00+00:00,11588914.291706935,11588914.291706935,0.0,0.0,0.0,0.0,0,-0.15563337657947587,True,False,302,125
2004-04-14 00:00:00+00:00,11588914.291706935,11588914.291706935,0.0,0.0,0.0,0.0,0,-0.15563337657947587,True,False,302,125
2004-04-15 00:00:00+00:00,11588914.291706935,11588914.291706935,0.0,0.0,0.0,0.0,0,-0.15563337657947587,True,False,303,125
2004-04-16 00:00:00+00:00,11588914.291706935,11588914.291706935,0.0,0.0,0.0,0.0,0,-0.15563337657947587,True,False,303,125
2004-04-19 00:00:00+00:00,11588914.291706935,11588914.291706935,0.0,0.0,0.0,0.0,0,-0.15563337657947587,True,False,303,125
2004-04-20 00:00:00+00:00,11588914.291706935,11588914.291706935,0.0,0.0,0.0,0.0,0,-0.15563337657947587,True,False,303,125
2004-04-21 00:00:00+00:00,11588914.291706935,11588914.291706935,0.0,0.0,0.0,0.0,0,-0.15563337657947587,True,False,304,125
2004-04-22 00:00:00+00:00,11588914.291706935,11588914.291706935,0.0,0.0,0.0,0.0,0,-0.15563337657947587,True,False,304,125
2004-04-23 00:00:00+00:00,11588914.291706935,11588914.291706935,0.0,0.0,0.0,0.0,0,-0.15563337657947587,True,False,304,125
2004-04-26 00:00:00+00:00,11588914.291706935,11588914.291706935,0.0,0.0,0.0,0.0,0,-0.15563337657947587,True,False,305,125
2004-04-27 00:00:00+00:00,11588914.291706935,11588914.291706935,0.0,0.0,0.0,0.0,0,-0.15563337657947587,True,False,305,125
2004-04-28 00:00:00+00:00,11588914.291706935,11588914.291706935,0.0,0.0,0.0,0.0,0,-0.15563337657947587,True,False,306,125
2004-04-29 00:00:00+00:00,11588914.291706935,11588914.291706935,0.0,0.0,0.0,0.0,0,-0.15563337657947587,True,False,307,125
2004-04-30 00:00:00+00:00,11588914.291706935,11588914.291706935,0.0,0.0,0.0,0.0,0,-0.15563337657947587,True,False,307,125
2004-05-03 00:00:00+00:00,11588914.291706935,11588914.291706935,0.0,0.0,0.0,0.0,0,-0.15563337657947587,True,False,308,125
2004-05-04 00:00:00+00:00,11588914.291706935,11588914.291706935,0.0,0.0,0.0,0.0,0,-0.15563337657947587,True,False,308,125
2004-05-05 00:00:00+00:00,11588914.291706935,11588914.291706935,0.0,0.0,0.0,0.0,0,-0.15563337657947587,True,False,308,125
2004-05-06 00:00:00+00:00,11588914.291706935,11588914.291706935,0.0,0.0,0.0,0.0,0,-0.15563337657947587,True,False,308,125
2004-05-07 00:00:00+00:00,11588914.291706935,11588914.291706935,0.0,0.0,0.0,0.0,0,-0.15563337657947587,True,False,320,125
2004-05-10 00:00:00+00:00,11588914.291706935,11588914.291706935,0.0,0.0,0.0,0.0,0,-0.15563337657947587,True,False,320,125
2004-05-11 00:00:00+00:00,11588914.291706935,11588914.291706935,0.0,0.0,0.0,0.0,0,-0.15563337657947587,True,False,325,125
2004-05-12 00:00:00+00:00,11588914.291706935,11588914.291706935,0.0,0.0,0.0,0.0,0,-0.15563337657947587,True,False,325,125
2004-05-13 00:00:00+00:00,11588914.291706935,11588914.291706935,0.0,0.0,0.0,0.0,0,-0.15563337657947587,True,False,327,125
2004-05-14 00:00:00+00:00,11588914.291706935,11588914.291706935,0.0,0.0,0.0,0.0,0,-0.15563337657947587,True,False,334,125
2004-05-17 00:00:00+00:00,11588914.291706935,11588914.291706935,0.0,0.0,0.0,0.0,0,-0.15563337657947587,True,False,349,125
2004-05-18 00:00:00+00:00,11588914.291706935,11588914.291706935,0.0,0.0,0.0,0.0,0,-0.15563337657947587,True,False,349,125
2004-05-19 00:00:00+00:00,11588914.291706935,11588914.291706935,0.0,0.0,0.0,0.0,0,-0.15563337657947587,True,False,349,125
2004-05-20 00:00:00+00:00,11588914.291706935,11588914.291706935,0.0,0.0,0.0,0.0,0,-0.15563337657947587,True,False,349,125
2004-05-21 00:00:00+00:00,11588914.291706935,11588914.291706935,0.0,0.0,0.0,0.0,0,-0.15563337657947587,True,False,349,125
2004-05-24 00:00:00+00:00,11588914.291706935,11588914.291706935,0.0,0.0,0.0,0.0,0,-0.15563337657947587,True,False,349,125
2004-05-25 00:00:00+00:00,11588914.291706935,11588914.291706935,0.0,0.0,0.0,0.0,0,-0.15563337657947587,True,False,349,125
2004-05-26 00:00:00+00:00,11588914.291706935,11588914.291706935,0.0,0.0,0.0,0.0,0,-0.15563337657947587,True,False,349,125
2004-05-27 00:00:00+00:00,11588914.291706935,11588914.291706935,0.0,0.0,0.0,0.0,0,-0.15563337657947587,True,False,349,125
2004-05-28 00:00:00+00:00,11588914.291706935,11588914.291706935,0.0,0.0,0.0,0.0,0,-0.15563337657947587,True,False,349,125
2004-05-31 00:00:00+00:00,11588914.291706935,11588914.291706935,0.0,0.0,0.0,0.0,0,-0.15563337657947587,True,False,349,125
2004-06-01 00:00:00+00:00,11588914.291706935,11588914.291706935,0.0,0.0,0.0,0.0,0,-0.15563337657947587,True,False,349,125
2004-06-02 00:00:00+00:00,11588914.291706935,11588914.291706935,0.0,0.0,0.0,0.0,0,-0.15563337657947587,True,False,349,125
2004-06-03 00:00:00+00:00,11588914.291706935,11588914.291706935,0.0,0.0,0.0,0.0,0,-0.15563337657947587,True,False,349,125
2004-06-04 00:00:00+00:00,11588914.291706935,11588914.291706935,0.0,0.0,0.0,0.0,0,-0.15563337657947587,True,False,349,125
2004-06-07 00:00:00+00:00,11588914.291706935,11588914.291706935,0.0,0.0,0.0,0.0,0,-0.15563337657947587,True,False,361,125
2004-06-08 00:00:00+00:00,11588914.291706935,11588914.291706935,0.0,0.0,0.0,0.0,0,-0.15563337657947587,True,False,361,125
2004-06-09 00:00:00+00:00,11588914.291706935,11588914.291706935,0.0,0.0,0.0,0.0,0,-0.15563337657947587,True,False,361,125
2004-06-10 00:00:00+00:00,11588914.291706935,11588914.291706935,0.0,0.0,0.0,0.0,0,-0.15563337657947587,True,False,361,125
2004-06-11 00:00:00+00:00,11588914.291706935,11588914.291706935,0.0,0.0,0.0,0.0,0,-0.15563337657947587,True,False,361,125
2004-06-14 00:00:00+00:00,11588914.291706935,11588914.291706935,0.0,0.0,0.0,0.0,0,-0.15563337657947587,True,False,361,125
2004-06-15 00:00:00+00:00,11588914.291706935,11588914.291706935,0.0,0.0,0.0,0.0,0,-0.15563337657947587,True,False,361,125
2004-06-16 00:00:00+00:00,11588914.291706935,11588914.291706935,0.0,0.0,0.0,0.0,0,-0.15563337657947587,True,False,361,125
2004-06-17 00:00:00+00:00,11588914.291706935,11588914.291706935,0.0,0.0,0.0,0.0,0,-0.15563337657947587,True,False,361,125
2004-06-18 00:00:00+00:00,11588914.291706935,11588914.291706935,0.0,0.0,0.0,0.0,0,-0.15563337657947587,True,False,361,125
2004-06-21 00:00:00+00:00,11588914.291706935,11588914.291706935,0.0,0.0,0.0,0.0,0,-0.15563337657947587,True,False,361,125
2004-06-22 00:00:00+00:00,11588914.291706935,11588914.291706935,0.0,0.0,0.0,0.0,0,-0.15563337657947587,True,False,362,125
2004-06-23 00:00:00+00:00,11588914.291706935,11588914.291706935,0.0,0.0,0.0,0.0,0,-0.15563337657947587,True,False,363,125
2004-06-24 00:00:00+00:00,11588914.291706935,11588914.291706935,0.0,0.0,0.0,0.0,0,-0.15563337657947587,True,False,366,125
2004-06-25 00:00:00+00:00,11588914.291706935,11588914.291706935,0.0,0.0,0.0,0.0,0,-0.15563337657947587,True,False,366,125
2004-06-28 00:00:00+00:00,11588914.291706935,11588914.291706935,0.0,0.0,0.0,0.0,0,-0.15563337657947587,True,False,367,125
2004-06-29 00:00:00+00:00,11588914.291706935,11588914.291706935,0.0,0.0,0.0,0.0,0,-0.15563337657947587,True,False,367,125
2004-06-30 00:00:00+00:00,11588914.291706935,11588914.291706935,0.0,0.0,0.0,0.0,0,-0.15563337657947587,True,False,367,125
2004-07-01 00:00:00+00:00,11588914.291706935,11588914.291706935,0.0,0.0,0.0,0.0,0,-0.15563337657947587,True,False,367,125
2004-07-02 00:00:00+00:00,11588914.291706935,11588914.291706935,0.0,0.0,0.0,0.0,0,-0.15563337657947587,True,False,367,125
2004-07-05 00:00:00+00:00,11588914.291706935,11588914.291706935,0.0,0.0,0.0,0.0,0,-0.15563337657947587,True,False,367,125
2004-07-06 00:00:00+00:00,11588914.291706935,11588914.291706935,0.0,0.0,0.0,0.0,0,-0.15563337657947587,True,False,379,125
2004-07-07 00:00:00+00:00,11588914.291706935,11588914.291706935,0.0,0.0,0.0,0.0,0,-0.15563337657947587,True,False,379,125
2004-07-08 00:00:00+00:00,11588914.291706935,11588914.291706935,0.0,0.0,0.0,0.0,0,-0.15563337657947587,True,False,380,125
2004-07-09 00:00:00+00:00,11588914.291706935,11588914.291706935,0.0,0.0,0.0,0.0,0,-0.15563337657947587,True,False,380,125
2004-07-12 00:00:00+00:00,11588914.291706935,11588914.291706935,0.0,0.0,0.0,0.0,0,-0.15563337657947587,True,False,380,125
2004-07-13 00:00:00+00:00,11588914.291706935,11588914.291706935,0.0,0.0,0.0,0.0,0,-0.15563337657947587,True,False,382,125
2004-07-14 00:00:00+00:00,11588914.291706935,11588914.291706935,0.0,0.0,0.0,0.0,0,-0.15563337657947587,True,False,383,125
2004-07-15 00:00:00+00:00,11588914.291706935,11588914.291706935,0.0,0.0,0.0,0.0,0,-0.15563337657947587,True,False,383,125
2004-07-16 00:00:00+00:00,11588914.291706935,11588914.291706935,0.0,0.0,0.0,0.0,0,-0.15563337657947587,True,False,384,125
2004-07-19 00:00:00+00:00,11588914.291706935,11588914.291706935,0.0,0.0,0.0,0.0,0,-0.15563337657947587,True,False,384,125
2004-07-20 00:00:00+00:00,11588914.291706935,11588914.291706935,0.0,0.0,0.0,0.0,0,-0.15563337657947587,True,False,386,125
2004-07-21 00:00:00+00:00,11588914.291706935,11588914.291706935,0.0,0.0,0.0,0.0,0,-0.15563337657947587,True,False,386,125
2004-07-22 00:00:00+00:00,11588914.291706935,11588914.291706935,0.0,0.0,0.0,0.0,0,-0.15563337657947587,True,False,386,125
2004-07-23 00:00:00+00:00,11588914.291706935,11588914.291706935,0.0,0.0,0.0,0.0,0,-0.15563337657947587,True,False,386,125
2004-07-26 00:00:00+00:00,11588914.291706935,11588914.291706935,0.0,0.0,0.0,0.0,0,-0.15563337657947587,True,False,386,125
2004-07-27 00:00:00+00:00,11588914.291706935,11588914.291706935,0.0,0.0,0.0,0.0,0,-0.15563337657947587,True,False,386,125
2004-07-28 00:00:00+00:00,11588914.291706935,11588914.291706935,0.0,0.0,0.0,0.0,0,-0.15563337657947587,True,False,386,125
2004-07-29 00:00:00+00:00,11588914.291706935,11588914.291706935,0.0,0.0,0.0,0.0,0,-0.15563337657947587,True,False,386,125
2004-07-30 00:00:00+00:00,11588914.291706935,11588914.291706935,0.0,0.0,0.0,0.0,0,-0.15563337657947587,True,False,386,125
2004-08-02 00:00:00+00:00,11588914.291706935,11588914.291706935,0.0,0.0,0.0,0.0,0,-0.15563337657947587,True,False,386,125
2004-08-03 00:00:00+00:00,11588914.291706935,11588914.291706935,0.0,0.0,0.0,0.0,0,-0.15563337657947587,True,False,386,125
2004-08-04 00:00:00+00:00,11588914.291706935,11588914.291706935,0.0,0.0,0.0,0.0,0,-0.15563337657947587,True,False,398,125
2004-08-05 00:00:00+00:00,11588914.291706935,11588914.291706935,0.0,0.0,0.0,0.0,0,-0.15563337657947587,True,False,398,125
2004-08-06 00:00:00+00:00,11588914.291706935,11588914.291706935,0.0,0.0,0.0,0.0,0,-0.15563337657947587,True,False,398,125
2004-08-09 00:00:00+00:00,11588914.291706935,11588914.291706935,0.0,0.0,0.0,0.0,0,-0.15563337657947587,True,False,398,125
2004-08-10 00:00:00+00:00,11588914.291706935,11588914.291706935,0.0,0.0,0.0,0.0,0,-0.15563337657947587,True,False,398,125
2004-08-11 00:00:00+00:00,11588914.291706935,11588914.291706935,0.0,0.0,0.0,0.0,0,-0.15563337657947587,True,False,398,125
2004-08-12 00:00:00+00:00,11588914.291706935,11588914.291706935,0.0,0.0,0.0,0.0,0,-0.15563337657947587,True,False,400,125
2004-08-13 00:00:00+00:00,11588914.291706935,11588914.291706935,0.0,0.0,0.0,0.0,0,-0.15563337657947587,True,False,400,125
2004-08-16 00:00:00+00:00,11588914.291706935,11588914.291706935,0.0,0.0,0.0,0.0,0,-0.15563337657947587,True,False,400,125
2004-08-17 00:00:00+00:00,11588914.291706935,11588914.291706935,0.0,0.0,0.0,0.0,0,-0.15563337657947587,True,False,401,125
2004-08-18 00:00:00+00:00,11588914.291706935,11588914.291706935,0.0,0.0,0.0,0.0,0,-0.15563337657947587,True,False,402,125
2004-08-19 00:00:00+00:00,11588914.291706935,11588914.291706935,0.0,0.0,0.0,0.0,0,-0.15563337657947587,True,False,403,125
2004-08-20 00:00:00+00:00,11588914.291706935,11588914.291706935,0.0,0.0,0.0,0.0,0,-0.15563337657947587,True,False,403,125
2004-08-23 00:00:00+00:00,11588914.291706935,11588914.291706935,0.0,0.0,0.0,0.0,0,-0.15563337657947587,True,False,404,125
2004-08-24 00:00:00+00:00,11588914.291706935,11588914.291706935,0.0,0.0,0.0,0.0,0,-0.15563337657947587,True,False,406,125
2004-08-25 00:00:00+00:00,11588914.291706935,11588914.291706935,0.0,0.0,0.0,0.0,0,-0.15563337657947587,True,False,406,125
2004-08-26 00:00:00+00:00,11588914.291706935,11588914.291706935,0.0,0.0,0.0,0.0,0,-0.15563337657947587,True,False,406,125
2004-08-27 00:00:00+00:00,11588914.291706935,11588914.291706935,0.0,0.0,0.0,0.0,0,-0.15563337657947587,True,False,407,125
2004-08-30 00:00:00+00:00,11588914.291706935,11588914.291706935,0.0,0.0,0.0,0.0,0,-0.15563337657947587,True,False,407,125
2004-08-31 00:00:00+00:00,11588914.291706935,11588914.291706935,0.0,0.0,0.0,0.0,0,-0.15563337657947587,True,False,407,125
2004-09-01 00:00:00+00:00,11588914.291706935,11588914.291706935,0.0,0.0,0.0,0.0,0,-0.15563337657947587,True,False,407,125
2004-09-02 00:00:00+00:00,11588914.291706935,11588914.291706935,0.0,0.0,0.0,0.0,0,-0.15563337657947587,True,False,419,125
2004-09-03 00:00:00+00:00,11588914.291706935,11588914.291706935,0.0,0.0,0.0,0.0,0,-0.15563337657947587,True,False,419,125
2004-09-06 00:00:00+00:00,11588914.291706935,11588914.291706935,0.0,0.0,0.0,0.0,0,-0.15563337657947587,True,False,419,125
2004-09-07 00:00:00+00:00,11588914.291706935,11588914.291706935,0.0,0.0,0.0,0.0,0,-0.15563337657947587,True,False,419,125
2004-09-08 00:00:00+00:00,11588914.291706935,11588914.291706935,0.0,0.0,0.0,0.0,0,-0.15563337657947587,True,False,419,125
2004-09-09 00:00:00+00:00,11588914.291706935,11588914.291706935,0.0,0.0,0.0,0.0,0,-0.15563337657947587,True,False,420,125
2004-09-10 00:00:00+00:00,11588914.291706935,11588914.291706935,0.0,0.0,0.0,0.0,0,-0.15563337657947587,True,False,420,125
2004-09-13 00:00:00+00:00,11588914.291706935,11588914.291706935,0.0,0.0,0.0,0.0,0,-0.15563337657947587,True,False,420,125
2004-09-14 00:00:00+00:00,11588914.291706935,11588914.291706935,0.0,0.0,0.0,0.0,0,-0.15563337657947587,True,False,420,125
2004-09-15 00:00:00+00:00,11588914.291706935,11588914.291706935,0.0,0.0,0.0,0.0,0,-0.15563337657947587,True,False,420,125
2004-09-16 00:00:00+00:00,11588914.291706935,11588914.291706935,0.0,0.0,0.0,0.0,0,-0.15563337657947587,True,False,420,125
2004-09-17 00:00:00+00:00,11588914.291706935,11588914.291706935,0.0,0.0,0.0,0.0,0,-0.15563337657947587,True,False,420,125
2004-09-20 00:00:00+00:00,11588914.291706935,11588914.291706935,0.0,0.0,0.0,0.0,0,-0.15563337657947587,True,False,420,125
2004-09-21 00:00:00+00:00,11588914.291706935,11588914.291706935,0.0,0.0,0.0,0.0,0,-0.15563337657947587,True,False,420,125
2004-09-22 00:00:00+00:00,11588914.291706935,11588914.291706935,0.0,0.0,0.0,0.0,0,-0.15563337657947587,True,False,420,125
2004-09-23 00:00:00+00:00,11588914.291706935,11588914.291706935,0.0,0.0,0.0,0.0,0,-0.15563337657947587,True,False,420,125
2004-09-24 00:00:00+00:00,11588914.291706935,11588914.291706935,0.0,0.0,0.0,0.0,0,-0.15563337657947587,True,False,420,125
2004-09-27 00:00:00+00:00,11588914.291706935,11588914.291706935,0.0,0.0,0.0,0.0,0,-0.15563337657947587,True,False,420,125
2004-09-28 00:00:00+00:00,11588914.291706935,11588914.291706935,0.0,0.0,0.0,0.0,0,-0.15563337657947587,True,False,420,125
2004-09-29 00:00:00+00:00,11588914.291706935,11588914.291706935,0.0,0.0,0.0,0.0,0,-0.15563337657947587,True,False,420,125
2004-09-30 00:00:00+00:00,11588914.291706935,11588914.291706935,0.0,0.0,0.0,0.0,0,-0.15563337657947587,True,False,420,125
2004-10-01 00:00:00+00:00,11588914.291706935,11588914.291706935,0.0,0.0,0.0,0.0,0,-0.15563337657947587,True,False,432,125
2004-10-04 00:00:00+00:00,11588914.291706935,11588914.291706935,0.0,0.0,0.0,0.0,0,-0.15563337657947587,True,False,432,125
2004-10-05 00:00:00+00:00,11588914.291706935,11588914.291706935,0.0,0.0,0.0,0.0,0,-0.15563337657947587,True,False,432,125
2004-10-06 00:00:00+00:00,11588914.291706935,11588914.291706935,0.0,0.0,0.0,0.0,0,-0.15563337657947587,True,False,432,125
2004-10-07 00:00:00+00:00,11588914.291706935,11588914.291706935,0.0,0.0,0.0,0.0,0,-0.15563337657947587,True,False,433,125
2004-10-08 00:00:00+00:00,11588914.291706935,11588914.291706935,0.0,0.0,0.0,0.0,0,-0.15563337657947587,True,False,433,125
2004-10-11 00:00:00+00:00,11588914.291706935,11588914.291706935,0.0,0.0,0.0,0.0,0,-0.15563337657947587,True,False,434,125
2004-10-12 00:00:00+00:00,11588914.291706935,11588914.291706935,0.0,0.0,0.0,0.0,0,-0.15563337657947587,True,False,434,125
2004-10-13 00:00:00+00:00,11588914.291706935,11588914.291706935,0.0,0.0,0.0,0.0,0,-0.15563337657947587,True,False,435,125
2004-10-14 00:00:00+00:00,11588914.291706935,11588914.291706935,0.0,0.0,0.0,0.0,0,-0.15563337657947587,True,False,435,125
2004-10-15 00:00:00+00:00,11588914.291706935,11588914.291706935,0.0,0.0,0.0,0.0,0,-0.15563337657947587,True,False,435,125
2004-10-18 00:00:00+00:00,11588914.291706935,11588914.291706935,0.0,0.0,0.0,0.0,0,-0.15563337657947587,True,False,435,125
2004-10-19 00:00:00+00:00,11588914.291706935,11588914.291706935,0.0,0.0,0.0,0.0,0,-0.15563337657947587,True,False,435,125
2004-10-20 00:00:00+00:00,11588914.291706935,11588914.291706935,0.0,0.0,0.0,0.0,0,-0.15563337657947587,True,False,435,125
2004-10-21 00:00:00+00:00,11588914.291706935,11588914.291706935,0.0,0.0,0.0,0.0,0,-0.15563337657947587,True,False,435,125
2004-10-22 00:00:00+00:00,11588914.291706935,11588914.291706935,0.0,0.0,0.0,0.0,0,-0.15563337657947587,True,False,435,125
2004-10-25 00:00:00+00:00,11588914.291706935,11588914.291706935,0.0,0.0,0.0,0.0,0,-0.15563337657947587,True,False,437,125
2004-10-26 00:00:00+00:00,11588914.291706935,11588914.291706935,0.0,0.0,0.0,0.0,0,-0.15563337657947587,True,False,438,125
2004-10-27 00:00:00+00:00,11588914.291706935,11588914.291706935,0.0,0.0,0.0,0.0,0,-0.15563337657947587,True,False,439,125
2004-10-28 00:00:00+00:00,11588914.291706935,11588914.291706935,0.0,0.0,0.0,0.0,0,-0.15563337657947587,True,False,440,125
2004-10-29 00:00:00+00:00,11588914.291706935,11588914.291706935,0.0,0.0,0.0,0.0,0,-0.15563337657947587,True,False,440,125
2004-11-01 00:00:00+00:00,11588914.291706935,11588914.291706935,0.0,0.0,0.0,0.0,0,-0.15563337657947587,True,False,452,125
2004-11-02 00:00:00+00:00,11588914.291706935,11588914.291706935,0.0,0.0,0.0,0.0,0,-0.15563337657947587,True,False,452,125
2004-11-03 00:00:00+00:00,11588914.291706935,11588914.291706935,0.0,0.0,0.0,0.0,0,-0.15563337657947587,True,False,452,125
2004-11-04 00:00:00+00:00,11588914.291706935,11588914.291706935,0.0,0.0,0.0,0.0,0,-0.15563337657947587,True,False,452,125
2004-11-05 00:00:00+00:00,11588914.291706935,11588914.291706935,0.0,0.0,0.0,0.0,0,-0.15563337657947587,True,False,452,125
2004-11-08 00:00:00+00:00,11588914.291706935,11588914.291706935,0.0,0.0,0.0,0.0,0,-0.15563337657947587,True,False,452,125
2004-11-09 00:00:00+00:00,11588914.291706935,11588914.291706935,0.0,0.0,0.0,0.0,0,-0.15563337657947587,True,False,452,125
2004-11-10 00:00:00+00:00,11588914.291706935,11588914.291706935,0.0,0.0,0.0,0.0,0,-0.15563337657947587,True,False,452,125
2004-11-11 00:00:00+00:00,11588914.291706935,11588914.291706935,0.0,0.0,0.0,0.0,0,-0.15563337657947587,True,False,452,125
2004-11-12 00:00:00+00:00,11588914.291706935,11588914.291706935,0.0,0.0,0.0,0.0,0,-0.15563337657947587,True,False,452,125
2004-11-15 00:00:00+00:00,11588914.291706935,11588914.291706935,0.0,0.0,0.0,0.0,0,-0.15563337657947587,True,False,452,125
2004-11-16 00:00:00+00:00,11588914.291706935,11588914.291706935,0.0,0.0,0.0,0.0,0,-0.15563337657947587,True,False,452,125
2004-11-17 00:00:00+00:00,11588914.291706935,11588914.291706935,0.0,0.0,0.0,0.0,0,-0.15563337657947587,True,False,452,125
2004-11-18 00:00:00+00:00,11588914.291706935,11588914.291706935,0.0,0.0,0.0,0.0,0,-0.15563337657947587,True,False,452,125
2004-11-19 00:00:00+00:00,11588914.291706935,11588914.291706935,0.0,0.0,0.0,0.0,0,-0.15563337657947587,True,False,452,125
2004-11-22 00:00:00+00:00,11588914.291706935,11588914.291706935,0.0,0.0,0.0,0.0,0,-0.15563337657947587,True,False,452,125
2004-11-23 00:00:00+00:00,11588914.291706935,11588914.291706935,0.0,0.0,0.0,0.0,0,-0.15563337657947587,True,False,452,125
2004-11-24 00:00:00+00:00,11588914.291706935,11588914.291706935,0.0,0.0,0.0,0.0,0,-0.15563337657947587,True,False,452,125
2004-11-25 00:00:00+00:00,11588914.291706935,11588914.291706935,0.0,0.0,0.0,0.0,0,-0.15563337657947587,True,False,452,125
2004-11-26 00:00:00+00:00,11588914.291706935,11588914.291706935,0.0,0.0,0.0,0.0,0,-0.15563337657947587,True,False,453,125
2004-11-29 00:00:00+00:00,11588914.291706935,11588914.291706935,0.0,0.0,0.0,0.0,0,-0.15563337657947587,True,False,455,125
2004-11-30 00:00:00+00:00,11588914.291706935,11588914.291706935,0.0,0.0,0.0,0.0,0,-0.15563337657947587,True,False,467,125
2004-12-01 00:00:00+00:00,11588914.291706935,11588914.291706935,0.0,0.0,0.0,0.0,0,-0.15563337657947587,True,False,467,125
2004-12-02 00:00:00+00:00,11588914.291706935,11588914.291706935,0.0,0.0,0.0,0.0,0,-0.15563337657947587,True,False,467,125
2004-12-03 00:00:00+00:00,11588914.291706935,11588914.291706935,0.0,0.0,0.0,0.0,0,-0.15563337657947587,True,False,468,125
2004-12-06 00:00:00+00:00,11588914.291706935,11588914.291706935,0.0,0.0,0.0,0.0,0,-0.15563337657947587,True,False,468,125
2004-12-07 00:00:00+00:00,11588914.291706935,11588914.291706935,0.0,0.0,0.0,0.0,0,-0.15563337657947587,True,False,468,125
2004-12-08 00:00:00+00:00,11588914.291706935,11588914.291706935,0.0,0.0,0.0,0.0,0,-0.15563337657947587,True,False,468,125
2004-12-09 00:00:00+00:00,11588914.291706935,11588914.291706935,0.0,0.0,0.0,0.0,0,-0.15563337657947587,True,False,468,125
2004-12-10 00:00:00+00:00,11588914.291706935,11588914.291706935,0.0,0.0,0.0,0.0,0,-0.15563337657947587,True,False,469,125
2004-12-13 00:00:00+00:00,11588914.291706935,11588914.291706935,0.0,0.0,0.0,0.0,0,-0.15563337657947587,True,False,469,125
2004-12-14 00:00:00+00:00,11588914.291706935,11588914.291706935,0.0,0.0,0.0,0.0,0,-0.15563337657947587,True,False,469,125
2004-12-15 00:00:00+00:00,11588914.291706935,11588914.291706935,0.0,0.0,0.0,0.0,0,-0.15563337657947587,True,False,469,125
2004-12-16 00:00:00+00:00,11588914.291706935,11588914.291706935,0.0,0.0,0.0,0.0,0,-0.15563337657947587,True,False,469,125
2004-12-17 00:00:00+00:00,11588914.291706935,11588914.291706935,0.0,0.0,0.0,0.0,0,-0.15563337657947587,True,False,469,125
2004-12-20 00:00:00+00:00,11588914.291706935,11588914.291706935,0.0,0.0,0.0,0.0,0,-0.15563337657947587,True,False,469,125
2004-12-21 00:00:00+00:00,11588914.291706935,11588914.291706935,0.0,0.0,0.0,0.0,0,-0.15563337657947587,True,False,469,125
2004-12-22 00:00:00+00:00,11588914.291706935,11588914.291706935,0.0,0.0,0.0,0.0,0,-0.15563337657947587,True,False,469,125
2004-12-23 00:00:00+00:00,11588914.291706935,11588914.291706935,0.0,0.0,0.0,0.0,0,-0.15563337657947587,True,False,469,125
2004-12-24 00:00:00+00:00,11588914.291706935,11588914.291706935,0.0,0.0,0.0,0.0,0,-0.15563337657947587,True,False,469,125
2004-12-27 00:00:00+00:00,11588914.291706935,11588914.291706935,0.0,0.0,0.0,0.0,0,-0.15563337657947587,True,False,469,125
2004-12-28 00:00:00+00:00,11588914.291706935,11588914.291706935,0.0,0.0,0.0,0.0,0,-0.15563337657947587,True,False,469,125
2004-12-29 00:00:00+00:00,11588914.291706935,11588914.291706935,0.0,0.0,0.0,0.0,0,-0.15563337657947587,True,False,482,125
2004-12-30 00:00:00+00:00,11588914.291706935,11588914.291706935,0.0,0.0,0.0,0.0,0,-0.15563337657947587,True,False,483,125
2004-12-31 00:00:00+00:00,11588914.291706935,11588914.291706935,0.0,0.0,0.0,0.0,0,-0.15563337657947587,True,False,483,125
2005-01-03 00:00:00+00:00,11588914.291706935,11588914.291706935,0.0,0.0,0.0,0.0,0,-0.15563337657947587,True,False,484,125
2005-01-04 00:00:00+00:00,11588914.291706935,11588914.291706935,0.0,0.0,0.0,0.0,0,-0.15563337657947587,True,False,484,125
2005-01-05 00:00:00+00:00,11588914.291706935,11588914.291706935,0.0,0.0,0.0,0.0,0,-0.15563337657947587,True,False,484,125
2005-01-06 00:00:00+00:00,11588914.291706935,11588914.291706935,0.0,0.0,0.0,0.0,0,-0.15563337657947587,True,False,485,125
2005-01-07 00:00:00+00:00,11588914.291706935,11588914.291706935,0.0,0.0,0.0,0.0,0,-0.15563337657947587,True,False,485,125
2005-01-10 00:00:00+00:00,11588914.291706935,11588914.291706935,0.0,0.0,0.0,0.0,0,-0.15563337657947587,True,False,485,125
2005-01-11 00:00:00+00:00,11588914.291706935,11588914.291706935,0.0,0.0,0.0,0.0,0,-0.15563337657947587,True,False,485,125
2005-01-12 00:00:00+00:00,11588914.291706935,11588914.291706935,0.0,0.0,0.0,0.0,0,-0.15563337657947587,True,False,488,125
2005-01-13 00:00:00+00:00,11588914.291706935,11588914.291706935,0.0,0.0,0.0,0.0,0,-0.15563337657947587,True,False,488,125
2005-01-14 00:00:00+00:00,11588914.291706935,11588914.291706935,0.0,0.0,0.0,0.0,0,-0.15563337657947587,True,False,489,125
2005-01-17 00:00:00+00:00,11588914.291706935,11588914.291706935,0.0,0.0,0.0,0.0,0,-0.15563337657947587,True,False,490,125
2005-01-18 00:00:00+00:00,11588914.291706935,11588914.291706935,0.0,0.0,0.0,0.0,0,-0.15563337657947587,True,False,490,125
2005-01-19 00:00:00+00:00,11588914.291706935,11588914.291706935,0.0,0.0,0.0,0.0,0,-0.15563337657947587,True,False,491,125
2005-01-20 00:00:00+00:00,11588914.291706935,11588914.291706935,0.0,0.0,0.0,0.0,0,-0.15563337657947587,True,False,491,125
2005-01-21 00:00:00+00:00,11588914.291706935,11588914.291706935,0.0,0.0,0.0,0.0,0,-0.15563337657947587,True,False,491,125
2005-01-24 00:00:00+00:00,11588914.291706935,11588914.291706935,0.0,0.0,0.0,0.0,0,-0.15563337657947587,True,False,492,125
2005-01-25 00:00:00+00:00,11588914.291706935,11588914.291706935,0.0,0.0,0.0,0.0,0,-0.15563337657947587,True,False,492,125
2005-01-26 00:00:00+00:00,11588914.291706935,11588914.291706935,0.0,0.0,0.0,0.0,0,-0.15563337657947587,True,False,492,125
2005-01-27 00:00:00+00:00,11588914.291706935,11588914.291706935,0.0,0.0,0.0,0.0,0,-0.15563337657947587,True,False,504,125
2005-01-28 00:00:00+00:00,11588914.291706935,11588914.291706935,0.0,0.0,0.0,0.0,0,-0.15563337657947587,True,False,504,125
2005-01-31 00:00:00+00:00,11588914.291706935,11588914.291706935,0.0,0.0,0.0,0.0,0,-0.15563337657947587,True,False,504,125
2005-02-01 00:00:00+00:00,11588914.291706935,11588914.291706935,0.0,0.0,0.0,0.0,0,-0.15563337657947587,True,False,504,125
2005-02-02 00:00:00+00:00,11588914.291706935,11588914.291706935,0.0,0.0,0.0,0.0,0,-0.15563337657947587,True,False,504,125
2005-02-03 00:00:00+00:00,11588914.291706935,11588914.291706935,0.0,0.0,0.0,0.0,0,-0.15563337657947587,True,False,504,125
2005-02-04 00:00:00+00:00,11588914.291706935,11588914.291706935,0.0,0.0,0.0,0.0,0,-0.15563337657947587,True,False,504,125
2005-02-07 00:00:00+00:00,11588914.291706935,11588914.291706935,0.0,0.0,0.0,0.0,0,-0.15563337657947587,True,False,505,125
2005-02-08 00:00:00+00:00,11588914.291706935,11588914.291706935,0.0,0.0,0.0,0.0,0,-0.15563337657947587,True,False,505,125
2005-02-09 00:00:00+00:00,11588914.291706935,11588914.291706935,0.0,0.0,0.0,0.0,0,-0.15563337657947587,True,False,505,125
2005-02-10 00:00:00+00:00,11588914.291706935,11588914.291706935,0.0,0.0,0.0,0.0,0,-0.15563337657947587,True,False,505,125
2005-02-11 00:00:00+00:00,11588914.291706935,11588914.291706935,0.0,0.0,0.0,0.0,0,-0.15563337657947587,True,False,505,125
2005-02-14 00:00:00+00:00,11588914.291706935,11588914.291706935,0.0,0.0,0.0,0.0,0,-0.15563337657947587,True,False,505,125
2005-02-15 00:00:00+00:00,11588914.291706935,11588914.291706935,0.0,0.0,0.0,0.0,0,-0.15563337657947587,True,False,505,125
2005-02-16 00:00:00+00:00,11588914.291706935,11588914.291706935,0.0,0.0,0.0,0.0,0,-0.15563337657947587,True,False,505,125
2005-02-17 00:00:00+00:00,11588914.291706935,11588914.291706935,0.0,0.0,0.0,0.0,0,-0.15563337657947587,True,False,507,125
2005-02-18 00:00:00+00:00,11588914.291706935,11588914.291706935,0.0,0.0,0.0,0.0,0,-0.15563337657947587,True,False,507,125
2005-02-21 00:00:00+00:00,11588914.291706935,11588914.291706935,0.0,0.0,0.0,0.0,0,-0.15563337657947587,True,False,507,125
2005-02-22 00:00:00+00:00,11588914.291706935,11588914.291706935,0.0,0.0,0.0,0.0,0,-0.15563337657947587,True,False,507,125
2005-02-23 00:00:00+00:00,11588914.291706935,11588914.291706935,0.0,0.0,0.0,0.0,0,-0.15563337657947587,True,False,508,125
2005-02-24 00:00:00+00:00,11588914.291706935,11588914.291706935,0.0,0.0,0.0,0.0,0,-0.15563337657947587,True,False,508,125
2005-02-25 00:00:00+00:00,11588914.291706935,11588914.291706935,0.0,0.0,0.0,0.0,0,-0.15563337657947587,True,False,520,125
2005-02-28 00:00:00+00:00,11588914.291706935,11588914.291706935,0.0,0.0,0.0,0.0,0,-0.15563337657947587,True,False,520,125
2005-03-01 00:00:00+00:00,11588914.291706935,11588914.291706935,0.0,0.0,0.0,0.0,0,-0.15563337657947587,True,False,520,125
2005-03-02 00:00:00+00:00,11588914.291706935,11588914.291706935,0.0,0.0,0.0,0.0,0,-0.15563337657947587,True,False,520,125
2005-03-03 00:00:00+00:00,11588914.291706935,11588914.291706935,0.0,0.0,0.0,0.0,0,-0.15563337657947587,True,False,520,125
2005-03-04 00:00:00+00:00,11588914.291706935,11588914.291706935,0.0,0.0,0.0,0.0,0,-0.15563337657947587,True,False,520,125
2005-03-07 00:00:00+00:00,11588914.291706935,11588914.291706935,0.0,0.0,0.0,0.0,0,-0.15563337657947587,True,False,520,125
2005-03-08 00:00:00+00:00,11588914.291706935,11588914.291706935,0.0,0.0,0.0,0.0,0,-0.15563337657947587,True,False,521,125
2005-03-09 00:00:00+00:00,11588914.291706935,11588914.291706935,0.0,0.0,0.0,0.0,0,-0.15563337657947587,True,False,521,125
2005-03-10 00:00:00+00:00,11588914.291706935,11588914.291706935,0.0,0.0,0.0,0.0,0,-0.15563337657947587,True,False,521,125
2005-03-11 00:00:00+00:00,11588914.291706935,11588914.291706935,0.0,0.0,0.0,0.0,0,-0.15563337657947587,True,False,521,125
2005-03-14 00:00:00+00:00,11588914.291706935,11588914.291706935,0.0,0.0,0.0,0.0,0,-0.15563337657947587,True,False,522,125
2005-03-15 00:00:00+00:00,11588914.291706935,11588914.291706935,0.0,0.0,0.0,0.0,0,-0.15563337657947587,True,False,522,125
2005-03-16 00:00:00+00:00,11588914.291706935,11588914.291706935,0.0,0.0,0.0,0.0,0,-0.15563337657947587,True,False,523,125
2005-03-17 00:00:00+00:00,11588914.291706935,11588914.291706935,0.0,0.0,0.0,0.0,0,-0.15563337657947587,True,False,525,125
2005-03-18 00:00:00+00:00,11588914.291706935,11588914.291706935,0.0,0.0,0.0,0.0,0,-0.15563337657947587,True,False,525,125
2005-03-21 00:00:00+00:00,11588914.291706935,11588914.291706935,0.0,0.0,0.0,0.0,0,-0.15563337657947587,True,False,527,125
2005-03-22 00:00:00+00:00,11588914.291706935,11588914.291706935,0.0,0.0,0.0,0.0,0,-0.15563337657947587,True,False,530,125
2005-03-23 00:00:00+00:00,11588914.291706935,11588914.291706935,0.0,0.0,0.0,0.0,0,-0.15563337657947587,True,False,531,125
2005-03-24 00:00:00+00:00,11588914.291706935,11588914.291706935,0.0,0.0,0.0,0.0,0,-0.15563337657947587,True,False,532,125
2005-03-28 00:00:00+00:00,11588914.291706935,11588914.291706935,0.0,0.0,0.0,0.0,0,-0.15563337657947587,True,False,532,125
2005-03-29 00:00:00+00:00,11588914.291706935,11588914.291706935,0.0,0.0,0.0,0.0,0,-0.15563337657947587,True,False,545,125
2005-03-30 00:00:00+00:00,11588914.291706935,11588914.291706935,0.0,0.0,0.0,0.0,0,-0.15563337657947587,True,False,545,125
2005-03-31 00:00:00+00:00,11588914.291706935,11588914.291706935,0.0,0.0,0.0,0.0,0,-0.15563337657947587,True,False,545,125
2005-04-01 00:00:00+00:00,11588914.291706935,11588914.291706935,0.0,0.0,0.0,0.0,0,-0.15563337657947587,True,False,545,125
2005-04-04 00:00:00+00:00,11588914.291706935,11588914.291706935,0.0,0.0,0.0,0.0,0,-0.15563337657947587,True,False,545,125
2005-04-05 00:00:00+00:00,11588914.291706935,11588914.291706935,0.0,0.0,0.0,0.0,0,-0.15563337657947587,True,False,545,125
2005-04-06 00:00:00+00:00,11588914.291706935,11588914.291706935,0.0,0.0,0.0,0.0,0,-0.15563337657947587,True,False,545,125
2005-04-07 00:00:00+00:00,11588914.291706935,11588914.291706935,0.0,0.0,0.0,0.0,0,-0.15563337657947587,True,False,545,125
2005-04-08 00:00:00+00:00,11588914.291706935,11588914.291706935,0.0,0.0,0.0,0.0,0,-0.15563337657947587,True,False,545,125
2005-04-11 00:00:00+00:00,11588914.291706935,11588914.291706935,0.0,0.0,0.0,0.0,0,-0.15563337657947587,True,False,546,125
2005-04-12 00:00:00+00:00,11588914.291706935,11588914.291706935,0.0,0.0,0.0,0.0,0,-0.15563337657947587,True,False,546,125
2005-04-13 00:00:00+00:00,11588914.291706935,11588914.291706935,0.0,0.0,0.0,0.0,0,-0.15563337657947587,True,False,546,125
2005-04-14 00:00:00+00:00,11588914.291706935,11588914.291706935,0.0,0.0,0.0,0.0,0,-0.15563337657947587,True,False,546,125
2005-04-15 00:00:00+00:00,11588914.291706935,11588914.291706935,0.0,0.0,0.0,0.0,0,-0.15563337657947587,True,False,550,125
2005-04-18 00:00:00+00:00,11588914.291706935,11588914.291706935,0.0,0.0,0.0,0.0,0,-0.15563337657947587,True,False,555,125
2005-04-19 00:00:00+00:00,11588914.291706935,11588914.291706935,0.0,0.0,0.0,0.0,0,-0.15563337657947587,True,False,558,125
2005-04-20 00:00:00+00:00,11588914.291706935,11588914.291706935,0.0,0.0,0.0,0.0,0,-0.15563337657947587,True,False,558,125
2005-04-21 00:00:00+00:00,11588914.291706935,11588914.291706935,0.0,0.0,0.0,0.0,0,-0.15563337657947587,True,False,558,125
2005-04-22 00:00:00+00:00,11588914.291706935,11588914.291706935,0.0,0.0,0.0,0.0,0,-0.15563337657947587,True,False,558,125
2005-04-25 00:00:00+00:00,11588914.291706935,11588914.291706935,0.0,0.0,0.0,0.0,0,-0.15563337657947587,True,False,559,125
2005-04-26 00:00:00+00:00,11588914.291706935,11588914.291706935,0.0,0.0,0.0,0.0,0,-0.15563337657947587,True,False,559,125
2005-04-27 00:00:00+00:00,11588914.291706935,11588914.291706935,0.0,0.0,0.0,0.0,0,-0.15563337657947587,True,False,571,125
2005-04-28 00:00:00+00:00,11588914.291706935,11588914.291706935,0.0,0.0,0.0,0.0,0,-0.15563337657947587,True,False,572,125
2005-04-29 00:00:00+00:00,11588914.291706935,11588914.291706935,0.0,0.0,0.0,0.0,0,-0.15563337657947587,True,False,573,125
2005-05-02 00:00:00+00:00,11588914.291706935,11588914.291706935,0.0,0.0,0.0,0.0,0,-0.15563337657947587,True,False,573,125
2005-05-03 00:00:00+00:00,11588914.291706935,11588914.291706935,0.0,0.0,0.0,0.0,0,-0.15563337657947587,True,False,574,125
2005-05-04 00:00:00+00:00,11588914.291706935,11588914.291706935,0.0,0.0,0.0,0.0,0,-0.15563337657947587,True,False,574,125
2005-05-05 00:00:00+00:00,11588914.291706935,11588914.291706935,0.0,0.0,0.0,0.0,0,-0.15563337657947587,True,False,574,125
2005-05-06 00:00:00+00:00,11588914.291706935,11588914.291706935,0.0,0.0,0.0,0.0,0,-0.15563337657947587,True,False,575,125
2005-05-09 00:00:00+00:00,11588914.291706935,11588914.291706935,0.0,0.0,0.0,0.0,0,-0.15563337657947587,True,False,575,125
2005-05-10 00:00:00+00:00,11588914.291706935,11588914.291706935,0.0,0.0,0.0,0.0,0,-0.15563337657947587,True,False,575,125
2005-05-11 00:00:00+00:00,11588914.291706935,11588914.291706935,0.0,0.0,0.0,0.0,0,-0.15563337657947587,True,False,575,125
2005-05-12 00:00:00+00:00,11588914.291706935,11588914.291706935,0.0,0.0,0.0,0.0,0,-0.15563337657947587,True,False,575,125
2005-05-13 00:00:00+00:00,11588914.291706935,11588914.291706935,0.0,0.0,0.0,0.0,0,-0.15563337657947587,True,False,575,125
2005-05-16 00:00:00+00:00,11588914.291706935,11588914.291706935,0.0,0.0,0.0,0.0,0,-0.15563337657947587,True,False,575,125
2005-05-17 00:00:00+00:00,11588914.291706935,11588914.291706935,0.0,0.0,0.0,0.0,0,-0.15563337657947587,True,False,576,125
2005-05-18 00:00:00+00:00,11588914.291706935,11588914.291706935,0.0,0.0,0.0,0.0,0,-0.15563337657947587,True,False,576,125
2005-05-19 00:00:00+00:00,11588914.291706935,11588914.291706935,0.0,0.0,0.0,0.0,0,-0.15563337657947587,True,False,576,125
2005-05-20 00:00:00+00:00,11588914.291706935,11588914.291706935,0.0,0.0,0.0,0.0,0,-0.15563337657947587,True,False,576,125
2005-05-23 00:00:00+00:00,11588914.291706935,11588914.291706935,0.0,0.0,0.0,0.0,0,-0.15563337657947587,True,False,576,125
2005-05-24 00:00:00+00:00,11588914.291706935,11588914.291706935,0.0,0.0,0.0,0.0,0,-0.15563337657947587,True,False,576,125
2005-05-25 00:00:00+00:00,11588914.291706935,11588914.291706935,0.0,0.0,0.0,0.0,0,-0.15563337657947587,True,False,576,125
2005-05-26 00:00:00+00:00,11588914.291706935,11588914.291706935,0.0,0.0,0.0,0.0,0,-0.15563337657947587,True,False,589,125
2005-05-27 00:00:00+00:00,11588914.291706935,11588914.291706935,0.0,0.0,0.0,0.0,0,-0.15563337657947587,True,False,589,125
2005-05-30 00:00:00+00:00,11588914.291706935,11588914.291706935,0.0,0.0,0.0,0.0,0,-0.15563337657947587,True,False,590,125
2005-05-31 00:00:00+00:00,11588914.291706935,11588914.291706935,0.0,0.0,0.0,0.0,0,-0.15563337657947587,True,False,590,125
2005-06-01 00:00:00+00:00,11588914.291706935,11588914.291706935,0.0,0.0,0.0,0.0,0,-0.15563337657947587,True,False,590,125
2005-06-02 00:00:00+00:00,11588914.291706935,11588914.291706935,0.0,0.0,0.0,0.0,0,-0.15563337657947587,True,False,590,125
2005-06-03 00:00:00+00:00,11588914.291706935,11588914.291706935,0.0,0.0,0.0,0.0,0,-0.15563337657947587,True,False,590,125
2005-06-06 00:00:00+00:00,11588914.291706935,11588914.291706935,0.0,0.0,0.0,0.0,0,-0.15563337657947587,True,False,590,125
2005-06-07 00:00:00+00:00,11588914.291706935,11588914.291706935,0.0,0.0,0.0,0.0,0,-0.15563337657947587,True,False,591,125
2005-06-08 00:00:00+00:00,11588914.291706935,11588914.291706935,0.0,0.0,0.0,0.0,0,-0.15563337657947587,True,False,591,125
2005-06-09 00:00:00+00:00,11588914.291706935,11588914.291706935,0.0,0.0,0.0,0.0,0,-0.15563337657947587,True,False,591,125
2005-06-10 00:00:00+00:00,11588914.291706935,11588914.291706935,0.0,0.0,0.0,0.0,0,-0.15563337657947587,True,False,591,125
2005-06-13 00:00:00+00:00,11588914.291706935,11588914.291706935,0.0,0.0,0.0,0.0,0,-0.15563337657947587,True,False,592,125
2005-06-14 00:00:00+00:00,11588914.291706935,11588914.291706935,0.0,0.0,0.0,0.0,0,-0.15563337657947587,True,False,592,125
2005-06-15 00:00:00+00:00,11588914.291706935,11588914.291706935,0.0,0.0,0.0,0.0,0,-0.15563337657947587,True,False,592,125
2005-06-16 00:00:00+00:00,11588914.291706935,11588914.291706935,0.0,0.0,0.0,0.0,0,-0.15563337657947587,True,False,592,125
2005-06-17 00:00:00+00:00,11588914.291706935,11588914.291706935,0.0,0.0,0.0,0.0,0,-0.15563337657947587,True,False,592,125
2005-06-20 00:00:00+00:00,11588914.291706935,11588914.291706935,0.0,0.0,0.0,0.0,0,-0.15563337657947587,True,False,592,125
2005-06-21 00:00:00+00:00,11588914.291706935,11588914.291706935,0.0,0.0,0.0,0.0,0,-0.15563337657947587,True,False,592,125
2005-06-22 00:00:00+00:00,11588914.291706935,11588914.291706935,0.0,0.0,0.0,0.0,0,-0.15563337657947587,True,False,593,125
2005-06-23 00:00:00+00:00,11588914.291706935,11588914.291706935,0.0,0.0,0.0,0.0,0,-0.15563337657947587,True,False,593,125
2005-06-24 00:00:00+00:00,11588914.291706935,11588914.291706935,0.0,0.0,0.0,0.0,0,-0.15563337657947587,True,False,605,125
2005-06-27 00:00:00+00:00,11588914.291706935,11588914.291706935,0.0,0.0,0.0,0.0,0,-0.15563337657947587,True,False,605,125
2005-06-28 00:00:00+00:00,11588914.291706935,11588914.291706935,0.0,0.0,0.0,0.0,0,-0.15563337657947587,True,False,606,125
2005-06-29 00:00:00+00:00,11588914.291706935,11588914.291706935,0.0,0.0,0.0,0.0,0,-0.15563337657947587,True,False,606,125
2005-06-30 00:00:00+00:00,11588914.291706935,11588914.291706935,0.0,0.0,0.0,0.0,0,-0.15563337657947587,True,False,606,125
2005-07-01 00:00:00+00:00,11588914.291706935,11588914.291706935,0.0,0.0,0.0,0.0,0,-0.15563337657947587,True,False,607,125
2005-07-04 00:00:00+00:00,11588914.291706935,11588914.291706935,0.0,0.0,0.0,0.0,0,-0.15563337657947587,True,False,607,125
2005-07-05 00:00:00+00:00,11588914.291706935,11588914.291706935,0.0,0.0,0.0,0.0,0,-0.15563337657947587,True,False,607,125
2005-07-06 00:00:00+00:00,11588914.291706935,11588914.291706935,0.0,0.0,0.0,0.0,0,-0.15563337657947587,True,False,607,125
2005-07-07 00:00:00+00:00,11588914.291706935,11588914.291706935,0.0,0.0,0.0,0.0,0,-0.15563337657947587,True,False,607,125
2005-07-08 00:00:00+00:00,11588914.291706935,11588914.291706935,0.0,0.0,0.0,0.0,0,-0.15563337657947587,True,False,607,125
2005-07-11 00:00:00+00:00,11588914.291706935,11588914.291706935,0.0,0.0,0.0,0.0,0,-0.15563337657947587,True,False,607,125
2005-07-12 00:00:00+00:00,11588914.291706935,11588914.291706935,0.0,0.0,0.0,0.0,0,-0.15563337657947587,True,False,607,125
2005-07-13 00:00:00+00:00,11588914.291706935,11588914.291706935,0.0,0.0,0.0,0.0,0,-0.15563337657947587,True,False,607,125
2005-07-14 00:00:00+00:00,11588914.291706935,11588914.291706935,0.0,0.0,0.0,0.0,0,-0.15563337657947587,True,False,608,125
2005-07-15 00:00:00+00:00,11588914.291706935,11588914.291706935,0.0,0.0,0.0,0.0,0,-0.15563337657947587,True,False,608,125
2005-07-18 00:00:00+00:00,11588914.291706935,11588914.291706935,0.0,0.0,0.0,0.0,0,-0.15563337657947587,True,False,608,125
2005-07-19 00:00:00+00:00,11588914.291706935,11588914.291706935,0.0,0.0,0.0,0.0,0,-0.15563337657947587,True,False,608,125
2005-07-20 00:00:00+00:00,11588914.291706935,11588914.291706935,0.0,0.0,0.0,0.0,0,-0.15563337657947587,True,False,608,125
2005-07-21 00:00:00+00:00,11588914.291706935,11588914.291706935,0.0,0.0,0.0,0.0,0,-0.15563337657947587,True,False,608,125
2005-07-22 00:00:00+00:00,11588914.291706935,11588914.291706935,0.0,0.0,0.0,0.0,0,-0.15563337657947587,True,False,608,125
2005-07-25 00:00:00+00:00,11588914.291706935,11588914.291706935,0.0,0.0,0.0,0.0,0,-0.15563337657947587,True,False,620,125
2005-07-26 00:00:00+00:00,11588914.291706935,11588914.291706935,0.0,0.0,0.0,0.0,0,-0.15563337657947587,True,False,620,125
2005-07-27 00:00:00+00:00,11588914.291706935,11588914.291706935,0.0,0.0,0.0,0.0,0,-0.15563337657947587,True,False,620,125
2005-07-28 00:00:00+00:00,11588914.291706935,11588914.291706935,0.0,0.0,0.0,0.0,0,-0.15563337657947587,True,False,620,125
2005-07-29 00:00:00+00:00,11588914.291706935,11588914.291706935,0.0,0.0,0.0,0.0,0,-0.15563337657947587,True,False,620,125
2005-08-01 00:00:00+00:00,11588914.291706935,11588914.291706935,0.0,0.0,0.0,0.0,0,-0.15563337657947587,True,False,620,125
2005-08-02 00:00:00+00:00,11588914.291706935,11588914.291706935,0.0,0.0,0.0,0.0,0,-0.15563337657947587,True,False,620,125
2005-08-03 00:00:00+00:00,11588914.291706935,11588914.291706935,0.0,0.0,0.0,0.0,0,-0.15563337657947587,True,False,620,125
2005-08-04 00:00:00+00:00,11588914.291706935,11588914.291706935,0.0,0.0,0.0,0.0,0,-0.15563337657947587,True,False,620,125
2005-08-05 00:00:00+00:00,11588914.291706935,11588914.291706935,0.0,0.0,0.0,0.0,0,-0.15563337657947587,True,False,620,125
2005-08-08 00:00:00+00:00,11588914.291706935,11588914.291706935,0.0,0.0,0.0,0.0,0,-0.15563337657947587,True,False,620,125
2005-08-09 00:00:00+00:00,11588914.291706935,11588914.291706935,0.0,0.0,0.0,0.0,0,-0.15563337657947587,True,False,620,125
2005-08-10 00:00:00+00:00,11588914.291706935,11588914.291706935,0.0,0.0,0.0,0.0,0,-0.15563337657947587,True,False,620,125
2005-08-11 00:00:00+00:00,11588914.291706935,11588914.291706935,0.0,0.0,0.0,0.0,0,-0.15563337657947587,True,False,620,125
2005-08-12 00:00:00+00:00,11588914.291706935,11588914.291706935,0.0,0.0,0.0,0.0,0,-0.15563337657947587,True,False,620,125
2005-08-15 00:00:00+00:00,11588914.291706935,11588914.291706935,0.0,0.0,0.0,0.0,0,-0.15563337657947587,True,False,621,125
2005-08-16 00:00:00+00:00,11588914.291706935,11588914.291706935,0.0,0.0,0.0,0.0,0,-0.15563337657947587,True,False,621,125
2005-08-17 00:00:00+00:00,11588914.291706935,11588914.291706935,0.0,0.0,0.0,0.0,0,-0.15563337657947587,True,False,621,125
2005-08-18 00:00:00+00:00,11588914.291706935,11588914.291706935,0.0,0.0,0.0,0.0,0,-0.15563337657947587,True,False,621,125
2005-08-19 00:00:00+00:00,11588914.291706935,11588914.291706935,0.0,0.0,0.0,0.0,0,-0.15563337657947587,True,False,621,125
2005-08-22 00:00:00+00:00,11588914.291706935,11588914.291706935,0.0,0.0,0.0,0.0,0,-0.15563337657947587,True,False,621,125
2005-08-23 00:00:00+00:00,11588914.291706935,11588914.291706935,0.0,0.0,0.0,0.0,0,-0.15563337657947587,True,False,633,125
2005-08-24 00:00:00+00:00,11588914.291706935,11588914.291706935,0.0,0.0,0.0,0.0,0,-0.15563337657947587,True,False,634,125
2005-08-25 00:00:00+00:00,11588914.291706935,11588914.291706935,0.0,0.0,0.0,0.0,0,-0.15563337657947587,True,False,634,125
2005-08-26 00:00:00+00:00,11588914.291706935,11588914.291706935,0.0,0.0,0.0,0.0,0,-0.15563337657947587,True,False,634,125
2005-08-29 00:00:00+00:00,11588914.291706935,11588914.291706935,0.0,0.0,0.0,0.0,0,-0.15563337657947587,True,False,634,125
2005-08-30 00:00:00+00:00,11588914.291706935,11588914.291706935,0.0,0.0,0.0,0.0,0,-0.15563337657947587,True,False,634,125
2005-08-31 00:00:00+00:00,11588914.291706935,11588914.291706935,0.0,0.0,0.0,0.0,0,-0.15563337657947587,True,False,634,125
2005-09-01 00:00:00+00:00,11588914.291706935,11588914.291706935,0.0,0.0,0.0,0.0,0,-0.15563337657947587,True,False,634,125
2005-09-02 00:00:00+00:00,11588914.291706935,11588914.291706935,0.0,0.0,0.0,0.0,0,-0.15563337657947587,True,False,634,125
2005-09-05 00:00:00+00:00,11588914.291706935,11588914.291706935,0.0,0.0,0.0,0.0,0,-0.15563337657947587,True,False,634,125
2005-09-06 00:00:00+00:00,11588914.291706935,11588914.291706935,0.0,0.0,0.0,0.0,0,-0.15563337657947587,True,False,634,125
2005-09-07 00:00:00+00:00,11588914.291706935,11588914.291706935,0.0,0.0,0.0,0.0,0,-0.15563337657947587,True,False,634,125
2005-09-08 00:00:00+00:00,11588914.291706935,11588914.291706935,0.0,0.0,0.0,0.0,0,-0.15563337657947587,True,False,635,125
2005-09-09 00:00:00+00:00,11588914.291706935,11588914.291706935,0.0,0.0,0.0,0.0,0,-0.15563337657947587,True,False,635,125
2005-09-12 00:00:00+00:00,11588914.291706935,11588914.291706935,0.0,0.0,0.0,0.0,0,-0.15563337657947587,True,False,635,125
2005-09-13 00:00:00+00:00,11588914.291706935,11588914.291706935,0.0,0.0,0.0,0.0,0,-0.15563337657947587,True,False,635,125
2005-09-14 00:00:00+00:00,11588914.291706935,11588914.291706935,0.0,0.0,0.0,0.0,0,-0.15563337657947587,True,False,636,125
2005-09-15 00:00:00+00:00,11588914.291706935,11588914.291706935,0.0,0.0,0.0,0.0,0,-0.15563337657947587,True,False,636,125
2005-09-16 00:00:00+00:00,11588914.291706935,11588914.291706935,0.0,0.0,0.0,0.0,0,-0.15563337657947587,True,False,636,125
2005-09-19 00:00:00+00:00,11588914.291706935,11588914.291706935,0.0,0.0,0.0,0.0,0,-0.15563337657947587,True,False,636,125
2005-09-20 00:00:00+00:00,11588914.291706935,11588914.291706935,0.0,0.0,0.0,0.0,0,-0.15563337657947587,True,False,636,125
2005-09-21 00:00:00+00:00,11588914.291706935,11588914.291706935,0.0,0.0,0.0,0.0,0,-0.15563337657947587,True,False,648,125
2005-09-22 00:00:00+00:00,11588914.291706935,11588914.291706935,0.0,0.0,0.0,0.0,0,-0.15563337657947587,True,False,650,125
2005-09-23 00:00:00+00:00,11588914.291706935,11588914.291706935,0.0,0.0,0.0,0.0,0,-0.15563337657947587,True,False,650,125
2005-09-26 00:00:00+00:00,11588914.291706935,11588914.291706935,0.0,0.0,0.0,0.0,0,-0.15563337657947587,True,False,650,125
2005-09-27 00:00:00+00:00,11588914.291706935,11588914.291706935,0.0,0.0,0.0,0.0,0,-0.15563337657947587,True,False,650,125
2005-09-28 00:00:00+00:00,11588914.291706935,11588914.291706935,0.0,0.0,0.0,0.0,0,-0.15563337657947587,True,False,650,125
2005-09-29 00:00:00+00:00,11588914.291706935,11588914.291706935,0.0,0.0,0.0,0.0,0,-0.15563337657947587,True,False,650,125
2005-09-30 00:00:00+00:00,11588914.291706935,11588914.291706935,0.0,0.0,0.0,0.0,0,-0.15563337657947587,True,False,650,125
2005-10-03 00:00:00+00:00,11588914.291706935,11588914.291706935,0.0,0.0,0.0,0.0,0,-0.15563337657947587,True,False,650,125
2005-10-04 00:00:00+00:00,11588914.291706935,11588914.291706935,0.0,0.0,0.0,0.0,0,-0.15563337657947587,True,False,650,125
2005-10-05 00:00:00+00:00,11588914.291706935,11588914.291706935,0.0,0.0,0.0,0.0,0,-0.15563337657947587,True,False,650,125
2005-10-06 00:00:00+00:00,11588914.291706935,11588914.291706935,0.0,0.0,0.0,0.0,0,-0.15563337657947587,True,False,650,125
2005-10-07 00:00:00+00:00,11588914.291706935,11588914.291706935,0.0,0.0,0.0,0.0,0,-0.15563337657947587,True,False,650,125
2005-10-10 00:00:00+00:00,11588914.291706935,11588914.291706935,0.0,0.0,0.0,0.0,0,-0.15563337657947587,True,False,650,125
2005-10-11 00:00:00+00:00,11588914.291706935,11588914.291706935,0.0,0.0,0.0,0.0,0,-0.15563337657947587,True,False,650,125
2005-10-12 00:00:00+00:00,11588914.291706935,11588914.291706935,0.0,0.0,0.0,0.0,0,-0.15563337657947587,True,False,650,125
2005-10-13 00:00:00+00:00,11588914.291706935,11588914.291706935,0.0,0.0,0.0,0.0,0,-0.15563337657947587,True,False,650,125
2005-10-14 00:00:00+00:00,11588914.291706935,11588914.291706935,0.0,0.0,0.0,0.0,0,-0.15563337657947587,True,False,652,125
2005-10-17 00:00:00+00:00,11588914.291706935,11588914.291706935,0.0,0.0,0.0,0.0,0,-0.15563337657947587,True,False,653,125
2005-10-18 00:00:00+00:00,11588914.291706935,11588914.291706935,0.0,0.0,0.0,0.0,0,-0.15563337657947587,True,False,653,125
2005-10-19 00:00:00+00:00,11588914.291706935,11588914.291706935,0.0,0.0,0.0,0.0,0,-0.15563337657947587,True,False,657,125
2005-10-20 00:00:00+00:00,11588914.291706935,11588914.291706935,0.0,0.0,0.0,0.0,0,-0.15563337657947587,True,False,672,125
2005-10-21 00:00:00+00:00,11588914.291706935,11588914.291706935,0.0,0.0,0.0,0.0,0,-0.15563337657947587,True,False,672,125
2005-10-24 00:00:00+00:00,11588914.291706935,11588914.291706935,0.0,0.0,0.0,0.0,0,-0.15563337657947587,True,False,673,125
2005-10-25 00:00:00+00:00,11588914.291706935,11588914.291706935,0.0,0.0,0.0,0.0,0,-0.15563337657947587,True,False,673,125
2005-10-26 00:00:00+00:00,11588914.291706935,11588914.291706935,0.0,0.0,0.0,0.0,0,-0.15563337657947587,True,False,673,125
2005-10-27 00:00:00+00:00,11588914.291706935,11588914.291706935,0.0,0.0,0.0,0.0,0,-0.15563337657947587,True,False,673,125
2005-10-28 00:00:00+00:00,11588914.291706935,11588914.291706935,0.0,0.0,0.0,0.0,0,-0.15563337657947587,True,False,673,125
2005-10-31 00:00:00+00:00,11588914.291706935,11588914.291706935,0.0,0.0,0.0,0.0,0,-0.15563337657947587,True,False,673,125
2005-11-01 00:00:00+00:00,11588914.291706935,11588914.291706935,0.0,0.0,0.0,0.0,0,-0.15563337657947587,True,False,673,125
2005-11-02 00:00:00+00:00,11588914.291706935,11588914.291706935,0.0,0.0,0.0,0.0,0,-0.15563337657947587,True,False,673,125
2005-11-03 00:00:00+00:00,11588914.291706935,11588914.291706935,0.0,0.0,0.0,0.0,0,-0.15563337657947587,True,False,673,125
2005-11-04 00:00:00+00:00,11588914.291706935,11588914.291706935,0.0,0.0,0.0,0.0,0,-0.15563337657947587,True,False,673,125
2005-11-07 00:00:00+00:00,11588914.291706935,11588914.291706935,0.0,0.0,0.0,0.0,0,-0.15563337657947587,True,False,673,125
2005-11-08 00:00:00+00:00,11588914.291706935,11588914.291706935,0.0,0.0,0.0,0.0,0,-0.15563337657947587,True,False,673,125
2005-11-09 00:00:00+00:00,11588914.291706935,11588914.291706935,0.0,0.0,0.0,0.0,0,-0.15563337657947587,True,False,673,125
2005-11-10 00:00:00+00:00,11588914.291706935,11588914.291706935,0.0,0.0,0.0,0.0,0,-0.15563337657947587,True,False,673,125
2005-11-11 00:00:00+00:00,11588914.291706935,11588914.291706935,0.0,0.0,0.0,0.0,0,-0.15563337657947587,True,False,673,125
2005-11-14 00:00:00+00:00,11588914.291706935,11588914.291706935,0.0,0.0,0.0,0.0,0,-0.15563337657947587,True,False,673,125
2005-11-15 00:00:00+00:00,11588914.291706935,11588914.291706935,0.0,0.0,0.0,0.0,0,-0.15563337657947587,True,False,673,125
2005-11-16 00:00:00+00:00,11588914.291706935,11588914.291706935,0.0,0.0,0.0,0.0,0,-0.15563337657947587,True,False,673,125
2005-11-17 00:00:00+00:00,11588914.291706935,11588914.291706935,0.0,0.0,0.0,0.0,0,-0.15563337657947587,True,False,673,125
2005-11-18 00:00:00+00:00,11588914.291706935,11588914.291706935,0.0,0.0,0.0,0.0,0,-0.15563337657947587,True,False,686,125
2005-11-21 00:00:00+00:00,11588914.291706935,11588914.291706935,0.0,0.0,0.0,0.0,0,-0.15563337657947587,True,False,686,125
2005-11-22 00:00:00+00:00,11588914.291706935,11588914.291706935,0.0,0.0,0.0,0.0,0,-0.15563337657947587,True,False,686,125
2005-11-23 00:00:00+00:00,11588914.291706935,11588914.291706935,0.0,0.0,0.0,0.0,0,-0.15563337657947587,True,False,686,125
2005-11-24 00:00:00+00:00,11588914.291706935,11588914.291706935,0.0,0.0,0.0,0.0,0,-0.15563337657947587,True,False,686,125
2005-11-25 00:00:00+00:00,11588914.291706935,11588914.291706935,0.0,0.0,0.0,0.0,0,-0.15563337657947587,True,False,686,125
2005-11-28 00:00:00+00:00,11588914.291706935,11588914.291706935,0.0,0.0,0.0,0.0,0,-0.15563337657947587,True,False,686,125
2005-11-29 00:00:00+00:00,11588914.291706935,11588914.291706935,0.0,0.0,0.0,0.0,0,-0.15563337657947587,True,False,686,125
2005-11-30 00:00:00+00:00,11588914.291706935,11588914.291706935,0.0,0.0,0.0,0.0,0,-0.15563337657947587,True,False,686,125
2005-12-01 00:00:00+00:00,11588914.291706935,11588914.291706935,0.0,0.0,0.0,0.0,0,-0.15563337657947587,True,False,686,125
2005-12-02 00:00:00+00:00,11588914.291706935,11588914.291706935,0.0,0.0,0.0,0.0,0,-0.15563337657947587,True,False,686,125
2005-12-05 00:00:00+00:00,11588914.291706935,11588914.291706935,0.0,0.0,0.0,0.0,0,-0.15563337657947587,True,False,686,125
2005-12-06 00:00:00+00:00,11588914.291706935,11588914.291706935,0.0,0.0,0.0,0.0,0,-0.15563337657947587,True,False,686,125
2005-12-07 00:00:00+00:00,11588914.291706935,11588914.291706935,0.0,0.0,0.0,0.0,0,-0.15563337657947587,True,False,686,125
2005-12-08 00:00:00+00:00,11588914.291706935,11588914.291706935,0.0,0.0,0.0,0.0,0,-0.15563337657947587,True,False,686,125
2005-12-09 00:00:00+00:00,11588914.291706935,11588914.291706935,0.0,0.0,0.0,0.0,0,-0.15563337657947587,True,False,686,125
2005-12-12 00:00:00+00:00,11588914.291706935,11588914.291706935,0.0,0.0,0.0,0.0,0,-0.15563337657947587,True,False,686,125
2005-12-13 00:00:00+00:00,11588914.291706935,11588914.291706935,0.0,0.0,0.0,0.0,0,-0.15563337657947587,True,False,686,125
2005-12-14 00:00:00+00:00,11588914.291706935,11588914.291706935,0.0,0.0,0.0,0.0,0,-0.15563337657947587,True,False,686,125
2005-12-15 00:00:00+00:00,11588914.291706935,11588914.291706935,0.0,0.0,0.0,0.0,0,-0.15563337657947587,True,False,686,125
2005-12-16 00:00:00+00:00,11588914.291706935,11588914.291706935,0.0,0.0,0.0,0.0,0,-0.15563337657947587,True,False,686,125
2005-12-19 00:00:00+00:00,11588914.291706935,11588914.291706935,0.0,0.0,0.0,0.0,0,-0.15563337657947587,True,False,698,125
2005-12-20 00:00:00+00:00,11588914.291706935,11588914.291706935,0.0,0.0,0.0,0.0,0,-0.15563337657947587,True,False,698,125
2005-12-21 00:00:00+00:00,11588914.291706935,11588914.291706935,0.0,0.0,0.0,0.0,0,-0.15563337657947587,True,False,698,125
2005-12-22 00:00:00+00:00,11588914.291706935,11588914.291706935,0.0,0.0,0.0,0.0,0,-0.15563337657947587,True,False,698,125
2005-12-23 00:00:00+00:00,11588914.291706935,11588914.291706935,0.0,0.0,0.0,0.0,0,-0.15563337657947587,True,False,698,125
2005-12-26 00:00:00+00:00,11588914.291706935,11588914.291706935,0.0,0.0,0.0,0.0,0,-0.15563337657947587,True,False,698,125
2005-12-27 00:00:00+00:00,11588914.291706935,11588914.291706935,0.0,0.0,0.0,0.0,0,-0.15563337657947587,True,False,698,125
2005-12-28 00:00:00+00:00,11588914.291706935,11588914.291706935,0.0,0.0,0.0,0.0,0,-0.15563337657947587,True,False,698,125
2005-12-29 00:00:00+00:00,11588914.291706935,11588914.291706935,0.0,0.0,0.0,0.0,0,-0.15563337657947587,True,False,698,125
2005-12-30 00:00:00+00:00,11588914.291706935,11588914.291706935,0.0,0.0,0.0,0.0,0,-0.15563337657947587,True,False,698,125
2006-01-02 00:00:00+00:00,11588914.291706935,11588914.291706935,0.0,0.0,0.0,0.0,0,-0.15563337657947587,True,False,698,125
2006-01-03 00:00:00+00:00,11588914.291706935,11588914.291706935,0.0,0.0,0.0,0.0,0,-0.15563337657947587,True,False,698,125
2006-01-04 00:00:00+00:00,11588914.291706935,11588914.291706935,0.0,0.0,0.0,0.0,0,-0.15563337657947587,True,False,698,125
2006-01-05 00:00:00+00:00,11588914.291706935,11588914.291706935,0.0,0.0,0.0,0.0,0,-0.15563337657947587,True,False,698,125
2006-01-06 00:00:00+00:00,11588914.291706935,11588914.291706935,0.0,0.0,0.0,0.0,0,-0.15563337657947587,True,False,698,125
2006-01-09 00:00:00+00:00,11588914.291706935,11588914.291706935,0.0,0.0,0.0,0.0,0,-0.15563337657947587,True,False,698,125
2006-01-10 00:00:00+00:00,11588914.291706935,11588914.291706935,0.0,0.0,0.0,0.0,0,-0.15563337657947587,True,False,698,125
2006-01-11 00:00:00+00:00,11588914.291706935,11588914.291706935,0.0,0.0,0.0,0.0,0,-0.15563337657947587,True,False,698,125
2006-01-12 00:00:00+00:00,11588914.291706935,11588914.291706935,0.0,0.0,0.0,0.0,0,-0.15563337657947587,True,False,698,125
2006-01-13 00:00:00+00:00,11588914.291706935,11588914.291706935,0.0,0.0,0.0,0.0,0,-0.15563337657947587,True,False,698,125
2006-01-16 00:00:00+00:00,11588914.291706935,11588914.291706935,0.0,0.0,0.0,0.0,0,-0.15563337657947587,True,False,698,125
2006-01-17 00:00:00+00:00,11588914.291706935,11588914.291706935,0.0,0.0,0.0,0.0,0,-0.15563337657947587,True,False,710,125
2006-01-18 00:00:00+00:00,11588914.291706935,11588914.291706935,0.0,0.0,0.0,0.0,0,-0.15563337657947587,True,False,711,125
2006-01-19 00:00:00+00:00,11588914.291706935,11588914.291706935,0.0,0.0,0.0,0.0,0,-0.15563337657947587,True,False,711,125
2006-01-20 00:00:00+00:00,11588914.291706935,11588914.291706935,0.0,0.0,0.0,0.0,0,-0.15563337657947587,True,False,711,125
2006-01-23 00:00:00+00:00,11588914.291706935,11588914.291706935,0.0,0.0,0.0,0.0,0,-0.15563337657947587,True,False,711,125
2006-01-24 00:00:00+00:00,11588914.291706935,11588914.291706935,0.0,0.0,0.0,0.0,0,-0.15563337657947587,True,False,711,125
2006-01-25 00:00:00+00:00,11588914.291706935,11588914.291706935,0.0,0.0,0.0,0.0,0,-0.15563337657947587,True,False,711,125
2006-01-26 00:00:00+00:00,11588914.291706935,11588914.291706935,0.0,0.0,0.0,0.0,0,-0.15563337657947587,True,False,711,125
2006-01-27 00:00:00+00:00,11588914.291706935,11588914.291706935,0.0,0.0,0.0,0.0,0,-0.15563337657947587,True,False,711,125
2006-01-30 00:00:00+00:00,11588914.291706935,11588914.291706935,0.0,0.0,0.0,0.0,0,-0.15563337657947587,True,False,712,125
2006-01-31 00:00:00+00:00,11588914.291706935,11588914.291706935,0.0,0.0,0.0,0.0,0,-0.15563337657947587,True,False,712,125
2006-02-01 00:00:00+00:00,11588914.291706935,11588914.291706935,0.0,0.0,0.0,0.0,0,-0.15563337657947587,True,False,712,125
2006-02-02 00:00:00+00:00,11588914.291706935,11588914.291706935,0.0,0.0,0.0,0.0,0,-0.15563337657947587,True,False,712,125
2006-02-03 00:00:00+00:00,11588914.291706935,11588914.291706935,0.0,0.0,0.0,0.0,0,-0.15563337657947587,True,False,712,125
2006-02-06 00:00:00+00:00,11588914.291706935,11588914.291706935,0.0,0.0,0.0,0.0,0,-0.15563337657947587,True,False,712,125
2006-02-07 00:00:00+00:00,11588914.291706935,11588914.291706935,0.0,0.0,0.0,0.0,0,-0.15563337657947587,True,False,712,125
2006-02-08 00:00:00+00:00,11588914.291706935,11588914.291706935,0.0,0.0,0.0,0.0,0,-0.15563337657947587,True,False,712,125
2006-02-09 00:00:00+00:00,11588914.291706935,11588914.291706935,0.0,0.0,0.0,0.0,0,-0.15563337657947587,True,False,712,125
2006-02-10 00:00:00+00:00,11588914.291706935,11588914.291706935,0.0,0.0,0.0,0.0,0,-0.15563337657947587,True,False,712,125
2006-02-13 00:00:00+00:00,11588914.291706935,11588914.291706935,0.0,0.0,0.0,0.0,0,-0.15563337657947587,True,False,712,125
2006-02-14 00:00:00+00:00,11588914.291706935,11588914.291706935,0.0,0.0,0.0,0.0,0,-0.15563337657947587,True,False,712,125
2006-02-15 00:00:00+00:00,11588914.291706935,11588914.291706935,0.0,0.0,0.0,0.0,0,-0.15563337657947587,True,False,724,125
2006-02-16 00:00:00+00:00,11588914.291706935,11588914.291706935,0.0,0.0,0.0,0.0,0,-0.15563337657947587,True,False,724,125
2006-02-17 00:00:00+00:00,11588914.291706935,11588914.291706935,0.0,0.0,0.0,0.0,0,-0.15563337657947587,True,False,724,125
2006-02-20 00:00:00+00:00,11588914.291706935,11588914.291706935,0.0,0.0,0.0,0.0,0,-0.15563337657947587,True,False,724,125
2006-02-21 00:00:00+00:00,11588914.291706935,11588914.291706935,0.0,0.0,0.0,0.0,0,-0.15563337657947587,True,False,724,125
2006-02-22 00:00:00+00:00,11588914.291706935,11588914.291706935,0.0,0.0,0.0,0.0,0,-0.15563337657947587,True,False,724,125
2006-02-23 00:00:00+00:00,11588914.291706935,11588914.291706935,0.0,0.0,0.0,0.0,0,-0.15563337657947587,True,False,724,125
2006-02-24 00:00:00+00:00,11588914.291706935,11588914.291706935,0.0,0.0,0.0,0.0,0,-0.15563337657947587,True,False,724,125
2006-02-27 00:00:00+00:00,11588914.291706935,11588914.291706935,0.0,0.0,0.0,0.0,0,-0.15563337657947587,True,False,724,125
2006-02-28 00:00:00+00:00,11588914.291706935,11588914.291706935,0.0,0.0,0.0,0.0,0,-0.15563337657947587,True,False,724,125
2006-03-01 00:00:00+00:00,11588914.291706935,11588914.291706935,0.0,0.0,0.0,0.0,0,-0.15563337657947587,True,False,724,125
2006-03-02 00:00:00+00:00,11588914.291706935,11588914.291706935,0.0,0.0,0.0,0.0,0,-0.15563337657947587,True,False,724,125
2006-03-03 00:00:00+00:00,11588914.291706935,11588914.291706935,0.0,0.0,0.0,0.0,0,-0.15563337657947587,True,False,724,125
2006-03-06 00:00:00+00:00,11588914.291706935,11588914.291706935,0.0,0.0,0.0,0.0,0,-0.15563337657947587,True,False,724,125
2006-03-07 00:00:00+00:00,11588914.291706935,11588914.291706935,0.0,0.0,0.0,0.0,0,-0.15563337657947587,True,False,724,125
2006-03-08 00:00:00+00:00,11588914.291706935,11588914.291706935,0.0,0.0,0.0,0.0,0,-0.15563337657947587,True,False,724,125
2006-03-09 00:00:00+00:00,11588914.291706935,11588914.291706935,0.0,0.0,0.0,0.0,0,-0.15563337657947587,True,False,724,125
2006-03-10 00:00:00+00:00,11588914.291706935,11588914.291706935,0.0,0.0,0.0,0.0,0,-0.15563337657947587,True,False,724,125
2006-03-13 00:00:00+00:00,11588914.291706935,11588914.291706935,0.0,0.0,0.0,0.0,0,-0.15563337657947587,True,False,724,125
2006-03-14 00:00:00+00:00,11588914.291706935,11588914.291706935,0.0,0.0,0.0,0.0,0,-0.15563337657947587,True,False,724,125
2006-03-15 00:00:00+00:00,11588914.291706935,11588914.291706935,0.0,0.0,0.0,0.0,0,-0.15563337657947587,True,False,724,125
2006-03-16 00:00:00+00:00,11588914.291706935,11588914.291706935,0.0,0.0,0.0,0.0,0,-0.15563337657947587,True,False,736,125
2006-03-17 00:00:00+00:00,11588914.291706935,11588914.291706935,0.0,0.0,0.0,0.0,0,-0.15563337657947587,True,False,736,125
2006-03-20 00:00:00+00:00,11588914.291706935,11588914.291706935,0.0,0.0,0.0,0.0,0,-0.15563337657947587,True,False,737,125
2006-03-21 00:00:00+00:00,11588914.291706935,11588914.291706935,0.0,0.0,0.0,0.0,0,-0.15563337657947587,True,False,737,125
2006-03-22 00:00:00+00:00,11588914.291706935,11588914.291706935,0.0,0.0,0.0,0.0,0,-0.15563337657947587,True,False,737,125
2006-03-23 00:00:00+00:00,11588914.291706935,11588914.291706935,0.0,0.0,0.0,0.0,0,-0.15563337657947587,True,False,737,125
2006-03-24 00:00:00+00:00,11588914.291706935,11588914.291706935,0.0,0.0,0.0,0.0,0,-0.15563337657947587,True,False,737,125
2006-03-27 00:00:00+00:00,11588914.291706935,11588914.291706935,0.0,0.0,0.0,0.0,0,-0.15563337657947587,True,False,737,125
2006-03-28 00:00:00+00:00,11588914.291706935,11588914.291706935,0.0,0.0,0.0,0.0,0,-0.15563337657947587,True,False,737,125
2006-03-29 00:00:00+00:00,11588914.291706935,11588914.291706935,0.0,0.0,0.0,0.0,0,-0.15563337657947587,True,False,737,125
2006-03-30 00:00:00+00:00,11588914.291706935,11588914.291706935,0.0,0.0,0.0,0.0,0,-0.15563337657947587,True,False,737,125
2006-03-31 00:00:00+00:00,11588914.291706935,11588914.291706935,0.0,0.0,0.0,0.0,0,-0.15563337657947587,True,False,737,125
2006-04-03 00:00:00+00:00,11588914.291706935,11588914.291706935,0.0,0.0,0.0,0.0,0,-0.15563337657947587,True,False,737,125
2006-04-04 00:00:00+00:00,11588914.291706935,11588914.291706935,0.0,0.0,0.0,0.0,0,-0.15563337657947587,True,False,737,125
2006-04-05 00:00:00+00:00,11588914.291706935,11588914.291706935,0.0,0.0,0.0,0.0,0,-0.15563337657947587,True,False,737,125
2006-04-06 00:00:00+00:00,11588914.291706935,11588914.291706935,0.0,0.0,0.0,0.0,0,-0.15563337657947587,True,False,737,125
2006-04-07 00:00:00+00:00,11588914.291706935,11588914.291706935,0.0,0.0,0.0,0.0,0,-0.15563337657947587,True,False,737,125
2006-04-10 00:00:00+00:00,11588914.291706935,11588914.291706935,0.0,0.0,0.0,0.0,0,-0.15563337657947587,True,False,737,125
2006-04-11 00:00:00+00:00,11588914.291706935,11588914.291706935,0.0,0.0,0.0,0.0,0,-0.15563337657947587,True,False,737,125
2006-04-12 00:00:00+00:00,11588914.291706935,11588914.291706935,0.0,0.0,0.0,0.0,0,-0.15563337657947587,True,False,737,125
2006-04-13 00:00:00+00:00,11588914.291706935,11588914.291706935,0.0,0.0,0.0,0.0,0,-0.15563337657947587,True,False,738,125
2006-04-17 00:00:00+00:00,11588914.291706935,11588914.291706935,0.0,0.0,0.0,0.0,0,-0.15563337657947587,True,False,750,125
2006-04-18 00:00:00+00:00,11588914.291706935,11588914.291706935,0.0,0.0,0.0,0.0,0,-0.15563337657947587,True,False,750,125
2006-04-19 00:00:00+00:00,11588914.291706935,11588914.291706935,0.0,0.0,0.0,0.0,0,-0.15563337657947587,True,False,750,125
2006-04-20 00:00:00+00:00,11588914.291706935,11588914.291706935,0.0,0.0,0.0,0.0,0,-0.15563337657947587,True,False,750,125
2006-04-21 00:00:00+00:00,11588914.291706935,11588914.291706935,0.0,0.0,0.0,0.0,0,-0.15563337657947587,True,False,750,125
2006-04-24 00:00:00+00:00,11588914.291706935,11588914.291706935,0.0,0.0,0.0,0.0,0,-0.15563337657947587,True,False,750,125
2006-04-25 00:00:00+00:00,11588914.291706935,11588914.291706935,0.0,0.0,0.0,0.0,0,-0.15563337657947587,True,False,750,125
2006-04-26 00:00:00+00:00,11588914.291706935,11588914.291706935,0.0,0.0,0.0,0.0,0,-0.15563337657947587,True,False,750,125
2006-04-27 00:00:00+00:00,11588914.291706935,11588914.291706935,0.0,0.0,0.0,0.0,0,-0.15563337657947587,True,False,750,125
2006-04-28 00:00:00+00:00,11588914.291706935,11588914.291706935,0.0,0.0,0.0,0.0,0,-0.15563337657947587,True,False,750,125
2006-05-01 00:00:00+00:00,11588914.291706935,11588914.291706935,0.0,0.0,0.0,0.0,0,-0.15563337657947587,True,False,750,125
2006-05-02 00:00:00+00:00,11588914.291706935,11588914.291706935,0.0,0.0,0.0,0.0,0,-0.15563337657947587,True,False,750,125
2006-05-03 00:00:00+00:00,11588914.291706935,11588914.291706935,0.0,0.0,0.0,0.0,0,-0.15563337657947587,True,False,750,125
2006-05-04 00:00:00+00:00,11588914.291706935,11588914.291706935,0.0,0.0,0.0,0.0,0,-0.15563337657947587,True,False,750,125
2006-05-05 00:00:00+00:00,11588914.291706935,11588914.291706935,0.0,0.0,0.0,0.0,0,-0.15563337657947587,True,False,750,125
2006-05-08 00:00:00+00:00,11588914.291706935,11588914.291706935,0.0,0.0,0.0,0.0,0,-0.15563337657947587,True,False,750,125
2006-05-09 00:00:00+00:00,11588914.291706935,11588914.291706935,0.0,0.0,0.0,0.0,0,-0.15563337657947587,True,False,750,125
2006-05-10 00:00:00+00:00,11588914.291706935,11588914.291706935,0.0,0.0,0.0,0.0,0,-0.15563337657947587,True,False,750,125
2006-05-11 00:00:00+00:00,11588914.291706935,11588914.291706935,0.0,0.0,0.0,0.0,0,-0.15563337657947587,True,False,750,125
2006-05-12 00:00:00+00:00,11588914.291706935,11588914.291706935,0.0,0.0,0.0,0.0,0,-0.15563337657947587,True,False,750,125
2006-05-15 00:00:00+00:00,11588914.291706935,11588914.291706935,0.0,0.0,0.0,0.0,0,-0.15563337657947587,True,False,751,125
2006-05-16 00:00:00+00:00,11588914.291706935,11588914.291706935,0.0,0.0,0.0,0.0,0,-0.15563337657947587,True,False,766,125
2006-05-17 00:00:00+00:00,11588914.291706935,11588914.291706935,0.0,0.0,0.0,0.0,0,-0.15563337657947587,True,False,766,125
2006-05-18 00:00:00+00:00,11588914.291706935,11588914.291706935,0.0,0.0,0.0,0.0,0,-0.15563337657947587,True,False,766,125
2006-05-19 00:00:00+00:00,11588914.291706935,11588914.291706935,0.0,0.0,0.0,0.0,0,-0.15563337657947587,True,False,772,125
2006-05-22 00:00:00+00:00,11588914.291706935,11588914.291706935,0.0,0.0,0.0,0.0,0,-0.15563337657947587,True,False,787,125
2006-05-23 00:00:00+00:00,11588914.291706935,11588914.291706935,0.0,0.0,0.0,0.0,0,-0.15563337657947587,True,False,787,125
2006-05-24 00:00:00+00:00,11588914.291706935,11588914.291706935,0.0,0.0,0.0,0.0,0,-0.15563337657947587,True,False,787,125
2006-05-25 00:00:00+00:00,11588914.291706935,11588914.291706935,0.0,0.0,0.0,0.0,0,-0.15563337657947587,True,False,787,125
2006-05-26 00:00:00+00:00,11588914.291706935,11588914.291706935,0.0,0.0,0.0,0.0,0,-0.15563337657947587,True,False,787,125
2006-05-29 00:00:00+00:00,11588914.291706935,11588914.291706935,0.0,0.0,0.0,0.0,0,-0.15563337657947587,True,False,787,125
2006-05-30 00:00:00+00:00,11588914.291706935,11588914.291706935,0.0,0.0,0.0,0.0,0,-0.15563337657947587,True,False,787,125
2006-05-31 00:00:00+00:00,11588914.291706935,11588914.291706935,0.0,0.0,0.0,0.0,0,-0.15563337657947587,True,False,787,125
2006-06-01 00:00:00+00:00,11588914.291706935,11588914.291706935,0.0,0.0,0.0,0.0,0,-0.15563337657947587,True,False,787,125
2006-06-02 00:00:00+00:00,11588914.291706935,11588914.291706935,0.0,0.0,0.0,0.0,0,-0.15563337657947587,True,False,787,125
2006-06-05 00:00:00+00:00,11588914.291706935,11588914.291706935,0.0,0.0,0.0,0.0,0,-0.15563337657947587,True,False,787,125
2006-06-06 00:00:00+00:00,11588914.291706935,11588914.291706935,0.0,0.0,0.0,0.0,0,-0.15563337657947587,True,False,790,125
2006-06-07 00:00:00+00:00,11588914.291706935,11588914.291706935,0.0,0.0,0.0,0.0,0,-0.15563337657947587,True,False,794,125
2006-06-08 00:00:00+00:00,11588914.291706935,11588914.291706935,0.0,0.0,0.0,0.0,0,-0.15563337657947587,True,False,803,125
2006-06-09 00:00:00+00:00,11588914.291706935,11588914.291706935,0.0,0.0,0.0,0.0,0,-0.15563337657947587,True,False,803,125
2006-06-12 00:00:00+00:00,11588914.291706935,11588914.291706935,0.0,0.0,0.0,0.0,0,-0.15563337657947587,True,False,804,125
2006-06-13 00:00:00+00:00,11588914.291706935,11588914.291706935,0.0,0.0,0.0,0.0,0,-0.15563337657947587,True,False,807,125
2006-06-14 00:00:00+00:00,11588914.291706935,11588914.291706935,0.0,0.0,0.0,0.0,0,-0.15563337657947587,True,False,821,125
2006-06-15 00:00:00+00:00,11588914.291706935,11588914.291706935,0.0,0.0,0.0,0.0,0,-0.15563337657947587,True,False,821,125
2006-06-16 00:00:00+00:00,11588914.291706935,11588914.291706935,0.0,0.0,0.0,0.0,0,-0.15563337657947587,True,False,821,125
2006-06-19 00:00:00+00:00,11588914.291706935,11588914.291706935,0.0,0.0,0.0,0.0,0,-0.15563337657947587,True,False,821,125
2006-06-20 00:00:00+00:00,11588914.291706935,11588914.291706935,0.0,0.0,0.0,0.0,0,-0.15563337657947587,True,False,821,125
2006-06-21 00:00:00+00:00,11588914.291706935,11588914.291706935,0.0,0.0,0.0,0.0,0,-0.15563337657947587,True,False,821,125
2006-06-22 00:00:00+00:00,11588914.291706935,11588914.291706935,0.0,0.0,0.0,0.0,0,-0.15563337657947587,True,False,821,125
2006-06-23 00:00:00+00:00,11588914.291706935,11588914.291706935,0.0,0.0,0.0,0.0,0,-0.15563337657947587,True,False,821,125
2006-06-26 00:00:00+00:00,11588914.291706935,11588914.291706935,0.0,0.0,0.0,0.0,0,-0.15563337657947587,True,False,821,125
2006-06-27 00:00:00+00:00,11588914.291706935,11588914.291706935,0.0,0.0,0.0,0.0,0,-0.15563337657947587,True,False,821,125
2006-06-28 00:00:00+00:00,11588914.291706935,11588914.291706935,0.0,0.0,0.0,0.0,0,-0.15563337657947587,True,False,821,125
2006-06-29 00:00:00+00:00,11588914.291706935,11588914.291706935,0.0,0.0,0.0,0.0,0,-0.15563337657947587,True,False,821,125
2006-06-30 00:00:00+00:00,11588914.291706935,11588914.291706935,0.0,0.0,0.0,0.0,0,-0.15563337657947587,True,False,821,125
2006-07-03 00:00:00+00:00,11588914.291706935,11588914.291706935,0.0,0.0,0.0,0.0,0,-0.15563337657947587,True,False,821,125
2006-07-04 00:00:00+00:00,11588914.291706935,11588914.291706935,0.0,0.0,0.0,0.0,0,-0.15563337657947587,True,False,821,125
2006-07-05 00:00:00+00:00,11588914.291706935,11588914.291706935,0.0,0.0,0.0,0.0,0,-0.15563337657947587,True,False,821,125
2006-07-06 00:00:00+00:00,11588914.291706935,11588914.291706935,0.0,0.0,0.0,0.0,0,-0.15563337657947587,True,False,821,125
2006-07-07 00:00:00+00:00,11588914.291706935,11588914.291706935,0.0,0.0,0.0,0.0,0,-0.15563337657947587,True,False,821,125
2006-07-10 00:00:00+00:00,11588914.291706935,11588914.291706935,0.0,0.0,0.0,0.0,0,-0.15563337657947587,True,False,821,125
2006-07-11 00:00:00+00:00,11588914.291706935,11588914.291706935,0.0,0.0,0.0,0.0,0,-0.15563337657947587,True,False,821,125
2006-07-12 00:00:00+00:00,11588914.291706935,11588914.291706935,0.0,0.0,0.0,0.0,0,-0.15563337657947587,True,False,821,125
2006-07-13 00:00:00+00:00,11588914.291706935,11588914.291706935,0.0,0.0,0.0,0.0,0,-0.15563337657947587,True,False,833,125
2006-07-14 00:00:00+00:00,11588914.291706935,11588914.291706935,0.0,0.0,0.0,0.0,0,-0.15563337657947587,True,False,833,125
2006-07-17 00:00:00+00:00,11588914.291706935,11588914.291706935,0.0,0.0,0.0,0.0,0,-0.15563337657947587,True,False,833,125
2006-07-18 00:00:00+00:00,11588914.291706935,11588914.291706935,0.0,0.0,0.0,0.0,0,-0.15563337657947587,True,False,833,125
2006-07-19 00:00:00+00:00,11588914.291706935,11588914.291706935,0.0,0.0,0.0,0.0,0,-0.15563337657947587,True,False,835,125
2006-07-20 00:00:00+00:00,11588914.291706935,11588914.291706935,0.0,0.0,0.0,0.0,0,-0.15563337657947587,True,False,835,125
2006-07-21 00:00:00+00:00,11588914.291706935,11588914.291706935,0.0,0.0,0.0,0.0,0,-0.15563337657947587,True,False,836,125
2006-07-24 00:00:00+00:00,11588914.291706935,11588914.291706935,0.0,0.0,0.0,0.0,0,-0.15563337657947587,True,False,836,125
2006-07-25 00:00:00+00:00,11588914.291706935,11588914.291706935,0.0,0.0,0.0,0.0,0,-0.15563337657947587,True,False,836,125
2006-07-26 00:00:00+00:00,11588914.291706935,11588914.291706935,0.0,0.0,0.0,0.0,0,-0.15563337657947587,True,False,836,125
2006-07-27 00:00:00+00:00,11588914.291706935,11588914.291706935,0.0,0.0,0.0,0.0,0,-0.15563337657947587,True,False,836,125
2006-07-28 00:00:00+00:00,11588914.291706935,11588914.291706935,0.0,0.0,0.0,0.0,0,-0.15563337657947587,True,False,836,125
2006-07-31 00:00:00+00:00,11588914.291706935,11588914.291706935,0.0,0.0,0.0,0.0,0,-0.15563337657947587,True,False,836,125
2006-08-01 00:00:00+00:00,11588914.291706935,11588914.291706935,0.0,0.0,0.0,0.0,0,-0.15563337657947587,True,False,836,125
2006-08-02 00:00:00+00:00,11588914.291706935,11588914.291706935,0.0,0.0,0.0,0.0,0,-0.15563337657947587,True,False,836,125
2006-08-03 00:00:00+00:00,11588914.291706935,11588914.291706935,0.0,0.0,0.0,0.0,0,-0.15563337657947587,True,False,837,125
2006-08-04 00:00:00+00:00,11588914.291706935,11588914.291706935,0.0,0.0,0.0,0.0,0,-0.15563337657947587,True,False,837,125
2006-08-07 00:00:00+00:00,11588914.291706935,11588914.291706935,0.0,0.0,0.0,0.0,0,-0.15563337657947587,True,False,838,125
2006-08-08 00:00:00+00:00,11588914.291706935,11588914.291706935,0.0,0.0,0.0,0.0,0,-0.15563337657947587,True,False,839,125
2006-08-09 00:00:00+00:00,11588914.291706935,11588914.291706935,0.0,0.0,0.0,0.0,0,-0.15563337657947587,True,False,839,125
2006-08-10 00:00:00+00:00,11588914.291706935,11588914.291706935,0.0,0.0,0.0,0.0,0,-0.15563337657947587,True,False,839,125
2006-08-11 00:00:00+00:00,11588914.291706935,11588914.291706935,0.0,0.0,0.0,0.0,0,-0.15563337657947587,True,False,852,125
2006-08-14 00:00:00+00:00,11588914.291706935,11588914.291706935,0.0,0.0,0.0,0.0,0,-0.15563337657947587,True,False,852,125
2006-08-15 00:00:00+00:00,11588914.291706935,11588914.291706935,0.0,0.0,0.0,0.0,0,-0.15563337657947587,True,False,852,125
2006-08-16 00:00:00+00:00,11588914.291706935,11588914.291706935,0.0,0.0,0.0,0.0,0,-0.15563337657947587,True,False,852,125
2006-08-17 00:00:00+00:00,11588914.291706935,11588914.291706935,0.0,0.0,0.0,0.0,0,-0.15563337657947587,True,False,852,125
2006-08-18 00:00:00+00:00,11588914.291706935,11588914.291706935,0.0,0.0,0.0,0.0,0,-0.15563337657947587,True,False,852,125
2006-08-21 00:00:00+00:00,11588914.291706935,11588914.291706935,0.0,0.0,0.0,0.0,0,-0.15563337657947587,True,False,852,125
2006-08-22 00:00:00+00:00,11588914.291706935,11588914.291706935,0.0,0.0,0.0,0.0,0,-0.15563337657947587,True,False,852,125
2006-08-23 00:00:00+00:00,11588914.291706935,11588914.291706935,0.0,0.0,0.0,0.0,0,-0.15563337657947587,True,False,852,125
2006-08-24 00:00:00+00:00,11588914.291706935,11588914.291706935,0.0,0.0,0.0,0.0,0,-0.15563337657947587,True,False,852,125
2006-08-25 00:00:00+00:00,11588914.291706935,11588914.291706935,0.0,0.0,0.0,0.0,0,-0.15563337657947587,True,False,852,125
2006-08-28 00:00:00+00:00,11588914.291706935,11588914.291706935,0.0,0.0,0.0,0.0,0,-0.15563337657947587,True,False,852,125
2006-08-29 00:00:00+00:00,11588914.291706935,11588914.291706935,0.0,0.0,0.0,0.0,0,-0.15563337657947587,True,False,852,125
2006-08-30 00:00:00+00:00,11588914.291706935,11588914.291706935,0.0,0.0,0.0,0.0,0,-0.15563337657947587,True,False,852,125
2006-08-31 00:00:00+00:00,11588914.291706935,11588914.291706935,0.0,0.0,0.0,0.0,0,-0.15563337657947587,True,False,852,125
2006-09-01 00:00:00+00:00,11588914.291706935,11588914.291706935,0.0,0.0,0.0,0.0,0,-0.15563337657947587,True,False,852,125
2006-09-04 00:00:00+00:00,11588914.291706935,11588914.291706935,0.0,0.0,0.0,0.0,0,-0.15563337657947587,True,False,852,125
2006-09-05 00:00:00+00:00,11588914.291706935,11588914.291706935,0.0,0.0,0.0,0.0,0,-0.15563337657947587,True,False,852,125
2006-09-06 00:00:00+00:00,11588914.291706935,11588914.291706935,0.0,0.0,0.0,0.0,0,-0.15563337657947587,True,False,852,125
2006-09-07 00:00:00+00:00,11588914.291706935,11588914.291706935,0.0,0.0,0.0,0.0,0,-0.15563337657947587,True,False,852,125
2006-09-08 00:00:00+00:00,11588914.291706935,11588914.291706935,0.0,0.0,0.0,0.0,0,-0.15563337657947587,True,False,852,125
2006-09-11 00:00:00+00:00,11588914.291706935,11588914.291706935,0.0,0.0,0.0,0.0,0,-0.15563337657947587,True,False,864,125
2006-09-12 00:00:00+00:00,11588914.291706935,11588914.291706935,0.0,0.0,0.0,0.0,0,-0.15563337657947587,True,False,865,125
2006-09-13 00:00:00+00:00,11588914.291706935,11588914.291706935,0.0,0.0,0.0,0.0,0,-0.15563337657947587,True,False,865,125
2006-09-14 00:00:00+00:00,11588914.291706935,11588914.291706935,0.0,0.0,0.0,0.0,0,-0.15563337657947587,True,False,866,125
2006-09-15 00:00:00+00:00,11588914.291706935,11588914.291706935,0.0,0.0,0.0,0.0,0,-0.15563337657947587,True,False,866,125
2006-09-18 00:00:00+00:00,11588914.291706935,11588914.291706935,0.0,0.0,0.0,0.0,0,-0.15563337657947587,True,False,866,125
2006-09-19 00:00:00+00:00,11588914.291706935,11588914.291706935,0.0,0.0,0.0,0.0,0,-0.15563337657947587,True,False,866,125
2006-09-20 00:00:00+00:00,11588914.291706935,11588914.291706935,0.0,0.0,0.0,0.0,0,-0.15563337657947587,True,False,866,125
2006-09-21 00:00:00+00:00,11588914.291706935,11588914.291706935,0.0,0.0,0.0,0.0,0,-0.15563337657947587,True,False,866,125
2006-09-22 00:00:00+00:00,11588914.291706935,11588914.291706935,0.0,0.0,0.0,0.0,0,-0.15563337657947587,True,False,866,125
2006-09-25 00:00:00+00:00,11588914.291706935,11588914.291706935,0.0,0.0,0.0,0.0,0,-0.15563337657947587,True,False,866,125
2006-09-26 00:00:00+00:00,11588914.291706935,11588914.291706935,0.0,0.0,0.0,0.0,0,-0.15563337657947587,True,False,866,125
2006-09-27 00:00:00+00:00,11588914.291706935,11588914.291706935,0.0,0.0,0.0,0.0,0,-0.15563337657947587,True,False,867,125
2006-09-28 00:00:00+00:00,11588914.291706935,11588914.291706935,0.0,0.0,0.0,0.0,0,-0.15563337657947587,True,False,867,125
2006-09-29 00:00:00+00:00,11588914.291706935,11588914.291706935,0.0,0.0,0.0,0.0,0,-0.15563337657947587,True,False,867,125
2006-10-02 00:00:00+00:00,11588914.291706935,11588914.291706935,0.0,0.0,0.0,0.0,0,-0.15563337657947587,True,False,867,125
2006-10-03 00:00:00+00:00,11588914.291706935,11588914.291706935,0.0,0.0,0.0,0.0,0,-0.15563337657947587,True,False,867,125
2006-10-04 00:00:00+00:00,11588914.291706935,11588914.291706935,0.0,0.0,0.0,0.0,0,-0.15563337657947587,True,False,867,125
2006-10-05 00:00:00+00:00,11588914.291706935,11588914.291706935,0.0,0.0,0.0,0.0,0,-0.15563337657947587,True,False,867,125
2006-10-06 00:00:00+00:00,11588914.291706935,11588914.291706935,0.0,0.0,0.0,0.0,0,-0.15563337657947587,True,False,867,125
2006-10-09 00:00:00+00:00,11588914.291706935,11588914.291706935,0.0,0.0,0.0,0.0,0,-0.15563337657947587,True,False,867,125
2006-10-10 00:00:00+00:00,11588914.291706935,11588914.291706935,0.0,0.0,0.0,0.0,0,-0.15563337657947587,True,False,879,125
2006-10-11 00:00:00+00:00,11588914.291706935,11588914.291706935,0.0,0.0,0.0,0.0,0,-0.15563337657947587,True,False,879,125
2006-10-12 00:00:00+00:00,11588914.291706935,11588914.291706935,0.0,0.0,0.0,0.0,0,-0.15563337657947587,True,False,879,125
2006-10-13 00:00:00+00:00,11588914.291706935,11588914.291706935,0.0,0.0,0.0,0.0,0,-0.15563337657947587,True,False,879,125
2006-10-16 00:00:00+00:00,11588914.291706935,11588914.291706935,0.0,0.0,0.0,0.0,0,-0.15563337657947587,True,False,879,125
2006-10-17 00:00:00+00:00,11588914.291706935,11588914.291706935,0.0,0.0,0.0,0.0,0,-0.15563337657947587,True,False,879,125
2006-10-18 00:00:00+00:00,11588914.291706935,11588914.291706935,0.0,0.0,0.0,0.0,0,-0.15563337657947587,True,False,879,125
2006-10-19 00:00:00+00:00,11588914.291706935,11588914.291706935,0.0,0.0,0.0,0.0,0,-0.15563337657947587,True,False,879,125
2006-10-20 00:00:00+00:00,11588914.291706935,11588914.291706935,0.0,0.0,0.0,0.0,0,-0.15563337657947587,True,False,879,125
2006-10-23 00:00:00+00:00,11588914.291706935,11588914.291706935,0.0,0.0,0.0,0.0,0,-0.15563337657947587,True,False,879,125
2006-10-24 00:00:00+00:00,11588914.291706935,11588914.291706935,0.0,0.0,0.0,0.0,0,-0.15563337657947587,True,False,879,125
2006-10-25 00:00:00+00:00,11588914.291706935,11588914.291706935,0.0,0.0,0.0,0.0,0,-0.15563337657947587,True,False,879,125
2006-10-26 00:00:00+00:00,11588914.291706935,11588914.291706935,0.0,0.0,0.0,0.0,0,-0.15563337657947587,True,False,879,125
2006-10-27 00:00:00+00:00,11588914.291706935,11588914.291706935,0.0,0.0,0.0,0.0,0,-0.15563337657947587,True,False,879,125
2006-10-30 00:00:00+00:00,11588914.291706935,11588914.291706935,0.0,0.0,0.0,0.0,0,-0.15563337657947587,True,False,879,125
2006-10-31 00:00:00+00:00,11588914.291706935,11588914.291706935,0.0,0.0,0.0,0.0,0,-0.15563337657947587,True,False,879,125
2006-11-01 00:00:00+00:00,11588914.291706935,11588914.291706935,0.0,0.0,0.0,0.0,0,-0.15563337657947587,True,False,879,125
2006-11-02 00:00:00+00:00,11588914.291706935,11588914.291706935,0.0,0.0,0.0,0.0,0,-0.15563337657947587,True,False,879,125
2006-11-03 00:00:00+00:00,11588914.291706935,11588914.291706935,0.0,0.0,0.0,0.0,0,-0.15563337657947587,True,False,879,125
2006-11-06 00:00:00+00:00,11588914.291706935,11588914.291706935,0.0,0.0,0.0,0.0,0,-0.15563337657947587,True,False,880,125
2006-11-07 00:00:00+00:00,11588914.291706935,11588914.291706935,0.0,0.0,0.0,0.0,0,-0.15563337657947587,True,False,880,125
2006-11-08 00:00:00+00:00,11588914.291706935,11588914.291706935,0.0,0.0,0.0,0.0,0,-0.15563337657947587,True,False,893,125
2006-11-09 00:00:00+00:00,11588914.291706935,11588914.291706935,0.0,0.0,0.0,0.0,0,-0.15563337657947587,True,False,893,125
2006-11-10 00:00:00+00:00,11588914.291706935,11588914.291706935,0.0,0.0,0.0,0.0,0,-0.15563337657947587,True,False,893,125
2006-11-13 00:00:00+00:00,11588914.291706935,11588914.291706935,0.0,0.0,0.0,0.0,0,-0.15563337657947587,True,False,893,125
2006-11-14 00:00:00+00:00,11588914.291706935,11588914.291706935,0.0,0.0,0.0,0.0,0,-0.15563337657947587,True,False,893,125
2006-11-15 00:00:00+00:00,11588914.291706935,11588914.291706935,0.0,0.0,0.0,0.0,0,-0.15563337657947587,True,False,893,125
2006-11-16 00:00:00+00:00,11588914.291706935,11588914.291706935,0.0,0.0,0.0,0.0,0,-0.15563337657947587,True,False,893,125
2006-11-17 00:00:00+00:00,11588914.291706935,11588914.291706935,0.0,0.0,0.0,0.0,0,-0.15563337657947587,True,False,894,125
2006-11-20 00:00:00+00:00,11588914.291706935,11588914.291706935,0.0,0.0,0.0,0.0,0,-0.15563337657947587,True,False,897,125
2006-11-21 00:00:00+00:00,11588914.291706935,11588914.291706935,0.0,0.0,0.0,0.0,0,-0.15563337657947587,True,False,897,125
2006-11-22 00:00:00+00:00,11588914.291706935,11588914.291706935,0.0,0.0,0.0,0.0,0,-0.15563337657947587,True,False,897,125
2006-11-23 00:00:00+00:00,11588914.291706935,11588914.291706935,0.0,0.0,0.0,0.0,0,-0.15563337657947587,True,False,897,125
2006-11-24 00:00:00+00:00,11588914.291706935,11588914.291706935,0.0,0.0,0.0,0.0,0,-0.15563337657947587,True,False,897,125
2006-11-27 00:00:00+00:00,11588914.291706935,11588914.291706935,0.0,0.0,0.0,0.0,0,-0.15563337657947587,True,False,897,125
2006-11-28 00:00:00+00:00,11588914.291706935,11588914.291706935,0.0,0.0,0.0,0.0,0,-0.15563337657947587,True,False,897,125
2006-11-29 00:00:00+00:00,11588914.291706935,11588914.291706935,0.0,0.0,0.0,0.0,0,-0.15563337657947587,True,False,897,125
2006-11-30 00:00:00+00:00,11588914.291706935,11588914.291706935,0.0,0.0,0.0,0.0,0,-0.15563337657947587,True,False,898,125
2006-12-01 00:00:00+00:00,11588914.291706935,11588914.291706935,0.0,0.0,0.0,0.0,0,-0.15563337657947587,True,False,898,125
2006-12-04 00:00:00+00:00,11588914.291706935,11588914.291706935,0.0,0.0,0.0,0.0,0,-0.15563337657947587,True,False,899,125
2006-12-05 00:00:00+00:00,11588914.291706935,11588914.291706935,0.0,0.0,0.0,0.0,0,-0.15563337657947587,True,False,899,125
2006-12-06 00:00:00+00:00,11588914.291706935,11588914.291706935,0.0,0.0,0.0,0.0,0,-0.15563337657947587,True,False,899,125
2006-12-07 00:00:00+00:00,11588914.291706935,11588914.291706935,0.0,0.0,0.0,0.0,0,-0.15563337657947587,True,False,911,125
2006-12-08 00:00:00+00:00,11588914.291706935,11588914.291706935,0.0,0.0,0.0,0.0,0,-0.15563337657947587,True,False,912,125
2006-12-11 00:00:00+00:00,11588914.291706935,11588914.291706935,0.0,0.0,0.0,0.0,0,-0.15563337657947587,True,False,914,125
2006-12-12 00:00:00+00:00,11588914.291706935,11588914.291706935,0.0,0.0,0.0,0.0,0,-0.15563337657947587,True,False,918,125
2006-12-13 00:00:00+00:00,11588914.291706935,11588914.291706935,0.0,0.0,0.0,0.0,0,-0.15563337657947587,True,False,918,125
2006-12-14 00:00:00+00:00,11588914.291706935,11588914.291706935,0.0,0.0,0.0,0.0,0,-0.15563337657947587,True,False,918,125
2006-12-15 00:00:00+00:00,11588914.291706935,11588914.291706935,0.0,0.0,0.0,0.0,0,-0.15563337657947587,True,False,918,125
2006-12-18 00:00:00+00:00,11588914.291706935,11588914.291706935,0.0,0.0,0.0,0.0,0,-0.15563337657947587,True,False,918,125
2006-12-19 00:00:00+00:00,11588914.291706935,11588914.291706935,0.0,0.0,0.0,0.0,0,-0.15563337657947587,True,False,918,125
2006-12-20 00:00:00+00:00,11588914.291706935,11588914.291706935,0.0,0.0,0.0,0.0,0,-0.15563337657947587,True,False,918,125
2006-12-21 00:00:00+00:00,11588914.291706935,11588914.291706935,0.0,0.0,0.0,0.0,0,-0.15563337657947587,True,False,918,125
2006-12-22 00:00:00+00:00,11588914.291706935,11588914.291706935,0.0,0.0,0.0,0.0,0,-0.15563337657947587,True,False,918,125
2006-12-25 00:00:00+00:00,11588914.291706935,11588914.291706935,0.0,0.0,0.0,0.0,0,-0.15563337657947587,True,False,918,125
2006-12-26 00:00:00+00:00,11588914.291706935,11588914.291706935,0.0,0.0,0.0,0.0,0,-0.15563337657947587,True,False,919,125
2006-12-27 00:00:00+00:00,11588914.291706935,11588914.291706935,0.0,0.0,0.0,0.0,0,-0.15563337657947587,True,False,919,125
2006-12-28 00:00:00+00:00,11588914.291706935,11588914.291706935,0.0,0.0,0.0,0.0,0,-0.15563337657947587,True,False,919,125
2006-12-29 00:00:00+00:00,11588914.291706935,11588914.291706935,0.0,0.0,0.0,0.0,0,-0.15563337657947587,True,False,919,125
2007-01-01 00:00:00+00:00,11588914.291706935,11588914.291706935,0.0,0.0,0.0,0.0,0,-0.15563337657947587,True,False,919,125
2007-01-02 00:00:00+00:00,11588914.291706935,11588914.291706935,0.0,0.0,0.0,0.0,0,-0.15563337657947587,True,False,919,125
2007-01-03 00:00:00+00:00,11588914.291706935,11588914.291706935,0.0,0.0,0.0,0.0,0,-0.15563337657947587,True,False,920,125
2007-01-04 00:00:00+00:00,11588914.291706935,11588914.291706935,0.0,0.0,0.0,0.0,0,-0.15563337657947587,True,False,921,125
2007-01-05 00:00:00+00:00,11588914.291706935,11588914.291706935,0.0,0.0,0.0,0.0,0,-0.15563337657947587,True,False,933,125
2007-01-08 00:00:00+00:00,11588914.291706935,11588914.291706935,0.0,0.0,0.0,0.0,0,-0.15563337657947587,True,False,934,125
2007-01-09 00:00:00+00:00,11588914.291706935,11588914.291706935,0.0,0.0,0.0,0.0,0,-0.15563337657947587,True,False,934,125
2007-01-10 00:00:00+00:00,11588914.291706935,11588914.291706935,0.0,0.0,0.0,0.0,0,-0.15563337657947587,True,False,935,125
2007-01-11 00:00:00+00:00,11588914.291706935,11588914.291706935,0.0,0.0,0.0,0.0,0,-0.15563337657947587,True,False,935,125
2007-01-12 00:00:00+00:00,11588914.291706935,11588914.291706935,0.0,0.0,0.0,0.0,0,-0.15563337657947587,True,False,935,125
2007-01-15 00:00:00+00:00,11588914.291706935,11588914.291706935,0.0,0.0,0.0,0.0,0,-0.15563337657947587,True,False,935,125
2007-01-16 00:00:00+00:00,11588914.291706935,11588914.291706935,0.0,0.0,0.0,0.0,0,-0.15563337657947587,True,False,935,125
2007-01-17 00:00:00+00:00,11588914.291706935,11588914.291706935,0.0,0.0,0.0,0.0,0,-0.15563337657947587,True,False,935,125
2007-01-18 00:00:00+00:00,11588914.291706935,11588914.291706935,0.0,0.0,0.0,0.0,0,-0.15563337657947587,True,False,935,125
2007-01-19 00:00:00+00:00,11588914.291706935,11588914.291706935,0.0,0.0,0.0,0.0,0,-0.15563337657947587,True,False,935,125
2007-01-22 00:00:00+00:00,11588914.291706935,11588914.291706935,0.0,0.0,0.0,0.0,0,-0.15563337657947587,True,False,935,125
2007-01-23 00:00:00+00:00,11588914.291706935,11588914.291706935,0.0,0.0,0.0,0.0,0,-0.15563337657947587,True,False,935,125
2007-01-24 00:00:00+00:00,11588914.291706935,11588914.291706935,0.0,0.0,0.0,0.0,0,-0.15563337657947587,True,False,935,125
2007-01-25 00:00:00+00:00,11588914.291706935,11588914.291706935,0.0,0.0,0.0,0.0,0,-0.15563337657947587,True,False,936,125
2007-01-26 00:00:00+00:00,11588914.291706935,11588914.291706935,0.0,0.0,0.0,0.0,0,-0.15563337657947587,True,False,936,125
2007-01-29 00:00:00+00:00,11588914.291706935,11588914.291706935,0.0,0.0,0.0,0.0,0,-0.15563337657947587,True,False,937,125
2007-01-30 00:00:00+00:00,11588914.291706935,11588914.291706935,0.0,0.0,0.0,0.0,0,-0.15563337657947587,True,False,937,125
2007-01-31 00:00:00+00:00,11588914.291706935,11588914.291706935,0.0,0.0,0.0,0.0,0,-0.15563337657947587,True,False,937,125
2007-02-01 00:00:00+00:00,11588914.291706935,11588914.291706935,0.0,0.0,0.0,0.0,0,-0.15563337657947587,True,False,937,125
2007-02-02 00:00:00+00:00,11588914.291706935,11588914.291706935,0.0,0.0,0.0,0.0,0,-0.15563337657947587,True,False,938,125
2007-02-05 00:00:00+00:00,11588914.291706935,11588914.291706935,0.0,0.0,0.0,0.0,0,-0.15563337657947587,True,False,950,125
2007-02-06 00:00:00+00:00,11588914.291706935,11588914.291706935,0.0,0.0,0.0,0.0,0,-0.15563337657947587,True,False,950,125
2007-02-07 00:00:00+00:00,11588914.291706935,11588914.291706935,0.0,0.0,0.0,0.0,0,-0.15563337657947587,True,False,950,125
2007-02-08 00:00:00+00:00,11588914.291706935,11588914.291706935,0.0,0.0,0.0,0.0,0,-0.15563337657947587,True,False,950,125
2007-02-09 00:00:00+00:00,11588914.291706935,11588914.291706935,0.0,0.0,0.0,0.0,0,-0.15563337657947587,True,False,950,125
2007-02-12 00:00:00+00:00,11588914.291706935,11588914.291706935,0.0,0.0,0.0,0.0,0,-0.15563337657947587,True,False,950,125
2007-02-13 00:00:00+00:00,11588914.291706935,11588914.291706935,0.0,0.0,0.0,0.0,0,-0.15563337657947587,True,False,951,125
2007-02-14 00:00:00+00:00,11588914.291706935,11588914.291706935,0.0,0.0,0.0,0.0,0,-0.15563337657947587,True,False,951,125
2007-02-15 00:00:00+00:00,11588914.291706935,11588914.291706935,0.0,0.0,0.0,0.0,0,-0.15563337657947587,True,False,951,125
2007-02-16 00:00:00+00:00,11588914.291706935,11588914.291706935,0.0,0.0,0.0,0.0,0,-0.15563337657947587,True,False,951,125
2007-02-19 00:00:00+00:00,11588914.291706935,11588914.291706935,0.0,0.0,0.0,0.0,0,-0.15563337657947587,True,False,951,125
2007-02-20 00:00:00+00:00,11588914.291706935,11588914.291706935,0.0,0.0,0.0,0.0,0,-0.15563337657947587,True,False,952,125
2007-02-21 00:00:00+00:00,11588914.291706935,11588914.291706935,0.0,0.0,0.0,0.0,0,-0.15563337657947587,True,False,952,125
2007-02-22 00:00:00+00:00,11588914.291706935,11588914.291706935,0.0,0.0,0.0,0.0,0,-0.15563337657947587,True,False,956,125
2007-02-23 00:00:00+00:00,11588914.291706935,11588914.291706935,0.0,0.0,0.0,0.0,0,-0.15563337657947587,True,False,959,125
2007-02-26 00:00:00+00:00,11588914.291706935,11588914.291706935,0.0,0.0,0.0,0.0,0,-0.15563337657947587,True,False,961,125
2007-02-27 00:00:00+00:00,11588914.291706935,11588914.291706935,0.0,0.0,0.0,0.0,0,-0.15563337657947587,True,False,962,125
2007-02-28 00:00:00+00:00,11588914.291706935,11588914.291706935,0.0,0.0,0.0,0.0,0,-0.15563337657947587,True,False,967,125
2007-03-01 00:00:00+00:00,11588914.291706935,11588914.291706935,0.0,0.0,0.0,0.0,0,-0.15563337657947587,True,False,968,125
2007-03-02 00:00:00+00:00,11588914.291706935,11588914.291706935,0.0,0.0,0.0,0.0,0,-0.15563337657947587,True,False,969,125
2007-03-05 00:00:00+00:00,11588914.291706935,11588914.291706935,0.0,0.0,0.0,0.0,0,-0.15563337657947587,True,False,976,125
2007-03-06 00:00:00+00:00,11588914.291706935,11588914.291706935,0.0,0.0,0.0,0.0,0,-0.15563337657947587,True,False,988,125
2007-03-07 00:00:00+00:00,11588914.291706935,11588914.291706935,0.0,0.0,0.0,0.0,0,-0.15563337657947587,True,False,990,125
2007-03-08 00:00:00+00:00,11588914.291706935,11588914.291706935,0.0,0.0,0.0,0.0,0,-0.15563337657947587,True,False,990,125
2007-03-09 00:00:00+00:00,11588914.291706935,11588914.291706935,0.0,0.0,0.0,0.0,0,-0.15563337657947587,True,False,991,125
2007-03-12 00:00:00+00:00,11588914.291706935,11588914.291706935,0.0,0.0,0.0,0.0,0,-0.15563337657947587,True,False,991,125
2007-03-13 00:00:00+00:00,11588914.291706935,11588914.291706935,0.0,0.0,0.0,0.0,0,-0.15563337657947587,True,False,991,125
2007-03-14 00:00:00+00:00,11588914.291706935,11588914.291706935,0.0,0.0,0.0,0.0,0,-0.15563337657947587,True,False,991,125
2007-03-15 00:00:00+00:00,11588914.291706935,11588914.291706935,0.0,0.0,0.0,0.0,0,-0.15563337657947587,True,False,991,125
2007-03-16 00:00:00+00:00,11588914.291706935,11588914.291706935,0.0,0.0,0.0,0.0,0,-0.15563337657947587,True,False,991,125
2007-03-19 00:00:00+00:00,11588914.291706935,11588914.291706935,0.0,0.0,0.0,0.0,0,-0.15563337657947587,True,False,991,125
2007-03-20 00:00:00+00:00,11588914.291706935,11588914.291706935,0.0,0.0,0.0,0.0,0,-0.15563337657947587,True,False,991,125
2007-03-21 00:00:00+00:00,11588914.291706935,11588914.291706935,0.0,0.0,0.0,0.0,0,-0.15563337657947587,True,False,991,125
2007-03-22 00:00:00+00:00,11588914.291706935,11588914.291706935,0.0,0.0,0.0,0.0,0,-0.15563337657947587,True,False,991,125
2007-03-23 00:00:00+00:00,11588914.291706935,11588914.291706935,0.0,0.0,0.0,0.0,0,-0.15563337657947587,True,False,991,125
2007-03-26 00:00:00+00:00,11588914.291706935,11588914.291706935,0.0,0.0,0.0,0.0,0,-0.15563337657947587,True,False,991,125
2007-03-27 00:00:00+00:00,11588914.291706935,11588914.291706935,0.0,0.0,0.0,0.0,0,-0.15563337657947587,True,False,991,125
2007-03-28 00:00:00+00:00,11588914.291706935,11588914.291706935,0.0,0.0,0.0,0.0,0,-0.15563337657947587,True,False,992,125
2007-03-29 00:00:00+00:00,11588914.291706935,11588914.291706935,0.0,0.0,0.0,0.0,0,-0.15563337657947587,True,False,994,125
2007-03-30 00:00:00+00:00,11588914.291706935,11588914.291706935,0.0,0.0,0.0,0.0,0,-0.15563337657947587,True,False,994,125
2007-04-02 00:00:00+00:00,11588914.291706935,11588914.291706935,0.0,0.0,0.0,0.0,0,-0.15563337657947587,True,False,996,125
2007-04-03 00:00:00+00:00,11588914.291706935,11588914.291706935,0.0,0.0,0.0,0.0,0,-0.15563337657947587,True,False,997,125
2007-04-04 00:00:00+00:00,11588914.291706935,11588914.291706935,0.0,0.0,0.0,0.0,0,-0.15563337657947587,True,False,1009,125
2007-04-05 00:00:00+00:00,11588914.291706935,11588914.291706935,0.0,0.0,0.0,0.0,0,-0.15563337657947587,True,False,1009,125
2007-04-09 00:00:00+00:00,11588914.291706935,11588914.291706935,0.0,0.0,0.0,0.0,0,-0.15563337657947587,True,False,1009,125
2007-04-10 00:00:00+00:00,11588914.291706935,11588914.291706935,0.0,0.0,0.0,0.0,0,-0.15563337657947587,True,False,1009,125
2007-04-11 00:00:00+00:00,11588914.291706935,11588914.291706935,0.0,0.0,0.0,0.0,0,-0.15563337657947587,True,False,1009,125
2007-04-12 00:00:00+00:00,11588914.291706935,11588914.291706935,0.0,0.0,0.0,0.0,0,-0.15563337657947587,True,False,1009,125
2007-04-13 00:00:00+00:00,11588914.291706935,11588914.291706935,0.0,0.0,0.0,0.0,0,-0.15563337657947587,True,False,1009,125
2007-04-16 00:00:00+00:00,11588914.291706935,11588914.291706935,0.0,0.0,0.0,0.0,0,-0.15563337657947587,True,False,1009,125
2007-04-17 00:00:00+00:00,11588914.291706935,11588914.291706935,0.0,0.0,0.0,0.0,0,-0.15563337657947587,True,False,1009,125
2007-04-18 00:00:00+00:00,11588914.291706935,11588914.291706935,0.0,0.0,0.0,0.0,0,-0.15563337657947587,True,False,1009,125
2007-04-19 00:00:00+00:00,11588914.291706935,11588914.291706935,0.0,0.0,0.0,0.0,0,-0.15563337657947587,True,False,1009,125
2007-04-20 00:00:00+00:00,11588914.291706935,11588914.291706935,0.0,0.0,0.0,0.0,0,-0.15563337657947587,True,False,1009,125
2007-04-23 00:00:00+00:00,11588914.291706935,11588914.291706935,0.0,0.0,0.0,0.0,0,-0.15563337657947587,True,False,1009,125
2007-04-24 00:00:00+00:00,11588914.291706935,11588914.291706935,0.0,0.0,0.0,0.0,0,-0.15563337657947587,True,False,1009,125
2007-04-25 00:00:00+00:00,11588914.291706935,11588914.291706935,0.0,0.0,0.0,0.0,0,-0.15563337657947587,True,False,1009,125
2007-04-26 00:00:00+00:00,11588914.291706935,11588914.291706935,0.0,0.0,0.0,0.0,0,-0.15563337657947587,True,False,1009,125
2007-04-27 00:00:00+00:00,11588914.291706935,11588914.291706935,0.0,0.0,0.0,0.0,0,-0.15563337657947587,True,False,1009,125
2007-04-30 00:00:00+00:00,11588914.291706935,11588914.291706935,0.0,0.0,0.0,0.0,0,-0.15563337657947587,True,False,1009,125
2007-05-01 00:00:00+00:00,11588914.291706935,11588914.291706935,0.0,0.0,0.0,0.0,0,-0.15563337657947587,True,False,1009,125
2007-05-02 00:00:00+00:00,11588914.291706935,11588914.291706935,0.0,0.0,0.0,0.0,0,-0.15563337657947587,True,False,1009,125
2007-05-03 00:00:00+00:00,11588914.291706935,11588914.291706935,0.0,0.0,0.0,0.0,0,-0.15563337657947587,True,False,1009,125
2007-05-04 00:00:00+00:00,11588914.291706935,11588914.291706935,0.0,0.0,0.0,0.0,0,-0.15563337657947587,True,False,1021,125
2007-05-07 00:00:00+00:00,11588914.291706935,11588914.291706935,0.0,0.0,0.0,0.0,0,-0.15563337657947587,True,False,1021,125
2007-05-08 00:00:00+00:00,11588914.291706935,11588914.291706935,0.0,0.0,0.0,0.0,0,-0.15563337657947587,True,False,1021,125
2007-05-09 00:00:00+00:00,11588914.291706935,11588914.291706935,0.0,0.0,0.0,0.0,0,-0.15563337657947587,True,False,1021,125
2007-05-10 00:00:00+00:00,11588914.291706935,11588914.291706935,0.0,0.0,0.0,0.0,0,-0.15563337657947587,True,False,1022,125
2007-05-11 00:00:00+00:00,11588914.291706935,11588914.291706935,0.0,0.0,0.0,0.0,0,-0.15563337657947587,True,False,1022,125
2007-05-14 00:00:00+00:00,11588914.291706935,11588914.291706935,0.0,0.0,0.0,0.0,0,-0.15563337657947587,True,False,1022,125
2007-05-15 00:00:00+00:00,11588914.291706935,11588914.291706935,0.0,0.0,0.0,0.0,0,-0.15563337657947587,True,False,1022,125
2007-05-16 00:00:00+00:00,11588914.291706935,11588914.291706935,0.0,0.0,0.0,0.0,0,-0.15563337657947587,True,False,1022,125
2007-05-17 00:00:00+00:00,11588914.291706935,11588914.291706935,0.0,0.0,0.0,0.0,0,-0.15563337657947587,True,False,1022,125
2007-05-18 00:00:00+00:00,11588914.291706935,11588914.291706935,0.0,0.0,0.0,0.0,0,-0.15563337657947587,True,False,1022,125
2007-05-21 00:00:00+00:00,11588914.291706935,11588914.291706935,0.0,0.0,0.0,0.0,0,-0.15563337657947587,True,False,1022,125
2007-05-22 00:00:00+00:00,11588914.291706935,11588914.291706935,0.0,0.0,0.0,0.0,0,-0.15563337657947587,True,False,1024,125
2007-05-23 00:00:00+00:00,11588914.291706935,11588914.291706935,0.0,0.0,0.0,0.0,0,-0.15563337657947587,True,False,1024,125
2007-05-24 00:00:00+00:00,11588914.291706935,11588914.291706935,0.0,0.0,0.0,0.0,0,-0.15563337657947587,True,False,1024,125
2007-05-25 00:00:00+00:00,11588914.291706935,11588914.291706935,0.0,0.0,0.0,0.0,0,-0.15563337657947587,True,False,1024,125
2007-05-28 00:00:00+00:00,11588914.291706935,11588914.291706935,0.0,0.0,0.0,0.0,0,-0.15563337657947587,True,False,1024,125
2007-05-29 00:00:00+00:00,11588914.291706935,11588914.291706935,0.0,0.0,0.0,0.0,0,-0.15563337657947587,True,False,1024,125
2007-05-30 00:00:00+00:00,11588914.291706935,11588914.291706935,0.0,0.0,0.0,0.0,0,-0.15563337657947587,True,False,1024,125
2007-05-31 00:00:00+00:00,11588914.291706935,11588914.291706935,0.0,0.0,0.0,0.0,0,-0.15563337657947587,True,False,1024,125
2007-06-01 00:00:00+00:00,11588914.291706935,11588914.291706935,0.0,0.0,0.0,0.0,0,-0.15563337657947587,True,False,1024,125
2007-06-04 00:00:00+00:00,11588914.291706935,11588914.291706935,0.0,0.0,0.0,0.0,0,-0.15563337657947587,True,False,1036,125
2007-06-05 00:00:00+00:00,11588914.291706935,11588914.291706935,0.0,0.0,0.0,0.0,0,-0.15563337657947587,True,False,1036,125
2007-06-06 00:00:00+00:00,11588914.291706935,11588914.291706935,0.0,0.0,0.0,0.0,0,-0.15563337657947587,True,False,1037,125
2007-06-07 00:00:00+00:00,11588914.291706935,11588914.291706935,0.0,0.0,0.0,0.0,0,-0.15563337657947587,True,False,1037,125
2007-06-08 00:00:00+00:00,11588914.291706935,11588914.291706935,0.0,0.0,0.0,0.0,0,-0.15563337657947587,True,False,1039,125
2007-06-11 00:00:00+00:00,11588914.291706935,11588914.291706935,0.0,0.0,0.0,0.0,0,-0.15563337657947587,True,False,1039,125
2007-06-12 00:00:00+00:00,11588914.291706935,11588914.291706935,0.0,0.0,0.0,0.0,0,-0.15563337657947587,True,False,1039,125
2007-06-13 00:00:00+00:00,11588914.291706935,11588914.291706935,0.0,0.0,0.0,0.0,0,-0.15563337657947587,True,False,1039,125
2007-06-14 00:00:00+00:00,11588914.291706935,11588914.291706935,0.0,0.0,0.0,0.0,0,-0.15563337657947587,True,False,1039,125
2007-06-15 00:00:00+00:00,11588914.291706935,11588914.291706935,0.0,0.0,0.0,0.0,0,-0.15563337657947587,True,False,1039,125
2007-06-18 00:00:00+00:00,11588914.291706935,11588914.291706935,0.0,0.0,0.0,0.0,0,-0.15563337657947587,True,False,1039,125
2007-06-19 00:00:00+00:00,11588914.291706935,11588914.291706935,0.0,0.0,0.0,0.0,0,-0.15563337657947587,True,False,1040,125
2007-06-20 00:00:00+00:00,11588914.291706935,11588914.291706935,0.0,0.0,0.0,0.0,0,-0.15563337657947587,True,False,1040,125
2007-06-21 00:00:00+00:00,11588914.291706935,11588914.291706935,0.0,0.0,0.0,0.0,0,-0.15563337657947587,True,False,1040,125
2007-06-22 00:00:00+00:00,11588914.291706935,11588914.291706935,0.0,0.0,0.0,0.0,0,-0.15563337657947587,True,False,1040,125
2007-06-25 00:00:00+00:00,11588914.291706935,11588914.291706935,0.0,0.0,0.0,0.0,0,-0.15563337657947587,True,False,1040,125
2007-06-26 00:00:00+00:00,11588914.291706935,11588914.291706935,0.0,0.0,0.0,0.0,0,-0.15563337657947587,True,False,1041,125
2007-06-27 00:00:00+00:00,11588914.291706935,11588914.291706935,0.0,0.0,0.0,0.0,0,-0.15563337657947587,True,False,1041,125
2007-06-28 00:00:00+00:00,11588914.291706935,11588914.291706935,0.0,0.0,0.0,0.0,0,-0.15563337657947587,True,False,1041,125
2007-06-29 00:00:00+00:00,11588914.291706935,11588914.291706935,0.0,0.0,0.0,0.0,0,-0.15563337657947587,True,False,1041,125
2007-07-02 00:00:00+00:00,11588914.291706935,11588914.291706935,0.0,0.0,0.0,0.0,0,-0.15563337657947587,True,False,1041,125
2007-07-03 00:00:00+00:00,11588914.291706935,11588914.291706935,0.0,0.0,0.0,0.0,0,-0.15563337657947587,True,False,1053,125
2007-07-04 00:00:00+00:00,11588914.291706935,11588914.291706935,0.0,0.0,0.0,0.0,0,-0.15563337657947587,True,False,1053,125
2007-07-05 00:00:00+00:00,11588914.291706935,11588914.291706935,0.0,0.0,0.0,0.0,0,-0.15563337657947587,True,False,1053,125
2007-07-06 00:00:00+00:00,11588914.291706935,11588914.291706935,0.0,0.0,0.0,0.0,0,-0.15563337657947587,True,False,1053,125
2007-07-09 00:00:00+00:00,11588914.291706935,11588914.291706935,0.0,0.0,0.0,0.0,0,-0.15563337657947587,True,False,1053,125
2007-07-10 00:00:00+00:00,11588914.291706935,11588914.291706935,0.0,0.0,0.0,0.0,0,-0.15563337657947587,True,False,1053,125
2007-07-11 00:00:00+00:00,11588914.291706935,11588914.291706935,0.0,0.0,0.0,0.0,0,-0.15563337657947587,True,False,1053,125
2007-07-12 00:00:00+00:00,11588914.291706935,11588914.291706935,0.0,0.0,0.0,0.0,0,-0.15563337657947587,True,False,1053,125
2007-07-13 00:00:00+00:00,11588914.291706935,11588914.291706935,0.0,0.0,0.0,0.0,0,-0.15563337657947587,True,False,1053,125
2007-07-16 00:00:00+00:00,11588914.291706935,11588914.291706935,0.0,0.0,0.0,0.0,0,-0.15563337657947587,True,False,1053,125
2007-07-17 00:00:00+00:00,11588914.291706935,11588914.291706935,0.0,0.0,0.0,0.0,0,-0.15563337657947587,True,False,1053,125
2007-07-18 00:00:00+00:00,11588914.291706935,11588914.291706935,0.0,0.0,0.0,0.0,0,-0.15563337657947587,True,False,1053,125
2007-07-19 00:00:00+00:00,11588914.291706935,11588914.291706935,0.0,0.0,0.0,0.0,0,-0.15563337657947587,True,False,1053,125
2007-07-20 00:00:00+00:00,11588914.291706935,11588914.291706935,0.0,0.0,0.0,0.0,0,-0.15563337657947587,True,False,1053,125
2007-07-23 00:00:00+00:00,11588914.291706935,11588914.291706935,0.0,0.0,0.0,0.0,0,-0.15563337657947587,True,False,1056,125
2007-07-24 00:00:00+00:00,11588914.291706935,11588914.291706935,0.0,0.0,0.0,0.0,0,-0.15563337657947587,True,False,1057,125
2007-07-25 00:00:00+00:00,11588914.291706935,11588914.291706935,0.0,0.0,0.0,0.0,0,-0.15563337657947587,True,False,1057,125
2007-07-26 00:00:00+00:00,11588914.291706935,11588914.291706935,0.0,0.0,0.0,0.0,0,-0.15563337657947587,True,False,1058,125
2007-07-27 00:00:00+00:00,11588914.291706935,11588914.291706935,0.0,0.0,0.0,0.0,0,-0.15563337657947587,True,False,1060,125
2007-07-30 00:00:00+00:00,11588914.291706935,11588914.291706935,0.0,0.0,0.0,0.0,0,-0.15563337657947587,True,False,1060,125
2007-07-31 00:00:00+00:00,11588914.291706935,11588914.291706935,0.0,0.0,0.0,0.0,0,-0.15563337657947587,True,False,1061,125
2007-08-01 00:00:00+00:00,11588914.291706935,11588914.291706935,0.0,0.0,0.0,0.0,0,-0.15563337657947587,True,False,1075,125
2007-08-02 00:00:00+00:00,11588914.291706935,11588914.291706935,0.0,0.0,0.0,0.0,0,-0.15563337657947587,True,False,1076,125
2007-08-03 00:00:00+00:00,11588914.291706935,11588914.291706935,0.0,0.0,0.0,0.0,0,-0.15563337657947587,True,False,1076,125
2007-08-06 00:00:00+00:00,11588914.291706935,11588914.291706935,0.0,0.0,0.0,0.0,0,-0.15563337657947587,True,False,1076,125
2007-08-07 00:00:00+00:00,11588914.291706935,11588914.291706935,0.0,0.0,0.0,0.0,0,-0.15563337657947587,True,False,1076,125
2007-08-08 00:00:00+00:00,11588914.291706935,11588914.291706935,0.0,0.0,0.0,0.0,0,-0.15563337657947587,True,False,1076,125
2007-08-09 00:00:00+00:00,11588914.291706935,11588914.291706935,0.0,0.0,0.0,0.0,0,-0.15563337657947587,True,False,1076,125
2007-08-10 00:00:00+00:00,11588914.291706935,11588914.291706935,0.0,0.0,0.0,0.0,0,-0.15563337657947587,True,False,1076,125
2007-08-13 00:00:00+00:00,11588914.291706935,11588914.291706935,0.0,0.0,0.0,0.0,0,-0.15563337657947587,True,False,1076,125
2007-08-14 00:00:00+00:00,11588914.291706935,11588914.291706935,0.0,0.0,0.0,0.0,0,-0.15563337657947587,True,False,1076,125
2007-08-15 00:00:00+00:00,11588914.291706935,11588914.291706935,0.0,0.0,0.0,0.0,0,-0.15563337657947587,True,False,1076,125
2007-08-16 00:00:00+00:00,11588914.291706935,11588914.291706935,0.0,0.0,0.0,0.0,0,-0.15563337657947587,True,False,1080,125
2007-08-17 00:00:00+00:00,11588914.291706935,11588914.291706935,0.0,0.0,0.0,0.0,0,-0.15563337657947587,True,False,1085,125
2007-08-20 00:00:00+00:00,11588914.291706935,11588914.291706935,0.0,0.0,0.0,0.0,0,-0.15563337657947587,True,False,1085,125
2007-08-21 00:00:00+00:00,11588914.291706935,11588914.291706935,0.0,0.0,0.0,0.0,0,-0.15563337657947587,True,False,1086,125
2007-08-22 00:00:00+00:00,11588914.291706935,11588914.291706935,0.0,0.0,0.0,0.0,0,-0.15563337657947587,True,False,1086,125
2007-08-23 00:00:00+00:00,11588914.291706935,11588914.291706935,0.0,0.0,0.0,0.0,0,-0.15563337657947587,True,False,1088,125
2007-08-24 00:00:00+00:00,11588914.291706935,11588914.291706935,0.0,0.0,0.0,0.0,0,-0.15563337657947587,True,False,1088,125
2007-08-27 00:00:00+00:00,11588914.291706935,11588914.291706935,0.0,0.0,0.0,0.0,0,-0.15563337657947587,True,False,1088,125
2007-08-28 00:00:00+00:00,11588914.291706935,11588914.291706935,0.0,0.0,0.0,0.0,0,-0.15563337657947587,True,False,1088,125
2007-08-29 00:00:00+00:00,11588914.291706935,11588914.291706935,0.0,0.0,0.0,0.0,0,-0.15563337657947587,True,False,1088,125
2007-08-30 00:00:00+00:00,11588914.291706935,11588914.291706935,0.0,0.0,0.0,0.0,0,-0.15563337657947587,True,False,1100,125
2007-08-31 00:00:00+00:00,11588914.291706935,11588914.291706935,0.0,0.0,0.0,0.0,0,-0.15563337657947587,True,False,1100,125
2007-09-03 00:00:00+00:00,11588914.291706935,11588914.291706935,0.0,0.0,0.0,0.0,0,-0.15563337657947587,True,False,1100,125
2007-09-04 00:00:00+00:00,11588914.291706935,11588914.291706935,0.0,0.0,0.0,0.0,0,-0.15563337657947587,True,False,1100,125
2007-09-05 00:00:00+00:00,11588914.291706935,11588914.291706935,0.0,0.0,0.0,0.0,0,-0.15563337657947587,True,False,1100,125
2007-09-06 00:00:00+00:00,11588914.291706935,11588914.291706935,0.0,0.0,0.0,0.0,0,-0.15563337657947587,True,False,1100,125
2007-09-07 00:00:00+00:00,11588914.291706935,11588914.291706935,0.0,0.0,0.0,0.0,0,-0.15563337657947587,True,False,1100,125
2007-09-10 00:00:00+00:00,11588914.291706935,11588914.291706935,0.0,0.0,0.0,0.0,0,-0.15563337657947587,True,False,1100,125
2007-09-11 00:00:00+00:00,11588914.291706935,11588914.291706935,0.0,0.0,0.0,0.0,0,-0.15563337657947587,True,False,1100,125
2007-09-12 00:00:00+00:00,11588914.291706935,11588914.291706935,0.0,0.0,0.0,0.0,0,-0.15563337657947587,True,False,1100,125
2007-09-13 00:00:00+00:00,11588914.291706935,11588914.291706935,0.0,0.0,0.0,0.0,0,-0.15563337657947587,True,False,1100,125
2007-09-14 00:00:00+00:00,11588914.291706935,11588914.291706935,0.0,0.0,0.0,0.0,0,-0.15563337657947587,True,False,1100,125
2007-09-17 00:00:00+00:00,11588914.291706935,11588914.291706935,0.0,0.0,0.0,0.0,0,-0.15563337657947587,True,False,1100,125
2007-09-18 00:00:00+00:00,11588914.291706935,11588914.291706935,0.0,0.0,0.0,0.0,0,-0.15563337657947587,True,False,1100,125
2007-09-19 00:00:00+00:00,11588914.291706935,11588914.291706935,0.0,0.0,0.0,0.0,0,-0.15563337657947587,True,False,1100,125
2007-09-20 00:00:00+00:00,11588914.291706935,11588914.291706935,0.0,0.0,0.0,0.0,0,-0.15563337657947587,True,False,1100,125
2007-09-21 00:00:00+00:00,11588914.291706935,11588914.291706935,0.0,0.0,0.0,0.0,0,-0.15563337657947587,True,False,1101,125
2007-09-24 00:00:00+00:00,11588914.291706935,11588914.291706935,0.0,0.0,0.0,0.0,0,-0.15563337657947587,True,False,1101,125
2007-09-25 00:00:00+00:00,11588914.291706935,11588914.291706935,0.0,0.0,0.0,0.0,0,-0.15563337657947587,True,False,1101,125
2007-09-26 00:00:00+00:00,11588914.291706935,11588914.291706935,0.0,0.0,0.0,0.0,0,-0.15563337657947587,True,False,1101,125
2007-09-27 00:00:00+00:00,11588914.291706935,11588914.291706935,0.0,0.0,0.0,0.0,0,-0.15563337657947587,True,False,1101,125
2007-09-28 00:00:00+00:00,11588914.291706935,11588914.291706935,0.0,0.0,0.0,0.0,0,-0.15563337657947587,True,False,1113,125
2007-10-01 00:00:00+00:00,11588914.291706935,11588914.291706935,0.0,0.0,0.0,0.0,0,-0.15563337657947587,True,False,1113,125
2007-10-02 00:00:00+00:00,11588914.291706935,11588914.291706935,0.0,0.0,0.0,0.0,0,-0.15563337657947587,True,False,1113,125
2007-10-03 00:00:00+00:00,11588914.291706935,11588914.291706935,0.0,0.0,0.0,0.0,0,-0.15563337657947587,True,False,1114,125
2007-10-04 00:00:00+00:00,11588914.291706935,11588914.291706935,0.0,0.0,0.0,0.0,0,-0.15563337657947587,True,False,1114,125
2007-10-05 00:00:00+00:00,11588914.291706935,11588914.291706935,0.0,0.0,0.0,0.0,0,-0.15563337657947587,True,False,1114,125
2007-10-08 00:00:00+00:00,11588914.291706935,11588914.291706935,0.0,0.0,0.0,0.0,0,-0.15563337657947587,True,False,1115,125
2007-10-09 00:00:00+00:00,11588914.291706935,11588914.291706935,0.0,0.0,0.0,0.0,0,-0.15563337657947587,True,False,1115,125
2007-10-10 00:00:00+00:00,11588914.291706935,11588914.291706935,0.0,0.0,0.0,0.0,0,-0.15563337657947587,True,False,1116,125
2007-10-11 00:00:00+00:00,11588914.291706935,11588914.291706935,0.0,0.0,0.0,0.0,0,-0.15563337657947587,True,False,1116,125
2007-10-12 00:00:00+00:00,11588914.291706935,11588914.291706935,0.0,0.0,0.0,0.0,0,-0.15563337657947587,True,False,1116,125
2007-10-15 00:00:00+00:00,11588914.291706935,11588914.291706935,0.0,0.0,0.0,0.0,0,-0.15563337657947587,True,False,1116,125
2007-10-16 00:00:00+00:00,11588914.291706935,11588914.291706935,0.0,0.0,0.0,0.0,0,-0.15563337657947587,True,False,1116,125
2007-10-17 00:00:00+00:00,11588914.291706935,11588914.291706935,0.0,0.0,0.0,0.0,0,-0.15563337657947587,True,False,1117,125
2007-10-18 00:00:00+00:00,11588914.291706935,11588914.291706935,0.0,0.0,0.0,0.0,0,-0.15563337657947587,True,False,1119,125
2007-10-19 00:00:00+00:00,11588914.291706935,11588914.291706935,0.0,0.0,0.0,0.0,0,-0.15563337657947587,True,False,1119,125
2007-10-22 00:00:00+00:00,11588914.291706935,11588914.291706935,0.0,0.0,0.0,0.0,0,-0.15563337657947587,True,False,1119,125
2007-10-23 00:00:00+00:00,11588914.291706935,11588914.291706935,0.0,0.0,0.0,0.0,0,-0.15563337657947587,True,False,1119,125
2007-10-24 00:00:00+00:00,11588914.291706935,11588914.291706935,0.0,0.0,0.0,0.0,0,-0.15563337657947587,True,False,1119,125
2007-10-25 00:00:00+00:00,11588914.291706935,11588914.291706935,0.0,0.0,0.0,0.0,0,-0.15563337657947587,True,False,1119,125
2007-10-26 00:00:00+00:00,11588914.291706935,11588914.291706935,0.0,0.0,0.0,0.0,0,-0.15563337657947587,True,False,1119,125
2007-10-29 00:00:00+00:00,11588914.291706935,11588914.291706935,0.0,0.0,0.0,0.0,0,-0.15563337657947587,True,False,1131,125
2007-10-30 00:00:00+00:00,11588914.291706935,11588914.291706935,0.0,0.0,0.0,0.0,0,-0.15563337657947587,True,False,1131,125
2007-10-31 00:00:00+00:00,11588914.291706935,11588914.291706935,0.0,0.0,0.0,0.0,0,-0.15563337657947587,True,False,1131,125
2007-11-01 00:00:00+00:00,11588914.291706935,11588914.291706935,0.0,0.0,0.0,0.0,0,-0.15563337657947587,True,False,1133,125
2007-11-02 00:00:00+00:00,11588914.291706935,11588914.291706935,0.0,0.0,0.0,0.0,0,-0.15563337657947587,True,False,1133,125
2007-11-05 00:00:00+00:00,11588914.291706935,11588914.291706935,0.0,0.0,0.0,0.0,0,-0.15563337657947587,True,False,1134,125
2007-11-06 00:00:00+00:00,11588914.291706935,11588914.291706935,0.0,0.0,0.0,0.0,0,-0.15563337657947587,True,False,1134,125
2007-11-07 00:00:00+00:00,11588914.291706935,11588914.291706935,0.0,0.0,0.0,0.0,0,-0.15563337657947587,True,False,1134,125
2007-11-08 00:00:00+00:00,11588914.291706935,11588914.291706935,0.0,0.0,0.0,0.0,0,-0.15563337657947587,True,False,1135,125
2007-11-09 00:00:00+00:00,11588914.291706935,11588914.291706935,0.0,0.0,0.0,0.0,0,-0.15563337657947587,True,False,1135,125
2007-11-12 00:00:00+00:00,11588914.291706935,11588914.291706935,0.0,0.0,0.0,0.0,0,-0.15563337657947587,True,False,1140,125
2007-11-13 00:00:00+00:00,11588914.291706935,11588914.291706935,0.0,0.0,0.0,0.0,0,-0.15563337657947587,True,False,1141,125
2007-11-14 00:00:00+00:00,11588914.291706935,11588914.291706935,0.0,0.0,0.0,0.0,0,-0.15563337657947587,True,False,1141,125
2007-11-15 00:00:00+00:00,11588914.291706935,11588914.291706935,0.0,0.0,0.0,0.0,0,-0.15563337657947587,True,False,1141,125
2007-11-16 00:00:00+00:00,11588914.291706935,11588914.291706935,0.0,0.0,0.0,0.0,0,-0.15563337657947587,True,False,1141,125
2007-11-19 00:00:00+00:00,11588914.291706935,11588914.291706935,0.0,0.0,0.0,0.0,0,-0.15563337657947587,True,False,1141,125
2007-11-20 00:00:00+00:00,11588914.291706935,11588914.291706935,0.0,0.0,0.0,0.0,0,-0.15563337657947587,True,False,1141,125
2007-11-21 00:00:00+00:00,11588914.291706935,11588914.291706935,0.0,0.0,0.0,0.0,0,-0.15563337657947587,True,False,1141,125
2007-11-22 00:00:00+00:00,11588914.291706935,11588914.291706935,0.0,0.0,0.0,0.0,0,-0.15563337657947587,True,False,1141,125
2007-11-23 00:00:00+00:00,11588914.291706935,11588914.291706935,0.0,0.0,0.0,0.0,0,-0.15563337657947587,True,False,1141,125
2007-11-26 00:00:00+00:00,11588914.291706935,11588914.291706935,0.0,0.0,0.0,0.0,0,-0.15563337657947587,True,False,1141,125
2007-11-27 00:00:00+00:00,11588914.291706935,11588914.291706935,0.0,0.0,0.0,0.0,0,-0.15563337657947587,True,False,1153,125
2007-11-28 00:00:00+00:00,11588914.291706935,11588914.291706935,0.0,0.0,0.0,0.0,0,-0.15563337657947587,True,False,1153,125
2007-11-29 00:00:00+00:00,11588914.291706935,11588914.291706935,0.0,0.0,0.0,0.0,0,-0.15563337657947587,True,False,1153,125
2007-11-30 00:00:00+00:00,11588914.291706935,11588914.291706935,0.0,0.0,0.0,0.0,0,-0.15563337657947587,True,False,1153,125
2007-12-03 00:00:00+00:00,11588914.291706935,11588914.291706935,0.0,0.0,0.0,0.0,0,-0.15563337657947587,True,False,1153,125
2007-12-04 00:00:00+00:00,11588914.291706935,11588914.291706935,0.0,0.0,0.0,0.0,0,-0.15563337657947587,True,False,1153,125
2007-12-05 00:00:00+00:00,11588914.291706935,11588914.291706935,0.0,0.0,0.0,0.0,0,-0.15563337657947587,True,False,1153,125
2007-12-06 00:00:00+00:00,11588914.291706935,11588914.291706935,0.0,0.0,0.0,0.0,0,-0.15563337657947587,True,False,1153,125
2007-12-07 00:00:00+00:00,11588914.291706935,11588914.291706935,0.0,0.0,0.0,0.0,0,-0.15563337657947587,True,False,1153,125
2007-12-10 00:00:00+00:00,11588914.291706935,11588914.291706935,0.0,0.0,0.0,0.0,0,-0.15563337657947587,True,False,1153,125
2007-12-11 00:00:00+00:00,11588914.291706935,11588914.291706935,0.0,0.0,0.0,0.0,0,-0.15563337657947587,True,False,1153,125
2007-12-12 00:00:00+00:00,11588914.291706935,11588914.291706935,0.0,0.0,0.0,0.0,0,-0.15563337657947587,True,False,1153,125
2007-12-13 00:00:00+00:00,11588914.291706935,11588914.291706935,0.0,0.0,0.0,0.0,0,-0.15563337657947587,True,False,1153,125
2007-12-14 00:00:00+00:00,11588914.291706935,11588914.291706935,0.0,0.0,0.0,0.0,0,-0.15563337657947587,True,False,1153,125
2007-12-17 00:00:00+00:00,11588914.291706935,11588914.291706935,0.0,0.0,0.0,0.0,0,-0.15563337657947587,True,False,1153,125
2007-12-18 00:00:00+00:00,11588914.291706935,11588914.291706935,0.0,0.0,0.0,0.0,0,-0.15563337657947587,True,False,1153,125
2007-12-19 00:00:00+00:00,11588914.291706935,11588914.291706935,0.0,0.0,0.0,0.0,0,-0.15563337657947587,True,False,1153,125
2007-12-20 00:00:00+00:00,11588914.291706935,11588914.291706935,0.0,0.0,0.0,0.0,0,-0.15563337657947587,True,False,1154,125
2007-12-21 00:00:00+00:00,11588914.291706935,11588914.291706935,0.0,0.0,0.0,0.0,0,-0.15563337657947587,True,False,1154,125
2007-12-24 00:00:00+00:00,11588914.291706935,11588914.291706935,0.0,0.0,0.0,0.0,0,-0.15563337657947587,True,False,1154,125
2007-12-26 00:00:00+00:00,11588914.291706935,11588914.291706935,0.0,0.0,0.0,0.0,0,-0.15563337657947587,True,False,1154,125
2007-12-27 00:00:00+00:00,11588914.291706935,11588914.291706935,0.0,0.0,0.0,0.0,0,-0.15563337657947587,True,False,1166,125
2007-12-28 00:00:00+00:00,11588914.291706935,11588914.291706935,0.0,0.0,0.0,0.0,0,-0.15563337657947587,True,False,1166,125
2007-12-31 00:00:00+00:00,11588914.291706935,11588914.291706935,0.0,0.0,0.0,0.0,0,-0.15563337657947587,True,False,1166,125
2008-01-01 00:00:00+00:00,11588914.291706935,11588914.291706935,0.0,0.0,0.0,0.0,0,-0.15563337657947587,True,False,1166,125
2008-01-02 00:00:00+00:00,11588914.291706935,11588914.291706935,0.0,0.0,0.0,0.0,0,-0.15563337657947587,True,False,1166,125
2008-01-03 00:00:00+00:00,11588914.291706935,11588914.291706935,0.0,0.0,0.0,0.0,0,-0.15563337657947587,True,False,1166,125
2008-01-04 00:00:00+00:00,11588914.291706935,11588914.291706935,0.0,0.0,0.0,0.0,0,-0.15563337657947587,True,False,1166,125
2008-01-07 00:00:00+00:00,11588914.291706935,11588914.291706935,0.0,0.0,0.0,0.0,0,-0.15563337657947587,True,False,1166,125
2008-01-08 00:00:00+00:00,11588914.291706935,11588914.291706935,0.0,0.0,0.0,0.0,0,-0.15563337657947587,True,False,1167,125
2008-01-09 00:00:00+00:00,11588914.291706935,11588914.291706935,0.0,0.0,0.0,0.0,0,-0.15563337657947587,True,False,1167,125
2008-01-10 00:00:00+00:00,11588914.291706935,11588914.291706935,0.0,0.0,0.0,0.0,0,-0.15563337657947587,True,False,1168,125
2008-01-11 00:00:00+00:00,11588914.291706935,11588914.291706935,0.0,0.0,0.0,0.0,0,-0.15563337657947587,True,False,1170,125
2008-01-14 00:00:00+00:00,11588914.291706935,11588914.291706935,0.0,0.0,0.0,0.0,0,-0.15563337657947587,True,False,1170,125
2008-01-15 00:00:00+00:00,11588914.291706935,11588914.291706935,0.0,0.0,0.0,0.0,0,-0.15563337657947587,True,False,1171,125
2008-01-16 00:00:00+00:00,11588914.291706935,11588914.291706935,0.0,0.0,0.0,0.0,0,-0.15563337657947587,True,False,1173,125
2008-01-17 00:00:00+00:00,11588914.291706935,11588914.291706935,0.0,0.0,0.0,0.0,0,-0.15563337657947587,True,False,1173,125
2008-01-18 00:00:00+00:00,11588914.291706935,11588914.291706935,0.0,0.0,0.0,0.0,0,-0.15563337657947587,True,False,1176,125
2008-01-21 00:00:00+00:00,11588914.291706935,11588914.291706935,0.0,0.0,0.0,0.0,0,-0.15563337657947587,True,False,1196,125
2008-01-22 00:00:00+00:00,11588914.291706935,11588914.291706935,0.0,0.0,0.0,0.0,0,-0.15563337657947587,True,False,1207,125
2008-01-23 00:00:00+00:00,11588914.291706935,11588914.291706935,0.0,0.0,0.0,0.0,0,-0.15563337657947587,True,False,1207,125
2008-01-24 00:00:00+00:00,11588914.291706935,11588914.291706935,0.0,0.0,0.0,0.0,0,-0.15563337657947587,True,False,1208,125
2008-01-25 00:00:00+00:00,11588914.291706935,11588914.291706935,0.0,0.0,0.0,0.0,0,-0.15563337657947587,True,False,1219,125
2008-01-28 00:00:00+00:00,11588914.291706935,11588914.291706935,0.0,0.0,0.0,0.0,0,-0.15563337657947587,True,False,1219,125
2008-01-29 00:00:00+00:00,11588914.291706935,11588914.291706935,0.0,0.0,0.0,0.0,0,-0.15563337657947587,True,False,1219,125
2008-01-30 00:00:00+00:00,11588914.291706935,11588914.291706935,0.0,0.0,0.0,0.0,0,-0.15563337657947587,True,False,1219,125
2008-01-31 00:00:00+00:00,11588914.291706935,11588914.291706935,0.0,0.0,0.0,0.0,0,-0.15563337657947587,True,False,1219,125
2008-02-01 00:00:00+00:00,11588914.291706935,11588914.291706935,0.0,0.0,0.0,0.0,0,-0.15563337657947587,True,False,1219,125
2008-02-04 00:00:00+00:00,11588914.291706935,11588914.291706935,0.0,0.0,0.0,0.0,0,-0.15563337657947587,True,False,1219,125
2008-02-05 00:00:00+00:00,11588914.291706935,11588914.291706935,0.0,0.0,0.0,0.0,0,-0.15563337657947587,True,False,1219,125
2008-02-06 00:00:00+00:00,11588914.291706935,11588914.291706935,0.0,0.0,0.0,0.0,0,-0.15563337657947587,True,False,1219,125
2008-02-07 00:00:00+00:00,11588914.291706935,11588914.291706935,0.0,0.0,0.0,0.0,0,-0.15563337657947587,True,False,1219,125
2008-02-08 00:00:00+00:00,11588914.291706935,11588914.291706935,0.0,0.0,0.0,0.0,0,-0.15563337657947587,True,False,1219,125
2008-02-11 00:00:00+00:00,11588914.291706935,11588914.291706935,0.0,0.0,0.0,0.0,0,-0.15563337657947587,True,False,1220,125
2008-02-12 00:00:00+00:00,11588914.291706935,11588914.291706935,0.0,0.0,0.0,0.0,0,-0.15563337657947587,True,False,1220,125
2008-02-13 00:00:00+00:00,11588914.291706935,11588914.291706935,0.0,0.0,0.0,0.0,0,-0.15563337657947587,True,False,1220,125
2008-02-14 00:00:00+00:00,11588914.291706935,11588914.291706935,0.0,0.0,0.0,0.0,0,-0.15563337657947587,True,False,1220,125
2008-02-15 00:00:00+00:00,11588914.291706935,11588914.291706935,0.0,0.0,0.0,0.0,0,-0.15563337657947587,True,False,1220,125
2008-02-18 00:00:00+00:00,11588914.291706935,11588914.291706935,0.0,0.0,0.0,0.0,0,-0.15563337657947587,True,False,1220,125
2008-02-19 00:00:00+00:00,11588914.291706935,11588914.291706935,0.0,0.0,0.0,0.0,0,-0.15563337657947587,True,False,1220,125
2008-02-20 00:00:00+00:00,11588914.291706935,11588914.291706935,0.0,0.0,0.0,0.0,0,-0.15563337657947587,True,False,1220,125
2008-02-21 00:00:00+00:00,11588914.291706935,11588914.291706935,0.0,0.0,0.0,0.0,0,-0.15563337657947587,True,False,1220,125
2008-02-22 00:00:00+00:00,11588914.291706935,11588914.291706935,0.0,0.0,0.0,0.0,0,-0.15563337657947587,True,False,1220,125
2008-02-25 00:00:00+00:00,11588914.291706935,11588914.291706935,0.0,0.0,0.0,0.0,0,-0.15563337657947587,True,False,1232,125
2008-02-26 00:00:00+00:00,11588914.291706935,11588914.291706935,0.0,0.0,0.0,0.0,0,-0.15563337657947587,True,False,1232,125
2008-02-27 00:00:00+00:00,11588914.291706935,11588914.291706935,0.0,0.0,0.0,0.0,0,-0.15563337657947587,True,False,1232,125
2008-02-28 00:00:00+00:00,11588914.291706935,11588914.291706935,0.0,0.0,0.0,0.0,0,-0.15563337657947587,True,False,1232,125
2008-02-29 00:00:00+00:00,11588914.291706935,11588914.291706935,0.0,0.0,0.0,0.0,0,-0.15563337657947587,True,False,1232,125
2008-03-03 00:00:00+00:00,11588914.291706935,11588914.291706935,0.0,0.0,0.0,0.0,0,-0.15563337657947587,True,False,1234,125
2008-03-04 00:00:00+00:00,11588914.291706935,11588914.291706935,0.0,0.0,0.0,0.0,0,-0.15563337657947587,True,False,1236,125
2008-03-05 00:00:00+00:00,11588914.291706935,11588914.291706935,0.0,0.0,0.0,0.0,0,-0.15563337657947587,True,False,1239,125
2008-03-06 00:00:00+00:00,11588914.291706935,11588914.291706935,0.0,0.0,0.0,0.0,0,-0.15563337657947587,True,False,1239,125
2008-03-07 00:00:00+00:00,11588914.291706935,11588914.291706935,0.0,0.0,0.0,0.0,0,-0.15563337657947587,True,False,1248,125
2008-03-10 00:00:00+00:00,11588914.291706935,11588914.291706935,0.0,0.0,0.0,0.0,0,-0.15563337657947587,True,False,1251,125
2008-03-11 00:00:00+00:00,11588914.291706935,11588914.291706935,0.0,0.0,0.0,0.0,0,-0.15563337657947587,True,False,1251,125
2008-03-12 00:00:00+00:00,11588914.291706935,11588914.291706935,0.0,0.0,0.0,0.0,0,-0.15563337657947587,True,False,1251,125
2008-03-13 00:00:00+00:00,11588914.291706935,11588914.291706935,0.0,0.0,0.0,0.0,0,-0.15563337657947587,True,False,1253,125
2008-03-14 00:00:00+00:00,11588914.291706935,11588914.291706935,0.0,0.0,0.0,0.0,0,-0.15563337657947587,True,False,1254,125
2008-03-17 00:00:00+00:00,11588914.291706935,11588914.291706935,0.0,0.0,0.0,0.0,0,-0.15563337657947587,True,False,1255,125
2008-03-18 00:00:00+00:00,11588914.291706935,11588914.291706935,0.0,0.0,0.0,0.0,0,-0.15563337657947587,True,False,1255,125
2008-03-19 00:00:00+00:00,11588914.291706935,11588914.291706935,0.0,0.0,0.0,0.0,0,-0.15563337657947587,True,False,1257,125
2008-03-20 00:00:00+00:00,11588914.291706935,11588914.291706935,0.0,0.0,0.0,0.0,0,-0.15563337657947587,True,False,1257,125
2008-03-24 00:00:00+00:00,11588914.291706935,11588914.291706935,0.0,0.0,0.0,0.0,0,-0.15563337657947587,True,False,1260,125
2008-03-25 00:00:00+00:00,11588914.291706935,11588914.291706935,0.0,0.0,0.0,0.0,0,-0.15563337657947587,True,False,1260,125
2008-03-26 00:00:00+00:00,11588914.291706935,11588914.291706935,0.0,0.0,0.0,0.0,0,-0.15563337657947587,True,False,1270,125
2008-03-27 00:00:00+00:00,11588914.291706935,11588914.291706935,0.0,0.0,0.0,0.0,0,-0.15563337657947587,True,False,1270,125
2008-03-28 00:00:00+00:00,11588914.291706935,11588914.291706935,0.0,0.0,0.0,0.0,0,-0.15563337657947587,True,False,1270,125
2008-03-31 00:00:00+00:00,11588914.291706935,11588914.291706935,0.0,0.0,0.0,0.0,0,-0.15563337657947587,True,False,1270,125
2008-04-01 00:00:00+00:00,11588914.291706935,11588914.291706935,0.0,0.0,0.0,0.0,0,-0.15563337657947587,True,False,1270,125
2008-04-02 00:00:00+00:00,11588914.291706935,11588914.291706935,0.0,0.0,0.0,0.0,0,-0.15563337657947587,True,False,1270,125
2008-04-03 00:00:00+00:00,11588914.291706935,11588914.291706935,0.0,0.0,0.0,0.0,0,-0.15563337657947587,True,False,1270,125
2008-04-04 00:00:00+00:00,11588914.291706935,11588914.291706935,0.0,0.0,0.0,0.0,0,-0.15563337657947587,True,False,1270,125
2008-04-07 00:00:00+00:00,11588914.291706935,11588914.291706935,0.0,0.0,0.0,0.0,0,-0.15563337657947587,True,False,1270,125
2008-04-08 00:00:00+00:00,11588914.291706935,11588914.291706935,0.0,0.0,0.0,0.0,0,-0.15563337657947587,True,False,1271,125
2008-04-09 00:00:00+00:00,11588914.291706935,11588914.291706935,0.0,0.0,0.0,0.0,0,-0.15563337657947587,True,False,1271,125
2008-04-10 00:00:00+00:00,11588914.291706935,11588914.291706935,0.0,0.0,0.0,0.0,0,-0.15563337657947587,True,False,1271,125
2008-04-11 00:00:00+00:00,11588914.291706935,11588914.291706935,0.0,0.0,0.0,0.0,0,-0.15563337657947587,True,False,1271,125
2008-04-14 00:00:00+00:00,11588914.291706935,11588914.291706935,0.0,0.0,0.0,0.0,0,-0.15563337657947587,True,False,1271,125
2008-04-15 00:00:00+00:00,11588914.291706935,11588914.291706935,0.0,0.0,0.0,0.0,0,-0.15563337657947587,True,False,1271,125
2008-04-16 00:00:00+00:00,11588914.291706935,11588914.291706935,0.0,0.0,0.0,0.0,0,-0.15563337657947587,True,False,1271,125
2008-04-17 00:00:00+00:00,11588914.291706935,11588914.291706935,0.0,0.0,0.0,0.0,0,-0.15563337657947587,True,False,1271,125
2008-04-18 00:00:00+00:00,11588914.291706935,11588914.291706935,0.0,0.0,0.0,0.0,0,-0.15563337657947587,True,False,1271,125
2008-04-21 00:00:00+00:00,11588914.291706935,11588914.291706935,0.0,0.0,0.0,0.0,0,-0.15563337657947587,True,False,1271,125
2008-04-22 00:00:00+00:00,11588914.291706935,11588914.291706935,0.0,0.0,0.0,0.0,0,-0.15563337657947587,True,False,1271,125
2008-04-23 00:00:00+00:00,11588914.291706935,11588914.291706935,0.0,0.0,0.0,0.0,0,-0.15563337657947587,True,False,1271,125
2008-04-24 00:00:00+00:00,11588914.291706935,11588914.291706935,0.0,0.0,0.0,0.0,0,-0.15563337657947587,True,False,1283,125
2008-04-25 00:00:00+00:00,11588914.291706935,11588914.291706935,0.0,0.0,0.0,0.0,0,-0.15563337657947587,True,False,1283,125
2008-04-28 00:00:00+00:00,11588914.291706935,11588914.291706935,0.0,0.0,0.0,0.0,0,-0.15563337657947587,True,False,1283,125
2008-04-29 00:00:00+00:00,11588914.291706935,11588914.291706935,0.0,0.0,0.0,0.0,0,-0.15563337657947587,True,False,1283,125
2008-04-30 00:00:00+00:00,11588914.291706935,11588914.291706935,0.0,0.0,0.0,0.0,0,-0.15563337657947587,True,False,1284,125
2008-05-01 00:00:00+00:00,11588914.291706935,11588914.291706935,0.0,0.0,0.0,0.0,0,-0.15563337657947587,True,False,1284,125
2008-05-02 00:00:00+00:00,11588914.291706935,11588914.291706935,0.0,0.0,0.0,0.0,0,-0.15563337657947587,True,False,1284,125
2008-05-05 00:00:00+00:00,11588914.291706935,11588914.291706935,0.0,0.0,0.0,0.0,0,-0.15563337657947587,True,False,1284,125
2008-05-06 00:00:00+00:00,11588914.291706935,11588914.291706935,0.0,0.0,0.0,0.0,0,-0.15563337657947587,True,False,1284,125
2008-05-07 00:00:00+00:00,11588914.291706935,11588914.291706935,0.0,0.0,0.0,0.0,0,-0.15563337657947587,True,False,1284,125
2008-05-08 00:00:00+00:00,11588914.291706935,11588914.291706935,0.0,0.0,0.0,0.0,0,-0.15563337657947587,True,False,1286,125
2008-05-09 00:00:00+00:00,11588914.291706935,11588914.291706935,0.0,0.0,0.0,0.0,0,-0.15563337657947587,True,False,1286,125
2008-05-12 00:00:00+00:00,11588914.291706935,11588914.291706935,0.0,0.0,0.0,0.0,0,-0.15563337657947587,True,False,1287,125
2008-05-13 00:00:00+00:00,11588914.291706935,11588914.291706935,0.0,0.0,0.0,0.0,0,-0.15563337657947587,True,False,1287,125
2008-05-14 00:00:00+00:00,11588914.291706935,11588914.291706935,0.0,0.0,0.0,0.0,0,-0.15563337657947587,True,False,1289,125
2008-05-15 00:00:00+00:00,11588914.291706935,11588914.291706935,0.0,0.0,0.0,0.0,0,-0.15563337657947587,True,False,1289,125
2008-05-16 00:00:00+00:00,11588914.291706935,11588914.291706935,0.0,0.0,0.0,0.0,0,-0.15563337657947587,True,False,1289,125
2008-05-19 00:00:00+00:00,11588914.291706935,11588914.291706935,0.0,0.0,0.0,0.0,0,-0.15563337657947587,True,False,1289,125
2008-05-20 00:00:00+00:00,11588914.291706935,11588914.291706935,0.0,0.0,0.0,0.0,0,-0.15563337657947587,True,False,1289,125
2008-05-21 00:00:00+00:00,11588914.291706935,11588914.291706935,0.0,0.0,0.0,0.0,0,-0.15563337657947587,True,False,1290,125
2008-05-22 00:00:00+00:00,11588914.291706935,11588914.291706935,0.0,0.0,0.0,0.0,0,-0.15563337657947587,True,False,1290,125
2008-05-23 00:00:00+00:00,11588914.291706935,11588914.291706935,0.0,0.0,0.0,0.0,0,-0.15563337657947587,True,False,1303,125
2008-05-26 00:00:00+00:00,11588914.291706935,11588914.291706935,0.0,0.0,0.0,0.0,0,-0.15563337657947587,True,False,1305,125
2008-05-27 00:00:00+00:00,11588914.291706935,11588914.291706935,0.0,0.0,0.0,0.0,0,-0.15563337657947587,True,False,1311,125
2008-05-28 00:00:00+00:00,11588914.291706935,11588914.291706935,0.0,0.0,0.0,0.0,0,-0.15563337657947587,True,False,1311,125
2008-05-29 00:00:00+00:00,11588914.291706935,11588914.291706935,0.0,0.0,0.0,0.0,0,-0.15563337657947587,True,False,1311,125
2008-05-30 00:00:00+00:00,11588914.291706935,11588914.291706935,0.0,0.0,0.0,0.0,0,-0.15563337657947587,True,False,1311,125
2008-06-02 00:00:00+00:00,11588914.291706935,11588914.291706935,0.0,0.0,0.0,0.0,0,-0.15563337657947587,True,False,1311,125
2008-06-03 00:00:00+00:00,11588914.291706935,11588914.291706935,0.0,0.0,0.0,0.0,0,-0.15563337657947587,True,False,1312,125
2008-06-04 00:00:00+00:00,11588914.291706935,11588914.291706935,0.0,0.0,0.0,0.0,0,-0.15563337657947587,True,False,1320,125
2008-06-05 00:00:00+00:00,11588914.291706935,11588914.291706935,0.0,0.0,0.0,0.0,0,-0.15563337657947587,True,False,1322,125
2008-06-06 00:00:00+00:00,11588914.291706935,11588914.291706935,0.0,0.0,0.0,0.0,0,-0.15563337657947587,True,False,1323,125
2008-06-09 00:00:00+00:00,11588914.291706935,11588914.291706935,0.0,0.0,0.0,0.0,0,-0.15563337657947587,True,False,1324,125
2008-06-10 00:00:00+00:00,11588914.291706935,11588914.291706935,0.0,0.0,0.0,0.0,0,-0.15563337657947587,True,False,1324,125
2008-06-11 00:00:00+00:00,11588914.291706935,11588914.291706935,0.0,0.0,0.0,0.0,0,-0.15563337657947587,True,False,1324,125
2008-06-12 00:00:00+00:00,11588914.291706935,11588914.291706935,0.0,0.0,0.0,0.0,0,-0.15563337657947587,True,False,1324,125
2008-06-13 00:00:00+00:00,11588914.291706935,11588914.291706935,0.0,0.0,0.0,0.0,0,-0.15563337657947587,True,False,1324,125
2008-06-16 00:00:00+00:00,11588914.291706935,11588914.291706935,0.0,0.0,0.0,0.0,0,-0.15563337657947587,True,False,1324,125
2008-06-17 00:00:00+00:00,11588914.291706935,11588914.291706935,0.0,0.0,0.0,0.0,0,-0.15563337657947587,True,False,1324,125
2008-06-18 00:00:00+00:00,11588914.291706935,11588914.291706935,0.0,0.0,0.0,0.0,0,-0.15563337657947587,True,False,1324,125
2008-06-19 00:00:00+00:00,11588914.291706935,11588914.291706935,0.0,0.0,0.0,0.0,0,-0.15563337657947587,True,False,1324,125
2008-06-20 00:00:00+00:00,11588914.291706935,11588914.291706935,0.0,0.0,0.0,0.0,0,-0.15563337657947587,True,False,1326,125
2008-06-23 00:00:00+00:00,11588914.291706935,11588914.291706935,0.0,0.0,0.0,0.0,0,-0.15563337657947587,True,False,1345,125
2008-06-24 00:00:00+00:00,11588914.291706935,11588914.291706935,0.0,0.0,0.0,0.0,0,-0.15563337657947587,True,False,1349,125
2008-06-25 00:00:00+00:00,11588914.291706935,11588914.291706935,0.0,0.0,0.0,0.0,0,-0.15563337657947587,True,False,1350,125
2008-06-26 00:00:00+00:00,11588914.291706935,11588914.291706935,0.0,0.0,0.0,0.0,0,-0.15563337657947587,True,False,1351,125
2008-06-27 00:00:00+00:00,11588914.291706935,11588914.291706935,0.0,0.0,0.0,0.0,0,-0.15563337657947587,True,False,1355,125
2008-06-30 00:00:00+00:00,11588914.291706935,11588914.291706935,0.0,0.0,0.0,0.0,0,-0.15563337657947587,True,False,1360,125
2008-07-01 00:00:00+00:00,11588914.291706935,11588914.291706935,0.0,0.0,0.0,0.0,0,-0.15563337657947587,True,False,1366,125
2008-07-02 00:00:00+00:00,11588914.291706935,11588914.291706935,0.0,0.0,0.0,0.0,0,-0.15563337657947587,True,False,1366,125
2008-07-03 00:00:00+00:00,11588914.291706935,11588914.291706935,0.0,0.0,0.0,0.0,0,-0.15563337657947587,True,False,1369,125
2008-07-04 00:00:00+00:00,11588914.291706935,11588914.291706935,0.0,0.0,0.0,0.0,0,-0.15563337657947587,True,False,1369,125
2008-07-07 00:00:00+00:00,11588914.291706935,11588914.291706935,0.0,0.0,0.0,0.0,0,-0.15563337657947587,True,False,1369,125
2008-07-08 00:00:00+00:00,11588914.291706935,11588914.291706935,0.0,0.0,0.0,0.0,0,-0.15563337657947587,True,False,1369,125
2008-07-09 00:00:00+00:00,11588914.291706935,11588914.291706935,0.0,0.0,0.0,0.0,0,-0.15563337657947587,True,False,1369,125
2008-07-10 00:00:00+00:00,11588914.291706935,11588914.291706935,0.0,0.0,0.0,0.0,0,-0.15563337657947587,True,False,1369,125
2008-07-11 00:00:00+00:00,11588914.291706935,11588914.291706935,0.0,0.0,0.0,0.0,0,-0.15563337657947587,True,False,1369,125
2008-07-14 00:00:00+00:00,11588914.291706935,11588914.291706935,0.0,0.0,0.0,0.0,0,-0.15563337657947587,True,False,1369,125
2008-07-15 00:00:00+00:00,11588914.291706935,11588914.291706935,0.0,0.0,0.0,0.0,0,-0.15563337657947587,True,False,1371,125
2008-07-16 00:00:00+00:00,11588914.291706935,11588914.291706935,0.0,0.0,0.0,0.0,0,-0.15563337657947587,True,False,1373,125
2008-07-17 00:00:00+00:00,11588914.291706935,11588914.291706935,0.0,0.0,0.0,0.0,0,-0.15563337657947587,True,False,1374,125
2008-07-18 00:00:00+00:00,11588914.291706935,11588914.291706935,0.0,0.0,0.0,0.0,0,-0.15563337657947587,True,False,1375,125
2008-07-21 00:00:00+00:00,11588914.291706935,11588914.291706935,0.0,0.0,0.0,0.0,0,-0.15563337657947587,True,False,1375,125
2008-07-22 00:00:00+00:00,11588914.291706935,11588914.291706935,0.0,0.0,0.0,0.0,0,-0.15563337657947587,True,False,1387,125
2008-07-23 00:00:00+00:00,11588914.291706935,11588914.291706935,0.0,0.0,0.0,0.0,0,-0.15563337657947587,True,False,1387,125
2008-07-24 00:00:00+00:00,11588914.291706935,11588914.291706935,0.0,0.0,0.0,0.0,0,-0.15563337657947587,True,False,1387,125
2008-07-25 00:00:00+00:00,11588914.291706935,11588914.291706935,0.0,0.0,0.0,0.0,0,-0.15563337657947587,True,False,1387,125
2008-07-28 00:00:00+00:00,11588914.291706935,11588914.291706935,0.0,0.0,0.0,0.0,0,-0.15563337657947587,True,False,1387,125
2008-07-29 00:00:00+00:00,11588914.291706935,11588914.291706935,0.0,0.0,0.0,0.0,0,-0.15563337657947587,True,False,1387,125
2008-07-30 00:00:00+00:00,11588914.291706935,11588914.291706935,0.0,0.0,0.0,0.0,0,-0.15563337657947587,True,False,1387,125
2008-07-31 00:00:00+00:00,11588914.291706935,11588914.291706935,0.0,0.0,0.0,0.0,0,-0.15563337657947587,True,False,1388,125
2008-08-01 00:00:00+00:00,11588914.291706935,11588914.291706935,0.0,0.0,0.0,0.0,0,-0.15563337657947587,True,False,1388,125
2008-08-04 00:00:00+00:00,11588914.291706935,11588914.291706935,0.0,0.0,0.0,0.0,0,-0.15563337657947587,True,False,1389,125
2008-08-05 00:00:00+00:00,11588914.291706935,11588914.291706935,0.0,0.0,0.0,0.0,0,-0.15563337657947587,True,False,1389,125
2008-08-06 00:00:00+00:00,11588914.291706935,11588914.291706935,0.0,0.0,0.0,0.0,0,-0.15563337657947587,True,False,1389,125
2008-08-07 00:00:00+00:00,11588914.291706935,11588914.291706935,0.0,0.0,0.0,0.0,0,-0.15563337657947587,True,False,1389,125
2008-08-08 00:00:00+00:00,11588914.291706935,11588914.291706935,0.0,0.0,0.0,0.0,0,-0.15563337657947587,True,False,1390,125
2008-08-11 00:00:00+00:00,11588914.291706935,11588914.291706935,0.0,0.0,0.0,0.0,0,-0.15563337657947587,True,False,1390,125
2008-08-12 00:00:00+00:00,11588914.291706935,11588914.291706935,0.0,0.0,0.0,0.0,0,-0.15563337657947587,True,False,1390,125
2008-08-13 00:00:00+00:00,11588914.291706935,11588914.291706935,0.0,0.0,0.0,0.0,0,-0.15563337657947587,True,False,1390,125
2008-08-14 00:00:00+00:00,11588914.291706935,11588914.291706935,0.0,0.0,0.0,0.0,0,-0.15563337657947587,True,False,1390,125
2008-08-15 00:00:00+00:00,11588914.291706935,11588914.291706935,0.0,0.0,0.0,0.0,0,-0.15563337657947587,True,False,1390,125
2008-08-18 00:00:00+00:00,11588914.291706935,11588914.291706935,0.0,0.0,0.0,0.0,0,-0.15563337657947587,True,False,1390,125
2008-08-19 00:00:00+00:00,11588914.291706935,11588914.291706935,0.0,0.0,0.0,0.0,0,-0.15563337657947587,True,False,1390,125
2008-08-20 00:00:00+00:00,11588914.291706935,11588914.291706935,0.0,0.0,0.0,0.0,0,-0.15563337657947587,True,False,1403,125
2008-08-21 00:00:00+00:00,11588914.291706935,11588914.291706935,0.0,0.0,0.0,0.0,0,-0.15563337657947587,True,False,1403,125
2008-08-22 00:00:00+00:00,11588914.291706935,11588914.291706935,0.0,0.0,0.0,0.0,0,-0.15563337657947587,True,False,1403,125
2008-08-25 00:00:00+00:00,11588914.291706935,11588914.291706935,0.0,0.0,0.0,0.0,0,-0.15563337657947587,True,False,1403,125
2008-08-26 00:00:00+00:00,11588914.291706935,11588914.291706935,0.0,0.0,0.0,0.0,0,-0.15563337657947587,True,False,1403,125
2008-08-27 00:00:00+00:00,11588914.291706935,11588914.291706935,0.0,0.0,0.0,0.0,0,-0.15563337657947587,True,False,1403,125
2008-08-28 00:00:00+00:00,11588914.291706935,11588914.291706935,0.0,0.0,0.0,0.0,0,-0.15563337657947587,True,False,1403,125
2008-08-29 00:00:00+00:00,11588914.291706935,11588914.291706935,0.0,0.0,0.0,0.0,0,-0.15563337657947587,True,False,1403,125
2008-09-01 00:00:00+00:00,11588914.291706935,11588914.291706935,0.0,0.0,0.0,0.0,0,-0.15563337657947587,True,False,1403,125
2008-09-02 00:00:00+00:00,11588914.291706935,11588914.291706935,0.0,0.0,0.0,0.0,0,-0.15563337657947587,True,False,1404,125
2008-09-03 00:00:00+00:00,11588914.291706935,11588914.291706935,0.0,0.0,0.0,0.0,0,-0.15563337657947587,True,False,1404,125
2008-09-04 00:00:00+00:00,11588914.291706935,11588914.291706935,0.0,0.0,0.0,0.0,0,-0.15563337657947587,True,False,1405,125
2008-09-05 00:00:00+00:00,11588914.291706935,11588914.291706935,0.0,0.0,0.0,0.0,0,-0.15563337657947587,True,False,1405,125
2008-09-08 00:00:00+00:00,11588914.291706935,11588914.291706935,0.0,0.0,0.0,0.0,0,-0.15563337657947587,True,False,1405,125
2008-09-09 00:00:00+00:00,11588914.291706935,11588914.291706935,0.0,0.0,0.0,0.0,0,-0.15563337657947587,True,False,1405,125
2008-09-10 00:00:00+00:00,11588914.291706935,11588914.291706935,0.0,0.0,0.0,0.0,0,-0.15563337657947587,True,False,1407,125
2008-09-11 00:00:00+00:00,11588914.291706935,11588914.291706935,0.0,0.0,0.0,0.0,0,-0.15563337657947587,True,False,1407,125
2008-09-12 00:00:00+00:00,11588914.291706935,11588914.291706935,0.0,0.0,0.0,0.0,0,-0.15563337657947587,True,False,1408,125
2008-09-15 00:00:00+00:00,11588914.291706935,11588914.291706935,0.0,0.0,0.0,0.0,0,-0.15563337657947587,True,False,1420,125
2008-09-16 00:00:00+00:00,11588914.291706935,11588914.291706935,0.0,0.0,0.0,0.0,0,-0.15563337657947587,True,False,1423,125
2008-09-17 00:00:00+00:00,11588914.291706935,11588914.291706935,0.0,0.0,0.0,0.0,0,-0.15563337657947587,True,False,1429,125
2008-09-18 00:00:00+00:00,11588914.291706935,11588914.291706935,0.0,0.0,0.0,0.0,0,-0.15563337657947587,True,False,1443,125
2008-09-19 00:00:00+00:00,11588914.291706935,11588914.291706935,0.0,0.0,0.0,0.0,0,-0.15563337657947587,True,False,1444,125
2008-09-22 00:00:00+00:00,11588914.291706935,11588914.291706935,0.0,0.0,0.0,0.0,0,-0.15563337657947587,True,False,1444,125
2008-09-23 00:00:00+00:00,11588914.291706935,11588914.291706935,0.0,0.0,0.0,0.0,0,-0.15563337657947587,True,False,1444,125
2008-09-24 00:00:00+00:00,11588914.291706935,11588914.291706935,0.0,0.0,0.0,0.0,0,-0.15563337657947587,True,False,1444,125
2008-09-25 00:00:00+00:00,11588914.291706935,11588914.291706935,0.0,0.0,0.0,0.0,0,-0.15563337657947587,True,False,1444,125
2008-09-26 00:00:00+00:00,11588914.291706935,11588914.291706935,0.0,0.0,0.0,0.0,0,-0.15563337657947587,True,False,1446,125
2008-09-29 00:00:00+00:00,11588914.291706935,11588914.291706935,0.0,0.0,0.0,0.0,0,-0.15563337657947587,True,False,1449,125
2008-09-30 00:00:00+00:00,11588914.291706935,11588914.291706935,0.0,0.0,0.0,0.0,0,-0.15563337657947587,True,False,1450,125
2008-10-01 00:00:00+00:00,11588914.291706935,11588914.291706935,0.0,0.0,0.0,0.0,0,-0.15563337657947587,True,False,1450,125
2008-10-02 00:00:00+00:00,11588914.291706935,11588914.291706935,0.0,0.0,0.0,0.0,0,-0.15563337657947587,True,False,1451,125
2008-10-03 00:00:00+00:00,11588914.291706935,11588914.291706935,0.0,0.0,0.0,0.0,0,-0.15563337657947587,True,False,1454,125
2008-10-06 00:00:00+00:00,11588914.291706935,11588914.291706935,0.0,0.0,0.0,0.0,0,-0.15563337657947587,True,False,1462,125
2008-10-07 00:00:00+00:00,11588914.291706935,11588914.291706935,0.0,0.0,0.0,0.0,0,-0.15563337657947587,True,False,1465,125
2008-10-08 00:00:00+00:00,11588914.291706935,11588914.291706935,0.0,0.0,0.0,0.0,0,-0.15563337657947587,True,False,1470,125
2008-10-09 00:00:00+00:00,11588914.291706935,11588914.291706935,0.0,0.0,0.0,0.0,0,-0.15563337657947587,True,False,1470,125
2008-10-10 00:00:00+00:00,11588914.291706935,11588914.291706935,0.0,0.0,0.0,0.0,0,-0.15563337657947587,True,False,1482,125
2008-10-13 00:00:00+00:00,11588914.291706935,11588914.291706935,0.0,0.0,0.0,0.0,0,-0.15563337657947587,True,False,1483,125
2008-10-14 00:00:00+00:00,11588914.291706935,11588914.291706935,0.0,0.0,0.0,0.0,0,-0.15563337657947587,True,False,1484,125
2008-10-15 00:00:00+00:00,11588914.291706935,11588914.291706935,0.0,0.0,0.0,0.0,0,-0.15563337657947587,True,False,1484,125
2008-10-16 00:00:00+00:00,11588914.291706935,11588914.291706935,0.0,0.0,0.0,0.0,0,-0.15563337657947587,True,False,1484,125
2008-10-17 00:00:00+00:00,11588914.291706935,11588914.291706935,0.0,0.0,0.0,0.0,0,-0.15563337657947587,True,False,1498,125
2008-10-20 00:00:00+00:00,11588914.291706935,11588914.291706935,0.0,0.0,0.0,0.0,0,-0.15563337657947587,True,False,1499,125
2008-10-21 00:00:00+00:00,11588914.291706935,11588914.291706935,0.0,0.0,0.0,0.0,0,-0.15563337657947587,True,False,1499,125
2008-10-22 00:00:00+00:00,11588914.291706935,11588914.291706935,0.0,0.0,0.0,0.0,0,-0.15563337657947587,True,False,1499,125
2008-10-23 00:00:00+00:00,11588914.291706935,11588914.291706935,0.0,0.0,0.0,0.0,0,-0.15563337657947587,True,False,1499,125
2008-10-24 00:00:00+00:00,11588914.291706935,11588914.291706935,0.0,0.0,0.0,0.0,0,-0.15563337657947587,True,False,1505,125
2008-10-27 00:00:00+00:00,11588914.291706935,11588914.291706935,0.0,0.0,0.0,0.0,0,-0.15563337657947587,True,False,1506,125
2008-10-28 00:00:00+00:00,11588914.291706935,11588914.291706935,0.0,0.0,0.0,0.0,0,-0.15563337657947587,True,False,1506,125
2008-10-29 00:00:00+00:00,11588914.291706935,11588914.291706935,0.0,0.0,0.0,0.0,0,-0.15563337657947587,True,False,1507,125
2008-10-30 00:00:00+00:00,11588914.291706935,11588914.291706935,0.0,0.0,0.0,0.0,0,-0.15563337657947587,True,False,1507,125
2008-10-31 00:00:00+00:00,11588914.291706935,11588914.291706935,0.0,0.0,0.0,0.0,0,-0.15563337657947587,True,False,1507,125
2008-11-03 00:00:00+00:00,11588914.291706935,11588914.291706935,0.0,0.0,0.0,0.0,0,-0.15563337657947587,True,False,1507,125
2008-11-04 00:00:00+00:00,11588914.291706935,11588914.291706935,0.0,0.0,0.0,0.0,0,-0.15563337657947587,True,False,1507,125
2008-11-05 00:00:00+00:00,11588914.291706935,11588914.291706935,0.0,0.0,0.0,0.0,0,-0.15563337657947587,True,False,1507,125
2008-11-06 00:00:00+00:00,11588914.291706935,11588914.291706935,0.0,0.0,0.0,0.0,0,-0.15563337657947587,True,False,1507,125
2008-11-07 00:00:00+00:00,11588914.291706935,11588914.291706935,0.0,0.0,0.0,0.0,0,-0.15563337657947587,True,False,1507,125
2008-11-10 00:00:00+00:00,11588914.291706935,11588914.291706935,0.0,0.0,0.0,0.0,0,-0.15563337657947587,True,False,1507,125
2008-11-11 00:00:00+00:00,11588914.291706935,11588914.291706935,0.0,0.0,0.0,0.0,0,-0.15563337657947587,True,False,1507,125
2008-11-12 00:00:00+00:00,11588914.291706935,11588914.291706935,0.0,0.0,0.0,0.0,0,-0.15563337657947587,True,False,1507,125
2008-11-13 00:00:00+00:00,11588914.291706935,11588914.291706935,0.0,0.0,0.0,0.0,0,-0.15563337657947587,True,False,1507,125
2008-11-14 00:00:00+00:00,11588914.291706935,11588914.291706935,0.0,0.0,0.0,0.0,0,-0.15563337657947587,True,False,1507,125
2008-11-17 00:00:00+00:00,11588914.291706935,11588914.291706935,0.0,0.0,0.0,0.0,0,-0.15563337657947587,True,False,1520,125
2008-11-18 00:00:00+00:00,11588914.291706935,11588914.291706935,0.0,0.0,0.0,0.0,0,-0.15563337657947587,True,False,1522,125
2008-11-19 00:00:00+00:00,11588914.291706935,11588914.291706935,0.0,0.0,0.0,0.0,0,-0.15563337657947587,True,False,1523,125
2008-11-20 00:00:00+00:00,11588914.291706935,11588914.291706935,0.0,0.0,0.0,0.0,0,-0.15563337657947587,True,False,1525,125
2008-11-21 00:00:00+00:00,11588914.291706935,11588914.291706935,0.0,0.0,0.0,0.0,0,-0.15563337657947587,True,False,1525,125
2008-11-24 00:00:00+00:00,11588914.291706935,11588914.291706935,0.0,0.0,0.0,0.0,0,-0.15563337657947587,True,False,1526,125
2008-11-25 00:00:00+00:00,11588914.291706935,11588914.291706935,0.0,0.0,0.0,0.0,0,-0.15563337657947587,True,False,1527,125
2008-11-26 00:00:00+00:00,11588914.291706935,11588914.291706935,0.0,0.0,0.0,0.0,0,-0.15563337657947587,True,False,1528,125
2008-11-27 00:00:00+00:00,11588914.291706935,11588914.291706935,0.0,0.0,0.0,0.0,0,-0.15563337657947587,True,False,1528,125
2008-11-28 00:00:00+00:00,11588914.291706935,11588914.291706935,0.0,0.0,0.0,0.0,0,-0.15563337657947587,True,False,1528,125
2008-12-01 00:00:00+00:00,11588914.291706935,11588914.291706935,0.0,0.0,0.0,0.0,0,-0.15563337657947587,True,False,1528,125
2008-12-02 00:00:00+00:00,11588914.291706935,11588914.291706935,0.0,0.0,0.0,0.0,0,-0.15563337657947587,True,False,1528,125
2008-12-03 00:00:00+00:00,11588914.291706935,11588914.291706935,0.0,0.0,0.0,0.0,0,-0.15563337657947587,True,False,1528,125
2008-12-04 00:00:00+00:00,11588914.291706935,11588914.291706935,0.0,0.0,0.0,0.0,0,-0.15563337657947587,True,False,1529,125
2008-12-05 00:00:00+00:00,11588914.291706935,11588914.291706935,0.0,0.0,0.0,0.0,0,-0.15563337657947587,True,False,1532,125
2008-12-08 00:00:00+00:00,11588914.291706935,11588914.291706935,0.0,0.0,0.0,0.0,0,-0.15563337657947587,True,False,1532,125
2008-12-09 00:00:00+00:00,11588914.291706935,11588914.291706935,0.0,0.0,0.0,0.0,0,-0.15563337657947587,True,False,1532,125
2008-12-10 00:00:00+00:00,11588914.291706935,11588914.291706935,0.0,0.0,0.0,0.0,0,-0.15563337657947587,True,False,1532,125
2008-12-11 00:00:00+00:00,11588914.291706935,11588914.291706935,0.0,0.0,0.0,0.0,0,-0.15563337657947587,True,False,1532,125
2008-12-12 00:00:00+00:00,11588914.291706935,11588914.291706935,0.0,0.0,0.0,0.0,0,-0.15563337657947587,True,False,1532,125
2008-12-15 00:00:00+00:00,11588914.291706935,11588914.291706935,0.0,0.0,0.0,0.0,0,-0.15563337657947587,True,False,1532,125
2008-12-16 00:00:00+00:00,11588914.291706935,11588914.291706935,0.0,0.0,0.0,0.0,0,-0.15563337657947587,True,False,1545,125
2008-12-17 00:00:00+00:00,11588914.291706935,11588914.291706935,0.0,0.0,0.0,0.0,0,-0.15563337657947587,True,False,1545,125
2008-12-18 00:00:00+00:00,11588914.291706935,11588914.291706935,0.0,0.0,0.0,0.0,0,-0.15563337657947587,True,False,1546,125
2008-12-19 00:00:00+00:00,11588914.291706935,11588914.291706935,0.0,0.0,0.0,0.0,0,-0.15563337657947587,True,False,1546,125
2008-12-22 00:00:00+00:00,11588914.291706935,11588914.291706935,0.0,0.0,0.0,0.0,0,-0.15563337657947587,True,False,1546,125
2008-12-23 00:00:00+00:00,11588914.291706935,11588914.291706935,0.0,0.0,0.0,0.0,0,-0.15563337657947587,True,False,1546,125
2008-12-24 00:00:00+00:00,11588914.291706935,11588914.291706935,0.0,0.0,0.0,0.0,0,-0.15563337657947587,True,False,1546,125
2008-12-26 00:00:00+00:00,11588914.291706935,11588914.291706935,0.0,0.0,0.0,0.0,0,-0.15563337657947587,True,False,1546,125
2008-12-29 00:00:00+00:00,11588914.291706935,11588914.291706935,0.0,0.0,0.0,0.0,0,-0.15563337657947587,True,False,1546,125
2008-12-30 00:00:00+00:00,11588914.291706935,11588914.291706935,0.0,0.0,0.0,0.0,0,-0.15563337657947587,True,False,1546,125
2008-12-31 00:00:00+00:00,11588914.291706935,11588914.291706935,0.0,0.0,0.0,0.0,0,-0.15563337657947587,True,False,1546,125
2009-01-02 00:00:00+00:00,11588914.291706935,11588914.291706935,0.0,0.0,0.0,0.0,0,-0.15563337657947587,True,False,1546,125
2009-01-05 00:00:00+00:00,11588914.291706935,11588914.291706935,0.0,0.0,0.0,0.0,0,-0.15563337657947587,True,False,1546,125
2009-01-06 00:00:00+00:00,11588914.291706935,11588914.291706935,0.0,0.0,0.0,0.0,0,-0.15563337657947587,True,False,1546,125
2009-01-07 00:00:00+00:00,11588914.291706935,11588914.291706935,0.0,0.0,0.0,0.0,0,-0.15563337657947587,True,False,1546,125
2009-01-08 00:00:00+00:00,11588914.291706935,11588914.291706935,0.0,0.0,0.0,0.0,0,-0.15563337657947587,True,False,1546,125
2009-01-09 00:00:00+00:00,11588914.291706935,11588914.291706935,0.0,0.0,0.0,0.0,0,-0.15563337657947587,True,False,1546,125
2009-01-12 00:00:00+00:00,11588914.291706935,11588914.291706935,0.0,0.0,0.0,0.0,0,-0.15563337657947587,True,False,1546,125
2009-01-13 00:00:00+00:00,11588914.291706935,11588914.291706935,0.0,0.0,0.0,0.0,0,-0.15563337657947587,True,False,1548,125
2009-01-14 00:00:00+00:00,11588914.291706935,11588914.291706935,0.0,0.0,0.0,0.0,0,-0.15563337657947587,True,False,1548,125
2009-01-15 00:00:00+00:00,11588914.291706935,11588914.291706935,0.0,0.0,0.0,0.0,0,-0.15563337657947587,True,False,1548,125
2009-01-16 00:00:00+00:00,11588914.291706935,11588914.291706935,0.0,0.0,0.0,0.0,0,-0.15563337657947587,True,False,1561,125
2009-01-19 00:00:00+00:00,11588914.291706935,11588914.291706935,0.0,0.0,0.0,0.0,0,-0.15563337657947587,True,False,1561,125
2009-01-20 00:00:00+00:00,11588914.291706935,11588914.291706935,0.0,0.0,0.0,0.0,0,-0.15563337657947587,True,False,1561,125
2009-01-21 00:00:00+00:00,11588914.291706935,11588914.291706935,0.0,0.0,0.0,0.0,0,-0.15563337657947587,True,False,1561,125
2009-01-22 00:00:00+00:00,11588914.291706935,11588914.291706935,0.0,0.0,0.0,0.0,0,-0.15563337657947587,True,False,1562,125
2009-01-23 00:00:00+00:00,11588914.291706935,11588914.291706935,0.0,0.0,0.0,0.0,0,-0.15563337657947587,True,False,1563,125
2009-01-26 00:00:00+00:00,11588914.291706935,11588914.291706935,0.0,0.0,0.0,0.0,0,-0.15563337657947587,True,False,1563,125
2009-01-27 00:00:00+00:00,11588914.291706935,11588914.291706935,0.0,0.0,0.0,0.0,0,-0.15563337657947587,True,False,1563,125
2009-01-28 00:00:00+00:00,11588914.291706935,11588914.291706935,0.0,0.0,0.0,0.0,0,-0.15563337657947587,True,False,1564,125
2009-01-29 00:00:00+00:00,11588914.291706935,11588914.291706935,0.0,0.0,0.0,0.0,0,-0.15563337657947587,True,False,1564,125
2009-01-30 00:00:00+00:00,11588914.291706935,11588914.291706935,0.0,0.0,0.0,0.0,0,-0.15563337657947587,True,False,1564,125
2009-02-02 00:00:00+00:00,11588914.291706935,11588914.291706935,0.0,0.0,0.0,0.0,0,-0.15563337657947587,True,False,1564,125
2009-02-03 00:00:00+00:00,11588914.291706935,11588914.291706935,0.0,0.0,0.0,0.0,0,-0.15563337657947587,True,False,1564,125
2009-02-04 00:00:00+00:00,11588914.291706935,11588914.291706935,0.0,0.0,0.0,0.0,0,-0.15563337657947587,True,False,1564,125
2009-02-05 00:00:00+00:00,11588914.291706935,11588914.291706935,0.0,0.0,0.0,0.0,0,-0.15563337657947587,True,False,1565,125
2009-02-06 00:00:00+00:00,11588914.291706935,11588914.291706935,0.0,0.0,0.0,0.0,0,-0.15563337657947587,True,False,1565,125
2009-02-09 00:00:00+00:00,11588914.291706935,11588914.291706935,0.0,0.0,0.0,0.0,0,-0.15563337657947587,True,False,1565,125
2009-02-10 00:00:00+00:00,11588914.291706935,11588914.291706935,0.0,0.0,0.0,0.0,0,-0.15563337657947587,True,False,1565,125
2009-02-11 00:00:00+00:00,11588914.291706935,11588914.291706935,0.0,0.0,0.0,0.0,0,-0.15563337657947587,True,False,1565,125
2009-02-12 00:00:00+00:00,11588914.291706935,11588914.291706935,0.0,0.0,0.0,0.0,0,-0.15563337657947587,True,False,1565,125
2009-02-13 00:00:00+00:00,11588914.291706935,11588914.291706935,0.0,0.0,0.0,0.0,0,-0.15563337657947587,True,False,1565,125
2009-02-16 00:00:00+00:00,11588914.291706935,11588914.291706935,0.0,0.0,0.0,0.0,0,-0.15563337657947587,True,False,1577,125
2009-02-17 00:00:00+00:00,11588914.291706935,11588914.291706935,0.0,0.0,0.0,0.0,0,-0.15563337657947587,True,False,1579,125
2009-02-18 00:00:00+00:00,11588914.291706935,11588914.291706935,0.0,0.0,0.0,0.0,0,-0.15563337657947587,True,False,1579,125
2009-02-19 00:00:00+00:00,11588914.291706935,11588914.291706935,0.0,0.0,0.0,0.0,0,-0.15563337657947587,True,False,1581,125
2009-02-20 00:00:00+00:00,11588914.291706935,11588914.291706935,0.0,0.0,0.0,0.0,0,-0.15563337657947587,True,False,1582,125
2009-02-23 00:00:00+00:00,11588914.291706935,11588914.291706935,0.0,0.0,0.0,0.0,0,-0.15563337657947587,True,False,1582,125
2009-02-24 00:00:00+00:00,11588914.291706935,11588914.291706935,0.0,0.0,0.0,0.0,0,-0.15563337657947587,True,False,1583,125
2009-02-25 00:00:00+00:00,11588914.291706935,11588914.291706935,0.0,0.0,0.0,0.0,0,-0.15563337657947587,True,False,1583,125
2009-02-26 00:00:00+00:00,11588914.291706935,11588914.291706935,0.0,0.0,0.0,0.0,0,-0.15563337657947587,True,False,1583,125
2009-02-27 00:00:00+00:00,11588914.291706935,11588914.291706935,0.0,0.0,0.0,0.0,0,-0.15563337657947587,True,False,1583,125
2009-03-02 00:00:00+00:00,11588914.291706935,11588914.291706935,0.0,0.0,0.0,0.0,0,-0.15563337657947587,True,False,1584,125
2009-03-03 00:00:00+00:00,11588914.291706935,11588914.291706935,0.0,0.0,0.0,0.0,0,-0.15563337657947587,True,False,1586,125
2009-03-04 00:00:00+00:00,11588914.291706935,11588914.291706935,0.0,0.0,0.0,0.0,0,-0.15563337657947587,True,False,1586,125
2009-03-05 00:00:00+00:00,11588914.291706935,11588914.291706935,0.0,0.0,0.0,0.0,0,-0.15563337657947587,True,False,1589,125
2009-03-06 00:00:00+00:00,11588914.291706935,11588914.291706935,0.0,0.0,0.0,0.0,0,-0.15563337657947587,True,False,1589,125
2009-03-09 00:00:00+00:00,11588914.291706935,11588914.291706935,0.0,0.0,0.0,0.0,0,-0.15563337657947587,True,False,1591,125
2009-03-10 00:00:00+00:00,11588914.291706935,11588914.291706935,0.0,0.0,0.0,0.0,0,-0.15563337657947587,True,False,1591,125
2009-03-11 00:00:00+00:00,11588914.291706935,11588914.291706935,0.0,0.0,0.0,0.0,0,-0.15563337657947587,True,False,1591,125
2009-03-12 00:00:00+00:00,11588914.291706935,11588914.291706935,0.0,0.0,0.0,0.0,0,-0.15563337657947587,True,False,1592,125
2009-03-13 00:00:00+00:00,11588914.291706935,11588914.291706935,0.0,0.0,0.0,0.0,0,-0.15563337657947587,True,False,1592,125
2009-03-16 00:00:00+00:00,11588914.291706935,11588914.291706935,0.0,0.0,0.0,0.0,0,-0.15563337657947587,True,False,1592,125
2009-03-17 00:00:00+00:00,11588914.291706935,11588914.291706935,0.0,0.0,0.0,0.0,0,-0.15563337657947587,True,False,1603,125
2009-03-18 00:00:00+00:00,11588914.291706935,11588914.291706935,0.0,0.0,0.0,0.0,0,-0.15563337657947587,True,False,1604,125
2009-03-19 00:00:00+00:00,11588914.291706935,11588914.291706935,0.0,0.0,0.0,0.0,0,-0.15563337657947587,True,False,1604,125
2009-03-20 00:00:00+00:00,11588914.291706935,11588914.291706935,0.0,0.0,0.0,0.0,0,-0.15563337657947587,True,False,1604,125
2009-03-23 00:00:00+00:00,11588914.291706935,11588914.291706935,0.0,0.0,0.0,0.0,0,-0.15563337657947587,True,False,1604,125
2009-03-24 00:00:00+00:00,11588914.291706935,11588914.291706935,0.0,0.0,0.0,0.0,0,-0.15563337657947587,True,False,1604,125
2009-03-25 00:00:00+00:00,11588914.291706935,11588914.291706935,0.0,0.0,0.0,0.0,0,-0.15563337657947587,True,False,1604,125
2009-03-26 00:00:00+00:00,11588914.291706935,11588914.291706935,0.0,0.0,0.0,0.0,0,-0.15563337657947587,True,False,1604,125
2009-03-27 00:00:00+00:00,11588914.291706935,11588914.291706935,0.0,0.0,0.0,0.0,0,-0.15563337657947587,True,False,1604,125
2009-03-30 00:00:00+00:00,11588914.291706935,11588914.291706935,0.0,0.0,0.0,0.0,0,-0.15563337657947587,True,False,1604,125
2009-03-31 00:00:00+00:00,11588914.291706935,11588914.291706935,0.0,0.0,0.0,0.0,0,-0.15563337657947587,True,False,1604,125
2009-04-01 00:00:00+00:00,11588914.291706935,11588914.291706935,0.0,0.0,0.0,0.0,0,-0.15563337657947587,True,False,1604,125
2009-04-02 00:00:00+00:00,11588914.291706935,11588914.291706935,0.0,0.0,0.0,0.0,0,-0.15563337657947587,True,False,1604,125
2009-04-03 00:00:00+00:00,11588914.291706935,11588914.291706935,0.0,0.0,0.0,0.0,0,-0.15563337657947587,True,False,1604,125
2009-04-06 00:00:00+00:00,11588914.291706935,11588914.291706935,0.0,0.0,0.0,0.0,0,-0.15563337657947587,True,False,1604,125
2009-04-07 00:00:00+00:00,11588914.291706935,11588914.291706935,0.0,0.0,0.0,0.0,0,-0.15563337657947587,True,False,1604,125
2009-04-08 00:00:00+00:00,11588914.291706935,11588914.291706935,0.0,0.0,0.0,0.0,0,-0.15563337657947587,True,False,1604,125
2009-04-09 00:00:00+00:00,11588914.291706935,11588914.291706935,0.0,0.0,0.0,0.0,0,-0.15563337657947587,True,False,1604,125
2009-04-13 00:00:00+00:00,11588914.291706935,11588914.291706935,0.0,0.0,0.0,0.0,0,-0.15563337657947587,True,False,1604,125
2009-04-14 00:00:00+00:00,11588914.291706935,11588914.291706935,0.0,0.0,0.0,0.0,0,-0.15563337657947587,True,False,1604,125
2009-04-15 00:00:00+00:00,11588914.291706935,11588914.291706935,0.0,0.0,0.0,0.0,0,-0.15563337657947587,True,False,1604,125
2009-04-16 00:00:00+00:00,11588914.291706935,11588914.291706935,0.0,0.0,0.0,0.0,0,-0.15563337657947587,True,False,1617,125
2009-04-17 00:00:00+00:00,11588914.291706935,11588914.291706935,0.0,0.0,0.0,0.0,0,-0.15563337657947587,True,False,1617,125
2009-04-20 00:00:00+00:00,11588914.291706935,11588914.291706935,0.0,0.0,0.0,0.0,0,-0.15563337657947587,True,False,1617,125
2009-04-21 00:00:00+00:00,11588914.291706935,11588914.291706935,0.0,0.0,0.0,0.0,0,-0.15563337657947587,True,False,1617,125
2009-04-22 00:00:00+00:00,11588914.291706935,11588914.291706935,0.0,0.0,0.0,0.0,0,-0.15563337657947587,True,False,1617,125
2009-04-23 00:00:00+00:00,11588914.291706935,11588914.291706935,0.0,0.0,0.0,0.0,0,-0.15563337657947587,True,False,1617,125
2009-04-24 00:00:00+00:00,11588914.291706935,11588914.291706935,0.0,0.0,0.0,0.0,0,-0.15563337657947587,True,False,1618,125
2009-04-27 00:00:00+00:00,11588914.291706935,11588914.291706935,0.0,0.0,0.0,0.0,0,-0.15563337657947587,True,False,1618,125
2009-04-28 00:00:00+00:00,11588914.291706935,11588914.291706935,0.0,0.0,0.0,0.0,0,-0.15563337657947587,True,False,1618,125
2009-04-29 00:00:00+00:00,11588914.291706935,11588914.291706935,0.0,0.0,0.0,0.0,0,-0.15563337657947587,True,False,1618,125
2009-04-30 00:00:00+00:00,11588914.291706935,11588914.291706935,0.0,0.0,0.0,0.0,0,-0.15563337657947587,True,False,1618,125
2009-05-01 00:00:00+00:00,11588914.291706935,11588914.291706935,0.0,0.0,0.0,0.0,0,-0.15563337657947587,True,False,1618,125
2009-05-04 00:00:00+00:00,11588914.291706935,11588914.291706935,0.0,0.0,0.0,0.0,0,-0.15563337657947587,True,False,1618,125
2009-05-05 00:00:00+00:00,11588914.291706935,11588914.291706935,0.0,0.0,0.0,0.0,0,-0.15563337657947587,True,False,1618,125
2009-05-06 00:00:00+00:00,11588914.291706935,11588914.291706935,0.0,0.0,0.0,0.0,0,-0.15563337657947587,True,False,1618,125
2009-05-07 00:00:00+00:00,11588914.291706935,11588914.291706935,0.0,0.0,0.0,0.0,0,-0.15563337657947587,True,False,1618,125
2009-05-08 00:00:00+00:00,11588914.291706935,11588914.291706935,0.0,0.0,0.0,0.0,0,-0.15563337657947587,True,False,1618,125
2009-05-11 00:00:00+00:00,11588914.291706935,11588914.291706935,0.0,0.0,0.0,0.0,0,-0.15563337657947587,True,False,1618,125
2009-05-12 00:00:00+00:00,11588914.291706935,11588914.291706935,0.0,0.0,0.0,0.0,0,-0.15563337657947587,True,False,1618,125
2009-05-13 00:00:00+00:00,11588914.291706935,11588914.291706935,0.0,0.0,0.0,0.0,0,-0.15563337657947587,True,False,1618,125
2009-05-14 00:00:00+00:00,11588914.291706935,11588914.291706935,0.0,0.0,0.0,0.0,0,-0.15563337657947587,True,False,1618,125
2009-05-15 00:00:00+00:00,11588914.291706935,11588914.291706935,0.0,0.0,0.0,0.0,0,-0.15563337657947587,True,False,1631,125
2009-05-18 00:00:00+00:00,11588914.291706935,11588914.291706935,0.0,0.0,0.0,0.0,0,-0.15563337657947587,True,False,1631,125
2009-05-19 00:00:00+00:00,11588914.291706935,11588914.291706935,0.0,0.0,0.0,0.0,0,-0.15563337657947587,True,False,1631,125
2009-05-20 00:00:00+00:00,11588914.291706935,11588914.291706935,0.0,0.0,0.0,0.0,0,-0.15563337657947587,True,False,1631,125
2009-05-21 00:00:00+00:00,11588914.291706935,11588914.291706935,0.0,0.0,0.0,0.0,0,-0.15563337657947587,True,False,1631,125
2009-05-22 00:00:00+00:00,11588914.291706935,11588914.291706935,0.0,0.0,0.0,0.0,0,-0.15563337657947587,True,False,1631,125
2009-05-25 00:00:00+00:00,11588914.291706935,11588914.291706935,0.0,0.0,0.0,0.0,0,-0.15563337657947587,True,False,1631,125
2009-05-26 00:00:00+00:00,11588914.291706935,11588914.291706935,0.0,0.0,0.0,0.0,0,-0.15563337657947587,True,False,1631,125
2009-05-27 00:00:00+00:00,11588914.291706935,11588914.291706935,0.0,0.0,0.0,0.0,0,-0.15563337657947587,True,False,1631,125
2009-05-28 00:00:00+00:00,11588914.291706935,11588914.291706935,0.0,0.0,0.0,0.0,0,-0.15563337657947587,True,False,1631,125
2009-05-29 00:00:00+00:00,11588914.291706935,11588914.291706935,0.0,0.0,0.0,0.0,0,-0.15563337657947587,True,False,1631,125
2009-06-01 00:00:00+00:00,11588914.291706935,11588914.291706935,0.0,0.0,0.0,0.0,0,-0.15563337657947587,True,False,1631,125
2009-06-02 00:00:00+00:00,11588914.291706935,11588914.291706935,0.0,0.0,0.0,0.0,0,-0.15563337657947587,True,False,1631,125
2009-06-03 00:00:00+00:00,11588914.291706935,11588914.291706935,0.0,0.0,0.0,0.0,0,-0.15563337657947587,True,False,1631,125
2009-06-04 00:00:00+00:00,11588914.291706935,11588914.291706935,0.0,0.0,0.0,0.0,0,-0.15563337657947587,True,False,1631,125
2009-06-05 00:00:00+00:00,11588914.291706935,11588914.291706935,0.0,0.0,0.0,0.0,0,-0.15563337657947587,True,False,1631,125
2009-06-08 00:00:00+00:00,11588914.291706935,11588914.291706935,0.0,0.0,0.0,0.0,0,-0.15563337657947587,True,False,1631,125
2009-06-09 00:00:00+00:00,11588914.291706935,11588914.291706935,0.0,0.0,0.0,0.0,0,-0.15563337657947587,True,False,1631,125
2009-06-10 00:00:00+00:00,11588914.291706935,11588914.291706935,0.0,0.0,0.0,0.0,0,-0.15563337657947587,True,False,1631,125
2009-06-11 00:00:00+00:00,11588914.291706935,11588914.291706935,0.0,0.0,0.0,0.0,0,-0.15563337657947587,True,False,1631,125
2009-06-12 00:00:00+00:00,11588914.291706935,11588914.291706935,0.0,0.0,0.0,0.0,0,-0.15563337657947587,True,False,1631,125
2009-06-15 00:00:00+00:00,11588914.291706935,11588914.291706935,0.0,0.0,0.0,0.0,0,-0.15563337657947587,True,False,1644,125
2009-06-16 00:00:00+00:00,11588914.291706935,11588914.291706935,0.0,0.0,0.0,0.0,0,-0.15563337657947587,True,False,1644,125
2009-06-17 00:00:00+00:00,11588914.291706935,11588914.291706935,0.0,0.0,0.0,0.0,0,-0.15563337657947587,True,False,1644,125
2009-06-18 00:00:00+00:00,11588914.291706935,11588914.291706935,0.0,0.0,0.0,0.0,0,-0.15563337657947587,True,False,1644,125
2009-06-19 00:00:00+00:00,11588914.291706935,11588914.291706935,0.0,0.0,0.0,0.0,0,-0.15563337657947587,True,False,1644,125
2009-06-22 00:00:00+00:00,11588914.291706935,11588914.291706935,0.0,0.0,0.0,0.0,0,-0.15563337657947587,True,False,1644,125
2009-06-23 00:00:00+00:00,11588914.291706935,11588914.291706935,0.0,0.0,0.0,0.0,0,-0.15563337657947587,True,False,1644,125
2009-06-24 00:00:00+00:00,11588914.291706935,11588914.291706935,0.0,0.0,0.0,0.0,0,-0.15563337657947587,True,False,1644,125
2009-06-25 00:00:00+00:00,11588914.291706935,11588914.291706935,0.0,0.0,0.0,0.0,0,-0.15563337657947587,True,False,1644,125
2009-06-26 00:00:00+00:00,11588914.291706935,11588914.291706935,0.0,0.0,0.0,0.0,0,-0.15563337657947587,True,False,1644,125
2009-06-29 00:00:00+00:00,11588914.291706935,11588914.291706935,0.0,0.0,0.0,0.0,0,-0.15563337657947587,True,False,1644,125
2009-06-30 00:00:00+00:00,11588914.291706935,11588914.291706935,0.0,0.0,0.0,0.0,0,-0.15563337657947587,True,False,1645,125
2009-07-01 00:00:00+00:00,11588914.291706935,11588914.291706935,0.0,0.0,0.0,0.0,0,-0.15563337657947587,True,False,1645,125
2009-07-02 00:00:00+00:00,11588914.291706935,11588914.291706935,0.0,0.0,0.0,0.0,0,-0.15563337657947587,True,False,1645,125
2009-07-03 00:00:00+00:00,11588914.291706935,11588914.291706935,0.0,0.0,0.0,0.0,0,-0.15563337657947587,True,False,1645,125
2009-07-06 00:00:00+00:00,11588914.291706935,11588914.291706935,0.0,0.0,0.0,0.0,0,-0.15563337657947587,True,False,1645,125
2009-07-07 00:00:00+00:00,11588914.291706935,11588914.291706935,0.0,0.0,0.0,0.0,0,-0.15563337657947587,True,False,1647,125
2009-07-08 00:00:00+00:00,11588914.291706935,11588914.291706935,0.0,0.0,0.0,0.0,0,-0.15563337657947587,True,False,1648,125
2009-07-09 00:00:00+00:00,11588914.291706935,11588914.291706935,0.0,0.0,0.0,0.0,0,-0.15563337657947587,True,False,1648,125
2009-07-10 00:00:00+00:00,11588914.291706935,11588914.291706935,0.0,0.0,0.0,0.0,0,-0.15563337657947587,True,False,1650,125
2009-07-13 00:00:00+00:00,11588914.291706935,11588914.291706935,0.0,0.0,0.0,0.0,0,-0.15563337657947587,True,False,1655,125
2009-07-14 00:00:00+00:00,11588914.291706935,11588914.291706935,0.0,0.0,0.0,0.0,0,-0.15563337657947587,True,False,1669,125
2009-07-15 00:00:00+00:00,11588914.291706935,11588914.291706935,0.0,0.0,0.0,0.0,0,-0.15563337657947587,True,False,1669,125
2009-07-16 00:00:00+00:00,11588914.291706935,11588914.291706935,0.0,0.0,0.0,0.0,0,-0.15563337657947587,True,False,1669,125
2009-07-17 00:00:00+00:00,11588914.291706935,11588914.291706935,0.0,0.0,0.0,0.0,0,-0.15563337657947587,True,False,1669,125
2009-07-20 00:00:00+00:00,11588914.291706935,11588914.291706935,0.0,0.0,0.0,0.0,0,-0.15563337657947587,True,False,1669,125
2009-07-21 00:00:00+00:00,11588914.291706935,11588914.291706935,0.0,0.0,0.0,0.0,0,-0.15563337657947587,True,False,1669,125
2009-07-22 00:00:00+00:00,11588914.291706935,11588914.291706935,0.0,0.0,0.0,0.0,0,-0.15563337657947587,True,False,1669,125
2009-07-23 00:00:00+00:00,11588914.291706935,11588914.291706935,0.0,0.0,0.0,0.0,0,-0.15563337657947587,True,False,1669,125
2009-07-24 00:00:00+00:00,11588914.291706935,11588914.291706935,0.0,0.0,0.0,0.0,0,-0.15563337657947587,True,False,1669,125
2009-07-27 00:00:00+00:00,11588914.291706935,11588914.291706935,0.0,0.0,0.0,0.0,0,-0.15563337657947587,True,False,1669,125
2009-07-28 00:00:00+00:00,11588914.291706935,11588914.291706935,0.0,0.0,0.0,0.0,0,-0.15563337657947587,True,False,1669,125
2009-07-29 00:00:00+00:00,11588914.291706935,11588914.291706935,0.0,0.0,0.0,0.0,0,-0.15563337657947587,True,False,1669,125
2009-07-30 00:00:00+00:00,11588914.291706935,11588914.291706935,0.0,0.0,0.0,0.0,0,-0.15563337657947587,True,False,1669,125
2009-07-31 00:00:00+00:00,11588914.291706935,11588914.291706935,0.0,0.0,0.0,0.0,0,-0.15563337657947587,True,False,1669,125
2009-08-03 00:00:00+00:00,11588914.291706935,11588914.291706935,0.0,0.0,0.0,0.0,0,-0.15563337657947587,True,False,1669,125
2009-08-04 00:00:00+00:00,11588914.291706935,11588914.291706935,0.0,0.0,0.0,0.0,0,-0.15563337657947587,True,False,1669,125
2009-08-05 00:00:00+00:00,11588914.291706935,11588914.291706935,0.0,0.0,0.0,0.0,0,-0.15563337657947587,True,False,1669,125
2009-08-06 00:00:00+00:00,11588914.291706935,11588914.291706935,0.0,0.0,0.0,0.0,0,-0.15563337657947587,True,False,1669,125
2009-08-07 00:00:00+00:00,11588914.291706935,11588914.291706935,0.0,0.0,0.0,0.0,0,-0.15563337657947587,True,False,1669,125
2009-08-10 00:00:00+00:00,11588914.291706935,11588914.291706935,0.0,0.0,0.0,0.0,0,-0.15563337657947587,True,False,1669,125
2009-08-11 00:00:00+00:00,11588914.291706935,11588914.291706935,0.0,0.0,0.0,0.0,0,-0.15563337657947587,True,False,1670,125
2009-08-12 00:00:00+00:00,11588914.291706935,11588914.291706935,0.0,0.0,0.0,0.0,0,-0.15563337657947587,True,False,1684,125
2009-08-13 00:00:00+00:00,11588914.291706935,11588914.291706935,0.0,0.0,0.0,0.0,0,-0.15563337657947587,True,False,1684,125
2009-08-14 00:00:00+00:00,11588914.291706935,11588914.291706935,0.0,0.0,0.0,0.0,0,-0.15563337657947587,True,False,1684,125
2009-08-17 00:00:00+00:00,11588914.291706935,11588914.291706935,0.0,0.0,0.0,0.0,0,-0.15563337657947587,True,False,1684,125
2009-08-18 00:00:00+00:00,11588914.291706935,11588914.291706935,0.0,0.0,0.0,0.0,0,-0.15563337657947587,True,False,1684,125
2009-08-19 00:00:00+00:00,11588914.291706935,11588914.291706935,0.0,0.0,0.0,0.0,0,-0.15563337657947587,True,False,1684,125
2009-08-20 00:00:00+00:00,11588914.291706935,11588914.291706935,0.0,0.0,0.0,0.0,0,-0.15563337657947587,True,False,1684,125
2009-08-21 00:00:00+00:00,11588914.291706935,11588914.291706935,0.0,0.0,0.0,0.0,0,-0.15563337657947587,True,False,1684,125
2009-08-24 00:00:00+00:00,11588914.291706935,11588914.291706935,0.0,0.0,0.0,0.0,0,-0.15563337657947587,True,False,1684,125
2009-08-25 00:00:00+00:00,11588914.291706935,11588914.291706935,0.0,0.0,0.0,0.0,0,-0.15563337657947587,True,False,1684,125
2009-08-26 00:00:00+00:00,11588914.291706935,11588914.291706935,0.0,0.0,0.0,0.0,0,-0.15563337657947587,True,False,1684,125
2009-08-27 00:00:00+00:00,11588914.291706935,11588914.291706935,0.0,0.0,0.0,0.0,0,-0.15563337657947587,True,False,1684,125
2009-08-28 00:00:00+00:00,11588914.291706935,11588914.291706935,0.0,0.0,0.0,0.0,0,-0.15563337657947587,True,False,1684,125
2009-08-31 00:00:00+00:00,11588914.291706935,11588914.291706935,0.0,0.0,0.0,0.0,0,-0.15563337657947587,True,False,1684,125
2009-09-01 00:00:00+00:00,11588914.291706935,11588914.291706935,0.0,0.0,0.0,0.0,0,-0.15563337657947587,True,False,1684,125
2009-09-02 00:00:00+00:00,11588914.291706935,11588914.291706935,0.0,0.0,0.0,0.0,0,-0.15563337657947587,True,False,1684,125
2009-09-03 00:00:00+00:00,11588914.291706935,11588914.291706935,0.0,0.0,0.0,0.0,0,-0.15563337657947587,True,False,1684,125
2009-09-04 00:00:00+00:00,11588914.291706935,11588914.291706935,0.0,0.0,0.0,0.0,0,-0.15563337657947587,True,False,1686,125
2009-09-07 00:00:00+00:00,11588914.291706935,11588914.291706935,0.0,0.0,0.0,0.0,0,-0.15563337657947587,True,False,1686,125
2009-09-08 00:00:00+00:00,11588914.291706935,11588914.291706935,0.0,0.0,0.0,0.0,0,-0.15563337657947587,True,False,1686,125
2009-09-09 00:00:00+00:00,11588914.291706935,11588914.291706935,0.0,0.0,0.0,0.0,0,-0.15563337657947587,True,False,1686,125
2009-09-10 00:00:00+00:00,11588914.291706935,11588914.291706935,0.0,0.0,0.0,0.0,0,-0.15563337657947587,True,False,1700,125
2009-09-11 00:00:00+00:00,11588914.291706935,11588914.291706935,0.0,0.0,0.0,0.0,0,-0.15563337657947587,True,False,1700,125
2009-09-14 00:00:00+00:00,11588914.291706935,11588914.291706935,0.0,0.0,0.0,0.0,0,-0.15563337657947587,True,False,1700,125
2009-09-15 00:00:00+00:00,11588914.291706935,11588914.291706935,0.0,0.0,0.0,0.0,0,-0.15563337657947587,True,False,1700,125
2009-09-16 00:00:00+00:00,11588914.291706935,11588914.291706935,0.0,0.0,0.0,0.0,0,-0.15563337657947587,True,False,1701,125
2009-09-17 00:00:00+00:00,11588914.291706935,11588914.291706935,0.0,0.0,0.0,0.0,0,-0.15563337657947587,True,False,1701,125
2009-09-18 00:00:00+00:00,11588914.291706935,11588914.291706935,0.0,0.0,0.0,0.0,0,-0.15563337657947587,True,False,1701,125
2009-09-21 00:00:00+00:00,11588914.291706935,11588914.291706935,0.0,0.0,0.0,0.0,0,-0.15563337657947587,True,False,1701,125
2009-09-22 00:00:00+00:00,11588914.291706935,11588914.291706935,0.0,0.0,0.0,0.0,0,-0.15563337657947587,True,False,1701,125
2009-09-23 00:00:00+00:00,11588914.291706935,11588914.291706935,0.0,0.0,0.0,0.0,0,-0.15563337657947587,True,False,1701,125
2009-09-24 00:00:00+00:00,11588914.291706935,11588914.291706935,0.0,0.0,0.0,0.0,0,-0.15563337657947587,True,False,1701,125
2009-09-25 00:00:00+00:00,11588914.291706935,11588914.291706935,0.0,0.0,0.0,0.0,0,-0.15563337657947587,True,False,1701,125
2009-09-28 00:00:00+00:00,11588914.291706935,11588914.291706935,0.0,0.0,0.0,0.0,0,-0.15563337657947587,True,False,1701,125
2009-09-29 00:00:00+00:00,11588914.291706935,11588914.291706935,0.0,0.0,0.0,0.0,0,-0.15563337657947587,True,False,1701,125
2009-09-30 00:00:00+00:00,11588914.291706935,11588914.291706935,0.0,0.0,0.0,0.0,0,-0.15563337657947587,True,False,1701,125
2009-10-01 00:00:00+00:00,11588914.291706935,11588914.291706935,0.0,0.0,0.0,0.0,0,-0.15563337657947587,True,False,1701,125
2009-10-02 00:00:00+00:00,11588914.291706935,11588914.291706935,0.0,0.0,0.0,0.0,0,-0.15563337657947587,True,False,1702,125
2009-10-05 00:00:00+00:00,11588914.291706935,11588914.291706935,0.0,0.0,0.0,0.0,0,-0.15563337657947587,True,False,1702,125
2009-10-06 00:00:00+00:00,11588914.291706935,11588914.291706935,0.0,0.0,0.0,0.0,0,-0.15563337657947587,True,False,1702,125
2009-10-07 00:00:00+00:00,11588914.291706935,11588914.291706935,0.0,0.0,0.0,0.0,0,-0.15563337657947587,True,False,1702,125
2009-10-08 00:00:00+00:00,11588914.291706935,11588914.291706935,0.0,0.0,0.0,0.0,0,-0.15563337657947587,True,False,1703,125
2009-10-09 00:00:00+00:00,11588914.291706935,11588914.291706935,0.0,0.0,0.0,0.0,0,-0.15563337657947587,True,False,1717,125
2009-10-12 00:00:00+00:00,11588914.291706935,11588914.291706935,0.0,0.0,0.0,0.0,0,-0.15563337657947587,True,False,1717,125
2009-10-13 00:00:00+00:00,11588914.291706935,11588914.291706935,0.0,0.0,0.0,0.0,0,-0.15563337657947587,True,False,1717,125
2009-10-14 00:00:00+00:00,11588914.291706935,11588914.291706935,0.0,0.0,0.0,0.0,0,-0.15563337657947587,True,False,1717,125
2009-10-15 00:00:00+00:00,11588914.291706935,11588914.291706935,0.0,0.0,0.0,0.0,0,-0.15563337657947587,True,False,1717,125
2009-10-16 00:00:00+00:00,11588914.291706935,11588914.291706935,0.0,0.0,0.0,0.0,0,-0.15563337657947587,True,False,1718,125
2009-10-19 00:00:00+00:00,11588914.291706935,11588914.291706935,0.0,0.0,0.0,0.0,0,-0.15563337657947587,True,False,1718,125
2009-10-20 00:00:00+00:00,11588914.291706935,11588914.291706935,0.0,0.0,0.0,0.0,0,-0.15563337657947587,True,False,1718,125
2009-10-21 00:00:00+00:00,11588914.291706935,11588914.291706935,0.0,0.0,0.0,0.0,0,-0.15563337657947587,True,False,1718,125
2009-10-22 00:00:00+00:00,11588914.291706935,11588914.291706935,0.0,0.0,0.0,0.0,0,-0.15563337657947587,True,False,1718,125
2009-10-23 00:00:00+00:00,11588914.291706935,11588914.291706935,0.0,0.0,0.0,0.0,0,-0.15563337657947587,True,False,1718,125
2009-10-26 00:00:00+00:00,11588914.291706935,11588914.291706935,0.0,0.0,0.0,0.0,0,-0.15563337657947587,True,False,1719,125
2009-10-27 00:00:00+00:00,11588914.291706935,11588914.291706935,0.0,0.0,0.0,0.0,0,-0.15563337657947587,True,False,1719,125
2009-10-28 00:00:00+00:00,11588914.291706935,11588914.291706935,0.0,0.0,0.0,0.0,0,-0.15563337657947587,True,False,1721,125
2009-10-29 00:00:00+00:00,11588914.291706935,11588914.291706935,0.0,0.0,0.0,0.0,0,-0.15563337657947587,True,False,1724,125
2009-10-30 00:00:00+00:00,11588914.291706935,11588914.291706935,0.0,0.0,0.0,0.0,0,-0.15563337657947587,True,False,1725,125
2009-11-02 00:00:00+00:00,11588914.291706935,11588914.291706935,0.0,0.0,0.0,0.0,0,-0.15563337657947587,True,False,1725,125
2009-11-03 00:00:00+00:00,11588914.291706935,11588914.291706935,0.0,0.0,0.0,0.0,0,-0.15563337657947587,True,False,1732,125
2009-11-04 00:00:00+00:00,11588914.291706935,11588914.291706935,0.0,0.0,0.0,0.0,0,-0.15563337657947587,True,False,1732,125
2009-11-05 00:00:00+00:00,11588914.291706935,11588914.291706935,0.0,0.0,0.0,0.0,0,-0.15563337657947587,True,False,1732,125
2009-11-06 00:00:00+00:00,11588914.291706935,11588914.291706935,0.0,0.0,0.0,0.0,0,-0.15563337657947587,True,False,1732,125
2009-11-09 00:00:00+00:00,11588914.291706935,11588914.291706935,0.0,0.0,0.0,0.0,0,-0.15563337657947587,True,False,1746,125
2009-11-10 00:00:00+00:00,11588914.291706935,11588914.291706935,0.0,0.0,0.0,0.0,0,-0.15563337657947587,True,False,1746,125
2009-11-11 00:00:00+00:00,11588914.291706935,11588914.291706935,0.0,0.0,0.0,0.0,0,-0.15563337657947587,True,False,1746,125
2009-11-12 00:00:00+00:00,11588914.291706935,11588914.291706935,0.0,0.0,0.0,0.0,0,-0.15563337657947587,True,False,1746,125
2009-11-13 00:00:00+00:00,11588914.291706935,11588914.291706935,0.0,0.0,0.0,0.0,0,-0.15563337657947587,True,False,1746,125
2009-11-16 00:00:00+00:00,11588914.291706935,11588914.291706935,0.0,0.0,0.0,0.0,0,-0.15563337657947587,True,False,1746,125
2009-11-17 00:00:00+00:00,11588914.291706935,11588914.291706935,0.0,0.0,0.0,0.0,0,-0.15563337657947587,True,False,1746,125
2009-11-18 00:00:00+00:00,11588914.291706935,11588914.291706935,0.0,0.0,0.0,0.0,0,-0.15563337657947587,True,False,1746,125
2009-11-19 00:00:00+00:00,11588914.291706935,11588914.291706935,0.0,0.0,0.0,0.0,0,-0.15563337657947587,True,False,1746,125
2009-11-20 00:00:00+00:00,11588914.291706935,11588914.291706935,0.0,0.0,0.0,0.0,0,-0.15563337657947587,True,False,1746,125
2009-11-23 00:00:00+00:00,11588914.291706935,11588914.291706935,0.0,0.0,0.0,0.0,0,-0.15563337657947587,True,False,1746,125
2009-11-24 00:00:00+00:00,11588914.291706935,11588914.291706935,0.0,0.0,0.0,0.0,0,-0.15563337657947587,True,False,1746,125
2009-11-25 00:00:00+00:00,11588914.291706935,11588914.291706935,0.0,0.0,0.0,0.0,0,-0.15563337657947587,True,False,1746,125
2009-11-26 00:00:00+00:00,11588914.291706935,11588914.291706935,0.0,0.0,0.0,0.0,0,-0.15563337657947587,True,False,1746,125
2009-11-27 00:00:00+00:00,11588914.291706935,11588914.291706935,0.0,0.0,0.0,0.0,0,-0.15563337657947587,True,False,1746,125
2009-11-30 00:00:00+00:00,11588914.291706935,11588914.291706935,0.0,0.0,0.0,0.0,0,-0.15563337657947587,True,False,1746,125
2009-12-01 00:00:00+00:00,11588914.291706935,11588914.291706935,0.0,0.0,0.0,0.0,0,-0.15563337657947587,True,False,1746,125
2009-12-02 00:00:00+00:00,11588914.291706935,11588914.291706935,0.0,0.0,0.0,0.0,0,-0.15563337657947587,True,False,1746,125
2009-12-03 00:00:00+00:00,11588914.291706935,11588914.291706935,0.0,0.0,0.0,0.0,0,-0.15563337657947587,True,False,1746,125
2009-12-04 00:00:00+00:00,11588914.291706935,11588914.291706935,0.0,0.0,0.0,0.0,0,-0.15563337657947587,True,False,1746,125
2009-12-07 00:00:00+00:00,11588914.291706935,11588914.291706935,0.0,0.0,0.0,0.0,0,-0.15563337657947587,True,False,1746,125
2009-12-08 00:00:00+00:00,11588914.291706935,11588914.291706935,0.0,0.0,0.0,0.0,0,-0.15563337657947587,True,False,1760,125
2009-12-09 00:00:00+00:00,11588914.291706935,11588914.291706935,0.0,0.0,0.0,0.0,0,-0.15563337657947587,True,False,1760,125
2009-12-10 00:00:00+00:00,11588914.291706935,11588914.291706935,0.0,0.0,0.0,0.0,0,-0.15563337657947587,True,False,1760,125
2009-12-11 00:00:00+00:00,11588914.291706935,11588914.291706935,0.0,0.0,0.0,0.0,0,-0.15563337657947587,True,False,1761,125
2009-12-14 00:00:00+00:00,11588914.291706935,11588914.291706935,0.0,0.0,0.0,0.0,0,-0.15563337657947587,True,False,1761,125
2009-12-15 00:00:00+00:00,11588914.291706935,11588914.291706935,0.0,0.0,0.0,0.0,0,-0.15563337657947587,True,False,1761,125
2009-12-16 00:00:00+00:00,11588914.291706935,11588914.291706935,0.0,0.0,0.0,0.0,0,-0.15563337657947587,True,False,1761,125
2009-12-17 00:00:00+00:00,11588914.291706935,11588914.291706935,0.0,0.0,0.0,0.0,0,-0.15563337657947587,True,False,1761,125
2009-12-18 00:00:00+00:00,11588914.291706935,11588914.291706935,0.0,0.0,0.0,0.0,0,-0.15563337657947587,True,False,1761,125
2009-12-21 00:00:00+00:00,11588914.291706935,11588914.291706935,0.0,0.0,0.0,0.0,0,-0.15563337657947587,True,False,1761,125
2009-12-22 00:00:00+00:00,11588914.291706935,11588914.291706935,0.0,0.0,0.0,0.0,0,-0.15563337657947587,True,False,1761,125
2009-12-23 00:00:00+00:00,11588914.291706935,11588914.291706935,0.0,0.0,0.0,0.0,0,-0.15563337657947587,True,False,1761,125
2009-12-24 00:00:00+00:00,11588914.291706935,11588914.291706935,0.0,0.0,0.0,0.0,0,-0.15563337657947587,True,False,1761,125
2009-12-28 00:00:00+00:00,11588914.291706935,11588914.291706935,0.0,0.0,0.0,0.0,0,-0.15563337657947587,True,False,1761,125
2009-12-29 00:00:00+00:00,11588914.291706935,11588914.291706935,0.0,0.0,0.0,0.0,0,-0.15563337657947587,True,False,1761,125
2009-12-30 00:00:00+00:00,11588914.291706935,11588914.291706935,0.0,0.0,0.0,0.0,0,-0.15563337657947587,True,False,1761,125
2009-12-31 00:00:00+00:00,11588914.291706935,11588914.291706935,0.0,0.0,0.0,0.0,0,-0.15563337657947587,True,False,1761,125
2010-01-04 00:00:00+00:00,11588914.291706935,11588914.291706935,0.0,0.0,0.0,0.0,0,-0.15563337657947587,True,False,1761,125
2010-01-05 00:00:00+00:00,11588914.291706935,11588914.291706935,0.0,0.0,0.0,0.0,0,-0.15563337657947587,True,False,1761,125
2010-01-06 00:00:00+00:00,11588914.291706935,11588914.291706935,0.0,0.0,0.0,0.0,0,-0.15563337657947587,True,False,1761,125
2010-01-07 00:00:00+00:00,11588914.291706935,11588914.291706935,0.0,0.0,0.0,0.0,0,-0.15563337657947587,True,False,1762,125
2010-01-08 00:00:00+00:00,11588914.291706935,11588914.291706935,0.0,0.0,0.0,0.0,0,-0.15563337657947587,True,False,1777,125
2010-01-11 00:00:00+00:00,11588914.291706935,11588914.291706935,0.0,0.0,0.0,0.0,0,-0.15563337657947587,True,False,1777,125
2010-01-12 00:00:00+00:00,11588914.291706935,11588914.291706935,0.0,0.0,0.0,0.0,0,-0.15563337657947587,True,False,1777,125
2010-01-13 00:00:00+00:00,11588914.291706935,11588914.291706935,0.0,0.0,0.0,0.0,0,-0.15563337657947587,True,False,1777,125
2010-01-14 00:00:00+00:00,11588914.291706935,11588914.291706935,0.0,0.0,0.0,0.0,0,-0.15563337657947587,True,False,1778,125
2010-01-15 00:00:00+00:00,11588914.291706935,11588914.291706935,0.0,0.0,0.0,0.0,0,-0.15563337657947587,True,False,1778,125
2010-01-18 00:00:00+00:00,11588914.291706935,11588914.291706935,0.0,0.0,0.0,0.0,0,-0.15563337657947587,True,False,1778,125
2010-01-19 00:00:00+00:00,11588914.291706935,11588914.291706935,0.0,0.0,0.0,0.0,0,-0.15563337657947587,True,False,1778,125
2010-01-20 00:00:00+00:00,11588914.291706935,11588914.291706935,0.0,0.0,0.0,0.0,0,-0.15563337657947587,True,False,1778,125
2010-01-21 00:00:00+00:00,11588914.291706935,11588914.291706935,0.0,0.0,0.0,0.0,0,-0.15563337657947587,True,False,1779,125
2010-01-22 00:00:00+00:00,11588914.291706935,11588914.291706935,0.0,0.0,0.0,0.0,0,-0.15563337657947587,True,False,1779,125
2010-01-25 00:00:00+00:00,11588914.291706935,11588914.291706935,0.0,0.0,0.0,0.0,0,-0.15563337657947587,True,False,1779,125
2010-01-26 00:00:00+00:00,11588914.291706935,11588914.291706935,0.0,0.0,0.0,0.0,0,-0.15563337657947587,True,False,1779,125
2010-01-27 00:00:00+00:00,11588914.291706935,11588914.291706935,0.0,0.0,0.0,0.0,0,-0.15563337657947587,True,False,1783,125
2010-01-28 00:00:00+00:00,11588914.291706935,11588914.291706935,0.0,0.0,0.0,0.0,0,-0.15563337657947587,True,False,1784,125
2010-01-29 00:00:00+00:00,11588914.291706935,11588914.291706935,0.0,0.0,0.0,0.0,0,-0.15563337657947587,True,False,1787,125
2010-02-01 00:00:00+00:00,11588914.291706935,11588914.291706935,0.0,0.0,0.0,0.0,0,-0.15563337657947587,True,False,1788,125
2010-02-02 00:00:00+00:00,11588914.291706935,11588914.291706935,0.0,0.0,0.0,0.0,0,-0.15563337657947587,True,False,1788,125
2010-02-03 00:00:00+00:00,11588914.291706935,11588914.291706935,0.0,0.0,0.0,0.0,0,-0.15563337657947587,True,False,1788,125
2010-02-04 00:00:00+00:00,11588914.291706935,11588914.291706935,0.0,0.0,0.0,0.0,0,-0.15563337657947587,True,False,1789,125
2010-02-05 00:00:00+00:00,11588914.291706935,11588914.291706935,0.0,0.0,0.0,0.0,0,-0.15563337657947587,True,False,1791,125
2010-02-06 00:00:00+00:00,11588914.291706935,11588914.291706935,0.0,0.0,0.0,0.0,0,-0.15563337657947587,True,False,1792,125
2010-02-08 00:00:00+00:00,11588914.291706935,11588914.291706935,0.0,0.0,0.0,0.0,0,-0.15563337657947587,True,False,1792,125
2010-02-09 00:00:00+00:00,11588914.291706935,11588914.291706935,0.0,0.0,0.0,0.0,0,-0.15563337657947587,True,False,1792,125
2010-02-10 00:00:00+00:00,11588914.291706935,11588914.291706935,0.0,0.0,0.0,0.0,0,-0.15563337657947587,True,False,1792,125
2010-02-11 00:00:00+00:00,11588914.291706935,11588914.291706935,0.0,0.0,0.0,0.0,0,-0.15563337657947587,True,False,1792,125
2010-02-12 00:00:00+00:00,11588914.291706935,11588914.291706935,0.0,0.0,0.0,0.0,0,-0.15563337657947587,True,False,1792,125
2010-02-15 00:00:00+00:00,11588914.291706935,11588914.291706935,0.0,0.0,0.0,0.0,0,-0.15563337657947587,True,False,1792,125
2010-02-16 00:00:00+00:00,11588914.291706935,11588914.291706935,0.0,0.0,0.0,0.0,0,-0.15563337657947587,True,False,1793,125
2010-02-17 00:00:00+00:00,11588914.291706935,11588914.291706935,0.0,0.0,0.0,0.0,0,-0.15563337657947587,True,False,1793,125
2010-02-18 00:00:00+00:00,11588914.291706935,11588914.291706935,0.0,0.0,0.0,0.0,0,-0.15563337657947587,True,False,1793,125
2010-02-19 00:00:00+00:00,11588914.291706935,11588914.291706935,0.0,0.0,0.0,0.0,0,-0.15563337657947587,True,False,1794,125
2010-02-22 00:00:00+00:00,11588914.291706935,11588914.291706935,0.0,0.0,0.0,0.0,0,-0.15563337657947587,True,False,1794,125
2010-02-23 00:00:00+00:00,11588914.291706935,11588914.291706935,0.0,0.0,0.0,0.0,0,-0.15563337657947587,True,False,1794,125
2010-02-24 00:00:00+00:00,11588914.291706935,11588914.291706935,0.0,0.0,0.0,0.0,0,-0.15563337657947587,True,False,1794,125
2010-02-25 00:00:00+00:00,11588914.291706935,11588914.291706935,0.0,0.0,0.0,0.0,0,-0.15563337657947587,True,False,1796,125
2010-02-26 00:00:00+00:00,11588914.291706935,11588914.291706935,0.0,0.0,0.0,0.0,0,-0.15563337657947587,True,False,1796,125
2010-03-01 00:00:00+00:00,11588914.291706935,11588914.291706935,0.0,0.0,0.0,0.0,0,-0.15563337657947587,True,False,1796,125
2010-03-02 00:00:00+00:00,11588914.291706935,11588914.291706935,0.0,0.0,0.0,0.0,0,-0.15563337657947587,True,False,1796,125
2010-03-03 00:00:00+00:00,11588914.291706935,11588914.291706935,0.0,0.0,0.0,0.0,0,-0.15563337657947587,True,False,1796,125
2010-03-04 00:00:00+00:00,11588914.291706935,11588914.291706935,0.0,0.0,0.0,0.0,0,-0.15563337657947587,True,False,1796,125
2010-03-05 00:00:00+00:00,11588914.291706935,11588914.291706935,0.0,0.0,0.0,0.0,0,-0.15563337657947587,True,False,1796,125
2010-03-08 00:00:00+00:00,11588914.291706935,11588914.291706935,0.0,0.0,0.0,0.0,0,-0.15563337657947587,True,False,1810,125
2010-03-09 00:00:00+00:00,11588914.291706935,11588914.291706935,0.0,0.0,0.0,0.0,0,-0.15563337657947587,True,False,1811,125
2010-03-10 00:00:00+00:00,11588914.291706935,11588914.291706935,0.0,0.0,0.0,0.0,0,-0.15563337657947587,True,False,1811,125
2010-03-11 00:00:00+00:00,11588914.291706935,11588914.291706935,0.0,0.0,0.0,0.0,0,-0.15563337657947587,True,False,1811,125
2010-03-12 00:00:00+00:00,11588914.291706935,11588914.291706935,0.0,0.0,0.0,0.0,0,-0.15563337657947587,True,False,1811,125
2010-03-15 00:00:00+00:00,11588914.291706935,11588914.291706935,0.0,0.0,0.0,0.0,0,-0.15563337657947587,True,False,1811,125
2010-03-16 00:00:00+00:00,11588914.291706935,11588914.291706935,0.0,0.0,0.0,0.0,0,-0.15563337657947587,True,False,1811,125
2010-03-17 00:00:00+00:00,11588914.291706935,11588914.291706935,0.0,0.0,0.0,0.0,0,-0.15563337657947587,True,False,1811,125
2010-03-18 00:00:00+00:00,11588914.291706935,11588914.291706935,0.0,0.0,0.0,0.0,0,-0.15563337657947587,True,False,1812,125
2010-03-19 00:00:00+00:00,11588914.291706935,11588914.291706935,0.0,0.0,0.0,0.0,0,-0.15563337657947587,True,False,1812,125
2010-03-22 00:00:00+00:00,11588914.291706935,11588914.291706935,0.0,0.0,0.0,0.0,0,-0.15563337657947587,True,False,1813,125
2010-03-23 00:00:00+00:00,11588914.291706935,11588914.291706935,0.0,0.0,0.0,0.0,0,-0.15563337657947587,True,False,1813,125
2010-03-24 00:00:00+00:00,11588914.291706935,11588914.291706935,0.0,0.0,0.0,0.0,0,-0.15563337657947587,True,False,1813,125
2010-03-25 00:00:00+00:00,11588914.291706935,11588914.291706935,0.0,0.0,0.0,0.0,0,-0.15563337657947587,True,False,1813,125
2010-03-26 00:00:00+00:00,11588914.291706935,11588914.291706935,0.0,0.0,0.0,0.0,0,-0.15563337657947587,True,False,1813,125
2010-03-29 00:00:00+00:00,11588914.291706935,11588914.291706935,0.0,0.0,0.0,0.0,0,-0.15563337657947587,True,False,1814,125
2010-03-30 00:00:00+00:00,11588914.291706935,11588914.291706935,0.0,0.0,0.0,0.0,0,-0.15563337657947587,True,False,1814,125
2010-03-31 00:00:00+00:00,11588914.291706935,11588914.291706935,0.0,0.0,0.0,0.0,0,-0.15563337657947587,True,False,1816,125
2010-04-01 00:00:00+00:00,11588914.291706935,11588914.291706935,0.0,0.0,0.0,0.0,0,-0.15563337657947587,True,False,1816,125
2010-04-05 00:00:00+00:00,11588914.291706935,11588914.291706935,0.0,0.0,0.0,0.0,0,-0.15563337657947587,True,False,1816,125
2010-04-06 00:00:00+00:00,11588914.291706935,11588914.291706935,0.0,0.0,0.0,0.0,0,-0.15563337657947587,True,False,1816,125
2010-04-07 00:00:00+00:00,11588914.291706935,11588914.291706935,0.0,0.0,0.0,0.0,0,-0.15563337657947587,True,False,1830,125
2010-04-08 00:00:00+00:00,11588914.291706935,11588914.291706935,0.0,0.0,0.0,0.0,0,-0.15563337657947587,True,False,1830,125
2010-04-09 00:00:00+00:00,11588914.291706935,11588914.291706935,0.0,0.0,0.0,0.0,0,-0.15563337657947587,True,False,1830,125
2010-04-12 00:00:00+00:00,11588914.291706935,11588914.291706935,0.0,0.0,0.0,0.0,0,-0.15563337657947587,True,False,1831,125
2010-04-13 00:00:00+00:00,11588914.291706935,11588914.291706935,0.0,0.0,0.0,0.0,0,-0.15563337657947587,True,False,1831,125
2010-04-14 00:00:00+00:00,11588914.291706935,11588914.291706935,0.0,0.0,0.0,0.0,0,-0.15563337657947587,True,False,1831,125
2010-04-15 00:00:00+00:00,11588914.291706935,11588914.291706935,0.0,0.0,0.0,0.0,0,-0.15563337657947587,True,False,1831,125
2010-04-16 00:00:00+00:00,11588914.291706935,11588914.291706935,0.0,0.0,0.0,0.0,0,-0.15563337657947587,True,False,1831,125
2010-04-19 00:00:00+00:00,11588914.291706935,11588914.291706935,0.0,0.0,0.0,0.0,0,-0.15563337657947587,True,False,1833,125
2010-04-20 00:00:00+00:00,11588914.291706935,11588914.291706935,0.0,0.0,0.0,0.0,0,-0.15563337657947587,True,False,1833,125
2010-04-21 00:00:00+00:00,11588914.291706935,11588914.291706935,0.0,0.0,0.0,0.0,0,-0.15563337657947587,True,False,1833,125
2010-04-22 00:00:00+00:00,11588914.291706935,11588914.291706935,0.0,0.0,0.0,0.0,0,-0.15563337657947587,True,False,1833,125
2010-04-23 00:00:00+00:00,11588914.291706935,11588914.291706935,0.0,0.0,0.0,0.0,0,-0.15563337657947587,True,False,1833,125
2010-04-26 00:00:00+00:00,11588914.291706935,11588914.291706935,0.0,0.0,0.0,0.0,0,-0.15563337657947587,True,False,1833,125
2010-04-27 00:00:00+00:00,11588914.291706935,11588914.291706935,0.0,0.0,0.0,0.0,0,-0.15563337657947587,True,False,1833,125
2010-04-28 00:00:00+00:00,11588914.291706935,11588914.291706935,0.0,0.0,0.0,0.0,0,-0.15563337657947587,True,False,1834,125
2010-04-29 00:00:00+00:00,11588914.291706935,11588914.291706935,0.0,0.0,0.0,0.0,0,-0.15563337657947587,True,False,1834,125
2010-04-30 00:00:00+00:00,11588914.291706935,11588914.291706935,0.0,0.0,0.0,0.0,0,-0.15563337657947587,True,False,1835,125
2010-05-03 00:00:00+00:00,11588914.291706935,11588914.291706935,0.0,0.0,0.0,0.0,0,-0.15563337657947587,True,False,1838,125
2010-05-04 00:00:00+00:00,11588914.291706935,11588914.291706935,0.0,0.0,0.0,0.0,0,-0.15563337657947587,True,False,1840,125
2010-05-05 00:00:00+00:00,11588914.291706935,11588914.291706935,0.0,0.0,0.0,0.0,0,-0.15563337657947587,True,False,1840,125
2010-05-06 00:00:00+00:00,11588914.291706935,11588914.291706935,0.0,0.0,0.0,0.0,0,-0.15563337657947587,True,False,1856,125
2010-05-07 00:00:00+00:00,11588914.291706935,11588914.291706935,0.0,0.0,0.0,0.0,0,-0.15563337657947587,True,False,1862,125
2010-05-10 00:00:00+00:00,11588914.291706935,11588914.291706935,0.0,0.0,0.0,0.0,0,-0.15563337657947587,True,False,1862,125
2010-05-11 00:00:00+00:00,11588914.291706935,11588914.291706935,0.0,0.0,0.0,0.0,0,-0.15563337657947587,True,False,1863,125
2010-05-12 00:00:00+00:00,11588914.291706935,11588914.291706935,0.0,0.0,0.0,0.0,0,-0.15563337657947587,True,False,1863,125
2010-05-13 00:00:00+00:00,11588914.291706935,11588914.291706935,0.0,0.0,0.0,0.0,0,-0.15563337657947587,True,False,1863,125
2010-05-14 00:00:00+00:00,11588914.291706935,11588914.291706935,0.0,0.0,0.0,0.0,0,-0.15563337657947587,True,False,1864,125
2010-05-17 00:00:00+00:00,11588914.291706935,11588914.291706935,0.0,0.0,0.0,0.0,0,-0.15563337657947587,True,False,1864,125
2010-05-18 00:00:00+00:00,11588914.291706935,11588914.291706935,0.0,0.0,0.0,0.0,0,-0.15563337657947587,True,False,1865,125
2010-05-19 00:00:00+00:00,11588914.291706935,11588914.291706935,0.0,0.0,0.0,0.0,0,-0.15563337657947587,True,False,1865,125
2010-05-20 00:00:00+00:00,11588914.291706935,11588914.291706935,0.0,0.0,0.0,0.0,0,-0.15563337657947587,True,False,1867,125
2010-05-21 00:00:00+00:00,11588914.291706935,11588914.291706935,0.0,0.0,0.0,0.0,0,-0.15563337657947587,True,False,1868,125
2010-05-24 00:00:00+00:00,11588914.291706935,11588914.291706935,0.0,0.0,0.0,0.0,0,-0.15563337657947587,True,False,1870,125
2010-05-25 00:00:00+00:00,11588914.291706935,11588914.291706935,0.0,0.0,0.0,0.0,0,-0.15563337657947587,True,False,1878,125
2010-05-26 00:00:00+00:00,11588914.291706935,11588914.291706935,0.0,0.0,0.0,0.0,0,-0.15563337657947587,True,False,1878,125
2010-05-27 00:00:00+00:00,11588914.291706935,11588914.291706935,0.0,0.0,0.0,0.0,0,-0.15563337657947587,True,False,1878,125
2010-05-28 00:00:00+00:00,11588914.291706935,11588914.291706935,0.0,0.0,0.0,0.0,0,-0.15563337657947587,True,False,1878,125
2010-05-31 00:00:00+00:00,11588914.291706935,11588914.291706935,0.0,0.0,0.0,0.0,0,-0.15563337657947587,True,False,1879,125
2010-06-01 00:00:00+00:00,11588914.291706935,11588914.291706935,0.0,0.0,0.0,0.0,0,-0.15563337657947587,True,False,1879,125
2010-06-02 00:00:00+00:00,11588914.291706935,11588914.291706935,0.0,0.0,0.0,0.0,0,-0.15563337657947587,True,False,1879,125
2010-06-03 00:00:00+00:00,11588914.291706935,11588914.291706935,0.0,0.0,0.0,0.0,0,-0.15563337657947587,True,False,1879,125
2010-06-04 00:00:00+00:00,11588914.291706935,11588914.291706935,0.0,0.0,0.0,0.0,0,-0.15563337657947587,True,False,1893,125
2010-06-07 00:00:00+00:00,11588914.291706935,11588914.291706935,0.0,0.0,0.0,0.0,0,-0.15563337657947587,True,False,1894,125
2010-06-08 00:00:00+00:00,11588914.291706935,11588914.291706935,0.0,0.0,0.0,0.0,0,-0.15563337657947587,True,False,1894,125
2010-06-09 00:00:00+00:00,11588914.291706935,11588914.291706935,0.0,0.0,0.0,0.0,0,-0.15563337657947587,True,False,1894,125
2010-06-10 00:00:00+00:00,11588914.291706935,11588914.291706935,0.0,0.0,0.0,0.0,0,-0.15563337657947587,True,False,1894,125
2010-06-11 00:00:00+00:00,11588914.291706935,11588914.291706935,0.0,0.0,0.0,0.0,0,-0.15563337657947587,True,False,1894,125
2010-06-14 00:00:00+00:00,11588914.291706935,11588914.291706935,0.0,0.0,0.0,0.0,0,-0.15563337657947587,True,False,1894,125
2010-06-15 00:00:00+00:00,11588914.291706935,11588914.291706935,0.0,0.0,0.0,0.0,0,-0.15563337657947587,True,False,1894,125
2010-06-16 00:00:00+00:00,11588914.291706935,11588914.291706935,0.0,0.0,0.0,0.0,0,-0.15563337657947587,True,False,1894,125
2010-06-17 00:00:00+00:00,11588914.291706935,11588914.291706935,0.0,0.0,0.0,0.0,0,-0.15563337657947587,True,False,1894,125
2010-06-18 00:00:00+00:00,11588914.291706935,11588914.291706935,0.0,0.0,0.0,0.0,0,-0.15563337657947587,True,False,1895,125
2010-06-21 00:00:00+00:00,11588914.291706935,11588914.291706935,0.0,0.0,0.0,0.0,0,-0.15563337657947587,True,False,1895,125
2010-06-22 00:00:00+00:00,11588914.291706935,11588914.291706935,0.0,0.0,0.0,0.0,0,-0.15563337657947587,True,False,1895,125
2010-06-23 00:00:00+00:00,11588914.291706935,11588914.291706935,0.0,0.0,0.0,0.0,0,-0.15563337657947587,True,False,1895,125
2010-06-24 00:00:00+00:00,11588914.291706935,11588914.291706935,0.0,0.0,0.0,0.0,0,-0.15563337657947587,True,False,1895,125
2010-06-25 00:00:00+00:00,11588914.291706935,11588914.291706935,0.0,0.0,0.0,0.0,0,-0.15563337657947587,True,False,1895,125
2010-06-28 00:00:00+00:00,11588914.291706935,11588914.291706935,0.0,0.0,0.0,0.0,0,-0.15563337657947587,True,False,1895,125
2010-06-29 00:00:00+00:00,11588914.291706935,11588914.291706935,0.0,0.0,0.0,0.0,0,-0.15563337657947587,True,False,1896,125
2010-06-30 00:00:00+00:00,11588914.291706935,11588914.291706935,0.0,0.0,0.0,0.0,0,-0.15563337657947587,True,False,1896,125
2010-07-01 00:00:00+00:00,11588914.291706935,11588914.291706935,0.0,0.0,0.0,0.0,0,-0.15563337657947587,True,False,1896,125
2010-07-02 00:00:00+00:00,11588914.291706935,11588914.291706935,0.0,0.0,0.0,0.0,0,-0.15563337657947587,True,False,1896,125
2010-07-05 00:00:00+00:00,11588914.291706935,11588914.291706935,0.0,0.0,0.0,0.0,0,-0.15563337657947587,True,False,1910,125
2010-07-06 00:00:00+00:00,11588914.291706935,11588914.291706935,0.0,0.0,0.0,0.0,0,-0.15563337657947587,True,False,1910,125
2010-07-07 00:00:00+00:00,11588914.291706935,11588914.291706935,0.0,0.0,0.0,0.0,0,-0.15563337657947587,True,False,1910,125
2010-07-08 00:00:00+00:00,11588914.291706935,11588914.291706935,0.0,0.0,0.0,0.0,0,-0.15563337657947587,True,False,1910,125
2010-07-09 00:00:00+00:00,11588914.291706935,11588914.291706935,0.0,0.0,0.0,0.0,0,-0.15563337657947587,True,False,1910,125
2010-07-12 00:00:00+00:00,11588914.291706935,11588914.291706935,0.0,0.0,0.0,0.0,0,-0.15563337657947587,True,False,1910,125
2010-07-13 00:00:00+00:00,11588914.291706935,11588914.291706935,0.0,0.0,0.0,0.0,0,-0.15563337657947587,True,False,1910,125
2010-07-14 00:00:00+00:00,11588914.291706935,11588914.291706935,0.0,0.0,0.0,0.0,0,-0.15563337657947587,True,False,1910,125
2010-07-15 00:00:00+00:00,11588914.291706935,11588914.291706935,0.0,0.0,0.0,0.0,0,-0.15563337657947587,True,False,1910,125
2010-07-16 00:00:00+00:00,11588914.291706935,11588914.291706935,0.0,0.0,0.0,0.0,0,-0.15563337657947587,True,False,1910,125
2010-07-19 00:00:00+00:00,11588914.291706935,11588914.291706935,0.0,0.0,0.0,0.0,0,-0.15563337657947587,True,False,1910,125
2010-07-20 00:00:00+00:00,11588914.291706935,11588914.291706935,0.0,0.0,0.0,0.0,0,-0.15563337657947587,True,False,1910,125
2010-07-21 00:00:00+00:00,11588914.291706935,11588914.291706935,0.0,0.0,0.0,0.0,0,-0.15563337657947587,True,False,1910,125
2010-07-22 00:00:00+00:00,11588914.291706935,11588914.291706935,0.0,0.0,0.0,0.0,0,-0.15563337657947587,True,False,1910,125
2010-07-23 00:00:00+00:00,11588914.291706935,11588914.291706935,0.0,0.0,0.0,0.0,0,-0.15563337657947587,True,False,1910,125
2010-07-26 00:00:00+00:00,11588914.291706935,11588914.291706935,0.0,0.0,0.0,0.0,0,-0.15563337657947587,True,False,1913,125
2010-07-27 00:00:00+00:00,11588914.291706935,11588914.291706935,0.0,0.0,0.0,0.0,0,-0.15563337657947587,True,False,1913,125
2010-07-28 00:00:00+00:00,11588914.291706935,11588914.291706935,0.0,0.0,0.0,0.0,0,-0.15563337657947587,True,False,1913,125
2010-07-29 00:00:00+00:00,11588914.291706935,11588914.291706935,0.0,0.0,0.0,0.0,0,-0.15563337657947587,True,False,1914,125
2010-07-30 00:00:00+00:00,11588914.291706935,11588914.291706935,0.0,0.0,0.0,0.0,0,-0.15563337657947587,True,False,1914,125
2010-08-02 00:00:00+00:00,11588914.291706935,11588914.291706935,0.0,0.0,0.0,0.0,0,-0.15563337657947587,True,False,1914,125
2010-08-03 00:00:00+00:00,11588914.291706935,11588914.291706935,0.0,0.0,0.0,0.0,0,-0.15563337657947587,True,False,1928,125
2010-08-04 00:00:00+00:00,11588914.291706935,11588914.291706935,0.0,0.0,0.0,0.0,0,-0.15563337657947587,True,False,1928,125
2010-08-05 00:00:00+00:00,11588914.291706935,11588914.291706935,0.0,0.0,0.0,0.0,0,-0.15563337657947587,True,False,1930,125
2010-08-06 00:00:00+00:00,11588914.291706935,11588914.291706935,0.0,0.0,0.0,0.0,0,-0.15563337657947587,True,False,1930,125
2010-08-09 00:00:00+00:00,11588914.291706935,11588914.291706935,0.0,0.0,0.0,0.0,0,-0.15563337657947587,True,False,1931,125
2010-08-10 00:00:00+00:00,11588914.291706935,11588914.291706935,0.0,0.0,0.0,0.0,0,-0.15563337657947587,True,False,1932,125
2010-08-11 00:00:00+00:00,11588914.291706935,11588914.291706935,0.0,0.0,0.0,0.0,0,-0.15563337657947587,True,False,1932,125
2010-08-12 00:00:00+00:00,11588914.291706935,11588914.291706935,0.0,0.0,0.0,0.0,0,-0.15563337657947587,True,False,1932,125
2010-08-13 00:00:00+00:00,11588914.291706935,11588914.291706935,0.0,0.0,0.0,0.0,0,-0.15563337657947587,True,False,1932,125
2010-08-16 00:00:00+00:00,11588914.291706935,11588914.291706935,0.0,0.0,0.0,0.0,0,-0.15563337657947587,True,False,1932,125
2010-08-17 00:00:00+00:00,11588914.291706935,11588914.291706935,0.0,0.0,0.0,0.0,0,-0.15563337657947587,True,False,1933,125
2010-08-18 00:00:00+00:00,11588914.291706935,11588914.291706935,0.0,0.0,0.0,0.0,0,-0.15563337657947587,True,False,1933,125
2010-08-19 00:00:00+00:00,11588914.291706935,11588914.291706935,0.0,0.0,0.0,0.0,0,-0.15563337657947587,True,False,1933,125
2010-08-20 00:00:00+00:00,11588914.291706935,11588914.291706935,0.0,0.0,0.0,0.0,0,-0.15563337657947587,True,False,1933,125
2010-08-23 00:00:00+00:00,11588914.291706935,11588914.291706935,0.0,0.0,0.0,0.0,0,-0.15563337657947587,True,False,1933,125
2010-08-24 00:00:00+00:00,11588914.291706935,11588914.291706935,0.0,0.0,0.0,0.0,0,-0.15563337657947587,True,False,1934,125
2010-08-25 00:00:00+00:00,11588914.291706935,11588914.291706935,0.0,0.0,0.0,0.0,0,-0.15563337657947587,True,False,1934,125
2010-08-26 00:00:00+00:00,11588914.291706935,11588914.291706935,0.0,0.0,0.0,0.0,0,-0.15563337657947587,True,False,1935,125
2010-08-27 00:00:00+00:00,11588914.291706935,11588914.291706935,0.0,0.0,0.0,0.0,0,-0.15563337657947587,True,False,1936,125
2010-08-30 00:00:00+00:00,11588914.291706935,11588914.291706935,0.0,0.0,0.0,0.0,0,-0.15563337657947587,True,False,1936,125
2010-08-31 00:00:00+00:00,11588914.291706935,11588914.291706935,0.0,0.0,0.0,0.0,0,-0.15563337657947587,True,False,1938,125
2010-09-01 00:00:00+00:00,11588914.291706935,11588914.291706935,0.0,0.0,0.0,0.0,0,-0.15563337657947587,True,False,1952,125
2010-09-02 00:00:00+00:00,11588914.291706935,11588914.291706935,0.0,0.0,0.0,0.0,0,-0.15563337657947587,True,False,1952,125
2010-09-03 00:00:00+00:00,11588914.291706935,11588914.291706935,0.0,0.0,0.0,0.0,0,-0.15563337657947587,True,False,1952,125
2010-09-06 00:00:00+00:00,11588914.291706935,11588914.291706935,0.0,0.0,0.0,0.0,0,-0.15563337657947587,True,False,1952,125
2010-09-07 00:00:00+00:00,11588914.291706935,11588914.291706935,0.0,0.0,0.0,0.0,0,-0.15563337657947587,True,False,1952,125
2010-09-08 00:00:00+00:00,11588914.291706935,11588914.291706935,0.0,0.0,0.0,0.0,0,-0.15563337657947587,True,False,1952,125
2010-09-09 00:00:00+00:00,11588914.291706935,11588914.291706935,0.0,0.0,0.0,0.0,0,-0.15563337657947587,True,False,1952,125
2010-09-10 00:00:00+00:00,11588914.291706935,11588914.291706935,0.0,0.0,0.0,0.0,0,-0.15563337657947587,True,False,1952,125
2010-09-13 00:00:00+00:00,11588914.291706935,11588914.291706935,0.0,0.0,0.0,0.0,0,-0.15563337657947587,True,False,1952,125
2010-09-14 00:00:00+00:00,11588914.291706935,11588914.291706935,0.0,0.0,0.0,0.0,0,-0.15563337657947587,True,False,1952,125
2010-09-15 00:00:00+00:00,11588914.291706935,11588914.291706935,0.0,0.0,0.0,0.0,0,-0.15563337657947587,True,False,1952,125
2010-09-16 00:00:00+00:00,11588914.291706935,11588914.291706935,0.0,0.0,0.0,0.0,0,-0.15563337657947587,True,False,1952,125
2010-09-17 00:00:00+00:00,11588914.291706935,11588914.291706935,0.0,0.0,0.0,0.0,0,-0.15563337657947587,True,False,1952,125
2010-09-20 00:00:00+00:00,11588914.291706935,11588914.291706935,0.0,0.0,0.0,0.0,0,-0.15563337657947587,True,False,1953,125
2010-09-21 00:00:00+00:00,11588914.291706935,11588914.291706935,0.0,0.0,0.0,0.0,0,-0.15563337657947587,True,False,1953,125
2010-09-22 00:00:00+00:00,11588914.291706935,11588914.291706935,0.0,0.0,0.0,0.0,0,-0.15563337657947587,True,False,1953,125
2010-09-23 00:00:00+00:00,11588914.291706935,11588914.291706935,0.0,0.0,0.0,0.0,0,-0.15563337657947587,True,False,1953,125
2010-09-24 00:00:00+00:00,11588914.291706935,11588914.291706935,0.0,0.0,0.0,0.0,0,-0.15563337657947587,True,False,1953,125
2010-09-27 00:00:00+00:00,11588914.291706935,11588914.291706935,0.0,0.0,0.0,0.0,0,-0.15563337657947587,True,False,1953,125
2010-09-28 00:00:00+00:00,11588914.291706935,11588914.291706935,0.0,0.0,0.0,0.0,0,-0.15563337657947587,True,False,1953,125
2010-09-29 00:00:00+00:00,11588914.291706935,11588914.291706935,0.0,0.0,0.0,0.0,0,-0.15563337657947587,True,False,1953,125
2010-09-30 00:00:00+00:00,11588914.291706935,11588914.291706935,0.0,0.0,0.0,0.0,0,-0.15563337657947587,True,False,1967,125
2010-10-01 00:00:00+00:00,11588914.291706935,11588914.291706935,0.0,0.0,0.0,0.0,0,-0.15563337657947587,True,False,1967,125
2010-10-04 00:00:00+00:00,11588914.291706935,11588914.291706935,0.0,0.0,0.0,0.0,0,-0.15563337657947587,True,False,1967,125
2010-10-05 00:00:00+00:00,11588914.291706935,11588914.291706935,0.0,0.0,0.0,0.0,0,-0.15563337657947587,True,False,1967,125
2010-10-06 00:00:00+00:00,11588914.291706935,11588914.291706935,0.0,0.0,0.0,0.0,0,-0.15563337657947587,True,False,1967,125
2010-10-07 00:00:00+00:00,11588914.291706935,11588914.291706935,0.0,0.0,0.0,0.0,0,-0.15563337657947587,True,False,1967,125
2010-10-08 00:00:00+00:00,11588914.291706935,11588914.291706935,0.0,0.0,0.0,0.0,0,-0.15563337657947587,True,False,1967,125
2010-10-11 00:00:00+00:00,11588914.291706935,11588914.291706935,0.0,0.0,0.0,0.0,0,-0.15563337657947587,True,False,1967,125
2010-10-12 00:00:00+00:00,11588914.291706935,11588914.291706935,0.0,0.0,0.0,0.0,0,-0.15563337657947587,True,False,1967,125
2010-10-13 00:00:00+00:00,11588914.291706935,11588914.291706935,0.0,0.0,0.0,0.0,0,-0.15563337657947587,True,False,1967,125
2010-10-14 00:00:00+00:00,11588914.291706935,11588914.291706935,0.0,0.0,0.0,0.0,0,-0.15563337657947587,True,False,1967,125
2010-10-15 00:00:00+00:00,11588914.291706935,11588914.291706935,0.0,0.0,0.0,0.0,0,-0.15563337657947587,True,False,1967,125
2010-10-18 00:00:00+00:00,11588914.291706935,11588914.291706935,0.0,0.0,0.0,0.0,0,-0.15563337657947587,True,False,1968,125
2010-10-19 00:00:00+00:00,11588914.291706935,11588914.291706935,0.0,0.0,0.0,0.0,0,-0.15563337657947587,True,False,1968,125
2010-10-20 00:00:00+00:00,11588914.291706935,11588914.291706935,0.0,0.0,0.0,0.0,0,-0.15563337657947587,True,False,1968,125
2010-10-21 00:00:00+00:00,11588914.291706935,11588914.291706935,0.0,0.0,0.0,0.0,0,-0.15563337657947587,True,False,1968,125
2010-10-22 00:00:00+00:00,11588914.291706935,11588914.291706935,0.0,0.0,0.0,0.0,0,-0.15563337657947587,True,False,1968,125
2010-10-25 00:00:00+00:00,11588914.291706935,11588914.291706935,0.0,0.0,0.0,0.0,0,-0.15563337657947587,True,False,1968,125
2010-10-26 00:00:00+00:00,11588914.291706935,11588914.291706935,0.0,0.0,0.0,0.0,0,-0.15563337657947587,True,False,1968,125
2010-10-27 00:00:00+00:00,11588914.291706935,11588914.291706935,0.0,0.0,0.0,0.0,0,-0.15563337657947587,True,False,1971,125
2010-10-28 00:00:00+00:00,11588914.291706935,11588914.291706935,0.0,0.0,0.0,0.0,0,-0.15563337657947587,True,False,1974,125
2010-10-29 00:00:00+00:00,11588914.291706935,11588914.291706935,0.0,0.0,0.0,0.0,0,-0.15563337657947587,True,False,1988,125
2010-11-01 00:00:00+00:00,11588914.291706935,11588914.291706935,0.0,0.0,0.0,0.0,0,-0.15563337657947587,True,False,1988,125
2010-11-02 00:00:00+00:00,11588914.291706935,11588914.291706935,0.0,0.0,0.0,0.0,0,-0.15563337657947587,True,False,1988,125
2010-11-03 00:00:00+00:00,11588914.291706935,11588914.291706935,0.0,0.0,0.0,0.0,0,-0.15563337657947587,True,False,1988,125
2010-11-04 00:00:00+00:00,11588914.291706935,11588914.291706935,0.0,0.0,0.0,0.0,0,-0.15563337657947587,True,False,1988,125
2010-11-05 00:00:00+00:00,11588914.291706935,11588914.291706935,0.0,0.0,0.0,0.0,0,-0.15563337657947587,True,False,1988,125
2010-11-08 00:00:00+00:00,11588914.291706935,11588914.291706935,0.0,0.0,0.0,0.0,0,-0.15563337657947587,True,False,1988,125
2010-11-09 00:00:00+00:00,11588914.291706935,11588914.291706935,0.0,0.0,0.0,0.0,0,-0.15563337657947587,True,False,1988,125
2010-11-10 00:00:00+00:00,11588914.291706935,11588914.291706935,0.0,0.0,0.0,0.0,0,-0.15563337657947587,True,False,1988,125
2010-11-11 00:00:00+00:00,11588914.291706935,11588914.291706935,0.0,0.0,0.0,0.0,0,-0.15563337657947587,True,False,1989,125
2010-11-12 00:00:00+00:00,11588914.291706935,11588914.291706935,0.0,0.0,0.0,0.0,0,-0.15563337657947587,True,False,1990,125
2010-11-15 00:00:00+00:00,11588914.291706935,11588914.291706935,0.0,0.0,0.0,0.0,0,-0.15563337657947587,True,False,1990,125
2010-11-16 00:00:00+00:00,11588914.291706935,11588914.291706935,0.0,0.0,0.0,0.0,0,-0.15563337657947587,True,False,1996,125
2010-11-17 00:00:00+00:00,11588914.291706935,11588914.291706935,0.0,0.0,0.0,0.0,0,-0.15563337657947587,True,False,1996,125
2010-11-18 00:00:00+00:00,11588914.291706935,11588914.291706935,0.0,0.0,0.0,0.0,0,-0.15563337657947587,True,False,1996,125
2010-11-19 00:00:00+00:00,11588914.291706935,11588914.291706935,0.0,0.0,0.0,0.0,0,-0.15563337657947587,True,False,1998,125
2010-11-22 00:00:00+00:00,11588914.291706935,11588914.291706935,0.0,0.0,0.0,0.0,0,-0.15563337657947587,True,False,1998,125
2010-11-23 00:00:00+00:00,11588914.291706935,11588914.291706935,0.0,0.0,0.0,0.0,0,-0.15563337657947587,True,False,2001,125
2010-11-24 00:00:00+00:00,11588914.291706935,11588914.291706935,0.0,0.0,0.0,0.0,0,-0.15563337657947587,True,False,2002,125
2010-11-25 00:00:00+00:00,11588914.291706935,11588914.291706935,0.0,0.0,0.0,0.0,0,-0.15563337657947587,True,False,2006,125
2010-11-26 00:00:00+00:00,11588914.291706935,11588914.291706935,0.0,0.0,0.0,0.0,0,-0.15563337657947587,True,False,2007,125
2010-11-29 00:00:00+00:00,11588914.291706935,11588914.291706935,0.0,0.0,0.0,0.0,0,-0.15563337657947587,True,False,2021,125
2010-11-30 00:00:00+00:00,11588914.291706935,11588914.291706935,0.0,0.0,0.0,0.0,0,-0.15563337657947587,True,False,2021,125
2010-12-01 00:00:00+00:00,11588914.291706935,11588914.291706935,0.0,0.0,0.0,0.0,0,-0.15563337657947587,True,False,2021,125
2010-12-02 00:00:00+00:00,11588914.291706935,11588914.291706935,0.0,0.0,0.0,0.0,0,-0.15563337657947587,True,False,2021,125
2010-12-03 00:00:00+00:00,11588914.291706935,11588914.291706935,0.0,0.0,0.0,0.0,0,-0.15563337657947587,True,False,2021,125
2010-12-06 00:00:00+00:00,11588914.291706935,11588914.291706935,0.0,0.0,0.0,0.0,0,-0.15563337657947587,True,False,2021,125
2010-12-07 00:00:00+00:00,11588914.291706935,11588914.291706935,0.0,0.0,0.0,0.0,0,-0.15563337657947587,True,False,2021,125
2010-12-08 00:00:00+00:00,11588914.291706935,11588914.291706935,0.0,0.0,0.0,0.0,0,-0.15563337657947587,True,False,2022,125
2010-12-09 00:00:00+00:00,11588914.291706935,11588914.291706935,0.0,0.0,0.0,0.0,0,-0.15563337657947587,True,False,2029,125
2010-12-10 00:00:00+00:00,11588914.291706935,11588914.291706935,0.0,0.0,0.0,0.0,0,-0.15563337657947587,True,False,2031,125
2010-12-13 00:00:00+00:00,11588914.291706935,11588914.291706935,0.0,0.0,0.0,0.0,0,-0.15563337657947587,True,False,2031,125
2010-12-14 00:00:00+00:00,11588914.291706935,11588914.291706935,0.0,0.0,0.0,0.0,0,-0.15563337657947587,True,False,2031,125
2010-12-15 00:00:00+00:00,11588914.291706935,11588914.291706935,0.0,0.0,0.0,0.0,0,-0.15563337657947587,True,False,2031,125
2010-12-16 00:00:00+00:00,11588914.291706935,11588914.291706935,0.0,0.0,0.0,0.0,0,-0.15563337657947587,True,False,2031,125
2010-12-17 00:00:00+00:00,11588914.291706935,11588914.291706935,0.0,0.0,0.0,0.0,0,-0.15563337657947587,True,False,2031,125
2010-12-20 00:00:00+00:00,11588914.291706935,11588914.291706935,0.0,0.0,0.0,0.0,0,-0.15563337657947587,True,False,2031,125
2010-12-21 00:00:00+00:00,11588914.291706935,11588914.291706935,0.0,0.0,0.0,0.0,0,-0.15563337657947587,True,False,2031,125
2010-12-22 00:00:00+00:00,11588914.291706935,11588914.291706935,0.0,0.0,0.0,0.0,0,-0.15563337657947587,True,False,2031,125
2010-12-23 00:00:00+00:00,11588914.291706935,11588914.291706935,0.0,0.0,0.0,0.0,0,-0.15563337657947587,True,False,2031,125
2010-12-24 00:00:00+00:00,11588914.291706935,11588914.291706935,0.0,0.0,0.0,0.0,0,-0.15563337657947587,True,False,2031,125
2010-12-27 00:00:00+00:00,11588914.291706935,11588914.291706935,0.0,0.0,0.0,0.0,0,-0.15563337657947587,True,False,2031,125
2010-12-28 00:00:00+00:00,11588914.291706935,11588914.291706935,0.0,0.0,0.0,0.0,0,-0.15563337657947587,True,False,2045,125
2010-12-29 00:00:00+00:00,11588914.291706935,11588914.291706935,0.0,0.0,0.0,0.0,0,-0.15563337657947587,True,False,2045,125
2010-12-30 00:00:00+00:00,11588914.291706935,11588914.291706935,0.0,0.0,0.0,0.0,0,-0.15563337657947587,True,False,2045,125
2010-12-31 00:00:00+00:00,11588914.291706935,11588914.291706935,0.0,0.0,0.0,0.0,0,-0.15563337657947587,True,False,2045,125
2011-01-03 00:00:00+00:00,11588914.291706935,11588914.291706935,0.0,0.0,0.0,0.0,0,-0.15563337657947587,True,False,2045,125
2011-01-04 00:00:00+00:00,11588914.291706935,11588914.291706935,0.0,0.0,0.0,0.0,0,-0.15563337657947587,True,False,2046,125
2011-01-05 00:00:00+00:00,11588914.291706935,11588914.291706935,0.0,0.0,0.0,0.0,0,-0.15563337657947587,True,False,2047,125
2011-01-06 00:00:00+00:00,11588914.291706935,11588914.291706935,0.0,0.0,0.0,0.0,0,-0.15563337657947587,True,False,2052,125
2011-01-07 00:00:00+00:00,11588914.291706935,11588914.291706935,0.0,0.0,0.0,0.0,0,-0.15563337657947587,True,False,2055,125
2011-01-10 00:00:00+00:00,11588914.291706935,11588914.291706935,0.0,0.0,0.0,0.0,0,-0.15563337657947587,True,False,2060,125
2011-01-11 00:00:00+00:00,11588914.291706935,11588914.291706935,0.0,0.0,0.0,0.0,0,-0.15563337657947587,True,False,2062,125
2011-01-12 00:00:00+00:00,11588914.291706935,11588914.291706935,0.0,0.0,0.0,0.0,0,-0.15563337657947587,True,False,2062,125
2011-01-13 00:00:00+00:00,11588914.291706935,11588914.291706935,0.0,0.0,0.0,0.0,0,-0.15563337657947587,True,False,2064,125
2011-01-14 00:00:00+00:00,11588914.291706935,11588914.291706935,0.0,0.0,0.0,0.0,0,-0.15563337657947587,True,False,2064,125
2011-01-17 00:00:00+00:00,11588914.291706935,11588914.291706935,0.0,0.0,0.0,0.0,0,-0.15563337657947587,True,False,2066,125
2011-01-18 00:00:00+00:00,11588914.291706935,11588914.291706935,0.0,0.0,0.0,0.0,0,-0.15563337657947587,True,False,2066,125
2011-01-19 00:00:00+00:00,11588914.291706935,11588914.291706935,0.0,0.0,0.0,0.0,0,-0.15563337657947587,True,False,2066,125
2011-01-20 00:00:00+00:00,11588914.291706935,11588914.291706935,0.0,0.0,0.0,0.0,0,-0.15563337657947587,True,False,2067,125
2011-01-21 00:00:00+00:00,11588914.291706935,11588914.291706935,0.0,0.0,0.0,0.0,0,-0.15563337657947587,True,False,2067,125
2011-01-24 00:00:00+00:00,11588914.291706935,11588914.291706935,0.0,0.0,0.0,0.0,0,-0.15563337657947587,True,False,2067,125
2011-01-25 00:00:00+00:00,11588914.291706935,11588914.291706935,0.0,0.0,0.0,0.0,0,-0.15563337657947587,True,False,2068,125
2011-01-26 00:00:00+00:00,11588914.291706935,11588914.291706935,0.0,0.0,0.0,0.0,0,-0.15563337657947587,True,False,2069,125
2011-01-27 00:00:00+00:00,11588914.291706935,11588914.291706935,0.0,0.0,0.0,0.0,0,-0.15563337657947587,True,False,2071,125
2011-01-28 00:00:00+00:00,11588914.291706935,11588914.291706935,0.0,0.0,0.0,0.0,0,-0.15563337657947587,True,False,2075,125
2011-01-31 00:00:00+00:00,11588914.291706935,11588914.291706935,0.0,0.0,0.0,0.0,0,-0.15563337657947587,True,False,2077,125
2011-02-01 00:00:00+00:00,11588914.291706935,11588914.291706935,0.0,0.0,0.0,0.0,0,-0.15563337657947587,True,False,2082,125
2011-02-02 00:00:00+00:00,11588914.291706935,11588914.291706935,0.0,0.0,0.0,0.0,0,-0.15563337657947587,True,False,2086,125
2011-02-03 00:00:00+00:00,11588914.291706935,11588914.291706935,0.0,0.0,0.0,0.0,0,-0.15563337657947587,True,False,2086,125
2011-02-04 00:00:00+00:00,11588914.291706935,11588914.291706935,0.0,0.0,0.0,0.0,0,-0.15563337657947587,True,False,2087,125
2011-02-07 00:00:00+00:00,11588914.291706935,11588914.291706935,0.0,0.0,0.0,0.0,0,-0.15563337657947587,True,False,2088,125
2011-02-08 00:00:00+00:00,11588914.291706935,11588914.291706935,0.0,0.0,0.0,0.0,0,-0.15563337657947587,True,False,2093,125
2011-02-09 00:00:00+00:00,11588914.291706935,11588914.291706935,0.0,0.0,0.0,0.0,0,-0.15563337657947587,True,False,2096,125
2011-02-10 00:00:00+00:00,11588914.291706935,11588914.291706935,0.0,0.0,0.0,0.0,0,-0.15563337657947587,True,False,2096,125
2011-02-11 00:00:00+00:00,11588914.291706935,11588914.291706935,0.0,0.0,0.0,0.0,0,-0.15563337657947587,True,False,2096,125
2011-02-14 00:00:00+00:00,11588914.291706935,11588914.291706935,0.0,0.0,0.0,0.0,0,-0.15563337657947587,True,False,2096,125
2011-02-15 00:00:00+00:00,11588914.291706935,11588914.291706935,0.0,0.0,0.0,0.0,0,-0.15563337657947587,True,False,2096,125
2011-02-16 00:00:00+00:00,11588914.291706935,11588914.291706935,0.0,0.0,0.0,0.0,0,-0.15563337657947587,True,False,2096,125
2011-02-17 00:00:00+00:00,11588914.291706935,11588914.291706935,0.0,0.0,0.0,0.0,0,-0.15563337657947587,True,False,2096,125
2011-02-18 00:00:00+00:00,11588914.291706935,11588914.291706935,0.0,0.0,0.0,0.0,0,-0.15563337657947587,True,False,2096,125
2011-02-21 00:00:00+00:00,11588914.291706935,11588914.291706935,0.0,0.0,0.0,0.0,0,-0.15563337657947587,True,False,2096,125
2011-02-22 00:00:00+00:00,11588914.291706935,11588914.291706935,0.0,0.0,0.0,0.0,0,-0.15563337657947587,True,False,2096,125
2011-02-23 00:00:00+00:00,11588914.291706935,11588914.291706935,0.0,0.0,0.0,0.0,0,-0.15563337657947587,True,False,2097,125
2011-02-24 00:00:00+00:00,11588914.291706935,11588914.291706935,0.0,0.0,0.0,0.0,0,-0.15563337657947587,True,False,2113,125
2011-02-25 00:00:00+00:00,11588914.291706935,11588914.291706935,0.0,0.0,0.0,0.0,0,-0.15563337657947587,True,False,2115,125
2011-02-28 00:00:00+00:00,11588914.291706935,11588914.291706935,0.0,0.0,0.0,0.0,0,-0.15563337657947587,True,False,2116,125
2011-03-01 00:00:00+00:00,11588914.291706935,11588914.291706935,0.0,0.0,0.0,0.0,0,-0.15563337657947587,True,False,2116,125
2011-03-02 00:00:00+00:00,11588914.291706935,11588914.291706935,0.0,0.0,0.0,0.0,0,-0.15563337657947587,True,False,2116,125
2011-03-03 00:00:00+00:00,11588914.291706935,11588914.291706935,0.0,0.0,0.0,0.0,0,-0.15563337657947587,True,False,2118,125
2011-03-04 00:00:00+00:00,11588914.291706935,11588914.291706935,0.0,0.0,0.0,0.0,0,-0.15563337657947587,True,False,2118,125
2011-03-07 00:00:00+00:00,11588914.291706935,11588914.291706935,0.0,0.0,0.0,0.0,0,-0.15563337657947587,True,False,2118,125
2011-03-08 00:00:00+00:00,11588914.291706935,11588914.291706935,0.0,0.0,0.0,0.0,0,-0.15563337657947587,True,False,2118,125
2011-03-09 00:00:00+00:00,11588914.291706935,11588914.291706935,0.0,0.0,0.0,0.0,0,-0.15563337657947587,True,False,2118,125
2011-03-10 00:00:00+00:00,11588914.291706935,11588914.291706935,0.0,0.0,0.0,0.0,0,-0.15563337657947587,True,False,2119,125
2011-03-11 00:00:00+00:00,11588914.291706935,11588914.291706935,0.0,0.0,0.0,0.0,0,-0.15563337657947587,True,False,2119,125
2011-03-14 00:00:00+00:00,11588914.291706935,11588914.291706935,0.0,0.0,0.0,0.0,0,-0.15563337657947587,True,False,2119,125
2011-03-15 00:00:00+00:00,11588914.291706935,11588914.291706935,0.0,0.0,0.0,0.0,0,-0.15563337657947587,True,False,2121,125
2011-03-16 00:00:00+00:00,11588914.291706935,11588914.291706935,0.0,0.0,0.0,0.0,0,-0.15563337657947587,True,False,2122,125
2011-03-17 00:00:00+00:00,11588914.291706935,11588914.291706935,0.0,0.0,0.0,0.0,0,-0.15563337657947587,True,False,2122,125
2011-03-18 00:00:00+00:00,11588914.291706935,11588914.291706935,0.0,0.0,0.0,0.0,0,-0.15563337657947587,True,False,2123,125
2011-03-21 00:00:00+00:00,11588914.291706935,11588914.291706935,0.0,0.0,0.0,0.0,0,-0.15563337657947587,True,False,2124,125
2011-03-22 00:00:00+00:00,11588914.291706935,11588914.291706935,0.0,0.0,0.0,0.0,0,-0.15563337657947587,True,False,2124,125
2011-03-23 00:00:00+00:00,11588914.291706935,11588914.291706935,0.0,0.0,0.0,0.0,0,-0.15563337657947587,True,False,2124,125
2011-03-24 00:00:00+00:00,11588914.291706935,11588914.291706935,0.0,0.0,0.0,0.0,0,-0.15563337657947587,True,False,2124,125
2011-03-25 00:00:00+00:00,11588914.291706935,11588914.291706935,0.0,0.0,0.0,0.0,0,-0.15563337657947587,True,False,2138,125
2011-03-28 00:00:00+00:00,11588914.291706935,11588914.291706935,0.0,0.0,0.0,0.0,0,-0.15563337657947587,True,False,2138,125
2011-03-29 00:00:00+00:00,11588914.291706935,11588914.291706935,0.0,0.0,0.0,0.0,0,-0.15563337657947587,True,False,2138,125
2011-03-30 00:00:00+00:00,11588914.291706935,11588914.291706935,0.0,0.0,0.0,0.0,0,-0.15563337657947587,True,False,2138,125
2011-03-31 00:00:00+00:00,11588914.291706935,11588914.291706935,0.0,0.0,0.0,0.0,0,-0.15563337657947587,True,False,2138,125
2011-04-01 00:00:00+00:00,11588914.291706935,11588914.291706935,0.0,0.0,0.0,0.0,0,-0.15563337657947587,True,False,2138,125
2011-04-04 00:00:00+00:00,11588914.291706935,11588914.291706935,0.0,0.0,0.0,0.0,0,-0.15563337657947587,True,False,2138,125
2011-04-05 00:00:00+00:00,11588914.291706935,11588914.291706935,0.0,0.0,0.0,0.0,0,-0.15563337657947587,True,False,2138,125
2011-04-06 00:00:00+00:00,11588914.291706935,11588914.291706935,0.0,0.0,0.0,0.0,0,-0.15563337657947587,True,False,2138,125
2011-04-07 00:00:00+00:00,11588914.291706935,11588914.291706935,0.0,0.0,0.0,0.0,0,-0.15563337657947587,True,False,2138,125
2011-04-08 00:00:00+00:00,11588914.291706935,11588914.291706935,0.0,0.0,0.0,0.0,0,-0.15563337657947587,True,False,2138,125
2011-04-11 00:00:00+00:00,11588914.291706935,11588914.291706935,0.0,0.0,0.0,0.0,0,-0.15563337657947587,True,False,2138,125
2011-04-12 00:00:00+00:00,11588914.291706935,11588914.291706935,0.0,0.0,0.0,0.0,0,-0.15563337657947587,True,False,2138,125
2011-04-13 00:00:00+00:00,11588914.291706935,11588914.291706935,0.0,0.0,0.0,0.0,0,-0.15563337657947587,True,False,2138,125
2011-04-14 00:00:00+00:00,11588914.291706935,11588914.291706935,0.0,0.0,0.0,0.0,0,-0.15563337657947587,True,False,2138,125
2011-04-15 00:00:00+00:00,11588914.291706935,11588914.291706935,0.0,0.0,0.0,0.0,0,-0.15563337657947587,True,False,2138,125
2011-04-18 00:00:00+00:00,11588914.291706935,11588914.291706935,0.0,0.0,0.0,0.0,0,-0.15563337657947587,True,False,2138,125
2011-04-19 00:00:00+00:00,11588914.291706935,11588914.291706935,0.0,0.0,0.0,0.0,0,-0.15563337657947587,True,False,2138,125
2011-04-20 00:00:00+00:00,11588914.291706935,11588914.291706935,0.0,0.0,0.0,0.0,0,-0.15563337657947587,True,False,2138,125
2011-04-21 00:00:00+00:00,11588914.291706935,11588914.291706935,0.0,0.0,0.0,0.0,0,-0.15563337657947587,True,False,2138,125
2011-04-25 00:00:00+00:00,11588914.291706935,11588914.291706935,0.0,0.0,0.0,0.0,0,-0.15563337657947587,True,False,2138,125
2011-04-26 00:00:00+00:00,11588914.291706935,11588914.291706935,0.0,0.0,0.0,0.0,0,-0.15563337657947587,True,False,2152,125
2011-04-27 00:00:00+00:00,11588914.291706935,11588914.291706935,0.0,0.0,0.0,0.0,0,-0.15563337657947587,True,False,2152,125
2011-04-28 00:00:00+00:00,11588914.291706935,11588914.291706935,0.0,0.0,0.0,0.0,0,-0.15563337657947587,True,False,2152,125
2011-04-29 00:00:00+00:00,11588914.291706935,11588914.291706935,0.0,0.0,0.0,0.0,0,-0.15563337657947587,True,False,2152,125
2011-05-02 00:00:00+00:00,11588914.291706935,11588914.291706935,0.0,0.0,0.0,0.0,0,-0.15563337657947587,True,False,2152,125
2011-05-03 00:00:00+00:00,11588914.291706935,11588914.291706935,0.0,0.0,0.0,0.0,0,-0.15563337657947587,True,False,2154,125
2011-05-04 00:00:00+00:00,11588914.291706935,11588914.291706935,0.0,0.0,0.0,0.0,0,-0.15563337657947587,True,False,2157,125
2011-05-05 00:00:00+00:00,11588914.291706935,11588914.291706935,0.0,0.0,0.0,0.0,0,-0.15563337657947587,True,False,2163,125
2011-05-06 00:00:00+00:00,11588914.291706935,11588914.291706935,0.0,0.0,0.0,0.0,0,-0.15563337657947587,True,False,2165,125
2011-05-09 00:00:00+00:00,11588914.291706935,11588914.291706935,0.0,0.0,0.0,0.0,0,-0.15563337657947587,True,False,2165,125
2011-05-10 00:00:00+00:00,11588914.291706935,11588914.291706935,0.0,0.0,0.0,0.0,0,-0.15563337657947587,True,False,2165,125
2011-05-11 00:00:00+00:00,11588914.291706935,11588914.291706935,0.0,0.0,0.0,0.0,0,-0.15563337657947587,True,False,2165,125
2011-05-12 00:00:00+00:00,11588914.291706935,11588914.291706935,0.0,0.0,0.0,0.0,0,-0.15563337657947587,True,False,2167,125
2011-05-13 00:00:00+00:00,11588914.291706935,11588914.291706935,0.0,0.0,0.0,0.0,0,-0.15563337657947587,True,False,2167,125
2011-05-16 00:00:00+00:00,11588914.291706935,11588914.291706935,0.0,0.0,0.0,0.0,0,-0.15563337657947587,True,False,2167,125
2011-05-17 00:00:00+00:00,11588914.291706935,11588914.291706935,0.0,0.0,0.0,0.0,0,-0.15563337657947587,True,False,2168,125
2011-05-18 00:00:00+00:00,11588914.291706935,11588914.291706935,0.0,0.0,0.0,0.0,0,-0.15563337657947587,True,False,2169,125
2011-05-19 00:00:00+00:00,11588914.291706935,11588914.291706935,0.0,0.0,0.0,0.0,0,-0.15563337657947587,True,False,2169,125
2011-05-20 00:00:00+00:00,11588914.291706935,11588914.291706935,0.0,0.0,0.0,0.0,0,-0.15563337657947587,True,False,2169,125
2011-05-23 00:00:00+00:00,11588914.291706935,11588914.291706935,0.0,0.0,0.0,0.0,0,-0.15563337657947587,True,False,2169,125
2011-05-24 00:00:00+00:00,11588914.291706935,11588914.291706935,0.0,0.0,0.0,0.0,0,-0.15563337657947587,True,False,2170,125
2011-05-25 00:00:00+00:00,11588914.291706935,11588914.291706935,0.0,0.0,0.0,0.0,0,-0.15563337657947587,True,False,2187,125
2011-05-26 00:00:00+00:00,11588914.291706935,11588914.291706935,0.0,0.0,0.0,0.0,0,-0.15563337657947587,True,False,2189,125
2011-05-27 00:00:00+00:00,11588914.291706935,11588914.291706935,0.0,0.0,0.0,0.0,0,-0.15563337657947587,True,False,2189,125
2011-05-30 00:00:00+00:00,11588914.291706935,11588914.291706935,0.0,0.0,0.0,0.0,0,-0.15563337657947587,True,False,2189,125
2011-05-31 00:00:00+00:00,11588914.291706935,11588914.291706935,0.0,0.0,0.0,0.0,0,-0.15563337657947587,True,False,2189,125
2011-06-01 00:00:00+00:00,11588914.291706935,11588914.291706935,0.0,0.0,0.0,0.0,0,-0.15563337657947587,True,False,2189,125
2011-06-02 00:00:00+00:00,11588914.291706935,11588914.291706935,0.0,0.0,0.0,0.0,0,-0.15563337657947587,True,False,2189,125
2011-06-03 00:00:00+00:00,11588914.291706935,11588914.291706935,0.0,0.0,0.0,0.0,0,-0.15563337657947587,True,False,2189,125
2011-06-06 00:00:00+00:00,11588914.291706935,11588914.291706935,0.0,0.0,0.0,0.0,0,-0.15563337657947587,True,False,2189,125
2011-06-07 00:00:00+00:00,11588914.291706935,11588914.291706935,0.0,0.0,0.0,0.0,0,-0.15563337657947587,True,False,2189,125
2011-06-08 00:00:00+00:00,11588914.291706935,11588914.291706935,0.0,0.0,0.0,0.0,0,-0.15563337657947587,True,False,2189,125
2011-06-09 00:00:00+00:00,11588914.291706935,11588914.291706935,0.0,0.0,0.0,0.0,0,-0.15563337657947587,True,False,2189,125
2011-06-10 00:00:00+00:00,11588914.291706935,11588914.291706935,0.0,0.0,0.0,0.0,0,-0.15563337657947587,True,False,2189,125
2011-06-13 00:00:00+00:00,11588914.291706935,11588914.291706935,0.0,0.0,0.0,0.0,0,-0.15563337657947587,True,False,2189,125
2011-06-14 00:00:00+00:00,11588914.291706935,11588914.291706935,0.0,0.0,0.0,0.0,0,-0.15563337657947587,True,False,2189,125
2011-06-15 00:00:00+00:00,11588914.291706935,11588914.291706935,0.0,0.0,0.0,0.0,0,-0.15563337657947587,True,False,2189,125
2011-06-16 00:00:00+00:00,11588914.291706935,11588914.291706935,0.0,0.0,0.0,0.0,0,-0.15563337657947587,True,False,2192,125
2011-06-17 00:00:00+00:00,11588914.291706935,11588914.291706935,0.0,0.0,0.0,0.0,0,-0.15563337657947587,True,False,2193,125
2011-06-20 00:00:00+00:00,11588914.291706935,11588914.291706935,0.0,0.0,0.0,0.0,0,-0.15563337657947587,True,False,2199,125
2011-06-21 00:00:00+00:00,11588914.291706935,11588914.291706935,0.0,0.0,0.0,0.0,0,-0.15563337657947587,True,False,2199,125
2011-06-22 00:00:00+00:00,11588914.291706935,11588914.291706935,0.0,0.0,0.0,0.0,0,-0.15563337657947587,True,False,2200,125
2011-06-23 00:00:00+00:00,11588914.291706935,11588914.291706935,0.0,0.0,0.0,0.0,0,-0.15563337657947587,True,False,2214,125
2011-06-24 00:00:00+00:00,11588914.291706935,11588914.291706935,0.0,0.0,0.0,0.0,0,-0.15563337657947587,True,False,2214,125
2011-06-27 00:00:00+00:00,11588914.291706935,11588914.291706935,0.0,0.0,0.0,0.0,0,-0.15563337657947587,True,False,2214,125
2011-06-28 00:00:00+00:00,11588914.291706935,11588914.291706935,0.0,0.0,0.0,0.0,0,-0.15563337657947587,True,False,2214,125
2011-06-29 00:00:00+00:00,11588914.291706935,11588914.291706935,0.0,0.0,0.0,0.0,0,-0.15563337657947587,True,False,2214,125
2011-06-30 00:00:00+00:00,11588914.291706935,11588914.291706935,0.0,0.0,0.0,0.0,0,-0.15563337657947587,True,False,2214,125
2011-07-01 00:00:00+00:00,11588914.291706935,11588914.291706935,0.0,0.0,0.0,0.0,0,-0.15563337657947587,True,False,2214,125
2011-07-04 00:00:00+00:00,11588914.291706935,11588914.291706935,0.0,0.0,0.0,0.0,0,-0.15563337657947587,True,False,2214,125
2011-07-05 00:00:00+00:00,11588914.291706935,11588914.291706935,0.0,0.0,0.0,0.0,0,-0.15563337657947587,True,False,2214,125
2011-07-06 00:00:00+00:00,11588914.291706935,11588914.291706935,0.0,0.0,0.0,0.0,0,-0.15563337657947587,True,False,2214,125
2011-07-07 00:00:00+00:00,11588914.291706935,11588914.291706935,0.0,0.0,0.0,0.0,0,-0.15563337657947587,True,False,2214,125
2011-07-08 00:00:00+00:00,11588914.291706935,11588914.291706935,0.0,0.0,0.0,0.0,0,-0.15563337657947587,True,False,2214,125
2011-07-11 00:00:00+00:00,11588914.291706935,11588914.291706935,0.0,0.0,0.0,0.0,0,-0.15563337657947587,True,False,2215,125
2011-07-12 00:00:00+00:00,11588914.291706935,11588914.291706935,0.0,0.0,0.0,0.0,0,-0.15563337657947587,True,False,2215,125
2011-07-13 00:00:00+00:00,11588914.291706935,11588914.291706935,0.0,0.0,0.0,0.0,0,-0.15563337657947587,True,False,2215,125
2011-07-14 00:00:00+00:00,11588914.291706935,11588914.291706935,0.0,0.0,0.0,0.0,0,-0.15563337657947587,True,False,2215,125
2011-07-15 00:00:00+00:00,11588914.291706935,11588914.291706935,0.0,0.0,0.0,0.0,0,-0.15563337657947587,True,False,2215,125
2011-07-18 00:00:00+00:00,11588914.291706935,11588914.291706935,0.0,0.0,0.0,0.0,0,-0.15563337657947587,True,False,2215,125
2011-07-19 00:00:00+00:00,11588914.291706935,11588914.291706935,0.0,0.0,0.0,0.0,0,-0.15563337657947587,True,False,2215,125
2011-07-20 00:00:00+00:00,11588914.291706935,11588914.291706935,0.0,0.0,0.0,0.0,0,-0.15563337657947587,True,False,2215,125
2011-07-21 00:00:00+00:00,11588914.291706935,11588914.291706935,0.0,0.0,0.0,0.0,0,-0.15563337657947587,True,False,2215,125
2011-07-22 00:00:00+00:00,11588914.291706935,11588914.291706935,0.0,0.0,0.0,0.0,0,-0.15563337657947587,True,False,2229,125
2011-07-25 00:00:00+00:00,11588914.291706935,11588914.291706935,0.0,0.0,0.0,0.0,0,-0.15563337657947587,True,False,2229,125
2011-07-26 00:00:00+00:00,11588914.291706935,11588914.291706935,0.0,0.0,0.0,0.0,0,-0.15563337657947587,True,False,2229,125
2011-07-27 00:00:00+00:00,11588914.291706935,11588914.291706935,0.0,0.0,0.0,0.0,0,-0.15563337657947587,True,False,2229,125
2011-07-28 00:00:00+00:00,11588914.291706935,11588914.291706935,0.0,0.0,0.0,0.0,0,-0.15563337657947587,True,False,2230,125
2011-07-29 00:00:00+00:00,11588914.291706935,11588914.291706935,0.0,0.0,0.0,0.0,0,-0.15563337657947587,True,False,2233,125
2011-08-01 00:00:00+00:00,11588914.291706935,11588914.291706935,0.0,0.0,0.0,0.0,0,-0.15563337657947587,True,False,2234,125
2011-08-02 00:00:00+00:00,11588914.291706935,11588914.291706935,0.0,0.0,0.0,0.0,0,-0.15563337657947587,True,False,2235,125
2011-08-03 00:00:00+00:00,11588914.291706935,11588914.291706935,0.0,0.0,0.0,0.0,0,-0.15563337657947587,True,False,2237,125
2011-08-04 00:00:00+00:00,11588914.291706935,11588914.291706935,0.0,0.0,0.0,0.0,0,-0.15563337657947587,True,False,2239,125
2011-08-05 00:00:00+00:00,11588914.291706935,11588914.291706935,0.0,0.0,0.0,0.0,0,-0.15563337657947587,True,False,2250,125
2011-08-08 00:00:00+00:00,11588914.291706935,11588914.291706935,0.0,0.0,0.0,0.0,0,-0.15563337657947587,True,False,2259,125
2011-08-09 00:00:00+00:00,11588914.291706935,11588914.291706935,0.0,0.0,0.0,0.0,0,-0.15563337657947587,True,False,2266,125
2011-08-10 00:00:00+00:00,11588914.291706935,11588914.291706935,0.0,0.0,0.0,0.0,0,-0.15563337657947587,True,False,2266,125
2011-08-11 00:00:00+00:00,11588914.291706935,11588914.291706935,0.0,0.0,0.0,0.0,0,-0.15563337657947587,True,False,2266,125
2011-08-12 00:00:00+00:00,11588914.291706935,11588914.291706935,0.0,0.0,0.0,0.0,0,-0.15563337657947587,True,False,2266,125
2011-08-15 00:00:00+00:00,11588914.291706935,11588914.291706935,0.0,0.0,0.0,0.0,0,-0.15563337657947587,True,False,2266,125
2011-08-16 00:00:00+00:00,11588914.291706935,11588914.291706935,0.0,0.0,0.0,0.0,0,-0.15563337657947587,True,False,2266,125
2011-08-17 00:00:00+00:00,11588914.291706935,11588914.291706935,0.0,0.0,0.0,0.0,0,-0.15563337657947587,True,False,2267,125
2011-08-18 00:00:00+00:00,11588914.291706935,11588914.291706935,0.0,0.0,0.0,0.0,0,-0.15563337657947587,True,False,2269,125
2011-08-19 00:00:00+00:00,11588914.291706935,11588914.291706935,0.0,0.0,0.0,0.0,0,-0.15563337657947587,True,False,2272,125
2011-08-22 00:00:00+00:00,11588914.291706935,11588914.291706935,0.0,0.0,0.0,0.0,0,-0.15563337657947587,True,False,2288,125
2011-08-23 00:00:00+00:00,11588914.291706935,11588914.291706935,0.0,0.0,0.0,0.0,0,-0.15563337657947587,True,False,2288,125
2011-08-24 00:00:00+00:00,11588914.291706935,11588914.291706935,0.0,0.0,0.0,0.0,0,-0.15563337657947587,True,False,2288,125
2011-08-25 00:00:00+00:00,11588914.291706935,11588914.291706935,0.0,0.0,0.0,0.0,0,-0.15563337657947587,True,False,2288,125
2011-08-26 00:00:00+00:00,11588914.291706935,11588914.291706935,0.0,0.0,0.0,0.0,0,-0.15563337657947587,True,False,2292,125
2011-08-29 00:00:00+00:00,11588914.291706935,11588914.291706935,0.0,0.0,0.0,0.0,0,-0.15563337657947587,True,False,2292,125
2011-08-30 00:00:00+00:00,11588914.291706935,11588914.291706935,0.0,0.0,0.0,0.0,0,-0.15563337657947587,True,False,2292,125
2011-08-31 00:00:00+00:00,11588914.291706935,11588914.291706935,0.0,0.0,0.0,0.0,0,-0.15563337657947587,True,False,2292,125
2011-09-01 00:00:00+00:00,11588914.291706935,11588914.291706935,0.0,0.0,0.0,0.0,0,-0.15563337657947587,True,False,2292,125
2011-09-02 00:00:00+00:00,11588914.291706935,11588914.291706935,0.0,0.0,0.0,0.0,0,-0.15563337657947587,True,False,2292,125
2011-09-05 00:00:00+00:00,11588914.291706935,11588914.291706935,0.0,0.0,0.0,0.0,0,-0.15563337657947587,True,False,2292,125
2011-09-06 00:00:00+00:00,11588914.291706935,11588914.291706935,0.0,0.0,0.0,0.0,0,-0.15563337657947587,True,False,2292,125
2011-09-07 00:00:00+00:00,11588914.291706935,11588914.291706935,0.0,0.0,0.0,0.0,0,-0.15563337657947587,True,False,2292,125
2011-09-08 00:00:00+00:00,11588914.291706935,11588914.291706935,0.0,0.0,0.0,0.0,0,-0.15563337657947587,True,False,2292,125
2011-09-09 00:00:00+00:00,11588914.291706935,11588914.291706935,0.0,0.0,0.0,0.0,0,-0.15563337657947587,True,False,2292,125
2011-09-12 00:00:00+00:00,11588914.291706935,11588914.291706935,0.0,0.0,0.0,0.0,0,-0.15563337657947587,True,False,2292,125
2011-09-13 00:00:00+00:00,11588914.291706935,11588914.291706935,0.0,0.0,0.0,0.0,0,-0.15563337657947587,True,False,2292,125
2011-09-14 00:00:00+00:00,11588914.291706935,11588914.291706935,0.0,0.0,0.0,0.0,0,-0.15563337657947587,True,False,2292,125
2011-09-15 00:00:00+00:00,11588914.291706935,11588914.291706935,0.0,0.0,0.0,0.0,0,-0.15563337657947587,True,False,2292,125
2011-09-16 00:00:00+00:00,11588914.291706935,11588914.291706935,0.0,0.0,0.0,0.0,0,-0.15563337657947587,True,False,2292,125
2011-09-19 00:00:00+00:00,11588914.291706935,11588914.291706935,0.0,0.0,0.0,0.0,0,-0.15563337657947587,True,False,2292,125
2011-09-20 00:00:00+00:00,11588914.291706935,11588914.291706935,0.0,0.0,0.0,0.0,0,-0.15563337657947587,True,False,2307,125
2011-09-21 00:00:00+00:00,11588914.291706935,11588914.291706935,0.0,0.0,0.0,0.0,0,-0.15563337657947587,True,False,2307,125
2011-09-22 00:00:00+00:00,11588914.291706935,11588914.291706935,0.0,0.0,0.0,0.0,0,-0.15563337657947587,True,False,2309,125
2011-09-23 00:00:00+00:00,11588914.291706935,11588914.291706935,0.0,0.0,0.0,0.0,0,-0.15563337657947587,True,False,2312,125
2011-09-26 00:00:00+00:00,11588914.291706935,11588914.291706935,0.0,0.0,0.0,0.0,0,-0.15563337657947587,True,False,2314,125
2011-09-27 00:00:00+00:00,11588914.291706935,11588914.291706935,0.0,0.0,0.0,0.0,0,-0.15563337657947587,True,False,2314,125
2011-09-28 00:00:00+00:00,11588914.291706935,11588914.291706935,0.0,0.0,0.0,0.0,0,-0.15563337657947587,True,False,2314,125
2011-09-29 00:00:00+00:00,11588914.291706935,11588914.291706935,0.0,0.0,0.0,0.0,0,-0.15563337657947587,True,False,2314,125
2011-09-30 00:00:00+00:00,11588914.291706935,11588914.291706935,0.0,0.0,0.0,0.0,0,-0.15563337657947587,True,False,2314,125
2011-10-03 00:00:00+00:00,11588914.291706935,11588914.291706935,0.0,0.0,0.0,0.0,0,-0.15563337657947587,True,False,2314,125
2011-10-04 00:00:00+00:00,11588914.291706935,11588914.291706935,0.0,0.0,0.0,0.0,0,-0.15563337657947587,True,False,2315,125
2011-10-05 00:00:00+00:00,11588914.291706935,11588914.291706935,0.0,0.0,0.0,0.0,0,-0.15563337657947587,True,False,2316,125
2011-10-06 00:00:00+00:00,11588914.291706935,11588914.291706935,0.0,0.0,0.0,0.0,0,-0.15563337657947587,True,False,2316,125
2011-10-07 00:00:00+00:00,11588914.291706935,11588914.291706935,0.0,0.0,0.0,0.0,0,-0.15563337657947587,True,False,2317,125
2011-10-10 00:00:00+00:00,11588914.291706935,11588914.291706935,0.0,0.0,0.0,0.0,0,-0.15563337657947587,True,False,2317,125
2011-10-11 00:00:00+00:00,11588914.291706935,11588914.291706935,0.0,0.0,0.0,0.0,0,-0.15563337657947587,True,False,2318,125
2011-10-12 00:00:00+00:00,11588914.291706935,11588914.291706935,0.0,0.0,0.0,0.0,0,-0.15563337657947587,True,False,2318,125
2011-10-13 00:00:00+00:00,11588914.291706935,11588914.291706935,0.0,0.0,0.0,0.0,0,-0.15563337657947587,True,False,2318,125
2011-10-14 00:00:00+00:00,11588914.291706935,11588914.291706935,0.0,0.0,0.0,0.0,0,-0.15563337657947587,True,False,2318,125
2011-10-17 00:00:00+00:00,11588914.291706935,11588914.291706935,0.0,0.0,0.0,0.0,0,-0.15563337657947587,True,False,2318,125
2011-10-18 00:00:00+00:00,11588914.291706935,11588914.291706935,0.0,0.0,0.0,0.0,0,-0.15563337657947587,True,False,2318,125
2011-10-19 00:00:00+00:00,11588914.291706935,11588914.291706935,0.0,0.0,0.0,0.0,0,-0.15563337657947587,True,False,2333,125
2011-10-20 00:00:00+00:00,11588914.291706935,11588914.291706935,0.0,0.0,0.0,0.0,0,-0.15563337657947587,True,False,2333,125
2011-10-21 00:00:00+00:00,11588914.291706935,11588914.291706935,0.0,0.0,0.0,0.0,0,-0.15563337657947587,True,False,2333,125
2011-10-24 00:00:00+00:00,11588914.291706935,11588914.291706935,0.0,0.0,0.0,0.0,0,-0.15563337657947587,True,False,2334,125
2011-10-25 00:00:00+00:00,11588914.291706935,11588914.291706935,0.0,0.0,0.0,0.0,0,-0.15563337657947587,True,False,2335,125
2011-10-26 00:00:00+00:00,11588914.291706935,11588914.291706935,0.0,0.0,0.0,0.0,0,-0.15563337657947587,True,False,2335,125
2011-10-27 00:00:00+00:00,11588914.291706935,11588914.291706935,0.0,0.0,0.0,0.0,0,-0.15563337657947587,True,False,2335,125
2011-10-28 00:00:00+00:00,11588914.291706935,11588914.291706935,0.0,0.0,0.0,0.0,0,-0.15563337657947587,True,False,2335,125
2011-10-31 00:00:00+00:00,11588914.291706935,11588914.291706935,0.0,0.0,0.0,0.0,0,-0.15563337657947587,True,False,2335,125
2011-11-01 00:00:00+00:00,11588914.291706935,11588914.291706935,0.0,0.0,0.0,0.0,0,-0.15563337657947587,True,False,2335,125
2011-11-02 00:00:00+00:00,11588914.291706935,11588914.291706935,0.0,0.0,0.0,0.0,0,-0.15563337657947587,True,False,2335,125
2011-11-03 00:00:00+00:00,11588914.291706935,11588914.291706935,0.0,0.0,0.0,0.0,0,-0.15563337657947587,True,False,2335,125
2011-11-04 00:00:00+00:00,11588914.291706935,11588914.291706935,0.0,0.0,0.0,0.0,0,-0.15563337657947587,True,False,2335,125
2011-11-07 00:00:00+00:00,11588914.291706935,11588914.291706935,0.0,0.0,0.0,0.0,0,-0.15563337657947587,True,False,2335,125
2011-11-08 00:00:00+00:00,11588914.291706935,11588914.291706935,0.0,0.0,0.0,0.0,0,-0.15563337657947587,True,False,2335,125
2011-11-09 00:00:00+00:00,11588914.291706935,11588914.291706935,0.0,0.0,0.0,0.0,0,-0.15563337657947587,True,False,2336,125
2011-11-10 00:00:00+00:00,11588914.291706935,11588914.291706935,0.0,0.0,0.0,0.0,0,-0.15563337657947587,True,False,2336,125
2011-11-11 00:00:00+00:00,11588914.291706935,11588914.291706935,0.0,0.0,0.0,0.0,0,-0.15563337657947587,True,False,2337,125
2011-11-14 00:00:00+00:00,11588914.291706935,11588914.291706935,0.0,0.0,0.0,0.0,0,-0.15563337657947587,True,False,2337,125
2011-11-15 00:00:00+00:00,11588914.291706935,11588914.291706935,0.0,0.0,0.0,0.0,0,-0.15563337657947587,True,False,2338,125
2011-11-16 00:00:00+00:00,11588914.291706935,11588914.291706935,0.0,0.0,0.0,0.0,0,-0.15563337657947587,True,False,2340,125
2011-11-17 00:00:00+00:00,11588914.291706935,11588914.291706935,0.0,0.0,0.0,0.0,0,-0.15563337657947587,True,False,2359,125
2011-11-18 00:00:00+00:00,11588914.291706935,11588914.291706935,0.0,0.0,0.0,0.0,0,-0.15563337657947587,True,False,2365,125
2011-11-21 00:00:00+00:00,11588914.291706935,11588914.291706935,0.0,0.0,0.0,0.0,0,-0.15563337657947587,True,False,2369,125
2011-11-22 00:00:00+00:00,11588914.291706935,11588914.291706935,0.0,0.0,0.0,0.0,0,-0.15563337657947587,True,False,2370,125
2011-11-23 00:00:00+00:00,11588914.291706935,11588914.291706935,0.0,0.0,0.0,0.0,0,-0.15563337657947587,True,False,2373,125
2011-11-24 00:00:00+00:00,11588914.291706935,11588914.291706935,0.0,0.0,0.0,0.0,0,-0.15563337657947587,True,False,2373,125
2011-11-25 00:00:00+00:00,11588914.291706935,11588914.291706935,0.0,0.0,0.0,0.0,0,-0.15563337657947587,True,False,2374,125
2011-11-28 00:00:00+00:00,11588914.291706935,11588914.291706935,0.0,0.0,0.0,0.0,0,-0.15563337657947587,True,False,2374,125
2011-11-29 00:00:00+00:00,11588914.291706935,11588914.291706935,0.0,0.0,0.0,0.0,0,-0.15563337657947587,True,False,2374,125
2011-11-30 00:00:00+00:00,11588914.291706935,11588914.291706935,0.0,0.0,0.0,0.0,0,-0.15563337657947587,True,False,2374,125
2011-12-01 00:00:00+00:00,11588914.291706935,11588914.291706935,0.0,0.0,0.0,0.0,0,-0.15563337657947587,True,False,2375,125
2011-12-02 00:00:00+00:00,11588914.291706935,11588914.291706935,0.0,0.0,0.0,0.0,0,-0.15563337657947587,True,False,2375,125
2011-12-05 00:00:00+00:00,11588914.291706935,11588914.291706935,0.0,0.0,0.0,0.0,0,-0.15563337657947587,True,False,2375,125
2011-12-06 00:00:00+00:00,11588914.291706935,11588914.291706935,0.0,0.0,0.0,0.0,0,-0.15563337657947587,True,False,2375,125
2011-12-07 00:00:00+00:00,11588914.291706935,11588914.291706935,0.0,0.0,0.0,0.0,0,-0.15563337657947587,True,False,2375,125
2011-12-08 00:00:00+00:00,11588914.291706935,11588914.291706935,0.0,0.0,0.0,0.0,0,-0.15563337657947587,True,False,2375,125
2011-12-09 00:00:00+00:00,11588914.291706935,11588914.291706935,0.0,0.0,0.0,0.0,0,-0.15563337657947587,True,False,2375,125
2011-12-12 00:00:00+00:00,11588914.291706935,11588914.291706935,0.0,0.0,0.0,0.0,0,-0.15563337657947587,True,False,2377,125
2011-12-13 00:00:00+00:00,11588914.291706935,11588914.291706935,0.0,0.0,0.0,0.0,0,-0.15563337657947587,True,False,2377,125
2011-12-14 00:00:00+00:00,11588914.291706935,11588914.291706935,0.0,0.0,0.0,0.0,0,-0.15563337657947587,True,False,2378,125
2011-12-15 00:00:00+00:00,11588914.291706935,11588914.291706935,0.0,0.0,0.0,0.0,0,-0.15563337657947587,True,False,2380,125
2011-12-16 00:00:00+00:00,11588914.291706935,11588914.291706935,0.0,0.0,0.0,0.0,0,-0.15563337657947587,True,False,2399,125
2011-12-19 00:00:00+00:00,11588914.291706935,11588914.291706935,0.0,0.0,0.0,0.0,0,-0.15563337657947587,True,False,2403,125
2011-12-20 00:00:00+00:00,11588914.291706935,11588914.291706935,0.0,0.0,0.0,0.0,0,-0.15563337657947587,True,False,2408,125
2011-12-21 00:00:00+00:00,11588914.291706935,11588914.291706935,0.0,0.0,0.0,0.0,0,-0.15563337657947587,True,False,2409,125
2011-12-22 00:00:00+00:00,11588914.291706935,11588914.291706935,0.0,0.0,0.0,0.0,0,-0.15563337657947587,True,False,2409,125
2011-12-23 00:00:00+00:00,11588914.291706935,11588914.291706935,0.0,0.0,0.0,0.0,0,-0.15563337657947587,True,False,2409,125
2011-12-26 00:00:00+00:00,11588914.291706935,11588914.291706935,0.0,0.0,0.0,0.0,0,-0.15563337657947587,True,False,2409,125
2011-12-27 00:00:00+00:00,11588914.291706935,11588914.291706935,0.0,0.0,0.0,0.0,0,-0.15563337657947587,True,False,2409,125
2011-12-28 00:00:00+00:00,11588914.291706935,11588914.291706935,0.0,0.0,0.0,0.0,0,-0.15563337657947587,True,False,2410,125
2011-12-29 00:00:00+00:00,11588914.291706935,11588914.291706935,0.0,0.0,0.0,0.0,0,-0.15563337657947587,True,False,2410,125
2011-12-30 00:00:00+00:00,11588914.291706935,11588914.291706935,0.0,0.0,0.0,0.0,0,-0.15563337657947587,True,False,2410,125
2012-01-02 00:00:00+00:00,11588914.291706935,11588914.291706935,0.0,0.0,0.0,0.0,0,-0.15563337657947587,True,False,2411,125
2012-01-03 00:00:00+00:00,11588914.291706935,11588914.291706935,0.0,0.0,0.0,0.0,0,-0.15563337657947587,True,False,2411,125
2012-01-04 00:00:00+00:00,11588914.291706935,11588914.291706935,0.0,0.0,0.0,0.0,0,-0.15563337657947587,True,False,2411,125
2012-01-05 00:00:00+00:00,11588914.291706935,11588914.291706935,0.0,0.0,0.0,0.0,0,-0.15563337657947587,True,False,2411,125
2012-01-06 00:00:00+00:00,11588914.291706935,11588914.291706935,0.0,0.0,0.0,0.0,0,-0.15563337657947587,True,False,2411,125
2012-01-09 00:00:00+00:00,11588914.291706935,11588914.291706935,0.0,0.0,0.0,0.0,0,-0.15563337657947587,True,False,2411,125
2012-01-10 00:00:00+00:00,11588914.291706935,11588914.291706935,0.0,0.0,0.0,0.0,0,-0.15563337657947587,True,False,2411,125
2012-01-11 00:00:00+00:00,11588914.291706935,11588914.291706935,0.0,0.0,0.0,0.0,0,-0.15563337657947587,True,False,2412,125
2012-01-12 00:00:00+00:00,11588914.291706935,11588914.291706935,0.0,0.0,0.0,0.0,0,-0.15563337657947587,True,False,2413,125
2012-01-13 00:00:00+00:00,11588914.291706935,11588914.291706935,0.0,0.0,0.0,0.0,0,-0.15563337657947587,True,False,2414,125
2012-01-16 00:00:00+00:00,11588914.291706935,11588914.291706935,0.0,0.0,0.0,0.0,0,-0.15563337657947587,True,False,2428,125
2012-01-17 00:00:00+00:00,11588914.291706935,11588914.291706935,0.0,0.0,0.0,0.0,0,-0.15563337657947587,True,False,2428,125
2012-01-18 00:00:00+00:00,11588914.291706935,11588914.291706935,0.0,0.0,0.0,0.0,0,-0.15563337657947587,True,False,2428,125
2012-01-19 00:00:00+00:00,11588914.291706935,11588914.291706935,0.0,0.0,0.0,0.0,0,-0.15563337657947587,True,False,2428,125
2012-01-20 00:00:00+00:00,11588914.291706935,11588914.291706935,0.0,0.0,0.0,0.0,0,-0.15563337657947587,True,False,2428,125
2012-01-23 00:00:00+00:00,11588914.291706935,11588914.291706935,0.0,0.0,0.0,0.0,0,-0.15563337657947587,True,False,2428,125
2012-01-24 00:00:00+00:00,11588914.291706935,11588914.291706935,0.0,0.0,0.0,0.0,0,-0.15563337657947587,True,False,2428,125
2012-01-25 00:00:00+00:00,11588914.291706935,11588914.291706935,0.0,0.0,0.0,0.0,0,-0.15563337657947587,True,False,2428,125
2012-01-26 00:00:00+00:00,11588914.291706935,11588914.291706935,0.0,0.0,0.0,0.0,0,-0.15563337657947587,True,False,2428,125
2012-01-27 00:00:00+00:00,11588914.291706935,11588914.291706935,0.0,0.0,0.0,0.0,0,-0.15563337657947587,True,False,2428,125
2012-01-30 00:00:00+00:00,11588914.291706935,11588914.291706935,0.0,0.0,0.0,0.0,0,-0.15563337657947587,True,False,2428,125
2012-01-31 00:00:00+00:00,11588914.291706935,11588914.291706935,0.0,0.0,0.0,0.0,0,-0.15563337657947587,True,False,2429,125
2012-02-01 00:00:00+00:00,11588914.291706935,11588914.291706935,0.0,0.0,0.0,0.0,0,-0.15563337657947587,True,False,2429,125
2012-02-02 00:00:00+00:00,11588914.291706935,11588914.291706935,0.0,0.0,0.0,0.0,0,-0.15563337657947587,True,False,2429,125
2012-02-03 00:00:00+00:00,11588914.291706935,11588914.291706935,0.0,0.0,0.0,0.0,0,-0.15563337657947587,True,False,2429,125
2012-02-06 00:00:00+00:00,11588914.291706935,11588914.291706935,0.0,0.0,0.0,0.0,0,-0.15563337657947587,True,False,2429,125
2012-02-07 00:00:00+00:00,11588914.291706935,11588914.291706935,0.0,0.0,0.0,0.0,0,-0.15563337657947587,True,False,2429,125
2012-02-08 00:00:00+00:00,11588914.291706935,11588914.291706935,0.0,0.0,0.0,0.0,0,-0.15563337657947587,True,False,2429,125
2012-02-09 00:00:00+00:00,11588914.291706935,11588914.291706935,0.0,0.0,0.0,0.0,0,-0.15563337657947587,True,False,2429,125
2012-02-10 00:00:00+00:00,11588914.291706935,11588914.291706935,0.0,0.0,0.0,0.0,0,-0.15563337657947587,True,False,2429,125
2012-02-13 00:00:00+00:00,11588914.291706935,11588914.291706935,0.0,0.0,0.0,0.0,0,-0.15563337657947587,True,False,2429,125
2012-02-14 00:00:00+00:00,11588914.291706935,11588914.291706935,0.0,0.0,0.0,0.0,0,-0.15563337657947587,True,False,2444,125
2012-02-15 00:00:00+00:00,11588914.291706935,11588914.291706935,0.0,0.0,0.0,0.0,0,-0.15563337657947587,True,False,2444,125
2012-02-16 00:00:00+00:00,11588914.291706935,11588914.291706935,0.0,0.0,0.0,0.0,0,-0.15563337657947587,True,False,2444,125
2012-02-17 00:00:00+00:00,11588914.291706935,11588914.291706935,0.0,0.0,0.0,0.0,0,-0.15563337657947587,True,False,2444,125
2012-02-21 00:00:00+00:00,11588914.291706935,11588914.291706935,0.0,0.0,0.0,0.0,0,-0.15563337657947587,True,False,2444,125
2012-02-22 00:00:00+00:00,11588914.291706935,11588914.291706935,0.0,0.0,0.0,0.0,0,-0.15563337657947587,True,False,2444,125
2012-02-23 00:00:00+00:00,11588914.291706935,11588914.291706935,0.0,0.0,0.0,0.0,0,-0.15563337657947587,True,False,2444,125
2012-02-24 00:00:00+00:00,11588914.291706935,11588914.291706935,0.0,0.0,0.0,0.0,0,-0.15563337657947587,True,False,2444,125
2012-02-27 00:00:00+00:00,11588914.291706935,11588914.291706935,0.0,0.0,0.0,0.0,0,-0.15563337657947587,True,False,2444,125
2012-02-28 00:00:00+00:00,11588914.291706935,11588914.291706935,0.0,0.0,0.0,0.0,0,-0.15563337657947587,True,False,2444,125
2012-02-29 00:00:00+00:00,11588914.291706935,11588914.291706935,0.0,0.0,0.0,0.0,0,-0.15563337657947587,True,False,2444,125
2012-03-01 00:00:00+00:00,11588914.291706935,11588914.291706935,0.0,0.0,0.0,0.0,0,-0.15563337657947587,True,False,2444,125
2012-03-02 00:00:00+00:00,11588914.291706935,11588914.291706935,0.0,0.0,0.0,0.0,0,-0.15563337657947587,True,False,2444,125
2012-03-05 00:00:00+00:00,11588914.291706935,11588914.291706935,0.0,0.0,0.0,0.0,0,-0.15563337657947587,True,False,2445,125
2012-03-06 00:00:00+00:00,11588914.291706935,11588914.291706935,0.0,0.0,0.0,0.0,0,-0.15563337657947587,True,False,2445,125
2012-03-07 00:00:00+00:00,11588914.291706935,11588914.291706935,0.0,0.0,0.0,0.0,0,-0.15563337657947587,True,False,2447,125
2012-03-08 00:00:00+00:00,11588914.291706935,11588914.291706935,0.0,0.0,0.0,0.0,0,-0.15563337657947587,True,False,2447,125
2012-03-09 00:00:00+00:00,11588914.291706935,11588914.291706935,0.0,0.0,0.0,0.0,0,-0.15563337657947587,True,False,2447,125
2012-03-12 00:00:00+00:00,11588914.291706935,11588914.291706935,0.0,0.0,0.0,0.0,0,-0.15563337657947587,True,False,2447,125
2012-03-13 00:00:00+00:00,11588914.291706935,11588914.291706935,0.0,0.0,0.0,0.0,0,-0.15563337657947587,True,False,2447,125
2012-03-14 00:00:00+00:00,11588914.291706935,11588914.291706935,0.0,0.0,0.0,0.0,0,-0.15563337657947587,True,False,2447,125
2012-03-15 00:00:00+00:00,11588914.291706935,11588914.291706935,0.0,0.0,0.0,0.0,0,-0.15563337657947587,True,False,2463,125
2012-03-16 00:00:00+00:00,11588914.291706935,11588914.291706935,0.0,0.0,0.0,0.0,0,-0.15563337657947587,True,False,2464,125
2012-03-19 00:00:00+00:00,11588914.291706935,11588914.291706935,0.0,0.0,0.0,0.0,0,-0.15563337657947587,True,False,2464,125
2012-03-20 00:00:00+00:00,11588914.291706935,11588914.291706935,0.0,0.0,0.0,0.0,0,-0.15563337657947587,True,False,2464,125
2012-03-21 00:00:00+00:00,11588914.291706935,11588914.291706935,0.0,0.0,0.0,0.0,0,-0.15563337657947587,True,False,2464,125
2012-03-22 00:00:00+00:00,11588914.291706935,11588914.291706935,0.0,0.0,0.0,0.0,0,-0.15563337657947587,True,False,2464,125
2012-03-23 00:00:00+00:00,11588914.291706935,11588914.291706935,0.0,0.0,0.0,0.0,0,-0.15563337657947587,True,False,2464,125
2012-03-26 00:00:00+00:00,11588914.291706935,11588914.291706935,0.0,0.0,0.0,0.0,0,-0.15563337657947587,True,False,2467,125
2012-03-27 00:00:00+00:00,11588914.291706935,11588914.291706935,0.0,0.0,0.0,0.0,0,-0.15563337657947587,True,False,2467,125
2012-03-28 00:00:00+00:00,11588914.291706935,11588914.291706935,0.0,0.0,0.0,0.0,0,-0.15563337657947587,True,False,2468,125
2012-03-29 00:00:00+00:00,11588914.291706935,11588914.291706935,0.0,0.0,0.0,0.0,0,-0.15563337657947587,True,False,2469,125
2012-03-30 00:00:00+00:00,11588914.291706935,11588914.291706935,0.0,0.0,0.0,0.0,0,-0.15563337657947587,True,False,2470,125
2012-04-02 00:00:00+00:00,11588914.291706935,11588914.291706935,0.0,0.0,0.0,0.0,0,-0.15563337657947587,True,False,2470,125
2012-04-03 00:00:00+00:00,11588914.291706935,11588914.291706935,0.0,0.0,0.0,0.0,0,-0.15563337657947587,True,False,2470,125
2012-04-04 00:00:00+00:00,11588914.291706935,11588914.291706935,0.0,0.0,0.0,0.0,0,-0.15563337657947587,True,False,2470,125
2012-04-05 00:00:00+00:00,11588914.291706935,11588914.291706935,0.0,0.0,0.0,0.0,0,-0.15563337657947587,True,False,2470,125
2012-04-09 00:00:00+00:00,11588914.291706935,11588914.291706935,0.0,0.0,0.0,0.0,0,-0.15563337657947587,True,False,2470,125
2012-04-10 00:00:00+00:00,11588914.291706935,11588914.291706935,0.0,0.0,0.0,0.0,0,-0.15563337657947587,True,False,2470,125
2012-04-11 00:00:00+00:00,11588914.291706935,11588914.291706935,0.0,0.0,0.0,0.0,0,-0.15563337657947587,True,False,2470,125
2012-04-12 00:00:00+00:00,11588914.291706935,11588914.291706935,0.0,0.0,0.0,0.0,0,-0.15563337657947587,True,False,2470,125
2012-04-13 00:00:00+00:00,11588914.291706935,11588914.291706935,0.0,0.0,0.0,0.0,0,-0.15563337657947587,True,False,2473,125
2012-04-16 00:00:00+00:00,11588914.291706935,11588914.291706935,0.0,0.0,0.0,0.0,0,-0.15563337657947587,True,False,2489,125
2012-04-17 00:00:00+00:00,11588914.291706935,11588914.291706935,0.0,0.0,0.0,0.0,0,-0.15563337657947587,True,False,2489,125
2012-04-18 00:00:00+00:00,11588914.291706935,11588914.291706935,0.0,0.0,0.0,0.0,0,-0.15563337657947587,True,False,2490,125
2012-04-19 00:00:00+00:00,11588914.291706935,11588914.291706935,0.0,0.0,0.0,0.0,0,-0.15563337657947587,True,False,2490,125
2012-04-20 00:00:00+00:00,11588914.291706935,11588914.291706935,0.0,0.0,0.0,0.0,0,-0.15563337657947587,True,False,2490,125
2012-04-23 00:00:00+00:00,11588914.291706935,11588914.291706935,0.0,0.0,0.0,0.0,0,-0.15563337657947587,True,False,2490,125
2012-04-24 00:00:00+00:00,11588914.291706935,11588914.291706935,0.0,0.0,0.0,0.0,0,-0.15563337657947587,True,False,2490,125
2012-04-25 00:00:00+00:00,11588914.291706935,11588914.291706935,0.0,0.0,0.0,0.0,0,-0.15563337657947587,True,False,2491,125
2012-04-26 00:00:00+00:00,11588914.291706935,11588914.291706935,0.0,0.0,0.0,0.0,0,-0.15563337657947587,True,False,2492,125
2012-04-27 00:00:00+00:00,11588914.291706935,11588914.291706935,0.0,0.0,0.0,0.0,0,-0.15563337657947587,True,False,2492,125
2012-04-30 00:00:00+00:00,11588914.291706935,11588914.291706935,0.0,0.0,0.0,0.0,0,-0.15563337657947587,True,False,2492,125
2012-05-01 00:00:00+00:00,11588914.291706935,11588914.291706935,0.0,0.0,0.0,0.0,0,-0.15563337657947587,True,False,2492,125
2012-05-02 00:00:00+00:00,11588914.291706935,11588914.291706935,0.0,0.0,0.0,0.0,0,-0.15563337657947587,True,False,2492,125
2012-05-03 00:00:00+00:00,11588914.291706935,11588914.291706935,0.0,0.0,0.0,0.0,0,-0.15563337657947587,True,False,2492,125
2012-05-04 00:00:00+00:00,11588914.291706935,11588914.291706935,0.0,0.0,0.0,0.0,0,-0.15563337657947587,True,False,2493,125
2012-05-07 00:00:00+00:00,11588914.291706935,11588914.291706935,0.0,0.0,0.0,0.0,0,-0.15563337657947587,True,False,2494,125
2012-05-08 00:00:00+00:00,11588914.291706935,11588914.291706935,0.0,0.0,0.0,0.0,0,-0.15563337657947587,True,False,2497,125
2012-05-09 00:00:00+00:00,11588914.291706935,11588914.291706935,0.0,0.0,0.0,0.0,0,-0.15563337657947587,True,False,2509,125
2012-05-10 00:00:00+00:00,11588914.291706935,11588914.291706935,0.0,0.0,0.0,0.0,0,-0.15563337657947587,True,False,2511,125
2012-05-11 00:00:00+00:00,11588914.291706935,11588914.291706935,0.0,0.0,0.0,0.0,0,-0.15563337657947587,True,False,2511,125
2012-05-14 00:00:00+00:00,11588914.291706935,11588914.291706935,0.0,0.0,0.0,0.0,0,-0.15563337657947587,True,False,2512,125
2012-05-15 00:00:00+00:00,11588914.291706935,11588914.291706935,0.0,0.0,0.0,0.0,0,-0.15563337657947587,True,False,2528,125
2012-05-16 00:00:00+00:00,11588914.291706935,11588914.291706935,0.0,0.0,0.0,0.0,0,-0.15563337657947587,True,False,2529,125
2012-05-17 00:00:00+00:00,11588914.291706935,11588914.291706935,0.0,0.0,0.0,0.0,0,-0.15563337657947587,True,False,2529,125
2012-05-18 00:00:00+00:00,11588914.291706935,11588914.291706935,0.0,0.0,0.0,0.0,0,-0.15563337657947587,True,False,2529,125
2012-05-21 00:00:00+00:00,11588914.291706935,11588914.291706935,0.0,0.0,0.0,0.0,0,-0.15563337657947587,True,False,2529,125
2012-05-22 00:00:00+00:00,11588914.291706935,11588914.291706935,0.0,0.0,0.0,0.0,0,-0.15563337657947587,True,False,2529,125
2012-05-23 00:00:00+00:00,11588914.291706935,11588914.291706935,0.0,0.0,0.0,0.0,0,-0.15563337657947587,True,False,2531,125
2012-05-24 00:00:00+00:00,11588914.291706935,11588914.291706935,0.0,0.0,0.0,0.0,0,-0.15563337657947587,True,False,2531,125
2012-05-25 00:00:00+00:00,11588914.291706935,11588914.291706935,0.0,0.0,0.0,0.0,0,-0.15563337657947587,True,False,2531,125
2012-05-28 00:00:00+00:00,11588914.291706935,11588914.291706935,0.0,0.0,0.0,0.0,0,-0.15563337657947587,True,False,2531,125
2012-05-29 00:00:00+00:00,11588914.291706935,11588914.291706935,0.0,0.0,0.0,0.0,0,-0.15563337657947587,True,False,2531,125
2012-05-30 00:00:00+00:00,11588914.291706935,11588914.291706935,0.0,0.0,0.0,0.0,0,-0.15563337657947587,True,False,2531,125
2012-05-31 00:00:00+00:00,11588914.291706935,11588914.291706935,0.0,0.0,0.0,0.0,0,-0.15563337657947587,True,False,2531,125
2012-06-01 00:00:00+00:00,11588914.291706935,11588914.291706935,0.0,0.0,0.0,0.0,0,-0.15563337657947587,True,False,2533,125
2012-06-04 00:00:00+00:00,11588914.291706935,11588914.291706935,0.0,0.0,0.0,0.0,0,-0.15563337657947587,True,False,2535,125
2012-06-05 00:00:00+00:00,11588914.291706935,11588914.291706935,0.0,0.0,0.0,0.0,0,-0.15563337657947587,True,False,2536,125
2012-06-06 00:00:00+00:00,11588914.291706935,11588914.291706935,0.0,0.0,0.0,0.0,0,-0.15563337657947587,True,False,2536,125
2012-06-07 00:00:00+00:00,11588914.291706935,11588914.291706935,0.0,0.0,0.0,0.0,0,-0.15563337657947587,True,False,2536,125
2012-06-08 00:00:00+00:00,11588914.291706935,11588914.291706935,0.0,0.0,0.0,0.0,0,-0.15563337657947587,True,False,2536,125
2012-06-11 00:00:00+00:00,11588914.291706935,11588914.291706935,0.0,0.0,0.0,0.0,0,-0.15563337657947587,True,False,2536,125
2012-06-12 00:00:00+00:00,11588914.291706935,11588914.291706935,0.0,0.0,0.0,0.0,0,-0.15563337657947587,True,False,2536,125
2012-06-13 00:00:00+00:00,11588914.291706935,11588914.291706935,0.0,0.0,0.0,0.0,0,-0.15563337657947587,True,False,2552,125
2012-06-14 00:00:00+00:00,11588914.291706935,11588914.291706935,0.0,0.0,0.0,0.0,0,-0.15563337657947587,True,False,2552,125
2012-06-15 00:00:00+00:00,11588914.291706935,11588914.291706935,0.0,0.0,0.0,0.0,0,-0.15563337657947587,True,False,2552,125
2012-06-18 00:00:00+00:00,11588914.291706935,11588914.291706935,0.0,0.0,0.0,0.0,0,-0.15563337657947587,True,False,2552,125
2012-06-19 00:00:00+00:00,11588914.291706935,11588914.291706935,0.0,0.0,0.0,0.0,0,-0.15563337657947587,True,False,2552,125
2012-06-20 00:00:00+00:00,11588914.291706935,11588914.291706935,0.0,0.0,0.0,0.0,0,-0.15563337657947587,True,False,2552,125
2012-06-21 00:00:00+00:00,11588914.291706935,11588914.291706935,0.0,0.0,0.0,0.0,0,-0.15563337657947587,True,False,2552,125
2012-06-22 00:00:00+00:00,11588914.291706935,11588914.291706935,0.0,0.0,0.0,0.0,0,-0.15563337657947587,True,False,2552,125
2012-06-25 00:00:00+00:00,11588914.291706935,11588914.291706935,0.0,0.0,0.0,0.0,0,-0.15563337657947587,True,False,2552,125
2012-06-26 00:00:00+00:00,11588914.291706935,11588914.291706935,0.0,0.0,0.0,0.0,0,-0.15563337657947587,True,False,2553,125
2012-06-27 00:00:00+00:00,11588914.291706935,11588914.291706935,0.0,0.0,0.0,0.0,0,-0.15563337657947587,True,False,2553,125
2012-06-28 00:00:00+00:00,11588914.291706935,11588914.291706935,0.0,0.0,0.0,0.0,0,-0.15563337657947587,True,False,2553,125
2012-06-29 00:00:00+00:00,11588914.291706935,11588914.291706935,0.0,0.0,0.0,0.0,0,-0.15563337657947587,True,False,2553,125
2012-07-02 00:00:00+00:00,11588914.291706935,11588914.291706935,0.0,0.0,0.0,0.0,0,-0.15563337657947587,True,False,2553,125
2012-07-03 00:00:00+00:00,11588914.291706935,11588914.291706935,0.0,0.0,0.0,0.0,0,-0.15563337657947587,True,False,2553,125
2012-07-04 00:00:00+00:00,11588914.291706935,11588914.291706935,0.0,0.0,0.0,0.0,0,-0.15563337657947587,True,False,2553,125
2012-07-05 00:00:00+00:00,11588914.291706935,11588914.291706935,0.0,0.0,0.0,0.0,0,-0.15563337657947587,True,False,2553,125
2012-07-06 00:00:00+00:00,11588914.291706935,11588914.291706935,0.0,0.0,0.0,0.0,0,-0.15563337657947587,True,False,2553,125
2012-07-09 00:00:00+00:00,11588914.291706935,11588914.291706935,0.0,0.0,0.0,0.0,0,-0.15563337657947587,True,False,2553,125
2012-07-10 00:00:00+00:00,11588914.291706935,11588914.291706935,0.0,0.0,0.0,0.0,0,-0.15563337657947587,True,False,2553,125
2012-07-11 00:00:00+00:00,11588914.291706935,11588914.291706935,0.0,0.0,0.0,0.0,0,-0.15563337657947587,True,False,2555,125
2012-07-12 00:00:00+00:00,11588914.291706935,11588914.291706935,0.0,0.0,0.0,0.0,0,-0.15563337657947587,True,False,2573,125
2012-07-13 00:00:00+00:00,11588914.291706935,11588914.291706935,0.0,0.0,0.0,0.0,0,-0.15563337657947587,True,False,2573,125
2012-07-16 00:00:00+00:00,11588914.291706935,11588914.291706935,0.0,0.0,0.0,0.0,0,-0.15563337657947587,True,False,2573,125
2012-07-17 00:00:00+00:00,11588914.291706935,11588914.291706935,0.0,0.0,0.0,0.0,0,-0.15563337657947587,True,False,2573,125
2012-07-18 00:00:00+00:00,11588914.291706935,11588914.291706935,0.0,0.0,0.0,0.0,0,-0.15563337657947587,True,False,2573,125
2012-07-19 00:00:00+00:00,11588914.291706935,11588914.291706935,0.0,0.0,0.0,0.0,0,-0.15563337657947587,True,False,2573,125
2012-07-20 00:00:00+00:00,11588914.291706935,11588914.291706935,0.0,0.0,0.0,0.0,0,-0.15563337657947587,True,False,2573,125
2012-07-23 00:00:00+00:00,11588914.291706935,11588914.291706935,0.0,0.0,0.0,0.0,0,-0.15563337657947587,True,False,2573,125
2012-07-24 00:00:00+00:00,11588914.291706935,11588914.291706935,0.0,0.0,0.0,0.0,0,-0.15563337657947587,True,False,2573,125
2012-07-25 00:00:00+00:00,11588914.291706935,11588914.291706935,0.0,0.0,0.0,0.0,0,-0.15563337657947587,True,False,2575,125
2012-07-26 00:00:00+00:00,11588914.291706935,11588914.291706935,0.0,0.0,0.0,0.0,0,-0.15563337657947587,True,False,2576,125
2012-07-27 00:00:00+00:00,11588914.291706935,11588914.291706935,0.0,0.0,0.0,0.0,0,-0.15563337657947587,True,False,2577,125
2012-07-30 00:00:00+00:00,11588914.291706935,11588914.291706935,0.0,0.0,0.0,0.0,0,-0.15563337657947587,True,False,2577,125
2012-07-31 00:00:00+00:00,11588914.291706935,11588914.291706935,0.0,0.0,0.0,0.0,0,-0.15563337657947587,True,False,2577,125
2012-08-01 00:00:00+00:00,11588914.291706935,11588914.291706935,0.0,0.0,0.0,0.0,0,-0.15563337657947587,True,False,2577,125
2012-08-02 00:00:00+00:00,11588914.291706935,11588914.291706935,0.0,0.0,0.0,0.0,0,-0.15563337657947587,True,False,2577,125
2012-08-03 00:00:00+00:00,11588914.291706935,11588914.291706935,0.0,0.0,0.0,0.0,0,-0.15563337657947587,True,False,2577,125
2012-08-06 00:00:00+00:00,11588914.291706935,11588914.291706935,0.0,0.0,0.0,0.0,0,-0.15563337657947587,True,False,2577,125
2012-08-07 00:00:00+00:00,11588914.291706935,11588914.291706935,0.0,0.0,0.0,0.0,0,-0.15563337657947587,True,False,2577,125
2012-08-08 00:00:00+00:00,11588914.291706935,11588914.291706935,0.0,0.0,0.0,0.0,0,-0.15563337657947587,True,False,2578,125
2012-08-09 00:00:00+00:00,11588914.291706935,11588914.291706935,0.0,0.0,0.0,0.0,0,-0.15563337657947587,True,False,2578,125
2012-08-10 00:00:00+00:00,11588914.291706935,11588914.291706935,0.0,0.0,0.0,0.0,0,-0.15563337657947587,True,False,2595,125
2012-08-13 00:00:00+00:00,11588914.291706935,11588914.291706935,0.0,0.0,0.0,0.0,0,-0.15563337657947587,True,False,2595,125
2012-08-14 00:00:00+00:00,11588914.291706935,11588914.291706935,0.0,0.0,0.0,0.0,0,-0.15563337657947587,True,False,2595,125
2012-08-15 00:00:00+00:00,11588914.291706935,11588914.291706935,0.0,0.0,0.0,0.0,0,-0.15563337657947587,True,False,2595,125
2012-08-16 00:00:00+00:00,11588914.291706935,11588914.291706935,0.0,0.0,0.0,0.0,0,-0.15563337657947587,True,False,2595,125
2012-08-17 00:00:00+00:00,11588914.291706935,11588914.291706935,0.0,0.0,0.0,0.0,0,-0.15563337657947587,True,False,2595,125
2012-08-20 00:00:00+00:00,11588914.291706935,11588914.291706935,0.0,0.0,0.0,0.0,0,-0.15563337657947587,True,False,2595,125
2012-08-21 00:00:00+00:00,11588914.291706935,11588914.291706935,0.0,0.0,0.0,0.0,0,-0.15563337657947587,True,False,2595,125
2012-08-22 00:00:00+00:00,11588914.291706935,11588914.291706935,0.0,0.0,0.0,0.0,0,-0.15563337657947587,True,False,2595,125
2012-08-23 00:00:00+00:00,11588914.291706935,11588914.291706935,0.0,0.0,0.0,0.0,0,-0.15563337657947587,True,False,2595,125
2012-08-24 00:00:00+00:00,11588914.291706935,11588914.291706935,0.0,0.0,0.0,0.0,0,-0.15563337657947587,True,False,2596,125
2012-08-27 00:00:00+00:00,11588914.291706935,11588914.291706935,0.0,0.0,0.0,0.0,0,-0.15563337657947587,True,False,2596,125
2012-08-28 00:00:00+00:00,11588914.291706935,11588914.291706935,0.0,0.0,0.0,0.0,0,-0.15563337657947587,True,False,2596,125
2012-08-29 00:00:00+00:00,11588914.291706935,11588914.291706935,0.0,0.0,0.0,0.0,0,-0.15563337657947587,True,False,2597,125
2012-08-30 00:00:00+00:00,11588914.291706935,11588914.291706935,0.0,0.0,0.0,0.0,0,-0.15563337657947587,True,False,2598,125
2012-08-31 00:00:00+00:00,11588914.291706935,11588914.291706935,0.0,0.0,0.0,0.0,0,-0.15563337657947587,True,False,2598,125
2012-09-03 00:00:00+00:00,11588914.291706935,11588914.291706935,0.0,0.0,0.0,0.0,0,-0.15563337657947587,True,False,2601,125
2012-09-04 00:00:00+00:00,11588914.291706935,11588914.291706935,0.0,0.0,0.0,0.0,0,-0.15563337657947587,True,False,2601,125
2012-09-05 00:00:00+00:00,11588914.291706935,11588914.291706935,0.0,0.0,0.0,0.0,0,-0.15563337657947587,True,False,2602,125
2012-09-06 00:00:00+00:00,11588914.291706935,11588914.291706935,0.0,0.0,0.0,0.0,0,-0.15563337657947587,True,False,2602,125
2012-09-07 00:00:00+00:00,11588914.291706935,11588914.291706935,0.0,0.0,0.0,0.0,0,-0.15563337657947587,True,False,2602,125
2012-09-10 00:00:00+00:00,11588914.291706935,11588914.291706935,0.0,0.0,0.0,0.0,0,-0.15563337657947587,True,False,2618,125
2012-09-11 00:00:00+00:00,11588914.291706935,11588914.291706935,0.0,0.0,0.0,0.0,0,-0.15563337657947587,True,False,2618,125
2012-09-12 00:00:00+00:00,11588914.291706935,11588914.291706935,0.0,0.0,0.0,0.0,0,-0.15563337657947587,True,False,2618,125
2012-09-13 00:00:00+00:00,11588914.291706935,11588914.291706935,0.0,0.0,0.0,0.0,0,-0.15563337657947587,True,False,2618,125
2012-09-14 00:00:00+00:00,11588914.291706935,11588914.291706935,0.0,0.0,0.0,0.0,0,-0.15563337657947587,True,False,2618,125
2012-09-17 00:00:00+00:00,11588914.291706935,11588914.291706935,0.0,0.0,0.0,0.0,0,-0.15563337657947587,True,False,2618,125
2012-09-18 00:00:00+00:00,11588914.291706935,11588914.291706935,0.0,0.0,0.0,0.0,0,-0.15563337657947587,True,False,2618,125
2012-09-19 00:00:00+00:00,11588914.291706935,11588914.291706935,0.0,0.0,0.0,0.0,0,-0.15563337657947587,True,False,2618,125
2012-09-20 00:00:00+00:00,11588914.291706935,11588914.291706935,0.0,0.0,0.0,0.0,0,-0.15563337657947587,True,False,2618,125
2012-09-21 00:00:00+00:00,11588914.291706935,11588914.291706935,0.0,0.0,0.0,0.0,0,-0.15563337657947587,True,False,2618,125
2012-09-24 00:00:00+00:00,11588914.291706935,11588914.291706935,0.0,0.0,0.0,0.0,0,-0.15563337657947587,True,False,2618,125
2012-09-25 00:00:00+00:00,11588914.291706935,11588914.291706935,0.0,0.0,0.0,0.0,0,-0.15563337657947587,True,False,2618,125
2012-09-26 00:00:00+00:00,11588914.291706935,11588914.291706935,0.0,0.0,0.0,0.0,0,-0.15563337657947587,True,False,2618,125
2012-09-27 00:00:00+00:00,11588914.291706935,11588914.291706935,0.0,0.0,0.0,0.0,0,-0.15563337657947587,True,False,2618,125
2012-09-28 00:00:00+00:00,11588914.291706935,11588914.291706935,0.0,0.0,0.0,0.0,0,-0.15563337657947587,True,False,2618,125
2012-10-01 00:00:00+00:00,11588914.291706935,11588914.291706935,0.0,0.0,0.0,0.0,0,-0.15563337657947587,True,False,2618,125
2012-10-02 00:00:00+00:00,11588914.291706935,11588914.291706935,0.0,0.0,0.0,0.0,0,-0.15563337657947587,True,False,2618,125
2012-10-03 00:00:00+00:00,11588914.291706935,11588914.291706935,0.0,0.0,0.0,0.0,0,-0.15563337657947587,True,False,2618,125
2012-10-04 00:00:00+00:00,11588914.291706935,11588914.291706935,0.0,0.0,0.0,0.0,0,-0.15563337657947587,True,False,2618,125
2012-10-05 00:00:00+00:00,11588914.291706935,11588914.291706935,0.0,0.0,0.0,0.0,0,-0.15563337657947587,True,False,2618,125
2012-10-08 00:00:00+00:00,11588914.291706935,11588914.291706935,0.0,0.0,0.0,0.0,0,-0.15563337657947587,True,False,2618,125
2012-10-09 00:00:00+00:00,11588914.291706935,11588914.291706935,0.0,0.0,0.0,0.0,0,-0.15563337657947587,True,False,2634,125
2012-10-10 00:00:00+00:00,11588914.291706935,11588914.291706935,0.0,0.0,0.0,0.0,0,-0.15563337657947587,True,False,2634,125
2012-10-11 00:00:00+00:00,11588914.291706935,11588914.291706935,0.0,0.0,0.0,0.0,0,-0.15563337657947587,True,False,2634,125
2012-10-12 00:00:00+00:00,11588914.291706935,11588914.291706935,0.0,0.0,0.0,0.0,0,-0.15563337657947587,True,False,2634,125
2012-10-15 00:00:00+00:00,11588914.291706935,11588914.291706935,0.0,0.0,0.0,0.0,0,-0.15563337657947587,True,False,2634,125
2012-10-16 00:00:00+00:00,11588914.291706935,11588914.291706935,0.0,0.0,0.0,0.0,0,-0.15563337657947587,True,False,2634,125
2012-10-17 00:00:00+00:00,11588914.291706935,11588914.291706935,0.0,0.0,0.0,0.0,0,-0.15563337657947587,True,False,2634,125
2012-10-18 00:00:00+00:00,11588914.291706935,11588914.291706935,0.0,0.0,0.0,0.0,0,-0.15563337657947587,True,False,2634,125
2012-10-19 00:00:00+00:00,11588914.291706935,11588914.291706935,0.0,0.0,0.0,0.0,0,-0.15563337657947587,True,False,2635,125
2012-10-22 00:00:00+00:00,11588914.291706935,11588914.291706935,0.0,0.0,0.0,0.0,0,-0.15563337657947587,True,False,2635,125
2012-10-23 00:00:00+00:00,11588914.291706935,11588914.291706935,0.0,0.0,0.0,0.0,0,-0.15563337657947587,True,False,2636,125
2012-10-24 00:00:00+00:00,11588914.291706935,11588914.291706935,0.0,0.0,0.0,0.0,0,-0.15563337657947587,True,False,2637,125
2012-10-25 00:00:00+00:00,11588914.291706935,11588914.291706935,0.0,0.0,0.0,0.0,0,-0.15563337657947587,True,False,2637,125
2012-10-26 00:00:00+00:00,11588914.291706935,11588914.291706935,0.0,0.0,0.0,0.0,0,-0.15563337657947587,True,False,2637,125
2012-10-29 00:00:00+00:00,11588914.291706935,11588914.291706935,0.0,0.0,0.0,0.0,0,-0.15563337657947587,True,False,2637,125
2012-10-30 00:00:00+00:00,11588914.291706935,11588914.291706935,0.0,0.0,0.0,0.0,0,-0.15563337657947587,True,False,2638,125
2012-10-31 00:00:00+00:00,11588914.291706935,11588914.291706935,0.0,0.0,0.0,0.0,0,-0.15563337657947587,True,False,2639,125
2012-11-01 00:00:00+00:00,11588914.291706935,11588914.291706935,0.0,0.0,0.0,0.0,0,-0.15563337657947587,True,False,2639,125
2012-11-02 00:00:00+00:00,11588914.291706935,11588914.291706935,0.0,0.0,0.0,0.0,0,-0.15563337657947587,True,False,2639,125
2012-11-05 00:00:00+00:00,11588914.291706935,11588914.291706935,0.0,0.0,0.0,0.0,0,-0.15563337657947587,True,False,2639,125
2012-11-06 00:00:00+00:00,11588914.291706935,11588914.291706935,0.0,0.0,0.0,0.0,0,-0.15563337657947587,True,False,2639,125
2012-11-07 00:00:00+00:00,11588914.291706935,11588914.291706935,0.0,0.0,0.0,0.0,0,-0.15563337657947587,True,False,2655,125
2012-11-08 00:00:00+00:00,11588914.291706935,11588914.291706935,0.0,0.0,0.0,0.0,0,-0.15563337657947587,True,False,2655,125
2012-11-09 00:00:00+00:00,11588914.291706935,11588914.291706935,0.0,0.0,0.0,0.0,0,-0.15563337657947587,True,False,2657,125
2012-11-12 00:00:00+00:00,11588914.291706935,11588914.291706935,0.0,0.0,0.0,0.0,0,-0.15563337657947587,True,False,2658,125
2012-11-13 00:00:00+00:00,11588914.291706935,11588914.291706935,0.0,0.0,0.0,0.0,0,-0.15563337657947587,True,False,2658,125
2012-11-14 00:00:00+00:00,11588914.291706935,11588914.291706935,0.0,0.0,0.0,0.0,0,-0.15563337657947587,True,False,2658,125
2012-11-15 00:00:00+00:00,11588914.291706935,11588914.291706935,0.0,0.0,0.0,0.0,0,-0.15563337657947587,True,False,2662,125
2012-11-16 00:00:00+00:00,11588914.291706935,11588914.291706935,0.0,0.0,0.0,0.0,0,-0.15563337657947587,True,False,2662,125
2012-11-19 00:00:00+00:00,11588914.291706935,11588914.291706935,0.0,0.0,0.0,0.0,0,-0.15563337657947587,True,False,2664,125
2012-11-20 00:00:00+00:00,11588914.291706935,11588914.291706935,0.0,0.0,0.0,0.0,0,-0.15563337657947587,True,False,2665,125
2012-11-21 00:00:00+00:00,11588914.291706935,11588914.291706935,0.0,0.0,0.0,0.0,0,-0.15563337657947587,True,False,2666,125
2012-11-22 00:00:00+00:00,11588914.291706935,11588914.291706935,0.0,0.0,0.0,0.0,0,-0.15563337657947587,True,False,2666,125
2012-11-23 00:00:00+00:00,11588914.291706935,11588914.291706935,0.0,0.0,0.0,0.0,0,-0.15563337657947587,True,False,2666,125
2012-11-26 00:00:00+00:00,11588914.291706935,11588914.291706935,0.0,0.0,0.0,0.0,0,-0.15563337657947587,True,False,2667,125
2012-11-27 00:00:00+00:00,11588914.291706935,11588914.291706935,0.0,0.0,0.0,0.0,0,-0.15563337657947587,True,False,2667,125
2012-11-28 00:00:00+00:00,11588914.291706935,11588914.291706935,0.0,0.0,0.0,0.0,0,-0.15563337657947587,True,False,2667,125
2012-11-29 00:00:00+00:00,11588914.291706935,11588914.291706935,0.0,0.0,0.0,0.0,0,-0.15563337657947587,True,False,2667,125
2012-11-30 00:00:00+00:00,11588914.291706935,11588914.291706935,0.0,0.0,0.0,0.0,0,-0.15563337657947587,True,False,2667,125
2012-12-03 00:00:00+00:00,11588914.291706935,11588914.291706935,0.0,0.0,0.0,0.0,0,-0.15563337657947587,True,False,2667,125
2012-12-04 00:00:00+00:00,11588914.291706935,11588914.291706935,0.0,0.0,0.0,0.0,0,-0.15563337657947587,True,False,2667,125
2012-12-05 00:00:00+00:00,11588914.291706935,11588914.291706935,0.0,0.0,0.0,0.0,0,-0.15563337657947587,True,False,2667,125
2012-12-06 00:00:00+00:00,11588914.291706935,11588914.291706935,0.0,0.0,0.0,0.0,0,-0.15563337657947587,True,False,2683,125
2012-12-07 00:00:00+00:00,11588914.291706935,11588914.291706935,0.0,0.0,0.0,0.0,0,-0.15563337657947587,True,False,2683,125
2012-12-10 00:00:00+00:00,11588914.291706935,11588914.291706935,0.0,0.0,0.0,0.0,0,-0.15563337657947587,True,False,2684,125
2012-12-11 00:00:00+00:00,11588914.291706935,11588914.291706935,0.0,0.0,0.0,0.0,0,-0.15563337657947587,True,False,2685,125
2012-12-12 00:00:00+00:00,11588914.291706935,11588914.291706935,0.0,0.0,0.0,0.0,0,-0.15563337657947587,True,False,2685,125
2012-12-13 00:00:00+00:00,11588914.291706935,11588914.291706935,0.0,0.0,0.0,0.0,0,-0.15563337657947587,True,False,2686,125
2012-12-14 00:00:00+00:00,11588914.291706935,11588914.291706935,0.0,0.0,0.0,0.0,0,-0.15563337657947587,True,False,2686,125
2012-12-17 00:00:00+00:00,11588914.291706935,11588914.291706935,0.0,0.0,0.0,0.0,0,-0.15563337657947587,True,False,2687,125
2012-12-18 00:00:00+00:00,11588914.291706935,11588914.291706935,0.0,0.0,0.0,0.0,0,-0.15563337657947587,True,False,2687,125
2012-12-19 00:00:00+00:00,11588914.291706935,11588914.291706935,0.0,0.0,0.0,0.0,0,-0.15563337657947587,True,False,2687,125
2012-12-20 00:00:00+00:00,11588914.291706935,11588914.291706935,0.0,0.0,0.0,0.0,0,-0.15563337657947587,True,False,2687,125
2012-12-21 00:00:00+00:00,11588914.291706935,11588914.291706935,0.0,0.0,0.0,0.0,0,-0.15563337657947587,True,False,2687,125
2012-12-24 00:00:00+00:00,11588914.291706935,11588914.291706935,0.0,0.0,0.0,0.0,0,-0.15563337657947587,True,False,2687,125
2012-12-26 00:00:00+00:00,11588914.291706935,11588914.291706935,0.0,0.0,0.0,0.0,0,-0.15563337657947587,True,False,2687,125
2012-12-27 00:00:00+00:00,11588914.291706935,11588914.291706935,0.0,0.0,0.0,0.0,0,-0.15563337657947587,True,False,2687,125
2012-12-28 00:00:00+00:00,11588914.291706935,11588914.291706935,0.0,0.0,0.0,0.0,0,-0.15563337657947587,True,False,2687,125
2012-12-31 00:00:00+00:00,11588914.291706935,11588914.291706935,0.0,0.0,0.0,0.0,0,-0.15563337657947587,True,False,2687,125
2013-01-01 00:00:00+00:00,11588914.291706935,11588914.291706935,0.0,0.0,0.0,0.0,0,-0.15563337657947587,True,False,2687,125
2013-01-02 00:00:00+00:00,11588914.291706935,11588914.291706935,0.0,0.0,0.0,0.0,0,-0.15563337657947587,True,False,2687,125
2013-01-03 00:00:00+00:00,11588914.291706935,11588914.291706935,0.0,0.0,0.0,0.0,0,-0.15563337657947587,True,False,2687,125
2013-01-04 00:00:00+00:00,11588914.291706935,11588914.291706935,0.0,0.0,0.0,0.0,0,-0.15563337657947587,True,False,2687,125
2013-01-07 00:00:00+00:00,11588914.291706935,11588914.291706935,0.0,0.0,0.0,0.0,0,-0.15563337657947587,True,False,2703,125
2013-01-08 00:00:00+00:00,11588914.291706935,11588914.291706935,0.0,0.0,0.0,0.0,0,-0.15563337657947587,True,False,2704,125
2013-01-09 00:00:00+00:00,11588914.291706935,11588914.291706935,0.0,0.0,0.0,0.0,0,-0.15563337657947587,True,False,2705,125
2013-01-10 00:00:00+00:00,11588914.291706935,11588914.291706935,0.0,0.0,0.0,0.0,0,-0.15563337657947587,True,False,2706,125
2013-01-11 00:00:00+00:00,11588914.291706935,11588914.291706935,0.0,0.0,0.0,0.0,0,-0.15563337657947587,True,False,2711,125
2013-01-14 00:00:00+00:00,11588914.291706935,11588914.291706935,0.0,0.0,0.0,0.0,0,-0.15563337657947587,True,False,2711,125
2013-01-15 00:00:00+00:00,11588914.291706935,11588914.291706935,0.0,0.0,0.0,0.0,0,-0.15563337657947587,True,False,2711,125
2013-01-16 00:00:00+00:00,11588914.291706935,11588914.291706935,0.0,0.0,0.0,0.0,0,-0.15563337657947587,True,False,2712,125
2013-01-17 00:00:00+00:00,11588914.291706935,11588914.291706935,0.0,0.0,0.0,0.0,0,-0.15563337657947587,True,False,2712,125
2013-01-18 00:00:00+00:00,11588914.291706935,11588914.291706935,0.0,0.0,0.0,0.0,0,-0.15563337657947587,True,False,2714,125
2013-01-21 00:00:00+00:00,11588914.291706935,11588914.291706935,0.0,0.0,0.0,0.0,0,-0.15563337657947587,True,False,2714,125
2013-01-22 00:00:00+00:00,11588914.291706935,11588914.291706935,0.0,0.0,0.0,0.0,0,-0.15563337657947587,True,False,2714,125
2013-01-23 00:00:00+00:00,11588914.291706935,11588914.291706935,0.0,0.0,0.0,0.0,0,-0.15563337657947587,True,False,2716,125
2013-01-24 00:00:00+00:00,11588914.291706935,11588914.291706935,0.0,0.0,0.0,0.0,0,-0.15563337657947587,True,False,2719,125
2013-01-25 00:00:00+00:00,11588914.291706935,11588914.291706935,0.0,0.0,0.0,0.0,0,-0.15563337657947587,True,False,2719,125
2013-01-28 00:00:00+00:00,11588914.291706935,11588914.291706935,0.0,0.0,0.0,0.0,0,-0.15563337657947587,True,False,2719,125
2013-01-29 00:00:00+00:00,11588914.291706935,11588914.291706935,0.0,0.0,0.0,0.0,0,-0.15563337657947587,True,False,2720,125
2013-01-30 00:00:00+00:00,11588914.291706935,11588914.291706935,0.0,0.0,0.0,0.0,0,-0.15563337657947587,True,False,2720,125
2013-01-31 00:00:00+00:00,11588914.291706935,11588914.291706935,0.0,0.0,0.0,0.0,0,-0.15563337657947587,True,False,2721,125
2013-02-01 00:00:00+00:00,11588914.291706935,11588914.291706935,0.0,0.0,0.0,0.0,0,-0.15563337657947587,True,False,2721,125
2013-02-04 00:00:00+00:00,11588914.291706935,11588914.291706935,0.0,0.0,0.0,0.0,0,-0.15563337657947587,True,False,2722,125
2013-02-05 00:00:00+00:00,11588914.291706935,11588914.291706935,0.0,0.0,0.0,0.0,0,-0.15563337657947587,True,False,2738,125
2013-02-06 00:00:00+00:00,11588914.291706935,11588914.291706935,0.0,0.0,0.0,0.0,0,-0.15563337657947587,True,False,2740,125
2013-02-07 00:00:00+00:00,11588914.291706935,11588914.291706935,0.0,0.0,0.0,0.0,0,-0.15563337657947587,True,False,2740,125
2013-02-08 00:00:00+00:00,11588914.291706935,11588914.291706935,0.0,0.0,0.0,0.0,0,-0.15563337657947587,True,False,2744,125
2013-02-11 00:00:00+00:00,11588914.291706935,11588914.291706935,0.0,0.0,0.0,0.0,0,-0.15563337657947587,True,False,2745,125
2013-02-12 00:00:00+00:00,11588914.291706935,11588914.291706935,0.0,0.0,0.0,0.0,0,-0.15563337657947587,True,False,2746,125
2013-02-13 00:00:00+00:00,11588914.291706935,11588914.291706935,0.0,0.0,0.0,0.0,0,-0.15563337657947587,True,False,2747,125
2013-02-14 00:00:00+00:00,11588914.291706935,11588914.291706935,0.0,0.0,0.0,0.0,0,-0.15563337657947587,True,False,2749,125
2013-02-15 00:00:00+00:00,11588914.291706935,11588914.291706935,0.0,0.0,0.0,0.0,0,-0.15563337657947587,True,False,2749,125
2013-02-18 00:00:00+00:00,11588914.291706935,11588914.291706935,0.0,0.0,0.0,0.0,0,-0.15563337657947587,True,False,2749,125
2013-02-19 00:00:00+00:00,11588914.291706935,11588914.291706935,0.0,0.0,0.0,0.0,0,-0.15563337657947587,True,False,2749,125
2013-02-20 00:00:00+00:00,11588914.291706935,11588914.291706935,0.0,0.0,0.0,0.0,0,-0.15563337657947587,True,False,2750,125
2013-02-21 00:00:00+00:00,11588914.291706935,11588914.291706935,0.0,0.0,0.0,0.0,0,-0.15563337657947587,True,False,2752,125
2013-02-22 00:00:00+00:00,11588914.291706935,11588914.291706935,0.0,0.0,0.0,0.0,0,-0.15563337657947587,True,False,2752,125
2013-02-25 00:00:00+00:00,11588914.291706935,11588914.291706935,0.0,0.0,0.0,0.0,0,-0.15563337657947587,True,False,2753,125
2013-02-26 00:00:00+00:00,11588914.291706935,11588914.291706935,0.0,0.0,0.0,0.0,0,-0.15563337657947587,True,False,2759,125
2013-02-27 00:00:00+00:00,11588914.291706935,11588914.291706935,0.0,0.0,0.0,0.0,0,-0.15563337657947587,True,False,2759,125
2013-02-28 00:00:00+00:00,11588914.291706935,11588914.291706935,0.0,0.0,0.0,0.0,0,-0.15563337657947587,True,False,2764,125
2013-03-01 00:00:00+00:00,11588914.291706935,11588914.291706935,0.0,0.0,0.0,0.0,0,-0.15563337657947587,True,False,2767,125
2013-03-04 00:00:00+00:00,11588914.291706935,11588914.291706935,0.0,0.0,0.0,0.0,0,-0.15563337657947587,True,False,2769,125
2013-03-05 00:00:00+00:00,11588914.291706935,11588914.291706935,0.0,0.0,0.0,0.0,0,-0.15563337657947587,True,False,2769,125
2013-03-06 00:00:00+00:00,11588914.291706935,11588914.291706935,0.0,0.0,0.0,0.0,0,-0.15563337657947587,True,False,2785,125
2013-03-07 00:00:00+00:00,11588914.291706935,11588914.291706935,0.0,0.0,0.0,0.0,0,-0.15563337657947587,True,False,2785,125
2013-03-08 00:00:00+00:00,11588914.291706935,11588914.291706935,0.0,0.0,0.0,0.0,0,-0.15563337657947587,True,False,2785,125
2013-03-11 00:00:00+00:00,11588914.291706935,11588914.291706935,0.0,0.0,0.0,0.0,0,-0.15563337657947587,True,False,2785,125
2013-03-12 00:00:00+00:00,11588914.291706935,11588914.291706935,0.0,0.0,0.0,0.0,0,-0.15563337657947587,True,False,2785,125
2013-03-13 00:00:00+00:00,11588914.291706935,11588914.291706935,0.0,0.0,0.0,0.0,0,-0.15563337657947587,True,False,2785,125
2013-03-14 00:00:00+00:00,11588914.291706935,11588914.291706935,0.0,0.0,0.0,0.0,0,-0.15563337657947587,True,False,2786,125
2013-03-15 00:00:00+00:00,11588914.291706935,11588914.291706935,0.0,0.0,0.0,0.0,0,-0.15563337657947587,True,False,2788,125
2013-03-18 00:00:00+00:00,11588914.291706935,11588914.291706935,0.0,0.0,0.0,0.0,0,-0.15563337657947587,True,False,2789,125
2013-03-19 00:00:00+00:00,11588914.291706935,11588914.291706935,0.0,0.0,0.0,0.0,0,-0.15563337657947587,True,False,2789,125
2013-03-20 00:00:00+00:00,11588914.291706935,11588914.291706935,0.0,0.0,0.0,0.0,0,-0.15563337657947587,True,False,2793,125
2013-03-21 00:00:00+00:00,11588914.291706935,11588914.291706935,0.0,0.0,0.0,0.0,0,-0.15563337657947587,True,False,2799,125
2013-03-22 00:00:00+00:00,11588914.291706935,11588914.291706935,0.0,0.0,0.0,0.0,0,-0.15563337657947587,True,False,2804,125
2013-03-25 00:00:00+00:00,11588914.291706935,11588914.291706935,0.0,0.0,0.0,0.0,0,-0.15563337657947587,True,False,2805,125
2013-03-26 00:00:00+00:00,11588914.291706935,11588914.291706935,0.0,0.0,0.0,0.0,0,-0.15563337657947587,True,False,2808,125
2013-03-27 00:00:00+00:00,11588914.291706935,11588914.291706935,0.0,0.0,0.0,0.0,0,-0.15563337657947587,True,False,2808,125
2013-03-28 00:00:00+00:00,11588914.291706935,11588914.291706935,0.0,0.0,0.0,0.0,0,-0.15563337657947587,True,False,2808,125
2013-04-01 00:00:00+00:00,11588914.291706935,11588914.291706935,0.0,0.0,0.0,0.0,0,-0.15563337657947587,True,False,2810,125
2013-04-02 00:00:00+00:00,11588914.291706935,11588914.291706935,0.0,0.0,0.0,0.0,0,-0.15563337657947587,True,False,2811,125
2013-04-03 00:00:00+00:00,11588914.291706935,11588914.291706935,0.0,0.0,0.0,0.0,0,-0.15563337657947587,True,False,2811,125
2013-04-04 00:00:00+00:00,11588914.291706935,11588914.291706935,0.0,0.0,0.0,0.0,0,-0.15563337657947587,True,False,2811,125
2013-04-05 00:00:00+00:00,11588914.291706935,11588914.291706935,0.0,0.0,0.0,0.0,0,-0.15563337657947587,True,False,2827,125
2013-04-08 00:00:00+00:00,11588914.291706935,11588914.291706935,0.0,0.0,0.0,0.0,0,-0.15563337657947587,True,False,2828,125
2013-04-09 00:00:00+00:00,11588914.291706935,11588914.291706935,0.0,0.0,0.0,0.0,0,-0.15563337657947587,True,False,2828,125
2013-04-10 00:00:00+00:00,11588914.291706935,11588914.291706935,0.0,0.0,0.0,0.0,0,-0.15563337657947587,True,False,2828,125
2013-04-11 00:00:00+00:00,11588914.291706935,11588914.291706935,0.0,0.0,0.0,0.0,0,-0.15563337657947587,True,False,2828,125
2013-04-12 00:00:00+00:00,11588914.291706935,11588914.291706935,0.0,0.0,0.0,0.0,0,-0.15563337657947587,True,False,2831,125
2013-04-15 00:00:00+00:00,11588914.291706935,11588914.291706935,0.0,0.0,0.0,0.0,0,-0.15563337657947587,True,False,2833,125
2013-04-16 00:00:00+00:00,11588914.291706935,11588914.291706935,0.0,0.0,0.0,0.0,0,-0.15563337657947587,True,False,2833,125
2013-04-17 00:00:00+00:00,11588914.291706935,11588914.291706935,0.0,0.0,0.0,0.0,0,-0.15563337657947587,True,False,2834,125
2013-04-18 00:00:00+00:00,11588914.291706935,11588914.291706935,0.0,0.0,0.0,0.0,0,-0.15563337657947587,True,False,2834,125
2013-04-19 00:00:00+00:00,11588914.291706935,11588914.291706935,0.0,0.0,0.0,0.0,0,-0.15563337657947587,True,False,2834,125
2013-04-22 00:00:00+00:00,11588914.291706935,11588914.291706935,0.0,0.0,0.0,0.0,0,-0.15563337657947587,True,False,2835,125
2013-04-23 00:00:00+00:00,11588914.291706935,11588914.291706935,0.0,0.0,0.0,0.0,0,-0.15563337657947587,True,False,2835,125
2013-04-24 00:00:00+00:00,11588914.291706935,11588914.291706935,0.0,0.0,0.0,0.0,0,-0.15563337657947587,True,False,2835,125
2013-04-25 00:00:00+00:00,11588914.291706935,11588914.291706935,0.0,0.0,0.0,0.0,0,-0.15563337657947587,True,False,2835,125
2013-04-26 00:00:00+00:00,11588914.291706935,11588914.291706935,0.0,0.0,0.0,0.0,0,-0.15563337657947587,True,False,2835,125
2013-04-29 00:00:00+00:00,11588914.291706935,11588914.291706935,0.0,0.0,0.0,0.0,0,-0.15563337657947587,True,False,2835,125
2013-04-30 00:00:00+00:00,11588914.291706935,11588914.291706935,0.0,0.0,0.0,0.0,0,-0.15563337657947587,True,False,2835,125
2013-05-01 00:00:00+00:00,11588914.291706935,11588914.291706935,0.0,0.0,0.0,0.0,0,-0.15563337657947587,True,False,2835,125
2013-05-02 00:00:00+00:00,11588914.291706935,11588914.291706935,0.0,0.0,0.0,0.0,0,-0.15563337657947587,True,False,2835,125
2013-05-03 00:00:00+00:00,11588914.291706935,11588914.291706935,0.0,0.0,0.0,0.0,0,-0.15563337657947587,True,False,2835,125
2013-05-06 00:00:00+00:00,11588914.291706935,11588914.291706935,0.0,0.0,0.0,0.0,0,-0.15563337657947587,True,False,2850,125
2013-05-07 00:00:00+00:00,11588914.291706935,11588914.291706935,0.0,0.0,0.0,0.0,0,-0.15563337657947587,True,False,2850,125
2013-05-08 00:00:00+00:00,11588914.291706935,11588914.291706935,0.0,0.0,0.0,0.0,0,-0.15563337657947587,True,False,2850,125
2013-05-09 00:00:00+00:00,11588914.291706935,11588914.291706935,0.0,0.0,0.0,0.0,0,-0.15563337657947587,True,False,2850,125
2013-05-10 00:00:00+00:00,11588914.291706935,11588914.291706935,0.0,0.0,0.0,0.0,0,-0.15563337657947587,True,False,2850,125
2013-05-13 00:00:00+00:00,11588914.291706935,11588914.291706935,0.0,0.0,0.0,0.0,0,-0.15563337657947587,True,False,2850,125
2013-05-14 00:00:00+00:00,11588914.291706935,11588914.291706935,0.0,0.0,0.0,0.0,0,-0.15563337657947587,True,False,2850,125
2013-05-15 00:00:00+00:00,11588914.291706935,11588914.291706935,0.0,0.0,0.0,0.0,0,-0.15563337657947587,True,False,2850,125
2013-05-16 00:00:00+00:00,11588914.291706935,11588914.291706935,0.0,0.0,0.0,0.0,0,-0.15563337657947587,True,False,2850,125
2013-05-17 00:00:00+00:00,11588914.291706935,11588914.291706935,0.0,0.0,0.0,0.0,0,-0.15563337657947587,True,False,2850,125
2013-05-20 00:00:00+00:00,11588914.291706935,11588914.291706935,0.0,0.0,0.0,0.0,0,-0.15563337657947587,True,False,2850,125
2013-05-21 00:00:00+00:00,11588914.291706935,11588914.291706935,0.0,0.0,0.0,0.0,0,-0.15563337657947587,True,False,2851,125
2013-05-22 00:00:00+00:00,11588914.291706935,11588914.291706935,0.0,0.0,0.0,0.0,0,-0.15563337657947587,True,False,2852,125
2013-05-23 00:00:00+00:00,11588914.291706935,11588914.291706935,0.0,0.0,0.0,0.0,0,-0.15563337657947587,True,False,2852,125
2013-05-24 00:00:00+00:00,11588914.291706935,11588914.291706935,0.0,0.0,0.0,0.0,0,-0.15563337657947587,True,False,2853,125
2013-05-27 00:00:00+00:00,11588914.291706935,11588914.291706935,0.0,0.0,0.0,0.0,0,-0.15563337657947587,True,False,2854,125
2013-05-28 00:00:00+00:00,11588914.291706935,11588914.291706935,0.0,0.0,0.0,0.0,0,-0.15563337657947587,True,False,2854,125
2013-05-29 00:00:00+00:00,11588914.291706935,11588914.291706935,0.0,0.0,0.0,0.0,0,-0.15563337657947587,True,False,2854,125
2013-05-30 00:00:00+00:00,11588914.291706935,11588914.291706935,0.0,0.0,0.0,0.0,0,-0.15563337657947587,True,False,2854,125
2013-05-31 00:00:00+00:00,11588914.291706935,11588914.291706935,0.0,0.0,0.0,0.0,0,-0.15563337657947587,True,False,2857,125
2013-06-03 00:00:00+00:00,11588914.291706935,11588914.291706935,0.0,0.0,0.0,0.0,0,-0.15563337657947587,True,False,2858,125
2013-06-04 00:00:00+00:00,11588914.291706935,11588914.291706935,0.0,0.0,0.0,0.0,0,-0.15563337657947587,True,False,2875,125
2013-06-05 00:00:00+00:00,11588914.291706935,11588914.291706935,0.0,0.0,0.0,0.0,0,-0.15563337657947587,True,False,2875,125
2013-06-06 00:00:00+00:00,11588914.291706935,11588914.291706935,0.0,0.0,0.0,0.0,0,-0.15563337657947587,True,False,2875,125
2013-06-07 00:00:00+00:00,11588914.291706935,11588914.291706935,0.0,0.0,0.0,0.0,0,-0.15563337657947587,True,False,2876,125
2013-06-10 00:00:00+00:00,11588914.291706935,11588914.291706935,0.0,0.0,0.0,0.0,0,-0.15563337657947587,True,False,2876,125
2013-06-11 00:00:00+00:00,11588914.291706935,11588914.291706935,0.0,0.0,0.0,0.0,0,-0.15563337657947587,True,False,2880,125
2013-06-12 00:00:00+00:00,11588914.291706935,11588914.291706935,0.0,0.0,0.0,0.0,0,-0.15563337657947587,True,False,2885,125
2013-06-13 00:00:00+00:00,11588914.291706935,11588914.291706935,0.0,0.0,0.0,0.0,0,-0.15563337657947587,True,False,2888,125
2013-06-14 00:00:00+00:00,11588914.291706935,11588914.291706935,0.0,0.0,0.0,0.0,0,-0.15563337657947587,True,False,2888,125
2013-06-17 00:00:00+00:00,11588914.291706935,11588914.291706935,0.0,0.0,0.0,0.0,0,-0.15563337657947587,True,False,2888,125
2013-06-18 00:00:00+00:00,11588914.291706935,11588914.291706935,0.0,0.0,0.0,0.0,0,-0.15563337657947587,True,False,2888,125
2013-06-19 00:00:00+00:00,11588914.291706935,11588914.291706935,0.0,0.0,0.0,0.0,0,-0.15563337657947587,True,False,2888,125
2013-06-20 00:00:00+00:00,11588914.291706935,11588914.291706935,0.0,0.0,0.0,0.0,0,-0.15563337657947587,True,False,2891,125
2013-06-21 00:00:00+00:00,11588914.291706935,11588914.291706935,0.0,0.0,0.0,0.0,0,-0.15563337657947587,True,False,2892,125
2013-06-24 00:00:00+00:00,11588914.291706935,11588914.291706935,0.0,0.0,0.0,0.0,0,-0.15563337657947587,True,False,2898,125
2013-06-25 00:00:00+00:00,11588914.291706935,11588914.291706935,0.0,0.0,0.0,0.0,0,-0.15563337657947587,True,False,2901,125
2013-06-26 00:00:00+00:00,11588914.291706935,11588914.291706935,0.0,0.0,0.0,0.0,0,-0.15563337657947587,True,False,2901,125
2013-06-27 00:00:00+00:00,11588914.291706935,11588914.291706935,0.0,0.0,0.0,0.0,0,-0.15563337657947587,True,False,2902,125
2013-06-28 00:00:00+00:00,11588914.291706935,11588914.291706935,0.0,0.0,0.0,0.0,0,-0.15563337657947587,True,False,2902,125
2013-07-01 00:00:00+00:00,11588914.291706935,11588914.291706935,0.0,0.0,0.0,0.0,0,-0.15563337657947587,True,False,2903,125
2013-07-02 00:00:00+00:00,11588914.291706935,11588914.291706935,0.0,0.0,0.0,0.0,0,-0.15563337657947587,True,False,2903,125
2013-07-03 00:00:00+00:00,11588914.291706935,11588914.291706935,0.0,0.0,0.0,0.0,0,-0.15563337657947587,True,False,2919,125
2013-07-04 00:00:00+00:00,11588914.291706935,11588914.291706935,0.0,0.0,0.0,0.0,0,-0.15563337657947587,True,False,2919,125
2013-07-05 00:00:00+00:00,11588914.291706935,11588914.291706935,0.0,0.0,0.0,0.0,0,-0.15563337657947587,True,False,2919,125
2013-07-08 00:00:00+00:00,11588914.291706935,11588914.291706935,0.0,0.0,0.0,0.0,0,-0.15563337657947587,True,False,2919,125
2013-07-09 00:00:00+00:00,11588914.291706935,11588914.291706935,0.0,0.0,0.0,0.0,0,-0.15563337657947587,True,False,2919,125
2013-07-10 00:00:00+00:00,11588914.291706935,11588914.291706935,0.0,0.0,0.0,0.0,0,-0.15563337657947587,True,False,2919,125
2013-07-11 00:00:00+00:00,11588914.291706935,11588914.291706935,0.0,0.0,0.0,0.0,0,-0.15563337657947587,True,False,2919,125
2013-07-12 00:00:00+00:00,11588914.291706935,11588914.291706935,0.0,0.0,0.0,0.0,0,-0.15563337657947587,True,False,2919,125
2013-07-15 00:00:00+00:00,11588914.291706935,11588914.291706935,0.0,0.0,0.0,0.0,0,-0.15563337657947587,True,False,2920,125
2013-07-16 00:00:00+00:00,11588914.291706935,11588914.291706935,0.0,0.0,0.0,0.0,0,-0.15563337657947587,True,False,2920,125
2013-07-17 00:00:00+00:00,11588914.291706935,11588914.291706935,0.0,0.0,0.0,0.0,0,-0.15563337657947587,True,False,2921,125
2013-07-18 00:00:00+00:00,11588914.291706935,11588914.291706935,0.0,0.0,0.0,0.0,0,-0.15563337657947587,True,False,2921,125
2013-07-19 00:00:00+00:00,11588914.291706935,11588914.291706935,0.0,0.0,0.0,0.0,0,-0.15563337657947587,True,False,2921,125
2013-07-22 00:00:00+00:00,11588914.291706935,11588914.291706935,0.0,0.0,0.0,0.0,0,-0.15563337657947587,True,False,2922,125
2013-07-23 00:00:00+00:00,11588914.291706935,11588914.291706935,0.0,0.0,0.0,0.0,0,-0.15563337657947587,True,False,2922,125
2013-07-24 00:00:00+00:00,11588914.291706935,11588914.291706935,0.0,0.0,0.0,0.0,0,-0.15563337657947587,True,False,2922,125
2013-07-25 00:00:00+00:00,11588914.291706935,11588914.291706935,0.0,0.0,0.0,0.0,0,-0.15563337657947587,True,False,2922,125
2013-07-26 00:00:00+00:00,11588914.291706935,11588914.291706935,0.0,0.0,0.0,0.0,0,-0.15563337657947587,True,False,2922,125
2013-07-29 00:00:00+00:00,11588914.291706935,11588914.291706935,0.0,0.0,0.0,0.0,0,-0.15563337657947587,True,False,2922,125
2013-07-30 00:00:00+00:00,11588914.291706935,11588914.291706935,0.0,0.0,0.0,0.0,0,-0.15563337657947587,True,False,2927,125
2013-07-31 00:00:00+00:00,11588914.291706935,11588914.291706935,0.0,0.0,0.0,0.0,0,-0.15563337657947587,True,False,2933,125
2013-08-01 00:00:00+00:00,11588914.291706935,11588914.291706935,0.0,0.0,0.0,0.0,0,-0.15563337657947587,True,False,2953,125
2013-08-02 00:00:00+00:00,11588914.291706935,11588914.291706935,0.0,0.0,0.0,0.0,0,-0.15563337657947587,True,False,2956,125
2013-08-05 00:00:00+00:00,11588914.291706935,11588914.291706935,0.0,0.0,0.0,0.0,0,-0.15563337657947587,True,False,2958,125
2013-08-06 00:00:00+00:00,11588914.291706935,11588914.291706935,0.0,0.0,0.0,0.0,0,-0.15563337657947587,True,False,2961,125
2013-08-07 00:00:00+00:00,11588914.291706935,11588914.291706935,0.0,0.0,0.0,0.0,0,-0.15563337657947587,True,False,2964,125
2013-08-08 00:00:00+00:00,11588914.291706935,11588914.291706935,0.0,0.0,0.0,0.0,0,-0.15563337657947587,True,False,2964,125
2013-08-09 00:00:00+00:00,11588914.291706935,11588914.291706935,0.0,0.0,0.0,0.0,0,-0.15563337657947587,True,False,2965,125
2013-08-12 00:00:00+00:00,11588914.291706935,11588914.291706935,0.0,0.0,0.0,0.0,0,-0.15563337657947587,True,False,2965,125
2013-08-13 00:00:00+00:00,11588914.291706935,11588914.291706935,0.0,0.0,0.0,0.0,0,-0.15563337657947587,True,False,2965,125
2013-08-14 00:00:00+00:00,11588914.291706935,11588914.291706935,0.0,0.0,0.0,0.0,0,-0.15563337657947587,True,False,2965,125
2013-08-15 00:00:00+00:00,11588914.291706935,11588914.291706935,0.0,0.0,0.0,0.0,0,-0.15563337657947587,True,False,2965,125
2013-08-16 00:00:00+00:00,11588914.291706935,11588914.291706935,0.0,0.0,0.0,0.0,0,-0.15563337657947587,True,False,2965,125
2013-08-19 00:00:00+00:00,11588914.291706935,11588914.291706935,0.0,0.0,0.0,0.0,0,-0.15563337657947587,True,False,2967,125
2013-08-20 00:00:00+00:00,11588914.291706935,11588914.291706935,0.0,0.0,0.0,0.0,0,-0.15563337657947587,True,False,2969,125
2013-08-21 00:00:00+00:00,11588914.291706935,11588914.291706935,0.0,0.0,0.0,0.0,0,-0.15563337657947587,True,False,2972,125
2013-08-22 00:00:00+00:00,11588914.291706935,11588914.291706935,0.0,0.0,0.0,0.0,0,-0.15563337657947587,True,False,2972,125
2013-08-23 00:00:00+00:00,11588914.291706935,11588914.291706935,0.0,0.0,0.0,0.0,0,-0.15563337657947587,True,False,2972,125
2013-08-26 00:00:00+00:00,11588914.291706935,11588914.291706935,0.0,0.0,0.0,0.0,0,-0.15563337657947587,True,False,2972,125
2013-08-27 00:00:00+00:00,11588914.291706935,11588914.291706935,0.0,0.0,0.0,0.0,0,-0.15563337657947587,True,False,2975,125
2013-08-28 00:00:00+00:00,11588914.291706935,11588914.291706935,0.0,0.0,0.0,0.0,0,-0.15563337657947587,True,False,2977,125
2013-08-29 00:00:00+00:00,11588914.291706935,11588914.291706935,0.0,0.0,0.0,0.0,0,-0.15563337657947587,True,False,2977,125
2013-08-30 00:00:00+00:00,11588914.291706935,11588914.291706935,0.0,0.0,0.0,0.0,0,-0.15563337657947587,True,False,2992,125
2013-09-02 00:00:00+00:00,11588914.291706935,11588914.291706935,0.0,0.0,0.0,0.0,0,-0.15563337657947587,True,False,2992,125
2013-09-03 00:00:00+00:00,11588914.291706935,11588914.291706935,0.0,0.0,0.0,0.0,0,-0.15563337657947587,True,False,2992,125
2013-09-04 00:00:00+00:00,11588914.291706935,11588914.291706935,0.0,0.0,0.0,0.0,0,-0.15563337657947587,True,False,2992,125
2013-09-05 00:00:00+00:00,11588914.291706935,11588914.291706935,0.0,0.0,0.0,0.0,0,-0.15563337657947587,True,False,2992,125
2013-09-06 00:00:00+00:00,11588914.291706935,11588914.291706935,0.0,0.0,0.0,0.0,0,-0.15563337657947587,True,False,2992,125
2013-09-09 00:00:00+00:00,11588914.291706935,11588914.291706935,0.0,0.0,0.0,0.0,0,-0.15563337657947587,True,False,2992,125
2013-09-10 00:00:00+00:00,11588914.291706935,11588914.291706935,0.0,0.0,0.0,0.0,0,-0.15563337657947587,True,False,2992,125
2013-09-11 00:00:00+00:00,11588914.291706935,11588914.291706935,0.0,0.0,0.0,0.0,0,-0.15563337657947587,True,False,2992,125
2013-09-12 00:00:00+00:00,11588914.291706935,11588914.291706935,0.0,0.0,0.0,0.0,0,-0.15563337657947587,True,False,2992,125
2013-09-13 00:00:00+00:00,11588914.291706935,11588914.291706935,0.0,0.0,0.0,0.0,0,-0.15563337657947587,True,False,2992,125
2013-09-16 00:00:00+00:00,11588914.291706935,11588914.291706935,0.0,0.0,0.0,0.0,0,-0.15563337657947587,True,False,2992,125
2013-09-17 00:00:00+00:00,11588914.291706935,11588914.291706935,0.0,0.0,0.0,0.0,0,-0.15563337657947587,True,False,2992,125
2013-09-18 00:00:00+00:00,11588914.291706935,11588914.291706935,0.0,0.0,0.0,0.0,0,-0.15563337657947587,True,False,2992,125
2013-09-19 00:00:00+00:00,11588914.291706935,11588914.291706935,0.0,0.0,0.0,0.0,0,-0.15563337657947587,True,False,2992,125
2013-09-20 00:00:00+00:00,11588914.291706935,11588914.291706935,0.0,0.0,0.0,0.0,0,-0.15563337657947587,True,False,2992,125
2013-09-23 00:00:00+00:00,11588914.291706935,11588914.291706935,0.0,0.0,0.0,0.0,0,-0.15563337657947587,True,False,2992,125
2013-09-24 00:00:00+00:00,11588914.291706935,11588914.291706935,0.0,0.0,0.0,0.0,0,-0.15563337657947587,True,False,2992,125
2013-09-25 00:00:00+00:00,11588914.291706935,11588914.291706935,0.0,0.0,0.0,0.0,0,-0.15563337657947587,True,False,2992,125
2013-09-26 00:00:00+00:00,11588914.291706935,11588914.291706935,0.0,0.0,0.0,0.0,0,-0.15563337657947587,True,False,2992,125
2013-09-27 00:00:00+00:00,11588914.291706935,11588914.291706935,0.0,0.0,0.0,0.0,0,-0.15563337657947587,True,False,2992,125
2013-09-30 00:00:00+00:00,11588914.291706935,11588914.291706935,0.0,0.0,0.0,0.0,0,-0.15563337657947587,True,False,3008,125
2013-10-01 00:00:00+00:00,11588914.291706935,11588914.291706935,0.0,0.0,0.0,0.0,0,-0.15563337657947587,True,False,3008,125
2013-10-02 00:00:00+00:00,11588914.291706935,11588914.291706935,0.0,0.0,0.0,0.0,0,-0.15563337657947587,True,False,3008,125
2013-10-03 00:00:00+00:00,11588914.291706935,11588914.291706935,0.0,0.0,0.0,0.0,0,-0.15563337657947587,True,False,3008,125
2013-10-04 00:00:00+00:00,11588914.291706935,11588914.291706935,0.0,0.0,0.0,0.0,0,-0.15563337657947587,True,False,3008,125
2013-10-07 00:00:00+00:00,11588914.291706935,11588914.291706935,0.0,0.0,0.0,0.0,0,-0.15563337657947587,True,False,3008,125
2013-10-08 00:00:00+00:00,11588914.291706935,11588914.291706935,0.0,0.0,0.0,0.0,0,-0.15563337657947587,True,False,3008,125
2013-10-09 00:00:00+00:00,11588914.291706935,11588914.291706935,0.0,0.0,0.0,0.0,0,-0.15563337657947587,True,False,3008,125
2013-10-10 00:00:00+00:00,11588914.291706935,11588914.291706935,0.0,0.0,0.0,0.0,0,-0.15563337657947587,True,False,3008,125
2013-10-11 00:00:00+00:00,11588914.291706935,11588914.291706935,0.0,0.0,0.0,0.0,0,-0.15563337657947587,True,False,3008,125
2013-10-14 00:00:00+00:00,11588914.291706935,11588914.291706935,0.0,0.0,0.0,0.0,0,-0.15563337657947587,True,False,3008,125
2013-10-15 00:00:00+00:00,11588914.291706935,11588914.291706935,0.0,0.0,0.0,0.0,0,-0.15563337657947587,True,False,3008,125
2013-10-16 00:00:00+00:00,11588914.291706935,11588914.291706935,0.0,0.0,0.0,0.0,0,-0.15563337657947587,True,False,3008,125
2013-10-17 00:00:00+00:00,11588914.291706935,11588914.291706935,0.0,0.0,0.0,0.0,0,-0.15563337657947587,True,False,3008,125
2013-10-18 00:00:00+00:00,11588914.291706935,11588914.291706935,0.0,0.0,0.0,0.0,0,-0.15563337657947587,True,False,3008,125
2013-10-21 00:00:00+00:00,11588914.291706935,11588914.291706935,0.0,0.0,0.0,0.0,0,-0.15563337657947587,True,False,3009,125
2013-10-22 00:00:00+00:00,11588914.291706935,11588914.291706935,0.0,0.0,0.0,0.0,0,-0.15563337657947587,True,False,3009,125
2013-10-23 00:00:00+00:00,11588914.291706935,11588914.291706935,0.0,0.0,0.0,0.0,0,-0.15563337657947587,True,False,3009,125
2013-10-24 00:00:00+00:00,11588914.291706935,11588914.291706935,0.0,0.0,0.0,0.0,0,-0.15563337657947587,True,False,3010,125
2013-10-25 00:00:00+00:00,11588914.291706935,11588914.291706935,0.0,0.0,0.0,0.0,0,-0.15563337657947587,True,False,3010,125
2013-10-28 00:00:00+00:00,11588914.291706935,11588914.291706935,0.0,0.0,0.0,0.0,0,-0.15563337657947587,True,False,3011,125
2013-10-29 00:00:00+00:00,11588914.291706935,11588914.291706935,0.0,0.0,0.0,0.0,0,-0.15563337657947587,True,False,3027,125
2013-10-30 00:00:00+00:00,11588914.291706935,11588914.291706935,0.0,0.0,0.0,0.0,0,-0.15563337657947587,True,False,3027,125
2013-10-31 00:00:00+00:00,11588914.291706935,11588914.291706935,0.0,0.0,0.0,0.0,0,-0.15563337657947587,True,False,3027,125
2013-11-01 00:00:00+00:00,11588914.291706935,11588914.291706935,0.0,0.0,0.0,0.0,0,-0.15563337657947587,True,False,3027,125
2013-11-04 00:00:00+00:00,11588914.291706935,11588914.291706935,0.0,0.0,0.0,0.0,0,-0.15563337657947587,True,False,3027,125
2013-11-05 00:00:00+00:00,11588914.291706935,11588914.291706935,0.0,0.0,0.0,0.0,0,-0.15563337657947587,True,False,3027,125
2013-11-06 00:00:00+00:00,11588914.291706935,11588914.291706935,0.0,0.0,0.0,0.0,0,-0.15563337657947587,True,False,3027,125
2013-11-07 00:00:00+00:00,11588914.291706935,11588914.291706935,0.0,0.0,0.0,0.0,0,-0.15563337657947587,True,False,3027,125
2013-11-08 00:00:00+00:00,11588914.291706935,11588914.291706935,0.0,0.0,0.0,0.0,0,-0.15563337657947587,True,False,3027,125
2013-11-11 00:00:00+00:00,11588914.291706935,11588914.291706935,0.0,0.0,0.0,0.0,0,-0.15563337657947587,True,False,3028,125
2013-11-12 00:00:00+00:00,11588914.291706935,11588914.291706935,0.0,0.0,0.0,0.0,0,-0.15563337657947587,True,False,3028,125
2013-11-13 00:00:00+00:00,11588914.291706935,11588914.291706935,0.0,0.0,0.0,0.0,0,-0.15563337657947587,True,False,3029,125
2013-11-14 00:00:00+00:00,11588914.291706935,11588914.291706935,0.0,0.0,0.0,0.0,0,-0.15563337657947587,True,False,3030,125
2013-11-15 00:00:00+00:00,11588914.291706935,11588914.291706935,0.0,0.0,0.0,0.0,0,-0.15563337657947587,True,False,3030,125
2013-11-18 00:00:00+00:00,11588914.291706935,11588914.291706935,0.0,0.0,0.0,0.0,0,-0.15563337657947587,True,False,3031,125
2013-11-19 00:00:00+00:00,11588914.291706935,11588914.291706935,0.0,0.0,0.0,0.0,0,-0.15563337657947587,True,False,3031,125
2013-11-20 00:00:00+00:00,11588914.291706935,11588914.291706935,0.0,0.0,0.0,0.0,0,-0.15563337657947587,True,False,3033,125
2013-11-21 00:00:00+00:00,11588914.291706935,11588914.291706935,0.0,0.0,0.0,0.0,0,-0.15563337657947587,True,False,3033,125
2013-11-22 00:00:00+00:00,11588914.291706935,11588914.291706935,0.0,0.0,0.0,0.0,0,-0.15563337657947587,True,False,3034,125
2013-11-25 00:00:00+00:00,11588914.291706935,11588914.291706935,0.0,0.0,0.0,0.0,0,-0.15563337657947587,True,False,3035,125
2013-11-26 00:00:00+00:00,11588914.291706935,11588914.291706935,0.0,0.0,0.0,0.0,0,-0.15563337657947587,True,False,3035,125
2013-11-27 00:00:00+00:00,11588914.291706935,11588914.291706935,0.0,0.0,0.0,0.0,0,-0.15563337657947587,True,False,3051,125
2013-11-28 00:00:00+00:00,11588914.291706935,11588914.291706935,0.0,0.0,0.0,0.0,0,-0.15563337657947587,True,False,3051,125
2013-11-29 00:00:00+00:00,11588914.291706935,11588914.291706935,0.0,0.0,0.0,0.0,0,-0.15563337657947587,True,False,3051,125
2013-12-02 00:00:00+00:00,11588914.291706935,11588914.291706935,0.0,0.0,0.0,0.0,0,-0.15563337657947587,True,False,3051,125
2013-12-03 00:00:00+00:00,11588914.291706935,11588914.291706935,0.0,0.0,0.0,0.0,0,-0.15563337657947587,True,False,3051,125
2013-12-04 00:00:00+00:00,11588914.291706935,11588914.291706935,0.0,0.0,0.0,0.0,0,-0.15563337657947587,True,False,3051,125
2013-12-05 00:00:00+00:00,11588914.291706935,11588914.291706935,0.0,0.0,0.0,0.0,0,-0.15563337657947587,True,False,3051,125
2013-12-06 00:00:00+00:00,11588914.291706935,11588914.291706935,0.0,0.0,0.0,0.0,0,-0.15563337657947587,True,False,3051,125
2013-12-09 00:00:00+00:00,11588914.291706935,11588914.291706935,0.0,0.0,0.0,0.0,0,-0.15563337657947587,True,False,3051,125
2013-12-10 00:00:00+00:00,11588914.291706935,11588914.291706935,0.0,0.0,0.0,0.0,0,-0.15563337657947587,True,False,3051,125
2013-12-11 00:00:00+00:00,11588914.291706935,11588914.291706935,0.0,0.0,0.0,0.0,0,-0.15563337657947587,True,False,3051,125
2013-12-12 00:00:00+00:00,11588914.291706935,11588914.291706935,0.0,0.0,0.0,0.0,0,-0.15563337657947587,True,False,3052,125
2013-12-13 00:00:00+00:00,11588914.291706935,11588914.291706935,0.0,0.0,0.0,0.0,0,-0.15563337657947587,True,False,3052,125
2013-12-16 00:00:00+00:00,11588914.291706935,11588914.291706935,0.0,0.0,0.0,0.0,0,-0.15563337657947587,True,False,3053,125
2013-12-17 00:00:00+00:00,11588914.291706935,11588914.291706935,0.0,0.0,0.0,0.0,0,-0.15563337657947587,True,False,3053,125
2013-12-18 00:00:00+00:00,11588914.291706935,11588914.291706935,0.0,0.0,0.0,0.0,0,-0.15563337657947587,True,False,3053,125
2013-12-19 00:00:00+00:00,11588914.291706935,11588914.291706935,0.0,0.0,0.0,0.0,0,-0.15563337657947587,True,False,3054,125
2013-12-20 00:00:00+00:00,11588914.291706935,11588914.291706935,0.0,0.0,0.0,0.0,0,-0.15563337657947587,True,False,3054,125
2013-12-23 00:00:00+00:00,11588914.291706935,11588914.291706935,0.0,0.0,0.0,0.0,0,-0.15563337657947587,True,False,3054,125
2013-12-24 00:00:00+00:00,11588914.291706935,11588914.291706935,0.0,0.0,0.0,0.0,0,-0.15563337657947587,True,False,3054,125
2013-12-26 00:00:00+00:00,11588914.291706935,11588914.291706935,0.0,0.0,0.0,0.0,0,-0.15563337657947587,True,False,3054,125
2013-12-27 00:00:00+00:00,11588914.291706935,11588914.291706935,0.0,0.0,0.0,0.0,0,-0.15563337657947587,True,False,3070,125
2013-12-30 00:00:00+00:00,11588914.291706935,11588914.291706935,0.0,0.0,0.0,0.0,0,-0.15563337657947587,True,False,3070,125
2013-12-31 00:00:00+00:00,11588914.291706935,11588914.291706935,0.0,0.0,0.0,0.0,0,-0.15563337657947587,True,False,3070,125
2014-01-01 00:00:00+00:00,11588914.291706935,11588914.291706935,0.0,0.0,0.0,0.0,0,-0.15563337657947587,True,False,3070,125
2014-01-02 00:00:00+00:00,11588914.291706935,11588914.291706935,0.0,0.0,0.0,0.0,0,-0.15563337657947587,True,False,3070,125
2014-01-03 00:00:00+00:00,11588914.291706935,11588914.291706935,0.0,0.0,0.0,0.0,0,-0.15563337657947587,True,False,3070,125
2014-01-06 00:00:00+00:00,11588914.291706935,11588914.291706935,0.0,0.0,0.0,0.0,0,-0.15563337657947587,True,False,3070,125
2014-01-07 00:00:00+00:00,11588914.291706935,11588914.291706935,0.0,0.0,0.0,0.0,0,-0.15563337657947587,True,False,3071,125
2014-01-08 00:00:00+00:00,11588914.291706935,11588914.291706935,0.0,0.0,0.0,0.0,0,-0.15563337657947587,True,False,3074,125
2014-01-09 00:00:00+00:00,11588914.291706935,11588914.291706935,0.0,0.0,0.0,0.0,0,-0.15563337657947587,True,False,3076,125
2014-01-10 00:00:00+00:00,11588914.291706935,11588914.291706935,0.0,0.0,0.0,0.0,0,-0.15563337657947587,True,False,3084,125
2014-01-13 00:00:00+00:00,11588914.291706935,11588914.291706935,0.0,0.0,0.0,0.0,0,-0.15563337657947587,True,False,3084,125
2014-01-14 00:00:00+00:00,11588914.291706935,11588914.291706935,0.0,0.0,0.0,0.0,0,-0.15563337657947587,True,False,3085,125
2014-01-15 00:00:00+00:00,11588914.291706935,11588914.291706935,0.0,0.0,0.0,0.0,0,-0.15563337657947587,True,False,3085,125
2014-01-16 00:00:00+00:00,11588914.291706935,11588914.291706935,0.0,0.0,0.0,0.0,0,-0.15563337657947587,True,False,3085,125
2014-01-17 00:00:00+00:00,11588914.291706935,11588914.291706935,0.0,0.0,0.0,0.0,0,-0.15563337657947587,True,False,3085,125
2014-01-20 00:00:00+00:00,11588914.291706935,11588914.291706935,0.0,0.0,0.0,0.0,0,-0.15563337657947587,True,False,3085,125
2014-01-21 00:00:00+00:00,11588914.291706935,11588914.291706935,0.0,0.0,0.0,0.0,0,-0.15563337657947587,True,False,3086,125
2014-01-22 00:00:00+00:00,11588914.291706935,11588914.291706935,0.0,0.0,0.0,0.0,0,-0.15563337657947587,True,False,3086,125
2014-01-23 00:00:00+00:00,11588914.291706935,11588914.291706935,0.0,0.0,0.0,0.0,0,-0.15563337657947587,True,False,3086,125
2014-01-24 00:00:00+00:00,11588914.291706935,11588914.291706935,0.0,0.0,0.0,0.0,0,-0.15563337657947587,True,False,3087,125
2014-01-27 00:00:00+00:00,11588914.291706935,11588914.291706935,0.0,0.0,0.0,0.0,0,-0.15563337657947587,True,False,3107,125
2014-01-28 00:00:00+00:00,11588914.291706935,11588914.291706935,0.0,0.0,0.0,0.0,0,-0.15563337657947587,True,False,3110,125
2014-01-29 00:00:00+00:00,11588914.291706935,11588914.291706935,0.0,0.0,0.0,0.0,0,-0.15563337657947587,True,False,3113,125
2014-01-30 00:00:00+00:00,11588914.291706935,11588914.291706935,0.0,0.0,0.0,0.0,0,-0.15563337657947587,True,False,3120,125
2014-01-31 00:00:00+00:00,11588914.291706935,11588914.291706935,0.0,0.0,0.0,0.0,0,-0.15563337657947587,True,False,3121,125
2014-02-03 00:00:00+00:00,11588914.291706935,11588914.291706935,0.0,0.0,0.0,0.0,0,-0.15563337657947587,True,False,3125,125
2014-02-04 00:00:00+00:00,11588914.291706935,11588914.291706935,0.0,0.0,0.0,0.0,0,-0.15563337657947587,True,False,3125,125
2014-02-05 00:00:00+00:00,11588914.291706935,11588914.291706935,0.0,0.0,0.0,0.0,0,-0.15563337657947587,True,False,3125,125
2014-02-06 00:00:00+00:00,11588914.291706935,11588914.291706935,0.0,0.0,0.0,0.0,0,-0.15563337657947587,True,False,3125,125
2014-02-07 00:00:00+00:00,11588914.291706935,11588914.291706935,0.0,0.0,0.0,0.0,0,-0.15563337657947587,True,False,3125,125
2014-02-10 00:00:00+00:00,11588914.291706935,11588914.291706935,0.0,0.0,0.0,0.0,0,-0.15563337657947587,True,False,3125,125
2014-02-11 00:00:00+00:00,11588914.291706935,11588914.291706935,0.0,0.0,0.0,0.0,0,-0.15563337657947587,True,False,3125,125
2014-02-12 00:00:00+00:00,11588914.291706935,11588914.291706935,0.0,0.0,0.0,0.0,0,-0.15563337657947587,True,False,3125,125
2014-02-13 00:00:00+00:00,11588914.291706935,11588914.291706935,0.0,0.0,0.0,0.0,0,-0.15563337657947587,True,False,3125,125
2014-02-14 00:00:00+00:00,11588914.291706935,11588914.291706935,0.0,0.0,0.0,0.0,0,-0.15563337657947587,True,False,3126,125
2014-02-17 00:00:00+00:00,11588914.291706935,11588914.291706935,0.0,0.0,0.0,0.0,0,-0.15563337657947587,True,False,3127,125
2014-02-18 00:00:00+00:00,11588914.291706935,11588914.291706935,0.0,0.0,0.0,0.0,0,-0.15563337657947587,True,False,3127,125
2014-02-19 00:00:00+00:00,11588914.291706935,11588914.291706935,0.0,0.0,0.0,0.0,0,-0.15563337657947587,True,False,3127,125
2014-02-20 00:00:00+00:00,11588914.291706935,11588914.291706935,0.0,0.0,0.0,0.0,0,-0.15563337657947587,True,False,3128,125
2014-02-21 00:00:00+00:00,11588914.291706935,11588914.291706935,0.0,0.0,0.0,0.0,0,-0.15563337657947587,True,False,3128,125
2014-02-24 00:00:00+00:00,11588914.291706935,11588914.291706935,0.0,0.0,0.0,0.0,0,-0.15563337657947587,True,False,3128,125
2014-02-25 00:00:00+00:00,11588914.291706935,11588914.291706935,0.0,0.0,0.0,0.0,0,-0.15563337657947587,True,False,3145,125
2014-02-26 00:00:00+00:00,11588914.291706935,11588914.291706935,0.0,0.0,0.0,0.0,0,-0.15563337657947587,True,False,3145,125
2014-02-27 00:00:00+00:00,11588914.291706935,11588914.291706935,0.0,0.0,0.0,0.0,0,-0.15563337657947587,True,False,3145,125
2014-02-28 00:00:00+00:00,11588914.291706935,11588914.291706935,0.0,0.0,0.0,0.0,0,-0.15563337657947587,True,False,3146,125
2014-03-03 00:00:00+00:00,11588914.291706935,11588914.291706935,0.0,0.0,0.0,0.0,0,-0.15563337657947587,True,False,3147,125
2014-03-04 00:00:00+00:00,11588914.291706935,11588914.291706935,0.0,0.0,0.0,0.0,0,-0.15563337657947587,True,False,3147,125
2014-03-05 00:00:00+00:00,11588914.291706935,11588914.291706935,0.0,0.0,0.0,0.0,0,-0.15563337657947587,True,False,3147,125
2014-03-06 00:00:00+00:00,11588914.291706935,11588914.291706935,0.0,0.0,0.0,0.0,0,-0.15563337657947587,True,False,3147,125
2014-03-07 00:00:00+00:00,11588914.291706935,11588914.291706935,0.0,0.0,0.0,0.0,0,-0.15563337657947587,True,False,3147,125
2014-03-10 00:00:00+00:00,11588914.291706935,11588914.291706935,0.0,0.0,0.0,0.0,0,-0.15563337657947587,True,False,3148,125
2014-03-11 00:00:00+00:00,11588914.291706935,11588914.291706935,0.0,0.0,0.0,0.0,0,-0.15563337657947587,True,False,3150,125
2014-03-12 00:00:00+00:00,11588914.291706935,11588914.291706935,0.0,0.0,0.0,0.0,0,-0.15563337657947587,True,False,3150,125
2014-03-13 00:00:00+00:00,11588914.291706935,11588914.291706935,0.0,0.0,0.0,0.0,0,-0.15563337657947587,True,False,3151,125
2014-03-14 00:00:00+00:00,11588914.291706935,11588914.291706935,0.0,0.0,0.0,0.0,0,-0.15563337657947587,True,False,3151,125
2014-03-17 00:00:00+00:00,11588914.291706935,11588914.291706935,0.0,0.0,0.0,0.0,0,-0.15563337657947587,True,False,3151,125
2014-03-18 00:00:00+00:00,11588914.291706935,11588914.291706935,0.0,0.0,0.0,0.0,0,-0.15563337657947587,True,False,3151,125
2014-03-19 00:00:00+00:00,11588914.291706935,11588914.291706935,0.0,0.0,0.0,0.0,0,-0.15563337657947587,True,False,3151,125
2014-03-20 00:00:00+00:00,11588914.291706935,11588914.291706935,0.0,0.0,0.0,0.0,0,-0.15563337657947587,True,False,3151,125
2014-03-21 00:00:00+00:00,11588914.291706935,11588914.291706935,0.0,0.0,0.0,0.0,0,-0.15563337657947587,True,False,3151,125
2014-03-24 00:00:00+00:00,11588914.291706935,11588914.291706935,0.0,0.0,0.0,0.0,0,-0.15563337657947587,True,False,3152,125
2014-03-25 00:00:00+00:00,11588914.291706935,11588914.291706935,0.0,0.0,0.0,0.0,0,-0.15563337657947587,True,False,3152,125
2014-03-26 00:00:00+00:00,11588914.291706935,11588914.291706935,0.0,0.0,0.0,0.0,0,-0.15563337657947587,True,False,3168,125
2014-03-27 00:00:00+00:00,11588914.291706935,11588914.291706935,0.0,0.0,0.0,0.0,0,-0.15563337657947587,True,False,3169,125
2014-03-28 00:00:00+00:00,11588914.291706935,11588914.291706935,0.0,0.0,0.0,0.0,0,-0.15563337657947587,True,False,3169,125
2014-03-31 00:00:00+00:00,11588914.291706935,11588914.291706935,0.0,0.0,0.0,0.0,0,-0.15563337657947587,True,False,3169,125
2014-04-01 00:00:00+00:00,11588914.291706935,11588914.291706935,0.0,0.0,0.0,0.0,0,-0.15563337657947587,True,False,3169,125
2014-04-02 00:00:00+00:00,11588914.291706935,11588914.291706935,0.0,0.0,0.0,0.0,0,-0.15563337657947587,True,False,3169,125
2014-04-03 00:00:00+00:00,11588914.291706935,11588914.291706935,0.0,0.0,0.0,0.0,0,-0.15563337657947587,True,False,3169,125
2014-04-04 00:00:00+00:00,11588914.291706935,11588914.291706935,0.0,0.0,0.0,0.0,0,-0.15563337657947587,True,False,3169,125
2014-04-07 00:00:00+00:00,11588914.291706935,11588914.291706935,0.0,0.0,0.0,0.0,0,-0.15563337657947587,True,False,3169,125
2014-04-08 00:00:00+00:00,11588914.291706935,11588914.291706935,0.0,0.0,0.0,0.0,0,-0.15563337657947587,True,False,3169,125
2014-04-09 00:00:00+00:00,11588914.291706935,11588914.291706935,0.0,0.0,0.0,0.0,0,-0.15563337657947587,True,False,3169,125
2014-04-10 00:00:00+00:00,11588914.291706935,11588914.291706935,0.0,0.0,0.0,0.0,0,-0.15563337657947587,True,False,3171,125
2014-04-11 00:00:00+00:00,11588914.291706935,11588914.291706935,0.0,0.0,0.0,0.0,0,-0.15563337657947587,True,False,3171,125
2014-04-14 00:00:00+00:00,11588914.291706935,11588914.291706935,0.0,0.0,0.0,0.0,0,-0.15563337657947587,True,False,3171,125
2014-04-15 00:00:00+00:00,11588914.291706935,11588914.291706935,0.0,0.0,0.0,0.0,0,-0.15563337657947587,True,False,3171,125
2014-04-16 00:00:00+00:00,11588914.291706935,11588914.291706935,0.0,0.0,0.0,0.0,0,-0.15563337657947587,True,False,3172,125
2014-04-17 00:00:00+00:00,11588914.291706935,11588914.291706935,0.0,0.0,0.0,0.0,0,-0.15563337657947587,True,False,3172,125
2014-04-21 00:00:00+00:00,11588914.291706935,11588914.291706935,0.0,0.0,0.0,0.0,0,-0.15563337657947587,True,False,3172,125
2014-04-22 00:00:00+00:00,11588914.291706935,11588914.291706935,0.0,0.0,0.0,0.0,0,-0.15563337657947587,True,False,3172,125
2014-04-23 00:00:00+00:00,11588914.291706935,11588914.291706935,0.0,0.0,0.0,0.0,0,-0.15563337657947587,True,False,3172,125
2014-04-24 00:00:00+00:00,11588914.291706935,11588914.291706935,0.0,0.0,0.0,0.0,0,-0.15563337657947587,True,False,3172,125
2014-04-25 00:00:00+00:00,11588914.291706935,11588914.291706935,0.0,0.0,0.0,0.0,0,-0.15563337657947587,True,False,3188,125
2014-04-28 00:00:00+00:00,11588914.291706935,11588914.291706935,0.0,0.0,0.0,0.0,0,-0.15563337657947587,True,False,3188,125
2014-04-29 00:00:00+00:00,11588914.291706935,11588914.291706935,0.0,0.0,0.0,0.0,0,-0.15563337657947587,True,False,3188,125
2014-04-30 00:00:00+00:00,11588914.291706935,11588914.291706935,0.0,0.0,0.0,0.0,0,-0.15563337657947587,True,False,3190,125
2014-05-01 00:00:00+00:00,11588914.291706935,11588914.291706935,0.0,0.0,0.0,0.0,0,-0.15563337657947587,True,False,3190,125
2014-05-02 00:00:00+00:00,11588914.291706935,11588914.291706935,0.0,0.0,0.0,0.0,0,-0.15563337657947587,True,False,3190,125
2014-05-05 00:00:00+00:00,11588914.291706935,11588914.291706935,0.0,0.0,0.0,0.0,0,-0.15563337657947587,True,False,3191,125
2014-05-06 00:00:00+00:00,11588914.291706935,11588914.291706935,0.0,0.0,0.0,0.0,0,-0.15563337657947587,True,False,3191,125
2014-05-07 00:00:00+00:00,11588914.291706935,11588914.291706935,0.0,0.0,0.0,0.0,0,-0.15563337657947587,True,False,3191,125
2014-05-08 00:00:00+00:00,11588914.291706935,11588914.291706935,0.0,0.0,0.0,0.0,0,-0.15563337657947587,True,False,3193,125
2014-05-09 00:00:00+00:00,11588914.291706935,11588914.291706935,0.0,0.0,0.0,0.0,0,-0.15563337657947587,True,False,3193,125
2014-05-12 00:00:00+00:00,11588914.291706935,11588914.291706935,0.0,0.0,0.0,0.0,0,-0.15563337657947587,True,False,3193,125
2014-05-13 00:00:00+00:00,11588914.291706935,11588914.291706935,0.0,0.0,0.0,0.0,0,-0.15563337657947587,True,False,3193,125
2014-05-14 00:00:00+00:00,11588914.291706935,11588914.291706935,0.0,0.0,0.0,0.0,0,-0.15563337657947587,True,False,3193,125
2014-05-15 00:00:00+00:00,11588914.291706935,11588914.291706935,0.0,0.0,0.0,0.0,0,-0.15563337657947587,True,False,3194,125
2014-05-16 00:00:00+00:00,11588914.291706935,11588914.291706935,0.0,0.0,0.0,0.0,0,-0.15563337657947587,True,False,3196,125
2014-05-19 00:00:00+00:00,11588914.291706935,11588914.291706935,0.0,0.0,0.0,0.0,0,-0.15563337657947587,True,False,3198,125
2014-05-20 00:00:00+00:00,11588914.291706935,11588914.291706935,0.0,0.0,0.0,0.0,0,-0.15563337657947587,True,False,3199,125
2014-05-21 00:00:00+00:00,11588914.291706935,11588914.291706935,0.0,0.0,0.0,0.0,0,-0.15563337657947587,True,False,3199,125
2014-05-22 00:00:00+00:00,11588914.291706935,11588914.291706935,0.0,0.0,0.0,0.0,0,-0.15563337657947587,True,False,3199,125
2014-05-23 00:00:00+00:00,11588914.291706935,11588914.291706935,0.0,0.0,0.0,0.0,0,-0.15563337657947587,True,False,3199,125
2014-05-26 00:00:00+00:00,11588914.291706935,11588914.291706935,0.0,0.0,0.0,0.0,0,-0.15563337657947587,True,False,3214,125
2014-05-27 00:00:00+00:00,11588914.291706935,11588914.291706935,0.0,0.0,0.0,0.0,0,-0.15563337657947587,True,False,3214,125
2014-05-28 00:00:00+00:00,11588914.291706935,11588914.291706935,0.0,0.0,0.0,0.0,0,-0.15563337657947587,True,False,3214,125
2014-05-29 00:00:00+00:00,11588914.291706935,11588914.291706935,0.0,0.0,0.0,0.0,0,-0.15563337657947587,True,False,3214,125
2014-05-30 00:00:00+00:00,11588914.291706935,11588914.291706935,0.0,0.0,0.0,0.0,0,-0.15563337657947587,True,False,3214,125
2014-06-02 00:00:00+00:00,11588914.291706935,11588914.291706935,0.0,0.0,0.0,0.0,0,-0.15563337657947587,True,False,3214,125
2014-06-03 00:00:00+00:00,11588914.291706935,11588914.291706935,0.0,0.0,0.0,0.0,0,-0.15563337657947587,True,False,3214,125
2014-06-04 00:00:00+00:00,11588914.291706935,11588914.291706935,0.0,0.0,0.0,0.0,0,-0.15563337657947587,True,False,3214,125
2014-06-05 00:00:00+00:00,11588914.291706935,11588914.291706935,0.0,0.0,0.0,0.0,0,-0.15563337657947587,True,False,3214,125
2014-06-06 00:00:00+00:00,11588914.291706935,11588914.291706935,0.0,0.0,0.0,0.0,0,-0.15563337657947587,True,False,3214,125
2014-06-09 00:00:00+00:00,11588914.291706935,11588914.291706935,0.0,0.0,0.0,0.0,0,-0.15563337657947587,True,False,3214,125
2014-06-10 00:00:00+00:00,11588914.291706935,11588914.291706935,0.0,0.0,0.0,0.0,0,-0.15563337657947587,True,False,3214,125
2014-06-11 00:00:00+00:00,11588914.291706935,11588914.291706935,0.0,0.0,0.0,0.0,0,-0.15563337657947587,True,False,3214,125
2014-06-12 00:00:00+00:00,11588914.291706935,11588914.291706935,0.0,0.0,0.0,0.0,0,-0.15563337657947587,True,False,3214,125
2014-06-13 00:00:00+00:00,11588914.291706935,11588914.291706935,0.0,0.0,0.0,0.0,0,-0.15563337657947587,True,False,3214,125
2014-06-16 00:00:00+00:00,11588914.291706935,11588914.291706935,0.0,0.0,0.0,0.0,0,-0.15563337657947587,True,False,3214,125
2014-06-17 00:00:00+00:00,11588914.291706935,11588914.291706935,0.0,0.0,0.0,0.0,0,-0.15563337657947587,True,False,3214,125
2014-06-18 00:00:00+00:00,11588914.291706935,11588914.291706935,0.0,0.0,0.0,0.0,0,-0.15563337657947587,True,False,3214,125
2014-06-19 00:00:00+00:00,11588914.291706935,11588914.291706935,0.0,0.0,0.0,0.0,0,-0.15563337657947587,True,False,3214,125
2014-06-20 00:00:00+00:00,11588914.291706935,11588914.291706935,0.0,0.0,0.0,0.0,0,-0.15563337657947587,True,False,3214,125
2014-06-23 00:00:00+00:00,11588914.291706935,11588914.291706935,0.0,0.0,0.0,0.0,0,-0.15563337657947587,True,False,3215,125
2014-06-24 00:00:00+00:00,11588914.291706935,11588914.291706935,0.0,0.0,0.0,0.0,0,-0.15563337657947587,True,False,3231,125
2014-06-25 00:00:00+00:00,11588914.291706935,11588914.291706935,0.0,0.0,0.0,0.0,0,-0.15563337657947587,True,False,3231,125
2014-06-26 00:00:00+00:00,11588914.291706935,11588914.291706935,0.0,0.0,0.0,0.0,0,-0.15563337657947587,True,False,3231,125
2014-06-27 00:00:00+00:00,11588914.291706935,11588914.291706935,0.0,0.0,0.0,0.0,0,-0.15563337657947587,True,False,3231,125
2014-06-30 00:00:00+00:00,11588914.291706935,11588914.291706935,0.0,0.0,0.0,0.0,0,-0.15563337657947587,True,False,3232,125
2014-07-01 00:00:00+00:00,11588914.291706935,11588914.291706935,0.0,0.0,0.0,0.0,0,-0.15563337657947587,True,False,3232,125
2014-07-02 00:00:00+00:00,11588914.291706935,11588914.291706935,0.0,0.0,0.0,0.0,0,-0.15563337657947587,True,False,3232,125
2014-07-03 00:00:00+00:00,11588914.291706935,11588914.291706935,0.0,0.0,0.0,0.0,0,-0.15563337657947587,True,False,3232,125
2014-07-04 00:00:00+00:00,11588914.291706935,11588914.291706935,0.0,0.0,0.0,0.0,0,-0.15563337657947587,True,False,3232,125
2014-07-07 00:00:00+00:00,11588914.291706935,11588914.291706935,0.0,0.0,0.0,0.0,0,-0.15563337657947587,True,False,3234,125
2014-07-08 00:00:00+00:00,11588914.291706935,11588914.291706935,0.0,0.0,0.0,0.0,0,-0.15563337657947587,True,False,3234,125
2014-07-09 00:00:00+00:00,11588914.291706935,11588914.291706935,0.0,0.0,0.0,0.0,0,-0.15563337657947587,True,False,3234,125
2014-07-10 00:00:00+00:00,11588914.291706935,11588914.291706935,0.0,0.0,0.0,0.0,0,-0.15563337657947587,True,False,3235,125
2014-07-11 00:00:00+00:00,11588914.291706935,11588914.291706935,0.0,0.0,0.0,0.0,0,-0.15563337657947587,True,False,3245,125
2014-07-14 00:00:00+00:00,11588914.291706935,11588914.291706935,0.0,0.0,0.0,0.0,0,-0.15563337657947587,True,False,3245,125
2014-07-15 00:00:00+00:00,11588914.291706935,11588914.291706935,0.0,0.0,0.0,0.0,0,-0.15563337657947587,True,False,3245,125
2014-07-16 00:00:00+00:00,11588914.291706935,11588914.291706935,0.0,0.0,0.0,0.0,0,-0.15563337657947587,True,False,3245,125
2014-07-17 00:00:00+00:00,11588914.291706935,11588914.291706935,0.0,0.0,0.0,0.0,0,-0.15563337657947587,True,False,3245,125
2014-07-18 00:00:00+00:00,11588914.291706935,11588914.291706935,0.0,0.0,0.0,0.0,0,-0.15563337657947587,True,False,3245,125
2014-07-21 00:00:00+00:00,11588914.291706935,11588914.291706935,0.0,0.0,0.0,0.0,0,-0.15563337657947587,True,False,3245,125
2014-07-22 00:00:00+00:00,11588914.291706935,11588914.291706935,0.0,0.0,0.0,0.0,0,-0.15563337657947587,True,False,3245,125
2014-07-23 00:00:00+00:00,11588914.291706935,11588914.291706935,0.0,0.0,0.0,0.0,0,-0.15563337657947587,True,False,3261,125
2014-07-24 00:00:00+00:00,11588914.291706935,11588914.291706935,0.0,0.0,0.0,0.0,0,-0.15563337657947587,True,False,3261,125
2014-07-25 00:00:00+00:00,11588914.291706935,11588914.291706935,0.0,0.0,0.0,0.0,0,-0.15563337657947587,True,False,3261,125
2014-07-28 00:00:00+00:00,11588914.291706935,11588914.291706935,0.0,0.0,0.0,0.0,0,-0.15563337657947587,True,False,3262,125
2014-07-29 00:00:00+00:00,11588914.291706935,11588914.291706935,0.0,0.0,0.0,0.0,0,-0.15563337657947587,True,False,3262,125
2014-07-30 00:00:00+00:00,11588914.291706935,11588914.291706935,0.0,0.0,0.0,0.0,0,-0.15563337657947587,True,False,3262,125
2014-07-31 00:00:00+00:00,11588914.291706935,11588914.291706935,0.0,0.0,0.0,0.0,0,-0.15563337657947587,True,False,3263,125
2014-08-01 00:00:00+00:00,11588914.291706935,11588914.291706935,0.0,0.0,0.0,0.0,0,-0.15563337657947587,True,False,3264,125
2014-08-04 00:00:00+00:00,11588914.291706935,11588914.291706935,0.0,0.0,0.0,0.0,0,-0.15563337657947587,True,False,3264,125
2014-08-05 00:00:00+00:00,11588914.291706935,11588914.291706935,0.0,0.0,0.0,0.0,0,-0.15563337657947587,True,False,3266,125
2014-08-06 00:00:00+00:00,11588914.291706935,11588914.291706935,0.0,0.0,0.0,0.0,0,-0.15563337657947587,True,False,3266,125
2014-08-07 00:00:00+00:00,11588914.291706935,11588914.291706935,0.0,0.0,0.0,0.0,0,-0.15563337657947587,True,False,3266,125
2014-08-08 00:00:00+00:00,11588914.291706935,11588914.291706935,0.0,0.0,0.0,0.0,0,-0.15563337657947587,True,False,3270,125
2014-08-11 00:00:00+00:00,11588914.291706935,11588914.291706935,0.0,0.0,0.0,0.0,0,-0.15563337657947587,True,False,3270,125
2014-08-12 00:00:00+00:00,11588914.291706935,11588914.291706935,0.0,0.0,0.0,0.0,0,-0.15563337657947587,True,False,3270,125
2014-08-13 00:00:00+00:00,11588914.291706935,11588914.291706935,0.0,0.0,0.0,0.0,0,-0.15563337657947587,True,False,3271,125
2014-08-14 00:00:00+00:00,11588914.291706935,11588914.291706935,0.0,0.0,0.0,0.0,0,-0.15563337657947587,True,False,3271,125
2014-08-15 00:00:00+00:00,11588914.291706935,11588914.291706935,0.0,0.0,0.0,0.0,0,-0.15563337657947587,True,False,3271,125
2014-08-18 00:00:00+00:00,11588914.291706935,11588914.291706935,0.0,0.0,0.0,0.0,0,-0.15563337657947587,True,False,3271,125
2014-08-19 00:00:00+00:00,11588914.291706935,11588914.291706935,0.0,0.0,0.0,0.0,0,-0.15563337657947587,True,False,3271,125
2014-08-20 00:00:00+00:00,11588914.291706935,11588914.291706935,0.0,0.0,0.0,0.0,0,-0.15563337657947587,True,False,3271,125
2014-08-21 00:00:00+00:00,11588914.291706935,11588914.291706935,0.0,0.0,0.0,0.0,0,-0.15563337657947587,True,False,3287,125
2014-08-22 00:00:00+00:00,11588914.291706935,11588914.291706935,0.0,0.0,0.0,0.0,0,-0.15563337657947587,True,False,3287,125
2014-08-25 00:00:00+00:00,11588914.291706935,11588914.291706935,0.0,0.0,0.0,0.0,0,-0.15563337657947587,True,False,3287,125
2014-08-26 00:00:00+00:00,11588914.291706935,11588914.291706935,0.0,0.0,0.0,0.0,0,-0.15563337657947587,True,False,3288,125
2014-08-27 00:00:00+00:00,11588914.291706935,11588914.291706935,0.0,0.0,0.0,0.0,0,-0.15563337657947587,True,False,3288,125
2014-08-28 00:00:00+00:00,11588914.291706935,11588914.291706935,0.0,0.0,0.0,0.0,0,-0.15563337657947587,True,False,3290,125
2014-08-29 00:00:00+00:00,11588914.291706935,11588914.291706935,0.0,0.0,0.0,0.0,0,-0.15563337657947587,True,False,3290,125
2014-09-01 00:00:00+00:00,11588914.291706935,11588914.291706935,0.0,0.0,0.0,0.0,0,-0.15563337657947587,True,False,3290,125
2014-09-02 00:00:00+00:00,11588914.291706935,11588914.291706935,0.0,0.0,0.0,0.0,0,-0.15563337657947587,True,False,3290,125
2014-09-03 00:00:00+00:00,11588914.291706935,11588914.291706935,0.0,0.0,0.0,0.0,0,-0.15563337657947587,True,False,3290,125
2014-09-04 00:00:00+00:00,11588914.291706935,11588914.291706935,0.0,0.0,0.0,0.0,0,-0.15563337657947587,True,False,3290,125
2014-09-05 00:00:00+00:00,11588914.291706935,11588914.291706935,0.0,0.0,0.0,0.0,0,-0.15563337657947587,True,False,3290,125
2014-09-08 00:00:00+00:00,11588914.291706935,11588914.291706935,0.0,0.0,0.0,0.0,0,-0.15563337657947587,True,False,3290,125
2014-09-09 00:00:00+00:00,11588914.291706935,11588914.291706935,0.0,0.0,0.0,0.0,0,-0.15563337657947587,True,False,3290,125
2014-09-10 00:00:00+00:00,11588914.291706935,11588914.291706935,0.0,0.0,0.0,0.0,0,-0.15563337657947587,True,False,3290,125
2014-09-11 00:00:00+00:00,11588914.291706935,11588914.291706935,0.0,0.0,0.0,0.0,0,-0.15563337657947587,True,False,3290,125
2014-09-12 00:00:00+00:00,11588914.291706935,11588914.291706935,0.0,0.0,0.0,0.0,0,-0.15563337657947587,True,False,3290,125
2014-09-15 00:00:00+00:00,11588914.291706935,11588914.291706935,0.0,0.0,0.0,0.0,0,-0.15563337657947587,True,False,3291,125
2014-09-16 00:00:00+00:00,11588914.291706935,11588914.291706935,0.0,0.0,0.0,0.0,0,-0.15563337657947587,True,False,3291,125
2014-09-17 00:00:00+00:00,11588914.291706935,11588914.291706935,0.0,0.0,0.0,0.0,0,-0.15563337657947587,True,False,3291,125
2014-09-18 00:00:00+00:00,11588914.291706935,11588914.291706935,0.0,0.0,0.0,0.0,0,-0.15563337657947587,True,False,3291,125
2014-09-19 00:00:00+00:00,11588914.291706935,11588914.291706935,0.0,0.0,0.0,0.0,0,-0.15563337657947587,True,False,3308,125
2014-09-22 00:00:00+00:00,11588914.291706935,11588914.291706935,0.0,0.0,0.0,0.0,0,-0.15563337657947587,True,False,3309,125
2014-09-23 00:00:00+00:00,11588914.291706935,11588914.291706935,0.0,0.0,0.0,0.0,0,-0.15563337657947587,True,False,3311,125
2014-09-24 00:00:00+00:00,11588914.291706935,11588914.291706935,0.0,0.0,0.0,0.0,0,-0.15563337657947587,True,False,3311,125
2014-09-25 00:00:00+00:00,11588914.291706935,11588914.291706935,0.0,0.0,0.0,0.0,0,-0.15563337657947587,True,False,3315,125
2014-09-26 00:00:00+00:00,11588914.291706935,11588914.291706935,0.0,0.0,0.0,0.0,0,-0.15563337657947587,True,False,3315,125
2014-09-29 00:00:00+00:00,11588914.291706935,11588914.291706935,0.0,0.0,0.0,0.0,0,-0.15563337657947587,True,False,3315,125
2014-09-30 00:00:00+00:00,11588914.291706935,11588914.291706935,0.0,0.0,0.0,0.0,0,-0.15563337657947587,True,False,3315,125
2014-10-01 00:00:00+00:00,11588914.291706935,11588914.291706935,0.0,0.0,0.0,0.0,0,-0.15563337657947587,True,False,3315,125
2014-10-02 00:00:00+00:00,11588914.291706935,11588914.291706935,0.0,0.0,0.0,0.0,0,-0.15563337657947587,True,False,3315,125
2014-10-03 00:00:00+00:00,11588914.291706935,11588914.291706935,0.0,0.0,0.0,0.0,0,-0.15563337657947587,True,False,3315,125
2014-10-06 00:00:00+00:00,11588914.291706935,11588914.291706935,0.0,0.0,0.0,0.0,0,-0.15563337657947587,True,False,3315,125
2014-10-07 00:00:00+00:00,11588914.291706935,11588914.291706935,0.0,0.0,0.0,0.0,0,-0.15563337657947587,True,False,3317,125
2014-10-08 00:00:00+00:00,11588914.291706935,11588914.291706935,0.0,0.0,0.0,0.0,0,-0.15563337657947587,True,False,3317,125
2014-10-09 00:00:00+00:00,11588914.291706935,11588914.291706935,0.0,0.0,0.0,0.0,0,-0.15563337657947587,True,False,3317,125
2014-10-10 00:00:00+00:00,11588914.291706935,11588914.291706935,0.0,0.0,0.0,0.0,0,-0.15563337657947587,True,False,3318,125
2014-10-13 00:00:00+00:00,11588914.291706935,11588914.291706935,0.0,0.0,0.0,0.0,0,-0.15563337657947587,True,False,3319,125
2014-10-14 00:00:00+00:00,11588914.291706935,11588914.291706935,0.0,0.0,0.0,0.0,0,-0.15563337657947587,True,False,3323,125
2014-10-15 00:00:00+00:00,11588914.291706935,11588914.291706935,0.0,0.0,0.0,0.0,0,-0.15563337657947587,True,False,3323,125
2014-10-16 00:00:00+00:00,11588914.291706935,11588914.291706935,0.0,0.0,0.0,0.0,0,-0.15563337657947587,True,False,3326,125
2014-10-17 00:00:00+00:00,11588914.291706935,11588914.291706935,0.0,0.0,0.0,0.0,0,-0.15563337657947587,True,False,3327,125
2014-10-20 00:00:00+00:00,11588914.291706935,11588914.291706935,0.0,0.0,0.0,0.0,0,-0.15563337657947587,True,False,3343,125
2014-10-21 00:00:00+00:00,11588914.291706935,11588914.291706935,0.0,0.0,0.0,0.0,0,-0.15563337657947587,True,False,3343,125
2014-10-22 00:00:00+00:00,11588914.291706935,11588914.291706935,0.0,0.0,0.0,0.0,0,-0.15563337657947587,True,False,3343,125
2014-10-23 00:00:00+00:00,11588914.291706935,11588914.291706935,0.0,0.0,0.0,0.0,0,-0.15563337657947587,True,False,3343,125
2014-10-24 00:00:00+00:00,11588914.291706935,11588914.291706935,0.0,0.0,0.0,0.0,0,-0.15563337657947587,True,False,3343,125
2014-10-27 00:00:00+00:00,11588914.291706935,11588914.291706935,0.0,0.0,0.0,0.0,0,-0.15563337657947587,True,False,3343,125
2014-10-28 00:00:00+00:00,11588914.291706935,11588914.291706935,0.0,0.0,0.0,0.0,0,-0.15563337657947587,True,False,3343,125
2014-10-29 00:00:00+00:00,11588914.291706935,11588914.291706935,0.0,0.0,0.0,0.0,0,-0.15563337657947587,True,False,3343,125
2014-10-30 00:00:00+00:00,11588914.291706935,11588914.291706935,0.0,0.0,0.0,0.0,0,-0.15563337657947587,True,False,3343,125
2014-10-31 00:00:00+00:00,11588914.291706935,11588914.291706935,0.0,0.0,0.0,0.0,0,-0.15563337657947587,True,False,3343,125
2014-11-03 00:00:00+00:00,11588914.291706935,11588914.291706935,0.0,0.0,0.0,0.0,0,-0.15563337657947587,True,False,3343,125
2014-11-04 00:00:00+00:00,11588914.291706935,11588914.291706935,0.0,0.0,0.0,0.0,0,-0.15563337657947587,True,False,3343,125
2014-11-05 00:00:00+00:00,11588914.291706935,11588914.291706935,0.0,0.0,0.0,0.0,0,-0.15563337657947587,True,False,3344,125
2014-11-06 00:00:00+00:00,11588914.291706935,11588914.291706935,0.0,0.0,0.0,0.0,0,-0.15563337657947587,True,False,3344,125
2014-11-07 00:00:00+00:00,11588914.291706935,11588914.291706935,0.0,0.0,0.0,0.0,0,-0.15563337657947587,True,False,3344,125
2014-11-10 00:00:00+00:00,11588914.291706935,11588914.291706935,0.0,0.0,0.0,0.0,0,-0.15563337657947587,True,False,3344,125
2014-11-11 00:00:00+00:00,11588914.291706935,11588914.291706935,0.0,0.0,0.0,0.0,0,-0.15563337657947587,True,False,3344,125
2014-11-12 00:00:00+00:00,11588914.291706935,11588914.291706935,0.0,0.0,0.0,0.0,0,-0.15563337657947587,True,False,3344,125
2014-11-13 00:00:00+00:00,11588914.291706935,11588914.291706935,0.0,0.0,0.0,0.0,0,-0.15563337657947587,True,False,3344,125
2014-11-14 00:00:00+00:00,11588914.291706935,11588914.291706935,0.0,0.0,0.0,0.0,0,-0.15563337657947587,True,False,3344,125
2014-11-17 00:00:00+00:00,11588914.291706935,11588914.291706935,0.0,0.0,0.0,0.0,0,-0.15563337657947587,True,False,3344,125
2014-11-18 00:00:00+00:00,11588914.291706935,11588914.291706935,0.0,0.0,0.0,0.0,0,-0.15563337657947587,True,False,3360,125
2014-11-19 00:00:00+00:00,11588914.291706935,11588914.291706935,0.0,0.0,0.0,0.0,0,-0.15563337657947587,True,False,3360,125
2014-11-20 00:00:00+00:00,11588914.291706935,11588914.291706935,0.0,0.0,0.0,0.0,0,-0.15563337657947587,True,False,3360,125
2014-11-21 00:00:00+00:00,11588914.291706935,11588914.291706935,0.0,0.0,0.0,0.0,0,-0.15563337657947587,True,False,3360,125
2014-11-24 00:00:00+00:00,11588914.291706935,11588914.291706935,0.0,0.0,0.0,0.0,0,-0.15563337657947587,True,False,3360,125
2014-11-25 00:00:00+00:00,11588914.291706935,11588914.291706935,0.0,0.0,0.0,0.0,0,-0.15563337657947587,True,False,3360,125
2014-11-26 00:00:00+00:00,11588914.291706935,11588914.291706935,0.0,0.0,0.0,0.0,0,-0.15563337657947587,True,False,3360,125
2014-11-27 00:00:00+00:00,11588914.291706935,11588914.291706935,0.0,0.0,0.0,0.0,0,-0.15563337657947587,True,False,3360,125
2014-11-28 00:00:00+00:00,11588914.291706935,11588914.291706935,0.0,0.0,0.0,0.0,0,-0.15563337657947587,True,False,3361,125
2014-12-01 00:00:00+00:00,11588914.291706935,11588914.291706935,0.0,0.0,0.0,0.0,0,-0.15563337657947587,True,False,3362,125
2014-12-02 00:00:00+00:00,11588914.291706935,11588914.291706935,0.0,0.0,0.0,0.0,0,-0.15563337657947587,True,False,3362,125
2014-12-03 00:00:00+00:00,11588914.291706935,11588914.291706935,0.0,0.0,0.0,0.0,0,-0.15563337657947587,True,False,3362,125
2014-12-04 00:00:00+00:00,11588914.291706935,11588914.291706935,0.0,0.0,0.0,0.0,0,-0.15563337657947587,True,False,3362,125
2014-12-05 00:00:00+00:00,11588914.291706935,11588914.291706935,0.0,0.0,0.0,0.0,0,-0.15563337657947587,True,False,3363,125
2014-12-08 00:00:00+00:00,11588914.291706935,11588914.291706935,0.0,0.0,0.0,0.0,0,-0.15563337657947587,True,False,3363,125
2014-12-09 00:00:00+00:00,11588914.291706935,11588914.291706935,0.0,0.0,0.0,0.0,0,-0.15563337657947587,True,False,3366,125
2014-12-10 00:00:00+00:00,11588914.291706935,11588914.291706935,0.0,0.0,0.0,0.0,0,-0.15563337657947587,True,False,3367,125
2014-12-11 00:00:00+00:00,11588914.291706935,11588914.291706935,0.0,0.0,0.0,0.0,0,-0.15563337657947587,True,False,3371,125
2014-12-12 00:00:00+00:00,11588914.291706935,11588914.291706935,0.0,0.0,0.0,0.0,0,-0.15563337657947587,True,False,3374,125
2014-12-15 00:00:00+00:00,11588914.291706935,11588914.291706935,0.0,0.0,0.0,0.0,0,-0.15563337657947587,True,False,3377,125
2014-12-16 00:00:00+00:00,11588914.291706935,11588914.291706935,0.0,0.0,0.0,0.0,0,-0.15563337657947587,True,False,3386,125
2014-12-17 00:00:00+00:00,11588914.291706935,11588914.291706935,0.0,0.0,0.0,0.0,0,-0.15563337657947587,True,False,3404,125
2014-12-18 00:00:00+00:00,11588914.291706935,11588914.291706935,0.0,0.0,0.0,0.0,0,-0.15563337657947587,True,False,3404,125
2014-12-19 00:00:00+00:00,11588914.291706935,11588914.291706935,0.0,0.0,0.0,0.0,0,-0.15563337657947587,True,False,3404,125
2014-12-22 00:00:00+00:00,11588914.291706935,11588914.291706935,0.0,0.0,0.0,0.0,0,-0.15563337657947587,True,False,3405,125
2014-12-23 00:00:00+00:00,11588914.291706935,11588914.291706935,0.0,0.0,0.0,0.0,0,-0.15563337657947587,True,False,3405,125
2014-12-24 00:00:00+00:00,11588914.291706935,11588914.291706935,0.0,0.0,0.0,0.0,0,-0.15563337657947587,True,False,3405,125
2014-12-26 00:00:00+00:00,11588914.291706935,11588914.291706935,0.0,0.0,0.0,0.0,0,-0.15563337657947587,True,False,3405,125
2014-12-29 00:00:00+00:00,11588914.291706935,11588914.291706935,0.0,0.0,0.0,0.0,0,-0.15563337657947587,True,False,3405,125
2014-12-30 00:00:00+00:00,11588914.291706935,11588914.291706935,0.0,0.0,0.0,0.0,0,-0.15563337657947587,True,False,3405,125
2014-12-31 00:00:00+00:00,11588914.291706935,11588914.291706935,0.0,0.0,0.0,0.0,0,-0.15563337657947587,True,False,3405,125
2015-01-01 00:00:00+00:00,11588914.291706935,11588914.291706935,0.0,0.0,0.0,0.0,0,-0.15563337657947587,True,False,3405,125
2015-01-02 00:00:00+00:00,11588914.291706935,11588914.291706935,0.0,0.0,0.0,0.0,0,-0.15563337657947587,True,False,3405,125
2015-01-05 00:00:00+00:00,11588914.291706935,11588914.291706935,0.0,0.0,0.0,0.0,0,-0.15563337657947587,True,False,3405,125
2015-01-06 00:00:00+00:00,11588914.291706935,11588914.291706935,0.0,0.0,0.0,0.0,0,-0.15563337657947587,True,False,3406,125
2015-01-07 00:00:00+00:00,11588914.291706935,11588914.291706935,0.0,0.0,0.0,0.0,0,-0.15563337657947587,True,False,3407,125
2015-01-08 00:00:00+00:00,11588914.291706935,11588914.291706935,0.0,0.0,0.0,0.0,0,-0.15563337657947587,True,False,3407,125
2015-01-09 00:00:00+00:00,11588914.291706935,11588914.291706935,0.0,0.0,0.0,0.0,0,-0.15563337657947587,True,False,3407,125
2015-01-12 00:00:00+00:00,11588914.291706935,11588914.291706935,0.0,0.0,0.0,0.0,0,-0.15563337657947587,True,False,3407,125
2015-01-13 00:00:00+00:00,11588914.291706935,11588914.291706935,0.0,0.0,0.0,0.0,0,-0.15563337657947587,True,False,3408,125
2015-01-14 00:00:00+00:00,11588914.291706935,11588914.291706935,0.0,0.0,0.0,0.0,0,-0.15563337657947587,True,False,3411,125
2015-01-15 00:00:00+00:00,11588914.291706935,11588914.291706935,0.0,0.0,0.0,0.0,0,-0.15563337657947587,True,False,3411,125
2015-01-16 00:00:00+00:00,11588914.291706935,11588914.291706935,0.0,0.0,0.0,0.0,0,-0.15563337657947587,True,False,3427,125
2015-01-19 00:00:00+00:00,11588914.291706935,11588914.291706935,0.0,0.0,0.0,0.0,0,-0.15563337657947587,True,False,3427,125
2015-01-20 00:00:00+00:00,11588914.291706935,11588914.291706935,0.0,0.0,0.0,0.0,0,-0.15563337657947587,True,False,3427,125
2015-01-21 00:00:00+00:00,11588914.291706935,11588914.291706935,0.0,0.0,0.0,0.0,0,-0.15563337657947587,True,False,3427,125
2015-01-22 00:00:00+00:00,11588914.291706935,11588914.291706935,0.0,0.0,0.0,0.0,0,-0.15563337657947587,True,False,3427,125
2015-01-23 00:00:00+00:00,11588914.291706935,11588914.291706935,0.0,0.0,0.0,0.0,0,-0.15563337657947587,True,False,3427,125
2015-01-26 00:00:00+00:00,11588914.291706935,11588914.291706935,0.0,0.0,0.0,0.0,0,-0.15563337657947587,True,False,3427,125
2015-01-27 00:00:00+00:00,11588914.291706935,11588914.291706935,0.0,0.0,0.0,0.0,0,-0.15563337657947587,True,False,3427,125
2015-01-28 00:00:00+00:00,11588914.291706935,11588914.291706935,0.0,0.0,0.0,0.0,0,-0.15563337657947587,True,False,3427,125
2015-01-29 00:00:00+00:00,11588914.291706935,11588914.291706935,0.0,0.0,0.0,0.0,0,-0.15563337657947587,True,False,3427,125
2015-01-30 00:00:00+00:00,11588914.291706935,11588914.291706935,0.0,0.0,0.0,0.0,0,-0.15563337657947587,True,False,3427,125
2015-02-02 00:00:00+00:00,11588914.291706935,11588914.291706935,0.0,0.0,0.0,0.0,0,-0.15563337657947587,True,False,3427,125
2015-02-03 00:00:00+00:00,11588914.291706935,11588914.291706935,0.0,0.0,0.0,0.0,0,-0.15563337657947587,True,False,3430,125
2015-02-04 00:00:00+00:00,11588914.291706935,11588914.291706935,0.0,0.0,0.0,0.0,0,-0.15563337657947587,True,False,3430,125
2015-02-05 00:00:00+00:00,11588914.291706935,11588914.291706935,0.0,0.0,0.0,0.0,0,-0.15563337657947587,True,False,3430,125
2015-02-06 00:00:00+00:00,11588914.291706935,11588914.291706935,0.0,0.0,0.0,0.0,0,-0.15563337657947587,True,False,3430,125
2015-02-09 00:00:00+00:00,11588914.291706935,11588914.291706935,0.0,0.0,0.0,0.0,0,-0.15563337657947587,True,False,3431,125
2015-02-10 00:00:00+00:00,11588914.291706935,11588914.291706935,0.0,0.0,0.0,0.0,0,-0.15563337657947587,True,False,3431,125
2015-02-11 00:00:00+00:00,11588914.291706935,11588914.291706935,0.0,0.0,0.0,0.0,0,-0.15563337657947587,True,False,3431,125
2015-02-12 00:00:00+00:00,11588914.291706935,11588914.291706935,0.0,0.0,0.0,0.0,0,-0.15563337657947587,True,False,3431,125
2015-02-13 00:00:00+00:00,11588914.291706935,11588914.291706935,0.0,0.0,0.0,0.0,0,-0.15563337657947587,True,False,3431,125
2015-02-16 00:00:00+00:00,11588914.291706935,11588914.291706935,0.0,0.0,0.0,0.0,0,-0.15563337657947587,True,False,3447,125
2015-02-17 00:00:00+00:00,11588914.291706935,11588914.291706935,0.0,0.0,0.0,0.0,0,-0.15563337657947587,True,False,3447,125
2015-02-18 00:00:00+00:00,11588914.291706935,11588914.291706935,0.0,0.0,0.0,0.0,0,-0.15563337657947587,True,False,3447,125
2015-02-19 00:00:00+00:00,11588914.291706935,11588914.291706935,0.0,0.0,0.0,0.0,0,-0.15563337657947587,True,False,3447,125
2015-02-20 00:00:00+00:00,11588914.291706935,11588914.291706935,0.0,0.0,0.0,0.0,0,-0.15563337657947587,True,False,3447,125
2015-02-23 00:00:00+00:00,11588914.291706935,11588914.291706935,0.0,0.0,0.0,0.0,0,-0.15563337657947587,True,False,3447,125
2015-02-24 00:00:00+00:00,11588914.291706935,11588914.291706935,0.0,0.0,0.0,0.0,0,-0.15563337657947587,True,False,3449,125
2015-02-25 00:00:00+00:00,11588914.291706935,11588914.291706935,0.0,0.0,0.0,0.0,0,-0.15563337657947587,True,False,3449,125
2015-02-26 00:00:00+00:00,11588914.291706935,11588914.291706935,0.0,0.0,0.0,0.0,0,-0.15563337657947587,True,False,3449,125
2015-02-27 00:00:00+00:00,11588914.291706935,11588914.291706935,0.0,0.0,0.0,0.0,0,-0.15563337657947587,True,False,3449,125
2015-03-02 00:00:00+00:00,11588914.291706935,11588914.291706935,0.0,0.0,0.0,0.0,0,-0.15563337657947587,True,False,3449,125
2015-03-03 00:00:00+00:00,11588914.291706935,11588914.291706935,0.0,0.0,0.0,0.0,0,-0.15563337657947587,True,False,3449,125
2015-03-04 00:00:00+00:00,11588914.291706935,11588914.291706935,0.0,0.0,0.0,0.0,0,-0.15563337657947587,True,False,3449,125
2015-03-05 00:00:00+00:00,11588914.291706935,11588914.291706935,0.0,0.0,0.0,0.0,0,-0.15563337657947587,True,False,3449,125
2015-03-06 00:00:00+00:00,11588914.291706935,11588914.291706935,0.0,0.0,0.0,0.0,0,-0.15563337657947587,True,False,3449,125
2015-03-09 00:00:00+00:00,11588914.291706935,11588914.291706935,0.0,0.0,0.0,0.0,0,-0.15563337657947587,True,False,3449,125
2015-03-10 00:00:00+00:00,11588914.291706935,11588914.291706935,0.0,0.0,0.0,0.0,0,-0.15563337657947587,True,False,3450,125
2015-03-11 00:00:00+00:00,11588914.291706935,11588914.291706935,0.0,0.0,0.0,0.0,0,-0.15563337657947587,True,False,3453,125
2015-03-12 00:00:00+00:00,11588914.291706935,11588914.291706935,0.0,0.0,0.0,0.0,0,-0.15563337657947587,True,False,3453,125
2015-03-13 00:00:00+00:00,11588914.291706935,11588914.291706935,0.0,0.0,0.0,0.0,0,-0.15563337657947587,True,False,3453,125
2015-03-16 00:00:00+00:00,11588914.291706935,11588914.291706935,0.0,0.0,0.0,0.0,0,-0.15563337657947587,True,False,3453,125
2015-03-17 00:00:00+00:00,11588914.291706935,11588914.291706935,0.0,0.0,0.0,0.0,0,-0.15563337657947587,True,False,3469,125
2015-03-18 00:00:00+00:00,11588914.291706935,11588914.291706935,0.0,0.0,0.0,0.0,0,-0.15563337657947587,True,False,3469,125
2015-03-19 00:00:00+00:00,11588914.291706935,11588914.291706935,0.0,0.0,0.0,0.0,0,-0.15563337657947587,True,False,3469,125
2015-03-20 00:00:00+00:00,11588914.291706935,11588914.291706935,0.0,0.0,0.0,0.0,0,-0.15563337657947587,True,False,3469,125
2015-03-23 00:00:00+00:00,11588914.291706935,11588914.291706935,0.0,0.0,0.0,0.0,0,-0.15563337657947587,True,False,3469,125
2015-03-24 00:00:00+00:00,11588914.291706935,11588914.291706935,0.0,0.0,0.0,0.0,0,-0.15563337657947587,True,False,3469,125
2015-03-25 00:00:00+00:00,11588914.291706935,11588914.291706935,0.0,0.0,0.0,0.0,0,-0.15563337657947587,True,False,3470,125
2015-03-26 00:00:00+00:00,11588914.291706935,11588914.291706935,0.0,0.0,0.0,0.0,0,-0.15563337657947587,True,False,3472,125
2015-03-27 00:00:00+00:00,11588914.291706935,11588914.291706935,0.0,0.0,0.0,0.0,0,-0.15563337657947587,True,False,3472,125
2015-03-30 00:00:00+00:00,11588914.291706935,11588914.291706935,0.0,0.0,0.0,0.0,0,-0.15563337657947587,True,False,3472,125
2015-03-31 00:00:00+00:00,11588914.291706935,11588914.291706935,0.0,0.0,0.0,0.0,0,-0.15563337657947587,True,False,3472,125
2015-04-01 00:00:00+00:00,11588914.291706935,11588914.291706935,0.0,0.0,0.0,0.0,0,-0.15563337657947587,True,False,3472,125
2015-04-02 00:00:00+00:00,11588914.291706935,11588914.291706935,0.0,0.0,0.0,0.0,0,-0.15563337657947587,True,False,3472,125
2015-04-06 00:00:00+00:00,11588914.291706935,11588914.291706935,0.0,0.0,0.0,0.0,0,-0.15563337657947587,True,False,3472,125
2015-04-07 00:00:00+00:00,11588914.291706935,11588914.291706935,0.0,0.0,0.0,0.0,0,-0.15563337657947587,True,False,3472,125
2015-04-08 00:00:00+00:00,11588914.291706935,11588914.291706935,0.0,0.0,0.0,0.0,0,-0.15563337657947587,True,False,3472,125
2015-04-09 00:00:00+00:00,11588914.291706935,11588914.291706935,0.0,0.0,0.0,0.0,0,-0.15563337657947587,True,False,3472,125
2015-04-10 00:00:00+00:00,11588914.291706935,11588914.291706935,0.0,0.0,0.0,0.0,0,-0.15563337657947587,True,False,3472,125
2015-04-13 00:00:00+00:00,11588914.291706935,11588914.291706935,0.0,0.0,0.0,0.0,0,-0.15563337657947587,True,False,3472,125
2015-04-14 00:00:00+00:00,11588914.291706935,11588914.291706935,0.0,0.0,0.0,0.0,0,-0.15563337657947587,True,False,3472,125
2015-04-15 00:00:00+00:00,11588914.291706935,11588914.291706935,0.0,0.0,0.0,0.0,0,-0.15563337657947587,True,False,3472,125
2015-04-16 00:00:00+00:00,11588914.291706935,11588914.291706935,0.0,0.0,0.0,0.0,0,-0.15563337657947587,True,False,3489,125
2015-04-17 00:00:00+00:00,11588914.291706935,11588914.291706935,0.0,0.0,0.0,0.0,0,-0.15563337657947587,True,False,3490,125
2015-04-20 00:00:00+00:00,11588914.291706935,11588914.291706935,0.0,0.0,0.0,0.0,0,-0.15563337657947587,True,False,3492,125
2015-04-21 00:00:00+00:00,11588914.291706935,11588914.291706935,0.0,0.0,0.0,0.0,0,-0.15563337657947587,True,False,3496,125
2015-04-22 00:00:00+00:00,11588914.291706935,11588914.291706935,0.0,0.0,0.0,0.0,0,-0.15563337657947587,True,False,3498,125
2015-04-23 00:00:00+00:00,11588914.291706935,11588914.291706935,0.0,0.0,0.0,0.0,0,-0.15563337657947587,True,False,3498,125
2015-04-24 00:00:00+00:00,11588914.291706935,11588914.291706935,0.0,0.0,0.0,0.0,0,-0.15563337657947587,True,False,3500,125
2015-04-27 00:00:00+00:00,11588914.291706935,11588914.291706935,0.0,0.0,0.0,0.0,0,-0.15563337657947587,True,False,3505,125
2015-04-28 00:00:00+00:00,11588914.291706935,11588914.291706935,0.0,0.0,0.0,0.0,0,-0.15563337657947587,True,False,3505,125
2015-04-29 00:00:00+00:00,11588914.291706935,11588914.291706935,0.0,0.0,0.0,0.0,0,-0.15563337657947587,True,False,3506,125
2015-04-30 00:00:00+00:00,11588914.291706935,11588914.291706935,0.0,0.0,0.0,0.0,0,-0.15563337657947587,True,False,3506,125
2015-05-01 00:00:00+00:00,11588914.291706935,11588914.291706935,0.0,0.0,0.0,0.0,0,-0.15563337657947587,True,False,3506,125
2015-05-04 00:00:00+00:00,11588914.291706935,11588914.291706935,0.0,0.0,0.0,0.0,0,-0.15563337657947587,True,False,3506,125
2015-05-05 00:00:00+00:00,11588914.291706935,11588914.291706935,0.0,0.0,0.0,0.0,0,-0.15563337657947587,True,False,3506,125
2015-05-06 00:00:00+00:00,11588914.291706935,11588914.291706935,0.0,0.0,0.0,0.0,0,-0.15563337657947587,True,False,3508,125
2015-05-07 00:00:00+00:00,11588914.291706935,11588914.291706935,0.0,0.0,0.0,0.0,0,-0.15563337657947587,True,False,3509,125
2015-05-08 00:00:00+00:00,11588914.291706935,11588914.291706935,0.0,0.0,0.0,0.0,0,-0.15563337657947587,True,False,3510,125
2015-05-11 00:00:00+00:00,11588914.291706935,11588914.291706935,0.0,0.0,0.0,0.0,0,-0.15563337657947587,True,False,3510,125
2015-05-12 00:00:00+00:00,11588914.291706935,11588914.291706935,0.0,0.0,0.0,0.0,0,-0.15563337657947587,True,False,3510,125
2015-05-13 00:00:00+00:00,11588914.291706935,11588914.291706935,0.0,0.0,0.0,0.0,0,-0.15563337657947587,True,False,3510,125
2015-05-14 00:00:00+00:00,11588914.291706935,11588914.291706935,0.0,0.0,0.0,0.0,0,-0.15563337657947587,True,False,3510,125
2015-05-15 00:00:00+00:00,11588914.291706935,11588914.291706935,0.0,0.0,0.0,0.0,0,-0.15563337657947587,True,False,3526,125
2015-05-18 00:00:00+00:00,11588914.291706935,11588914.291706935,0.0,0.0,0.0,0.0,0,-0.15563337657947587,True,False,3526,125
2015-05-19 00:00:00+00:00,11588914.291706935,11588914.291706935,0.0,0.0,0.0,0.0,0,-0.15563337657947587,True,False,3526,125
2015-05-20 00:00:00+00:00,11588914.291706935,11588914.291706935,0.0,0.0,0.0,0.0,0,-0.15563337657947587,True,False,3526,125
2015-05-21 00:00:00+00:00,11588914.291706935,11588914.291706935,0.0,0.0,0.0,0.0,0,-0.15563337657947587,True,False,3526,125
2015-05-22 00:00:00+00:00,11588914.291706935,11588914.291706935,0.0,0.0,0.0,0.0,0,-0.15563337657947587,True,False,3526,125
2015-05-25 00:00:00+00:00,11588914.291706935,11588914.291706935,0.0,0.0,0.0,0.0,0,-0.15563337657947587,True,False,3526,125
2015-05-26 00:00:00+00:00,11588914.291706935,11588914.291706935,0.0,0.0,0.0,0.0,0,-0.15563337657947587,True,False,3526,125
2015-05-27 00:00:00+00:00,11588914.291706935,11588914.291706935,0.0,0.0,0.0,0.0,0,-0.15563337657947587,True,False,3526,125
2015-05-28 00:00:00+00:00,11588914.291706935,11588914.291706935,0.0,0.0,0.0,0.0,0,-0.15563337657947587,True,False,3526,125
2015-05-29 00:00:00+00:00,11588914.291706935,11588914.291706935,0.0,0.0,0.0,0.0,0,-0.15563337657947587,True,False,3526,125
2015-06-01 00:00:00+00:00,11588914.291706935,11588914.291706935,0.0,0.0,0.0,0.0,0,-0.15563337657947587,True,False,3526,125
2015-06-02 00:00:00+00:00,11588914.291706935,11588914.291706935,0.0,0.0,0.0,0.0,0,-0.15563337657947587,True,False,3528,125
2015-06-03 00:00:00+00:00,11588914.291706935,11588914.291706935,0.0,0.0,0.0,0.0,0,-0.15563337657947587,True,False,3529,125
2015-06-04 00:00:00+00:00,11588914.291706935,11588914.291706935,0.0,0.0,0.0,0.0,0,-0.15563337657947587,True,False,3531,125
2015-06-05 00:00:00+00:00,11588914.291706935,11588914.291706935,0.0,0.0,0.0,0.0,0,-0.15563337657947587,True,False,3532,125
2015-06-08 00:00:00+00:00,11588914.291706935,11588914.291706935,0.0,0.0,0.0,0.0,0,-0.15563337657947587,True,False,3532,125
2015-06-09 00:00:00+00:00,11588914.291706935,11588914.291706935,0.0,0.0,0.0,0.0,0,-0.15563337657947587,True,False,3532,125
2015-06-10 00:00:00+00:00,11588914.291706935,11588914.291706935,0.0,0.0,0.0,0.0,0,-0.15563337657947587,True,False,3532,125
2015-06-11 00:00:00+00:00,11588914.291706935,11588914.291706935,0.0,0.0,0.0,0.0,0,-0.15563337657947587,True,False,3535,125
2015-06-12 00:00:00+00:00,11588914.291706935,11588914.291706935,0.0,0.0,0.0,0.0,0,-0.15563337657947587,True,False,3535,125
2015-06-15 00:00:00+00:00,11588914.291706935,11588914.291706935,0.0,0.0,0.0,0.0,0,-0.15563337657947587,True,False,3551,125
2015-06-16 00:00:00+00:00,11588914.291706935,11588914.291706935,0.0,0.0,0.0,0.0,0,-0.15563337657947587,True,False,3551,125
2015-06-17 00:00:00+00:00,11588914.291706935,11588914.291706935,0.0,0.0,0.0,0.0,0,-0.15563337657947587,True,False,3551,125
2015-06-18 00:00:00+00:00,11588914.291706935,11588914.291706935,0.0,0.0,0.0,0.0,0,-0.15563337657947587,True,False,3551,125
2015-06-19 00:00:00+00:00,11588914.291706935,11588914.291706935,0.0,0.0,0.0,0.0,0,-0.15563337657947587,True,False,3551,125
2015-06-22 00:00:00+00:00,11588914.291706935,11588914.291706935,0.0,0.0,0.0,0.0,0,-0.15563337657947587,True,False,3551,125
2015-06-23 00:00:00+00:00,11588914.291706935,11588914.291706935,0.0,0.0,0.0,0.0,0,-0.15563337657947587,True,False,3551,125
2015-06-24 00:00:00+00:00,11588914.291706935,11588914.291706935,0.0,0.0,0.0,0.0,0,-0.15563337657947587,True,False,3552,125
2015-06-25 00:00:00+00:00,11588914.291706935,11588914.291706935,0.0,0.0,0.0,0.0,0,-0.15563337657947587,True,False,3553,125
2015-06-26 00:00:00+00:00,11588914.291706935,11588914.291706935,0.0,0.0,0.0,0.0,0,-0.15563337657947587,True,False,3553,125
2015-06-29 00:00:00+00:00,11588914.291706935,11588914.291706935,0.0,0.0,0.0,0.0,0,-0.15563337657947587,True,False,3554,125
2015-06-30 00:00:00+00:00,11588914.291706935,11588914.291706935,0.0,0.0,0.0,0.0,0,-0.15563337657947587,True,False,3554,125
2015-07-01 00:00:00+00:00,11588914.291706935,11588914.291706935,0.0,0.0,0.0,0.0,0,-0.15563337657947587,True,False,3554,125
2015-07-02 00:00:00+00:00,11588914.291706935,11588914.291706935,0.0,0.0,0.0,0.0,0,-0.15563337657947587,True,False,3554,125
2015-07-03 00:00:00+00:00,11588914.291706935,11588914.291706935,0.0,0.0,0.0,0.0,0,-0.15563337657947587,True,False,3554,125
2015-07-06 00:00:00+00:00,11588914.291706935,11588914.291706935,0.0,0.0,0.0,0.0,0,-0.15563337657947587,True,False,3555,125
2015-07-07 00:00:00+00:00,11588914.291706935,11588914.291706935,0.0,0.0,0.0,0.0,0,-0.15563337657947587,True,False,3558,125
2015-07-08 00:00:00+00:00,11588914.291706935,11588914.291706935,0.0,0.0,0.0,0.0,0,-0.15563337657947587,True,False,3558,125
2015-07-09 00:00:00+00:00,11588914.291706935,11588914.291706935,0.0,0.0,0.0,0.0,0,-0.15563337657947587,True,False,3558,125
2015-07-10 00:00:00+00:00,11588914.291706935,11588914.291706935,0.0,0.0,0.0,0.0,0,-0.15563337657947587,True,False,3559,125
2015-07-13 00:00:00+00:00,11588914.291706935,11588914.291706935,0.0,0.0,0.0,0.0,0,-0.15563337657947587,True,False,3559,125
2015-07-14 00:00:00+00:00,11588914.291706935,11588914.291706935,0.0,0.0,0.0,0.0,0,-0.15563337657947587,True,False,3575,125
2015-07-15 00:00:00+00:00,11588914.291706935,11588914.291706935,0.0,0.0,0.0,0.0,0,-0.15563337657947587,True,False,3575,125
2015-07-16 00:00:00+00:00,11588914.291706935,11588914.291706935,0.0,0.0,0.0,0.0,0,-0.15563337657947587,True,False,3575,125
2015-07-17 00:00:00+00:00,11588914.291706935,11588914.291706935,0.0,0.0,0.0,0.0,0,-0.15563337657947587,True,False,3575,125
2015-07-20 00:00:00+00:00,11588914.291706935,11588914.291706935,0.0,0.0,0.0,0.0,0,-0.15563337657947587,True,False,3575,125
2015-07-21 00:00:00+00:00,11588914.291706935,11588914.291706935,0.0,0.0,0.0,0.0,0,-0.15563337657947587,True,False,3576,125
2015-07-22 00:00:00+00:00,11588914.291706935,11588914.291706935,0.0,0.0,0.0,0.0,0,-0.15563337657947587,True,False,3576,125
2015-07-23 00:00:00+00:00,11588914.291706935,11588914.291706935,0.0,0.0,0.0,0.0,0,-0.15563337657947587,True,False,3576,125
2015-07-24 00:00:00+00:00,11588914.291706935,11588914.291706935,0.0,0.0,0.0,0.0,0,-0.15563337657947587,True,False,3577,125
2015-07-27 00:00:00+00:00,11588914.291706935,11588914.291706935,0.0,0.0,0.0,0.0,0,-0.15563337657947587,True,False,3582,125
2015-07-28 00:00:00+00:00,11588914.291706935,11588914.291706935,0.0,0.0,0.0,0.0,0,-0.15563337657947587,True,False,3582,125
2015-07-29 00:00:00+00:00,11588914.291706935,11588914.291706935,0.0,0.0,0.0,0.0,0,-0.15563337657947587,True,False,3582,125
2015-07-30 00:00:00+00:00,11588914.291706935,11588914.291706935,0.0,0.0,0.0,0.0,0,-0.15563337657947587,True,False,3582,125
2015-07-31 00:00:00+00:00,11588914.291706935,11588914.291706935,0.0,0.0,0.0,0.0,0,-0.15563337657947587,True,False,3583,125
2015-08-03 00:00:00+00:00,11588914.291706935,11588914.291706935,0.0,0.0,0.0,0.0,0,-0.15563337657947587,True,False,3583,125
2015-08-04 00:00:00+00:00,11588914.291706935,11588914.291706935,0.0,0.0,0.0,0.0,0,-0.15563337657947587,True,False,3583,125
2015-08-05 00:00:00+00:00,11588914.291706935,11588914.291706935,0.0,0.0,0.0,0.0,0,-0.15563337657947587,True,False,3583,125
2015-08-06 00:00:00+00:00,11588914.291706935,11588914.291706935,0.0,0.0,0.0,0.0,0,-0.15563337657947587,True,False,3583,125
2015-08-07 00:00:00+00:00,11588914.291706935,11588914.291706935,0.0,0.0,0.0,0.0,0,-0.15563337657947587,True,False,3583,125
2015-08-10 00:00:00+00:00,11588914.291706935,11588914.291706935,0.0,0.0,0.0,0.0,0,-0.15563337657947587,True,False,3583,125
2015-08-11 00:00:00+00:00,11588914.291706935,11588914.291706935,0.0,0.0,0.0,0.0,0,-0.15563337657947587,True,False,3583,125
2015-08-12 00:00:00+00:00,11588914.291706935,11588914.291706935,0.0,0.0,0.0,0.0,0,-0.15563337657947587,True,False,3601,125
2015-08-13 00:00:00+00:00,11588914.291706935,11588914.291706935,0.0,0.0,0.0,0.0,0,-0.15563337657947587,True,False,3606,125
2015-08-14 00:00:00+00:00,11588914.291706935,11588914.291706935,0.0,0.0,0.0,0.0,0,-0.15563337657947587,True,False,3606,125
2015-08-17 00:00:00+00:00,11588914.291706935,11588914.291706935,0.0,0.0,0.0,0.0,0,-0.15563337657947587,True,False,3606,125
2015-08-18 00:00:00+00:00,11588914.291706935,11588914.291706935,0.0,0.0,0.0,0.0,0,-0.15563337657947587,True,False,3607,125
2015-08-19 00:00:00+00:00,11588914.291706935,11588914.291706935,0.0,0.0,0.0,0.0,0,-0.15563337657947587,True,False,3607,125
2015-08-20 00:00:00+00:00,11588914.291706935,11588914.291706935,0.0,0.0,0.0,0.0,0,-0.15563337657947587,True,False,3610,125
2015-08-21 00:00:00+00:00,11588914.291706935,11588914.291706935,0.0,0.0,0.0,0.0,0,-0.15563337657947587,True,False,3610,125
2015-08-24 00:00:00+00:00,11588914.291706935,11588914.291706935,0.0,0.0,0.0,0.0,0,-0.15563337657947587,True,False,3630,125
2015-08-25 00:00:00+00:00,11588914.291706935,11588914.291706935,0.0,0.0,0.0,0.0,0,-0.15563337657947587,True,False,3631,125
2015-08-26 00:00:00+00:00,11588914.291706935,11588914.291706935,0.0,0.0,0.0,0.0,0,-0.15563337657947587,True,False,3633,125
2015-08-27 00:00:00+00:00,11588914.291706935,11588914.291706935,0.0,0.0,0.0,0.0,0,-0.15563337657947587,True,False,3633,125
2015-08-28 00:00:00+00:00,11588914.291706935,11588914.291706935,0.0,0.0,0.0,0.0,0,-0.15563337657947587,True,False,3633,125
2015-08-31 00:00:00+00:00,11588914.291706935,11588914.291706935,0.0,0.0,0.0,0.0,0,-0.15563337657947587,True,False,3633,125
2015-09-01 00:00:00+00:00,11588914.291706935,11588914.291706935,0.0,0.0,0.0,0.0,0,-0.15563337657947587,True,False,3633,125
2015-09-02 00:00:00+00:00,11588914.291706935,11588914.291706935,0.0,0.0,0.0,0.0,0,-0.15563337657947587,True,False,3636,125
2015-09-03 00:00:00+00:00,11588914.291706935,11588914.291706935,0.0,0.0,0.0,0.0,0,-0.15563337657947587,True,False,3636,125
2015-09-04 00:00:00+00:00,11588914.291706935,11588914.291706935,0.0,0.0,0.0,0.0,0,-0.15563337657947587,True,False,3636,125
2015-09-07 00:00:00+00:00,11588914.291706935,11588914.291706935,0.0,0.0,0.0,0.0,0,-0.15563337657947587,True,False,3639,125
2015-09-08 00:00:00+00:00,11588914.291706935,11588914.291706935,0.0,0.0,0.0,0.0,0,-0.15563337657947587,True,False,3640,125
2015-09-09 00:00:00+00:00,11588914.291706935,11588914.291706935,0.0,0.0,0.0,0.0,0,-0.15563337657947587,True,False,3640,125
2015-09-10 00:00:00+00:00,11588914.291706935,11588914.291706935,0.0,0.0,0.0,0.0,0,-0.15563337657947587,True,False,3655,125
2015-09-11 00:00:00+00:00,11588914.291706935,11588914.291706935,0.0,0.0,0.0,0.0,0,-0.15563337657947587,True,False,3655,125
2015-09-14 00:00:00+00:00,11588914.291706935,11588914.291706935,0.0,0.0,0.0,0.0,0,-0.15563337657947587,True,False,3655,125
2015-09-15 00:00:00+00:00,11588914.291706935,11588914.291706935,0.0,0.0,0.0,0.0,0,-0.15563337657947587,True,False,3655,125
2015-09-16 00:00:00+00:00,11588914.291706935,11588914.291706935,0.0,0.0,0.0,0.0,0,-0.15563337657947587,True,False,3655,125
2015-09-17 00:00:00+00:00,11588914.291706935,11588914.291706935,0.0,0.0,0.0,0.0,0,-0.15563337657947587,True,False,3655,125
2015-09-18 00:00:00+00:00,11588914.291706935,11588914.291706935,0.0,0.0,0.0,0.0,0,-0.15563337657947587,True,False,3655,125
2015-09-21 00:00:00+00:00,11588914.291706935,11588914.291706935,0.0,0.0,0.0,0.0,0,-0.15563337657947587,True,False,3655,125
2015-09-22 00:00:00+00:00,11588914.291706935,11588914.291706935,0.0,0.0,0.0,0.0,0,-0.15563337657947587,True,False,3656,125
2015-09-23 00:00:00+00:00,11588914.291706935,11588914.291706935,0.0,0.0,0.0,0.0,0,-0.15563337657947587,True,False,3656,125
2015-09-24 00:00:00+00:00,11588914.291706935,11588914.291706935,0.0,0.0,0.0,0.0,0,-0.15563337657947587,True,False,3656,125
2015-09-25 00:00:00+00:00,11588914.291706935,11588914.291706935,0.0,0.0,0.0,0.0,0,-0.15563337657947587,True,False,3656,125
2015-09-28 00:00:00+00:00,11588914.291706935,11588914.291706935,0.0,0.0,0.0,0.0,0,-0.15563337657947587,True,False,3656,125
2015-09-29 00:00:00+00:00,11588914.291706935,11588914.291706935,0.0,0.0,0.0,0.0,0,-0.15563337657947587,True,False,3656,125
2015-09-30 00:00:00+00:00,11588914.291706935,11588914.291706935,0.0,0.0,0.0,0.0,0,-0.15563337657947587,True,False,3656,125
2015-10-01 00:00:00+00:00,11588914.291706935,11588914.291706935,0.0,0.0,0.0,0.0,0,-0.15563337657947587,True,False,3656,125
2015-10-02 00:00:00+00:00,11588914.291706935,11588914.291706935,0.0,0.0,0.0,0.0,0,-0.15563337657947587,True,False,3656,125
2015-10-05 00:00:00+00:00,11588914.291706935,11588914.291706935,0.0,0.0,0.0,0.0,0,-0.15563337657947587,True,False,3656,125
2015-10-06 00:00:00+00:00,11588914.291706935,11588914.291706935,0.0,0.0,0.0,0.0,0,-0.15563337657947587,True,False,3656,125
2015-10-07 00:00:00+00:00,11588914.291706935,11588914.291706935,0.0,0.0,0.0,0.0,0,-0.15563337657947587,True,False,3657,125
2015-10-08 00:00:00+00:00,11588914.291706935,11588914.291706935,0.0,0.0,0.0,0.0,0,-0.15563337657947587,True,False,3657,125
2015-10-09 00:00:00+00:00,11588914.291706935,11588914.291706935,0.0,0.0,0.0,0.0,0,-0.15563337657947587,True,False,3673,125
2015-10-12 00:00:00+00:00,11588914.291706935,11588914.291706935,0.0,0.0,0.0,0.0,0,-0.15563337657947587,True,False,3673,125
2015-10-13 00:00:00+00:00,11588914.291706935,11588914.291706935,0.0,0.0,0.0,0.0,0,-0.15563337657947587,True,False,3673,125
2015-10-14 00:00:00+00:00,11588914.291706935,11588914.291706935,0.0,0.0,0.0,0.0,0,-0.15563337657947587,True,False,3673,125
2015-10-15 00:00:00+00:00,11588914.291706935,11588914.291706935,0.0,0.0,0.0,0.0,0,-0.15563337657947587,True,False,3673,125
2015-10-16 00:00:00+00:00,11588914.291706935,11588914.291706935,0.0,0.0,0.0,0.0,0,-0.15563337657947587,True,False,3673,125
2015-10-19 00:00:00+00:00,11588914.291706935,11588914.291706935,0.0,0.0,0.0,0.0,0,-0.15563337657947587,True,False,3673,125
2015-10-20 00:00:00+00:00,11588914.291706935,11588914.291706935,0.0,0.0,0.0,0.0,0,-0.15563337657947587,True,False,3673,125
2015-10-21 00:00:00+00:00,11588914.291706935,11588914.291706935,0.0,0.0,0.0,0.0,0,-0.15563337657947587,True,False,3673,125
2015-10-22 00:00:00+00:00,11588914.291706935,11588914.291706935,0.0,0.0,0.0,0.0,0,-0.15563337657947587,True,False,3673,125
2015-10-23 00:00:00+00:00,11588914.291706935,11588914.291706935,0.0,0.0,0.0,0.0,0,-0.15563337657947587,True,False,3674,125
2015-10-26 00:00:00+00:00,11588914.291706935,11588914.291706935,0.0,0.0,0.0,0.0,0,-0.15563337657947587,True,False,3674,125
2015-10-27 00:00:00+00:00,11588914.291706935,11588914.291706935,0.0,0.0,0.0,0.0,0,-0.15563337657947587,True,False,3674,125
2015-10-28 00:00:00+00:00,11588914.291706935,11588914.291706935,0.0,0.0,0.0,0.0,0,-0.15563337657947587,True,False,3674,125
2015-10-29 00:00:00+00:00,11588914.291706935,11588914.291706935,0.0,0.0,0.0,0.0,0,-0.15563337657947587,True,False,3674,125
2015-10-30 00:00:00+00:00,11588914.291706935,11588914.291706935,0.0,0.0,0.0,0.0,0,-0.15563337657947587,True,False,3674,125
2015-11-02 00:00:00+00:00,11588914.291706935,11588914.291706935,0.0,0.0,0.0,0.0,0,-0.15563337657947587,True,False,3674,125
2015-11-03 00:00:00+00:00,11588914.291706935,11588914.291706935,0.0,0.0,0.0,0.0,0,-0.15563337657947587,True,False,3674,125
2015-11-04 00:00:00+00:00,11588914.291706935,11588914.291706935,0.0,0.0,0.0,0.0,0,-0.15563337657947587,True,False,3674,125
2015-11-05 00:00:00+00:00,11588914.291706935,11588914.291706935,0.0,0.0,0.0,0.0,0,-0.15563337657947587,True,False,3674,125
2015-11-06 00:00:00+00:00,11588914.291706935,11588914.291706935,0.0,0.0,0.0,0.0,0,-0.15563337657947587,True,False,3680,125
2015-11-09 00:00:00+00:00,11588914.291706935,11588914.291706935,0.0,0.0,0.0,0.0,0,-0.15563337657947587,True,False,3698,125
2015-11-10 00:00:00+00:00,11588914.291706935,11588914.291706935,0.0,0.0,0.0,0.0,0,-0.15563337657947587,True,False,3707,125
2015-11-11 00:00:00+00:00,11588914.291706935,11588914.291706935,0.0,0.0,0.0,0.0,0,-0.15563337657947587,True,False,3707,125
2015-11-12 00:00:00+00:00,11588914.291706935,11588914.291706935,0.0,0.0,0.0,0.0,0,-0.15563337657947587,True,False,3707,125
2015-11-13 00:00:00+00:00,11588914.291706935,11588914.291706935,0.0,0.0,0.0,0.0,0,-0.15563337657947587,True,False,3713,125
2015-11-16 00:00:00+00:00,11588914.291706935,11588914.291706935,0.0,0.0,0.0,0.0,0,-0.15563337657947587,True,False,3715,125
2015-11-17 00:00:00+00:00,11588914.291706935,11588914.291706935,0.0,0.0,0.0,0.0,0,-0.15563337657947587,True,False,3715,125
2015-11-18 00:00:00+00:00,11588914.291706935,11588914.291706935,0.0,0.0,0.0,0.0,0,-0.15563337657947587,True,False,3717,125
2015-11-19 00:00:00+00:00,11588914.291706935,11588914.291706935,0.0,0.0,0.0,0.0,0,-0.15563337657947587,True,False,3717,125
2015-11-20 00:00:00+00:00,11588914.291706935,11588914.291706935,0.0,0.0,0.0,0.0,0,-0.15563337657947587,True,False,3717,125
2015-11-23 00:00:00+00:00,11588914.291706935,11588914.291706935,0.0,0.0,0.0,0.0,0,-0.15563337657947587,True,False,3718,125
2015-11-24 00:00:00+00:00,11588914.291706935,11588914.291706935,0.0,0.0,0.0,0.0,0,-0.15563337657947587,True,False,3718,125
2015-11-25 00:00:00+00:00,11588914.291706935,11588914.291706935,0.0,0.0,0.0,0.0,0,-0.15563337657947587,True,False,3718,125
2015-11-26 00:00:00+00:00,11588914.291706935,11588914.291706935,0.0,0.0,0.0,0.0,0,-0.15563337657947587,True,False,3718,125
2015-11-27 00:00:00+00:00,11588914.291706935,11588914.291706935,0.0,0.0,0.0,0.0,0,-0.15563337657947587,True,False,3718,125
2015-11-30 00:00:00+00:00,11588914.291706935,11588914.291706935,0.0,0.0,0.0,0.0,0,-0.15563337657947587,True,False,3719,125
2015-12-01 00:00:00+00:00,11588914.291706935,11588914.291706935,0.0,0.0,0.0,0.0,0,-0.15563337657947587,True,False,3720,125
2015-12-02 00:00:00+00:00,11588914.291706935,11588914.291706935,0.0,0.0,0.0,0.0,0,-0.15563337657947587,True,False,3720,125
2015-12-03 00:00:00+00:00,11588914.291706935,11588914.291706935,0.0,0.0,0.0,0.0,0,-0.15563337657947587,True,False,3720,125
2015-12-04 00:00:00+00:00,11588914.291706935,11588914.291706935,0.0,0.0,0.0,0.0,0,-0.15563337657947587,True,False,3721,125
2015-12-07 00:00:00+00:00,11588914.291706935,11588914.291706935,0.0,0.0,0.0,0.0,0,-0.15563337657947587,True,False,3722,125
2015-12-08 00:00:00+00:00,11588914.291706935,11588914.291706935,0.0,0.0,0.0,0.0,0,-0.15563337657947587,True,False,3741,125
2015-12-09 00:00:00+00:00,11588914.291706935,11588914.291706935,0.0,0.0,0.0,0.0,0,-0.15563337657947587,True,False,3747,125
2015-12-10 00:00:00+00:00,11588914.291706935,11588914.291706935,0.0,0.0,0.0,0.0,0,-0.15563337657947587,True,False,3748,125
2015-12-11 00:00:00+00:00,11588914.291706935,11588914.291706935,0.0,0.0,0.0,0.0,0,-0.15563337657947587,True,False,3750,125
2015-12-14 00:00:00+00:00,11588914.291706935,11588914.291706935,0.0,0.0,0.0,0.0,0,-0.15563337657947587,True,False,3753,125
2015-12-15 00:00:00+00:00,11588914.291706935,11588914.291706935,0.0,0.0,0.0,0.0,0,-0.15563337657947587,True,False,3753,125
2015-12-16 00:00:00+00:00,11588914.291706935,11588914.291706935,0.0,0.0,0.0,0.0,0,-0.15563337657947587,True,False,3753,125
2015-12-17 00:00:00+00:00,11588914.291706935,11588914.291706935,0.0,0.0,0.0,0.0,0,-0.15563337657947587,True,False,3753,125
2015-12-18 00:00:00+00:00,11588914.291706935,11588914.291706935,0.0,0.0,0.0,0.0,0,-0.15563337657947587,True,False,3753,125
2015-12-21 00:00:00+00:00,11588914.291706935,11588914.291706935,0.0,0.0,0.0,0.0,0,-0.15563337657947587,True,False,3753,125
2015-12-22 00:00:00+00:00,11588914.291706935,11588914.291706935,0.0,0.0,0.0,0.0,0,-0.15563337657947587,True,False,3753,125
2015-12-23 00:00:00+00:00,11588914.291706935,11588914.291706935,0.0,0.0,0.0,0.0,0,-0.15563337657947587,True,False,3753,125
2015-12-24 00:00:00+00:00,11588914.291706935,11588914.291706935,0.0,0.0,0.0,0.0,0,-0.15563337657947587,True,False,3753,125
2015-12-28 00:00:00+00:00,11588914.291706935,11588914.291706935,0.0,0.0,0.0,0.0,0,-0.15563337657947587,True,False,3753,125
2015-12-29 00:00:00+00:00,11588914.291706935,11588914.291706935,0.0,0.0,0.0,0.0,0,-0.15563337657947587,True,False,3753,125
2015-12-30 00:00:00+00:00,11588914.291706935,11588914.291706935,0.0,0.0,0.0,0.0,0,-0.15563337657947587,True,False,3753,125
2015-12-31 00:00:00+00:00,11588914.291706935,11588914.291706935,0.0,0.0,0.0,0.0,0,-0.15563337657947587,True,False,3753,125
2016-01-01 00:00:00+00:00,11588914.291706935,11588914.291706935,0.0,0.0,0.0,0.0,0,-0.15563337657947587,True,False,3753,125
2016-01-04 00:00:00+00:00,11588914.291706935,11588914.291706935,0.0,0.0,0.0,0.0,0,-0.15563337657947587,True,False,3754,125
2016-01-05 00:00:00+00:00,11588914.291706935,11588914.291706935,0.0,0.0,0.0,0.0,0,-0.15563337657947587,True,False,3754,125
2016-01-06 00:00:00+00:00,11588914.291706935,11588914.291706935,0.0,0.0,0.0,0.0,0,-0.15563337657947587,True,False,3755,125
2016-01-07 00:00:00+00:00,11588914.291706935,11588914.291706935,0.0,0.0,0.0,0.0,0,-0.15563337657947587,True,False,3773,125
2016-01-08 00:00:00+00:00,11588914.291706935,11588914.291706935,0.0,0.0,0.0,0.0,0,-0.15563337657947587,True,False,3773,125
2016-01-11 00:00:00+00:00,11588914.291706935,11588914.291706935,0.0,0.0,0.0,0.0,0,-0.15563337657947587,True,False,3777,125
2016-01-12 00:00:00+00:00,11588914.291706935,11588914.291706935,0.0,0.0,0.0,0.0,0,-0.15563337657947587,True,False,3778,125
2016-01-13 00:00:00+00:00,11588914.291706935,11588914.291706935,0.0,0.0,0.0,0.0,0,-0.15563337657947587,True,False,3778,125
2016-01-14 00:00:00+00:00,11588914.291706935,11588914.291706935,0.0,0.0,0.0,0.0,0,-0.15563337657947587,True,False,3778,125
2016-01-15 00:00:00+00:00,11588914.291706935,11588914.291706935,0.0,0.0,0.0,0.0,0,-0.15563337657947587,True,False,3781,125
2016-01-18 00:00:00+00:00,11588914.291706935,11588914.291706935,0.0,0.0,0.0,0.0,0,-0.15563337657947587,True,False,3782,125
2016-01-19 00:00:00+00:00,11588914.291706935,11588914.291706935,0.0,0.0,0.0,0.0,0,-0.15563337657947587,True,False,3782,125
2016-01-20 00:00:00+00:00,11588914.291706935,11588914.291706935,0.0,0.0,0.0,0.0,0,-0.15563337657947587,True,False,3788,125
2016-01-21 00:00:00+00:00,11588914.291706935,11588914.291706935,0.0,0.0,0.0,0.0,0,-0.15563337657947587,True,False,3792,125
2016-01-22 00:00:00+00:00,11588914.291706935,11588914.291706935,0.0,0.0,0.0,0.0,0,-0.15563337657947587,True,False,3792,125
2016-01-25 00:00:00+00:00,11588914.291706935,11588914.291706935,0.0,0.0,0.0,0.0,0,-0.15563337657947587,True,False,3792,125
2016-01-26 00:00:00+00:00,11588914.291706935,11588914.291706935,0.0,0.0,0.0,0.0,0,-0.15563337657947587,True,False,3792,125
2016-01-27 00:00:00+00:00,11588914.291706935,11588914.291706935,0.0,0.0,0.0,0.0,0,-0.15563337657947587,True,False,3792,125
2016-01-28 00:00:00+00:00,11588914.291706935,11588914.291706935,0.0,0.0,0.0,0.0,0,-0.15563337657947587,True,False,3792,125
2016-01-29 00:00:00+00:00,11588914.291706935,11588914.291706935,0.0,0.0,0.0,0.0,0,-0.15563337657947587,True,False,3792,125
2016-02-01 00:00:00+00:00,11588914.291706935,11588914.291706935,0.0,0.0,0.0,0.0,0,-0.15563337657947587,True,False,3792,125
2016-02-02 00:00:00+00:00,11588914.291706935,11588914.291706935,0.0,0.0,0.0,0.0,0,-0.15563337657947587,True,False,3794,125
2016-02-03 00:00:00+00:00,11588914.291706935,11588914.291706935,0.0,0.0,0.0,0.0,0,-0.15563337657947587,True,False,3794,125
2016-02-04 00:00:00+00:00,11588914.291706935,11588914.291706935,0.0,0.0,0.0,0.0,0,-0.15563337657947587,True,False,3796,125
2016-02-05 00:00:00+00:00,11588914.291706935,11588914.291706935,0.0,0.0,0.0,0.0,0,-0.15563337657947587,True,False,3811,125
2016-02-08 00:00:00+00:00,11588914.291706935,11588914.291706935,0.0,0.0,0.0,0.0,0,-0.15563337657947587,True,False,3811,125
2016-02-09 00:00:00+00:00,11588914.291706935,11588914.291706935,0.0,0.0,0.0,0.0,0,-0.15563337657947587,True,False,3811,125
2016-02-10 00:00:00+00:00,11588914.291706935,11588914.291706935,0.0,0.0,0.0,0.0,0,-0.15563337657947587,True,False,3812,125
2016-02-11 00:00:00+00:00,11588914.291706935,11588914.291706935,0.0,0.0,0.0,0.0,0,-0.15563337657947587,True,False,3826,125
2016-02-12 00:00:00+00:00,11588914.291706935,11588914.291706935,0.0,0.0,0.0,0.0,0,-0.15563337657947587,True,False,3833,125
2016-02-15 00:00:00+00:00,11588914.291706935,11588914.291706935,0.0,0.0,0.0,0.0,0,-0.15563337657947587,True,False,3833,125
2016-02-16 00:00:00+00:00,11588914.291706935,11588914.291706935,0.0,0.0,0.0,0.0,0,-0.15563337657947587,True,False,3833,125
2016-02-17 00:00:00+00:00,11588914.291706935,11588914.291706935,0.0,0.0,0.0,0.0,0,-0.15563337657947587,True,False,3833,125
2016-02-18 00:00:00+00:00,11588914.291706935,11588914.291706935,0.0,0.0,0.0,0.0,0,-0.15563337657947587,True,False,3833,125
2016-02-19 00:00:00+00:00,11588914.291706935,11588914.291706935,0.0,0.0,0.0,0.0,0,-0.15563337657947587,True,False,3833,125
2016-02-22 00:00:00+00:00,11588914.291706935,11588914.291706935,0.0,0.0,0.0,0.0,0,-0.15563337657947587,True,False,3833,125
2016-02-23 00:00:00+00:00,11588914.291706935,11588914.291706935,0.0,0.0,0.0,0.0,0,-0.15563337657947587,True,False,3834,125
2016-02-24 00:00:00+00:00,11588914.291706935,11588914.291706935,0.0,0.0,0.0,0.0,0,-0.15563337657947587,True,False,3834,125
2016-02-25 00:00:00+00:00,11588914.291706935,11588914.291706935,0.0,0.0,0.0,0.0,0,-0.15563337657947587,True,False,3834,125
2016-02-26 00:00:00+00:00,11588914.291706935,11588914.291706935,0.0,0.0,0.0,0.0,0,-0.15563337657947587,True,False,3834,125
2016-02-29 00:00:00+00:00,11588914.291706935,11588914.291706935,0.0,0.0,0.0,0.0,0,-0.15563337657947587,True,False,3834,125
2016-03-01 00:00:00+00:00,11588914.291706935,11588914.291706935,0.0,0.0,0.0,0.0,0,-0.15563337657947587,True,False,3834,125
2016-03-02 00:00:00+00:00,11588914.291706935,11588914.291706935,0.0,0.0,0.0,0.0,0,-0.15563337657947587,True,False,3834,125
2016-03-03 00:00:00+00:00,11588914.291706935,11588914.291706935,0.0,0.0,0.0,0.0,0,-0.15563337657947587,True,False,3834,125
2016-03-04 00:00:00+00:00,11588914.291706935,11588914.291706935,0.0,0.0,0.0,0.0,0,-0.15563337657947587,True,False,3834,125
2016-03-07 00:00:00+00:00,11588914.291706935,11588914.291706935,0.0,0.0,0.0,0.0,0,-0.15563337657947587,True,False,3834,125
2016-03-08 00:00:00+00:00,11588914.291706935,11588914.291706935,0.0,0.0,0.0,0.0,0,-0.15563337657947587,True,False,3834,125
2016-03-09 00:00:00+00:00,11588914.291706935,11588914.291706935,0.0,0.0,0.0,0.0,0,-0.15563337657947587,True,False,3834,125
2016-03-10 00:00:00+00:00,11588914.291706935,11588914.291706935,0.0,0.0,0.0,0.0,0,-0.15563337657947587,True,False,3834,125
2016-03-11 00:00:00+00:00,11588914.291706935,11588914.291706935,0.0,0.0,0.0,0.0,0,-0.15563337657947587,True,False,3834,125
2016-03-14 00:00:00+00:00,11588914.291706935,11588914.291706935,0.0,0.0,0.0,0.0,0,-0.15563337657947587,True,False,3834,125
2016-03-15 00:00:00+00:00,11588914.291706935,11588914.291706935,0.0,0.0,0.0,0.0,0,-0.15563337657947587,True,False,3834,125
2016-03-16 00:00:00+00:00,11588914.291706935,11588914.291706935,0.0,0.0,0.0,0.0,0,-0.15563337657947587,True,False,3834,125
2016-03-17 00:00:00+00:00,11588914.291706935,11588914.291706935,0.0,0.0,0.0,0.0,0,-0.15563337657947587,True,False,3834,125
2016-03-18 00:00:00+00:00,11588914.291706935,11588914.291706935,0.0,0.0,0.0,0.0,0,-0.15563337657947587,True,False,3834,125
2016-03-21 00:00:00+00:00,11588914.291706935,11588914.291706935,0.0,0.0,0.0,0.0,0,-0.15563337657947587,True,False,3834,125
2016-03-22 00:00:00+00:00,11588914.291706935,11588914.291706935,0.0,0.0,0.0,0.0,0,-0.15563337657947587,True,False,3834,125
2016-03-23 00:00:00+00:00,11588914.291706935,11588914.291706935,0.0,0.0,0.0,0.0,0,-0.15563337657947587,True,False,3834,125
2016-03-24 00:00:00+00:00,11588914.291706935,11588914.291706935,0.0,0.0,0.0,0.0,0,-0.15563337657947587,True,False,3834,125
2016-03-28 00:00:00+00:00,11588914.291706935,11588914.291706935,0.0,0.0,0.0,0.0,0,-0.15563337657947587,True,False,3834,125
2016-03-29 00:00:00+00:00,11588914.291706935,11588914.291706935,0.0,0.0,0.0,0.0,0,-0.15563337657947587,True,False,3835,125
2016-03-30 00:00:00+00:00,11588914.291706935,11588914.291706935,0.0,0.0,0.0,0.0,0,-0.15563337657947587,True,False,3835,125
2016-03-31 00:00:00+00:00,11588914.291706935,11588914.291706935,0.0,0.0,0.0,0.0,0,-0.15563337657947587,True,False,3835,125
2016-04-01 00:00:00+00:00,11588914.291706935,11588914.291706935,0.0,0.0,0.0,0.0,0,-0.15563337657947587,True,False,3835,125
2016-04-04 00:00:00+00:00,11588914.291706935,11588914.291706935,0.0,0.0,0.0,0.0,0,-0.15563337657947587,True,False,3835,125
2016-04-05 00:00:00+00:00,11588914.291706935,11588914.291706935,0.0,0.0,0.0,0.0,0,-0.15563337657947587,True,False,3835,125
2016-04-06 00:00:00+00:00,11588914.291706935,11588914.291706935,0.0,0.0,0.0,0.0,0,-0.15563337657947587,True,False,3850,125
2016-04-07 00:00:00+00:00,11588914.291706935,11588914.291706935,0.0,0.0,0.0,0.0,0,-0.15563337657947587,True,False,3851,125
2016-04-08 00:00:00+00:00,11588914.291706935,11588914.291706935,0.0,0.0,0.0,0.0,0,-0.15563337657947587,True,False,3851,125
2016-04-11 00:00:00+00:00,11588914.291706935,11588914.291706935,0.0,0.0,0.0,0.0,0,-0.15563337657947587,True,False,3851,125
2016-04-12 00:00:00+00:00,11588914.291706935,11588914.291706935,0.0,0.0,0.0,0.0,0,-0.15563337657947587,True,False,3851,125
2016-04-13 00:00:00+00:00,11588914.291706935,11588914.291706935,0.0,0.0,0.0,0.0,0,-0.15563337657947587,True,False,3851,125
2016-04-14 00:00:00+00:00,11588914.291706935,11588914.291706935,0.0,0.0,0.0,0.0,0,-0.15563337657947587,True,False,3851,125
2016-04-15 00:00:00+00:00,11588914.291706935,11588914.291706935,0.0,0.0,0.0,0.0,0,-0.15563337657947587,True,False,3851,125
2016-04-18 00:00:00+00:00,11588914.291706935,11588914.291706935,0.0,0.0,0.0,0.0,0,-0.15563337657947587,True,False,3851,125
2016-04-19 00:00:00+00:00,11588914.291706935,11588914.291706935,0.0,0.0,0.0,0.0,0,-0.15563337657947587,True,False,3851,125
2016-04-20 00:00:00+00:00,11588914.291706935,11588914.291706935,0.0,0.0,0.0,0.0,0,-0.15563337657947587,True,False,3851,125
2016-04-21 00:00:00+00:00,11588914.291706935,11588914.291706935,0.0,0.0,0.0,0.0,0,-0.15563337657947587,True,False,3851,125
2016-04-22 00:00:00+00:00,11588914.291706935,11588914.291706935,0.0,0.0,0.0,0.0,0,-0.15563337657947587,True,False,3851,125
2016-04-25 00:00:00+00:00,11588914.291706935,11588914.291706935,0.0,0.0,0.0,0.0,0,-0.15563337657947587,True,False,3851,125
2016-04-26 00:00:00+00:00,11588914.291706935,11588914.291706935,0.0,0.0,0.0,0.0,0,-0.15563337657947587,True,False,3851,125
2016-04-27 00:00:00+00:00,11588914.291706935,11588914.291706935,0.0,0.0,0.0,0.0,0,-0.15563337657947587,True,False,3851,125
2016-04-28 00:00:00+00:00,11588914.291706935,11588914.291706935,0.0,0.0,0.0,0.0,0,-0.15563337657947587,True,False,3851,125
2016-04-29 00:00:00+00:00,11588914.291706935,11588914.291706935,0.0,0.0,0.0,0.0,0,-0.15563337657947587,True,False,3853,125
2016-05-02 00:00:00+00:00,11588914.291706935,11588914.291706935,0.0,0.0,0.0,0.0,0,-0.15563337657947587,True,False,3853,125
2016-05-03 00:00:00+00:00,11588914.291706935,11588914.291706935,0.0,0.0,0.0,0.0,0,-0.15563337657947587,True,False,3853,125
2016-05-04 00:00:00+00:00,11588914.291706935,11588914.291706935,0.0,0.0,0.0,0.0,0,-0.15563337657947587,True,False,3853,125
2016-05-05 00:00:00+00:00,11588914.291706935,11588914.291706935,0.0,0.0,0.0,0.0,0,-0.15563337657947587,True,False,3869,125
2016-05-06 00:00:00+00:00,11588914.291706935,11588914.291706935,0.0,0.0,0.0,0.0,0,-0.15563337657947587,True,False,3870,125
2016-05-09 00:00:00+00:00,11588914.291706935,11588914.291706935,0.0,0.0,0.0,0.0,0,-0.15563337657947587,True,False,3870,125
2016-05-10 00:00:00+00:00,11588914.291706935,11588914.291706935,0.0,0.0,0.0,0.0,0,-0.15563337657947587,True,False,3870,125
2016-05-11 00:00:00+00:00,11588914.291706935,11588914.291706935,0.0,0.0,0.0,0.0,0,-0.15563337657947587,True,False,3870,125
2016-05-12 00:00:00+00:00,11588914.291706935,11588914.291706935,0.0,0.0,0.0,0.0,0,-0.15563337657947587,True,False,3870,125
2016-05-13 00:00:00+00:00,11588914.291706935,11588914.291706935,0.0,0.0,0.0,0.0,0,-0.15563337657947587,True,False,3870,125
2016-05-16 00:00:00+00:00,11588914.291706935,11588914.291706935,0.0,0.0,0.0,0.0,0,-0.15563337657947587,True,False,3870,125
2016-05-17 00:00:00+00:00,11588914.291706935,11588914.291706935,0.0,0.0,0.0,0.0,0,-0.15563337657947587,True,False,3870,125
2016-05-18 00:00:00+00:00,11588914.291706935,11588914.291706935,0.0,0.0,0.0,0.0,0,-0.15563337657947587,True,False,3870,125
2016-05-19 00:00:00+00:00,11588914.291706935,11588914.291706935,0.0,0.0,0.0,0.0,0,-0.15563337657947587,True,False,3870,125
2016-05-20 00:00:00+00:00,11588914.291706935,11588914.291706935,0.0,0.0,0.0,0.0,0,-0.15563337657947587,True,False,3874,125
2016-05-23 00:00:00+00:00,11588914.291706935,11588914.291706935,0.0,0.0,0.0,0.0,0,-0.15563337657947587,True,False,3874,125
2016-05-24 00:00:00+00:00,11588914.291706935,11588914.291706935,0.0,0.0,0.0,0.0,0,-0.15563337657947587,True,False,3876,125
2016-05-25 00:00:00+00:00,11588914.291706935,11588914.291706935,0.0,0.0,0.0,0.0,0,-0.15563337657947587,True,False,3876,125
2016-05-26 00:00:00+00:00,11588914.291706935,11588914.291706935,0.0,0.0,0.0,0.0,0,-0.15563337657947587,True,False,3876,125
2016-05-27 00:00:00+00:00,11588914.291706935,11588914.291706935,0.0,0.0,0.0,0.0,0,-0.15563337657947587,True,False,3876,125
2016-05-30 00:00:00+00:00,11588914.291706935,11588914.291706935,0.0,0.0,0.0,0.0,0,-0.15563337657947587,True,False,3877,125
2016-05-31 00:00:00+00:00,11588914.291706935,11588914.291706935,0.0,0.0,0.0,0.0,0,-0.15563337657947587,True,False,3877,125
2016-06-01 00:00:00+00:00,11588914.291706935,11588914.291706935,0.0,0.0,0.0,0.0,0,-0.15563337657947587,True,False,3877,125
2016-06-02 00:00:00+00:00,11588914.291706935,11588914.291706935,0.0,0.0,0.0,0.0,0,-0.15563337657947587,True,False,3877,125
2016-06-03 00:00:00+00:00,11588914.291706935,11588914.291706935,0.0,0.0,0.0,0.0,0,-0.15563337657947587,True,False,3893,125
2016-06-06 00:00:00+00:00,11588914.291706935,11588914.291706935,0.0,0.0,0.0,0.0,0,-0.15563337657947587,True,False,3894,125
2016-06-07 00:00:00+00:00,11588914.291706935,11588914.291706935,0.0,0.0,0.0,0.0,0,-0.15563337657947587,True,False,3894,125
2016-06-08 00:00:00+00:00,11588914.291706935,11588914.291706935,0.0,0.0,0.0,0.0,0,-0.15563337657947587,True,False,3894,125
2016-06-09 00:00:00+00:00,11588914.291706935,11588914.291706935,0.0,0.0,0.0,0.0,0,-0.15563337657947587,True,False,3894,125
2016-06-10 00:00:00+00:00,11588914.291706935,11588914.291706935,0.0,0.0,0.0,0.0,0,-0.15563337657947587,True,False,3894,125
2016-06-13 00:00:00+00:00,11588914.291706935,11588914.291706935,0.0,0.0,0.0,0.0,0,-0.15563337657947587,True,False,3894,125
2016-06-14 00:00:00+00:00,11588914.291706935,11588914.291706935,0.0,0.0,0.0,0.0,0,-0.15563337657947587,True,False,3894,125
2016-06-15 00:00:00+00:00,11588914.291706935,11588914.291706935,0.0,0.0,0.0,0.0,0,-0.15563337657947587,True,False,3894,125
2016-06-16 00:00:00+00:00,11588914.291706935,11588914.291706935,0.0,0.0,0.0,0.0,0,-0.15563337657947587,True,False,3894,125
2016-06-17 00:00:00+00:00,11588914.291706935,11588914.291706935,0.0,0.0,0.0,0.0,0,-0.15563337657947587,True,False,3895,125
2016-06-20 00:00:00+00:00,11588914.291706935,11588914.291706935,0.0,0.0,0.0,0.0,0,-0.15563337657947587,True,False,3895,125
2016-06-21 00:00:00+00:00,11588914.291706935,11588914.291706935,0.0,0.0,0.0,0.0,0,-0.15563337657947587,True,False,3896,125
2016-06-22 00:00:00+00:00,11588914.291706935,11588914.291706935,0.0,0.0,0.0,0.0,0,-0.15563337657947587,True,False,3896,125
2016-06-23 00:00:00+00:00,11588914.291706935,11588914.291706935,0.0,0.0,0.0,0.0,0,-0.15563337657947587,True,False,3896,125
2016-06-24 00:00:00+00:00,11588914.291706935,11588914.291706935,0.0,0.0,0.0,0.0,0,-0.15563337657947587,True,False,3896,125
2016-06-27 00:00:00+00:00,11588914.291706935,11588914.291706935,0.0,0.0,0.0,0.0,0,-0.15563337657947587,True,False,3896,125
2016-06-28 00:00:00+00:00,11588914.291706935,11588914.291706935,0.0,0.0,0.0,0.0,0,-0.15563337657947587,True,False,3897,125
2016-06-29 00:00:00+00:00,11588914.291706935,11588914.291706935,0.0,0.0,0.0,0.0,0,-0.15563337657947587,True,False,3897,125
2016-06-30 00:00:00+00:00,11588914.291706935,11588914.291706935,0.0,0.0,0.0,0.0,0,-0.15563337657947587,True,False,3898,125
2016-07-01 00:00:00+00:00,11588914.291706935,11588914.291706935,0.0,0.0,0.0,0.0,0,-0.15563337657947587,True,False,3898,125
2016-07-04 00:00:00+00:00,11588914.291706935,11588914.291706935,0.0,0.0,0.0,0.0,0,-0.15563337657947587,True,False,3914,125
2016-07-05 00:00:00+00:00,11588914.291706935,11588914.291706935,0.0,0.0,0.0,0.0,0,-0.15563337657947587,True,False,3914,125
2016-07-06 00:00:00+00:00,11588914.291706935,11588914.291706935,0.0,0.0,0.0,0.0,0,-0.15563337657947587,True,False,3914,125
2016-07-07 00:00:00+00:00,11588914.291706935,11588914.291706935,0.0,0.0,0.0,0.0,0,-0.15563337657947587,True,False,3915,125
2016-07-08 00:00:00+00:00,11588914.291706935,11588914.291706935,0.0,0.0,0.0,0.0,0,-0.15563337657947587,True,False,3915,125
2016-07-11 00:00:00+00:00,11588914.291706935,11588914.291706935,0.0,0.0,0.0,0.0,0,-0.15563337657947587,True,False,3915,125
2016-07-12 00:00:00+00:00,11588914.291706935,11588914.291706935,0.0,0.0,0.0,0.0,0,-0.15563337657947587,True,False,3915,125
2016-07-13 00:00:00+00:00,11588914.291706935,11588914.291706935,0.0,0.0,0.0,0.0,0,-0.15563337657947587,True,False,3915,125
2016-07-14 00:00:00+00:00,11588914.291706935,11588914.291706935,0.0,0.0,0.0,0.0,0,-0.15563337657947587,True,False,3915,125
2016-07-15 00:00:00+00:00,11588914.291706935,11588914.291706935,0.0,0.0,0.0,0.0,0,-0.15563337657947587,True,False,3916,125
2016-07-18 00:00:00+00:00,11588914.291706935,11588914.291706935,0.0,0.0,0.0,0.0,0,-0.15563337657947587,True,False,3916,125
2016-07-19 00:00:00+00:00,11588914.291706935,11588914.291706935,0.0,0.0,0.0,0.0,0,-0.15563337657947587,True,False,3916,125
2016-07-20 00:00:00+00:00,11588914.291706935,11588914.291706935,0.0,0.0,0.0,0.0,0,-0.15563337657947587,True,False,3916,125
2016-07-21 00:00:00+00:00,11588914.291706935,11588914.291706935,0.0,0.0,0.0,0.0,0,-0.15563337657947587,True,False,3916,125
2016-07-22 00:00:00+00:00,11588914.291706935,11588914.291706935,0.0,0.0,0.0,0.0,0,-0.15563337657947587,True,False,3916,125
2016-07-25 00:00:00+00:00,11588914.291706935,11588914.291706935,0.0,0.0,0.0,0.0,0,-0.15563337657947587,True,False,3916,125
2016-07-26 00:00:00+00:00,11588914.291706935,11588914.291706935,0.0,0.0,0.0,0.0,0,-0.15563337657947587,True,False,3916,125
2016-07-27 00:00:00+00:00,11588914.291706935,11588914.291706935,0.0,0.0,0.0,0.0,0,-0.15563337657947587,True,False,3916,125
2016-07-28 00:00:00+00:00,11588914.291706935,11588914.291706935,0.0,0.0,0.0,0.0,0,-0.15563337657947587,True,False,3916,125
2016-07-29 00:00:00+00:00,11588914.291706935,11588914.291706935,0.0,0.0,0.0,0.0,0,-0.15563337657947587,True,False,3916,125
2016-08-01 00:00:00+00:00,11588914.291706935,11588914.291706935,0.0,0.0,0.0,0.0,0,-0.15563337657947587,True,False,3916,125
2016-08-02 00:00:00+00:00,11588914.291706935,11588914.291706935,0.0,0.0,0.0,0.0,0,-0.15563337657947587,True,False,3934,125
2016-08-03 00:00:00+00:00,11588914.291706935,11588914.291706935,0.0,0.0,0.0,0.0,0,-0.15563337657947587,True,False,3934,125
2016-08-04 00:00:00+00:00,11588914.291706935,11588914.291706935,0.0,0.0,0.0,0.0,0,-0.15563337657947587,True,False,3934,125
2016-08-05 00:00:00+00:00,11588914.291706935,11588914.291706935,0.0,0.0,0.0,0.0,0,-0.15563337657947587,True,False,3934,125
2016-08-08 00:00:00+00:00,11588914.291706935,11588914.291706935,0.0,0.0,0.0,0.0,0,-0.15563337657947587,True,False,3934,125
2016-08-09 00:00:00+00:00,11588914.291706935,11588914.291706935,0.0,0.0,0.0,0.0,0,-0.15563337657947587,True,False,3935,125
2016-08-10 00:00:00+00:00,11588914.291706935,11588914.291706935,0.0,0.0,0.0,0.0,0,-0.15563337657947587,True,False,3935,125
2016-08-11 00:00:00+00:00,11588914.291706935,11588914.291706935,0.0,0.0,0.0,0.0,0,-0.15563337657947587,True,False,3935,125
2016-08-12 00:00:00+00:00,11588914.291706935,11588914.291706935,0.0,0.0,0.0,0.0,0,-0.15563337657947587,True,False,3936,125
2016-08-15 00:00:00+00:00,11588914.291706935,11588914.291706935,0.0,0.0,0.0,0.0,0,-0.15563337657947587,True,False,3936,125
2016-08-16 00:00:00+00:00,11588914.291706935,11588914.291706935,0.0,0.0,0.0,0.0,0,-0.15563337657947587,True,False,3936,125
2016-08-17 00:00:00+00:00,11588914.291706935,11588914.291706935,0.0,0.0,0.0,0.0,0,-0.15563337657947587,True,False,3937,125
2016-08-18 00:00:00+00:00,11588914.291706935,11588914.291706935,0.0,0.0,0.0,0.0,0,-0.15563337657947587,True,False,3937,125
2016-08-19 00:00:00+00:00,11588914.291706935,11588914.291706935,0.0,0.0,0.0,0.0,0,-0.15563337657947587,True,False,3937,125
2016-08-22 00:00:00+00:00,11588914.291706935,11588914.291706935,0.0,0.0,0.0,0.0,0,-0.15563337657947587,True,False,3937,125
2016-08-23 00:00:00+00:00,11588914.291706935,11588914.291706935,0.0,0.0,0.0,0.0,0,-0.15563337657947587,True,False,3937,125
2016-08-24 00:00:00+00:00,11588914.291706935,11588914.291706935,0.0,0.0,0.0,0.0,0,-0.15563337657947587,True,False,3938,125
2016-08-25 00:00:00+00:00,11588914.291706935,11588914.291706935,0.0,0.0,0.0,0.0,0,-0.15563337657947587,True,False,3938,125
2016-08-26 00:00:00+00:00,11588914.291706935,11588914.291706935,0.0,0.0,0.0,0.0,0,-0.15563337657947587,True,False,3940,125
2016-08-29 00:00:00+00:00,11588914.291706935,11588914.291706935,0.0,0.0,0.0,0.0,0,-0.15563337657947587,True,False,3942,125
2016-08-30 00:00:00+00:00,11588914.291706935,11588914.291706935,0.0,0.0,0.0,0.0,0,-0.15563337657947587,True,False,3943,125
2016-08-31 00:00:00+00:00,11588914.291706935,11588914.291706935,0.0,0.0,0.0,0.0,0,-0.15563337657947587,True,False,3961,125
2016-09-01 00:00:00+00:00,11588914.291706935,11588914.291706935,0.0,0.0,0.0,0.0,0,-0.15563337657947587,True,False,3961,125
2016-09-02 00:00:00+00:00,11588914.291706935,11588914.291706935,0.0,0.0,0.0,0.0,0,-0.15563337657947587,True,False,3961,125
2016-09-06 00:00:00+00:00,11588914.291706935,11588914.291706935,0.0,0.0,0.0,0.0,0,-0.15563337657947587,True,False,3961,125
2016-09-07 00:00:00+00:00,11588914.291706935,11588914.291706935,0.0,0.0,0.0,0.0,0,-0.15563337657947587,True,False,3961,125
2016-09-08 00:00:00+00:00,11588914.291706935,11588914.291706935,0.0,0.0,0.0,0.0,0,-0.15563337657947587,True,False,3962,125
2016-09-09 00:00:00+00:00,11588914.291706935,11588914.291706935,0.0,0.0,0.0,0.0,0,-0.15563337657947587,True,False,3962,125
2016-09-12 00:00:00+00:00,11588914.291706935,11588914.291706935,0.0,0.0,0.0,0.0,0,-0.15563337657947587,True,False,3962,125
2016-09-13 00:00:00+00:00,11588914.291706935,11588914.291706935,0.0,0.0,0.0,0.0,0,-0.15563337657947587,True,False,3962,125
2016-09-14 00:00:00+00:00,11588914.291706935,11588914.291706935,0.0,0.0,0.0,0.0,0,-0.15563337657947587,True,False,3964,125
2016-09-15 00:00:00+00:00,11588914.291706935,11588914.291706935,0.0,0.0,0.0,0.0,0,-0.15563337657947587,True,False,3964,125
2016-09-16 00:00:00+00:00,11588914.291706935,11588914.291706935,0.0,0.0,0.0,0.0,0,-0.15563337657947587,True,False,3964,125
2016-09-19 00:00:00+00:00,11588914.291706935,11588914.291706935,0.0,0.0,0.0,0.0,0,-0.15563337657947587,True,False,3964,125
2016-09-20 00:00:00+00:00,11588914.291706935,11588914.291706935,0.0,0.0,0.0,0.0,0,-0.15563337657947587,True,False,3964,125
2016-09-21 00:00:00+00:00,11588914.291706935,11588914.291706935,0.0,0.0,0.0,0.0,0,-0.15563337657947587,True,False,3964,125
2016-09-22 00:00:00+00:00,11588914.291706935,11588914.291706935,0.0,0.0,0.0,0.0,0,-0.15563337657947587,True,False,3964,125
2016-09-23 00:00:00+00:00,11588914.291706935,11588914.291706935,0.0,0.0,0.0,0.0,0,-0.15563337657947587,True,False,3964,125
2016-09-26 00:00:00+00:00,11588914.291706935,11588914.291706935,0.0,0.0,0.0,0.0,0,-0.15563337657947587,True,False,3964,125
2016-09-27 00:00:00+00:00,11588914.291706935,11588914.291706935,0.0,0.0,0.0,0.0,0,-0.15563337657947587,True,False,3964,125
2016-09-28 00:00:00+00:00,11588914.291706935,11588914.291706935,0.0,0.0,0.0,0.0,0,-0.15563337657947587,True,False,3964,125
2016-09-29 00:00:00+00:00,11588914.291706935,11588914.291706935,0.0,0.0,0.0,0.0,0,-0.15563337657947587,True,False,3965,125
2016-09-30 00:00:00+00:00,11588914.291706935,11588914.291706935,0.0,0.0,0.0,0.0,0,-0.15563337657947587,True,False,3982,125
2016-10-03 00:00:00+00:00,11588914.291706935,11588914.291706935,0.0,0.0,0.0,0.0,0,-0.15563337657947587,True,False,3982,125
2016-10-04 00:00:00+00:00,11588914.291706935,11588914.291706935,0.0,0.0,0.0,0.0,0,-0.15563337657947587,True,False,3982,125
2016-10-05 00:00:00+00:00,11588914.291706935,11588914.291706935,0.0,0.0,0.0,0.0,0,-0.15563337657947587,True,False,3982,125
2016-10-06 00:00:00+00:00,11588914.291706935,11588914.291706935,0.0,0.0,0.0,0.0,0,-0.15563337657947587,True,False,3983,125
2016-10-07 00:00:00+00:00,11588914.291706935,11588914.291706935,0.0,0.0,0.0,0.0,0,-0.15563337657947587,True,False,3983,125
2016-10-10 00:00:00+00:00,11588914.291706935,11588914.291706935,0.0,0.0,0.0,0.0,0,-0.15563337657947587,True,False,3983,125
2016-10-11 00:00:00+00:00,11588914.291706935,11588914.291706935,0.0,0.0,0.0,0.0,0,-0.15563337657947587,True,False,3983,125
2016-10-12 00:00:00+00:00,11588914.291706935,11588914.291706935,0.0,0.0,0.0,0.0,0,-0.15563337657947587,True,False,3983,125
2016-10-13 00:00:00+00:00,11588914.291706935,11588914.291706935,0.0,0.0,0.0,0.0,0,-0.15563337657947587,True,False,3987,125
2016-10-14 00:00:00+00:00,11588914.291706935,11588914.291706935,0.0,0.0,0.0,0.0,0,-0.15563337657947587,True,False,3989,125
2016-10-17 00:00:00+00:00,11588914.291706935,11588914.291706935,0.0,0.0,0.0,0.0,0,-0.15563337657947587,True,False,3990,125
2016-10-18 00:00:00+00:00,11588914.291706935,11588914.291706935,0.0,0.0,0.0,0.0,0,-0.15563337657947587,True,False,3990,125
2016-10-19 00:00:00+00:00,11588914.291706935,11588914.291706935,0.0,0.0,0.0,0.0,0,-0.15563337657947587,True,False,3990,125
2016-10-20 00:00:00+00:00,11588914.291706935,11588914.291706935,0.0,0.0,0.0,0.0,0,-0.15563337657947587,True,False,3990,125
2016-10-21 00:00:00+00:00,11588914.291706935,11588914.291706935,0.0,0.0,0.0,0.0,0,-0.15563337657947587,True,False,3990,125
2016-10-24 00:00:00+00:00,11588914.291706935,11588914.291706935,0.0,0.0,0.0,0.0,0,-0.15563337657947587,True,False,3990,125
2016-10-25 00:00:00+00:00,11588914.291706935,11588914.291706935,0.0,0.0,0.0,0.0,0,-0.15563337657947587,True,False,3990,125
2016-10-26 00:00:00+00:00,11588914.291706935,11588914.291706935,0.0,0.0,0.0,0.0,0,-0.15563337657947587,True,False,3991,125
2016-10-27 00:00:00+00:00,11588914.291706935,11588914.291706935,0.0,0.0,0.0,0.0,0,-0.15563337657947587,True,False,3993,125
2016-10-28 00:00:00+00:00,11588914.291706935,11588914.291706935,0.0,0.0,0.0,0.0,0,-0.15563337657947587,True,False,3993,125
2016-10-31 00:00:00+00:00,11588914.291706935,11588914.291706935,0.0,0.0,0.0,0.0,0,-0.15563337657947587,True,False,3993,125
2016-11-01 00:00:00+00:00,11588914.291706935,11588914.291706935,0.0,0.0,0.0,0.0,0,-0.15563337657947587,True,False,3993,125
2016-11-02 00:00:00+00:00,11588914.291706935,11588914.291706935,0.0,0.0,0.0,0.0,0,-0.15563337657947587,True,False,3994,125
2016-11-03 00:00:00+00:00,11588914.291706935,11588914.291706935,0.0,0.0,0.0,0.0,0,-0.15563337657947587,True,False,3997,125
2016-11-04 00:00:00+00:00,11588914.291706935,11588914.291706935,0.0,0.0,0.0,0.0,0,-0.15563337657947587,True,False,4000,125
2016-11-07 00:00:00+00:00,11588914.291706935,11588914.291706935,0.0,0.0,0.0,0.0,0,-0.15563337657947587,True,False,4000,125
2016-11-08 00:00:00+00:00,11588914.291706935,11588914.291706935,0.0,0.0,0.0,0.0,0,-0.15563337657947587,True,False,4001,125
2016-11-09 00:00:00+00:00,11588914.291706935,11588914.291706935,0.0,0.0,0.0,0.0,0,-0.15563337657947587,True,False,4010,125
2016-11-10 00:00:00+00:00,11588914.291706935,11588914.291706935,0.0,0.0,0.0,0.0,0,-0.15563337657947587,True,False,4013,125
2016-11-11 00:00:00+00:00,11588914.291706935,11588914.291706935,0.0,0.0,0.0,0.0,0,-0.15563337657947587,True,False,4018,125
2016-11-14 00:00:00+00:00,11588914.291706935,11588914.291706935,0.0,0.0,0.0,0.0,0,-0.15563337657947587,True,False,4018,125
2016-11-15 00:00:00+00:00,11588914.291706935,11588914.291706935,0.0,0.0,0.0,0.0,0,-0.15563337657947587,True,False,4029,125
2016-11-16 00:00:00+00:00,11588914.291706935,11588914.291706935,0.0,0.0,0.0,0.0,0,-0.15563337657947587,True,False,4031,125
2016-11-17 00:00:00+00:00,11588914.291706935,11588914.291706935,0.0,0.0,0.0,0.0,0,-0.15563337657947587,True,False,4031,125
2016-11-18 00:00:00+00:00,11588914.291706935,11588914.291706935,0.0,0.0,0.0,0.0,0,-0.15563337657947587,True,False,4031,125
2016-11-21 00:00:00+00:00,11588914.291706935,11588914.291706935,0.0,0.0,0.0,0.0,0,-0.15563337657947587,True,False,4031,125
2016-11-22 00:00:00+00:00,11588914.291706935,11588914.291706935,0.0,0.0,0.0,0.0,0,-0.15563337657947587,True,False,4031,125
2016-11-23 00:00:00+00:00,11588914.291706935,11588914.291706935,0.0,0.0,0.0,0.0,0,-0.15563337657947587,True,False,4032,125
2016-11-24 00:00:00+00:00,11588914.291706935,11588914.291706935,0.0,0.0,0.0,0.0,0,-0.15563337657947587,True,False,4033,125
2016-11-25 00:00:00+00:00,11588914.291706935,11588914.291706935,0.0,0.0,0.0,0.0,0,-0.15563337657947587,True,False,4033,125
2016-11-28 00:00:00+00:00,11588914.291706935,11588914.291706935,0.0,0.0,0.0,0.0,0,-0.15563337657947587,True,False,4033,125
2016-11-29 00:00:00+00:00,11588914.291706935,11588914.291706935,0.0,0.0,0.0,0.0,0,-0.15563337657947587,True,False,4046,125
2016-11-30 00:00:00+00:00,11588914.291706935,11588914.291706935,0.0,0.0,0.0,0.0,0,-0.15563337657947587,True,False,4046,125
2016-12-01 00:00:00+00:00,11588914.291706935,11588914.291706935,0.0,0.0,0.0,0.0,0,-0.15563337657947587,True,False,4047,125
2016-12-02 00:00:00+00:00,11588914.291706935,11588914.291706935,0.0,0.0,0.0,0.0,0,-0.15563337657947587,True,False,4047,125
2016-12-05 00:00:00+00:00,11588914.291706935,11588914.291706935,0.0,0.0,0.0,0.0,0,-0.15563337657947587,True,False,4048,125
2016-12-06 00:00:00+00:00,11588914.291706935,11588914.291706935,0.0,0.0,0.0,0.0,0,-0.15563337657947587,True,False,4048,125
2016-12-07 00:00:00+00:00,11588914.291706935,11588914.291706935,0.0,0.0,0.0,0.0,0,-0.15563337657947587,True,False,4048,125
2016-12-08 00:00:00+00:00,11588914.291706935,11588914.291706935,0.0,0.0,0.0,0.0,0,-0.15563337657947587,True,False,4048,125
2016-12-09 00:00:00+00:00,11588914.291706935,11588914.291706935,0.0,0.0,0.0,0.0,0,-0.15563337657947587,True,False,4048,125
2016-12-12 00:00:00+00:00,11588914.291706935,11588914.291706935,0.0,0.0,0.0,0.0,0,-0.15563337657947587,True,False,4048,125
2016-12-13 00:00:00+00:00,11588914.291706935,11588914.291706935,0.0,0.0,0.0,0.0,0,-0.15563337657947587,True,False,4048,125
2016-12-14 00:00:00+00:00,11588914.291706935,11588914.291706935,0.0,0.0,0.0,0.0,0,-0.15563337657947587,True,False,4049,125
2016-12-15 00:00:00+00:00,11588914.291706935,11588914.291706935,0.0,0.0,0.0,0.0,0,-0.15563337657947587,True,False,4051,125
2016-12-16 00:00:00+00:00,11588914.291706935,11588914.291706935,0.0,0.0,0.0,0.0,0,-0.15563337657947587,True,False,4051,125
2016-12-19 00:00:00+00:00,11588914.291706935,11588914.291706935,0.0,0.0,0.0,0.0,0,-0.15563337657947587,True,False,4051,125
2016-12-20 00:00:00+00:00,11588914.291706935,11588914.291706935,0.0,0.0,0.0,0.0,0,-0.15563337657947587,True,False,4051,125
2016-12-21 00:00:00+00:00,11588914.291706935,11588914.291706935,0.0,0.0,0.0,0.0,0,-0.15563337657947587,True,False,4052,125
2016-12-22 00:00:00+00:00,11588914.291706935,11588914.291706935,0.0,0.0,0.0,0.0,0,-0.15563337657947587,True,False,4052,125
2016-12-23 00:00:00+00:00,11588914.291706935,11588914.291706935,0.0,0.0,0.0,0.0,0,-0.15563337657947587,True,False,4054,125
2016-12-26 00:00:00+00:00,11588914.291706935,11588914.291706935,0.0,0.0,0.0,0.0,0,-0.15563337657947587,True,False,4057,125
2016-12-27 00:00:00+00:00,11588914.291706935,11588914.291706935,0.0,0.0,0.0,0.0,0,-0.15563337657947587,True,False,4058,125
2016-12-28 00:00:00+00:00,11588914.291706935,11588914.291706935,0.0,0.0,0.0,0.0,0,-0.15563337657947587,True,False,4074,125
2016-12-29 00:00:00+00:00,11588914.291706935,11588914.291706935,0.0,0.0,0.0,0.0,0,-0.15563337657947587,True,False,4074,125
2016-12-30 00:00:00+00:00,11588914.291706935,11588914.291706935,0.0,0.0,0.0,0.0,0,-0.15563337657947587,True,False,4074,125
2017-01-02 00:00:00+00:00,11588914.291706935,11588914.291706935,0.0,0.0,0.0,0.0,0,-0.15563337657947587,True,False,4074,125
2017-01-03 00:00:00+00:00,11588914.291706935,11588914.291706935,0.0,0.0,0.0,0.0,0,-0.15563337657947587,True,False,4074,125
2017-01-04 00:00:00+00:00,11588914.291706935,11588914.291706935,0.0,0.0,0.0,0.0,0,-0.15563337657947587,True,False,4074,125
2017-01-05 00:00:00+00:00,11588914.291706935,11588914.291706935,0.0,0.0,0.0,0.0,0,-0.15563337657947587,True,False,4074,125
2017-01-06 00:00:00+00:00,11588914.291706935,11588914.291706935,0.0,0.0,0.0,0.0,0,-0.15563337657947587,True,False,4074,125
2017-01-09 00:00:00+00:00,11588914.291706935,11588914.291706935,0.0,0.0,0.0,0.0,0,-0.15563337657947587,True,False,4074,125
2017-01-10 00:00:00+00:00,11588914.291706935,11588914.291706935,0.0,0.0,0.0,0.0,0,-0.15563337657947587,True,False,4074,125
2017-01-11 00:00:00+00:00,11588914.291706935,11588914.291706935,0.0,0.0,0.0,0.0,0,-0.15563337657947587,True,False,4074,125
2017-01-12 00:00:00+00:00,11588914.291706935,11588914.291706935,0.0,0.0,0.0,0.0,0,-0.15563337657947587,True,False,4074,125
2017-01-13 00:00:00+00:00,11588914.291706935,11588914.291706935,0.0,0.0,0.0,0.0,0,-0.15563337657947587,True,False,4074,125
2017-01-16 00:00:00+00:00,11588914.291706935,11588914.291706935,0.0,0.0,0.0,0.0,0,-0.15563337657947587,True,False,4074,125
2017-01-17 00:00:00+00:00,11588914.291706935,11588914.291706935,0.0,0.0,0.0,0.0,0,-0.15563337657947587,True,False,4074,125
2017-01-18 00:00:00+00:00,11588914.291706935,11588914.291706935,0.0,0.0,0.0,0.0,0,-0.15563337657947587,True,False,4074,125
2017-01-19 00:00:00+00:00,11588914.291706935,11588914.291706935,0.0,0.0,0.0,0.0,0,-0.15563337657947587,True,False,4074,125
2017-01-20 00:00:00+00:00,11588914.291706935,11588914.291706935,0.0,0.0,0.0,0.0,0,-0.15563337657947587,True,False,4074,125
2017-01-23 00:00:00+00:00,11588914.291706935,11588914.291706935,0.0,0.0,0.0,0.0,0,-0.15563337657947587,True,False,4074,125
2017-01-24 00:00:00+00:00,11588914.291706935,11588914.291706935,0.0,0.0,0.0,0.0,0,-0.15563337657947587,True,False,4074,125
2017-01-25 00:00:00+00:00,11588914.291706935,11588914.291706935,0.0,0.0,0.0,0.0,0,-0.15563337657947587,True,False,4074,125
2017-01-26 00:00:00+00:00,11588914.291706935,11588914.291706935,0.0,0.0,0.0,0.0,0,-0.15563337657947587,True,False,4076,125
2017-01-27 00:00:00+00:00,11588914.291706935,11588914.291706935,0.0,0.0,0.0,0.0,0,-0.15563337657947587,True,False,4076,125
2017-01-30 00:00:00+00:00,11588914.291706935,11588914.291706935,0.0,0.0,0.0,0.0,0,-0.15563337657947587,True,False,4076,125
2017-01-31 00:00:00+00:00,11588914.291706935,11588914.291706935,0.0,0.0,0.0,0.0,0,-0.15563337657947587,True,False,4076,125
2017-02-01 00:00:00+00:00,11588914.291706935,11588914.291706935,0.0,0.0,0.0,0.0,0,-0.15563337657947587,True,False,4076,125
2017-02-02 00:00:00+00:00,11588914.291706935,11588914.291706935,0.0,0.0,0.0,0.0,0,-0.15563337657947587,True,False,4076,125
2017-02-03 00:00:00+00:00,11588914.291706935,11588914.291706935,0.0,0.0,0.0,0.0,0,-0.15563337657947587,True,False,4076,125
2017-02-06 00:00:00+00:00,11588914.291706935,11588914.291706935,0.0,0.0,0.0,0.0,0,-0.15563337657947587,True,False,4076,125
2017-02-07 00:00:00+00:00,11588914.291706935,11588914.291706935,0.0,0.0,0.0,0.0,0,-0.15563337657947587,True,False,4076,125
2017-02-08 00:00:00+00:00,11588914.291706935,11588914.291706935,0.0,0.0,0.0,0.0,0,-0.15563337657947587,True,False,4076,125
2017-02-09 00:00:00+00:00,11588914.291706935,11588914.291706935,0.0,0.0,0.0,0.0,0,-0.15563337657947587,True,False,4077,125
2017-02-10 00:00:00+00:00,11588914.291706935,11588914.291706935,0.0,0.0,0.0,0.0,0,-0.15563337657947587,True,False,4077,125
2017-02-13 00:00:00+00:00,11588914.291706935,11588914.291706935,0.0,0.0,0.0,0.0,0,-0.15563337657947587,True,False,4077,125
2017-02-14 00:00:00+00:00,11588914.291706935,11588914.291706935,0.0,0.0,0.0,0.0,0,-0.15563337657947587,True,False,4077,125
2017-02-15 00:00:00+00:00,11588914.291706935,11588914.291706935,0.0,0.0,0.0,0.0,0,-0.15563337657947587,True,False,4077,125
2017-02-16 00:00:00+00:00,11588914.291706935,11588914.291706935,0.0,0.0,0.0,0.0,0,-0.15563337657947587,True,False,4077,125
2017-02-17 00:00:00+00:00,11588914.291706935,11588914.291706935,0.0,0.0,0.0,0.0,0,-0.15563337657947587,True,False,4077,125
2017-02-20 00:00:00+00:00,11588914.291706935,11588914.291706935,0.0,0.0,0.0,0.0,0,-0.15563337657947587,True,False,4077,125
2017-02-21 00:00:00+00:00,11588914.291706935,11588914.291706935,0.0,0.0,0.0,0.0,0,-0.15563337657947587,True,False,4078,125
2017-02-22 00:00:00+00:00,11588914.291706935,11588914.291706935,0.0,0.0,0.0,0.0,0,-0.15563337657947587,True,False,4078,125
2017-02-23 00:00:00+00:00,11588914.291706935,11588914.291706935,0.0,0.0,0.0,0.0,0,-0.15563337657947587,True,False,4078,125
2017-02-24 00:00:00+00:00,11588914.291706935,11588914.291706935,0.0,0.0,0.0,0.0,0,-0.15563337657947587,True,False,4080,125
2017-02-27 00:00:00+00:00,11588914.291706935,11588914.291706935,0.0,0.0,0.0,0.0,0,-0.15563337657947587,True,False,4080,125
2017-02-28 00:00:00+00:00,11588914.291706935,11588914.291706935,0.0,0.0,0.0,0.0,0,-0.15563337657947587,True,False,4080,125
2017-03-01 00:00:00+00:00,11588914.291706935,11588914.291706935,0.0,0.0,0.0,0.0,0,-0.15563337657947587,True,False,4080,125
2017-03-02 00:00:00+00:00,11588914.291706935,11588914.291706935,0.0,0.0,0.0,0.0,0,-0.15563337657947587,True,False,4082,125
2017-03-03 00:00:00+00:00,11588914.291706935,11588914.291706935,0.0,0.0,0.0,0.0,0,-0.15563337657947587,True,False,4082,125
2017-03-06 00:00:00+00:00,11588914.291706935,11588914.291706935,0.0,0.0,0.0,0.0,0,-0.15563337657947587,True,False,4082,125
2017-03-07 00:00:00+00:00,11588914.291706935,11588914.291706935,0.0,0.0,0.0,0.0,0,-0.15563337657947587,True,False,4083,125
2017-03-08 00:00:00+00:00,11588914.291706935,11588914.291706935,0.0,0.0,0.0,0.0,0,-0.15563337657947587,True,False,4083,125
2017-03-09 00:00:00+00:00,11588914.291706935,11588914.291706935,0.0,0.0,0.0,0.0,0,-0.15563337657947587,True,False,4085,125
2017-03-10 00:00:00+00:00,11588914.291706935,11588914.291706935,0.0,0.0,0.0,0.0,0,-0.15563337657947587,True,False,4087,125
2017-03-13 00:00:00+00:00,11588914.291706935,11588914.291706935,0.0,0.0,0.0,0.0,0,-0.15563337657947587,True,False,4087,125
2017-03-14 00:00:00+00:00,11588914.291706935,11588914.291706935,0.0,0.0,0.0,0.0,0,-0.15563337657947587,True,False,4087,125
2017-03-15 00:00:00+00:00,11588914.291706935,11588914.291706935,0.0,0.0,0.0,0.0,0,-0.15563337657947587,True,False,4087,125
2017-03-16 00:00:00+00:00,11588914.291706935,11588914.291706935,0.0,0.0,0.0,0.0,0,-0.15563337657947587,True,False,4087,125
2017-03-17 00:00:00+00:00,11588914.291706935,11588914.291706935,0.0,0.0,0.0,0.0,0,-0.15563337657947587,True,False,4088,125
2017-03-20 00:00:00+00:00,11588914.291706935,11588914.291706935,0.0,0.0,0.0,0.0,0,-0.15563337657947587,True,False,4088,125
2017-03-21 00:00:00+00:00,11588914.291706935,11588914.291706935,0.0,0.0,0.0,0.0,0,-0.15563337657947587,True,False,4088,125
2017-03-22 00:00:00+00:00,11588914.291706935,11588914.291706935,0.0,0.0,0.0,0.0,0,-0.15563337657947587,True,False,4088,125
2017-03-23 00:00:00+00:00,11588914.291706935,11588914.291706935,0.0,0.0,0.0,0.0,0,-0.15563337657947587,True,False,4089,125
2017-03-24 00:00:00+00:00,11588914.291706935,11588914.291706935,0.0,0.0,0.0,0.0,0,-0.15563337657947587,True,False,4089,125
2017-03-27 00:00:00+00:00,11588914.291706935,11588914.291706935,0.0,0.0,0.0,0.0,0,-0.15563337657947587,True,False,4105,125
2017-03-28 00:00:00+00:00,11588914.291706935,11588914.291706935,0.0,0.0,0.0,0.0,0,-0.15563337657947587,True,False,4106,125
2017-03-29 00:00:00+00:00,11588914.291706935,11588914.291706935,0.0,0.0,0.0,0.0,0,-0.15563337657947587,True,False,4106,125
2017-03-30 00:00:00+00:00,11588914.291706935,11588914.291706935,0.0,0.0,0.0,0.0,0,-0.15563337657947587,True,False,4107,125
2017-03-31 00:00:00+00:00,11588914.291706935,11588914.291706935,0.0,0.0,0.0,0.0,0,-0.15563337657947587,True,False,4108,125
2017-04-03 00:00:00+00:00,11588914.291706935,11588914.291706935,0.0,0.0,0.0,0.0,0,-0.15563337657947587,True,False,4108,125
2017-04-04 00:00:00+00:00,11588914.291706935,11588914.291706935,0.0,0.0,0.0,0.0,0,-0.15563337657947587,True,False,4108,125
2017-04-05 00:00:00+00:00,11588914.291706935,11588914.291706935,0.0,0.0,0.0,0.0,0,-0.15563337657947587,True,False,4108,125
2017-04-06 00:00:00+00:00,11588914.291706935,11588914.291706935,0.0,0.0,0.0,0.0,0,-0.15563337657947587,True,False,4109,125
2017-04-07 00:00:00+00:00,11588914.291706935,11588914.291706935,0.0,0.0,0.0,0.0,0,-0.15563337657947587,True,False,4109,125
2017-04-10 00:00:00+00:00,11588914.291706935,11588914.291706935,0.0,0.0,0.0,0.0,0,-0.15563337657947587,True,False,4110,125
2017-04-11 00:00:00+00:00,11588914.291706935,11588914.291706935,0.0,0.0,0.0,0.0,0,-0.15563337657947587,True,False,4110,125
2017-04-12 00:00:00+00:00,11588914.291706935,11588914.291706935,0.0,0.0,0.0,0.0,0,-0.15563337657947587,True,False,4110,125
2017-04-13 00:00:00+00:00,11588914.291706935,11588914.291706935,0.0,0.0,0.0,0.0,0,-0.15563337657947587,True,False,4112,125
2017-04-17 00:00:00+00:00,11588914.291706935,11588914.291706935,0.0,0.0,0.0,0.0,0,-0.15563337657947587,True,False,4112,125
2017-04-18 00:00:00+00:00,11588914.291706935,11588914.291706935,0.0,0.0,0.0,0.0,0,-0.15563337657947587,True,False,4112,125
2017-04-19 00:00:00+00:00,11588914.291706935,11588914.291706935,0.0,0.0,0.0,0.0,0,-0.15563337657947587,True,False,4112,125
2017-04-20 00:00:00+00:00,11588914.291706935,11588914.291706935,0.0,0.0,0.0,0.0,0,-0.15563337657947587,True,False,4113,125
2017-04-21 00:00:00+00:00,11588914.291706935,11588914.291706935,0.0,0.0,0.0,0.0,0,-0.15563337657947587,True,False,4115,125
2017-04-24 00:00:00+00:00,11588914.291706935,11588914.291706935,0.0,0.0,0.0,0.0,0,-0.15563337657947587,True,False,4115,125
2017-04-25 00:00:00+00:00,11588914.291706935,11588914.291706935,0.0,0.0,0.0,0.0,0,-0.15563337657947587,True,False,4115,125
2017-04-26 00:00:00+00:00,11588914.291706935,11588914.291706935,0.0,0.0,0.0,0.0,0,-0.15563337657947587,True,False,4131,125
2017-04-27 00:00:00+00:00,11588914.291706935,11588914.291706935,0.0,0.0,0.0,0.0,0,-0.15563337657947587,True,False,4132,125
2017-04-28 00:00:00+00:00,11588914.291706935,11588914.291706935,0.0,0.0,0.0,0.0,0,-0.15563337657947587,True,False,4133,125
2017-05-01 00:00:00+00:00,11588914.291706935,11588914.291706935,0.0,0.0,0.0,0.0,0,-0.15563337657947587,True,False,4133,125
2017-05-02 00:00:00+00:00,11588914.291706935,11588914.291706935,0.0,0.0,0.0,0.0,0,-0.15563337657947587,True,False,4133,125
2017-05-03 00:00:00+00:00,11588914.291706935,11588914.291706935,0.0,0.0,0.0,0.0,0,-0.15563337657947587,True,False,4133,125
2017-05-04 00:00:00+00:00,11588914.291706935,11588914.291706935,0.0,0.0,0.0,0.0,0,-0.15563337657947587,True,False,4134,125
2017-05-05 00:00:00+00:00,11588914.291706935,11588914.291706935,0.0,0.0,0.0,0.0,0,-0.15563337657947587,True,False,4135,125
2017-05-08 00:00:00+00:00,11588914.291706935,11588914.291706935,0.0,0.0,0.0,0.0,0,-0.15563337657947587,True,False,4135,125
2017-05-09 00:00:00+00:00,11588914.291706935,11588914.291706935,0.0,0.0,0.0,0.0,0,-0.15563337657947587,True,False,4135,125
2017-05-10 00:00:00+00:00,11588914.291706935,11588914.291706935,0.0,0.0,0.0,0.0,0,-0.15563337657947587,True,False,4136,125
2017-05-11 00:00:00+00:00,11588914.291706935,11588914.291706935,0.0,0.0,0.0,0.0,0,-0.15563337657947587,True,False,4136,125
2017-05-12 00:00:00+00:00,11588914.291706935,11588914.291706935,0.0,0.0,0.0,0.0,0,-0.15563337657947587,True,False,4136,125
2017-05-15 00:00:00+00:00,11588914.291706935,11588914.291706935,0.0,0.0,0.0,0.0,0,-0.15563337657947587,True,False,4136,125
2017-05-16 00:00:00+00:00,11588914.291706935,11588914.291706935,0.0,0.0,0.0,0.0,0,-0.15563337657947587,True,False,4136,125
2017-05-17 00:00:00+00:00,11588914.291706935,11588914.291706935,0.0,0.0,0.0,0.0,0,-0.15563337657947587,True,False,4136,125
2017-05-18 00:00:00+00:00,11588914.291706935,11588914.291706935,0.0,0.0,0.0,0.0,0,-0.15563337657947587,True,False,4137,125
2017-05-19 00:00:00+00:00,11588914.291706935,11588914.291706935,0.0,0.0,0.0,0.0,0,-0.15563337657947587,True,False,4137,125
2017-05-22 00:00:00+00:00,11588914.291706935,11588914.291706935,0.0,0.0,0.0,0.0,0,-0.15563337657947587,True,False,4138,125
2017-05-23 00:00:00+00:00,11588914.291706935,11588914.291706935,0.0,0.0,0.0,0.0,0,-0.15563337657947587,True,False,4142,125
2017-05-24 00:00:00+00:00,11588914.291706935,11588914.291706935,0.0,0.0,0.0,0.0,0,-0.15563337657947587,True,False,4144,125
2017-05-25 00:00:00+00:00,11588914.291706935,11588914.291706935,0.0,0.0,0.0,0.0,0,-0.15563337657947587,True,False,4161,125
2017-05-26 00:00:00+00:00,11588914.291706935,11588914.291706935,0.0,0.0,0.0,0.0,0,-0.15563337657947587,True,False,4161,125
2017-05-29 00:00:00+00:00,11588914.291706935,11588914.291706935,0.0,0.0,0.0,0.0,0,-0.15563337657947587,True,False,4163,125
2017-05-30 00:00:00+00:00,11588914.291706935,11588914.291706935,0.0,0.0,0.0,0.0,0,-0.15563337657947587,True,False,4163,125
2017-05-31 00:00:00+00:00,11588914.291706935,11588914.291706935,0.0,0.0,0.0,0.0,0,-0.15563337657947587,True,False,4163,125
2017-06-01 00:00:00+00:00,11588914.291706935,11588914.291706935,0.0,0.0,0.0,0.0,0,-0.15563337657947587,True,False,4163,125
2017-06-02 00:00:00+00:00,11588914.291706935,11588914.291706935,0.0,0.0,0.0,0.0,0,-0.15563337657947587,True,False,4163,125
2017-06-05 00:00:00+00:00,11588914.291706935,11588914.291706935,0.0,0.0,0.0,0.0,0,-0.15563337657947587,True,False,4163,125
2017-06-06 00:00:00+00:00,11588914.291706935,11588914.291706935,0.0,0.0,0.0,0.0,0,-0.15563337657947587,True,False,4163,125
2017-06-07 00:00:00+00:00,11588914.291706935,11588914.291706935,0.0,0.0,0.0,0.0,0,-0.15563337657947587,True,False,4163,125
2017-06-08 00:00:00+00:00,11588914.291706935,11588914.291706935,0.0,0.0,0.0,0.0,0,-0.15563337657947587,True,False,4163,125
2017-06-09 00:00:00+00:00,11588914.291706935,11588914.291706935,0.0,0.0,0.0,0.0,0,-0.15563337657947587,True,False,4163,125
2017-06-12 00:00:00+00:00,11588914.291706935,11588914.291706935,0.0,0.0,0.0,0.0,0,-0.15563337657947587,True,False,4163,125
2017-06-13 00:00:00+00:00,11588914.291706935,11588914.291706935,0.0,0.0,0.0,0.0,0,-0.15563337657947587,True,False,4163,125
2017-06-14 00:00:00+00:00,11588914.291706935,11588914.291706935,0.0,0.0,0.0,0.0,0,-0.15563337657947587,True,False,4163,125
2017-06-15 00:00:00+00:00,11588914.291706935,11588914.291706935,0.0,0.0,0.0,0.0,0,-0.15563337657947587,True,False,4163,125
2017-06-16 00:00:00+00:00,11588914.291706935,11588914.291706935,0.0,0.0,0.0,0.0,0,-0.15563337657947587,True,False,4163,125
2017-06-19 00:00:00+00:00,11588914.291706935,11588914.291706935,0.0,0.0,0.0,0.0,0,-0.15563337657947587,True,False,4163,125
2017-06-20 00:00:00+00:00,11588914.291706935,11588914.291706935,0.0,0.0,0.0,0.0,0,-0.15563337657947587,True,False,4163,125
2017-06-21 00:00:00+00:00,11588914.291706935,11588914.291706935,0.0,0.0,0.0,0.0,0,-0.15563337657947587,True,False,4163,125
2017-06-22 00:00:00+00:00,11588914.291706935,11588914.291706935,0.0,0.0,0.0,0.0,0,-0.15563337657947587,True,False,4167,125
2017-06-23 00:00:00+00:00,11588914.291706935,11588914.291706935,0.0,0.0,0.0,0.0,0,-0.15563337657947587,True,False,4183,125
2017-06-26 00:00:00+00:00,11588914.291706935,11588914.291706935,0.0,0.0,0.0,0.0,0,-0.15563337657947587,True,False,4183,125
2017-06-27 00:00:00+00:00,11588914.291706935,11588914.291706935,0.0,0.0,0.0,0.0,0,-0.15563337657947587,True,False,4184,125
2017-06-28 00:00:00+00:00,11588914.291706935,11588914.291706935,0.0,0.0,0.0,0.0,0,-0.15563337657947587,True,False,4184,125
2017-06-29 00:00:00+00:00,11588914.291706935,11588914.291706935,0.0,0.0,0.0,0.0,0,-0.15563337657947587,True,False,4185,125
2017-06-30 00:00:00+00:00,11588914.291706935,11588914.291706935,0.0,0.0,0.0,0.0,0,-0.15563337657947587,True,False,4185,125
2017-07-03 00:00:00+00:00,11588914.291706935,11588914.291706935,0.0,0.0,0.0,0.0,0,-0.15563337657947587,True,False,4185,125
2017-07-04 00:00:00+00:00,11588914.291706935,11588914.291706935,0.0,0.0,0.0,0.0,0,-0.15563337657947587,True,False,4185,125
2017-07-05 00:00:00+00:00,11588914.291706935,11588914.291706935,0.0,0.0,0.0,0.0,0,-0.15563337657947587,True,False,4186,125
2017-07-06 00:00:00+00:00,11588914.291706935,11588914.291706935,0.0,0.0,0.0,0.0,0,-0.15563337657947587,True,False,4186,125
2017-07-07 00:00:00+00:00,11588914.291706935,11588914.291706935,0.0,0.0,0.0,0.0,0,-0.15563337657947587,True,False,4186,125
2017-07-10 00:00:00+00:00,11588914.291706935,11588914.291706935,0.0,0.0,0.0,0.0,0,-0.15563337657947587,True,False,4186,125
2017-07-11 00:00:00+00:00,11588914.291706935,11588914.291706935,0.0,0.0,0.0,0.0,0,-0.15563337657947587,True,False,4186,125
2017-07-12 00:00:00+00:00,11588914.291706935,11588914.291706935,0.0,0.0,0.0,0.0,0,-0.15563337657947587,True,False,4186,125
2017-07-13 00:00:00+00:00,11588914.291706935,11588914.291706935,0.0,0.0,0.0,0.0,0,-0.15563337657947587,True,False,4186,125
2017-07-14 00:00:00+00:00,11588914.291706935,11588914.291706935,0.0,0.0,0.0,0.0,0,-0.15563337657947587,True,False,4186,125
2017-07-17 00:00:00+00:00,11588914.291706935,11588914.291706935,0.0,0.0,0.0,0.0,0,-0.15563337657947587,True,False,4186,125
2017-07-18 00:00:00+00:00,11588914.291706935,11588914.291706935,0.0,0.0,0.0,0.0,0,-0.15563337657947587,True,False,4186,125
2017-07-19 00:00:00+00:00,11588914.291706935,11588914.291706935,0.0,0.0,0.0,0.0,0,-0.15563337657947587,True,False,4186,125
2017-07-20 00:00:00+00:00,11588914.291706935,11588914.291706935,0.0,0.0,0.0,0.0,0,-0.15563337657947587,True,False,4186,125
2017-07-21 00:00:00+00:00,11588914.291706935,11588914.291706935,0.0,0.0,0.0,0.0,0,-0.15563337657947587,True,False,4186,125
2017-07-24 00:00:00+00:00,11588914.291706935,11588914.291706935,0.0,0.0,0.0,0.0,0,-0.15563337657947587,True,False,4202,125
2017-07-25 00:00:00+00:00,11588914.291706935,11588914.291706935,0.0,0.0,0.0,0.0,0,-0.15563337657947587,True,False,4202,125
2017-07-26 00:00:00+00:00,11588914.291706935,11588914.291706935,0.0,0.0,0.0,0.0,0,-0.15563337657947587,True,False,4202,125
2017-07-27 00:00:00+00:00,11588914.291706935,11588914.291706935,0.0,0.0,0.0,0.0,0,-0.15563337657947587,True,False,4202,125
2017-07-28 00:00:00+00:00,11588914.291706935,11588914.291706935,0.0,0.0,0.0,0.0,0,-0.15563337657947587,True,False,4203,125
2017-07-31 00:00:00+00:00,11588914.291706935,11588914.291706935,0.0,0.0,0.0,0.0,0,-0.15563337657947587,True,False,4203,125
2017-08-01 00:00:00+00:00,11588914.291706935,11588914.291706935,0.0,0.0,0.0,0.0,0,-0.15563337657947587,True,False,4203,125
2017-08-02 00:00:00+00:00,11588914.291706935,11588914.291706935,0.0,0.0,0.0,0.0,0,-0.15563337657947587,True,False,4204,125
2017-08-03 00:00:00+00:00,11588914.291706935,11588914.291706935,0.0,0.0,0.0,0.0,0,-0.15563337657947587,True,False,4204,125
2017-08-04 00:00:00+00:00,11588914.291706935,11588914.291706935,0.0,0.0,0.0,0.0,0,-0.15563337657947587,True,False,4204,125
2017-08-07 00:00:00+00:00,11588914.291706935,11588914.291706935,0.0,0.0,0.0,0.0,0,-0.15563337657947587,True,False,4205,125
2017-08-08 00:00:00+00:00,11588914.291706935,11588914.291706935,0.0,0.0,0.0,0.0,0,-0.15563337657947587,True,False,4207,125
2017-08-09 00:00:00+00:00,11588914.291706935,11588914.291706935,0.0,0.0,0.0,0.0,0,-0.15563337657947587,True,False,4209,125
2017-08-10 00:00:00+00:00,11588914.291706935,11588914.291706935,0.0,0.0,0.0,0.0,0,-0.15563337657947587,True,False,4210,125
2017-08-11 00:00:00+00:00,11588914.291706935,11588914.291706935,0.0,0.0,0.0,0.0,0,-0.15563337657947587,True,False,4211,125
2017-08-14 00:00:00+00:00,11588914.291706935,11588914.291706935,0.0,0.0,0.0,0.0,0,-0.15563337657947587,True,False,4211,125
2017-08-15 00:00:00+00:00,11588914.291706935,11588914.291706935,0.0,0.0,0.0,0.0,0,-0.15563337657947587,True,False,4211,125
2017-08-16 00:00:00+00:00,11588914.291706935,11588914.291706935,0.0,0.0,0.0,0.0,0,-0.15563337657947587,True,False,4212,125
2017-08-17 00:00:00+00:00,11588914.291706935,11588914.291706935,0.0,0.0,0.0,0.0,0,-0.15563337657947587,True,False,4212,125
2017-08-18 00:00:00+00:00,11588914.291706935,11588914.291706935,0.0,0.0,0.0,0.0,0,-0.15563337657947587,True,False,4212,125
2017-08-21 00:00:00+00:00,11588914.291706935,11588914.291706935,0.0,0.0,0.0,0.0,0,-0.15563337657947587,True,False,4212,125
2017-08-22 00:00:00+00:00,11588914.291706935,11588914.291706935,0.0,0.0,0.0,0.0,0,-0.15563337657947587,True,False,4228,125
2017-08-23 00:00:00+00:00,11588914.291706935,11588914.291706935,0.0,0.0,0.0,0.0,0,-0.15563337657947587,True,False,4228,125
2017-08-24 00:00:00+00:00,11588914.291706935,11588914.291706935,0.0,0.0,0.0,0.0,0,-0.15563337657947587,True,False,4228,125
2017-08-25 00:00:00+00:00,11588914.291706935,11588914.291706935,0.0,0.0,0.0,0.0,0,-0.15563337657947587,True,False,4228,125
2017-08-28 00:00:00+00:00,11588914.291706935,11588914.291706935,0.0,0.0,0.0,0.0,0,-0.15563337657947587,True,False,4228,125
2017-08-29 00:00:00+00:00,11588914.291706935,11588914.291706935,0.0,0.0,0.0,0.0,0,-0.15563337657947587,True,False,4228,125
2017-08-30 00:00:00+00:00,11588914.291706935,11588914.291706935,0.0,0.0,0.0,0.0,0,-0.15563337657947587,True,False,4228,125
2017-08-31 00:00:00+00:00,11588914.291706935,11588914.291706935,0.0,0.0,0.0,0.0,0,-0.15563337657947587,True,False,4228,125
2017-09-01 00:00:00+00:00,11588914.291706935,11588914.291706935,0.0,0.0,0.0,0.0,0,-0.15563337657947587,True,False,4228,125
2017-09-04 00:00:00+00:00,11588914.291706935,11588914.291706935,0.0,0.0,0.0,0.0,0,-0.15563337657947587,True,False,4229,125
2017-09-05 00:00:00+00:00,11588914.291706935,11588914.291706935,0.0,0.0,0.0,0.0,0,-0.15563337657947587,True,False,4229,125
2017-09-06 00:00:00+00:00,11588914.291706935,11588914.291706935,0.0,0.0,0.0,0.0,0,-0.15563337657947587,True,False,4229,125
2017-09-07 00:00:00+00:00,11588914.291706935,11588914.291706935,0.0,0.0,0.0,0.0,0,-0.15563337657947587,True,False,4230,125
2017-09-08 00:00:00+00:00,11588914.291706935,11588914.291706935,0.0,0.0,0.0,0.0,0,-0.15563337657947587,True,False,4230,125
2017-09-11 00:00:00+00:00,11588914.291706935,11588914.291706935,0.0,0.0,0.0,0.0,0,-0.15563337657947587,True,False,4230,125
2017-09-12 00:00:00+00:00,11588914.291706935,11588914.291706935,0.0,0.0,0.0,0.0,0,-0.15563337657947587,True,False,4230,125
2017-09-13 00:00:00+00:00,11588914.291706935,11588914.291706935,0.0,0.0,0.0,0.0,0,-0.15563337657947587,True,False,4230,125
2017-09-14 00:00:00+00:00,11588914.291706935,11588914.291706935,0.0,0.0,0.0,0.0,0,-0.15563337657947587,True,False,4230,125
2017-09-15 00:00:00+00:00,11588914.291706935,11588914.291706935,0.0,0.0,0.0,0.0,0,-0.15563337657947587,True,False,4230,125
2017-09-18 00:00:00+00:00,11588914.291706935,11588914.291706935,0.0,0.0,0.0,0.0,0,-0.15563337657947587,True,False,4230,125
2017-09-19 00:00:00+00:00,11588914.291706935,11588914.291706935,0.0,0.0,0.0,0.0,0,-0.15563337657947587,True,False,4231,125
2017-09-20 00:00:00+00:00,11588914.291706935,11588914.291706935,0.0,0.0,0.0,0.0,0,-0.15563337657947587,True,False,4247,125
2017-09-21 00:00:00+00:00,11588914.291706935,11588914.291706935,0.0,0.0,0.0,0.0,0,-0.15563337657947587,True,False,4247,125
2017-09-22 00:00:00+00:00,11588914.291706935,11588914.291706935,0.0,0.0,0.0,0.0,0,-0.15563337657947587,True,False,4248,125
2017-09-25 00:00:00+00:00,11588914.291706935,11588914.291706935,0.0,0.0,0.0,0.0,0,-0.15563337657947587,True,False,4249,125
2017-09-26 00:00:00+00:00,11588914.291706935,11588914.291706935,0.0,0.0,0.0,0.0,0,-0.15563337657947587,True,False,4249,125
2017-09-27 00:00:00+00:00,11588914.291706935,11588914.291706935,0.0,0.0,0.0,0.0,0,-0.15563337657947587,True,False,4251,125
2017-09-28 00:00:00+00:00,11588914.291706935,11588914.291706935,0.0,0.0,0.0,0.0,0,-0.15563337657947587,True,False,4251,125
2017-09-29 00:00:00+00:00,11588914.291706935,11588914.291706935,0.0,0.0,0.0,0.0,0,-0.15563337657947587,True,False,4251,125
2017-10-02 00:00:00+00:00,11588914.291706935,11588914.291706935,0.0,0.0,0.0,0.0,0,-0.15563337657947587,True,False,4251,125
2017-10-03 00:00:00+00:00,11588914.291706935,11588914.291706935,0.0,0.0,0.0,0.0,0,-0.15563337657947587,True,False,4251,125
2017-10-04 00:00:00+00:00,11588914.291706935,11588914.291706935,0.0,0.0,0.0,0.0,0,-0.15563337657947587,True,False,4251,125
2017-10-05 00:00:00+00:00,11588914.291706935,11588914.291706935,0.0,0.0,0.0,0.0,0,-0.15563337657947587,True,False,4251,125
2017-10-06 00:00:00+00:00,11588914.291706935,11588914.291706935,0.0,0.0,0.0,0.0,0,-0.15563337657947587,True,False,4251,125
2017-10-09 00:00:00+00:00,11588914.291706935,11588914.291706935,0.0,0.0,0.0,0.0,0,-0.15563337657947587,True,False,4251,125
2017-10-10 00:00:00+00:00,11588914.291706935,11588914.291706935,0.0,0.0,0.0,0.0,0,-0.15563337657947587,True,False,4251,125
2017-10-11 00:00:00+00:00,11588914.291706935,11588914.291706935,0.0,0.0,0.0,0.0,0,-0.15563337657947587,True,False,4251,125
2017-10-12 00:00:00+00:00,11588914.291706935,11588914.291706935,0.0,0.0,0.0,0.0,0,-0.15563337657947587,True,False,4251,125
2017-10-13 00:00:00+00:00,11588914.291706935,11588914.291706935,0.0,0.0,0.0,0.0,0,-0.15563337657947587,True,False,4251,125
2017-10-16 00:00:00+00:00,11588914.291706935,11588914.291706935,0.0,0.0,0.0,0.0,0,-0.15563337657947587,True,False,4251,125
2017-10-17 00:00:00+00:00,11588914.291706935,11588914.291706935,0.0,0.0,0.0,0.0,0,-0.15563337657947587,True,False,4251,125
2017-10-18 00:00:00+00:00,11588914.291706935,11588914.291706935,0.0,0.0,0.0,0.0,0,-0.15563337657947587,True,False,4252,125
2017-10-19 00:00:00+00:00,11588914.291706935,11588914.291706935,0.0,0.0,0.0,0.0,0,-0.15563337657947587,True,False,4269,125
2017-10-20 00:00:00+00:00,11588914.291706935,11588914.291706935,0.0,0.0,0.0,0.0,0,-0.15563337657947587,True,False,4269,125
2017-10-23 00:00:00+00:00,11588914.291706935,11588914.291706935,0.0,0.0,0.0,0.0,0,-0.15563337657947587,True,False,4269,125
2017-10-24 00:00:00+00:00,11588914.291706935,11588914.291706935,0.0,0.0,0.0,0.0,0,-0.15563337657947587,True,False,4269,125
2017-10-25 00:00:00+00:00,11588914.291706935,11588914.291706935,0.0,0.0,0.0,0.0,0,-0.15563337657947587,True,False,4271,125
2017-10-26 00:00:00+00:00,11588914.291706935,11588914.291706935,0.0,0.0,0.0,0.0,0,-0.15563337657947587,True,False,4271,125
2017-10-27 00:00:00+00:00,11588914.291706935,11588914.291706935,0.0,0.0,0.0,0.0,0,-0.15563337657947587,True,False,4271,125
2017-10-30 00:00:00+00:00,11588914.291706935,11588914.291706935,0.0,0.0,0.0,0.0,0,-0.15563337657947587,True,False,4271,125
2017-10-31 00:00:00+00:00,11588914.291706935,11588914.291706935,0.0,0.0,0.0,0.0,0,-0.15563337657947587,True,False,4272,125
2017-11-01 00:00:00+00:00,11588914.291706935,11588914.291706935,0.0,0.0,0.0,0.0,0,-0.15563337657947587,True,False,4272,125
2017-11-02 00:00:00+00:00,11588914.291706935,11588914.291706935,0.0,0.0,0.0,0.0,0,-0.15563337657947587,True,False,4272,125
2017-11-03 00:00:00+00:00,11588914.291706935,11588914.291706935,0.0,0.0,0.0,0.0,0,-0.15563337657947587,True,False,4272,125
2017-11-06 00:00:00+00:00,11588914.291706935,11588914.291706935,0.0,0.0,0.0,0.0,0,-0.15563337657947587,True,False,4272,125
2017-11-07 00:00:00+00:00,11588914.291706935,11588914.291706935,0.0,0.0,0.0,0.0,0,-0.15563337657947587,True,False,4272,125
2017-11-08 00:00:00+00:00,11588914.291706935,11588914.291706935,0.0,0.0,0.0,0.0,0,-0.15563337657947587,True,False,4273,125
2017-11-09 00:00:00+00:00,11588914.291706935,11588914.291706935,0.0,0.0,0.0,0.0,0,-0.15563337657947587,True,False,4273,125
2017-11-10 00:00:00+00:00,11588914.291706935,11588914.291706935,0.0,0.0,0.0,0.0,0,-0.15563337657947587,True,False,4273,125
2017-11-13 00:00:00+00:00,11588914.291706935,11588914.291706935,0.0,0.0,0.0,0.0,0,-0.15563337657947587,True,False,4273,125
2017-11-14 00:00:00+00:00,11588914.291706935,11588914.291706935,0.0,0.0,0.0,0.0,0,-0.15563337657947587,True,False,4273,125
2017-11-15 00:00:00+00:00,11588914.291706935,11588914.291706935,0.0,0.0,0.0,0.0,0,-0.15563337657947587,True,False,4275,125
2017-11-16 00:00:00+00:00,11588914.291706935,11588914.291706935,0.0,0.0,0.0,0.0,0,-0.15563337657947587,True,False,4276,125
2017-11-17 00:00:00+00:00,11588914.291706935,11588914.291706935,0.0,0.0,0.0,0.0,0,-0.15563337657947587,True,False,4291,125
2017-11-20 00:00:00+00:00,11588914.291706935,11588914.291706935,0.0,0.0,0.0,0.0,0,-0.15563337657947587,True,False,4291,125
2017-11-21 00:00:00+00:00,11588914.291706935,11588914.291706935,0.0,0.0,0.0,0.0,0,-0.15563337657947587,True,False,4291,125
2017-11-22 00:00:00+00:00,11588914.291706935,11588914.291706935,0.0,0.0,0.0,0.0,0,-0.15563337657947587,True,False,4291,125
2017-11-23 00:00:00+00:00,11588914.291706935,11588914.291706935,0.0,0.0,0.0,0.0,0,-0.15563337657947587,True,False,4291,125
2017-11-24 00:00:00+00:00,11588914.291706935,11588914.291706935,0.0,0.0,0.0,0.0,0,-0.15563337657947587,True,False,4291,125
2017-11-27 00:00:00+00:00,11588914.291706935,11588914.291706935,0.0,0.0,0.0,0.0,0,-0.15563337657947587,True,False,4291,125
2017-11-28 00:00:00+00:00,11588914.291706935,11588914.291706935,0.0,0.0,0.0,0.0,0,-0.15563337657947587,True,False,4291,125
2017-11-29 00:00:00+00:00,11588914.291706935,11588914.291706935,0.0,0.0,0.0,0.0,0,-0.15563337657947587,True,False,4291,125
2017-11-30 00:00:00+00:00,11588914.291706935,11588914.291706935,0.0,0.0,0.0,0.0,0,-0.15563337657947587,True,False,4292,125
2017-12-01 00:00:00+00:00,11588914.291706935,11588914.291706935,0.0,0.0,0.0,0.0,0,-0.15563337657947587,True,False,4293,125
2017-12-04 00:00:00+00:00,11588914.291706935,11588914.291706935,0.0,0.0,0.0,0.0,0,-0.15563337657947587,True,False,4293,125
2017-12-05 00:00:00+00:00,11588914.291706935,11588914.291706935,0.0,0.0,0.0,0.0,0,-0.15563337657947587,True,False,4298,125
2017-12-06 00:00:00+00:00,11588914.291706935,11588914.291706935,0.0,0.0,0.0,0.0,0,-0.15563337657947587,True,False,4302,125
2017-12-07 00:00:00+00:00,11588914.291706935,11588914.291706935,0.0,0.0,0.0,0.0,0,-0.15563337657947587,True,False,4303,125
2017-12-08 00:00:00+00:00,11588914.291706935,11588914.291706935,0.0,0.0,0.0,0.0,0,-0.15563337657947587,True,False,4304,125
2017-12-11 00:00:00+00:00,11588914.291706935,11588914.291706935,0.0,0.0,0.0,0.0,0,-0.15563337657947587,True,False,4304,125
2017-12-12 00:00:00+00:00,11588914.291706935,11588914.291706935,0.0,0.0,0.0,0.0,0,-0.15563337657947587,True,False,4304,125
2017-12-13 00:00:00+00:00,11588914.291706935,11588914.291706935,0.0,0.0,0.0,0.0,0,-0.15563337657947587,True,False,4304,125
2017-12-14 00:00:00+00:00,11588914.291706935,11588914.291706935,0.0,0.0,0.0,0.0,0,-0.15563337657947587,True,False,4305,125
2017-12-15 00:00:00+00:00,11588914.291706935,11588914.291706935,0.0,0.0,0.0,0.0,0,-0.15563337657947587,True,False,4305,125
2017-12-18 00:00:00+00:00,11588914.291706935,11588914.291706935,0.0,0.0,0.0,0.0,0,-0.15563337657947587,True,False,4321,125
2017-12-19 00:00:00+00:00,11588914.291706935,11588914.291706935,0.0,0.0,0.0,0.0,0,-0.15563337657947587,True,False,4321,125
2017-12-20 00:00:00+00:00,11588914.291706935,11588914.291706935,0.0,0.0,0.0,0.0,0,-0.15563337657947587,True,False,4321,125
2017-12-21 00:00:00+00:00,11588914.291706935,11588914.291706935,0.0,0.0,0.0,0.0,0,-0.15563337657947587,True,False,4321,125
2017-12-22 00:00:00+00:00,11588914.291706935,11588914.291706935,0.0,0.0,0.0,0.0,0,-0.15563337657947587,True,False,4321,125
2017-12-26 00:00:00+00:00,11588914.291706935,11588914.291706935,0.0,0.0,0.0,0.0,0,-0.15563337657947587,True,False,4321,125
2017-12-27 00:00:00+00:00,11588914.291706935,11588914.291706935,0.0,0.0,0.0,0.0,0,-0.15563337657947587,True,False,4321,125
2017-12-28 00:00:00+00:00,11588914.291706935,11588914.291706935,0.0,0.0,0.0,0.0,0,-0.15563337657947587,True,False,4321,125
2017-12-29 00:00:00+00:00,11588914.291706935,11588914.291706935,0.0,0.0,0.0,0.0,0,-0.15563337657947587,True,False,4321,125
2018-01-01 00:00:00+00:00,11588914.291706935,11588914.291706935,0.0,0.0,0.0,0.0,0,-0.15563337657947587,True,False,4321,125
2018-01-02 00:00:00+00:00,11588914.291706935,11588914.291706935,0.0,0.0,0.0,0.0,0,-0.15563337657947587,True,False,4321,125
2018-01-03 00:00:00+00:00,11588914.291706935,11588914.291706935,0.0,0.0,0.0,0.0,0,-0.15563337657947587,True,False,4321,125
2018-01-04 00:00:00+00:00,11588914.291706935,11588914.291706935,0.0,0.0,0.0,0.0,0,-0.15563337657947587,True,False,4321,125
2018-01-05 00:00:00+00:00,11588914.291706935,11588914.291706935,0.0,0.0,0.0,0.0,0,-0.15563337657947587,True,False,4321,125
2018-01-08 00:00:00+00:00,11588914.291706935,11588914.291706935,0.0,0.0,0.0,0.0,0,-0.15563337657947587,True,False,4321,125
2018-01-09 00:00:00+00:00,11588914.291706935,11588914.291706935,0.0,0.0,0.0,0.0,0,-0.15563337657947587,True,False,4321,125
2018-01-10 00:00:00+00:00,11588914.291706935,11588914.291706935,0.0,0.0,0.0,0.0,0,-0.15563337657947587,True,False,4321,125
2018-01-11 00:00:00+00:00,11588914.291706935,11588914.291706935,0.0,0.0,0.0,0.0,0,-0.15563337657947587,True,False,4321,125
2018-01-12 00:00:00+00:00,11588914.291706935,11588914.291706935,0.0,0.0,0.0,0.0,0,-0.15563337657947587,True,False,4321,125
2018-01-15 00:00:00+00:00,11588914.291706935,11588914.291706935,0.0,0.0,0.0,0.0,0,-0.15563337657947587,True,False,4321,125
2018-01-16 00:00:00+00:00,11588914.291706935,11588914.291706935,0.0,0.0,0.0,0.0,0,-0.15563337657947587,True,False,4321,125
2018-01-17 00:00:00+00:00,11588914.291706935,11588914.291706935,0.0,0.0,0.0,0.0,0,-0.15563337657947587,True,False,4337,125
2018-01-18 00:00:00+00:00,11588914.291706935,11588914.291706935,0.0,0.0,0.0,0.0,0,-0.15563337657947587,True,False,4337,125
2018-01-19 00:00:00+00:00,11588914.291706935,11588914.291706935,0.0,0.0,0.0,0.0,0,-0.15563337657947587,True,False,4338,125
2018-01-22 00:00:00+00:00,11588914.291706935,11588914.291706935,0.0,0.0,0.0,0.0,0,-0.15563337657947587,True,False,4338,125
2018-01-23 00:00:00+00:00,11588914.291706935,11588914.291706935,0.0,0.0,0.0,0.0,0,-0.15563337657947587,True,False,4339,125
2018-01-24 00:00:00+00:00,11588914.291706935,11588914.291706935,0.0,0.0,0.0,0.0,0,-0.15563337657947587,True,False,4341,125
2018-01-25 00:00:00+00:00,11588914.291706935,11588914.291706935,0.0,0.0,0.0,0.0,0,-0.15563337657947587,True,False,4341,125
2018-01-26 00:00:00+00:00,11588914.291706935,11588914.291706935,0.0,0.0,0.0,0.0,0,-0.15563337657947587,True,False,4341,125
2018-01-29 00:00:00+00:00,11588914.291706935,11588914.291706935,0.0,0.0,0.0,0.0,0,-0.15563337657947587,True,False,4341,125
2018-01-30 00:00:00+00:00,11588914.291706935,11588914.291706935,0.0,0.0,0.0,0.0,0,-0.15563337657947587,True,False,4341,125
2018-01-31 00:00:00+00:00,11588914.291706935,11588914.291706935,0.0,0.0,0.0,0.0,0,-0.15563337657947587,True,False,4341,125
2018-02-01 00:00:00+00:00,11588914.291706935,11588914.291706935,0.0,0.0,0.0,0.0,0,-0.15563337657947587,True,False,4343,125
2018-02-02 00:00:00+00:00,11588914.291706935,11588914.291706935,0.0,0.0,0.0,0.0,0,-0.15563337657947587,True,False,4348,125
2018-02-05 00:00:00+00:00,11588914.291706935,11588914.291706935,0.0,0.0,0.0,0.0,0,-0.15563337657947587,True,False,4349,125
2018-02-06 00:00:00+00:00,11588914.291706935,11588914.291706935,0.0,0.0,0.0,0.0,0,-0.15563337657947587,True,False,4353,125
2018-02-07 00:00:00+00:00,11588914.291706935,11588914.291706935,0.0,0.0,0.0,0.0,0,-0.15563337657947587,True,False,4355,125
2018-02-08 00:00:00+00:00,11588914.291706935,11588914.291706935,0.0,0.0,0.0,0.0,0,-0.15563337657947587,True,False,4355,125
2018-02-09 00:00:00+00:00,11588914.291706935,11588914.291706935,0.0,0.0,0.0,0.0,0,-0.15563337657947587,True,False,4355,125
2018-02-12 00:00:00+00:00,11588914.291706935,11588914.291706935,0.0,0.0,0.0,0.0,0,-0.15563337657947587,True,False,4355,125
2018-02-13 00:00:00+00:00,11588914.291706935,11588914.291706935,0.0,0.0,0.0,0.0,0,-0.15563337657947587,True,False,4355,125
2018-02-14 00:00:00+00:00,11588914.291706935,11588914.291706935,0.0,0.0,0.0,0.0,0,-0.15563337657947587,True,False,4355,125
2018-02-15 00:00:00+00:00,11588914.291706935,11588914.291706935,0.0,0.0,0.0,0.0,0,-0.15563337657947587,True,False,4371,125
2018-02-16 00:00:00+00:00,11588914.291706935,11588914.291706935,0.0,0.0,0.0,0.0,0,-0.15563337657947587,True,False,4371,125
2018-02-19 00:00:00+00:00,11588914.291706935,11588914.291706935,0.0,0.0,0.0,0.0,0,-0.15563337657947587,True,False,4371,125
2018-02-20 00:00:00+00:00,11588914.291706935,11588914.291706935,0.0,0.0,0.0,0.0,0,-0.15563337657947587,True,False,4371,125
2018-02-21 00:00:00+00:00,11588914.291706935,11588914.291706935,0.0,0.0,0.0,0.0,0,-0.15563337657947587,True,False,4371,125
2018-02-22 00:00:00+00:00,11588914.291706935,11588914.291706935,0.0,0.0,0.0,0.0,0,-0.15563337657947587,True,False,4372,125
2018-02-23 00:00:00+00:00,11588914.291706935,11588914.291706935,0.0,0.0,0.0,0.0,0,-0.15563337657947587,True,False,4373,125
2018-02-26 00:00:00+00:00,11588914.291706935,11588914.291706935,0.0,0.0,0.0,0.0,0,-0.15563337657947587,True,False,4373,125
2018-02-27 00:00:00+00:00,11588914.291706935,11588914.291706935,0.0,0.0,0.0,0.0,0,-0.15563337657947587,True,False,4373,125
2018-02-28 00:00:00+00:00,11588914.291706935,11588914.291706935,0.0,0.0,0.0,0.0,0,-0.15563337657947587,True,False,4373,125
2018-03-01 00:00:00+00:00,11588914.291706935,11588914.291706935,0.0,0.0,0.0,0.0,0,-0.15563337657947587,True,False,4374,125
2018-03-02 00:00:00+00:00,11588914.291706935,11588914.291706935,0.0,0.0,0.0,0.0,0,-0.15563337657947587,True,False,4374,125
2018-03-05 00:00:00+00:00,11588914.291706935,11588914.291706935,0.0,0.0,0.0,0.0,0,-0.15563337657947587,True,False,4377,125
2018-03-06 00:00:00+00:00,11588914.291706935,11588914.291706935,0.0,0.0,0.0,0.0,0,-0.15563337657947587,True,False,4385,125
2018-03-07 00:00:00+00:00,11588914.291706935,11588914.291706935,0.0,0.0,0.0,0.0,0,-0.15563337657947587,True,False,4391,125
2018-03-08 00:00:00+00:00,11588914.291706935,11588914.291706935,0.0,0.0,0.0,0.0,0,-0.15563337657947587,True,False,4392,125
2018-03-09 00:00:00+00:00,11588914.291706935,11588914.291706935,0.0,0.0,0.0,0.0,0,-0.15563337657947587,True,False,4392,125
2018-03-12 00:00:00+00:00,11588914.291706935,11588914.291706935,0.0,0.0,0.0,0.0,0,-0.15563337657947587,True,False,4392,125
2018-03-13 00:00:00+00:00,11588914.291706935,11588914.291706935,0.0,0.0,0.0,0.0,0,-0.15563337657947587,True,False,4392,125
2018-03-14 00:00:00+00:00,11588914.291706935,11588914.291706935,0.0,0.0,0.0,0.0,0,-0.15563337657947587,True,False,4392,125
2018-03-15 00:00:00+00:00,11588914.291706935,11588914.291706935,0.0,0.0,0.0,0.0,0,-0.15563337657947587,True,False,4392,125
2018-03-16 00:00:00+00:00,11588914.291706935,11588914.291706935,0.0,0.0,0.0,0.0,0,-0.15563337657947587,True,False,4409,125
2018-03-19 00:00:00+00:00,11588914.291706935,11588914.291706935,0.0,0.0,0.0,0.0,0,-0.15563337657947587,True,False,4414,125
2018-03-20 00:00:00+00:00,11588914.291706935,11588914.291706935,0.0,0.0,0.0,0.0,0,-0.15563337657947587,True,False,4415,125
2018-03-21 00:00:00+00:00,11588914.291706935,11588914.291706935,0.0,0.0,0.0,0.0,0,-0.15563337657947587,True,False,4416,125
2018-03-22 00:00:00+00:00,11588914.291706935,11588914.291706935,0.0,0.0,0.0,0.0,0,-0.15563337657947587,True,False,4417,125
2018-03-23 00:00:00+00:00,11588914.291706935,11588914.291706935,0.0,0.0,0.0,0.0,0,-0.15563337657947587,True,False,4417,125
2018-03-26 00:00:00+00:00,11588914.291706935,11588914.291706935,0.0,0.0,0.0,0.0,0,-0.15563337657947587,True,False,4419,125
2018-03-27 00:00:00+00:00,11588914.291706935,11588914.291706935,0.0,0.0,0.0,0.0,0,-0.15563337657947587,True,False,4419,125
2018-03-28 00:00:00+00:00,11588914.291706935,11588914.291706935,0.0,0.0,0.0,0.0,0,-0.15563337657947587,True,False,4419,125
2018-03-29 00:00:00+00:00,11588914.291706935,11588914.291706935,0.0,0.0,0.0,0.0,0,-0.15563337657947587,True,False,4419,125
2018-04-02 00:00:00+00:00,11588914.291706935,11588914.291706935,0.0,0.0,0.0,0.0,0,-0.15563337657947587,True,False,4421,125
2018-04-03 00:00:00+00:00,11588914.291706935,11588914.291706935,0.0,0.0,0.0,0.0,0,-0.15563337657947587,True,False,4421,125
2018-04-04 00:00:00+00:00,11588914.291706935,11588914.291706935,0.0,0.0,0.0,0.0,0,-0.15563337657947587,True,False,4421,125
2018-04-05 00:00:00+00:00,11588914.291706935,11588914.291706935,0.0,0.0,0.0,0.0,0,-0.15563337657947587,True,False,4421,125
2018-04-06 00:00:00+00:00,11588914.291706935,11588914.291706935,0.0,0.0,0.0,0.0,0,-0.15563337657947587,True,False,4421,125
2018-04-09 00:00:00+00:00,11588914.291706935,11588914.291706935,0.0,0.0,0.0,0.0,0,-0.15563337657947587,True,False,4421,125
2018-04-10 00:00:00+00:00,11588914.291706935,11588914.291706935,0.0,0.0,0.0,0.0,0,-0.15563337657947587,True,False,4421,125
2018-04-11 00:00:00+00:00,11588914.291706935,11588914.291706935,0.0,0.0,0.0,0.0,0,-0.15563337657947587,True,False,4421,125
2018-04-12 00:00:00+00:00,11588914.291706935,11588914.291706935,0.0,0.0,0.0,0.0,0,-0.15563337657947587,True,False,4421,125
2018-04-13 00:00:00+00:00,11588914.291706935,11588914.291706935,0.0,0.0,0.0,0.0,0,-0.15563337657947587,True,False,4421,125
2018-04-16 00:00:00+00:00,11588914.291706935,11588914.291706935,0.0,0.0,0.0,0.0,0,-0.15563337657947587,True,False,4421,125
2018-04-17 00:00:00+00:00,11588914.291706935,11588914.291706935,0.0,0.0,0.0,0.0,0,-0.15563337657947587,True,False,4437,125
2018-04-18 00:00:00+00:00,11588914.291706935,11588914.291706935,0.0,0.0,0.0,0.0,0,-0.15563337657947587,True,False,4437,125
2018-04-19 00:00:00+00:00,11588914.291706935,11588914.291706935,0.0,0.0,0.0,0.0,0,-0.15563337657947587,True,False,4439,125
2018-04-20 00:00:00+00:00,11588914.291706935,11588914.291706935,0.0,0.0,0.0,0.0,0,-0.15563337657947587,True,False,4439,125
2018-04-23 00:00:00+00:00,11588914.291706935,11588914.291706935,0.0,0.0,0.0,0.0,0,-0.15563337657947587,True,False,4439,125
2018-04-24 00:00:00+00:00,11588914.291706935,11588914.291706935,0.0,0.0,0.0,0.0,0,-0.15563337657947587,True,False,4439,125
2018-04-25 00:00:00+00:00,11588914.291706935,11588914.291706935,0.0,0.0,0.0,0.0,0,-0.15563337657947587,True,False,4439,125
2018-04-26 00:00:00+00:00,11588914.291706935,11588914.291706935,0.0,0.0,0.0,0.0,0,-0.15563337657947587,True,False,4439,125
2018-04-27 00:00:00+00:00,11588914.291706935,11588914.291706935,0.0,0.0,0.0,0.0,0,-0.15563337657947587,True,False,4439,125
2018-04-30 00:00:00+00:00,11588914.291706935,11588914.291706935,0.0,0.0,0.0,0.0,0,-0.15563337657947587,True,False,4439,125
2018-05-01 00:00:00+00:00,11588914.291706935,11588914.291706935,0.0,0.0,0.0,0.0,0,-0.15563337657947587,True,False,4439,125
2018-05-02 00:00:00+00:00,11588914.291706935,11588914.291706935,0.0,0.0,0.0,0.0,0,-0.15563337657947587,True,False,4439,125
2018-05-03 00:00:00+00:00,11588914.291706935,11588914.291706935,0.0,0.0,0.0,0.0,0,-0.15563337657947587,True,False,4439,125
2018-05-04 00:00:00+00:00,11588914.291706935,11588914.291706935,0.0,0.0,0.0,0.0,0,-0.15563337657947587,True,False,4439,125
2018-05-07 00:00:00+00:00,11588914.291706935,11588914.291706935,0.0,0.0,0.0,0.0,0,-0.15563337657947587,True,False,4439,125
2018-05-08 00:00:00+00:00,11588914.291706935,11588914.291706935,0.0,0.0,0.0,0.0,0,-0.15563337657947587,True,False,4439,125
2018-05-09 00:00:00+00:00,11588914.291706935,11588914.291706935,0.0,0.0,0.0,0.0,0,-0.15563337657947587,True,False,4439,125
2018-05-10 00:00:00+00:00,11588914.291706935,11588914.291706935,0.0,0.0,0.0,0.0,0,-0.15563337657947587,True,False,4441,125
2018-05-11 00:00:00+00:00,11588914.291706935,11588914.291706935,0.0,0.0,0.0,0.0,0,-0.15563337657947587,True,False,4441,125
2018-05-14 00:00:00+00:00,11588914.291706935,11588914.291706935,0.0,0.0,0.0,0.0,0,-0.15563337657947587,True,False,4442,125
2018-05-15 00:00:00+00:00,11588914.291706935,11588914.291706935,0.0,0.0,0.0,0.0,0,-0.15563337657947587,True,False,4443,125
2018-05-16 00:00:00+00:00,11588914.291706935,11588914.291706935,0.0,0.0,0.0,0.0,0,-0.15563337657947587,True,False,4459,125
2018-05-17 00:00:00+00:00,11588914.291706935,11588914.291706935,0.0,0.0,0.0,0.0,0,-0.15563337657947587,True,False,4460,125
2018-05-18 00:00:00+00:00,11588914.291706935,11588914.291706935,0.0,0.0,0.0,0.0,0,-0.15563337657947587,True,False,4463,125
2018-05-21 00:00:00+00:00,11588914.291706935,11588914.291706935,0.0,0.0,0.0,0.0,0,-0.15563337657947587,True,False,4469,125
2018-05-22 00:00:00+00:00,11588914.291706935,11588914.291706935,0.0,0.0,0.0,0.0,0,-0.15563337657947587,True,False,4469,125
2018-05-23 00:00:00+00:00,11588914.291706935,11588914.291706935,0.0,0.0,0.0,0.0,0,-0.15563337657947587,True,False,4473,125
2018-05-24 00:00:00+00:00,11588914.291706935,11588914.291706935,0.0,0.0,0.0,0.0,0,-0.15563337657947587,True,False,4474,125
2018-05-25 00:00:00+00:00,11588914.291706935,11588914.291706935,0.0,0.0,0.0,0.0,0,-0.15563337657947587,True,False,4474,125
2018-05-28 00:00:00+00:00,11588914.291706935,11588914.291706935,0.0,0.0,0.0,0.0,0,-0.15563337657947587,True,False,4474,125
2018-05-29 00:00:00+00:00,11588914.291706935,11588914.291706935,0.0,0.0,0.0,0.0,0,-0.15563337657947587,True,False,4474,125
2018-05-30 00:00:00+00:00,11588914.291706935,11588914.291706935,0.0,0.0,0.0,0.0,0,-0.15563337657947587,True,False,4474,125
2018-05-31 00:00:00+00:00,11588914.291706935,11588914.291706935,0.0,0.0,0.0,0.0,0,-0.15563337657947587,True,False,4474,125
2018-06-01 00:00:00+00:00,11588914.291706935,11588914.291706935,0.0,0.0,0.0,0.0,0,-0.15563337657947587,True,False,4475,125
2018-06-04 00:00:00+00:00,11588914.291706935,11588914.291706935,0.0,0.0,0.0,0.0,0,-0.15563337657947587,True,False,4476,125
2018-06-05 00:00:00+00:00,11588914.291706935,11588914.291706935,0.0,0.0,0.0,0.0,0,-0.15563337657947587,True,False,4477,125
2018-06-06 00:00:00+00:00,11588914.291706935,11588914.291706935,0.0,0.0,0.0,0.0,0,-0.15563337657947587,True,False,4477,125
2018-06-07 00:00:00+00:00,11588914.291706935,11588914.291706935,0.0,0.0,0.0,0.0,0,-0.15563337657947587,True,False,4477,125
2018-06-08 00:00:00+00:00,11588914.291706935,11588914.291706935,0.0,0.0,0.0,0.0,0,-0.15563337657947587,True,False,4477,125
2018-06-11 00:00:00+00:00,11588914.291706935,11588914.291706935,0.0,0.0,0.0,0.0,0,-0.15563337657947587,True,False,4478,125
2018-06-12 00:00:00+00:00,11588914.291706935,11588914.291706935,0.0,0.0,0.0,0.0,0,-0.15563337657947587,True,False,4478,125
2018-06-13 00:00:00+00:00,11588914.291706935,11588914.291706935,0.0,0.0,0.0,0.0,0,-0.15563337657947587,True,False,4479,125
2018-06-14 00:00:00+00:00,11588914.291706935,11588914.291706935,0.0,0.0,0.0,0.0,0,-0.15563337657947587,True,False,4496,125
2018-06-15 00:00:00+00:00,11588914.291706935,11588914.291706935,0.0,0.0,0.0,0.0,0,-0.15563337657947587,True,False,4496,125
2018-06-18 00:00:00+00:00,11588914.291706935,11588914.291706935,0.0,0.0,0.0,0.0,0,-0.15563337657947587,True,False,4496,125
2018-06-19 00:00:00+00:00,11588914.291706935,11588914.291706935,0.0,0.0,0.0,0.0,0,-0.15563337657947587,True,False,4496,125
2018-06-20 00:00:00+00:00,11588914.291706935,11588914.291706935,0.0,0.0,0.0,0.0,0,-0.15563337657947587,True,False,4496,125
2018-06-21 00:00:00+00:00,11588914.291706935,11588914.291706935,0.0,0.0,0.0,0.0,0,-0.15563337657947587,True,False,4497,125
2018-06-22 00:00:00+00:00,11588914.291706935,11588914.291706935,0.0,0.0,0.0,0.0,0,-0.15563337657947587,True,False,4497,125
2018-06-25 00:00:00+00:00,11588914.291706935,11588914.291706935,0.0,0.0,0.0,0.0,0,-0.15563337657947587,True,False,4497,125
2018-06-26 00:00:00+00:00,11588914.291706935,11588914.291706935,0.0,0.0,0.0,0.0,0,-0.15563337657947587,True,False,4497,125
2018-06-27 00:00:00+00:00,11588914.291706935,11588914.291706935,0.0,0.0,0.0,0.0,0,-0.15563337657947587,True,False,4503,125
2018-06-28 00:00:00+00:00,11588914.291706935,11588914.291706935,0.0,0.0,0.0,0.0,0,-0.15563337657947587,True,False,4509,125
2018-06-29 00:00:00+00:00,11588914.291706935,11588914.291706935,0.0,0.0,0.0,0.0,0,-0.15563337657947587,True,False,4509,125
2018-07-02 00:00:00+00:00,11588914.291706935,11588914.291706935,0.0,0.0,0.0,0.0,0,-0.15563337657947587,True,False,4510,125
2018-07-03 00:00:00+00:00,11588914.291706935,11588914.291706935,0.0,0.0,0.0,0.0,0,-0.15563337657947587,True,False,4510,125
2018-07-04 00:00:00+00:00,11588914.291706935,11588914.291706935,0.0,0.0,0.0,0.0,0,-0.15563337657947587,True,False,4510,125
2018-07-05 00:00:00+00:00,11588914.291706935,11588914.291706935,0.0,0.0,0.0,0.0,0,-0.15563337657947587,True,False,4510,125
2018-07-06 00:00:00+00:00,11588914.291706935,11588914.291706935,0.0,0.0,0.0,0.0,0,-0.15563337657947587,True,False,4510,125
2018-07-09 00:00:00+00:00,11588914.291706935,11588914.291706935,0.0,0.0,0.0,0.0,0,-0.15563337657947587,True,False,4510,125
2018-07-10 00:00:00+00:00,11588914.291706935,11588914.291706935,0.0,0.0,0.0,0.0,0,-0.15563337657947587,True,False,4510,125
2018-07-11 00:00:00+00:00,11588914.291706935,11588914.291706935,0.0,0.0,0.0,0.0,0,-0.15563337657947587,True,False,4510,125
2018-07-12 00:00:00+00:00,11588914.291706935,11588914.291706935,0.0,0.0,0.0,0.0,0,-0.15563337657947587,True,False,4511,125
2018-07-13 00:00:00+00:00,11588914.291706935,11588914.291706935,0.0,0.0,0.0,0.0,0,-0.15563337657947587,True,False,4527,125
2018-07-16 00:00:00+00:00,11588914.291706935,11588914.291706935,0.0,0.0,0.0,0.0,0,-0.15563337657947587,True,False,4530,125
2018-07-17 00:00:00+00:00,11588914.291706935,11588914.291706935,0.0,0.0,0.0,0.0,0,-0.15563337657947587,True,False,4531,125
2018-07-18 00:00:00+00:00,11588914.291706935,11588914.291706935,0.0,0.0,0.0,0.0,0,-0.15563337657947587,True,False,4533,125
2018-07-19 00:00:00+00:00,11588914.291706935,11588914.291706935,0.0,0.0,0.0,0.0,0,-0.15563337657947587,True,False,4535,125
2018-07-20 00:00:00+00:00,11588914.291706935,11588914.291706935,0.0,0.0,0.0,0.0,0,-0.15563337657947587,True,False,4535,125
2018-07-23 00:00:00+00:00,11588914.291706935,11588914.291706935,0.0,0.0,0.0,0.0,0,-0.15563337657947587,True,False,4536,125
2018-07-24 00:00:00+00:00,11588914.291706935,11588914.291706935,0.0,0.0,0.0,0.0,0,-0.15563337657947587,True,False,4536,125
2018-07-25 00:00:00+00:00,11588914.291706935,11588914.291706935,0.0,0.0,0.0,0.0,0,-0.15563337657947587,True,False,4536,125
2018-07-26 00:00:00+00:00,11588914.291706935,11588914.291706935,0.0,0.0,0.0,0.0,0,-0.15563337657947587,True,False,4537,125
2018-07-27 00:00:00+00:00,11588914.291706935,11588914.291706935,0.0,0.0,0.0,0.0,0,-0.15563337657947587,True,False,4537,125
2018-07-30 00:00:00+00:00,11588914.291706935,11588914.291706935,0.0,0.0,0.0,0.0,0,-0.15563337657947587,True,False,4537,125
2018-07-31 00:00:00+00:00,11588914.291706935,11588914.291706935,0.0,0.0,0.0,0.0,0,-0.15563337657947587,True,False,4537,125
2018-08-01 00:00:00+00:00,11588914.291706935,11588914.291706935,0.0,0.0,0.0,0.0,0,-0.15563337657947587,True,False,4537,125
2018-08-02 00:00:00+00:00,11588914.291706935,11588914.291706935,0.0,0.0,0.0,0.0,0,-0.15563337657947587,True,False,4537,125
2018-08-03 00:00:00+00:00,11588914.291706935,11588914.291706935,0.0,0.0,0.0,0.0,0,-0.15563337657947587,True,False,4537,125
2018-08-06 00:00:00+00:00,11588914.291706935,11588914.291706935,0.0,0.0,0.0,0.0,0,-0.15563337657947587,True,False,4537,125
2018-08-07 00:00:00+00:00,11588914.291706935,11588914.291706935,0.0,0.0,0.0,0.0,0,-0.15563337657947587,True,False,4537,125
2018-08-08 00:00:00+00:00,11588914.291706935,11588914.291706935,0.0,0.0,0.0,0.0,0,-0.15563337657947587,True,False,4537,125
2018-08-09 00:00:00+00:00,11588914.291706935,11588914.291706935,0.0,0.0,0.0,0.0,0,-0.15563337657947587,True,False,4537,125
2018-08-10 00:00:00+00:00,11588914.291706935,11588914.291706935,0.0,0.0,0.0,0.0,0,-0.15563337657947587,True,False,4537,125
2018-08-13 00:00:00+00:00,11588914.291706935,11588914.291706935,0.0,0.0,0.0,0.0,0,-0.15563337657947587,True,False,4554,125
2018-08-14 00:00:00+00:00,11588914.291706935,11588914.291706935,0.0,0.0,0.0,0.0,0,-0.15563337657947587,True,False,4554,125
2018-08-15 00:00:00+00:00,11588914.291706935,11588914.291706935,0.0,0.0,0.0,0.0,0,-0.15563337657947587,True,False,4555,125
2018-08-16 00:00:00+00:00,11588914.291706935,11588914.291706935,0.0,0.0,0.0,0.0,0,-0.15563337657947587,True,False,4556,125
2018-08-17 00:00:00+00:00,11588914.291706935,11588914.291706935,0.0,0.0,0.0,0.0,0,-0.15563337657947587,True,False,4556,125
2018-08-20 00:00:00+00:00,11588914.291706935,11588914.291706935,0.0,0.0,0.0,0.0,0,-0.15563337657947587,True,False,4556,125
2018-08-21 00:00:00+00:00,11588914.291706935,11588914.291706935,0.0,0.0,0.0,0.0,0,-0.15563337657947587,True,False,4556,125
2018-08-22 00:00:00+00:00,11588914.291706935,11588914.291706935,0.0,0.0,0.0,0.0,0,-0.15563337657947587,True,False,4556,125
2018-08-23 00:00:00+00:00,11588914.291706935,11588914.291706935,0.0,0.0,0.0,0.0,0,-0.15563337657947587,True,False,4556,125
2018-08-24 00:00:00+00:00,11588914.291706935,11588914.291706935,0.0,0.0,0.0,0.0,0,-0.15563337657947587,True,False,4556,125
2018-08-27 00:00:00+00:00,11588914.291706935,11588914.291706935,0.0,0.0,0.0,0.0,0,-0.15563337657947587,True,False,4556,125
2018-08-28 00:00:00+00:00,11588914.291706935,11588914.291706935,0.0,0.0,0.0,0.0,0,-0.15563337657947587,True,False,4556,125
2018-08-29 00:00:00+00:00,11588914.291706935,11588914.291706935,0.0,0.0,0.0,0.0,0,-0.15563337657947587,True,False,4556,125
2018-08-30 00:00:00+00:00,11588914.291706935,11588914.291706935,0.0,0.0,0.0,0.0,0,-0.15563337657947587,True,False,4556,125
2018-08-31 00:00:00+00:00,11588914.291706935,11588914.291706935,0.0,0.0,0.0,0.0,0,-0.15563337657947587,True,False,4557,125
2018-09-03 00:00:00+00:00,11588914.291706935,11588914.291706935,0.0,0.0,0.0,0.0,0,-0.15563337657947587,True,False,4557,125
2018-09-04 00:00:00+00:00,11588914.291706935,11588914.291706935,0.0,0.0,0.0,0.0,0,-0.15563337657947587,True,False,4561,125
2018-09-05 00:00:00+00:00,11588914.291706935,11588914.291706935,0.0,0.0,0.0,0.0,0,-0.15563337657947587,True,False,4561,125
2018-09-06 00:00:00+00:00,11588914.291706935,11588914.291706935,0.0,0.0,0.0,0.0,0,-0.15563337657947587,True,False,4563,125
2018-09-07 00:00:00+00:00,11588914.291706935,11588914.291706935,0.0,0.0,0.0,0.0,0,-0.15563337657947587,True,False,4564,125
2018-09-10 00:00:00+00:00,11588914.291706935,11588914.291706935,0.0,0.0,0.0,0.0,0,-0.15563337657947587,True,False,4564,125
2018-09-11 00:00:00+00:00,11588914.291706935,11588914.291706935,0.0,0.0,0.0,0.0,0,-0.15563337657947587,True,False,4583,125
2018-09-12 00:00:00+00:00,11588914.291706935,11588914.291706935,0.0,0.0,0.0,0.0,0,-0.15563337657947587,True,False,4584,125
2018-09-13 00:00:00+00:00,11588914.291706935,11588914.291706935,0.0,0.0,0.0,0.0,0,-0.15563337657947587,True,False,4584,125
2018-09-14 00:00:00+00:00,11588914.291706935,11588914.291706935,0.0,0.0,0.0,0.0,0,-0.15563337657947587,True,False,4584,125
2018-09-17 00:00:00+00:00,11588914.291706935,11588914.291706935,0.0,0.0,0.0,0.0,0,-0.15563337657947587,True,False,4584,125
2018-09-18 00:00:00+00:00,11588914.291706935,11588914.291706935,0.0,0.0,0.0,0.0,0,-0.15563337657947587,True,False,4584,125
2018-09-19 00:00:00+00:00,11588914.291706935,11588914.291706935,0.0,0.0,0.0,0.0,0,-0.15563337657947587,True,False,4584,125
2018-09-20 00:00:00+00:00,11588914.291706935,11588914.291706935,0.0,0.0,0.0,0.0,0,-0.15563337657947587,True,False,4584,125
2018-09-21 00:00:00+00:00,11588914.291706935,11588914.291706935,0.0,0.0,0.0,0.0,0,-0.15563337657947587,True,False,4587,125
2018-09-24 00:00:00+00:00,11588914.291706935,11588914.291706935,0.0,0.0,0.0,0.0,0,-0.15563337657947587,True,False,4593,125
2018-09-25 00:00:00+00:00,11588914.291706935,11588914.291706935,0.0,0.0,0.0,0.0,0,-0.15563337657947587,True,False,4596,125
2018-09-26 00:00:00+00:00,11588914.291706935,11588914.291706935,0.0,0.0,0.0,0.0,0,-0.15563337657947587,True,False,4597,125
2018-09-27 00:00:00+00:00,11588914.291706935,11588914.291706935,0.0,0.0,0.0,0.0,0,-0.15563337657947587,True,False,4597,125
2018-09-28 00:00:00+00:00,11588914.291706935,11588914.291706935,0.0,0.0,0.0,0.0,0,-0.15563337657947587,True,False,4599,125
2018-10-01 00:00:00+00:00,11588914.291706935,11588914.291706935,0.0,0.0,0.0,0.0,0,-0.15563337657947587,True,False,4601,125
2018-10-02 00:00:00+00:00,11588914.291706935,11588914.291706935,0.0,0.0,0.0,0.0,0,-0.15563337657947587,True,False,4601,125
2018-10-03 00:00:00+00:00,11588914.291706935,11588914.291706935,0.0,0.0,0.0,0.0,0,-0.15563337657947587,True,False,4606,125
2018-10-04 00:00:00+00:00,11588914.291706935,11588914.291706935,0.0,0.0,0.0,0.0,0,-0.15563337657947587,True,False,4614,125
2018-10-05 00:00:00+00:00,11588914.291706935,11588914.291706935,0.0,0.0,0.0,0.0,0,-0.15563337657947587,True,False,4625,125
2018-10-08 00:00:00+00:00,11588914.291706935,11588914.291706935,0.0,0.0,0.0,0.0,0,-0.15563337657947587,True,False,4628,125
2018-10-09 00:00:00+00:00,11588914.291706935,11588914.291706935,0.0,0.0,0.0,0.0,0,-0.15563337657947587,True,False,4629,125
2018-10-10 00:00:00+00:00,11588914.291706935,11588914.291706935,0.0,0.0,0.0,0.0,0,-0.15563337657947587,True,False,4643,125
2018-10-11 00:00:00+00:00,11588914.291706935,11588914.291706935,0.0,0.0,0.0,0.0,0,-0.15563337657947587,True,False,4645,125
2018-10-12 00:00:00+00:00,11588914.291706935,11588914.291706935,0.0,0.0,0.0,0.0,0,-0.15563337657947587,True,False,4645,125
2018-10-15 00:00:00+00:00,11588914.291706935,11588914.291706935,0.0,0.0,0.0,0.0,0,-0.15563337657947587,True,False,4645,125
2018-10-16 00:00:00+00:00,11588914.291706935,11588914.291706935,0.0,0.0,0.0,0.0,0,-0.15563337657947587,True,False,4645,125
2018-10-17 00:00:00+00:00,11588914.291706935,11588914.291706935,0.0,0.0,0.0,0.0,0,-0.15563337657947587,True,False,4645,125
2018-10-18 00:00:00+00:00,11588914.291706935,11588914.291706935,0.0,0.0,0.0,0.0,0,-0.15563337657947587,True,False,4645,125
2018-10-19 00:00:00+00:00,11588914.291706935,11588914.291706935,0.0,0.0,0.0,0.0,0,-0.15563337657947587,True,False,4645,125
2018-10-22 00:00:00+00:00,11588914.291706935,11588914.291706935,0.0,0.0,0.0,0.0,0,-0.15563337657947587,True,False,4647,125
2018-10-23 00:00:00+00:00,11588914.291706935,11588914.291706935,0.0,0.0,0.0,0.0,0,-0.15563337657947587,True,False,4648,125
2018-10-24 00:00:00+00:00,11588914.291706935,11588914.291706935,0.0,0.0,0.0,0.0,0,-0.15563337657947587,True,False,4648,125
2018-10-25 00:00:00+00:00,11588914.291706935,11588914.291706935,0.0,0.0,0.0,0.0,0,-0.15563337657947587,True,False,4652,125
2018-10-26 00:00:00+00:00,11588914.291706935,11588914.291706935,0.0,0.0,0.0,0.0,0,-0.15563337657947587,True,False,4653,125
2018-10-29 00:00:00+00:00,11588914.291706935,11588914.291706935,0.0,0.0,0.0,0.0,0,-0.15563337657947587,True,False,4653,125
2018-10-30 00:00:00+00:00,11588914.291706935,11588914.291706935,0.0,0.0,0.0,0.0,0,-0.15563337657947587,True,False,4653,125
2018-10-31 00:00:00+00:00,11588914.291706935,11588914.291706935,0.0,0.0,0.0,0.0,0,-0.15563337657947587,True,False,4653,125
2018-11-01 00:00:00+00:00,11588914.291706935,11588914.291706935,0.0,0.0,0.0,0.0,0,-0.15563337657947587,True,False,4653,125
2018-11-02 00:00:00+00:00,11588914.291706935,11588914.291706935,0.0,0.0,0.0,0.0,0,-0.15563337657947587,True,False,4653,125
2018-11-05 00:00:00+00:00,11588914.291706935,11588914.291706935,0.0,0.0,0.0,0.0,0,-0.15563337657947587,True,False,4655,125
2018-11-06 00:00:00+00:00,11588914.291706935,11588914.291706935,0.0,0.0,0.0,0.0,0,-0.15563337657947587,True,False,4656,125
2018-11-07 00:00:00+00:00,11588914.291706935,11588914.291706935,0.0,0.0,0.0,0.0,0,-0.15563337657947587,True,False,4656,125
2018-11-08 00:00:00+00:00,11588914.291706935,11588914.291706935,0.0,0.0,0.0,0.0,0,-0.15563337657947587,True,False,4657,125
2018-11-09 00:00:00+00:00,11588914.291706935,11588914.291706935,0.0,0.0,0.0,0.0,0,-0.15563337657947587,True,False,4657,125
2018-11-12 00:00:00+00:00,11588914.291706935,11588914.291706935,0.0,0.0,0.0,0.0,0,-0.15563337657947587,True,False,4657,125
2018-11-13 00:00:00+00:00,11588914.291706935,11588914.291706935,0.0,0.0,0.0,0.0,0,-0.15563337657947587,True,False,4658,125
2018-11-14 00:00:00+00:00,11588914.291706935,11588914.291706935,0.0,0.0,0.0,0.0,0,-0.15563337657947587,True,False,4658,125
2018-11-15 00:00:00+00:00,11588914.291706935,11588914.291706935,0.0,0.0,0.0,0.0,0,-0.15563337657947587,True,False,4658,125
2018-11-16 00:00:00+00:00,11588914.291706935,11588914.291706935,0.0,0.0,0.0,0.0,0,-0.15563337657947587,True,False,4658,125
2018-11-19 00:00:00+00:00,11588914.291706935,11588914.291706935,0.0,0.0,0.0,0.0,0,-0.15563337657947587,True,False,4658,125
2018-11-20 00:00:00+00:00,11588914.291706935,11588914.291706935,0.0,0.0,0.0,0.0,0,-0.15563337657947587,True,False,4660,125
2018-11-21 00:00:00+00:00,11588914.291706935,11588914.291706935,0.0,0.0,0.0,0.0,0,-0.15563337657947587,True,False,4661,125
2018-11-22 00:00:00+00:00,11588914.291706935,11588914.291706935,0.0,0.0,0.0,0.0,0,-0.15563337657947587,True,False,4661,125
2018-11-23 00:00:00+00:00,11588914.291706935,11588914.291706935,0.0,0.0,0.0,0.0,0,-0.15563337657947587,True,False,4661,125
2018-11-26 00:00:00+00:00,11588914.291706935,11588914.291706935,0.0,0.0,0.0,0.0,0,-0.15563337657947587,True,False,4661,125
2018-11-27 00:00:00+00:00,11588914.291706935,11588914.291706935,0.0,0.0,0.0,0.0,0,-0.15563337657947587,True,False,4661,125
2018-11-28 00:00:00+00:00,11588914.291706935,11588914.291706935,0.0,0.0,0.0,0.0,0,-0.15563337657947587,True,False,4664,125
2018-11-29 00:00:00+00:00,11588914.291706935,11588914.291706935,0.0,0.0,0.0,0.0,0,-0.15563337657947587,True,False,4664,125
2018-11-30 00:00:00+00:00,11588914.291706935,11588914.291706935,0.0,0.0,0.0,0.0,0,-0.15563337657947587,True,False,4664,125
2018-12-03 00:00:00+00:00,11588914.291706935,11588914.291706935,0.0,0.0,0.0,0.0,0,-0.15563337657947587,True,False,4664,125
2018-12-04 00:00:00+00:00,11588914.291706935,11588914.291706935,0.0,0.0,0.0,0.0,0,-0.15563337657947587,True,False,4664,125
2018-12-05 00:00:00+00:00,11588914.291706935,11588914.291706935,0.0,0.0,0.0,0.0,0,-0.15563337657947587,True,False,4665,125
2018-12-06 00:00:00+00:00,11588914.291706935,11588914.291706935,0.0,0.0,0.0,0.0,0,-0.15563337657947587,True,False,4666,125
2018-12-07 00:00:00+00:00,11588914.291706935,11588914.291706935,0.0,0.0,0.0,0.0,0,-0.15563337657947587,True,False,4682,125
2018-12-10 00:00:00+00:00,11588914.291706935,11588914.291706935,0.0,0.0,0.0,0.0,0,-0.15563337657947587,True,False,4682,125
2018-12-11 00:00:00+00:00,11588914.291706935,11588914.291706935,0.0,0.0,0.0,0.0,0,-0.15563337657947587,True,False,4682,125
2018-12-12 00:00:00+00:00,11588914.291706935,11588914.291706935,0.0,0.0,0.0,0.0,0,-0.15563337657947587,True,False,4682,125
2018-12-13 00:00:00+00:00,11588914.291706935,11588914.291706935,0.0,0.0,0.0,0.0,0,-0.15563337657947587,True,False,4682,125
2018-12-14 00:00:00+00:00,11588914.291706935,11588914.291706935,0.0,0.0,0.0,0.0,0,-0.15563337657947587,True,False,4682,125
2018-12-17 00:00:00+00:00,11588914.291706935,11588914.291706935,0.0,0.0,0.0,0.0,0,-0.15563337657947587,True,False,4682,125
2018-12-18 00:00:00+00:00,11588914.291706935,11588914.291706935,0.0,0.0,0.0,0.0,0,-0.15563337657947587,True,False,4682,125
2018-12-19 00:00:00+00:00,11588914.291706935,11588914.291706935,0.0,0.0,0.0,0.0,0,-0.15563337657947587,True,False,4682,125
2018-12-20 00:00:00+00:00,11588914.291706935,11588914.291706935,0.0,0.0,0.0,0.0,0,-0.15563337657947587,True,False,4682,125
2018-12-21 00:00:00+00:00,11588914.291706935,11588914.291706935,0.0,0.0,0.0,0.0,0,-0.15563337657947587,True,False,4682,125
2018-12-24 00:00:00+00:00,11588914.291706935,11588914.291706935,0.0,0.0,0.0,0.0,0,-0.15563337657947587,True,False,4683,125
2018-12-26 00:00:00+00:00,11588914.291706935,11588914.291706935,0.0,0.0,0.0,0.0,0,-0.15563337657947587,True,False,4683,125
2018-12-27 00:00:00+00:00,11588914.291706935,11588914.291706935,0.0,0.0,0.0,0.0,0,-0.15563337657947587,True,False,4683,125
2018-12-28 00:00:00+00:00,11588914.291706935,11588914.291706935,0.0,0.0,0.0,0.0,0,-0.15563337657947587,True,False,4683,125
2018-12-31 00:00:00+00:00,11588914.291706935,11588914.291706935,0.0,0.0,0.0,0.0,0,-0.15563337657947587,True,False,4683,125
2019-01-01 00:00:00+00:00,11588914.291706935,11588914.291706935,0.0,0.0,0.0,0.0,0,-0.15563337657947587,True,False,4683,125
2019-01-02 00:00:00+00:00,11588914.291706935,11588914.291706935,0.0,0.0,0.0,0.0,0,-0.15563337657947587,True,False,4684,125
2019-01-03 00:00:00+00:00,11588914.291706935,11588914.291706935,0.0,0.0,0.0,0.0,0,-0.15563337657947587,True,False,4685,125
2019-01-04 00:00:00+00:00,11588914.291706935,11588914.291706935,0.0,0.0,0.0,0.0,0,-0.15563337657947587,True,False,4685,125
2019-01-07 00:00:00+00:00,11588914.291706935,11588914.291706935,0.0,0.0,0.0,0.0,0,-0.15563337657947587,True,False,4686,125
2019-01-08 00:00:00+00:00,11588914.291706935,11588914.291706935,0.0,0.0,0.0,0.0,0,-0.15563337657947587,True,False,4702,125
2019-01-09 00:00:00+00:00,11588914.291706935,11588914.291706935,0.0,0.0,0.0,0.0,0,-0.15563337657947587,True,False,4702,125
2019-01-10 00:00:00+00:00,11588914.291706935,11588914.291706935,0.0,0.0,0.0,0.0,0,-0.15563337657947587,True,False,4702,125
2019-01-11 00:00:00+00:00,11588914.291706935,11588914.291706935,0.0,0.0,0.0,0.0,0,-0.15563337657947587,True,False,4702,125
2019-01-14 00:00:00+00:00,11588914.291706935,11588914.291706935,0.0,0.0,0.0,0.0,0,-0.15563337657947587,True,False,4703,125
2019-01-15 00:00:00+00:00,11588914.291706935,11588914.291706935,0.0,0.0,0.0,0.0,0,-0.15563337657947587,True,False,4703,125
2019-01-16 00:00:00+00:00,11588914.291706935,11588914.291706935,0.0,0.0,0.0,0.0,0,-0.15563337657947587,True,False,4703,125
2019-01-17 00:00:00+00:00,11588914.291706935,11588914.291706935,0.0,0.0,0.0,0.0,0,-0.15563337657947587,True,False,4704,125
2019-01-18 00:00:00+00:00,11588914.291706935,11588914.291706935,0.0,0.0,0.0,0.0,0,-0.15563337657947587,True,False,4704,125
2019-01-21 00:00:00+00:00,11588914.291706935,11588914.291706935,0.0,0.0,0.0,0.0,0,-0.15563337657947587,True,False,4705,125
2019-01-22 00:00:00+00:00,11588914.291706935,11588914.291706935,0.0,0.0,0.0,0.0,0,-0.15563337657947587,True,False,4707,125
2019-01-23 00:00:00+00:00,11588914.291706935,11588914.291706935,0.0,0.0,0.0,0.0,0,-0.15563337657947587,True,False,4708,125
2019-01-24 00:00:00+00:00,11588914.291706935,11588914.291706935,0.0,0.0,0.0,0.0,0,-0.15563337657947587,True,False,4709,125
2019-01-25 00:00:00+00:00,11588914.291706935,11588914.291706935,0.0,0.0,0.0,0.0,0,-0.15563337657947587,True,False,4715,125
2019-01-28 00:00:00+00:00,11588914.291706935,11588914.291706935,0.0,0.0,0.0,0.0,0,-0.15563337657947587,True,False,4723,125
2019-01-29 00:00:00+00:00,11588914.291706935,11588914.291706935,0.0,0.0,0.0,0.0,0,-0.15563337657947587,True,False,4725,125
2019-01-30 00:00:00+00:00,11588914.291706935,11588914.291706935,0.0,0.0,0.0,0.0,0,-0.15563337657947587,True,False,4726,125
2019-01-31 00:00:00+00:00,11588914.291706935,11588914.291706935,0.0,0.0,0.0,0.0,0,-0.15563337657947587,True,False,4726,125
2019-02-01 00:00:00+00:00,11588914.291706935,11588914.291706935,0.0,0.0,0.0,0.0,0,-0.15563337657947587,True,False,4727,125
2019-02-04 00:00:00+00:00,11588914.291706935,11588914.291706935,0.0,0.0,0.0,0.0,0,-0.15563337657947587,True,False,4727,125
2019-02-05 00:00:00+00:00,11588914.291706935,11588914.291706935,0.0,0.0,0.0,0.0,0,-0.15563337657947587,True,False,4727,125
2019-02-06 00:00:00+00:00,11588914.291706935,11588914.291706935,0.0,0.0,0.0,0.0,0,-0.15563337657947587,True,False,4743,125
2019-02-07 00:00:00+00:00,11588914.291706935,11588914.291706935,0.0,0.0,0.0,0.0,0,-0.15563337657947587,True,False,4743,125
2019-02-08 00:00:00+00:00,11588914.291706935,11588914.291706935,0.0,0.0,0.0,0.0,0,-0.15563337657947587,True,False,4745,125
2019-02-11 00:00:00+00:00,11588914.291706935,11588914.291706935,0.0,0.0,0.0,0.0,0,-0.15563337657947587,True,False,4746,125
2019-02-12 00:00:00+00:00,11588914.291706935,11588914.291706935,0.0,0.0,0.0,0.0,0,-0.15563337657947587,True,False,4746,125
2019-02-13 00:00:00+00:00,11588914.291706935,11588914.291706935,0.0,0.0,0.0,0.0,0,-0.15563337657947587,True,False,4746,125
2019-02-14 00:00:00+00:00,11588914.291706935,11588914.291706935,0.0,0.0,0.0,0.0,0,-0.15563337657947587,True,False,4749,125
2019-02-15 00:00:00+00:00,11588914.291706935,11588914.291706935,0.0,0.0,0.0,0.0,0,-0.15563337657947587,True,False,4752,125
2019-02-18 00:00:00+00:00,11588914.291706935,11588914.291706935,0.0,0.0,0.0,0.0,0,-0.15563337657947587,True,False,4756,125
2019-02-19 00:00:00+00:00,11588914.291706935,11588914.291706935,0.0,0.0,0.0,0.0,0,-0.15563337657947587,True,False,4756,125
2019-02-20 00:00:00+00:00,11588914.291706935,11588914.291706935,0.0,0.0,0.0,0.0,0,-0.15563337657947587,True,False,4757,125
2019-02-21 00:00:00+00:00,11588914.291706935,11588914.291706935,0.0,0.0,0.0,0.0,0,-0.15563337657947587,True,False,4757,125
2019-02-22 00:00:00+00:00,11588914.291706935,11588914.291706935,0.0,0.0,0.0,0.0,0,-0.15563337657947587,True,False,4757,125
2019-02-25 00:00:00+00:00,11588914.291706935,11588914.291706935,0.0,0.0,0.0,0.0,0,-0.15563337657947587,True,False,4757,125
2019-02-26 00:00:00+00:00,11588914.291706935,11588914.291706935,0.0,0.0,0.0,0.0,0,-0.15563337657947587,True,False,4757,125
2019-02-27 00:00:00+00:00,11588914.291706935,11588914.291706935,0.0,0.0,0.0,0.0,0,-0.15563337657947587,True,False,4757,125
2019-02-28 00:00:00+00:00,11588914.291706935,11588914.291706935,0.0,0.0,0.0,0.0,0,-0.15563337657947587,True,False,4757,125
2019-03-01 00:00:00+00:00,11588914.291706935,11588914.291706935,0.0,0.0,0.0,0.0,0,-0.15563337657947587,True,False,4757,125
2019-03-04 00:00:00+00:00,11588914.291706935,11588914.291706935,0.0,0.0,0.0,0.0,0,-0.15563337657947587,True,False,4757,125
2019-03-05 00:00:00+00:00,11588914.291706935,11588914.291706935,0.0,0.0,0.0,0.0,0,-0.15563337657947587,True,False,4757,125
2019-03-06 00:00:00+00:00,11588914.291706935,11588914.291706935,0.0,0.0,0.0,0.0,0,-0.15563337657947587,True,False,4757,125
2019-03-07 00:00:00+00:00,11588914.291706935,11588914.291706935,0.0,0.0,0.0,0.0,0,-0.15563337657947587,True,False,4774,125
2019-03-08 00:00:00+00:00,11588914.291706935,11588914.291706935,0.0,0.0,0.0,0.0,0,-0.15563337657947587,True,False,4774,125
2019-03-11 00:00:00+00:00,11588914.291706935,11588914.291706935,0.0,0.0,0.0,0.0,0,-0.15563337657947587,True,False,4775,125
2019-03-12 00:00:00+00:00,11588914.291706935,11588914.291706935,0.0,0.0,0.0,0.0,0,-0.15563337657947587,True,False,4775,125
2019-03-13 00:00:00+00:00,11588914.291706935,11588914.291706935,0.0,0.0,0.0,0.0,0,-0.15563337657947587,True,False,4775,125
2019-03-14 00:00:00+00:00,11588914.291706935,11588914.291706935,0.0,0.0,0.0,0.0,0,-0.15563337657947587,True,False,4775,125
2019-03-15 00:00:00+00:00,11588914.291706935,11588914.291706935,0.0,0.0,0.0,0.0,0,-0.15563337657947587,True,False,4775,125
2019-03-18 00:00:00+00:00,11588914.291706935,11588914.291706935,0.0,0.0,0.0,0.0,0,-0.15563337657947587,True,False,4775,125
2019-03-19 00:00:00+00:00,11588914.291706935,11588914.291706935,0.0,0.0,0.0,0.0,0,-0.15563337657947587,True,False,4775,125
2019-03-20 00:00:00+00:00,11588914.291706935,11588914.291706935,0.0,0.0,0.0,0.0,0,-0.15563337657947587,True,False,4775,125
2019-03-21 00:00:00+00:00,11588914.291706935,11588914.291706935,0.0,0.0,0.0,0.0,0,-0.15563337657947587,True,False,4775,125
2019-03-22 00:00:00+00:00,11588914.291706935,11588914.291706935,0.0,0.0,0.0,0.0,0,-0.15563337657947587,True,False,4775,125
2019-03-25 00:00:00+00:00,11588914.291706935,11588914.291706935,0.0,0.0,0.0,0.0,0,-0.15563337657947587,True,False,4775,125
2019-03-26 00:00:00+00:00,11588914.291706935,11588914.291706935,0.0,0.0,0.0,0.0,0,-0.15563337657947587,True,False,4775,125
2019-03-27 00:00:00+00:00,11588914.291706935,11588914.291706935,0.0,0.0,0.0,0.0,0,-0.15563337657947587,True,False,4775,125
2019-03-28 00:00:00+00:00,11588914.291706935,11588914.291706935,0.0,0.0,0.0,0.0,0,-0.15563337657947587,True,False,4775,125
2019-03-29 00:00:00+00:00,11588914.291706935,11588914.291706935,0.0,0.0,0.0,0.0,0,-0.15563337657947587,True,False,4775,125
2019-04-01 00:00:00+00:00,11588914.291706935,11588914.291706935,0.0,0.0,0.0,0.0,0,-0.15563337657947587,True,False,4775,125
2019-04-02 00:00:00+00:00,11588914.291706935,11588914.291706935,0.0,0.0,0.0,0.0,0,-0.15563337657947587,True,False,4775,125
2019-04-03 00:00:00+00:00,11588914.291706935,11588914.291706935,0.0,0.0,0.0,0.0,0,-0.15563337657947587,True,False,4775,125
2019-04-04 00:00:00+00:00,11588914.291706935,11588914.291706935,0.0,0.0,0.0,0.0,0,-0.15563337657947587,True,False,4775,125
2019-04-05 00:00:00+00:00,11588914.291706935,11588914.291706935,0.0,0.0,0.0,0.0,0,-0.15563337657947587,True,False,4791,125
2019-04-08 00:00:00+00:00,11588914.291706935,11588914.291706935,0.0,0.0,0.0,0.0,0,-0.15563337657947587,True,False,4791,125
2019-04-09 00:00:00+00:00,11588914.291706935,11588914.291706935,0.0,0.0,0.0,0.0,0,-0.15563337657947587,True,False,4791,125
2019-04-10 00:00:00+00:00,11588914.291706935,11588914.291706935,0.0,0.0,0.0,0.0,0,-0.15563337657947587,True,False,4791,125
2019-04-11 00:00:00+00:00,11588914.291706935,11588914.291706935,0.0,0.0,0.0,0.0,0,-0.15563337657947587,True,False,4791,125
2019-04-12 00:00:00+00:00,11588914.291706935,11588914.291706935,0.0,0.0,0.0,0.0,0,-0.15563337657947587,True,False,4791,125
2019-04-15 00:00:00+00:00,11588914.291706935,11588914.291706935,0.0,0.0,0.0,0.0,0,-0.15563337657947587,True,False,4791,125
2019-04-16 00:00:00+00:00,11588914.291706935,11588914.291706935,0.0,0.0,0.0,0.0,0,-0.15563337657947587,True,False,4791,125
2019-04-17 00:00:00+00:00,11588914.291706935,11588914.291706935,0.0,0.0,0.0,0.0,0,-0.15563337657947587,True,False,4792,125
2019-04-18 00:00:00+00:00,11588914.291706935,11588914.291706935,0.0,0.0,0.0,0.0,0,-0.15563337657947587,True,False,4793,125
2019-04-22 00:00:00+00:00,11588914.291706935,11588914.291706935,0.0,0.0,0.0,0.0,0,-0.15563337657947587,True,False,4793,125
2019-04-23 00:00:00+00:00,11588914.291706935,11588914.291706935,0.0,0.0,0.0,0.0,0,-0.15563337657947587,True,False,4794,125
2019-04-24 00:00:00+00:00,11588914.291706935,11588914.291706935,0.0,0.0,0.0,0.0,0,-0.15563337657947587,True,False,4796,125
2019-04-25 00:00:00+00:00,11588914.291706935,11588914.291706935,0.0,0.0,0.0,0.0,0,-0.15563337657947587,True,False,4797,125
2019-04-26 00:00:00+00:00,11588914.291706935,11588914.291706935,0.0,0.0,0.0,0.0,0,-0.15563337657947587,True,False,4797,125
2019-04-29 00:00:00+00:00,11588914.291706935,11588914.291706935,0.0,0.0,0.0,0.0,0,-0.15563337657947587,True,False,4797,125
2019-04-30 00:00:00+00:00,11588914.291706935,11588914.291706935,0.0,0.0,0.0,0.0,0,-0.15563337657947587,True,False,4798,125
2019-05-01 00:00:00+00:00,11588914.291706935,11588914.291706935,0.0,0.0,0.0,0.0,0,-0.15563337657947587,True,False,4798,125
2019-05-02 00:00:00+00:00,11588914.291706935,11588914.291706935,0.0,0.0,0.0,0.0,0,-0.15563337657947587,True,False,4799,125
2019-05-03 00:00:00+00:00,11588914.291706935,11588914.291706935,0.0,0.0,0.0,0.0,0,-0.15563337657947587,True,False,4800,125
2019-05-06 00:00:00+00:00,11588914.291706935,11588914.291706935,0.0,0.0,0.0,0.0,0,-0.15563337657947587,True,False,4803,125
2019-05-07 00:00:00+00:00,11588914.291706935,11588914.291706935,0.0,0.0,0.0,0.0,0,-0.15563337657947587,True,False,4819,125
2019-05-08 00:00:00+00:00,11588914.291706935,11588914.291706935,0.0,0.0,0.0,0.0,0,-0.15563337657947587,True,False,4824,125
2019-05-09 00:00:00+00:00,11588914.291706935,11588914.291706935,0.0,0.0,0.0,0.0,0,-0.15563337657947587,True,False,4828,125
2019-05-10 00:00:00+00:00,11588914.291706935,11588914.291706935,0.0,0.0,0.0,0.0,0,-0.15563337657947587,True,False,4828,125
2019-05-13 00:00:00+00:00,11588914.291706935,11588914.291706935,0.0,0.0,0.0,0.0,0,-0.15563337657947587,True,False,4835,125
2019-05-14 00:00:00+00:00,11588914.291706935,11588914.291706935,0.0,0.0,0.0,0.0,0,-0.15563337657947587,True,False,4836,125
2019-05-15 00:00:00+00:00,11588914.291706935,11588914.291706935,0.0,0.0,0.0,0.0,0,-0.15563337657947587,True,False,4836,125
2019-05-16 00:00:00+00:00,11588914.291706935,11588914.291706935,0.0,0.0,0.0,0.0,0,-0.15563337657947587,True,False,4836,125
2019-05-17 00:00:00+00:00,11588914.291706935,11588914.291706935,0.0,0.0,0.0,0.0,0,-0.15563337657947587,True,False,4836,125
2019-05-20 00:00:00+00:00,11588914.291706935,11588914.291706935,0.0,0.0,0.0,0.0,0,-0.15563337657947587,True,False,4837,125
2019-05-21 00:00:00+00:00,11588914.291706935,11588914.291706935,0.0,0.0,0.0,0.0,0,-0.15563337657947587,True,False,4837,125
2019-05-22 00:00:00+00:00,11588914.291706935,11588914.291706935,0.0,0.0,0.0,0.0,0,-0.15563337657947587,True,False,4839,125
2019-05-23 00:00:00+00:00,11588914.291706935,11588914.291706935,0.0,0.0,0.0,0.0,0,-0.15563337657947587,True,False,4840,125
2019-05-24 00:00:00+00:00,11588914.291706935,11588914.291706935,0.0,0.0,0.0,0.0,0,-0.15563337657947587,True,False,4840,125
2019-05-27 00:00:00+00:00,11588914.291706935,11588914.291706935,0.0,0.0,0.0,0.0,0,-0.15563337657947587,True,False,4840,125
2019-05-28 00:00:00+00:00,11588914.291706935,11588914.291706935,0.0,0.0,0.0,0.0,0,-0.15563337657947587,True,False,4841,125
2019-05-29 00:00:00+00:00,11588914.291706935,11588914.291706935,0.0,0.0,0.0,0.0,0,-0.15563337657947587,True,False,4841,125
2019-05-30 00:00:00+00:00,11588914.291706935,11588914.291706935,0.0,0.0,0.0,0.0,0,-0.15563337657947587,True,False,4841,125
2019-05-31 00:00:00+00:00,11588914.291706935,11588914.291706935,0.0,0.0,0.0,0.0,0,-0.15563337657947587,True,False,4841,125
2019-06-03 00:00:00+00:00,11588914.291706935,11588914.291706935,0.0,0.0,0.0,0.0,0,-0.15563337657947587,True,False,4841,125
2019-06-04 00:00:00+00:00,11588914.291706935,11588914.291706935,0.0,0.0,0.0,0.0,0,-0.15563337657947587,True,False,4841,125
2019-06-05 00:00:00+00:00,11588914.291706935,11588914.291706935,0.0,0.0,0.0,0.0,0,-0.15563337657947587,True,False,4841,125
2019-06-06 00:00:00+00:00,11588914.291706935,11588914.291706935,0.0,0.0,0.0,0.0,0,-0.15563337657947587,True,False,4841,125
2019-06-07 00:00:00+00:00,11588914.291706935,11588914.291706935,0.0,0.0,0.0,0.0,0,-0.15563337657947587,True,False,4842,125
2019-06-10 00:00:00+00:00,11588914.291706935,11588914.291706935,0.0,0.0,0.0,0.0,0,-0.15563337657947587,True,False,4842,125
2019-06-11 00:00:00+00:00,11588914.291706935,11588914.291706935,0.0,0.0,0.0,0.0,0,-0.15563337657947587,True,False,4842,125
2019-06-12 00:00:00+00:00,11588914.291706935,11588914.291706935,0.0,0.0,0.0,0.0,0,-0.15563337657947587,True,False,4842,125
2019-06-13 00:00:00+00:00,11588914.291706935,11588914.291706935,0.0,0.0,0.0,0.0,0,-0.15563337657947587,True,False,4842,125
2019-06-14 00:00:00+00:00,11588914.291706935,11588914.291706935,0.0,0.0,0.0,0.0,0,-0.15563337657947587,True,False,4842,125
2019-06-17 00:00:00+00:00,11588914.291706935,11588914.291706935,0.0,0.0,0.0,0.0,0,-0.15563337657947587,True,False,4842,125
2019-06-18 00:00:00+00:00,11588914.291706935,11588914.291706935,0.0,0.0,0.0,0.0,0,-0.15563337657947587,True,False,4842,125
2019-06-19 00:00:00+00:00,11588914.291706935,11588914.291706935,0.0,0.0,0.0,0.0,0,-0.15563337657947587,True,False,4842,125
2019-06-20 00:00:00+00:00,11588914.291706935,11588914.291706935,0.0,0.0,0.0,0.0,0,-0.15563337657947587,True,False,4842,125
2019-06-21 00:00:00+00:00,11588914.291706935,11588914.291706935,0.0,0.0,0.0,0.0,0,-0.15563337657947587,True,False,4842,125
2019-06-24 00:00:00+00:00,11588914.291706935,11588914.291706935,0.0,0.0,0.0,0.0,0,-0.15563337657947587,True,False,4843,125
2019-06-25 00:00:00+00:00,11588914.291706935,11588914.291706935,0.0,0.0,0.0,0.0,0,-0.15563337657947587,True,False,4843,125
2019-06-26 00:00:00+00:00,11588914.291706935,11588914.291706935,0.0,0.0,0.0,0.0,0,-0.15563337657947587,True,False,4843,125
2019-06-27 00:00:00+00:00,11588914.291706935,11588914.291706935,0.0,0.0,0.0,0.0,0,-0.15563337657947587,True,False,4843,125
2019-06-28 00:00:00+00:00,11588914.291706935,11588914.291706935,0.0,0.0,0.0,0.0,0,-0.15563337657947587,True,False,4843,125
2019-07-01 00:00:00+00:00,11588914.291706935,11588914.291706935,0.0,0.0,0.0,0.0,0,-0.15563337657947587,True,False,4843,125
2019-07-02 00:00:00+00:00,11588914.291706935,11588914.291706935,0.0,0.0,0.0,0.0,0,-0.15563337657947587,True,False,4843,125
2019-07-03 00:00:00+00:00,11588914.291706935,11588914.291706935,0.0,0.0,0.0,0.0,0,-0.15563337657947587,True,False,4843,125
2019-07-04 00:00:00+00:00,11588914.291706935,11588914.291706935,0.0,0.0,0.0,0.0,0,-0.15563337657947587,True,False,4859,125
2019-07-05 00:00:00+00:00,11588914.291706935,11588914.291706935,0.0,0.0,0.0,0.0,0,-0.15563337657947587,True,False,4862,125
2019-07-08 00:00:00+00:00,11588914.291706935,11588914.291706935,0.0,0.0,0.0,0.0,0,-0.15563337657947587,True,False,4872,125
2019-07-09 00:00:00+00:00,11588914.291706935,11588914.291706935,0.0,0.0,0.0,0.0,0,-0.15563337657947587,True,False,4873,125
2019-07-10 00:00:00+00:00,11588914.291706935,11588914.291706935,0.0,0.0,0.0,0.0,0,-0.15563337657947587,True,False,4874,125
2019-07-11 00:00:00+00:00,11588914.291706935,11588914.291706935,0.0,0.0,0.0,0.0,0,-0.15563337657947587,True,False,4875,125
2019-07-12 00:00:00+00:00,11588914.291706935,11588914.291706935,0.0,0.0,0.0,0.0,0,-0.15563337657947587,True,False,4875,125
2019-07-15 00:00:00+00:00,11588914.291706935,11588914.291706935,0.0,0.0,0.0,0.0,0,-0.15563337657947587,True,False,4875,125
2019-07-16 00:00:00+00:00,11588914.291706935,11588914.291706935,0.0,0.0,0.0,0.0,0,-0.15563337657947587,True,False,4875,125
2019-07-17 00:00:00+00:00,11588914.291706935,11588914.291706935,0.0,0.0,0.0,0.0,0,-0.15563337657947587,True,False,4875,125
2019-07-18 00:00:00+00:00,11588914.291706935,11588914.291706935,0.0,0.0,0.0,0.0,0,-0.15563337657947587,True,False,4875,125
2019-07-19 00:00:00+00:00,11588914.291706935,11588914.291706935,0.0,0.0,0.0,0.0,0,-0.15563337657947587,True,False,4877,125
2019-07-22 00:00:00+00:00,11588914.291706935,11588914.291706935,0.0,0.0,0.0,0.0,0,-0.15563337657947587,True,False,4878,125
2019-07-23 00:00:00+00:00,11588914.291706935,11588914.291706935,0.0,0.0,0.0,0.0,0,-0.15563337657947587,True,False,4882,125
2019-07-24 00:00:00+00:00,11588914.291706935,11588914.291706935,0.0,0.0,0.0,0.0,0,-0.15563337657947587,True,False,4884,125
2019-07-25 00:00:00+00:00,11588914.291706935,11588914.291706935,0.0,0.0,0.0,0.0,0,-0.15563337657947587,True,False,4885,125
2019-07-26 00:00:00+00:00,11588914.291706935,11588914.291706935,0.0,0.0,0.0,0.0,0,-0.15563337657947587,True,False,4885,125
2019-07-29 00:00:00+00:00,11588914.291706935,11588914.291706935,0.0,0.0,0.0,0.0,0,-0.15563337657947587,True,False,4888,125
2019-07-30 00:00:00+00:00,11588914.291706935,11588914.291706935,0.0,0.0,0.0,0.0,0,-0.15563337657947587,True,False,4893,125
2019-07-31 00:00:00+00:00,11588914.291706935,11588914.291706935,0.0,0.0,0.0,0.0,0,-0.15563337657947587,True,False,4894,125
2019-08-01 00:00:00+00:00,11588914.291706935,11588914.291706935,0.0,0.0,0.0,0.0,0,-0.15563337657947587,True,False,4897,125
2019-08-02 00:00:00+00:00,11588914.291706935,11588914.291706935,0.0,0.0,0.0,0.0,0,-0.15563337657947587,True,False,4916,125
2019-08-05 00:00:00+00:00,11588914.291706935,11588914.291706935,0.0,0.0,0.0,0.0,0,-0.15563337657947587,True,False,4919,125
2019-08-06 00:00:00+00:00,11588914.291706935,11588914.291706935,0.0,0.0,0.0,0.0,0,-0.15563337657947587,True,False,4920,125
2019-08-07 00:00:00+00:00,11588914.291706935,11588914.291706935,0.0,0.0,0.0,0.0,0,-0.15563337657947587,True,False,4920,125
2019-08-08 00:00:00+00:00,11588914.291706935,11588914.291706935,0.0,0.0,0.0,0.0,0,-0.15563337657947587,True,False,4920,125
2019-08-09 00:00:00+00:00,11588914.291706935,11588914.291706935,0.0,0.0,0.0,0.0,0,-0.15563337657947587,True,False,4920,125
2019-08-12 00:00:00+00:00,11588914.291706935,11588914.291706935,0.0,0.0,0.0,0.0,0,-0.15563337657947587,True,False,4920,125
2019-08-13 00:00:00+00:00,11588914.291706935,11588914.291706935,0.0,0.0,0.0,0.0,0,-0.15563337657947587,True,False,4922,125
2019-08-14 00:00:00+00:00,11588914.291706935,11588914.291706935,0.0,0.0,0.0,0.0,0,-0.15563337657947587,True,False,4922,125
2019-08-15 00:00:00+00:00,11588914.291706935,11588914.291706935,0.0,0.0,0.0,0.0,0,-0.15563337657947587,True,False,4922,125
2019-08-16 00:00:00+00:00,11588914.291706935,11588914.291706935,0.0,0.0,0.0,0.0,0,-0.15563337657947587,True,False,4922,125
2019-08-19 00:00:00+00:00,11588914.291706935,11588914.291706935,0.0,0.0,0.0,0.0,0,-0.15563337657947587,True,False,4922,125
2019-08-20 00:00:00+00:00,11588914.291706935,11588914.291706935,0.0,0.0,0.0,0.0,0,-0.15563337657947587,True,False,4925,125
2019-08-21 00:00:00+00:00,11588914.291706935,11588914.291706935,0.0,0.0,0.0,0.0,0,-0.15563337657947587,True,False,4926,125
2019-08-22 00:00:00+00:00,11588914.291706935,11588914.291706935,0.0,0.0,0.0,0.0,0,-0.15563337657947587,True,False,4932,125
2019-08-23 00:00:00+00:00,11588914.291706935,11588914.291706935,0.0,0.0,0.0,0.0,0,-0.15563337657947587,True,False,4932,125
2019-08-26 00:00:00+00:00,11588914.291706935,11588914.291706935,0.0,0.0,0.0,0.0,0,-0.15563337657947587,True,False,4932,125
2019-08-27 00:00:00+00:00,11588914.291706935,11588914.291706935,0.0,0.0,0.0,0.0,0,-0.15563337657947587,True,False,4932,125
2019-08-28 00:00:00+00:00,11588914.291706935,11588914.291706935,0.0,0.0,0.0,0.0,0,-0.15563337657947587,True,False,4932,125
2019-08-29 00:00:00+00:00,11588914.291706935,11588914.291706935,0.0,0.0,0.0,0.0,0,-0.15563337657947587,True,False,4932,125
2019-08-30 00:00:00+00:00,11588914.291706935,11588914.291706935,0.0,0.0,0.0,0.0,0,-0.15563337657947587,True,False,4932,125
2019-09-03 00:00:00+00:00,11588914.291706935,11588914.291706935,0.0,0.0,0.0,0.0,0,-0.15563337657947587,True,False,4949,125
2019-09-04 00:00:00+00:00,11588914.291706935,11588914.291706935,0.0,0.0,0.0,0.0,0,-0.15563337657947587,True,False,4949,125
2019-09-05 00:00:00+00:00,11588914.291706935,11588914.291706935,0.0,0.0,0.0,0.0,0,-0.15563337657947587,True,False,4949,125
2019-09-06 00:00:00+00:00,11588914.291706935,11588914.291706935,0.0,0.0,0.0,0.0,0,-0.15563337657947587,True,False,4949,125
2019-09-09 00:00:00+00:00,11588914.291706935,11588914.291706935,0.0,0.0,0.0,0.0,0,-0.15563337657947587,True,False,4949,125
2019-09-10 00:00:00+00:00,11588914.291706935,11588914.291706935,0.0,0.0,0.0,0.0,0,-0.15563337657947587,True,False,4949,125
2019-09-11 00:00:00+00:00,11588914.291706935,11588914.291706935,0.0,0.0,0.0,0.0,0,-0.15563337657947587,True,False,4949,125
2019-09-12 00:00:00+00:00,11588914.291706935,11588914.291706935,0.0,0.0,0.0,0.0,0,-0.15563337657947587,True,False,4949,125
2019-09-13 00:00:00+00:00,11588914.291706935,11588914.291706935,0.0,0.0,0.0,0.0,0,-0.15563337657947587,True,False,4949,125
2019-09-16 00:00:00+00:00,11588914.291706935,11588914.291706935,0.0,0.0,0.0,0.0,0,-0.15563337657947587,True,False,4949,125
2019-09-17 00:00:00+00:00,11588914.291706935,11588914.291706935,0.0,0.0,0.0,0.0,0,-0.15563337657947587,True,False,4949,125
2019-09-18 00:00:00+00:00,11588914.291706935,11588914.291706935,0.0,0.0,0.0,0.0,0,-0.15563337657947587,True,False,4949,125
2019-09-19 00:00:00+00:00,11588914.291706935,11588914.291706935,0.0,0.0,0.0,0.0,0,-0.15563337657947587,True,False,4950,125
2019-09-20 00:00:00+00:00,11588914.291706935,11588914.291706935,0.0,0.0,0.0,0.0,0,-0.15563337657947587,True,False,4950,125
2019-09-23 00:00:00+00:00,11588914.291706935,11588914.291706935,0.0,0.0,0.0,0.0,0,-0.15563337657947587,True,False,4952,125
2019-09-24 00:00:00+00:00,11588914.291706935,11588914.291706935,0.0,0.0,0.0,0.0,0,-0.15563337657947587,True,False,4952,125
2019-09-25 00:00:00+00:00,11588914.291706935,11588914.291706935,0.0,0.0,0.0,0.0,0,-0.15563337657947587,True,False,4952,125
2019-09-26 00:00:00+00:00,11588914.291706935,11588914.291706935,0.0,0.0,0.0,0.0,0,-0.15563337657947587,True,False,4952,125
2019-09-27 00:00:00+00:00,11588914.291706935,11588914.291706935,0.0,0.0,0.0,0.0,0,-0.15563337657947587,True,False,4952,125
2019-09-30 00:00:00+00:00,11588914.291706935,11588914.291706935,0.0,0.0,0.0,0.0,0,-0.15563337657947587,True,False,4952,125
2019-10-01 00:00:00+00:00,11588914.291706935,11588914.291706935,0.0,0.0,0.0,0.0,0,-0.15563337657947587,True,False,4952,125
2019-10-02 00:00:00+00:00,11588914.291706935,11588914.291706935,0.0,0.0,0.0,0.0,0,-0.15563337657947587,True,False,4953,125
2019-10-03 00:00:00+00:00,11588914.291706935,11588914.291706935,0.0,0.0,0.0,0.0,0,-0.15563337657947587,True,False,4953,125
2019-10-04 00:00:00+00:00,11588914.291706935,11588914.291706935,0.0,0.0,0.0,0.0,0,-0.15563337657947587,True,False,4953,125
2019-10-07 00:00:00+00:00,11588914.291706935,11588914.291706935,0.0,0.0,0.0,0.0,0,-0.15563337657947587,True,False,4955,125
2019-10-08 00:00:00+00:00,11588914.291706935,11588914.291706935,0.0,0.0,0.0,0.0,0,-0.15563337657947587,True,False,4955,125
2019-10-09 00:00:00+00:00,11588914.291706935,11588914.291706935,0.0,0.0,0.0,0.0,0,-0.15563337657947587,True,False,4955,125
2019-10-10 00:00:00+00:00,11588914.291706935,11588914.291706935,0.0,0.0,0.0,0.0,0,-0.15563337657947587,True,False,4955,125
2019-10-11 00:00:00+00:00,11588914.291706935,11588914.291706935,0.0,0.0,0.0,0.0,0,-0.15563337657947587,True,False,4956,125
2019-10-14 00:00:00+00:00,11588914.291706935,11588914.291706935,0.0,0.0,0.0,0.0,0,-0.15563337657947587,True,False,4956,125
2019-10-15 00:00:00+00:00,11588914.291706935,11588914.291706935,0.0,0.0,0.0,0.0,0,-0.15563337657947587,True,False,4956,125
2019-10-16 00:00:00+00:00,11588914.291706935,11588914.291706935,0.0,0.0,0.0,0.0,0,-0.15563337657947587,True,False,4956,125
2019-10-17 00:00:00+00:00,11588914.291706935,11588914.291706935,0.0,0.0,0.0,0.0,0,-0.15563337657947587,True,False,4956,125
2019-10-18 00:00:00+00:00,11588914.291706935,11588914.291706935,0.0,0.0,0.0,0.0,0,-0.15563337657947587,True,False,4956,125
2019-10-21 00:00:00+00:00,11588914.291706935,11588914.291706935,0.0,0.0,0.0,0.0,0,-0.15563337657947587,True,False,4956,125
2019-10-22 00:00:00+00:00,11588914.291706935,11588914.291706935,0.0,0.0,0.0,0.0,0,-0.15563337657947587,True,False,4957,125
2019-10-23 00:00:00+00:00,11588914.291706935,11588914.291706935,0.0,0.0,0.0,0.0,0,-0.15563337657947587,True,False,4957,125
2019-10-24 00:00:00+00:00,11588914.291706935,11588914.291706935,0.0,0.0,0.0,0.0,0,-0.15563337657947587,True,False,4957,125
2019-10-25 00:00:00+00:00,11588914.291706935,11588914.291706935,0.0,0.0,0.0,0.0,0,-0.15563337657947587,True,False,4957,125
2019-10-27 00:00:00+00:00,11588914.291706935,11588914.291706935,0.0,0.0,0.0,0.0,0,-0.15563337657947587,True,False,4957,125
2019-10-28 00:00:00+00:00,11588914.291706935,11588914.291706935,0.0,0.0,0.0,0.0,0,-0.15563337657947587,True,False,4957,125
2019-10-29 00:00:00+00:00,11588914.291706935,11588914.291706935,0.0,0.0,0.0,0.0,0,-0.15563337657947587,True,False,4957,125
2019-10-30 00:00:00+00:00,11588914.291706935,11588914.291706935,0.0,0.0,0.0,0.0,0,-0.15563337657947587,True,False,4974,125
2019-10-31 00:00:00+00:00,11588914.291706935,11588914.291706935,0.0,0.0,0.0,0.0,0,-0.15563337657947587,True,False,4974,125
2019-11-01 00:00:00+00:00,11588914.291706935,11588914.291706935,0.0,0.0,0.0,0.0,0,-0.15563337657947587,True,False,4974,125
2019-11-04 00:00:00+00:00,11588914.291706935,11588914.291706935,0.0,0.0,0.0,0.0,0,-0.15563337657947587,True,False,4974,125
2019-11-05 00:00:00+00:00,11588914.291706935,11588914.291706935,0.0,0.0,0.0,0.0,0,-0.15563337657947587,True,False,4974,125
2019-11-06 00:00:00+00:00,11588914.291706935,11588914.291706935,0.0,0.0,0.0,0.0,0,-0.15563337657947587,True,False,4975,125
2019-11-07 00:00:00+00:00,11588914.291706935,11588914.291706935,0.0,0.0,0.0,0.0,0,-0.15563337657947587,True,False,4975,125
2019-11-08 00:00:00+00:00,11588914.291706935,11588914.291706935,0.0,0.0,0.0,0.0,0,-0.15563337657947587,True,False,4977,125
2019-11-11 00:00:00+00:00,11588914.291706935,11588914.291706935,0.0,0.0,0.0,0.0,0,-0.15563337657947587,True,False,4978,125
2019-11-12 00:00:00+00:00,11588914.291706935,11588914.291706935,0.0,0.0,0.0,0.0,0,-0.15563337657947587,True,False,4978,125
2019-11-13 00:00:00+00:00,11588914.291706935,11588914.291706935,0.0,0.0,0.0,0.0,0,-0.15563337657947587,True,False,4978,125
2019-11-14 00:00:00+00:00,11588914.291706935,11588914.291706935,0.0,0.0,0.0,0.0,0,-0.15563337657947587,True,False,4979,125
2019-11-15 00:00:00+00:00,11588914.291706935,11588914.291706935,0.0,0.0,0.0,0.0,0,-0.15563337657947587,True,False,4979,125
2019-11-18 00:00:00+00:00,11588914.291706935,11588914.291706935,0.0,0.0,0.0,0.0,0,-0.15563337657947587,True,False,4979,125
2019-11-19 00:00:00+00:00,11588914.291706935,11588914.291706935,0.0,0.0,0.0,0.0,0,-0.15563337657947587,True,False,4980,125
2019-11-20 00:00:00+00:00,11588914.291706935,11588914.291706935,0.0,0.0,0.0,0.0,0,-0.15563337657947587,True,False,4980,125
2019-11-21 00:00:00+00:00,11588914.291706935,11588914.291706935,0.0,0.0,0.0,0.0,0,-0.15563337657947587,True,False,4980,125
2019-11-22 00:00:00+00:00,11588914.291706935,11588914.291706935,0.0,0.0,0.0,0.0,0,-0.15563337657947587,True,False,4981,125
2019-11-25 00:00:00+00:00,11588914.291706935,11588914.291706935,0.0,0.0,0.0,0.0,0,-0.15563337657947587,True,False,4981,125
2019-11-26 00:00:00+00:00,11588914.291706935,11588914.291706935,0.0,0.0,0.0,0.0,0,-0.15563337657947587,True,False,4983,125
2019-11-27 00:00:00+00:00,11588914.291706935,11588914.291706935,0.0,0.0,0.0,0.0,0,-0.15563337657947587,True,False,4983,125
2019-11-28 00:00:00+00:00,11588914.291706935,11588914.291706935,0.0,0.0,0.0,0.0,0,-0.15563337657947587,True,False,5000,125
2019-11-29 00:00:00+00:00,11588914.291706935,11588914.291706935,0.0,0.0,0.0,0.0,0,-0.15563337657947587,True,False,5000,125
2019-12-02 00:00:00+00:00,11588914.291706935,11588914.291706935,0.0,0.0,0.0,0.0,0,-0.15563337657947587,True,False,5000,125
2019-12-03 00:00:00+00:00,11588914.291706935,11588914.291706935,0.0,0.0,0.0,0.0,0,-0.15563337657947587,True,False,5000,125
2019-12-04 00:00:00+00:00,11588914.291706935,11588914.291706935,0.0,0.0,0.0,0.0,0,-0.15563337657947587,True,False,5001,125
2019-12-05 00:00:00+00:00,11588914.291706935,11588914.291706935,0.0,0.0,0.0,0.0,0,-0.15563337657947587,True,False,5001,125
2019-12-06 00:00:00+00:00,11588914.291706935,11588914.291706935,0.0,0.0,0.0,0.0,0,-0.15563337657947587,True,False,5006,125
2019-12-09 00:00:00+00:00,11588914.291706935,11588914.291706935,0.0,0.0,0.0,0.0,0,-0.15563337657947587,True,False,5009,125
2019-12-10 00:00:00+00:00,11588914.291706935,11588914.291706935,0.0,0.0,0.0,0.0,0,-0.15563337657947587,True,False,5014,125
2019-12-11 00:00:00+00:00,11588914.291706935,11588914.291706935,0.0,0.0,0.0,0.0,0,-0.15563337657947587,True,False,5015,125
2019-12-12 00:00:00+00:00,11588914.291706935,11588914.291706935,0.0,0.0,0.0,0.0,0,-0.15563337657947587,True,False,5015,125
2019-12-13 00:00:00+00:00,11588914.291706935,11588914.291706935,0.0,0.0,0.0,0.0,0,-0.15563337657947587,True,False,5015,125
2019-12-16 00:00:00+00:00,11588914.291706935,11588914.291706935,0.0,0.0,0.0,0.0,0,-0.15563337657947587,True,False,5015,125
2019-12-17 00:00:00+00:00,11588914.291706935,11588914.291706935,0.0,0.0,0.0,0.0,0,-0.15563337657947587,True,False,5015,125
2019-12-18 00:00:00+00:00,11588914.291706935,11588914.291706935,0.0,0.0,0.0,0.0,0,-0.15563337657947587,True,False,5016,125
2019-12-19 00:00:00+00:00,11588914.291706935,11588914.291706935,0.0,0.0,0.0,0.0,0,-0.15563337657947587,True,False,5016,125
2019-12-20 00:00:00+00:00,11588914.291706935,11588914.291706935,0.0,0.0,0.0,0.0,0,-0.15563337657947587,True,False,5016,125
2019-12-23 00:00:00+00:00,11588914.291706935,11588914.291706935,0.0,0.0,0.0,0.0,0,-0.15563337657947587,True,False,5016,125
2019-12-24 00:00:00+00:00,11588914.291706935,11588914.291706935,0.0,0.0,0.0,0.0,0,-0.15563337657947587,True,False,5016,125
2019-12-26 00:00:00+00:00,11588914.291706935,11588914.291706935,0.0,0.0,0.0,0.0,0,-0.15563337657947587,True,False,5016,125
2019-12-27 00:00:00+00:00,11588914.291706935,11588914.291706935,0.0,0.0,0.0,0.0,0,-0.15563337657947587,True,False,5016,125
2019-12-30 00:00:00+00:00,11588914.291706935,11588914.291706935,0.0,0.0,0.0,0.0,0,-0.15563337657947587,True,False,5033,125
2019-12-31 00:00:00+00:00,11588914.291706935,11588914.291706935,0.0,0.0,0.0,0.0,0,-0.15563337657947587,True,False,5033,125
2020-01-01 00:00:00+00:00,11588914.291706935,11588914.291706935,0.0,0.0,0.0,0.0,0,-0.15563337657947587,True,False,5033,125
2020-01-02 00:00:00+00:00,11588914.291706935,11588914.291706935,0.0,0.0,0.0,0.0,0,-0.15563337657947587,True,False,5033,125
2020-01-03 00:00:00+00:00,11588914.291706935,11588914.291706935,0.0,0.0,0.0,0.0,0,-0.15563337657947587,True,False,5033,125
2020-01-06 00:00:00+00:00,11588914.291706935,11588914.291706935,0.0,0.0,0.0,0.0,0,-0.15563337657947587,True,False,5034,125
2020-01-07 00:00:00+00:00,11588914.291706935,11588914.291706935,0.0,0.0,0.0,0.0,0,-0.15563337657947587,True,False,5034,125
2020-01-08 00:00:00+00:00,11588914.291706935,11588914.291706935,0.0,0.0,0.0,0.0,0,-0.15563337657947587,True,False,5034,125
2020-01-09 00:00:00+00:00,11588914.291706935,11588914.291706935,0.0,0.0,0.0,0.0,0,-0.15563337657947587,True,False,5034,125
2020-01-10 00:00:00+00:00,11588914.291706935,11588914.291706935,0.0,0.0,0.0,0.0,0,-0.15563337657947587,True,False,5034,125
2020-01-13 00:00:00+00:00,11588914.291706935,11588914.291706935,0.0,0.0,0.0,0.0,0,-0.15563337657947587,True,False,5034,125
2020-01-14 00:00:00+00:00,11588914.291706935,11588914.291706935,0.0,0.0,0.0,0.0,0,-0.15563337657947587,True,False,5034,125
2020-01-15 00:00:00+00:00,11588914.291706935,11588914.291706935,0.0,0.0,0.0,0.0,0,-0.15563337657947587,True,False,5034,125
2020-01-16 00:00:00+00:00,11588914.291706935,11588914.291706935,0.0,0.0,0.0,0.0,0,-0.15563337657947587,True,False,5034,125
2020-01-17 00:00:00+00:00,11588914.291706935,11588914.291706935,0.0,0.0,0.0,0.0,0,-0.15563337657947587,True,False,5034,125
2020-01-20 00:00:00+00:00,11588914.291706935,11588914.291706935,0.0,0.0,0.0,0.0,0,-0.15563337657947587,True,False,5034,125
2020-01-21 00:00:00+00:00,11588914.291706935,11588914.291706935,0.0,0.0,0.0,0.0,0,-0.15563337657947587,True,False,5036,125
2020-01-22 00:00:00+00:00,11588914.291706935,11588914.291706935,0.0,0.0,0.0,0.0,0,-0.15563337657947587,True,False,5038,125
2020-01-23 00:00:00+00:00,11588914.291706935,11588914.291706935,0.0,0.0,0.0,0.0,0,-0.15563337657947587,True,False,5038,125
2020-01-24 00:00:00+00:00,11588914.291706935,11588914.291706935,0.0,0.0,0.0,0.0,0,-0.15563337657947587,True,False,5040,125
2020-01-27 00:00:00+00:00,11588914.291706935,11588914.291706935,0.0,0.0,0.0,0.0,0,-0.15563337657947587,True,False,5042,125
2020-01-28 00:00:00+00:00,11588914.291706935,11588914.291706935,0.0,0.0,0.0,0.0,0,-0.15563337657947587,True,False,5060,125
2020-01-29 00:00:00+00:00,11588914.291706935,11588914.291706935,0.0,0.0,0.0,0.0,0,-0.15563337657947587,True,False,5060,125
2020-01-30 00:00:00+00:00,11588914.291706935,11588914.291706935,0.0,0.0,0.0,0.0,0,-0.15563337657947587,True,False,5061,125
2020-01-31 00:00:00+00:00,11588914.291706935,11588914.291706935,0.0,0.0,0.0,0.0,0,-0.15563337657947587,True,False,5062,125
2020-02-03 00:00:00+00:00,11588914.291706935,11588914.291706935,0.0,0.0,0.0,0.0,0,-0.15563337657947587,True,False,5070,125
2020-02-04 00:00:00+00:00,11588914.291706935,11588914.291706935,0.0,0.0,0.0,0.0,0,-0.15563337657947587,True,False,5070,125
2020-02-05 00:00:00+00:00,11588914.291706935,11588914.291706935,0.0,0.0,0.0,0.0,0,-0.15563337657947587,True,False,5070,125
2020-02-06 00:00:00+00:00,11588914.291706935,11588914.291706935,0.0,0.0,0.0,0.0,0,-0.15563337657947587,True,False,5070,125
2020-02-07 00:00:00+00:00,11588914.291706935,11588914.291706935,0.0,0.0,0.0,0.0,0,-0.15563337657947587,True,False,5070,125
2020-02-10 00:00:00+00:00,11588914.291706935,11588914.291706935,0.0,0.0,0.0,0.0,0,-0.15563337657947587,True,False,5070,125
2020-02-11 00:00:00+00:00,11588914.291706935,11588914.291706935,0.0,0.0,0.0,0.0,0,-0.15563337657947587,True,False,5070,125
2020-02-12 00:00:00+00:00,11588914.291706935,11588914.291706935,0.0,0.0,0.0,0.0,0,-0.15563337657947587,True,False,5070,125
2020-02-13 00:00:00+00:00,11588914.291706935,11588914.291706935,0.0,0.0,0.0,0.0,0,-0.15563337657947587,True,False,5070,125
2020-02-14 00:00:00+00:00,11588914.291706935,11588914.291706935,0.0,0.0,0.0,0.0,0,-0.15563337657947587,True,False,5071,125
2020-02-17 00:00:00+00:00,11588914.291706935,11588914.291706935,0.0,0.0,0.0,0.0,0,-0.15563337657947587,True,False,5075,125
2020-02-18 00:00:00+00:00,11588914.291706935,11588914.291706935,0.0,0.0,0.0,0.0,0,-0.15563337657947587,True,False,5078,125
2020-02-19 00:00:00+00:00,11588914.291706935,11588914.291706935,0.0,0.0,0.0,0.0,0,-0.15563337657947587,True,False,5078,125
2020-02-20 00:00:00+00:00,11588914.291706935,11588914.291706935,0.0,0.0,0.0,0.0,0,-0.15563337657947587,True,False,5078,125
2020-02-21 00:00:00+00:00,11588914.291706935,11588914.291706935,0.0,0.0,0.0,0.0,0,-0.15563337657947587,True,False,5078,125
2020-02-24 00:00:00+00:00,11588914.291706935,11588914.291706935,0.0,0.0,0.0,0.0,0,-0.15563337657947587,True,False,5079,125
2020-02-25 00:00:00+00:00,11588914.291706935,11588914.291706935,0.0,0.0,0.0,0.0,0,-0.15563337657947587,True,False,5080,125
2020-02-26 00:00:00+00:00,11588914.291706935,11588914.291706935,0.0,0.0,0.0,0.0,0,-0.15563337657947587,True,False,5100,125
2020-02-27 00:00:00+00:00,11588914.291706935,11588914.291706935,0.0,0.0,0.0,0.0,0,-0.15563337657947587,True,False,5107,125
2020-02-28 00:00:00+00:00,11588914.291706935,11588914.291706935,0.0,0.0,0.0,0.0,0,-0.15563337657947587,True,False,5124,125
2020-03-02 00:00:00+00:00,11588914.291706935,11588914.291706935,0.0,0.0,0.0,0.0,0,-0.15563337657947587,True,False,5129,125
2020-03-03 00:00:00+00:00,11588914.291706935,11588914.291706935,0.0,0.0,0.0,0.0,0,-0.15563337657947587,True,False,5129,125
2020-03-04 00:00:00+00:00,11588914.291706935,11588914.291706935,0.0,0.0,0.0,0.0,0,-0.15563337657947587,True,False,5130,125
2020-03-05 00:00:00+00:00,11588914.291706935,11588914.291706935,0.0,0.0,0.0,0.0,0,-0.15563337657947587,True,False,5131,125
2020-03-06 00:00:00+00:00,11588914.291706935,11588914.291706935,0.0,0.0,0.0,0.0,0,-0.15563337657947587,True,False,5131,125
2020-03-09 00:00:00+00:00,11588914.291706935,11588914.291706935,0.0,0.0,0.0,0.0,0,-0.15563337657947587,True,False,5142,125
2020-03-10 00:00:00+00:00,11588914.291706935,11588914.291706935,0.0,0.0,0.0,0.0,0,-0.15563337657947587,True,False,5142,125
2020-03-11 00:00:00+00:00,11588914.291706935,11588914.291706935,0.0,0.0,0.0,0.0,0,-0.15563337657947587,True,False,5142,125
2020-03-12 00:00:00+00:00,11588914.291706935,11588914.291706935,0.0,0.0,0.0,0.0,0,-0.15563337657947587,True,False,5159,125
2020-03-13 00:00:00+00:00,11588914.291706935,11588914.291706935,0.0,0.0,0.0,0.0,0,-0.15563337657947587,True,False,5160,125
2020-03-16 00:00:00+00:00,11588914.291706935,11588914.291706935,0.0,0.0,0.0,0.0,0,-0.15563337657947587,True,False,5166,125
2020-03-17 00:00:00+00:00,11588914.291706935,11588914.291706935,0.0,0.0,0.0,0.0,0,-0.15563337657947587,True,False,5167,125
2020-03-18 00:00:00+00:00,11588914.291706935,11588914.291706935,0.0,0.0,0.0,0.0,0,-0.15563337657947587,True,False,5170,125
2020-03-19 00:00:00+00:00,11588914.291706935,11588914.291706935,0.0,0.0,0.0,0.0,0,-0.15563337657947587,True,False,5172,125
2020-03-20 00:00:00+00:00,11588914.291706935,11588914.291706935,0.0,0.0,0.0,0.0,0,-0.15563337657947587,True,False,5172,125
2020-03-23 00:00:00+00:00,11588914.291706935,11588914.291706935,0.0,0.0,0.0,0.0,0,-0.15563337657947587,True,False,5172,125
2020-03-24 00:00:00+00:00,11588914.291706935,11588914.291706935,0.0,0.0,0.0,0.0,0,-0.15563337657947587,True,False,5172,125
2020-03-25 00:00:00+00:00,11588914.291706935,11588914.291706935,0.0,0.0,0.0,0.0,0,-0.15563337657947587,True,False,5172,125
2020-03-26 00:00:00+00:00,11588914.291706935,11588914.291706935,0.0,0.0,0.0,0.0,0,-0.15563337657947587,True,False,5183,125
2020-03-27 00:00:00+00:00,11588914.291706935,11588914.291706935,0.0,0.0,0.0,0.0,0,-0.15563337657947587,True,False,5183,125
2020-03-30 00:00:00+00:00,11588914.291706935,11588914.291706935,0.0,0.0,0.0,0.0,0,-0.15563337657947587,True,False,5183,125
2020-03-31 00:00:00+00:00,11588914.291706935,11588914.291706935,0.0,0.0,0.0,0.0,0,-0.15563337657947587,True,False,5183,125
2020-04-01 00:00:00+00:00,11588914.291706935,11588914.291706935,0.0,0.0,0.0,0.0,0,-0.15563337657947587,True,False,5183,125
2020-04-02 00:00:00+00:00,11588914.291706935,11588914.291706935,0.0,0.0,0.0,0.0,0,-0.15563337657947587,True,False,5183,125
2020-04-03 00:00:00+00:00,11588914.291706935,11588914.291706935,0.0,0.0,0.0,0.0,0,-0.15563337657947587,True,False,5183,125
2020-04-06 00:00:00+00:00,11588914.291706935,11588914.291706935,0.0,0.0,0.0,0.0,0,-0.15563337657947587,True,False,5183,125
2020-04-07 00:00:00+00:00,11588914.291706935,11588914.291706935,0.0,0.0,0.0,0.0,0,-0.15563337657947587,True,False,5183,125
2020-04-08 00:00:00+00:00,11588914.291706935,11588914.291706935,0.0,0.0,0.0,0.0,0,-0.15563337657947587,True,False,5183,125
2020-04-09 00:00:00+00:00,11588914.291706935,11588914.291706935,0.0,0.0,0.0,0.0,0,-0.15563337657947587,True,False,5183,125
2020-04-13 00:00:00+00:00,11588914.291706935,11588914.291706935,0.0,0.0,0.0,0.0,0,-0.15563337657947587,True,False,5183,125
2020-04-14 00:00:00+00:00,11588914.291706935,11588914.291706935,0.0,0.0,0.0,0.0,0,-0.15563337657947587,True,False,5183,125
2020-04-15 00:00:00+00:00,11588914.291706935,11588914.291706935,0.0,0.0,0.0,0.0,0,-0.15563337657947587,True,False,5183,125
2020-04-16 00:00:00+00:00,11588914.291706935,11588914.291706935,0.0,0.0,0.0,0.0,0,-0.15563337657947587,True,False,5183,125
2020-04-17 00:00:00+00:00,11588914.291706935,11588914.291706935,0.0,0.0,0.0,0.0,0,-0.15563337657947587,True,False,5183,125
2020-04-20 00:00:00+00:00,11588914.291706935,11588914.291706935,0.0,0.0,0.0,0.0,0,-0.15563337657947587,True,False,5183,125
2020-04-21 00:00:00+00:00,11588914.291706935,11588914.291706935,0.0,0.0,0.0,0.0,0,-0.15563337657947587,True,False,5183,125
2020-04-22 00:00:00+00:00,11588914.291706935,11588914.291706935,0.0,0.0,0.0,0.0,0,-0.15563337657947587,True,False,5183,125
2020-04-23 00:00:00+00:00,11588914.291706935,11588914.291706935,0.0,0.0,0.0,0.0,0,-0.15563337657947587,True,False,5183,125
2020-04-24 00:00:00+00:00,11588914.291706935,11588914.291706935,0.0,0.0,0.0,0.0,0,-0.15563337657947587,True,False,5183,125
2020-04-27 00:00:00+00:00,11588914.291706935,11588914.291706935,0.0,0.0,0.0,0.0,0,-0.15563337657947587,True,False,5200,125
2020-04-28 00:00:00+00:00,11588914.291706935,11588914.291706935,0.0,0.0,0.0,0.0,0,-0.15563337657947587,True,False,5200,125
2020-04-29 00:00:00+00:00,11588914.291706935,11588914.291706935,0.0,0.0,0.0,0.0,0,-0.15563337657947587,True,False,5200,125
2020-04-30 00:00:00+00:00,11588914.291706935,11588914.291706935,0.0,0.0,0.0,0.0,0,-0.15563337657947587,True,False,5200,125
2020-05-01 00:00:00+00:00,11588914.291706935,11588914.291706935,0.0,0.0,0.0,0.0,0,-0.15563337657947587,True,False,5200,125
2020-05-04 00:00:00+00:00,11588914.291706935,11588914.291706935,0.0,0.0,0.0,0.0,0,-0.15563337657947587,True,False,5200,125
2020-05-05 00:00:00+00:00,11588914.291706935,11588914.291706935,0.0,0.0,0.0,0.0,0,-0.15563337657947587,True,False,5200,125
2020-05-06 00:00:00+00:00,11588914.291706935,11588914.291706935,0.0,0.0,0.0,0.0,0,-0.15563337657947587,True,False,5200,125
2020-05-07 00:00:00+00:00,11588914.291706935,11588914.291706935,0.0,0.0,0.0,0.0,0,-0.15563337657947587,True,False,5200,125
2020-05-08 00:00:00+00:00,11588914.291706935,11588914.291706935,0.0,0.0,0.0,0.0,0,-0.15563337657947587,True,False,5200,125
2020-05-11 00:00:00+00:00,11588914.291706935,11588914.291706935,0.0,0.0,0.0,0.0,0,-0.15563337657947587,True,False,5200,125
2020-05-12 00:00:00+00:00,11588914.291706935,11588914.291706935,0.0,0.0,0.0,0.0,0,-0.15563337657947587,True,False,5200,125
2020-05-13 00:00:00+00:00,11588914.291706935,11588914.291706935,0.0,0.0,0.0,0.0,0,-0.15563337657947587,True,False,5200,125
2020-05-14 00:00:00+00:00,11588914.291706935,11588914.291706935,0.0,0.0,0.0,0.0,0,-0.15563337657947587,True,False,5200,125
2020-05-15 00:00:00+00:00,11588914.291706935,11588914.291706935,0.0,0.0,0.0,0.0,0,-0.15563337657947587,True,False,5201,125
2020-05-18 00:00:00+00:00,11588914.291706935,11588914.291706935,0.0,0.0,0.0,0.0,0,-0.15563337657947587,True,False,5202,125
2020-05-19 00:00:00+00:00,11588914.291706935,11588914.291706935,0.0,0.0,0.0,0.0,0,-0.15563337657947587,True,False,5202,125
2020-05-20 00:00:00+00:00,11588914.291706935,11588914.291706935,0.0,0.0,0.0,0.0,0,-0.15563337657947587,True,False,5202,125
2020-05-21 00:00:00+00:00,11588914.291706935,11588914.291706935,0.0,0.0,0.0,0.0,0,-0.15563337657947587,True,False,5202,125
2020-05-22 00:00:00+00:00,11588914.291706935,11588914.291706935,0.0,0.0,0.0,0.0,0,-0.15563337657947587,True,False,5202,125
2020-05-26 00:00:00+00:00,11588914.291706935,11588914.291706935,0.0,0.0,0.0,0.0,0,-0.15563337657947587,True,False,5202,125
2020-05-27 00:00:00+00:00,11588914.291706935,11588914.291706935,0.0,0.0,0.0,0.0,0,-0.15563337657947587,True,False,5219,125
2020-05-28 00:00:00+00:00,11588914.291706935,11588914.291706935,0.0,0.0,0.0,0.0,0,-0.15563337657947587,True,False,5219,125
2020-05-29 00:00:00+00:00,11588914.291706935,11588914.291706935,0.0,0.0,0.0,0.0,0,-0.15563337657947587,True,False,5219,125
2020-06-01 00:00:00+00:00,11588914.291706935,11588914.291706935,0.0,0.0,0.0,0.0,0,-0.15563337657947587,True,False,5219,125
2020-06-02 00:00:00+00:00,11588914.291706935,11588914.291706935,0.0,0.0,0.0,0.0,0,-0.15563337657947587,True,False,5219,125
2020-06-03 00:00:00+00:00,11588914.291706935,11588914.291706935,0.0,0.0,0.0,0.0,0,-0.15563337657947587,True,False,5219,125
2020-06-04 00:00:00+00:00,11588914.291706935,11588914.291706935,0.0,0.0,0.0,0.0,0,-0.15563337657947587,True,False,5219,125
2020-06-05 00:00:00+00:00,11588914.291706935,11588914.291706935,0.0,0.0,0.0,0.0,0,-0.15563337657947587,True,False,5219,125
2020-06-08 00:00:00+00:00,11588914.291706935,11588914.291706935,0.0,0.0,0.0,0.0,0,-0.15563337657947587,True,False,5219,125
2020-06-09 00:00:00+00:00,11588914.291706935,11588914.291706935,0.0,0.0,0.0,0.0,0,-0.15563337657947587,True,False,5219,125
2020-06-10 00:00:00+00:00,11588914.291706935,11588914.291706935,0.0,0.0,0.0,0.0,0,-0.15563337657947587,True,False,5219,125
2020-06-11 00:00:00+00:00,11588914.291706935,11588914.291706935,0.0,0.0,0.0,0.0,0,-0.15563337657947587,True,False,5219,125
2020-06-12 00:00:00+00:00,11588914.291706935,11588914.291706935,0.0,0.0,0.0,0.0,0,-0.15563337657947587,True,False,5219,125
2020-06-15 00:00:00+00:00,11588914.291706935,11588914.291706935,0.0,0.0,0.0,0.0,0,-0.15563337657947587,True,False,5219,125
2020-06-16 00:00:00+00:00,11588914.291706935,11588914.291706935,0.0,0.0,0.0,0.0,0,-0.15563337657947587,True,False,5219,125
2020-06-17 00:00:00+00:00,11588914.291706935,11588914.291706935,0.0,0.0,0.0,0.0,0,-0.15563337657947587,True,False,5219,125
2020-06-18 00:00:00+00:00,11588914.291706935,11588914.291706935,0.0,0.0,0.0,0.0,0,-0.15563337657947587,True,False,5219,125
2020-06-19 00:00:00+00:00,11588914.291706935,11588914.291706935,0.0,0.0,0.0,0.0,0,-0.15563337657947587,True,False,5219,125
2020-06-22 00:00:00+00:00,11588914.291706935,11588914.291706935,0.0,0.0,0.0,0.0,0,-0.15563337657947587,True,False,5219,125
2020-06-23 00:00:00+00:00,11588914.291706935,11588914.291706935,0.0,0.0,0.0,0.0,0,-0.15563337657947587,True,False,5219,125
2020-06-24 00:00:00+00:00,11588914.291706935,11588914.291706935,0.0,0.0,0.0,0.0,0,-0.15563337657947587,True,False,5219,125
2020-06-25 00:00:00+00:00,11588914.291706935,11588914.291706935,0.0,0.0,0.0,0.0,0,-0.15563337657947587,True,False,5236,125
2020-06-26 00:00:00+00:00,11588914.291706935,11588914.291706935,0.0,0.0,0.0,0.0,0,-0.15563337657947587,True,False,5236,125
2020-06-29 00:00:00+00:00,11588914.291706935,11588914.291706935,0.0,0.0,0.0,0.0,0,-0.15563337657947587,True,False,5236,125
2020-06-30 00:00:00+00:00,11588914.291706935,11588914.291706935,0.0,0.0,0.0,0.0,0,-0.15563337657947587,True,False,5236,125
2020-07-01 00:00:00+00:00,11588914.291706935,11588914.291706935,0.0,0.0,0.0,0.0,0,-0.15563337657947587,True,False,5236,125
2020-07-02 00:00:00+00:00,11588914.291706935,11588914.291706935,0.0,0.0,0.0,0.0,0,-0.15563337657947587,True,False,5237,125
2020-07-03 00:00:00+00:00,11588914.291706935,11588914.291706935,0.0,0.0,0.0,0.0,0,-0.15563337657947587,True,False,5237,125
2020-07-06 00:00:00+00:00,11588914.291706935,11588914.291706935,0.0,0.0,0.0,0.0,0,-0.15563337657947587,True,False,5237,125
2020-07-07 00:00:00+00:00,11588914.291706935,11588914.291706935,0.0,0.0,0.0,0.0,0,-0.15563337657947587,True,False,5237,125
2020-07-08 00:00:00+00:00,11588914.291706935,11588914.291706935,0.0,0.0,0.0,0.0,0,-0.15563337657947587,True,False,5237,125
2020-07-09 00:00:00+00:00,11588914.291706935,11588914.291706935,0.0,0.0,0.0,0.0,0,-0.15563337657947587,True,False,5237,125
2020-07-10 00:00:00+00:00,11588914.291706935,11588914.291706935,0.0,0.0,0.0,0.0,0,-0.15563337657947587,True,False,5238,125
2020-07-13 00:00:00+00:00,11588914.291706935,11588914.291706935,0.0,0.0,0.0,0.0,0,-0.15563337657947587,True,False,5238,125
2020-07-14 00:00:00+00:00,11588914.291706935,11588914.291706935,0.0,0.0,0.0,0.0,0,-0.15563337657947587,True,False,5239,125
2020-07-15 00:00:00+00:00,11588914.291706935,11588914.291706935,0.0,0.0,0.0,0.0,0,-0.15563337657947587,True,False,5240,125
2020-07-16 00:00:00+00:00,11588914.291706935,11588914.291706935,0.0,0.0,0.0,0.0,0,-0.15563337657947587,True,False,5240,125
2020-07-17 00:00:00+00:00,11588914.291706935,11588914.291706935,0.0,0.0,0.0,0.0,0,-0.15563337657947587,True,False,5240,125
2020-07-20 00:00:00+00:00,11588914.291706935,11588914.291706935,0.0,0.0,0.0,0.0,0,-0.15563337657947587,True,False,5240,125
2020-07-21 00:00:00+00:00,11588914.291706935,11588914.291706935,0.0,0.0,0.0,0.0,0,-0.15563337657947587,True,False,5240,125
2020-07-22 00:00:00+00:00,11588914.291706935,11588914.291706935,0.0,0.0,0.0,0.0,0,-0.15563337657947587,True,False,5240,125
2020-07-23 00:00:00+00:00,11588914.291706935,11588914.291706935,0.0,0.0,0.0,0.0,0,-0.15563337657947587,True,False,5240,125
2020-07-24 00:00:00+00:00,11588914.291706935,11588914.291706935,0.0,0.0,0.0,0.0,0,-0.15563337657947587,True,False,5257,125
2020-07-27 00:00:00+00:00,11588914.291706935,11588914.291706935,0.0,0.0,0.0,0.0,0,-0.15563337657947587,True,False,5257,125
2020-07-28 00:00:00+00:00,11588914.291706935,11588914.291706935,0.0,0.0,0.0,0.0,0,-0.15563337657947587,True,False,5257,125
2020-07-29 00:00:00+00:00,11588914.291706935,11588914.291706935,0.0,0.0,0.0,0.0,0,-0.15563337657947587,True,False,5257,125
2020-07-30 00:00:00+00:00,11588914.291706935,11588914.291706935,0.0,0.0,0.0,0.0,0,-0.15563337657947587,True,False,5257,125
2020-07-31 00:00:00+00:00,11588914.291706935,11588914.291706935,0.0,0.0,0.0,0.0,0,-0.15563337657947587,True,False,5257,125
2020-08-03 00:00:00+00:00,11588914.291706935,11588914.291706935,0.0,0.0,0.0,0.0,0,-0.15563337657947587,True,False,5257,125
2020-08-04 00:00:00+00:00,11588914.291706935,11588914.291706935,0.0,0.0,0.0,0.0,0,-0.15563337657947587,True,False,5257,125
2020-08-05 00:00:00+00:00,11588914.291706935,11588914.291706935,0.0,0.0,0.0,0.0,0,-0.15563337657947587,True,False,5257,125
2020-08-06 00:00:00+00:00,11588914.291706935,11588914.291706935,0.0,0.0,0.0,0.0,0,-0.15563337657947587,True,False,5257,125
2020-08-07 00:00:00+00:00,11588914.291706935,11588914.291706935,0.0,0.0,0.0,0.0,0,-0.15563337657947587,True,False,5257,125
2020-08-10 00:00:00+00:00,11588914.291706935,11588914.291706935,0.0,0.0,0.0,0.0,0,-0.15563337657947587,True,False,5257,125
2020-08-11 00:00:00+00:00,11588914.291706935,11588914.291706935,0.0,0.0,0.0,0.0,0,-0.15563337657947587,True,False,5257,125
2020-08-12 00:00:00+00:00,11588914.291706935,11588914.291706935,0.0,0.0,0.0,0.0,0,-0.15563337657947587,True,False,5257,125
2020-08-13 00:00:00+00:00,11588914.291706935,11588914.291706935,0.0,0.0,0.0,0.0,0,-0.15563337657947587,True,False,5258,125
2020-08-14 00:00:00+00:00,11588914.291706935,11588914.291706935,0.0,0.0,0.0,0.0,0,-0.15563337657947587,True,False,5258,125
2020-08-17 00:00:00+00:00,11588914.291706935,11588914.291706935,0.0,0.0,0.0,0.0,0,-0.15563337657947587,True,False,5258,125
2020-08-18 00:00:00+00:00,11588914.291706935,11588914.291706935,0.0,0.0,0.0,0.0,0,-0.15563337657947587,True,False,5258,125
2020-08-19 00:00:00+00:00,11588914.291706935,11588914.291706935,0.0,0.0,0.0,0.0,0,-0.15563337657947587,True,False,5258,125
2020-08-20 00:00:00+00:00,11588914.291706935,11588914.291706935,0.0,0.0,0.0,0.0,0,-0.15563337657947587,True,False,5258,125
2020-08-21 00:00:00+00:00,11588914.291706935,11588914.291706935,0.0,0.0,0.0,0.0,0,-0.15563337657947587,True,False,5258,125
2020-08-24 00:00:00+00:00,11588914.291706935,11588914.291706935,0.0,0.0,0.0,0.0,0,-0.15563337657947587,True,False,5275,125
2020-08-25 00:00:00+00:00,11588914.291706935,11588914.291706935,0.0,0.0,0.0,0.0,0,-0.15563337657947587,True,False,5275,125
2020-08-26 00:00:00+00:00,11588914.291706935,11588914.291706935,0.0,0.0,0.0,0.0,0,-0.15563337657947587,True,False,5275,125
2020-08-27 00:00:00+00:00,11588914.291706935,11588914.291706935,0.0,0.0,0.0,0.0,0,-0.15563337657947587,True,False,5276,125
2020-08-28 00:00:00+00:00,11588914.291706935,11588914.291706935,0.0,0.0,0.0,0.0,0,-0.15563337657947587,True,False,5276,125
2020-08-31 00:00:00+00:00,11588914.291706935,11588914.291706935,0.0,0.0,0.0,0.0,0,-0.15563337657947587,True,False,5279,125
2020-09-01 00:00:00+00:00,11588914.291706935,11588914.291706935,0.0,0.0,0.0,0.0,0,-0.15563337657947587,True,False,5279,125
2020-09-02 00:00:00+00:00,11588914.291706935,11588914.291706935,0.0,0.0,0.0,0.0,0,-0.15563337657947587,True,False,5279,125
2020-09-03 00:00:00+00:00,11588914.291706935,11588914.291706935,0.0,0.0,0.0,0.0,0,-0.15563337657947587,True,False,5279,125
2020-09-04 00:00:00+00:00,11588914.291706935,11588914.291706935,0.0,0.0,0.0,0.0,0,-0.15563337657947587,True,False,5279,125
2020-09-07 00:00:00+00:00,11588914.291706935,11588914.291706935,0.0,0.0,0.0,0.0,0,-0.15563337657947587,True,False,5279,125
2020-09-08 00:00:00+00:00,11588914.291706935,11588914.291706935,0.0,0.0,0.0,0.0,0,-0.15563337657947587,True,False,5280,125
2020-09-09 00:00:00+00:00,11588914.291706935,11588914.291706935,0.0,0.0,0.0,0.0,0,-0.15563337657947587,True,False,5280,125
2020-09-10 00:00:00+00:00,11588914.291706935,11588914.291706935,0.0,0.0,0.0,0.0,0,-0.15563337657947587,True,False,5280,125
2020-09-11 00:00:00+00:00,11588914.291706935,11588914.291706935,0.0,0.0,0.0,0.0,0,-0.15563337657947587,True,False,5280,125
2020-09-14 00:00:00+00:00,11588914.291706935,11588914.291706935,0.0,0.0,0.0,0.0,0,-0.15563337657947587,True,False,5281,125
2020-09-15 00:00:00+00:00,11588914.291706935,11588914.291706935,0.0,0.0,0.0,0.0,0,-0.15563337657947587,True,False,5281,125
2020-09-16 00:00:00+00:00,11588914.291706935,11588914.291706935,0.0,0.0,0.0,0.0,0,-0.15563337657947587,True,False,5281,125
2020-09-17 00:00:00+00:00,11588914.291706935,11588914.291706935,0.0,0.0,0.0,0.0,0,-0.15563337657947587,True,False,5281,125
2020-09-18 00:00:00+00:00,11588914.291706935,11588914.291706935,0.0,0.0,0.0,0.0,0,-0.15563337657947587,True,False,5281,125
2020-09-21 00:00:00+00:00,11588914.291706935,11588914.291706935,0.0,0.0,0.0,0.0,0,-0.15563337657947587,True,False,5289,125
2020-09-22 00:00:00+00:00,11588914.291706935,11588914.291706935,0.0,0.0,0.0,0.0,0,-0.15563337657947587,True,False,5309,125
2020-09-23 00:00:00+00:00,11588914.291706935,11588914.291706935,0.0,0.0,0.0,0.0,0,-0.15563337657947587,True,False,5312,125
2020-09-24 00:00:00+00:00,11588914.291706935,11588914.291706935,0.0,0.0,0.0,0.0,0,-0.15563337657947587,True,False,5321,125
2020-09-25 00:00:00+00:00,11588914.291706935,11588914.291706935,0.0,0.0,0.0,0.0,0,-0.15563337657947587,True,False,5321,125
2020-09-28 00:00:00+00:00,11588914.291706935,11588914.291706935,0.0,0.0,0.0,0.0,0,-0.15563337657947587,True,False,5321,125
2020-09-29 00:00:00+00:00,11588914.291706935,11588914.291706935,0.0,0.0,0.0,0.0,0,-0.15563337657947587,True,False,5321,125
2020-09-30 00:00:00+00:00,11588914.291706935,11588914.291706935,0.0,0.0,0.0,0.0,0,-0.15563337657947587,True,False,5322,125
2020-10-01 00:00:00+00:00,11588914.291706935,11588914.291706935,0.0,0.0,0.0,0.0,0,-0.15563337657947587,True,False,5322,125
2020-10-02 00:00:00+00:00,11588914.291706935,11588914.291706935,0.0,0.0,0.0,0.0,0,-0.15563337657947587,True,False,5322,125
2020-10-05 00:00:00+00:00,11588914.291706935,11588914.291706935,0.0,0.0,0.0,0.0,0,-0.15563337657947587,True,False,5322,125
2020-10-06 00:00:00+00:00,11588914.291706935,11588914.291706935,0.0,0.0,0.0,0.0,0,-0.15563337657947587,True,False,5322,125
2020-10-07 00:00:00+00:00,11588914.291706935,11588914.291706935,0.0,0.0,0.0,0.0,0,-0.15563337657947587,True,False,5322,125
2020-10-08 00:00:00+00:00,11588914.291706935,11588914.291706935,0.0,0.0,0.0,0.0,0,-0.15563337657947587,True,False,5322,125
2020-10-09 00:00:00+00:00,11588914.291706935,11588914.291706935,0.0,0.0,0.0,0.0,0,-0.15563337657947587,True,False,5322,125
2020-10-12 00:00:00+00:00,11588914.291706935,11588914.291706935,0.0,0.0,0.0,0.0,0,-0.15563337657947587,True,False,5323,125
2020-10-13 00:00:00+00:00,11588914.291706935,11588914.291706935,0.0,0.0,0.0,0.0,0,-0.15563337657947587,True,False,5324,125
2020-10-14 00:00:00+00:00,11588914.291706935,11588914.291706935,0.0,0.0,0.0,0.0,0,-0.15563337657947587,True,False,5325,125
2020-10-15 00:00:00+00:00,11588914.291706935,11588914.291706935,0.0,0.0,0.0,0.0,0,-0.15563337657947587,True,False,5325,125
2020-10-16 00:00:00+00:00,11588914.291706935,11588914.291706935,0.0,0.0,0.0,0.0,0,-0.15563337657947587,True,False,5325,125
2020-10-19 00:00:00+00:00,11588914.291706935,11588914.291706935,0.0,0.0,0.0,0.0,0,-0.15563337657947587,True,False,5325,125
2020-10-20 00:00:00+00:00,11588914.291706935,11588914.291706935,0.0,0.0,0.0,0.0,0,-0.15563337657947587,True,False,5325,125
2020-10-21 00:00:00+00:00,11588914.291706935,11588914.291706935,0.0,0.0,0.0,0.0,0,-0.15563337657947587,True,False,5342,125
2020-10-22 00:00:00+00:00,11588914.291706935,11588914.291706935,0.0,0.0,0.0,0.0,0,-0.15563337657947587,True,False,5343,125
2020-10-23 00:00:00+00:00,11588914.291706935,11588914.291706935,0.0,0.0,0.0,0.0,0,-0.15563337657947587,True,False,5343,125
2020-10-26 00:00:00+00:00,11588914.291706935,11588914.291706935,0.0,0.0,0.0,0.0,0,-0.15563337657947587,True,False,5343,125
2020-10-27 00:00:00+00:00,11588914.291706935,11588914.291706935,0.0,0.0,0.0,0.0,0,-0.15563337657947587,True,False,5343,125
2020-10-28 00:00:00+00:00,11588914.291706935,11588914.291706935,0.0,0.0,0.0,0.0,0,-0.15563337657947587,True,False,5343,125
2020-10-29 00:00:00+00:00,11588914.291706935,11588914.291706935,0.0,0.0,0.0,0.0,0,-0.15563337657947587,True,False,5343,125
2020-10-30 00:00:00+00:00,11588914.291706935,11588914.291706935,0.0,0.0,0.0,0.0,0,-0.15563337657947587,True,False,5343,125
2020-11-02 00:00:00+00:00,11588914.291706935,11588914.291706935,0.0,0.0,0.0,0.0,0,-0.15563337657947587,True,False,5343,125
2020-11-03 00:00:00+00:00,11588914.291706935,11588914.291706935,0.0,0.0,0.0,0.0,0,-0.15563337657947587,True,False,5343,125
2020-11-04 00:00:00+00:00,11588914.291706935,11588914.291706935,0.0,0.0,0.0,0.0,0,-0.15563337657947587,True,False,5343,125
2020-11-05 00:00:00+00:00,11588914.291706935,11588914.291706935,0.0,0.0,0.0,0.0,0,-0.15563337657947587,True,False,5343,125
2020-11-06 00:00:00+00:00,11588914.291706935,11588914.291706935,0.0,0.0,0.0,0.0,0,-0.15563337657947587,True,False,5343,125
2020-11-09 00:00:00+00:00,11588914.291706935,11588914.291706935,0.0,0.0,0.0,0.0,0,-0.15563337657947587,True,False,5343,125
2020-11-10 00:00:00+00:00,11588914.291706935,11588914.291706935,0.0,0.0,0.0,0.0,0,-0.15563337657947587,True,False,5345,125
2020-11-11 00:00:00+00:00,11588914.291706935,11588914.291706935,0.0,0.0,0.0,0.0,0,-0.15563337657947587,True,False,5345,125
2020-11-12 00:00:00+00:00,11588914.291706935,11588914.291706935,0.0,0.0,0.0,0.0,0,-0.15563337657947587,True,False,5345,125
2020-11-13 00:00:00+00:00,11588914.291706935,11588914.291706935,0.0,0.0,0.0,0.0,0,-0.15563337657947587,True,False,5345,125
2020-11-14 00:00:00+00:00,11588914.291706935,11588914.291706935,0.0,0.0,0.0,0.0,0,-0.15563337657947587,True,False,5345,125
2020-11-16 00:00:00+00:00,11588914.291706935,11588914.291706935,0.0,0.0,0.0,0.0,0,-0.15563337657947587,True,False,5345,125
2020-11-17 00:00:00+00:00,11588914.291706935,11588914.291706935,0.0,0.0,0.0,0.0,0,-0.15563337657947587,True,False,5345,125
2020-11-18 00:00:00+00:00,11588914.291706935,11588914.291706935,0.0,0.0,0.0,0.0,0,-0.15563337657947587,True,False,5362,125
2020-11-19 00:00:00+00:00,11588914.291706935,11588914.291706935,0.0,0.0,0.0,0.0,0,-0.15563337657947587,True,False,5362,125
2020-11-20 00:00:00+00:00,11588914.291706935,11588914.291706935,0.0,0.0,0.0,0.0,0,-0.15563337657947587,True,False,5362,125
2020-11-23 00:00:00+00:00,11588914.291706935,11588914.291706935,0.0,0.0,0.0,0.0,0,-0.15563337657947587,True,False,5362,125
2020-11-24 00:00:00+00:00,11588914.291706935,11588914.291706935,0.0,0.0,0.0,0.0,0,-0.15563337657947587,True,False,5362,125
2020-11-25 00:00:00+00:00,11588914.291706935,11588914.291706935,0.0,0.0,0.0,0.0,0,-0.15563337657947587,True,False,5362,125
2020-11-26 00:00:00+00:00,11588914.291706935,11588914.291706935,0.0,0.0,0.0,0.0,0,-0.15563337657947587,True,False,5362,125
2020-11-27 00:00:00+00:00,11588914.291706935,11588914.291706935,0.0,0.0,0.0,0.0,0,-0.15563337657947587,True,False,5362,125
2020-11-30 00:00:00+00:00,11588914.291706935,11588914.291706935,0.0,0.0,0.0,0.0,0,-0.15563337657947587,True,False,5362,125
2020-12-01 00:00:00+00:00,11588914.291706935,11588914.291706935,0.0,0.0,0.0,0.0,0,-0.15563337657947587,True,False,5362,125
2020-12-02 00:00:00+00:00,11588914.291706935,11588914.291706935,0.0,0.0,0.0,0.0,0,-0.15563337657947587,True,False,5362,125
2020-12-03 00:00:00+00:00,11588914.291706935,11588914.291706935,0.0,0.0,0.0,0.0,0,-0.15563337657947587,True,False,5363,125
2020-12-04 00:00:00+00:00,11588914.291706935,11588914.291706935,0.0,0.0,0.0,0.0,0,-0.15563337657947587,True,False,5363,125
2020-12-07 00:00:00+00:00,11588914.291706935,11588914.291706935,0.0,0.0,0.0,0.0,0,-0.15563337657947587,True,False,5363,125
2020-12-08 00:00:00+00:00,11588914.291706935,11588914.291706935,0.0,0.0,0.0,0.0,0,-0.15563337657947587,True,False,5363,125
2020-12-09 00:00:00+00:00,11588914.291706935,11588914.291706935,0.0,0.0,0.0,0.0,0,-0.15563337657947587,True,False,5363,125
2020-12-10 00:00:00+00:00,11588914.291706935,11588914.291706935,0.0,0.0,0.0,0.0,0,-0.15563337657947587,True,False,5363,125
2020-12-11 00:00:00+00:00,11588914.291706935,11588914.291706935,0.0,0.0,0.0,0.0,0,-0.15563337657947587,True,False,5363,125
2020-12-14 00:00:00+00:00,11588914.291706935,11588914.291706935,0.0,0.0,0.0,0.0,0,-0.15563337657947587,True,False,5363,125
2020-12-15 00:00:00+00:00,11588914.291706935,11588914.291706935,0.0,0.0,0.0,0.0,0,-0.15563337657947587,True,False,5363,125
2020-12-16 00:00:00+00:00,11588914.291706935,11588914.291706935,0.0,0.0,0.0,0.0,0,-0.15563337657947587,True,False,5363,125
2020-12-17 00:00:00+00:00,11588914.291706935,11588914.291706935,0.0,0.0,0.0,0.0,0,-0.15563337657947587,True,False,5380,125
2020-12-18 00:00:00+00:00,11588914.291706935,11588914.291706935,0.0,0.0,0.0,0.0,0,-0.15563337657947587,True,False,5380,125
2020-12-21 00:00:00+00:00,11588914.291706935,11588914.291706935,0.0,0.0,0.0,0.0,0,-0.15563337657947587,True,False,5381,125
2020-12-22 00:00:00+00:00,11588914.291706935,11588914.291706935,0.0,0.0,0.0,0.0,0,-0.15563337657947587,True,False,5381,125
2020-12-23 00:00:00+00:00,11588914.291706935,11588914.291706935,0.0,0.0,0.0,0.0,0,-0.15563337657947587,True,False,5381,125
2020-12-24 00:00:00+00:00,11588914.291706935,11588914.291706935,0.0,0.0,0.0,0.0,0,-0.15563337657947587,True,False,5381,125
2020-12-28 00:00:00+00:00,11588914.291706935,11588914.291706935,0.0,0.0,0.0,0.0,0,-0.15563337657947587,True,False,5381,125
2020-12-29 00:00:00+00:00,11588914.291706935,11588914.291706935,0.0,0.0,0.0,0.0,0,-0.15563337657947587,True,False,5381,125
2020-12-30 00:00:00+00:00,11588914.291706935,11588914.291706935,0.0,0.0,0.0,0.0,0,-0.15563337657947587,True,False,5381,125
2020-12-31 00:00:00+00:00,11588914.291706935,11588914.291706935,0.0,0.0,0.0,0.0,0,-0.15563337657947587,True,False,5381,125
2021-01-01 00:00:00+00:00,11588914.291706935,11588914.291706935,0.0,0.0,0.0,0.0,0,-0.15563337657947587,True,False,5381,125
2021-01-04 00:00:00+00:00,11588914.291706935,11588914.291706935,0.0,0.0,0.0,0.0,0,-0.15563337657947587,True,False,5381,125
2021-01-05 00:00:00+00:00,11588914.291706935,11588914.291706935,0.0,0.0,0.0,0.0,0,-0.15563337657947587,True,False,5381,125
2021-01-06 00:00:00+00:00,11588914.291706935,11588914.291706935,0.0,0.0,0.0,0.0,0,-0.15563337657947587,True,False,5381,125
2021-01-07 00:00:00+00:00,11588914.291706935,11588914.291706935,0.0,0.0,0.0,0.0,0,-0.15563337657947587,True,False,5381,125
2021-01-08 00:00:00+00:00,11588914.291706935,11588914.291706935,0.0,0.0,0.0,0.0,0,-0.15563337657947587,True,False,5381,125
2021-01-11 00:00:00+00:00,11588914.291706935,11588914.291706935,0.0,0.0,0.0,0.0,0,-0.15563337657947587,True,False,5382,125
2021-01-12 00:00:00+00:00,11588914.291706935,11588914.291706935,0.0,0.0,0.0,0.0,0,-0.15563337657947587,True,False,5382,125
2021-01-13 00:00:00+00:00,11588914.291706935,11588914.291706935,0.0,0.0,0.0,0.0,0,-0.15563337657947587,True,False,5382,125
2021-01-14 00:00:00+00:00,11588914.291706935,11588914.291706935,0.0,0.0,0.0,0.0,0,-0.15563337657947587,True,False,5382,125
2021-01-15 00:00:00+00:00,11588914.291706935,11588914.291706935,0.0,0.0,0.0,0.0,0,-0.15563337657947587,True,False,5382,125
2021-01-18 00:00:00+00:00,11588914.291706935,11588914.291706935,0.0,0.0,0.0,0.0,0,-0.15563337657947587,True,False,5400,125
2021-01-19 00:00:00+00:00,11588914.291706935,11588914.291706935,0.0,0.0,0.0,0.0,0,-0.15563337657947587,True,False,5400,125
2021-01-20 00:00:00+00:00,11588914.291706935,11588914.291706935,0.0,0.0,0.0,0.0,0,-0.15563337657947587,True,False,5400,125
2021-01-21 00:00:00+00:00,11588914.291706935,11588914.291706935,0.0,0.0,0.0,0.0,0,-0.15563337657947587,True,False,5400,125
2021-01-22 00:00:00+00:00,11588914.291706935,11588914.291706935,0.0,0.0,0.0,0.0,0,-0.15563337657947587,True,False,5400,125
2021-01-25 00:00:00+00:00,11588914.291706935,11588914.291706935,0.0,0.0,0.0,0.0,0,-0.15563337657947587,True,False,5400,125
2021-01-26 00:00:00+00:00,11588914.291706935,11588914.291706935,0.0,0.0,0.0,0.0,0,-0.15563337657947587,True,False,5400,125
2021-01-27 00:00:00+00:00,11588914.291706935,11588914.291706935,0.0,0.0,0.0,0.0,0,-0.15563337657947587,True,False,5400,125
2021-01-28 00:00:00+00:00,11588914.291706935,11588914.291706935,0.0,0.0,0.0,0.0,0,-0.15563337657947587,True,False,5401,125
2021-01-29 00:00:00+00:00,11588914.291706935,11588914.291706935,0.0,0.0,0.0,0.0,0,-0.15563337657947587,True,False,5404,125
2021-02-01 00:00:00+00:00,11588914.291706935,11588914.291706935,0.0,0.0,0.0,0.0,0,-0.15563337657947587,True,False,5404,125
2021-02-02 00:00:00+00:00,11588914.291706935,11588914.291706935,0.0,0.0,0.0,0.0,0,-0.15563337657947587,True,False,5404,125
2021-02-03 00:00:00+00:00,11588914.291706935,11588914.291706935,0.0,0.0,0.0,0.0,0,-0.15563337657947587,True,False,5404,125
2021-02-04 00:00:00+00:00,11588914.291706935,11588914.291706935,0.0,0.0,0.0,0.0,0,-0.15563337657947587,True,False,5404,125
2021-02-05 00:00:00+00:00,11588914.291706935,11588914.291706935,0.0,0.0,0.0,0.0,0,-0.15563337657947587,True,False,5404,125
2021-02-08 00:00:00+00:00,11588914.291706935,11588914.291706935,0.0,0.0,0.0,0.0,0,-0.15563337657947587,True,False,5404,125
2021-02-09 00:00:00+00:00,11588914.291706935,11588914.291706935,0.0,0.0,0.0,0.0,0,-0.15563337657947587,True,False,5404,125
2021-02-10 00:00:00+00:00,11588914.291706935,11588914.291706935,0.0,0.0,0.0,0.0,0,-0.15563337657947587,True,False,5404,125
2021-02-11 00:00:00+00:00,11588914.291706935,11588914.291706935,0.0,0.0,0.0,0.0,0,-0.15563337657947587,True,False,5404,125
2021-02-12 00:00:00+00:00,11588914.291706935,11588914.291706935,0.0,0.0,0.0,0.0,0,-0.15563337657947587,True,False,5404,125
2021-02-15 00:00:00+00:00,11588914.291706935,11588914.291706935,0.0,0.0,0.0,0.0,0,-0.15563337657947587,True,False,5404,125
2021-02-16 00:00:00+00:00,11588914.291706935,11588914.291706935,0.0,0.0,0.0,0.0,0,-0.15563337657947587,True,False,5421,125
2021-02-17 00:00:00+00:00,11588914.291706935,11588914.291706935,0.0,0.0,0.0,0.0,0,-0.15563337657947587,True,False,5422,125
2021-02-18 00:00:00+00:00,11588914.291706935,11588914.291706935,0.0,0.0,0.0,0.0,0,-0.15563337657947587,True,False,5422,125
2021-02-19 00:00:00+00:00,11588914.291706935,11588914.291706935,0.0,0.0,0.0,0.0,0,-0.15563337657947587,True,False,5422,125
2021-02-22 00:00:00+00:00,11588914.291706935,11588914.291706935,0.0,0.0,0.0,0.0,0,-0.15563337657947587,True,False,5427,125
2021-02-23 00:00:00+00:00,11588914.291706935,11588914.291706935,0.0,0.0,0.0,0.0,0,-0.15563337657947587,True,False,5428,125
2021-02-24 00:00:00+00:00,11588914.291706935,11588914.291706935,0.0,0.0,0.0,0.0,0,-0.15563337657947587,True,False,5428,125
2021-02-25 00:00:00+00:00,11588914.291706935,11588914.291706935,0.0,0.0,0.0,0.0,0,-0.15563337657947587,True,False,5428,125
2021-02-26 00:00:00+00:00,11588914.291706935,11588914.291706935,0.0,0.0,0.0,0.0,0,-0.15563337657947587,True,False,5430,125
2021-03-01 00:00:00+00:00,11588914.291706935,11588914.291706935,0.0,0.0,0.0,0.0,0,-0.15563337657947587,True,False,5430,125
2021-03-02 00:00:00+00:00,11588914.291706935,11588914.291706935,0.0,0.0,0.0,0.0,0,-0.15563337657947587,True,False,5430,125
2021-03-03 00:00:00+00:00,11588914.291706935,11588914.291706935,0.0,0.0,0.0,0.0,0,-0.15563337657947587,True,False,5430,125
2021-03-04 00:00:00+00:00,11588914.291706935,11588914.291706935,0.0,0.0,0.0,0.0,0,-0.15563337657947587,True,False,5430,125
2021-03-05 00:00:00+00:00,11588914.291706935,11588914.291706935,0.0,0.0,0.0,0.0,0,-0.15563337657947587,True,False,5431,125
2021-03-08 00:00:00+00:00,11588914.291706935,11588914.291706935,0.0,0.0,0.0,0.0,0,-0.15563337657947587,True,False,5431,125
2021-03-09 00:00:00+00:00,11588914.291706935,11588914.291706935,0.0,0.0,0.0,0.0,0,-0.15563337657947587,True,False,5431,125
2021-03-10 00:00:00+00:00,11588914.291706935,11588914.291706935,0.0,0.0,0.0,0.0,0,-0.15563337657947587,True,False,5431,125
2021-03-11 00:00:00+00:00,11588914.291706935,11588914.291706935,0.0,0.0,0.0,0.0,0,-0.15563337657947587,True,False,5431,125
2021-03-12 00:00:00+00:00,11588914.291706935,11588914.291706935,0.0,0.0,0.0,0.0,0,-0.15563337657947587,True,False,5431,125
2021-03-15 00:00:00+00:00,11588914.291706935,11588914.291706935,0.0,0.0,0.0,0.0,0,-0.15563337657947587,True,False,5431,125
2021-03-16 00:00:00+00:00,11588914.291706935,11588914.291706935,0.0,0.0,0.0,0.0,0,-0.15563337657947587,True,False,5431,125
2021-03-17 00:00:00+00:00,11588914.291706935,11588914.291706935,0.0,0.0,0.0,0.0,0,-0.15563337657947587,True,False,5449,125
2021-03-18 00:00:00+00:00,11588914.291706935,11588914.291706935,0.0,0.0,0.0,0.0,0,-0.15563337657947587,True,False,5452,125
2021-03-19 00:00:00+00:00,11588914.291706935,11588914.291706935,0.0,0.0,0.0,0.0,0,-0.15563337657947587,True,False,5452,125
2021-03-22 00:00:00+00:00,11588914.291706935,11588914.291706935,0.0,0.0,0.0,0.0,0,-0.15563337657947587,True,False,5452,125
2021-03-23 00:00:00+00:00,11588914.291706935,11588914.291706935,0.0,0.0,0.0,0.0,0,-0.15563337657947587,True,False,5452,125
2021-03-24 00:00:00+00:00,11588914.291706935,11588914.291706935,0.0,0.0,0.0,0.0,0,-0.15563337657947587,True,False,5452,125
2021-03-25 00:00:00+00:00,11588914.291706935,11588914.291706935,0.0,0.0,0.0,0.0,0,-0.15563337657947587,True,False,5453,125
2021-03-26 00:00:00+00:00,11588914.291706935,11588914.291706935,0.0,0.0,0.0,0.0,0,-0.15563337657947587,True,False,5453,125
2021-03-29 00:00:00+00:00,11588914.291706935,11588914.291706935,0.0,0.0,0.0,0.0,0,-0.15563337657947587,True,False,5453,125
2021-03-30 00:00:00+00:00,11588914.291706935,11588914.291706935,0.0,0.0,0.0,0.0,0,-0.15563337657947587,True,False,5455,125
2021-03-31 00:00:00+00:00,11588914.291706935,11588914.291706935,0.0,0.0,0.0,0.0,0,-0.15563337657947587,True,False,5455,125
2021-04-01 00:00:00+00:00,11588914.291706935,11588914.291706935,0.0,0.0,0.0,0.0,0,-0.15563337657947587,True,False,5455,125
2021-04-05 00:00:00+00:00,11588914.291706935,11588914.291706935,0.0,0.0,0.0,0.0,0,-0.15563337657947587,True,False,5455,125
2021-04-06 00:00:00+00:00,11588914.291706935,11588914.291706935,0.0,0.0,0.0,0.0,0,-0.15563337657947587,True,False,5455,125
2021-04-07 00:00:00+00:00,11588914.291706935,11588914.291706935,0.0,0.0,0.0,0.0,0,-0.15563337657947587,True,False,5455,125
2021-04-08 00:00:00+00:00,11588914.291706935,11588914.291706935,0.0,0.0,0.0,0.0,0,-0.15563337657947587,True,False,5455,125
2021-04-09 00:00:00+00:00,11588914.291706935,11588914.291706935,0.0,0.0,0.0,0.0,0,-0.15563337657947587,True,False,5455,125
2021-04-12 00:00:00+00:00,11588914.291706935,11588914.291706935,0.0,0.0,0.0,0.0,0,-0.15563337657947587,True,False,5467,125
2021-04-13 00:00:00+00:00,11588914.291706935,11588914.291706935,0.0,0.0,0.0,0.0,0,-0.15563337657947587,True,False,5467,125
2021-04-14 00:00:00+00:00,11588914.291706935,11588914.291706935,0.0,0.0,0.0,0.0,0,-0.15563337657947587,True,False,5467,125
2021-04-15 00:00:00+00:00,11588914.291706935,11588914.291706935,0.0,0.0,0.0,0.0,0,-0.15563337657947587,True,False,5467,125
2021-04-16 00:00:00+00:00,11588914.291706935,11588914.291706935,0.0,0.0,0.0,0.0,0,-0.15563337657947587,True,False,5484,125
2021-04-19 00:00:00+00:00,11588914.291706935,11588914.291706935,0.0,0.0,0.0,0.0,0,-0.15563337657947587,True,False,5486,125
2021-04-20 00:00:00+00:00,11588914.291706935,11588914.291706935,0.0,0.0,0.0,0.0,0,-0.15563337657947587,True,False,5486,125
2021-04-21 00:00:00+00:00,11588914.291706935,11588914.291706935,0.0,0.0,0.0,0.0,0,-0.15563337657947587,True,False,5486,125
2021-04-22 00:00:00+00:00,11588914.291706935,11588914.291706935,0.0,0.0,0.0,0.0,0,-0.15563337657947587,True,False,5486,125
2021-04-23 00:00:00+00:00,11588914.291706935,11588914.291706935,0.0,0.0,0.0,0.0,0,-0.15563337657947587,True,False,5486,125
2021-04-26 00:00:00+00:00,11588914.291706935,11588914.291706935,0.0,0.0,0.0,0.0,0,-0.15563337657947587,True,False,5486,125
2021-04-27 00:00:00+00:00,11588914.291706935,11588914.291706935,0.0,0.0,0.0,0.0,0,-0.15563337657947587,True,False,5486,125
2021-04-28 00:00:00+00:00,11588914.291706935,11588914.291706935,0.0,0.0,0.0,0.0,0,-0.15563337657947587,True,False,5486,125
2021-04-29 00:00:00+00:00,11588914.291706935,11588914.291706935,0.0,0.0,0.0,0.0,0,-0.15563337657947587,True,False,5486,125
2021-04-30 00:00:00+00:00,11588914.291706935,11588914.291706935,0.0,0.0,0.0,0.0,0,-0.15563337657947587,True,False,5486,125
2021-05-03 00:00:00+00:00,11588914.291706935,11588914.291706935,0.0,0.0,0.0,0.0,0,-0.15563337657947587,True,False,5486,125
2021-05-04 00:00:00+00:00,11588914.291706935,11588914.291706935,0.0,0.0,0.0,0.0,0,-0.15563337657947587,True,False,5486,125
2021-05-05 00:00:00+00:00,11588914.291706935,11588914.291706935,0.0,0.0,0.0,0.0,0,-0.15563337657947587,True,False,5486,125
2021-05-06 00:00:00+00:00,11588914.291706935,11588914.291706935,0.0,0.0,0.0,0.0,0,-0.15563337657947587,True,False,5486,125
2021-05-07 00:00:00+00:00,11588914.291706935,11588914.291706935,0.0,0.0,0.0,0.0,0,-0.15563337657947587,True,False,5486,125
2021-05-10 00:00:00+00:00,11588914.291706935,11588914.291706935,0.0,0.0,0.0,0.0,0,-0.15563337657947587,True,False,5486,125
2021-05-11 00:00:00+00:00,11588914.291706935,11588914.291706935,0.0,0.0,0.0,0.0,0,-0.15563337657947587,True,False,5486,125
2021-05-12 00:00:00+00:00,11588914.291706935,11588914.291706935,0.0,0.0,0.0,0.0,0,-0.15563337657947587,True,False,5486,125
2021-05-13 00:00:00+00:00,11588914.291706935,11588914.291706935,0.0,0.0,0.0,0.0,0,-0.15563337657947587,True,False,5486,125
2021-05-14 00:00:00+00:00,11588914.291706935,11588914.291706935,0.0,0.0,0.0,0.0,0,-0.15563337657947587,True,False,5487,125
2021-05-17 00:00:00+00:00,11588914.291706935,11588914.291706935,0.0,0.0,0.0,0.0,0,-0.15563337657947587,True,False,5504,125
2021-05-18 00:00:00+00:00,11588914.291706935,11588914.291706935,0.0,0.0,0.0,0.0,0,-0.15563337657947587,True,False,5504,125
2021-05-19 00:00:00+00:00,11588914.291706935,11588914.291706935,0.0,0.0,0.0,0.0,0,-0.15563337657947587,True,False,5504,125
2021-05-20 00:00:00+00:00,11588914.291706935,11588914.291706935,0.0,0.0,0.0,0.0,0,-0.15563337657947587,True,False,5504,125
2021-05-21 00:00:00+00:00,11588914.291706935,11588914.291706935,0.0,0.0,0.0,0.0,0,-0.15563337657947587,True,False,5504,125
2021-05-24 00:00:00+00:00,11588914.291706935,11588914.291706935,0.0,0.0,0.0,0.0,0,-0.15563337657947587,True,False,5504,125
2021-05-25 00:00:00+00:00,11588914.291706935,11588914.291706935,0.0,0.0,0.0,0.0,0,-0.15563337657947587,True,False,5504,125
2021-05-26 00:00:00+00:00,11588914.291706935,11588914.291706935,0.0,0.0,0.0,0.0,0,-0.15563337657947587,True,False,5504,125
2021-05-27 00:00:00+00:00,11588914.291706935,11588914.291706935,0.0,0.0,0.0,0.0,0,-0.15563337657947587,True,False,5504,125
2021-05-28 00:00:00+00:00,11588914.291706935,11588914.291706935,0.0,0.0,0.0,0.0,0,-0.15563337657947587,True,False,5504,125
2021-05-31 00:00:00+00:00,11588914.291706935,11588914.291706935,0.0,0.0,0.0,0.0,0,-0.15563337657947587,True,False,5504,125
2021-06-01 00:00:00+00:00,11588914.291706935,11588914.291706935,0.0,0.0,0.0,0.0,0,-0.15563337657947587,True,False,5504,125
2021-06-02 00:00:00+00:00,11588914.291706935,11588914.291706935,0.0,0.0,0.0,0.0,0,-0.15563337657947587,True,False,5504,125
2021-06-03 00:00:00+00:00,11588914.291706935,11588914.291706935,0.0,0.0,0.0,0.0,0,-0.15563337657947587,True,False,5504,125
2021-06-04 00:00:00+00:00,11588914.291706935,11588914.291706935,0.0,0.0,0.0,0.0,0,-0.15563337657947587,True,False,5504,125
2021-06-07 00:00:00+00:00,11588914.291706935,11588914.291706935,0.0,0.0,0.0,0.0,0,-0.15563337657947587,True,False,5504,125
2021-06-08 00:00:00+00:00,11588914.291706935,11588914.291706935,0.0,0.0,0.0,0.0,0,-0.15563337657947587,True,False,5504,125
2021-06-09 00:00:00+00:00,11588914.291706935,11588914.291706935,0.0,0.0,0.0,0.0,0,-0.15563337657947587,True,False,5504,125
2021-06-10 00:00:00+00:00,11588914.291706935,11588914.291706935,0.0,0.0,0.0,0.0,0,-0.15563337657947587,True,False,5504,125
2021-06-11 00:00:00+00:00,11588914.291706935,11588914.291706935,0.0,0.0,0.0,0.0,0,-0.15563337657947587,True,False,5504,125
2021-06-14 00:00:00+00:00,11588914.291706935,11588914.291706935,0.0,0.0,0.0,0.0,0,-0.15563337657947587,True,False,5505,125
2021-06-15 00:00:00+00:00,11588914.291706935,11588914.291706935,0.0,0.0,0.0,0.0,0,-0.15563337657947587,True,False,5522,125
2021-06-16 00:00:00+00:00,11588914.291706935,11588914.291706935,0.0,0.0,0.0,0.0,0,-0.15563337657947587,True,False,5522,125
2021-06-17 00:00:00+00:00,11588914.291706935,11588914.291706935,0.0,0.0,0.0,0.0,0,-0.15563337657947587,True,False,5525,125
2021-06-18 00:00:00+00:00,11588914.291706935,11588914.291706935,0.0,0.0,0.0,0.0,0,-0.15563337657947587,True,False,5527,125
2021-06-21 00:00:00+00:00,11588914.291706935,11588914.291706935,0.0,0.0,0.0,0.0,0,-0.15563337657947587,True,False,5527,125
2021-06-22 00:00:00+00:00,11588914.291706935,11588914.291706935,0.0,0.0,0.0,0.0,0,-0.15563337657947587,True,False,5527,125
2021-06-23 00:00:00+00:00,11588914.291706935,11588914.291706935,0.0,0.0,0.0,0.0,0,-0.15563337657947587,True,False,5527,125
2021-06-24 00:00:00+00:00,11588914.291706935,11588914.291706935,0.0,0.0,0.0,0.0,0,-0.15563337657947587,True,False,5527,125
2021-06-25 00:00:00+00:00,11588914.291706935,11588914.291706935,0.0,0.0,0.0,0.0,0,-0.15563337657947587,True,False,5527,125
2021-06-28 00:00:00+00:00,11588914.291706935,11588914.291706935,0.0,0.0,0.0,0.0,0,-0.15563337657947587,True,False,5527,125
2021-06-29 00:00:00+00:00,11588914.291706935,11588914.291706935,0.0,0.0,0.0,0.0,0,-0.15563337657947587,True,False,5527,125
2021-06-30 00:00:00+00:00,11588914.291706935,11588914.291706935,0.0,0.0,0.0,0.0,0,-0.15563337657947587,True,False,5527,125
2021-07-01 00:00:00+00:00,11588914.291706935,11588914.291706935,0.0,0.0,0.0,0.0,0,-0.15563337657947587,True,False,5527,125
2021-07-02 00:00:00+00:00,11588914.291706935,11588914.291706935,0.0,0.0,0.0,0.0,0,-0.15563337657947587,True,False,5528,125
2021-07-05 00:00:00+00:00,11588914.291706935,11588914.291706935,0.0,0.0,0.0,0.0,0,-0.15563337657947587,True,False,5528,125
2021-07-06 00:00:00+00:00,11588914.291706935,11588914.291706935,0.0,0.0,0.0,0.0,0,-0.15563337657947587,True,False,5528,125
2021-07-07 00:00:00+00:00,11588914.291706935,11588914.291706935,0.0,0.0,0.0,0.0,0,-0.15563337657947587,True,False,5528,125
2021-07-08 00:00:00+00:00,11588914.291706935,11588914.291706935,0.0,0.0,0.0,0.0,0,-0.15563337657947587,True,False,5529,125
2021-07-09 00:00:00+00:00,11588914.291706935,11588914.291706935,0.0,0.0,0.0,0.0,0,-0.15563337657947587,True,False,5529,125
2021-07-12 00:00:00+00:00,11588914.291706935,11588914.291706935,0.0,0.0,0.0,0.0,0,-0.15563337657947587,True,False,5529,125
2021-07-13 00:00:00+00:00,11588914.291706935,11588914.291706935,0.0,0.0,0.0,0.0,0,-0.15563337657947587,True,False,5529,125
2021-07-14 00:00:00+00:00,11588914.291706935,11588914.291706935,0.0,0.0,0.0,0.0,0,-0.15563337657947587,True,False,5546,125
2021-07-15 00:00:00+00:00,11588914.291706935,11588914.291706935,0.0,0.0,0.0,0.0,0,-0.15563337657947587,True,False,5547,125
2021-07-16 00:00:00+00:00,11588914.291706935,11588914.291706935,0.0,0.0,0.0,0.0,0,-0.15563337657947587,True,False,5547,125
2021-07-19 00:00:00+00:00,11588914.291706935,11588914.291706935,0.0,0.0,0.0,0.0,0,-0.15563337657947587,True,False,5549,125
2021-07-20 00:00:00+00:00,11588914.291706935,11588914.291706935,0.0,0.0,0.0,0.0,0,-0.15563337657947587,True,False,5549,125
2021-07-21 00:00:00+00:00,11588914.291706935,11588914.291706935,0.0,0.0,0.0,0.0,0,-0.15563337657947587,True,False,5549,125
2021-07-22 00:00:00+00:00,11588914.291706935,11588914.291706935,0.0,0.0,0.0,0.0,0,-0.15563337657947587,True,False,5549,125
2021-07-23 00:00:00+00:00,11588914.291706935,11588914.291706935,0.0,0.0,0.0,0.0,0,-0.15563337657947587,True,False,5550,125
2021-07-26 00:00:00+00:00,11588914.291706935,11588914.291706935,0.0,0.0,0.0,0.0,0,-0.15563337657947587,True,False,5550,125
2021-07-27 00:00:00+00:00,11588914.291706935,11588914.291706935,0.0,0.0,0.0,0.0,0,-0.15563337657947587,True,False,5552,125
2021-07-28 00:00:00+00:00,11588914.291706935,11588914.291706935,0.0,0.0,0.0,0.0,0,-0.15563337657947587,True,False,5555,125
2021-07-29 00:00:00+00:00,11588914.291706935,11588914.291706935,0.0,0.0,0.0,0.0,0,-0.15563337657947587,True,False,5558,125
2021-07-30 00:00:00+00:00,11588914.291706935,11588914.291706935,0.0,0.0,0.0,0.0,0,-0.15563337657947587,True,False,5559,125
2021-08-02 00:00:00+00:00,11588914.291706935,11588914.291706935,0.0,0.0,0.0,0.0,0,-0.15563337657947587,True,False,5559,125
2021-08-03 00:00:00+00:00,11588914.291706935,11588914.291706935,0.0,0.0,0.0,0.0,0,-0.15563337657947587,True,False,5559,125
2021-08-04 00:00:00+00:00,11588914.291706935,11588914.291706935,0.0,0.0,0.0,0.0,0,-0.15563337657947587,True,False,5559,125
2021-08-05 00:00:00+00:00,11588914.291706935,11588914.291706935,0.0,0.0,0.0,0.0,0,-0.15563337657947587,True,False,5559,125
2021-08-06 00:00:00+00:00,11588914.291706935,11588914.291706935,0.0,0.0,0.0,0.0,0,-0.15563337657947587,True,False,5559,125
2021-08-09 00:00:00+00:00,11588914.291706935,11588914.291706935,0.0,0.0,0.0,0.0,0,-0.15563337657947587,True,False,5560,125
2021-08-10 00:00:00+00:00,11588914.291706935,11588914.291706935,0.0,0.0,0.0,0.0,0,-0.15563337657947587,True,False,5561,125
2021-08-11 00:00:00+00:00,11588914.291706935,11588914.291706935,0.0,0.0,0.0,0.0,0,-0.15563337657947587,True,False,5563,125
2021-08-12 00:00:00+00:00,11588914.291706935,11588914.291706935,0.0,0.0,0.0,0.0,0,-0.15563337657947587,True,False,5579,125
2021-08-13 00:00:00+00:00,11588914.291706935,11588914.291706935,0.0,0.0,0.0,0.0,0,-0.15563337657947587,True,False,5579,125
2021-08-16 00:00:00+00:00,11588914.291706935,11588914.291706935,0.0,0.0,0.0,0.0,0,-0.15563337657947587,True,False,5579,125
2021-08-17 00:00:00+00:00,11588914.291706935,11588914.291706935,0.0,0.0,0.0,0.0,0,-0.15563337657947587,True,False,5579,125
2021-08-18 00:00:00+00:00,11588914.291706935,11588914.291706935,0.0,0.0,0.0,0.0,0,-0.15563337657947587,True,False,5579,125
2021-08-19 00:00:00+00:00,11588914.291706935,11588914.291706935,0.0,0.0,0.0,0.0,0,-0.15563337657947587,True,False,5579,125
2021-08-20 00:00:00+00:00,11588914.291706935,11588914.291706935,0.0,0.0,0.0,0.0,0,-0.15563337657947587,True,False,5583,125
2021-08-23 00:00:00+00:00,11588914.291706935,11588914.291706935,0.0,0.0,0.0,0.0,0,-0.15563337657947587,True,False,5583,125
2021-08-24 00:00:00+00:00,11588914.291706935,11588914.291706935,0.0,0.0,0.0,0.0,0,-0.15563337657947587,True,False,5583,125
2021-08-25 00:00:00+00:00,11588914.291706935,11588914.291706935,0.0,0.0,0.0,0.0,0,-0.15563337657947587,True,False,5583,125
2021-08-26 00:00:00+00:00,11588914.291706935,11588914.291706935,0.0,0.0,0.0,0.0,0,-0.15563337657947587,True,False,5583,125
2021-08-27 00:00:00+00:00,11588914.291706935,11588914.291706935,0.0,0.0,0.0,0.0,0,-0.15563337657947587,True,False,5583,125
2021-08-30 00:00:00+00:00,11588914.291706935,11588914.291706935,0.0,0.0,0.0,0.0,0,-0.15563337657947587,True,False,5583,125
2021-08-31 00:00:00+00:00,11588914.291706935,11588914.291706935,0.0,0.0,0.0,0.0,0,-0.15563337657947587,True,False,5583,125
2021-09-01 00:00:00+00:00,11588914.291706935,11588914.291706935,0.0,0.0,0.0,0.0,0,-0.15563337657947587,True,False,5583,125
2021-09-02 00:00:00+00:00,11588914.291706935,11588914.291706935,0.0,0.0,0.0,0.0,0,-0.15563337657947587,True,False,5583,125
2021-09-03 00:00:00+00:00,11588914.291706935,11588914.291706935,0.0,0.0,0.0,0.0,0,-0.15563337657947587,True,False,5583,125
2021-09-06 00:00:00+00:00,11588914.291706935,11588914.291706935,0.0,0.0,0.0,0.0,0,-0.15563337657947587,True,False,5583,125
2021-09-07 00:00:00+00:00,11588914.291706935,11588914.291706935,0.0,0.0,0.0,0.0,0,-0.15563337657947587,True,False,5584,125
2021-09-08 00:00:00+00:00,11588914.291706935,11588914.291706935,0.0,0.0,0.0,0.0,0,-0.15563337657947587,True,False,5584,125
2021-09-09 00:00:00+00:00,11588914.291706935,11588914.291706935,0.0,0.0,0.0,0.0,0,-0.15563337657947587,True,False,5584,125
2021-09-10 00:00:00+00:00,11588914.291706935,11588914.291706935,0.0,0.0,0.0,0.0,0,-0.15563337657947587,True,False,5584,125
2021-09-13 00:00:00+00:00,11588914.291706935,11588914.291706935,0.0,0.0,0.0,0.0,0,-0.15563337657947587,True,False,5584,125
2021-09-14 00:00:00+00:00,11588914.291706935,11588914.291706935,0.0,0.0,0.0,0.0,0,-0.15563337657947587,True,False,5584,125
2021-09-15 00:00:00+00:00,11588914.291706935,11588914.291706935,0.0,0.0,0.0,0.0,0,-0.15563337657947587,True,False,5584,125
2021-09-16 00:00:00+00:00,11588914.291706935,11588914.291706935,0.0,0.0,0.0,0.0,0,-0.15563337657947587,True,False,5584,125
2021-09-17 00:00:00+00:00,11588914.291706935,11588914.291706935,0.0,0.0,0.0,0.0,0,-0.15563337657947587,True,False,5585,125
2021-09-20 00:00:00+00:00,11588914.291706935,11588914.291706935,0.0,0.0,0.0,0.0,0,-0.15563337657947587,True,False,5588,125
2021-09-21 00:00:00+00:00,11588914.291706935,11588914.291706935,0.0,0.0,0.0,0.0,0,-0.15563337657947587,True,False,5588,125
2021-09-22 00:00:00+00:00,11588914.291706935,11588914.291706935,0.0,0.0,0.0,0.0,0,-0.15563337657947587,True,False,5588,125
2021-09-23 00:00:00+00:00,11588914.291706935,11588914.291706935,0.0,0.0,0.0,0.0,0,-0.15563337657947587,True,False,5588,125
2021-09-24 00:00:00+00:00,11588914.291706935,11588914.291706935,0.0,0.0,0.0,0.0,0,-0.15563337657947587,True,False,5588,125
2021-09-27 00:00:00+00:00,11588914.291706935,11588914.291706935,0.0,0.0,0.0,0.0,0,-0.15563337657947587,True,False,5588,125
2021-09-28 00:00:00+00:00,11588914.291706935,11588914.291706935,0.0,0.0,0.0,0.0,0,-0.15563337657947587,True,False,5588,125
2021-09-29 00:00:00+00:00,11588914.291706935,11588914.291706935,0.0,0.0,0.0,0.0,0,-0.15563337657947587,True,False,5588,125
2021-09-30 00:00:00+00:00,11588914.291706935,11588914.291706935,0.0,0.0,0.0,0.0,0,-0.15563337657947587,True,False,5589,125
2021-10-01 00:00:00+00:00,11588914.291706935,11588914.291706935,0.0,0.0,0.0,0.0,0,-0.15563337657947587,True,False,5589,125
2021-10-04 00:00:00+00:00,11588914.291706935,11588914.291706935,0.0,0.0,0.0,0.0,0,-0.15563337657947587,True,False,5589,125
2021-10-05 00:00:00+00:00,11588914.291706935,11588914.291706935,0.0,0.0,0.0,0.0,0,-0.15563337657947587,True,False,5589,125
2021-10-06 00:00:00+00:00,11588914.291706935,11588914.291706935,0.0,0.0,0.0,0.0,0,-0.15563337657947587,True,False,5589,125
2021-10-07 00:00:00+00:00,11588914.291706935,11588914.291706935,0.0,0.0,0.0,0.0,0,-0.15563337657947587,True,False,5589,125
2021-10-08 00:00:00+00:00,11588914.291706935,11588914.291706935,0.0,0.0,0.0,0.0,0,-0.15563337657947587,True,False,5589,125
2021-10-11 00:00:00+00:00,11588914.291706935,11588914.291706935,0.0,0.0,0.0,0.0,0,-0.15563337657947587,True,False,5606,125
2021-10-12 00:00:00+00:00,11588914.291706935,11588914.291706935,0.0,0.0,0.0,0.0,0,-0.15563337657947587,True,False,5606,125
2021-10-13 00:00:00+00:00,11588914.291706935,11588914.291706935,0.0,0.0,0.0,0.0,0,-0.15563337657947587,True,False,5606,125
2021-10-14 00:00:00+00:00,11588914.291706935,11588914.291706935,0.0,0.0,0.0,0.0,0,-0.15563337657947587,True,False,5606,125
2021-10-15 00:00:00+00:00,11588914.291706935,11588914.291706935,0.0,0.0,0.0,0.0,0,-0.15563337657947587,True,False,5606,125
2021-10-18 00:00:00+00:00,11588914.291706935,11588914.291706935,0.0,0.0,0.0,0.0,0,-0.15563337657947587,True,False,5606,125
2021-10-19 00:00:00+00:00,11588914.291706935,11588914.291706935,0.0,0.0,0.0,0.0,0,-0.15563337657947587,True,False,5610,125
2021-10-20 00:00:00+00:00,11588914.291706935,11588914.291706935,0.0,0.0,0.0,0.0,0,-0.15563337657947587,True,False,5610,125
2021-10-21 00:00:00+00:00,11588914.291706935,11588914.291706935,0.0,0.0,0.0,0.0,0,-0.15563337657947587,True,False,5615,125
2021-10-22 00:00:00+00:00,11588914.291706935,11588914.291706935,0.0,0.0,0.0,0.0,0,-0.15563337657947587,True,False,5617,125
2021-10-25 00:00:00+00:00,11588914.291706935,11588914.291706935,0.0,0.0,0.0,0.0,0,-0.15563337657947587,True,False,5619,125
2021-10-26 00:00:00+00:00,11588914.291706935,11588914.291706935,0.0,0.0,0.0,0.0,0,-0.15563337657947587,True,False,5619,125
2021-10-27 00:00:00+00:00,11588914.291706935,11588914.291706935,0.0,0.0,0.0,0.0,0,-0.15563337657947587,True,False,5619,125
2021-10-28 00:00:00+00:00,11588914.291706935,11588914.291706935,0.0,0.0,0.0,0.0,0,-0.15563337657947587,True,False,5619,125
2021-10-29 00:00:00+00:00,11588914.291706935,11588914.291706935,0.0,0.0,0.0,0.0,0,-0.15563337657947587,True,False,5619,125
2021-11-01 00:00:00+00:00,11588914.291706935,11588914.291706935,0.0,0.0,0.0,0.0,0,-0.15563337657947587,True,False,5619,125
2021-11-02 00:00:00+00:00,11588914.291706935,11588914.291706935,0.0,0.0,0.0,0.0,0,-0.15563337657947587,True,False,5619,125
2021-11-03 00:00:00+00:00,11588914.291706935,11588914.291706935,0.0,0.0,0.0,0.0,0,-0.15563337657947587,True,False,5619,125
2021-11-04 00:00:00+00:00,11588914.291706935,11588914.291706935,0.0,0.0,0.0,0.0,0,-0.15563337657947587,True,False,5619,125
2021-11-05 00:00:00+00:00,11588914.291706935,11588914.291706935,0.0,0.0,0.0,0.0,0,-0.15563337657947587,True,False,5619,125
2021-11-08 00:00:00+00:00,11588914.291706935,11588914.291706935,0.0,0.0,0.0,0.0,0,-0.15563337657947587,True,False,5619,125
2021-11-09 00:00:00+00:00,11588914.291706935,11588914.291706935,0.0,0.0,0.0,0.0,0,-0.15563337657947587,True,False,5636,125
2021-11-10 00:00:00+00:00,11588914.291706935,11588914.291706935,0.0,0.0,0.0,0.0,0,-0.15563337657947587,True,False,5636,125
2021-11-11 00:00:00+00:00,11588914.291706935,11588914.291706935,0.0,0.0,0.0,0.0,0,-0.15563337657947587,True,False,5636,125
2021-11-12 00:00:00+00:00,11588914.291706935,11588914.291706935,0.0,0.0,0.0,0.0,0,-0.15563337657947587,True,False,5636,125
2021-11-15 00:00:00+00:00,11588914.291706935,11588914.291706935,0.0,0.0,0.0,0.0,0,-0.15563337657947587,True,False,5636,125
2021-11-16 00:00:00+00:00,11588914.291706935,11588914.291706935,0.0,0.0,0.0,0.0,0,-0.15563337657947587,True,False,5636,125
2021-11-17 00:00:00+00:00,11588914.291706935,11588914.291706935,0.0,0.0,0.0,0.0,0,-0.15563337657947587,True,False,5637,125
2021-11-18 00:00:00+00:00,11588914.291706935,11588914.291706935,0.0,0.0,0.0,0.0,0,-0.15563337657947587,True,False,5643,125
2021-11-19 00:00:00+00:00,11588914.291706935,11588914.291706935,0.0,0.0,0.0,0.0,0,-0.15563337657947587,True,False,5643,125
2021-11-22 00:00:00+00:00,11588914.291706935,11588914.291706935,0.0,0.0,0.0,0.0,0,-0.15563337657947587,True,False,5652,125
2021-11-23 00:00:00+00:00,11588914.291706935,11588914.291706935,0.0,0.0,0.0,0.0,0,-0.15563337657947587,True,False,5652,125
2021-11-24 00:00:00+00:00,11588914.291706935,11588914.291706935,0.0,0.0,0.0,0.0,0,-0.15563337657947587,True,False,5653,125
2021-11-25 00:00:00+00:00,11588914.291706935,11588914.291706935,0.0,0.0,0.0,0.0,0,-0.15563337657947587,True,False,5653,125
2021-11-26 00:00:00+00:00,11588914.291706935,11588914.291706935,0.0,0.0,0.0,0.0,0,-0.15563337657947587,True,False,5656,125
2021-11-29 00:00:00+00:00,11588914.291706935,11588914.291706935,0.0,0.0,0.0,0.0,0,-0.15563337657947587,True,False,5658,125
2021-11-30 00:00:00+00:00,11588914.291706935,11588914.291706935,0.0,0.0,0.0,0.0,0,-0.15563337657947587,True,False,5661,125
2021-12-01 00:00:00+00:00,11588914.291706935,11588914.291706935,0.0,0.0,0.0,0.0,0,-0.15563337657947587,True,False,5661,125
2021-12-02 00:00:00+00:00,11588914.291706935,11588914.291706935,0.0,0.0,0.0,0.0,0,-0.15563337657947587,True,False,5661,125
2021-12-03 00:00:00+00:00,11588914.291706935,11588914.291706935,0.0,0.0,0.0,0.0,0,-0.15563337657947587,True,False,5661,125
2021-12-06 00:00:00+00:00,11588914.291706935,11588914.291706935,0.0,0.0,0.0,0.0,0,-0.15563337657947587,True,False,5663,125
2021-12-07 00:00:00+00:00,11588914.291706935,11588914.291706935,0.0,0.0,0.0,0.0,0,-0.15563337657947587,True,False,5663,125
2021-12-08 00:00:00+00:00,11588914.291706935,11588914.291706935,0.0,0.0,0.0,0.0,0,-0.15563337657947587,True,False,5679,125
2021-12-09 00:00:00+00:00,11588914.291706935,11588914.291706935,0.0,0.0,0.0,0.0,0,-0.15563337657947587,True,False,5679,125
2021-12-10 00:00:00+00:00,11588914.291706935,11588914.291706935,0.0,0.0,0.0,0.0,0,-0.15563337657947587,True,False,5679,125
2021-12-13 00:00:00+00:00,11588914.291706935,11588914.291706935,0.0,0.0,0.0,0.0,0,-0.15563337657947587,True,False,5679,125
2021-12-14 00:00:00+00:00,11588914.291706935,11588914.291706935,0.0,0.0,0.0,0.0,0,-0.15563337657947587,True,False,5679,125
2021-12-15 00:00:00+00:00,11588914.291706935,11588914.291706935,0.0,0.0,0.0,0.0,0,-0.15563337657947587,True,False,5679,125
2021-12-16 00:00:00+00:00,11588914.291706935,11588914.291706935,0.0,0.0,0.0,0.0,0,-0.15563337657947587,True,False,5680,125
2021-12-17 00:00:00+00:00,11588914.291706935,11588914.291706935,0.0,0.0,0.0,0.0,0,-0.15563337657947587,True,False,5687,125
2021-12-20 00:00:00+00:00,11588914.291706935,11588914.291706935,0.0,0.0,0.0,0.0,0,-0.15563337657947587,True,False,5702,125
2021-12-21 00:00:00+00:00,11588914.291706935,11588914.291706935,0.0,0.0,0.0,0.0,0,-0.15563337657947587,True,False,5702,125
2021-12-22 00:00:00+00:00,11588914.291706935,11588914.291706935,0.0,0.0,0.0,0.0,0,-0.15563337657947587,True,False,5702,125
2021-12-23 00:00:00+00:00,11588914.291706935,11588914.291706935,0.0,0.0,0.0,0.0,0,-0.15563337657947587,True,False,5702,125
2021-12-24 00:00:00+00:00,11588914.291706935,11588914.291706935,0.0,0.0,0.0,0.0,0,-0.15563337657947587,True,False,5702,125
2021-12-27 00:00:00+00:00,11588914.291706935,11588914.291706935,0.0,0.0,0.0,0.0,0,-0.15563337657947587,True,False,5702,125
2021-12-28 00:00:00+00:00,11588914.291706935,11588914.291706935,0.0,0.0,0.0,0.0,0,-0.15563337657947587,True,False,5702,125
2021-12-29 00:00:00+00:00,11588914.291706935,11588914.291706935,0.0,0.0,0.0,0.0,0,-0.15563337657947587,True,False,5702,125
2021-12-30 00:00:00+00:00,11588914.291706935,11588914.291706935,0.0,0.0,0.0,0.0,0,-0.15563337657947587,True,False,5702,125
2021-12-31 00:00:00+00:00,11588914.291706935,11588914.291706935,0.0,0.0,0.0,0.0,0,-0.15563337657947587,True,False,5702,125
2022-01-03 00:00:00+00:00,11588914.291706935,11588914.291706935,0.0,0.0,0.0,0.0,0,-0.15563337657947587,True,False,5702,125
2022-01-04 00:00:00+00:00,11588914.291706935,11588914.291706935,0.0,0.0,0.0,0.0,0,-0.15563337657947587,True,False,5702,125
2022-01-05 00:00:00+00:00,11588914.291706935,11588914.291706935,0.0,0.0,0.0,0.0,0,-0.15563337657947587,True,False,5702,125
2022-01-06 00:00:00+00:00,11588914.291706935,11588914.291706935,0.0,0.0,0.0,0.0,0,-0.15563337657947587,True,False,5719,125
2022-01-07 00:00:00+00:00,11588914.291706935,11588914.291706935,0.0,0.0,0.0,0.0,0,-0.15563337657947587,True,False,5719,125
2022-01-10 00:00:00+00:00,11588914.291706935,11588914.291706935,0.0,0.0,0.0,0.0,0,-0.15563337657947587,True,False,5719,125
2022-01-11 00:00:00+00:00,11588914.291706935,11588914.291706935,0.0,0.0,0.0,0.0,0,-0.15563337657947587,True,False,5719,125
2022-01-12 00:00:00+00:00,11588914.291706935,11588914.291706935,0.0,0.0,0.0,0.0,0,-0.15563337657947587,True,False,5720,125
2022-01-13 00:00:00+00:00,11588914.291706935,11588914.291706935,0.0,0.0,0.0,0.0,0,-0.15563337657947587,True,False,5720,125
2022-01-14 00:00:00+00:00,11588914.291706935,11588914.291706935,0.0,0.0,0.0,0.0,0,-0.15563337657947587,True,False,5720,125
2022-01-17 00:00:00+00:00,11588914.291706935,11588914.291706935,0.0,0.0,0.0,0.0,0,-0.15563337657947587,True,False,5720,125
2022-01-18 00:00:00+00:00,11588914.291706935,11588914.291706935,0.0,0.0,0.0,0.0,0,-0.15563337657947587,True,False,5721,125
2022-01-19 00:00:00+00:00,11588914.291706935,11588914.291706935,0.0,0.0,0.0,0.0,0,-0.15563337657947587,True,False,5721,125
2022-01-20 00:00:00+00:00,11588914.291706935,11588914.291706935,0.0,0.0,0.0,0.0,0,-0.15563337657947587,True,False,5721,125
2022-01-21 00:00:00+00:00,11588914.291706935,11588914.291706935,0.0,0.0,0.0,0.0,0,-0.15563337657947587,True,False,5721,125
2022-01-24 00:00:00+00:00,11588914.291706935,11588914.291706935,0.0,0.0,0.0,0.0,0,-0.15563337657947587,True,False,5730,125
2022-01-25 00:00:00+00:00,11588914.291706935,11588914.291706935,0.0,0.0,0.0,0.0,0,-0.15563337657947587,True,False,5732,125
2022-01-26 00:00:00+00:00,11588914.291706935,11588914.291706935,0.0,0.0,0.0,0.0,0,-0.15563337657947587,True,False,5732,125
2022-01-27 00:00:00+00:00,11588914.291706935,11588914.291706935,0.0,0.0,0.0,0.0,0,-0.15563337657947587,True,False,5735,125
2022-01-28 00:00:00+00:00,11588914.291706935,11588914.291706935,0.0,0.0,0.0,0.0,0,-0.15563337657947587,True,False,5735,125
2022-01-31 00:00:00+00:00,11588914.291706935,11588914.291706935,0.0,0.0,0.0,0.0,0,-0.15563337657947587,True,False,5735,125
2022-02-01 00:00:00+00:00,11588914.291706935,11588914.291706935,0.0,0.0,0.0,0.0,0,-0.15563337657947587,True,False,5735,125
2022-02-02 00:00:00+00:00,11588914.291706935,11588914.291706935,0.0,0.0,0.0,0.0,0,-0.15563337657947587,True,False,5735,125
2022-02-03 00:00:00+00:00,11588914.291706935,11588914.291706935,0.0,0.0,0.0,0.0,0,-0.15563337657947587,True,False,5735,125
2022-02-04 00:00:00+00:00,11588914.291706935,11588914.291706935,0.0,0.0,0.0,0.0,0,-0.15563337657947587,True,False,5752,125
2022-02-07 00:00:00+00:00,11588914.291706935,11588914.291706935,0.0,0.0,0.0,0.0,0,-0.15563337657947587,True,False,5752,125
2022-02-08 00:00:00+00:00,11588914.291706935,11588914.291706935,0.0,0.0,0.0,0.0,0,-0.15563337657947587,True,False,5752,125
2022-02-09 00:00:00+00:00,11588914.291706935,11588914.291706935,0.0,0.0,0.0,0.0,0,-0.15563337657947587,True,False,5752,125
2022-02-10 00:00:00+00:00,11588914.291706935,11588914.291706935,0.0,0.0,0.0,0.0,0,-0.15563337657947587,True,False,5752,125
2022-02-11 00:00:00+00:00,11588914.291706935,11588914.291706935,0.0,0.0,0.0,0.0,0,-0.15563337657947587,True,False,5753,125
2022-02-14 00:00:00+00:00,11588914.291706935,11588914.291706935,0.0,0.0,0.0,0.0,0,-0.15563337657947587,True,False,5754,125
2022-02-15 00:00:00+00:00,11588914.291706935,11588914.291706935,0.0,0.0,0.0,0.0,0,-0.15563337657947587,True,False,5754,125
2022-02-16 00:00:00+00:00,11588914.291706935,11588914.291706935,0.0,0.0,0.0,0.0,0,-0.15563337657947587,True,False,5754,125
2022-02-17 00:00:00+00:00,11588914.291706935,11588914.291706935,0.0,0.0,0.0,0.0,0,-0.15563337657947587,True,False,5754,125
2022-02-18 00:00:00+00:00,11588914.291706935,11588914.291706935,0.0,0.0,0.0,0.0,0,-0.15563337657947587,True,False,5755,125
2022-02-21 00:00:00+00:00,11588914.291706935,11588914.291706935,0.0,0.0,0.0,0.0,0,-0.15563337657947587,True,False,5755,125
2022-02-22 00:00:00+00:00,11588914.291706935,11588914.291706935,0.0,0.0,0.0,0.0,0,-0.15563337657947587,True,False,5756,125
2022-02-23 00:00:00+00:00,11588914.291706935,11588914.291706935,0.0,0.0,0.0,0.0,0,-0.15563337657947587,True,False,5756,125
2022-02-24 00:00:00+00:00,11588914.291706935,11588914.291706935,0.0,0.0,0.0,0.0,0,-0.15563337657947587,True,False,5766,125
2022-02-25 00:00:00+00:00,11588914.291706935,11588914.291706935,0.0,0.0,0.0,0.0,0,-0.15563337657947587,True,False,5766,125
2022-02-28 00:00:00+00:00,11588914.291706935,11588914.291706935,0.0,0.0,0.0,0.0,0,-0.15563337657947587,True,False,5766,125
2022-03-01 00:00:00+00:00,11588914.291706935,11588914.291706935,0.0,0.0,0.0,0.0,0,-0.15563337657947587,True,False,5766,125
2022-03-02 00:00:00+00:00,11588914.291706935,11588914.291706935,0.0,0.0,0.0,0.0,0,-0.15563337657947587,True,False,5767,125
2022-03-03 00:00:00+00:00,11588914.291706935,11588914.291706935,0.0,0.0,0.0,0.0,0,-0.15563337657947587,True,False,5771,125
2022-03-04 00:00:00+00:00,11588914.291706935,11588914.291706935,0.0,0.0,0.0,0.0,0,-0.15563337657947587,True,False,5774,125
2022-03-07 00:00:00+00:00,11588914.291706935,11588914.291706935,0.0,0.0,0.0,0.0,0,-0.15563337657947587,True,False,5794,125
2022-03-08 00:00:00+00:00,11588914.291706935,11588914.291706935,0.0,0.0,0.0,0.0,0,-0.15563337657947587,True,False,5795,125
2022-03-09 00:00:00+00:00,11588914.291706935,11588914.291706935,0.0,0.0,0.0,0.0,0,-0.15563337657947587,True,False,5795,125
2022-03-10 00:00:00+00:00,11588914.291706935,11588914.291706935,0.0,0.0,0.0,0.0,0,-0.15563337657947587,True,False,5795,125
2022-03-11 00:00:00+00:00,11588914.291706935,11588914.291706935,0.0,0.0,0.0,0.0,0,-0.15563337657947587,True,False,5795,125
2022-03-14 00:00:00+00:00,11588914.291706935,11588914.291706935,0.0,0.0,0.0,0.0,0,-0.15563337657947587,True,False,5795,125
2022-03-15 00:00:00+00:00,11588914.291706935,11588914.291706935,0.0,0.0,0.0,0.0,0,-0.15563337657947587,True,False,5795,125
2022-03-16 00:00:00+00:00,11588914.291706935,11588914.291706935,0.0,0.0,0.0,0.0,0,-0.15563337657947587,True,False,5795,125
2022-03-17 00:00:00+00:00,11588914.291706935,11588914.291706935,0.0,0.0,0.0,0.0,0,-0.15563337657947587,True,False,5795,125
2022-03-18 00:00:00+00:00,11588914.291706935,11588914.291706935,0.0,0.0,0.0,0.0,0,-0.15563337657947587,True,False,5795,125
2022-03-21 00:00:00+00:00,11588914.291706935,11588914.291706935,0.0,0.0,0.0,0.0,0,-0.15563337657947587,True,False,5795,125
2022-03-22 00:00:00+00:00,11588914.291706935,11588914.291706935,0.0,0.0,0.0,0.0,0,-0.15563337657947587,True,False,5795,125
2022-03-23 00:00:00+00:00,11588914.291706935,11588914.291706935,0.0,0.0,0.0,0.0,0,-0.15563337657947587,True,False,5795,125
2022-03-24 00:00:00+00:00,11588914.291706935,11588914.291706935,0.0,0.0,0.0,0.0,0,-0.15563337657947587,True,False,5795,125
2022-03-25 00:00:00+00:00,11588914.291706935,11588914.291706935,0.0,0.0,0.0,0.0,0,-0.15563337657947587,True,False,5795,125
2022-03-28 00:00:00+00:00,11588914.291706935,11588914.291706935,0.0,0.0,0.0,0.0,0,-0.15563337657947587,True,False,5795,125
2022-03-29 00:00:00+00:00,11588914.291706935,11588914.291706935,0.0,0.0,0.0,0.0,0,-0.15563337657947587,True,False,5795,125
2022-03-30 00:00:00+00:00,11588914.291706935,11588914.291706935,0.0,0.0,0.0,0.0,0,-0.15563337657947587,True,False,5795,125
2022-03-31 00:00:00+00:00,11588914.291706935,11588914.291706935,0.0,0.0,0.0,0.0,0,-0.15563337657947587,True,False,5795,125
2022-04-01 00:00:00+00:00,11588914.291706935,11588914.291706935,0.0,0.0,0.0,0.0,0,-0.15563337657947587,True,False,5795,125
2022-04-04 00:00:00+00:00,11588914.291706935,11588914.291706935,0.0,0.0,0.0,0.0,0,-0.15563337657947587,True,False,5795,125
2022-04-05 00:00:00+00:00,11588914.291706935,11588914.291706935,0.0,0.0,0.0,0.0,0,-0.15563337657947587,True,False,5812,125
2022-04-06 00:00:00+00:00,11588914.291706935,11588914.291706935,0.0,0.0,0.0,0.0,0,-0.15563337657947587,True,False,5812,125
2022-04-07 00:00:00+00:00,11588914.291706935,11588914.291706935,0.0,0.0,0.0,0.0,0,-0.15563337657947587,True,False,5812,125
2022-04-08 00:00:00+00:00,11588914.291706935,11588914.291706935,0.0,0.0,0.0,0.0,0,-0.15563337657947587,True,False,5812,125
2022-04-11 00:00:00+00:00,11588914.291706935,11588914.291706935,0.0,0.0,0.0,0.0,0,-0.15563337657947587,True,False,5812,125
2022-04-12 00:00:00+00:00,11588914.291706935,11588914.291706935,0.0,0.0,0.0,0.0,0,-0.15563337657947587,True,False,5812,125
2022-04-13 00:00:00+00:00,11588914.291706935,11588914.291706935,0.0,0.0,0.0,0.0,0,-0.15563337657947587,True,False,5812,125
2022-04-14 00:00:00+00:00,11588914.291706935,11588914.291706935,0.0,0.0,0.0,0.0,0,-0.15563337657947587,True,False,5812,125
2022-04-18 00:00:00+00:00,11588914.291706935,11588914.291706935,0.0,0.0,0.0,0.0,0,-0.15563337657947587,True,False,5818,125
2022-04-19 00:00:00+00:00,11588914.291706935,11588914.291706935,0.0,0.0,0.0,0.0,0,-0.15563337657947587,True,False,5818,125
2022-04-20 00:00:00+00:00,11588914.291706935,11588914.291706935,0.0,0.0,0.0,0.0,0,-0.15563337657947587,True,False,5818,125
2022-04-21 00:00:00+00:00,11588914.291706935,11588914.291706935,0.0,0.0,0.0,0.0,0,-0.15563337657947587,True,False,5818,125
2022-04-22 00:00:00+00:00,11588914.291706935,11588914.291706935,0.0,0.0,0.0,0.0,0,-0.15563337657947587,True,False,5818,125
2022-04-25 00:00:00+00:00,11588914.291706935,11588914.291706935,0.0,0.0,0.0,0.0,0,-0.15563337657947587,True,False,5819,125
2022-04-26 00:00:00+00:00,11588914.291706935,11588914.291706935,0.0,0.0,0.0,0.0,0,-0.15563337657947587,True,False,5819,125
2022-04-27 00:00:00+00:00,11588914.291706935,11588914.291706935,0.0,0.0,0.0,0.0,0,-0.15563337657947587,True,False,5819,125
2022-04-28 00:00:00+00:00,11588914.291706935,11588914.291706935,0.0,0.0,0.0,0.0,0,-0.15563337657947587,True,False,5819,125
2022-04-29 00:00:00+00:00,11588914.291706935,11588914.291706935,0.0,0.0,0.0,0.0,0,-0.15563337657947587,True,False,5819,125
2022-05-02 00:00:00+00:00,11588914.291706935,11588914.291706935,0.0,0.0,0.0,0.0,0,-0.15563337657947587,True,False,5821,125
2022-05-03 00:00:00+00:00,11588914.291706935,11588914.291706935,0.0,0.0,0.0,0.0,0,-0.15563337657947587,True,False,5821,125
2022-05-04 00:00:00+00:00,11588914.291706935,11588914.291706935,0.0,0.0,0.0,0.0,0,-0.15563337657947587,True,False,5822,125
2022-05-05 00:00:00+00:00,11588914.291706935,11588914.291706935,0.0,0.0,0.0,0.0,0,-0.15563337657947587,True,False,5840,125
2022-05-06 00:00:00+00:00,11588914.291706935,11588914.291706935,0.0,0.0,0.0,0.0,0,-0.15563337657947587,True,False,5845,125
2022-05-09 00:00:00+00:00,11588914.291706935,11588914.291706935,0.0,0.0,0.0,0.0,0,-0.15563337657947587,True,False,5848,125
2022-05-10 00:00:00+00:00,11588914.291706935,11588914.291706935,0.0,0.0,0.0,0.0,0,-0.15563337657947587,True,False,5857,125
2022-05-11 00:00:00+00:00,11588914.291706935,11588914.291706935,0.0,0.0,0.0,0.0,0,-0.15563337657947587,True,False,5860,125
2022-05-12 00:00:00+00:00,11588914.291706935,11588914.291706935,0.0,0.0,0.0,0.0,0,-0.15563337657947587,True,False,5868,125
2022-05-13 00:00:00+00:00,11588914.291706935,11588914.291706935,0.0,0.0,0.0,0.0,0,-0.15563337657947587,True,False,5870,125
2022-05-16 00:00:00+00:00,11588914.291706935,11588914.291706935,0.0,0.0,0.0,0.0,0,-0.15563337657947587,True,False,5871,125
2022-05-17 00:00:00+00:00,11588914.291706935,11588914.291706935,0.0,0.0,0.0,0.0,0,-0.15563337657947587,True,False,5871,125
2022-05-18 00:00:00+00:00,11588914.291706935,11588914.291706935,0.0,0.0,0.0,0.0,0,-0.15563337657947587,True,False,5871,125
2022-05-19 00:00:00+00:00,11588914.291706935,11588914.291706935,0.0,0.0,0.0,0.0,0,-0.15563337657947587,True,False,5873,125
2022-05-20 00:00:00+00:00,11588914.291706935,11588914.291706935,0.0,0.0,0.0,0.0,0,-0.15563337657947587,True,False,5873,125
2022-05-23 00:00:00+00:00,11588914.291706935,11588914.291706935,0.0,0.0,0.0,0.0,0,-0.15563337657947587,True,False,5873,125
2022-05-24 00:00:00+00:00,11588914.291706935,11588914.291706935,0.0,0.0,0.0,0.0,0,-0.15563337657947587,True,False,5874,125
2022-05-25 00:00:00+00:00,11588914.291706935,11588914.291706935,0.0,0.0,0.0,0.0,0,-0.15563337657947587,True,False,5874,125
2022-05-26 00:00:00+00:00,11588914.291706935,11588914.291706935,0.0,0.0,0.0,0.0,0,-0.15563337657947587,True,False,5874,125
2022-05-27 00:00:00+00:00,11588914.291706935,11588914.291706935,0.0,0.0,0.0,0.0,0,-0.15563337657947587,True,False,5874,125
2022-05-30 00:00:00+00:00,11588914.291706935,11588914.291706935,0.0,0.0,0.0,0.0,0,-0.15563337657947587,True,False,5874,125
2022-05-31 00:00:00+00:00,11588914.291706935,11588914.291706935,0.0,0.0,0.0,0.0,0,-0.15563337657947587,True,False,5874,125
2022-06-01 00:00:00+00:00,11588914.291706935,11588914.291706935,0.0,0.0,0.0,0.0,0,-0.15563337657947587,True,False,5875,125
2022-06-02 00:00:00+00:00,11588914.291706935,11588914.291706935,0.0,0.0,0.0,0.0,0,-0.15563337657947587,True,False,5875,125
2022-06-03 00:00:00+00:00,11588914.291706935,11588914.291706935,0.0,0.0,0.0,0.0,0,-0.15563337657947587,True,False,5893,125
2022-06-06 00:00:00+00:00,11588914.291706935,11588914.291706935,0.0,0.0,0.0,0.0,0,-0.15563337657947587,True,False,5893,125
2022-06-07 00:00:00+00:00,11588914.291706935,11588914.291706935,0.0,0.0,0.0,0.0,0,-0.15563337657947587,True,False,5893,125
2022-06-08 00:00:00+00:00,11588914.291706935,11588914.291706935,0.0,0.0,0.0,0.0,0,-0.15563337657947587,True,False,5893,125
2022-06-09 00:00:00+00:00,11588914.291706935,11588914.291706935,0.0,0.0,0.0,0.0,0,-0.15563337657947587,True,False,5893,125
2022-06-10 00:00:00+00:00,11588914.291706935,11588914.291706935,0.0,0.0,0.0,0.0,0,-0.15563337657947587,True,False,5893,125
2022-06-13 00:00:00+00:00,11588914.291706935,11588914.291706935,0.0,0.0,0.0,0.0,0,-0.15563337657947587,True,False,5895,125
2022-06-14 00:00:00+00:00,11588914.291706935,11588914.291706935,0.0,0.0,0.0,0.0,0,-0.15563337657947587,True,False,5896,125
2022-06-15 00:00:00+00:00,11588914.291706935,11588914.291706935,0.0,0.0,0.0,0.0,0,-0.15563337657947587,True,False,5896,125
2022-06-16 00:00:00+00:00,11588914.291706935,11588914.291706935,0.0,0.0,0.0,0.0,0,-0.15563337657947587,True,False,5897,125
2022-06-17 00:00:00+00:00,11588914.291706935,11588914.291706935,0.0,0.0,0.0,0.0,0,-0.15563337657947587,True,False,5909,125
2022-06-20 00:00:00+00:00,11588914.291706935,11588914.291706935,0.0,0.0,0.0,0.0,0,-0.15563337657947587,True,False,5912,125
2022-06-21 00:00:00+00:00,11588914.291706935,11588914.291706935,0.0,0.0,0.0,0.0,0,-0.15563337657947587,True,False,5913,125
2022-06-22 00:00:00+00:00,11588914.291706935,11588914.291706935,0.0,0.0,0.0,0.0,0,-0.15563337657947587,True,False,5913,125
2022-06-23 00:00:00+00:00,11588914.291706935,11588914.291706935,0.0,0.0,0.0,0.0,0,-0.15563337657947587,True,False,5914,125
2022-06-24 00:00:00+00:00,11588914.291706935,11588914.291706935,0.0,0.0,0.0,0.0,0,-0.15563337657947587,True,False,5914,125
2022-06-27 00:00:00+00:00,11588914.291706935,11588914.291706935,0.0,0.0,0.0,0.0,0,-0.15563337657947587,True,False,5914,125
2022-06-28 00:00:00+00:00,11588914.291706935,11588914.291706935,0.0,0.0,0.0,0.0,0,-0.15563337657947587,True,False,5914,125
2022-06-29 00:00:00+00:00,11588914.291706935,11588914.291706935,0.0,0.0,0.0,0.0,0,-0.15563337657947587,True,False,5914,125
2022-06-30 00:00:00+00:00,11588914.291706935,11588914.291706935,0.0,0.0,0.0,0.0,0,-0.15563337657947587,True,False,5914,125
2022-07-01 00:00:00+00:00,11588914.291706935,11588914.291706935,0.0,0.0,0.0,0.0,0,-0.15563337657947587,True,False,5915,125
2022-07-04 00:00:00+00:00,11588914.291706935,11588914.291706935,0.0,0.0,0.0,0.0,0,-0.15563337657947587,True,False,5928,125
2022-07-05 00:00:00+00:00,11588914.291706935,11588914.291706935,0.0,0.0,0.0,0.0,0,-0.15563337657947587,True,False,5928,125
2022-07-06 00:00:00+00:00,11588914.291706935,11588914.291706935,0.0,0.0,0.0,0.0,0,-0.15563337657947587,True,False,5928,125
2022-07-07 00:00:00+00:00,11588914.291706935,11588914.291706935,0.0,0.0,0.0,0.0,0,-0.15563337657947587,True,False,5928,125
2022-07-08 00:00:00+00:00,11588914.291706935,11588914.291706935,0.0,0.0,0.0,0.0,0,-0.15563337657947587,True,False,5928,125
2022-07-11 00:00:00+00:00,11588914.291706935,11588914.291706935,0.0,0.0,0.0,0.0,0,-0.15563337657947587,True,False,5928,125
2022-07-12 00:00:00+00:00,11588914.291706935,11588914.291706935,0.0,0.0,0.0,0.0,0,-0.15563337657947587,True,False,5929,125
2022-07-13 00:00:00+00:00,11588914.291706935,11588914.291706935,0.0,0.0,0.0,0.0,0,-0.15563337657947587,True,False,5929,125
2022-07-14 00:00:00+00:00,11588914.291706935,11588914.291706935,0.0,0.0,0.0,0.0,0,-0.15563337657947587,True,False,5929,125
2022-07-15 00:00:00+00:00,11588914.291706935,11588914.291706935,0.0,0.0,0.0,0.0,0,-0.15563337657947587,True,False,5932,125
2022-07-18 00:00:00+00:00,11588914.291706935,11588914.291706935,0.0,0.0,0.0,0.0,0,-0.15563337657947587,True,False,5932,125
2022-07-19 00:00:00+00:00,11588914.291706935,11588914.291706935,0.0,0.0,0.0,0.0,0,-0.15563337657947587,True,False,5932,125
2022-07-20 00:00:00+00:00,11588914.291706935,11588914.291706935,0.0,0.0,0.0,0.0,0,-0.15563337657947587,True,False,5932,125
2022-07-21 00:00:00+00:00,11588914.291706935,11588914.291706935,0.0,0.0,0.0,0.0,0,-0.15563337657947587,True,False,5932,125
2022-07-22 00:00:00+00:00,11588914.291706935,11588914.291706935,0.0,0.0,0.0,0.0,0,-0.15563337657947587,True,False,5932,125
2022-07-25 00:00:00+00:00,11588914.291706935,11588914.291706935,0.0,0.0,0.0,0.0,0,-0.15563337657947587,True,False,5932,125
2022-07-26 00:00:00+00:00,11588914.291706935,11588914.291706935,0.0,0.0,0.0,0.0,0,-0.15563337657947587,True,False,5932,125
2022-07-27 00:00:00+00:00,11588914.291706935,11588914.291706935,0.0,0.0,0.0,0.0,0,-0.15563337657947587,True,False,5932,125
2022-07-28 00:00:00+00:00,11588914.291706935,11588914.291706935,0.0,0.0,0.0,0.0,0,-0.15563337657947587,True,False,5932,125
2022-07-29 00:00:00+00:00,11588914.291706935,11588914.291706935,0.0,0.0,0.0,0.0,0,-0.15563337657947587,True,False,5932,125
2022-08-01 00:00:00+00:00,11588914.291706935,11588914.291706935,0.0,0.0,0.0,0.0,0,-0.15563337657947587,True,False,5932,125
2022-08-02 00:00:00+00:00,11588914.291706935,11588914.291706935,0.0,0.0,0.0,0.0,0,-0.15563337657947587,True,False,5949,125
2022-08-03 00:00:00+00:00,11588914.291706935,11588914.291706935,0.0,0.0,0.0,0.0,0,-0.15563337657947587,True,False,5949,125
2022-08-04 00:00:00+00:00,11588914.291706935,11588914.291706935,0.0,0.0,0.0,0.0,0,-0.15563337657947587,True,False,5949,125
2022-08-05 00:00:00+00:00,11588914.291706935,11588914.291706935,0.0,0.0,0.0,0.0,0,-0.15563337657947587,True,False,5949,125
2022-08-08 00:00:00+00:00,11588914.291706935,11588914.291706935,0.0,0.0,0.0,0.0,0,-0.15563337657947587,True,False,5949,125
2022-08-09 00:00:00+00:00,11588914.291706935,11588914.291706935,0.0,0.0,0.0,0.0,0,-0.15563337657947587,True,False,5949,125
2022-08-10 00:00:00+00:00,11588914.291706935,11588914.291706935,0.0,0.0,0.0,0.0,0,-0.15563337657947587,True,False,5949,125
2022-08-11 00:00:00+00:00,11588914.291706935,11588914.291706935,0.0,0.0,0.0,0.0,0,-0.15563337657947587,True,False,5949,125
2022-08-12 00:00:00+00:00,11588914.291706935,11588914.291706935,0.0,0.0,0.0,0.0,0,-0.15563337657947587,True,False,5949,125
2022-08-15 00:00:00+00:00,11588914.291706935,11588914.291706935,0.0,0.0,0.0,0.0,0,-0.15563337657947587,True,False,5949,125
2022-08-16 00:00:00+00:00,11588914.291706935,11588914.291706935,0.0,0.0,0.0,0.0,0,-0.15563337657947587,True,False,5949,125
2022-08-17 00:00:00+00:00,11588914.291706935,11588914.291706935,0.0,0.0,0.0,0.0,0,-0.15563337657947587,True,False,5949,125
2022-08-18 00:00:00+00:00,11588914.291706935,11588914.291706935,0.0,0.0,0.0,0.0,0,-0.15563337657947587,True,False,5949,125
2022-08-19 00:00:00+00:00,11588914.291706935,11588914.291706935,0.0,0.0,0.0,0.0,0,-0.15563337657947587,True,False,5949,125
2022-08-22 00:00:00+00:00,11588914.291706935,11588914.291706935,0.0,0.0,0.0,0.0,0,-0.15563337657947587,True,False,5949,125
2022-08-23 00:00:00+00:00,11588914.291706935,11588914.291706935,0.0,0.0,0.0,0.0,0,-0.15563337657947587,True,False,5949,125
2022-08-24 00:00:00+00:00,11588914.291706935,11588914.291706935,0.0,0.0,0.0,0.0,0,-0.15563337657947587,True,False,5949,125
2022-08-25 00:00:00+00:00,11588914.291706935,11588914.291706935,0.0,0.0,0.0,0.0,0,-0.15563337657947587,True,False,5949,125
2022-08-26 00:00:00+00:00,11588914.291706935,11588914.291706935,0.0,0.0,0.0,0.0,0,-0.15563337657947587,True,False,5949,125
2022-08-29 00:00:00+00:00,11588914.291706935,11588914.291706935,0.0,0.0,0.0,0.0,0,-0.15563337657947587,True,False,5949,125
2022-08-30 00:00:00+00:00,11588914.291706935,11588914.291706935,0.0,0.0,0.0,0.0,0,-0.15563337657947587,True,False,5949,125
2022-08-31 00:00:00+00:00,11588914.291706935,11588914.291706935,0.0,0.0,0.0,0.0,0,-0.15563337657947587,True,False,5951,125
2022-09-01 00:00:00+00:00,11588914.291706935,11588914.291706935,0.0,0.0,0.0,0.0,0,-0.15563337657947587,True,False,5951,125
2022-09-02 00:00:00+00:00,11588914.291706935,11588914.291706935,0.0,0.0,0.0,0.0,0,-0.15563337657947587,True,False,5951,125
2022-09-05 00:00:00+00:00,11588914.291706935,11588914.291706935,0.0,0.0,0.0,0.0,0,-0.15563337657947587,True,False,5951,125
2022-09-06 00:00:00+00:00,11588914.291706935,11588914.291706935,0.0,0.0,0.0,0.0,0,-0.15563337657947587,True,False,5951,125
2022-09-07 00:00:00+00:00,11588914.291706935,11588914.291706935,0.0,0.0,0.0,0.0,0,-0.15563337657947587,True,False,5952,125
2022-09-08 00:00:00+00:00,11588914.291706935,11588914.291706935,0.0,0.0,0.0,0.0,0,-0.15563337657947587,True,False,5952,125
2022-09-09 00:00:00+00:00,11588914.291706935,11588914.291706935,0.0,0.0,0.0,0.0,0,-0.15563337657947587,True,False,5952,125
2022-09-12 00:00:00+00:00,11588914.291706935,11588914.291706935,0.0,0.0,0.0,0.0,0,-0.15563337657947587,True,False,5952,125
2022-09-13 00:00:00+00:00,11588914.291706935,11588914.291706935,0.0,0.0,0.0,0.0,0,-0.15563337657947587,True,False,5952,125
2022-09-14 00:00:00+00:00,11588914.291706935,11588914.291706935,0.0,0.0,0.0,0.0,0,-0.15563337657947587,True,False,5952,125
2022-09-15 00:00:00+00:00,11588914.291706935,11588914.291706935,0.0,0.0,0.0,0.0,0,-0.15563337657947587,True,False,5952,125
2022-09-16 00:00:00+00:00,11588914.291706935,11588914.291706935,0.0,0.0,0.0,0.0,0,-0.15563337657947587,True,False,5958,125
2022-09-19 00:00:00+00:00,11588914.291706935,11588914.291706935,0.0,0.0,0.0,0.0,0,-0.15563337657947587,True,False,5959,125
2022-09-20 00:00:00+00:00,11588914.291706935,11588914.291706935,0.0,0.0,0.0,0.0,0,-0.15563337657947587,True,False,5961,125
2022-09-21 00:00:00+00:00,11588914.291706935,11588914.291706935,0.0,0.0,0.0,0.0,0,-0.15563337657947587,True,False,5961,125
2022-09-22 00:00:00+00:00,11588914.291706935,11588914.291706935,0.0,0.0,0.0,0.0,0,-0.15563337657947587,True,False,5961,125
2022-09-23 00:00:00+00:00,11588914.291706935,11588914.291706935,0.0,0.0,0.0,0.0,0,-0.15563337657947587,True,False,5962,125
2022-09-26 00:00:00+00:00,11588914.291706935,11588914.291706935,0.0,0.0,0.0,0.0,0,-0.15563337657947587,True,False,5968,125
2022-09-27 00:00:00+00:00,11588914.291706935,11588914.291706935,0.0,0.0,0.0,0.0,0,-0.15563337657947587,True,False,5968,125
2022-09-28 00:00:00+00:00,11588914.291706935,11588914.291706935,0.0,0.0,0.0,0.0,0,-0.15563337657947587,True,False,5972,125
2022-09-29 00:00:00+00:00,11588914.291706935,11588914.291706935,0.0,0.0,0.0,0.0,0,-0.15563337657947587,True,False,5992,125
2022-09-30 00:00:00+00:00,11588914.291706935,11588914.291706935,0.0,0.0,0.0,0.0,0,-0.15563337657947587,True,False,5993,125
2022-10-03 00:00:00+00:00,11588914.291706935,11588914.291706935,0.0,0.0,0.0,0.0,0,-0.15563337657947587,True,False,5993,125
2022-10-04 00:00:00+00:00,11588914.291706935,11588914.291706935,0.0,0.0,0.0,0.0,0,-0.15563337657947587,True,False,5993,125
2022-10-05 00:00:00+00:00,11588914.291706935,11588914.291706935,0.0,0.0,0.0,0.0,0,-0.15563337657947587,True,False,5993,125
2022-10-06 00:00:00+00:00,11588914.291706935,11588914.291706935,0.0,0.0,0.0,0.0,0,-0.15563337657947587,True,False,5993,125
2022-10-07 00:00:00+00:00,11588914.291706935,11588914.291706935,0.0,0.0,0.0,0.0,0,-0.15563337657947587,True,False,5993,125
2022-10-10 00:00:00+00:00,11588914.291706935,11588914.291706935,0.0,0.0,0.0,0.0,0,-0.15563337657947587,True,False,5993,125
2022-10-11 00:00:00+00:00,11588914.291706935,11588914.291706935,0.0,0.0,0.0,0.0,0,-0.15563337657947587,True,False,5994,125
2022-10-12 00:00:00+00:00,11588914.291706935,11588914.291706935,0.0,0.0,0.0,0.0,0,-0.15563337657947587,True,False,5994,125
2022-10-13 00:00:00+00:00,11588914.291706935,11588914.291706935,0.0,0.0,0.0,0.0,0,-0.15563337657947587,True,False,5995,125
2022-10-14 00:00:00+00:00,11588914.291706935,11588914.291706935,0.0,0.0,0.0,0.0,0,-0.15563337657947587,True,False,5996,125
2022-10-17 00:00:00+00:00,11588914.291706935,11588914.291706935,0.0,0.0,0.0,0.0,0,-0.15563337657947587,True,False,5996,125
2022-10-18 00:00:00+00:00,11588914.291706935,11588914.291706935,0.0,0.0,0.0,0.0,0,-0.15563337657947587,True,False,5997,125
2022-10-19 00:00:00+00:00,11588914.291706935,11588914.291706935,0.0,0.0,0.0,0.0,0,-0.15563337657947587,True,False,5997,125
2022-10-20 00:00:00+00:00,11588914.291706935,11588914.291706935,0.0,0.0,0.0,0.0,0,-0.15563337657947587,True,False,5997,125
2022-10-21 00:00:00+00:00,11588914.291706935,11588914.291706935,0.0,0.0,0.0,0.0,0,-0.15563337657947587,True,False,5998,125
2022-10-24 00:00:00+00:00,11588914.291706935,11588914.291706935,0.0,0.0,0.0,0.0,0,-0.15563337657947587,True,False,5998,125
2022-10-25 00:00:00+00:00,11588914.291706935,11588914.291706935,0.0,0.0,0.0,0.0,0,-0.15563337657947587,True,False,5998,125
2022-10-26 00:00:00+00:00,11588914.291706935,11588914.291706935,0.0,0.0,0.0,0.0,0,-0.15563337657947587,True,False,5998,125
2022-10-27 00:00:00+00:00,11588914.291706935,11588914.291706935,0.0,0.0,0.0,0.0,0,-0.15563337657947587,True,False,5998,125
2022-10-28 00:00:00+00:00,11588914.291706935,11588914.291706935,0.0,0.0,0.0,0.0,0,-0.15563337657947587,True,False,6015,125
2022-10-31 00:00:00+00:00,11588914.291706935,11588914.291706935,0.0,0.0,0.0,0.0,0,-0.15563337657947587,True,False,6015,125
2022-11-01 00:00:00+00:00,11588914.291706935,11588914.291706935,0.0,0.0,0.0,0.0,0,-0.15563337657947587,True,False,6015,125
2022-11-02 00:00:00+00:00,11588914.291706935,11588914.291706935,0.0,0.0,0.0,0.0,0,-0.15563337657947587,True,False,6015,125
2022-11-03 00:00:00+00:00,11588914.291706935,11588914.291706935,0.0,0.0,0.0,0.0,0,-0.15563337657947587,True,False,6015,125
2022-11-04 00:00:00+00:00,11588914.291706935,11588914.291706935,0.0,0.0,0.0,0.0,0,-0.15563337657947587,True,False,6015,125
2022-11-07 00:00:00+00:00,11588914.291706935,11588914.291706935,0.0,0.0,0.0,0.0,0,-0.15563337657947587,True,False,6015,125
2022-11-08 00:00:00+00:00,11588914.291706935,11588914.291706935,0.0,0.0,0.0,0.0,0,-0.15563337657947587,True,False,6015,125
2022-11-09 00:00:00+00:00,11588914.291706935,11588914.291706935,0.0,0.0,0.0,0.0,0,-0.15563337657947587,True,False,6017,125
2022-11-10 00:00:00+00:00,11588914.291706935,11588914.291706935,0.0,0.0,0.0,0.0,0,-0.15563337657947587,True,False,6019,125
2022-11-11 00:00:00+00:00,11588914.291706935,11588914.291706935,0.0,0.0,0.0,0.0,0,-0.15563337657947587,True,False,6019,125
2022-11-14 00:00:00+00:00,11588914.291706935,11588914.291706935,0.0,0.0,0.0,0.0,0,-0.15563337657947587,True,False,6019,125
2022-11-15 00:00:00+00:00,11588914.291706935,11588914.291706935,0.0,0.0,0.0,0.0,0,-0.15563337657947587,True,False,6020,125
2022-11-16 00:00:00+00:00,11588914.291706935,11588914.291706935,0.0,0.0,0.0,0.0,0,-0.15563337657947587,True,False,6020,125
2022-11-17 00:00:00+00:00,11588914.291706935,11588914.291706935,0.0,0.0,0.0,0.0,0,-0.15563337657947587,True,False,6020,125
2022-11-18 00:00:00+00:00,11588914.291706935,11588914.291706935,0.0,0.0,0.0,0.0,0,-0.15563337657947587,True,False,6020,125
2022-11-21 00:00:00+00:00,11588914.291706935,11588914.291706935,0.0,0.0,0.0,0.0,0,-0.15563337657947587,True,False,6021,125
2022-11-22 00:00:00+00:00,11588914.291706935,11588914.291706935,0.0,0.0,0.0,0.0,0,-0.15563337657947587,True,False,6021,125
2022-11-23 00:00:00+00:00,11588914.291706935,11588914.291706935,0.0,0.0,0.0,0.0,0,-0.15563337657947587,True,False,6021,125
2022-11-24 00:00:00+00:00,11588914.291706935,11588914.291706935,0.0,0.0,0.0,0.0,0,-0.15563337657947587,True,False,6021,125
2022-11-25 00:00:00+00:00,11588914.291706935,11588914.291706935,0.0,0.0,0.0,0.0,0,-0.15563337657947587,True,False,6021,125
2022-11-28 00:00:00+00:00,11588914.291706935,11588914.291706935,0.0,0.0,0.0,0.0,0,-0.15563337657947587,True,False,6038,125
2022-11-29 00:00:00+00:00,11588914.291706935,11588914.291706935,0.0,0.0,0.0,0.0,0,-0.15563337657947587,True,False,6038,125
2022-11-30 00:00:00+00:00,11588914.291706935,11588914.291706935,0.0,0.0,0.0,0.0,0,-0.15563337657947587,True,False,6038,125
2022-12-01 00:00:00+00:00,11588914.291706935,11588914.291706935,0.0,0.0,0.0,0.0,0,-0.15563337657947587,True,False,6038,125
2022-12-02 00:00:00+00:00,11588914.291706935,11588914.291706935,0.0,0.0,0.0,0.0,0,-0.15563337657947587,True,False,6039,125
2022-12-05 00:00:00+00:00,11588914.291706935,11588914.291706935,0.0,0.0,0.0,0.0,0,-0.15563337657947587,True,False,6040,125
2022-12-06 00:00:00+00:00,11588914.291706935,11588914.291706935,0.0,0.0,0.0,0.0,0,-0.15563337657947587,True,False,6040,125
2022-12-07 00:00:00+00:00,11588914.291706935,11588914.291706935,0.0,0.0,0.0,0.0,0,-0.15563337657947587,True,False,6041,125
2022-12-08 00:00:00+00:00,11588914.291706935,11588914.291706935,0.0,0.0,0.0,0.0,0,-0.15563337657947587,True,False,6043,125
2022-12-09 00:00:00+00:00,11588914.291706935,11588914.291706935,0.0,0.0,0.0,0.0,0,-0.15563337657947587,True,False,6043,125
2022-12-12 00:00:00+00:00,11588914.291706935,11588914.291706935,0.0,0.0,0.0,0.0,0,-0.15563337657947587,True,False,6043,125
2022-12-13 00:00:00+00:00,11588914.291706935,11588914.291706935,0.0,0.0,0.0,0.0,0,-0.15563337657947587,True,False,6043,125
2022-12-14 00:00:00+00:00,11588914.291706935,11588914.291706935,0.0,0.0,0.0,0.0,0,-0.15563337657947587,True,False,6043,125
2022-12-15 00:00:00+00:00,11588914.291706935,11588914.291706935,0.0,0.0,0.0,0.0,0,-0.15563337657947587,True,False,6044,125
2022-12-16 00:00:00+00:00,11588914.291706935,11588914.291706935,0.0,0.0,0.0,0.0,0,-0.15563337657947587,True,False,6047,125
2022-12-19 00:00:00+00:00,11588914.291706935,11588914.291706935,0.0,0.0,0.0,0.0,0,-0.15563337657947587,True,False,6047,125
2022-12-20 00:00:00+00:00,11588914.291706935,11588914.291706935,0.0,0.0,0.0,0.0,0,-0.15563337657947587,True,False,6047,125
2022-12-21 00:00:00+00:00,11588914.291706935,11588914.291706935,0.0,0.0,0.0,0.0,0,-0.15563337657947587,True,False,6048,125
2022-12-22 00:00:00+00:00,11588914.291706935,11588914.291706935,0.0,0.0,0.0,0.0,0,-0.15563337657947587,True,False,6048,125
2022-12-23 00:00:00+00:00,11588914.291706935,11588914.291706935,0.0,0.0,0.0,0.0,0,-0.15563337657947587,True,False,6057,125
2022-12-26 00:00:00+00:00,11588914.291706935,11588914.291706935,0.0,0.0,0.0,0.0,0,-0.15563337657947587,True,False,6057,125
2022-12-27 00:00:00+00:00,11588914.291706935,11588914.291706935,0.0,0.0,0.0,0.0,0,-0.15563337657947587,True,False,6074,125
2022-12-28 00:00:00+00:00,11588914.291706935,11588914.291706935,0.0,0.0,0.0,0.0,0,-0.15563337657947587,True,False,6074,125
2022-12-29 00:00:00+00:00,11588914.291706935,11588914.291706935,0.0,0.0,0.0,0.0,0,-0.15563337657947587,True,False,6074,125
2022-12-30 00:00:00+00:00,11588914.291706935,11588914.291706935,0.0,0.0,0.0,0.0,0,-0.15563337657947587,True,False,6074,125
2023-01-02 00:00:00+00:00,11588914.291706935,11588914.291706935,0.0,0.0,0.0,0.0,0,-0.15563337657947587,True,False,6074,125
2023-01-03 00:00:00+00:00,11588914.291706935,11588914.291706935,0.0,0.0,0.0,0.0,0,-0.15563337657947587,True,False,6074,125
2023-01-04 00:00:00+00:00,11588914.291706935,11588914.291706935,0.0,0.0,0.0,0.0,0,-0.15563337657947587,True,False,6074,125
2023-01-05 00:00:00+00:00,11588914.291706935,11588914.291706935,0.0,0.0,0.0,0.0,0,-0.15563337657947587,True,False,6075,125
2023-01-06 00:00:00+00:00,11588914.291706935,11588914.291706935,0.0,0.0,0.0,0.0,0,-0.15563337657947587,True,False,6079,125
2023-01-09 00:00:00+00:00,11588914.291706935,11588914.291706935,0.0,0.0,0.0,0.0,0,-0.15563337657947587,True,False,6079,125
2023-01-10 00:00:00+00:00,11588914.291706935,11588914.291706935,0.0,0.0,0.0,0.0,0,-0.15563337657947587,True,False,6080,125
2023-01-11 00:00:00+00:00,11588914.291706935,11588914.291706935,0.0,0.0,0.0,0.0,0,-0.15563337657947587,True,False,6081,125
2023-01-12 00:00:00+00:00,11588914.291706935,11588914.291706935,0.0,0.0,0.0,0.0,0,-0.15563337657947587,True,False,6082,125
2023-01-13 00:00:00+00:00,11588914.291706935,11588914.291706935,0.0,0.0,0.0,0.0,0,-0.15563337657947587,True,False,6082,125
2023-01-16 00:00:00+00:00,11588914.291706935,11588914.291706935,0.0,0.0,0.0,0.0,0,-0.15563337657947587,True,False,6082,125
2023-01-17 00:00:00+00:00,11588914.291706935,11588914.291706935,0.0,0.0,0.0,0.0,0,-0.15563337657947587,True,False,6082,125
2023-01-18 00:00:00+00:00,11588914.291706935,11588914.291706935,0.0,0.0,0.0,0.0,0,-0.15563337657947587,True,False,6082,125
2023-01-19 00:00:00+00:00,11588914.291706935,11588914.291706935,0.0,0.0,0.0,0.0,0,-0.15563337657947587,True,False,6083,125
2023-01-20 00:00:00+00:00,11588914.291706935,11588914.291706935,0.0,0.0,0.0,0.0,0,-0.15563337657947587,True,False,6083,125
2023-01-23 00:00:00+00:00,11588914.291706935,11588914.291706935,0.0,0.0,0.0,0.0,0,-0.15563337657947587,True,False,6083,125
2023-01-24 00:00:00+00:00,11588914.291706935,11588914.291706935,0.0,0.0,0.0,0.0,0,-0.15563337657947587,True,False,6084,125
2023-01-25 00:00:00+00:00,11588914.291706935,11588914.291706935,0.0,0.0,0.0,0.0,0,-0.15563337657947587,True,False,6101,125
2023-01-26 00:00:00+00:00,11588914.291706935,11588914.291706935,0.0,0.0,0.0,0.0,0,-0.15563337657947587,True,False,6101,125
2023-01-27 00:00:00+00:00,11588914.291706935,11588914.291706935,0.0,0.0,0.0,0.0,0,-0.15563337657947587,True,False,6110,125
2023-01-30 00:00:00+00:00,11588914.291706935,11588914.291706935,0.0,0.0,0.0,0.0,0,-0.15563337657947587,True,False,6115,125
2023-01-31 00:00:00+00:00,11588914.291706935,11588914.291706935,0.0,0.0,0.0,0.0,0,-0.15563337657947587,True,False,6115,125
2023-02-01 00:00:00+00:00,11588914.291706935,11588914.291706935,0.0,0.0,0.0,0.0,0,-0.15563337657947587,True,False,6118,125
2023-02-02 00:00:00+00:00,11588914.291706935,11588914.291706935,0.0,0.0,0.0,0.0,0,-0.15563337657947587,True,False,6120,125
2023-02-03 00:00:00+00:00,11588914.291706935,11588914.291706935,0.0,0.0,0.0,0.0,0,-0.15563337657947587,True,False,6121,125
2023-02-06 00:00:00+00:00,11588914.291706935,11588914.291706935,0.0,0.0,0.0,0.0,0,-0.15563337657947587,True,False,6121,125
2023-02-07 00:00:00+00:00,11588914.291706935,11588914.291706935,0.0,0.0,0.0,0.0,0,-0.15563337657947587,True,False,6121,125
2023-02-08 00:00:00+00:00,11588914.291706935,11588914.291706935,0.0,0.0,0.0,0.0,0,-0.15563337657947587,True,False,6121,125
2023-02-09 00:00:00+00:00,11588914.291706935,11588914.291706935,0.0,0.0,0.0,0.0,0,-0.15563337657947587,True,False,6121,125
2023-02-10 00:00:00+00:00,11588914.291706935,11588914.291706935,0.0,0.0,0.0,0.0,0,-0.15563337657947587,True,False,6121,125
2023-02-13 00:00:00+00:00,11588914.291706935,11588914.291706935,0.0,0.0,0.0,0.0,0,-0.15563337657947587,True,False,6121,125
2023-02-14 00:00:00+00:00,11588914.291706935,11588914.291706935,0.0,0.0,0.0,0.0,0,-0.15563337657947587,True,False,6121,125
2023-02-15 00:00:00+00:00,11588914.291706935,11588914.291706935,0.0,0.0,0.0,0.0,0,-0.15563337657947587,True,False,6121,125
2023-02-16 00:00:00+00:00,11588914.291706935,11588914.291706935,0.0,0.0,0.0,0.0,0,-0.15563337657947587,True,False,6121,125
2023-02-17 00:00:00+00:00,11588914.291706935,11588914.291706935,0.0,0.0,0.0,0.0,0,-0.15563337657947587,True,False,6121,125
2023-02-20 00:00:00+00:00,11588914.291706935,11588914.291706935,0.0,0.0,0.0,0.0,0,-0.15563337657947587,True,False,6122,125
2023-02-21 00:00:00+00:00,11588914.291706935,11588914.291706935,0.0,0.0,0.0,0.0,0,-0.15563337657947587,True,False,6122,125
2023-02-22 00:00:00+00:00,11588914.291706935,11588914.291706935,0.0,0.0,0.0,0.0,0,-0.15563337657947587,True,False,6125,125
2023-02-23 00:00:00+00:00,11588914.291706935,11588914.291706935,0.0,0.0,0.0,0.0,0,-0.15563337657947587,True,False,6142,125
2023-02-24 00:00:00+00:00,11588914.291706935,11588914.291706935,0.0,0.0,0.0,0.0,0,-0.15563337657947587,True,False,6143,125
2023-02-27 00:00:00+00:00,11588914.291706935,11588914.291706935,0.0,0.0,0.0,0.0,0,-0.15563337657947587,True,False,6145,125
2023-02-28 00:00:00+00:00,11588914.291706935,11588914.291706935,0.0,0.0,0.0,0.0,0,-0.15563337657947587,True,False,6148,125
2023-03-01 00:00:00+00:00,11588914.291706935,11588914.291706935,0.0,0.0,0.0,0.0,0,-0.15563337657947587,True,False,6148,125
2023-03-02 00:00:00+00:00,11588914.291706935,11588914.291706935,0.0,0.0,0.0,0.0,0,-0.15563337657947587,True,False,6148,125
2023-03-03 00:00:00+00:00,11588914.291706935,11588914.291706935,0.0,0.0,0.0,0.0,0,-0.15563337657947587,True,False,6148,125
2023-03-06 00:00:00+00:00,11588914.291706935,11588914.291706935,0.0,0.0,0.0,0.0,0,-0.15563337657947587,True,False,6148,125
2023-03-07 00:00:00+00:00,11588914.291706935,11588914.291706935,0.0,0.0,0.0,0.0,0,-0.15563337657947587,True,False,6149,125
2023-03-08 00:00:00+00:00,11588914.291706935,11588914.291706935,0.0,0.0,0.0,0.0,0,-0.15563337657947587,True,False,6149,125
2023-03-09 00:00:00+00:00,11588914.291706935,11588914.291706935,0.0,0.0,0.0,0.0,0,-0.15563337657947587,True,False,6149,125
2023-03-10 00:00:00+00:00,11588914.291706935,11588914.291706935,0.0,0.0,0.0,0.0,0,-0.15563337657947587,True,False,6149,125
2023-03-13 00:00:00+00:00,11588914.291706935,11588914.291706935,0.0,0.0,0.0,0.0,0,-0.15563337657947587,True,False,6150,125
2023-03-14 00:00:00+00:00,11588914.291706935,11588914.291706935,0.0,0.0,0.0,0.0,0,-0.15563337657947587,True,False,6154,125
2023-03-15 00:00:00+00:00,11588914.291706935,11588914.291706935,0.0,0.0,0.0,0.0,0,-0.15563337657947587,True,False,6157,125
2023-03-16 00:00:00+00:00,11588914.291706935,11588914.291706935,0.0,0.0,0.0,0.0,0,-0.15563337657947587,True,False,6159,125
2023-03-17 00:00:00+00:00,11588914.291706935,11588914.291706935,0.0,0.0,0.0,0.0,0,-0.15563337657947587,True,False,6160,125
2023-03-20 00:00:00+00:00,11588914.291706935,11588914.291706935,0.0,0.0,0.0,0.0,0,-0.15563337657947587,True,False,6162,125
2023-03-21 00:00:00+00:00,11588914.291706935,11588914.291706935,0.0,0.0,0.0,0.0,0,-0.15563337657947587,True,False,6162,125
2023-03-22 00:00:00+00:00,11588914.291706935,11588914.291706935,0.0,0.0,0.0,0.0,0,-0.15563337657947587,True,False,6162,125
2023-03-23 00:00:00+00:00,11588914.291706935,11588914.291706935,0.0,0.0,0.0,0.0,0,-0.15563337657947587,True,False,6163,125
2023-03-24 00:00:00+00:00,11588914.291706935,11588914.291706935,0.0,0.0,0.0,0.0,0,-0.15563337657947587,True,False,6180,125
2023-03-27 00:00:00+00:00,11588914.291706935,11588914.291706935,0.0,0.0,0.0,0.0,0,-0.15563337657947587,True,False,6181,125
2023-03-28 00:00:00+00:00,11588914.291706935,11588914.291706935,0.0,0.0,0.0,0.0,0,-0.15563337657947587,True,False,6181,125
2023-03-29 00:00:00+00:00,11588914.291706935,11588914.291706935,0.0,0.0,0.0,0.0,0,-0.15563337657947587,True,False,6181,125
2023-03-30 00:00:00+00:00,11588914.291706935,11588914.291706935,0.0,0.0,0.0,0.0,0,-0.15563337657947587,True,False,6181,125
2023-03-31 00:00:00+00:00,11588914.291706935,11588914.291706935,0.0,0.0,0.0,0.0,0,-0.15563337657947587,True,False,6181,125
2023-04-03 00:00:00+00:00,11588914.291706935,11588914.291706935,0.0,0.0,0.0,0.0,0,-0.15563337657947587,True,False,6181,125
2023-04-04 00:00:00+00:00,11588914.291706935,11588914.291706935,0.0,0.0,0.0,0.0,0,-0.15563337657947587,True,False,6181,125
2023-04-05 00:00:00+00:00,11588914.291706935,11588914.291706935,0.0,0.0,0.0,0.0,0,-0.15563337657947587,True,False,6181,125
2023-04-06 00:00:00+00:00,11588914.291706935,11588914.291706935,0.0,0.0,0.0,0.0,0,-0.15563337657947587,True,False,6181,125
2023-04-10 00:00:00+00:00,11588914.291706935,11588914.291706935,0.0,0.0,0.0,0.0,0,-0.15563337657947587,True,False,6181,125
2023-04-11 00:00:00+00:00,11588914.291706935,11588914.291706935,0.0,0.0,0.0,0.0,0,-0.15563337657947587,True,False,6181,125
2023-04-12 00:00:00+00:00,11588914.291706935,11588914.291706935,0.0,0.0,0.0,0.0,0,-0.15563337657947587,True,False,6181,125
2023-04-13 00:00:00+00:00,11588914.291706935,11588914.291706935,0.0,0.0,0.0,0.0,0,-0.15563337657947587,True,False,6181,125
2023-04-14 00:00:00+00:00,11588914.291706935,11588914.291706935,0.0,0.0,0.0,0.0,0,-0.15563337657947587,True,False,6181,125
2023-04-17 00:00:00+00:00,11588914.291706935,11588914.291706935,0.0,0.0,0.0,0.0,0,-0.15563337657947587,True,False,6184,125
2023-04-18 00:00:00+00:00,11588914.291706935,11588914.291706935,0.0,0.0,0.0,0.0,0,-0.15563337657947587,True,False,6184,125
2023-04-19 00:00:00+00:00,11588914.291706935,11588914.291706935,0.0,0.0,0.0,0.0,0,-0.15563337657947587,True,False,6186,125
2023-04-20 00:00:00+00:00,11588914.291706935,11588914.291706935,0.0,0.0,0.0,0.0,0,-0.15563337657947587,True,False,6186,125
2023-04-21 00:00:00+00:00,11588914.291706935,11588914.291706935,0.0,0.0,0.0,0.0,0,-0.15563337657947587,True,False,6186,125
2023-04-24 00:00:00+00:00,11588914.291706935,11588914.291706935,0.0,0.0,0.0,0.0,0,-0.15563337657947587,True,False,6186,125
2023-04-25 00:00:00+00:00,11588914.291706935,11588914.291706935,0.0,0.0,0.0,0.0,0,-0.15563337657947587,True,False,6203,125
2023-04-26 00:00:00+00:00,11588914.291706935,11588914.291706935,0.0,0.0,0.0,0.0,0,-0.15563337657947587,True,False,6204,125
2023-04-27 00:00:00+00:00,11588914.291706935,11588914.291706935,0.0,0.0,0.0,0.0,0,-0.15563337657947587,True,False,6205,125
2023-04-28 00:00:00+00:00,11588914.291706935,11588914.291706935,0.0,0.0,0.0,0.0,0,-0.15563337657947587,True,False,6205,125
2023-05-01 00:00:00+00:00,11588914.291706935,11588914.291706935,0.0,0.0,0.0,0.0,0,-0.15563337657947587,True,False,6205,125
2023-05-02 00:00:00+00:00,11588914.291706935,11588914.291706935,0.0,0.0,0.0,0.0,0,-0.15563337657947587,True,False,6205,125
2023-05-03 00:00:00+00:00,11588914.291706935,11588914.291706935,0.0,0.0,0.0,0.0,0,-0.15563337657947587,True,False,6205,125
2023-05-04 00:00:00+00:00,11588914.291706935,11588914.291706935,0.0,0.0,0.0,0.0,0,-0.15563337657947587,True,False,6205,125
2023-05-05 00:00:00+00:00,11588914.291706935,11588914.291706935,0.0,0.0,0.0,0.0,0,-0.15563337657947587,True,False,6205,125
2023-05-08 00:00:00+00:00,11588914.291706935,11588914.291706935,0.0,0.0,0.0,0.0,0,-0.15563337657947587,True,False,6205,125
2023-05-09 00:00:00+00:00,11588914.291706935,11588914.291706935,0.0,0.0,0.0,0.0,0,-0.15563337657947587,True,False,6205,125
2023-05-10 00:00:00+00:00,11588914.291706935,11588914.291706935,0.0,0.0,0.0,0.0,0,-0.15563337657947587,True,False,6205,125
2023-05-11 00:00:00+00:00,11588914.291706935,11588914.291706935,0.0,0.0,0.0,0.0,0,-0.15563337657947587,True,False,6205,125
2023-05-12 00:00:00+00:00,11588914.291706935,11588914.291706935,0.0,0.0,0.0,0.0,0,-0.15563337657947587,True,False,6206,125
2023-05-15 00:00:00+00:00,11588914.291706935,11588914.291706935,0.0,0.0,0.0,0.0,0,-0.15563337657947587,True,False,6207,125
2023-05-16 00:00:00+00:00,11588914.291706935,11588914.291706935,0.0,0.0,0.0,0.0,0,-0.15563337657947587,True,False,6209,125
2023-05-17 00:00:00+00:00,11588914.291706935,11588914.291706935,0.0,0.0,0.0,0.0,0,-0.15563337657947587,True,False,6210,125
2023-05-18 00:00:00+00:00,11588914.291706935,11588914.291706935,0.0,0.0,0.0,0.0,0,-0.15563337657947587,True,False,6210,125
2023-05-19 00:00:00+00:00,11588914.291706935,11588914.291706935,0.0,0.0,0.0,0.0,0,-0.15563337657947587,True,False,6210,125
2023-05-22 00:00:00+00:00,11588914.291706935,11588914.291706935,0.0,0.0,0.0,0.0,0,-0.15563337657947587,True,False,6210,125
2023-05-23 00:00:00+00:00,11588914.291706935,11588914.291706935,0.0,0.0,0.0,0.0,0,-0.15563337657947587,True,False,6210,125
2023-05-24 00:00:00+00:00,11588914.291706935,11588914.291706935,0.0,0.0,0.0,0.0,0,-0.15563337657947587,True,False,6228,125
2023-05-25 00:00:00+00:00,11588914.291706935,11588914.291706935,0.0,0.0,0.0,0.0,0,-0.15563337657947587,True,False,6228,125
2023-05-26 00:00:00+00:00,11588914.291706935,11588914.291706935,0.0,0.0,0.0,0.0,0,-0.15563337657947587,True,False,6228,125
2023-05-29 00:00:00+00:00,11588914.291706935,11588914.291706935,0.0,0.0,0.0,0.0,0,-0.15563337657947587,True,False,6228,125
2023-05-30 00:00:00+00:00,11588914.291706935,11588914.291706935,0.0,0.0,0.0,0.0,0,-0.15563337657947587,True,False,6228,125
2023-05-31 00:00:00+00:00,11588914.291706935,11588914.291706935,0.0,0.0,0.0,0.0,0,-0.15563337657947587,True,False,6228,125
2023-06-01 00:00:00+00:00,11588914.291706935,11588914.291706935,0.0,0.0,0.0,0.0,0,-0.15563337657947587,True,False,6228,125
2023-06-02 00:00:00+00:00,11588914.291706935,11588914.291706935,0.0,0.0,0.0,0.0,0,-0.15563337657947587,True,False,6228,125
2023-06-05 00:00:00+00:00,11588914.291706935,11588914.291706935,0.0,0.0,0.0,0.0,0,-0.15563337657947587,True,False,6228,125
2023-06-06 00:00:00+00:00,11588914.291706935,11588914.291706935,0.0,0.0,0.0,0.0,0,-0.15563337657947587,True,False,6228,125
2023-06-07 00:00:00+00:00,11588914.291706935,11588914.291706935,0.0,0.0,0.0,0.0,0,-0.15563337657947587,True,False,6228,125
2023-06-08 00:00:00+00:00,11588914.291706935,11588914.291706935,0.0,0.0,0.0,0.0,0,-0.15563337657947587,True,False,6228,125
2023-06-09 00:00:00+00:00,11588914.291706935,11588914.291706935,0.0,0.0,0.0,0.0,0,-0.15563337657947587,True,False,6228,125
2023-06-12 00:00:00+00:00,11588914.291706935,11588914.291706935,0.0,0.0,0.0,0.0,0,-0.15563337657947587,True,False,6228,125
2023-06-13 00:00:00+00:00,11588914.291706935,11588914.291706935,0.0,0.0,0.0,0.0,0,-0.15563337657947587,True,False,6228,125
2023-06-14 00:00:00+00:00,11588914.291706935,11588914.291706935,0.0,0.0,0.0,0.0,0,-0.15563337657947587,True,False,6228,125
2023-06-15 00:00:00+00:00,11588914.291706935,11588914.291706935,0.0,0.0,0.0,0.0,0,-0.15563337657947587,True,False,6228,125
2023-06-16 00:00:00+00:00,11588914.291706935,11588914.291706935,0.0,0.0,0.0,0.0,0,-0.15563337657947587,True,False,6228,125
2023-06-19 00:00:00+00:00,11588914.291706935,11588914.291706935,0.0,0.0,0.0,0.0,0,-0.15563337657947587,True,False,6228,125
2023-06-20 00:00:00+00:00,11588914.291706935,11588914.291706935,0.0,0.0,0.0,0.0,0,-0.15563337657947587,True,False,6228,125
2023-06-21 00:00:00+00:00,11588914.291706935,11588914.291706935,0.0,0.0,0.0,0.0,0,-0.15563337657947587,True,False,6228,125
2023-06-22 00:00:00+00:00,11588914.291706935,11588914.291706935,0.0,0.0,0.0,0.0,0,-0.15563337657947587,True,False,6245,125
2023-06-23 00:00:00+00:00,11588914.291706935,11588914.291706935,0.0,0.0,0.0,0.0,0,-0.15563337657947587,True,False,6245,125
2023-06-26 00:00:00+00:00,11588914.291706935,11588914.291706935,0.0,0.0,0.0,0.0,0,-0.15563337657947587,True,False,6245,125
2023-06-27 00:00:00+00:00,11588914.291706935,11588914.291706935,0.0,0.0,0.0,0.0,0,-0.15563337657947587,True,False,6245,125
2023-06-28 00:00:00+00:00,11588914.291706935,11588914.291706935,0.0,0.0,0.0,0.0,0,-0.15563337657947587,True,False,6245,125
2023-06-29 00:00:00+00:00,11588914.291706935,11588914.291706935,0.0,0.0,0.0,0.0,0,-0.15563337657947587,True,False,6245,125
2023-06-30 00:00:00+00:00,11588914.291706935,11588914.291706935,0.0,0.0,0.0,0.0,0,-0.15563337657947587,True,False,6245,125
2023-07-03 00:00:00+00:00,11588914.291706935,11588914.291706935,0.0,0.0,0.0,0.0,0,-0.15563337657947587,True,False,6245,125
2023-07-04 00:00:00+00:00,11588914.291706935,11588914.291706935,0.0,0.0,0.0,0.0,0,-0.15563337657947587,True,False,6245,125
2023-07-05 00:00:00+00:00,11588914.291706935,11588914.291706935,0.0,0.0,0.0,0.0,0,-0.15563337657947587,True,False,6246,125
2023-07-06 00:00:00+00:00,11588914.291706935,11588914.291706935,0.0,0.0,0.0,0.0,0,-0.15563337657947587,True,False,6246,125
2023-07-07 00:00:00+00:00,11588914.291706935,11588914.291706935,0.0,0.0,0.0,0.0,0,-0.15563337657947587,True,False,6246,125
2023-07-10 00:00:00+00:00,11588914.291706935,11588914.291706935,0.0,0.0,0.0,0.0,0,-0.15563337657947587,True,False,6246,125
2023-07-11 00:00:00+00:00,11588914.291706935,11588914.291706935,0.0,0.0,0.0,0.0,0,-0.15563337657947587,True,False,6246,125
2023-07-12 00:00:00+00:00,11588914.291706935,11588914.291706935,0.0,0.0,0.0,0.0,0,-0.15563337657947587,True,False,6246,125
2023-07-13 00:00:00+00:00,11588914.291706935,11588914.291706935,0.0,0.0,0.0,0.0,0,-0.15563337657947587,True,False,6246,125
2023-07-14 00:00:00+00:00,11588914.291706935,11588914.291706935,0.0,0.0,0.0,0.0,0,-0.15563337657947587,True,False,6246,125
2023-07-17 00:00:00+00:00,11588914.291706935,11588914.291706935,0.0,0.0,0.0,0.0,0,-0.15563337657947587,True,False,6246,125
2023-07-18 00:00:00+00:00,11588914.291706935,11588914.291706935,0.0,0.0,0.0,0.0,0,-0.15563337657947587,True,False,6246,125
2023-07-19 00:00:00+00:00,11588914.291706935,11588914.291706935,0.0,0.0,0.0,0.0,0,-0.15563337657947587,True,False,6246,125
2023-07-20 00:00:00+00:00,11588914.291706935,11588914.291706935,0.0,0.0,0.0,0.0,0,-0.15563337657947587,True,False,6246,125
2023-07-21 00:00:00+00:00,11588914.291706935,11588914.291706935,0.0,0.0,0.0,0.0,0,-0.15563337657947587,True,False,6263,125
2023-07-24 00:00:00+00:00,11588914.291706935,11588914.291706935,0.0,0.0,0.0,0.0,0,-0.15563337657947587,True,False,6263,125
2023-07-25 00:00:00+00:00,11588914.291706935,11588914.291706935,0.0,0.0,0.0,0.0,0,-0.15563337657947587,True,False,6263,125
2023-07-26 00:00:00+00:00,11588914.291706935,11588914.291706935,0.0,0.0,0.0,0.0,0,-0.15563337657947587,True,False,6263,125
2023-07-27 00:00:00+00:00,11588914.291706935,11588914.291706935,0.0,0.0,0.0,0.0,0,-0.15563337657947587,True,False,6263,125
2023-07-28 00:00:00+00:00,11588914.291706935,11588914.291706935,0.0,0.0,0.0,0.0,0,-0.15563337657947587,True,False,6263,125
2023-07-31 00:00:00+00:00,11588914.291706935,11588914.291706935,0.0,0.0,0.0,0.0,0,-0.15563337657947587,True,False,6263,125
2023-08-01 00:00:00+00:00,11588914.291706935,11588914.291706935,0.0,0.0,0.0,0.0,0,-0.15563337657947587,True,False,6263,125
2023-08-02 00:00:00+00:00,11588914.291706935,11588914.291706935,0.0,0.0,0.0,0.0,0,-0.15563337657947587,True,False,6263,125
2023-08-03 00:00:00+00:00,11588914.291706935,11588914.291706935,0.0,0.0,0.0,0.0,0,-0.15563337657947587,True,False,6264,125
2023-08-04 00:00:00+00:00,11588914.291706935,11588914.291706935,0.0,0.0,0.0,0.0,0,-0.15563337657947587,True,False,6265,125
2023-08-07 00:00:00+00:00,11588914.291706935,11588914.291706935,0.0,0.0,0.0,0.0,0,-0.15563337657947587,True,False,6266,125
2023-08-08 00:00:00+00:00,11588914.291706935,11588914.291706935,0.0,0.0,0.0,0.0,0,-0.15563337657947587,True,False,6267,125
2023-08-09 00:00:00+00:00,11588914.291706935,11588914.291706935,0.0,0.0,0.0,0.0,0,-0.15563337657947587,True,False,6267,125
2023-08-10 00:00:00+00:00,11588914.291706935,11588914.291706935,0.0,0.0,0.0,0.0,0,-0.15563337657947587,True,False,6267,125
2023-08-11 00:00:00+00:00,11588914.291706935,11588914.291706935,0.0,0.0,0.0,0.0,0,-0.15563337657947587,True,False,6269,125
2023-08-14 00:00:00+00:00,11588914.291706935,11588914.291706935,0.0,0.0,0.0,0.0,0,-0.15563337657947587,True,False,6269,125
2023-08-15 00:00:00+00:00,11588914.291706935,11588914.291706935,0.0,0.0,0.0,0.0,0,-0.15563337657947587,True,False,6270,125
2023-08-16 00:00:00+00:00,11588914.291706935,11588914.291706935,0.0,0.0,0.0,0.0,0,-0.15563337657947587,True,False,6271,125
2023-08-17 00:00:00+00:00,11588914.291706935,11588914.291706935,0.0,0.0,0.0,0.0,0,-0.15563337657947587,True,False,6272,125
2023-08-18 00:00:00+00:00,11588914.291706935,11588914.291706935,0.0,0.0,0.0,0.0,0,-0.15563337657947587,True,False,6272,125
2023-08-21 00:00:00+00:00,11588914.291706935,11588914.291706935,0.0,0.0,0.0,0.0,0,-0.15563337657947587,True,False,6289,125
2023-08-22 00:00:00+00:00,11588914.291706935,11588914.291706935,0.0,0.0,0.0,0.0,0,-0.15563337657947587,True,False,6289,125
2023-08-23 00:00:00+00:00,11588914.291706935,11588914.291706935,0.0,0.0,0.0,0.0,0,-0.15563337657947587,True,False,6289,125
2023-08-24 00:00:00+00:00,11588914.291706935,11588914.291706935,0.0,0.0,0.0,0.0,0,-0.15563337657947587,True,False,6289,125
2023-08-25 00:00:00+00:00,11588914.291706935,11588914.291706935,0.0,0.0,0.0,0.0,0,-0.15563337657947587,True,False,6289,125
2023-08-28 00:00:00+00:00,11588914.291706935,11588914.291706935,0.0,0.0,0.0,0.0,0,-0.15563337657947587,True,False,6289,125
2023-08-29 00:00:00+00:00,11588914.291706935,11588914.291706935,0.0,0.0,0.0,0.0,0,-0.15563337657947587,True,False,6289,125
2023-08-30 00:00:00+00:00,11588914.291706935,11588914.291706935,0.0,0.0,0.0,0.0,0,-0.15563337657947587,True,False,6289,125
2023-08-31 00:00:00+00:00,11588914.291706935,11588914.291706935,0.0,0.0,0.0,0.0,0,-0.15563337657947587,True,False,6291,125
2023-09-01 00:00:00+00:00,11588914.291706935,11588914.291706935,0.0,0.0,0.0,0.0,0,-0.15563337657947587,True,False,6292,125
2023-09-04 00:00:00+00:00,11588914.291706935,11588914.291706935,0.0,0.0,0.0,0.0,0,-0.15563337657947587,True,False,6292,125
2023-09-05 00:00:00+00:00,11588914.291706935,11588914.291706935,0.0,0.0,0.0,0.0,0,-0.15563337657947587,True,False,6292,125
2023-09-06 00:00:00+00:00,11588914.291706935,11588914.291706935,0.0,0.0,0.0,0.0,0,-0.15563337657947587,True,False,6292,125
2023-09-07 00:00:00+00:00,11588914.291706935,11588914.291706935,0.0,0.0,0.0,0.0,0,-0.15563337657947587,True,False,6292,125
2023-09-08 00:00:00+00:00,11588914.291706935,11588914.291706935,0.0,0.0,0.0,0.0,0,-0.15563337657947587,True,False,6292,125
2023-09-11 00:00:00+00:00,11588914.291706935,11588914.291706935,0.0,0.0,0.0,0.0,0,-0.15563337657947587,True,False,6292,125
2023-09-12 00:00:00+00:00,11588914.291706935,11588914.291706935,0.0,0.0,0.0,0.0,0,-0.15563337657947587,True,False,6292,125
2023-09-13 00:00:00+00:00,11588914.291706935,11588914.291706935,0.0,0.0,0.0,0.0,0,-0.15563337657947587,True,False,6292,125
2023-09-14 00:00:00+00:00,11588914.291706935,11588914.291706935,0.0,0.0,0.0,0.0,0,-0.15563337657947587,True,False,6292,125
2023-09-15 00:00:00+00:00,11588914.291706935,11588914.291706935,0.0,0.0,0.0,0.0,0,-0.15563337657947587,True,False,6292,125
2023-09-18 00:00:00+00:00,11588914.291706935,11588914.291706935,0.0,0.0,0.0,0.0,0,-0.15563337657947587,True,False,6292,125
2023-09-19 00:00:00+00:00,11588914.291706935,11588914.291706935,0.0,0.0,0.0,0.0,0,-0.15563337657947587,True,False,6292,125
2023-09-20 00:00:00+00:00,11588914.291706935,11588914.291706935,0.0,0.0,0.0,0.0,0,-0.15563337657947587,True,False,6292,125
2023-09-21 00:00:00+00:00,11588914.291706935,11588914.291706935,0.0,0.0,0.0,0.0,0,-0.15563337657947587,True,False,6293,125
2023-09-22 00:00:00+00:00,11588914.291706935,11588914.291706935,0.0,0.0,0.0,0.0,0,-0.15563337657947587,True,False,6294,125
2023-09-25 00:00:00+00:00,11588914.291706935,11588914.291706935,0.0,0.0,0.0,0.0,0,-0.15563337657947587,True,False,6295,125
2023-09-26 00:00:00+00:00,11588914.291706935,11588914.291706935,0.0,0.0,0.0,0.0,0,-0.15563337657947587,True,False,6296,125
2023-09-27 00:00:00+00:00,11588914.291706935,11588914.291706935,0.0,0.0,0.0,0.0,0,-0.15563337657947587,True,False,6297,125
2023-09-28 00:00:00+00:00,11588914.291706935,11588914.291706935,0.0,0.0,0.0,0.0,0,-0.15563337657947587,True,False,6297,125
2023-09-29 00:00:00+00:00,11588914.291706935,11588914.291706935,0.0,0.0,0.0,0.0,0,-0.15563337657947587,True,False,6297,125
2023-10-02 00:00:00+00:00,11588914.291706935,11588914.291706935,0.0,0.0,0.0,0.0,0,-0.15563337657947587,True,False,6298,125
2023-10-03 00:00:00+00:00,11588914.291706935,11588914.291706935,0.0,0.0,0.0,0.0,0,-0.15563337657947587,True,False,6298,125
2023-10-04 00:00:00+00:00,11588914.291706935,11588914.291706935,0.0,0.0,0.0,0.0,0,-0.15563337657947587,True,False,6298,125
2023-10-05 00:00:00+00:00,11588914.291706935,11588914.291706935,0.0,0.0,0.0,0.0,0,-0.15563337657947587,True,False,6298,125
2023-10-06 00:00:00+00:00,11588914.291706935,11588914.291706935,0.0,0.0,0.0,0.0,0,-0.15563337657947587,True,False,6298,125
2023-10-09 00:00:00+00:00,11588914.291706935,11588914.291706935,0.0,0.0,0.0,0.0,0,-0.15563337657947587,True,False,6299,125
2023-10-10 00:00:00+00:00,11588914.291706935,11588914.291706935,0.0,0.0,0.0,0.0,0,-0.15563337657947587,True,False,6299,125
2023-10-11 00:00:00+00:00,11588914.291706935,11588914.291706935,0.0,0.0,0.0,0.0,0,-0.15563337657947587,True,False,6299,125
2023-10-12 00:00:00+00:00,11588914.291706935,11588914.291706935,0.0,0.0,0.0,0.0,0,-0.15563337657947587,True,False,6299,125
2023-10-13 00:00:00+00:00,11588914.291706935,11588914.291706935,0.0,0.0,0.0,0.0,0,-0.15563337657947587,True,False,6299,125
2023-10-16 00:00:00+00:00,11588914.291706935,11588914.291706935,0.0,0.0,0.0,0.0,0,-0.15563337657947587,True,False,6300,125
2023-10-17 00:00:00+00:00,11588914.291706935,11588914.291706935,0.0,0.0,0.0,0.0,0,-0.15563337657947587,True,False,6301,125
2023-10-18 00:00:00+00:00,11588914.291706935,11588914.291706935,0.0,0.0,0.0,0.0,0,-0.15563337657947587,True,False,6318,125
2023-10-19 00:00:00+00:00,11588914.291706935,11588914.291706935,0.0,0.0,0.0,0.0,0,-0.15563337657947587,True,False,6320,125
2023-10-20 00:00:00+00:00,11588914.291706935,11588914.291706935,0.0,0.0,0.0,0.0,0,-0.15563337657947587,True,False,6321,125
2023-10-23 00:00:00+00:00,11588914.291706935,11588914.291706935,0.0,0.0,0.0,0.0,0,-0.15563337657947587,True,False,6333,125
2023-10-24 00:00:00+00:00,11588914.291706935,11588914.291706935,0.0,0.0,0.0,0.0,0,-0.15563337657947587,True,False,6333,125
2023-10-25 00:00:00+00:00,11588914.291706935,11588914.291706935,0.0,0.0,0.0,0.0,0,-0.15563337657947587,True,False,6336,125
2023-10-26 00:00:00+00:00,11588914.291706935,11588914.291706935,0.0,0.0,0.0,0.0,0,-0.15563337657947587,True,False,6343,125
2023-10-27 00:00:00+00:00,11588914.291706935,11588914.291706935,0.0,0.0,0.0,0.0,0,-0.15563337657947587,True,False,6343,125
2023-10-30 00:00:00+00:00,11588914.291706935,11588914.291706935,0.0,0.0,0.0,0.0,0,-0.15563337657947587,True,False,6343,125
2023-10-31 00:00:00+00:00,11588914.291706935,11588914.291706935,0.0,0.0,0.0,0.0,0,-0.15563337657947587,True,False,6345,125
2023-11-01 00:00:00+00:00,11588914.291706935,11588914.291706935,0.0,0.0,0.0,0.0,0,-0.15563337657947587,True,False,6345,125
2023-11-02 00:00:00+00:00,11588914.291706935,11588914.291706935,0.0,0.0,0.0,0.0,0,-0.15563337657947587,True,False,6345,125
2023-11-03 00:00:00+00:00,11588914.291706935,11588914.291706935,0.0,0.0,0.0,0.0,0,-0.15563337657947587,True,False,6345,125
2023-11-06 00:00:00+00:00,11588914.291706935,11588914.291706935,0.0,0.0,0.0,0.0,0,-0.15563337657947587,True,False,6345,125
2023-11-07 00:00:00+00:00,11588914.291706935,11588914.291706935,0.0,0.0,0.0,0.0,0,-0.15563337657947587,True,False,6345,125
2023-11-08 00:00:00+00:00,11588914.291706935,11588914.291706935,0.0,0.0,0.0,0.0,0,-0.15563337657947587,True,False,6345,125
2023-11-09 00:00:00+00:00,11588914.291706935,11588914.291706935,0.0,0.0,0.0,0.0,0,-0.15563337657947587,True,False,6345,125
2023-11-10 00:00:00+00:00,11588914.291706935,11588914.291706935,0.0,0.0,0.0,0.0,0,-0.15563337657947587,True,False,6345,125
2023-11-13 00:00:00+00:00,11588914.291706935,11588914.291706935,0.0,0.0,0.0,0.0,0,-0.15563337657947587,True,False,6345,125
2023-11-14 00:00:00+00:00,11588914.291706935,11588914.291706935,0.0,0.0,0.0,0.0,0,-0.15563337657947587,True,False,6345,125
2023-11-15 00:00:00+00:00,11588914.291706935,11588914.291706935,0.0,0.0,0.0,0.0,0,-0.15563337657947587,True,False,6345,125
2023-11-16 00:00:00+00:00,11588914.291706935,11588914.291706935,0.0,0.0,0.0,0.0,0,-0.15563337657947587,True,False,6362,125
2023-11-17 00:00:00+00:00,11588914.291706935,11588914.291706935,0.0,0.0,0.0,0.0,0,-0.15563337657947587,True,False,6362,125
2023-11-20 00:00:00+00:00,11588914.291706935,11588914.291706935,0.0,0.0,0.0,0.0,0,-0.15563337657947587,True,False,6363,125
2023-11-21 00:00:00+00:00,11588914.291706935,11588914.291706935,0.0,0.0,0.0,0.0,0,-0.15563337657947587,True,False,6363,125
2023-11-22 00:00:00+00:00,11588914.291706935,11588914.291706935,0.0,0.0,0.0,0.0,0,-0.15563337657947587,True,False,6363,125
2023-11-23 00:00:00+00:00,11588914.291706935,11588914.291706935,0.0,0.0,0.0,0.0,0,-0.15563337657947587,True,False,6363,125
2023-11-24 00:00:00+00:00,11588914.291706935,11588914.291706935,0.0,0.0,0.0,0.0,0,-0.15563337657947587,True,False,6363,125
2023-11-27 00:00:00+00:00,11588914.291706935,11588914.291706935,0.0,0.0,0.0,0.0,0,-0.15563337657947587,True,False,6363,125
2023-11-28 00:00:00+00:00,11588914.291706935,11588914.291706935,0.0,0.0,0.0,0.0,0,-0.15563337657947587,True,False,6363,125
2023-11-29 00:00:00+00:00,11588914.291706935,11588914.291706935,0.0,0.0,0.0,0.0,0,-0.15563337657947587,True,False,6363,125
2023-11-30 00:00:00+00:00,11588914.291706935,11588914.291706935,0.0,0.0,0.0,0.0,0,-0.15563337657947587,True,False,6363,125
2023-12-01 00:00:00+00:00,11588914.291706935,11588914.291706935,0.0,0.0,0.0,0.0,0,-0.15563337657947587,True,False,6363,125
2023-12-04 00:00:00+00:00,11588914.291706935,11588914.291706935,0.0,0.0,0.0,0.0,0,-0.15563337657947587,True,False,6363,125
2023-12-05 00:00:00+00:00,11588914.291706935,11588914.291706935,0.0,0.0,0.0,0.0,0,-0.15563337657947587,True,False,6363,125
2023-12-06 00:00:00+00:00,11588914.291706935,11588914.291706935,0.0,0.0,0.0,0.0,0,-0.15563337657947587,True,False,6364,125
2023-12-07 00:00:00+00:00,11588914.291706935,11588914.291706935,0.0,0.0,0.0,0.0,0,-0.15563337657947587,True,False,6364,125
2023-12-08 00:00:00+00:00,11588914.291706935,11588914.291706935,0.0,0.0,0.0,0.0,0,-0.15563337657947587,True,False,6364,125
2023-12-11 00:00:00+00:00,11588914.291706935,11588914.291706935,0.0,0.0,0.0,0.0,0,-0.15563337657947587,True,False,6364,125
2023-12-12 00:00:00+00:00,11588914.291706935,11588914.291706935,0.0,0.0,0.0,0.0,0,-0.15563337657947587,True,False,6365,125
2023-12-13 00:00:00+00:00,11588914.291706935,11588914.291706935,0.0,0.0,0.0,0.0,0,-0.15563337657947587,True,False,6365,125
2023-12-14 00:00:00+00:00,11588914.291706935,11588914.291706935,0.0,0.0,0.0,0.0,0,-0.15563337657947587,True,False,6365,125
2023-12-15 00:00:00+00:00,11588914.291706935,11588914.291706935,0.0,0.0,0.0,0.0,0,-0.15563337657947587,True,False,6382,125
2023-12-18 00:00:00+00:00,11588914.291706935,11588914.291706935,0.0,0.0,0.0,0.0,0,-0.15563337657947587,True,False,6382,125
2023-12-19 00:00:00+00:00,11588914.291706935,11588914.291706935,0.0,0.0,0.0,0.0,0,-0.15563337657947587,True,False,6382,125
2023-12-20 00:00:00+00:00,11588914.291706935,11588914.291706935,0.0,0.0,0.0,0.0,0,-0.15563337657947587,True,False,6383,125
2023-12-21 00:00:00+00:00,11588914.291706935,11588914.291706935,0.0,0.0,0.0,0.0,0,-0.15563337657947587,True,False,6383,125
2023-12-22 00:00:00+00:00,11588914.291706935,11588914.291706935,0.0,0.0,0.0,0.0,0,-0.15563337657947587,True,False,6383,125
2023-12-26 00:00:00+00:00,11588914.291706935,11588914.291706935,0.0,0.0,0.0,0.0,0,-0.15563337657947587,True,False,6383,125
2023-12-27 00:00:00+00:00,11588914.291706935,11588914.291706935,0.0,0.0,0.0,0.0,0,-0.15563337657947587,True,False,6383,125
2023-12-28 00:00:00+00:00,11588914.291706935,11588914.291706935,0.0,0.0,0.0,0.0,0,-0.15563337657947587,True,False,6383,125
2023-12-29 00:00:00+00:00,11588914.291706935,11588914.291706935,0.0,0.0,0.0,0.0,0,-0.15563337657947587,True,False,6383,125
2024-01-01 00:00:00+00:00,11588914.291706935,11588914.291706935,0.0,0.0,0.0,0.0,0,-0.15563337657947587,True,False,6383,125
2024-01-02 00:00:00+00:00,11588914.291706935,11588914.291706935,0.0,0.0,0.0,0.0,0,-0.15563337657947587,True,False,6383,125
2024-01-03 00:00:00+00:00,11588914.291706935,11588914.291706935,0.0,0.0,0.0,0.0,0,-0.15563337657947587,True,False,6383,125
2024-01-04 00:00:00+00:00,11588914.291706935,11588914.291706935,0.0,0.0,0.0,0.0,0,-0.15563337657947587,True,False,6383,125
2024-01-05 00:00:00+00:00,11588914.291706935,11588914.291706935,0.0,0.0,0.0,0.0,0,-0.15563337657947587,True,False,6383,125
2024-01-08 00:00:00+00:00,11588914.291706935,11588914.291706935,0.0,0.0,0.0,0.0,0,-0.15563337657947587,True,False,6383,125
2024-01-09 00:00:00+00:00,11588914.291706935,11588914.291706935,0.0,0.0,0.0,0.0,0,-0.15563337657947587,True,False,6384,125
2024-01-10 00:00:00+00:00,11588914.291706935,11588914.291706935,0.0,0.0,0.0,0.0,0,-0.15563337657947587,True,False,6384,125
2024-01-11 00:00:00+00:00,11588914.291706935,11588914.291706935,0.0,0.0,0.0,0.0,0,-0.15563337657947587,True,False,6384,125
2024-01-12 00:00:00+00:00,11588914.291706935,11588914.291706935,0.0,0.0,0.0,0.0,0,-0.15563337657947587,True,False,6385,125
2024-01-15 00:00:00+00:00,11588914.291706935,11588914.291706935,0.0,0.0,0.0,0.0,0,-0.15563337657947587,True,False,6386,125
2024-01-16 00:00:00+00:00,11588914.291706935,11588914.291706935,0.0,0.0,0.0,0.0,0,-0.15563337657947587,True,False,6403,125
2024-01-17 00:00:00+00:00,11588914.291706935,11588914.291706935,0.0,0.0,0.0,0.0,0,-0.15563337657947587,True,False,6405,125
2024-01-18 00:00:00+00:00,11588914.291706935,11588914.291706935,0.0,0.0,0.0,0.0,0,-0.15563337657947587,True,False,6405,125
2024-01-19 00:00:00+00:00,11588914.291706935,11588914.291706935,0.0,0.0,0.0,0.0,0,-0.15563337657947587,True,False,6406,125
2024-01-22 00:00:00+00:00,11588914.291706935,11588914.291706935,0.0,0.0,0.0,0.0,0,-0.15563337657947587,True,False,6406,125
2024-01-23 00:00:00+00:00,11588914.291706935,11588914.291706935,0.0,0.0,0.0,0.0,0,-0.15563337657947587,True,False,6409,125
2024-01-24 00:00:00+00:00,11588914.291706935,11588914.291706935,0.0,0.0,0.0,0.0,0,-0.15563337657947587,True,False,6409,125
2024-01-25 00:00:00+00:00,11588914.291706935,11588914.291706935,0.0,0.0,0.0,0.0,0,-0.15563337657947587,True,False,6409,125
2024-01-26 00:00:00+00:00,11588914.291706935,11588914.291706935,0.0,0.0,0.0,0.0,0,-0.15563337657947587,True,False,6409,125
2024-01-29 00:00:00+00:00,11588914.291706935,11588914.291706935,0.0,0.0,0.0,0.0,0,-0.15563337657947587,True,False,6409,125
2024-01-30 00:00:00+00:00,11588914.291706935,11588914.291706935,0.0,0.0,0.0,0.0,0,-0.15563337657947587,True,False,6409,125
2024-01-31 00:00:00+00:00,11588914.291706935,11588914.291706935,0.0,0.0,0.0,0.0,0,-0.15563337657947587,True,False,6409,125
2024-02-01 00:00:00+00:00,11588914.291706935,11588914.291706935,0.0,0.0,0.0,0.0,0,-0.15563337657947587,True,False,6409,125
2024-02-02 00:00:00+00:00,11588914.291706935,11588914.291706935,0.0,0.0,0.0,0.0,0,-0.15563337657947587,True,False,6409,125
2024-02-05 00:00:00+00:00,11588914.291706935,11588914.291706935,0.0,0.0,0.0,0.0,0,-0.15563337657947587,True,False,6409,125
2024-02-06 00:00:00+00:00,11588914.291706935,11588914.291706935,0.0,0.0,0.0,0.0,0,-0.15563337657947587,True,False,6409,125
2024-02-07 00:00:00+00:00,11588914.291706935,11588914.291706935,0.0,0.0,0.0,0.0,0,-0.15563337657947587,True,False,6410,125
2024-02-08 00:00:00+00:00,11588914.291706935,11588914.291706935,0.0,0.0,0.0,0.0,0,-0.15563337657947587,True,False,6414,125
2024-02-09 00:00:00+00:00,11588914.291706935,11588914.291706935,0.0,0.0,0.0,0.0,0,-0.15563337657947587,True,False,6414,125
2024-02-12 00:00:00+00:00,11588914.291706935,11588914.291706935,0.0,0.0,0.0,0.0,0,-0.15563337657947587,True,False,6414,125
2024-02-13 00:00:00+00:00,11588914.291706935,11588914.291706935,0.0,0.0,0.0,0.0,0,-0.15563337657947587,True,False,6415,125
2024-02-14 00:00:00+00:00,11588914.291706935,11588914.291706935,0.0,0.0,0.0,0.0,0,-0.15563337657947587,True,False,6432,125
2024-02-15 00:00:00+00:00,11588914.291706935,11588914.291706935,0.0,0.0,0.0,0.0,0,-0.15563337657947587,True,False,6432,125
2024-02-16 00:00:00+00:00,11588914.291706935,11588914.291706935,0.0,0.0,0.0,0.0,0,-0.15563337657947587,True,False,6432,125
2024-02-19 00:00:00+00:00,11588914.291706935,11588914.291706935,0.0,0.0,0.0,0.0,0,-0.15563337657947587,True,False,6432,125
2024-02-20 00:00:00+00:00,11588914.291706935,11588914.291706935,0.0,0.0,0.0,0.0,0,-0.15563337657947587,True,False,6432,125
2024-02-21 00:00:00+00:00,11588914.291706935,11588914.291706935,0.0,0.0,0.0,0.0,0,-0.15563337657947587,True,False,6432,125
2024-02-22 00:00:00+00:00,11588914.291706935,11588914.291706935,0.0,0.0,0.0,0.0,0,-0.15563337657947587,True,False,6432,125
2024-02-23 00:00:00+00:00,11588914.291706935,11588914.291706935,0.0,0.0,0.0,0.0,0,-0.15563337657947587,True,False,6433,125
2024-02-26 00:00:00+00:00,11588914.291706935,11588914.291706935,0.0,0.0,0.0,0.0,0,-0.15563337657947587,True,False,6433,125
2024-02-27 00:00:00+00:00,11588914.291706935,11588914.291706935,0.0,0.0,0.0,0.0,0,-0.15563337657947587,True,False,6433,125
2024-02-28 00:00:00+00:00,11588914.291706935,11588914.291706935,0.0,0.0,0.0,0.0,0,-0.15563337657947587,True,False,6434,125
2024-02-29 00:00:00+00:00,11588914.291706935,11588914.291706935,0.0,0.0,0.0,0.0,0,-0.15563337657947587,True,False,6434,125
2024-03-01 00:00:00+00:00,11588914.291706935,11588914.291706935,0.0,0.0,0.0,0.0,0,-0.15563337657947587,True,False,6434,125
2024-03-04 00:00:00+00:00,11588914.291706935,11588914.291706935,0.0,0.0,0.0,0.0,0,-0.15563337657947587,True,False,6434,125
2024-03-05 00:00:00+00:00,11588914.291706935,11588914.291706935,0.0,0.0,0.0,0.0,0,-0.15563337657947587,True,False,6434,125
2024-03-06 00:00:00+00:00,11588914.291706935,11588914.291706935,0.0,0.0,0.0,0.0,0,-0.15563337657947587,True,False,6435,125
2024-03-07 00:00:00+00:00,11588914.291706935,11588914.291706935,0.0,0.0,0.0,0.0,0,-0.15563337657947587,True,False,6435,125
2024-03-08 00:00:00+00:00,11588914.291706935,11588914.291706935,0.0,0.0,0.0,0.0,0,-0.15563337657947587,True,False,6435,125
2024-03-11 00:00:00+00:00,11588914.291706935,11588914.291706935,0.0,0.0,0.0,0.0,0,-0.15563337657947587,True,False,6436,125
2024-03-12 00:00:00+00:00,11588914.291706935,11588914.291706935,0.0,0.0,0.0,0.0,0,-0.15563337657947587,True,False,6436,125
2024-03-13 00:00:00+00:00,11588914.291706935,11588914.291706935,0.0,0.0,0.0,0.0,0,-0.15563337657947587,True,False,6436,125
2024-03-14 00:00:00+00:00,11588914.291706935,11588914.291706935,0.0,0.0,0.0,0.0,0,-0.15563337657947587,True,False,6453,125
2024-03-15 00:00:00+00:00,11588914.291706935,11588914.291706935,0.0,0.0,0.0,0.0,0,-0.15563337657947587,True,False,6453,125
2024-03-18 00:00:00+00:00,11588914.291706935,11588914.291706935,0.0,0.0,0.0,0.0,0,-0.15563337657947587,True,False,6453,125
2024-03-19 00:00:00+00:00,11588914.291706935,11588914.291706935,0.0,0.0,0.0,0.0,0,-0.15563337657947587,True,False,6453,125
2024-03-20 00:00:00+00:00,11588914.291706935,11588914.291706935,0.0,0.0,0.0,0.0,0,-0.15563337657947587,True,False,6453,125
2024-03-21 00:00:00+00:00,11588914.291706935,11588914.291706935,0.0,0.0,0.0,0.0,0,-0.15563337657947587,True,False,6453,125
2024-03-22 00:00:00+00:00,11588914.291706935,11588914.291706935,0.0,0.0,0.0,0.0,0,-0.15563337657947587,True,False,6456,125
2024-03-25 00:00:00+00:00,11588914.291706935,11588914.291706935,0.0,0.0,0.0,0.0,0,-0.15563337657947587,True,False,6456,125
2024-03-26 00:00:00+00:00,11588914.291706935,11588914.291706935,0.0,0.0,0.0,0.0,0,-0.15563337657947587,True,False,6456,125
2024-03-27 00:00:00+00:00,11588914.291706935,11588914.291706935,0.0,0.0,0.0,0.0,0,-0.15563337657947587,True,False,6456,125
2024-03-28 00:00:00+00:00,11588914.291706935,11588914.291706935,0.0,0.0,0.0,0.0,0,-0.15563337657947587,True,False,6456,125
2024-04-01 00:00:00+00:00,11588914.291706935,11588914.291706935,0.0,0.0,0.0,0.0,0,-0.15563337657947587,True,False,6456,125
2024-04-02 00:00:00+00:00,11588914.291706935,11588914.291706935,0.0,0.0,0.0,0.0,0,-0.15563337657947587,True,False,6456,125
2024-04-03 00:00:00+00:00,11588914.291706935,11588914.291706935,0.0,0.0,0.0,0.0,0,-0.15563337657947587,True,False,6456,125
2024-04-04 00:00:00+00:00,11588914.291706935,11588914.291706935,0.0,0.0,0.0,0.0,0,-0.15563337657947587,True,False,6456,125
2024-04-05 00:00:00+00:00,11588914.291706935,11588914.291706935,0.0,0.0,0.0,0.0,0,-0.15563337657947587,True,False,6456,125
2024-04-08 00:00:00+00:00,11588914.291706935,11588914.291706935,0.0,0.0,0.0,0.0,0,-0.15563337657947587,True,False,6457,125
2024-04-09 00:00:00+00:00,11588914.291706935,11588914.291706935,0.0,0.0,0.0,0.0,0,-0.15563337657947587,True,False,6457,125
2024-04-10 00:00:00+00:00,11588914.291706935,11588914.291706935,0.0,0.0,0.0,0.0,0,-0.15563337657947587,True,False,6457,125
2024-04-11 00:00:00+00:00,11588914.291706935,11588914.291706935,0.0,0.0,0.0,0.0,0,-0.15563337657947587,True,False,6457,125
2024-04-12 00:00:00+00:00,11588914.291706935,11588914.291706935,0.0,0.0,0.0,0.0,0,-0.15563337657947587,True,False,6457,125
2024-04-15 00:00:00+00:00,11588914.291706935,11588914.291706935,0.0,0.0,0.0,0.0,0,-0.15563337657947587,True,False,6475,125
2024-04-16 00:00:00+00:00,11588914.291706935,11588914.291706935,0.0,0.0,0.0,0.0,0,-0.15563337657947587,True,False,6478,125
2024-04-17 00:00:00+00:00,11588914.291706935,11588914.291706935,0.0,0.0,0.0,0.0,0,-0.15563337657947587,True,False,6478,125
2024-04-18 00:00:00+00:00,11588914.291706935,11588914.291706935,0.0,0.0,0.0,0.0,0,-0.15563337657947587,True,False,6479,125
2024-04-19 00:00:00+00:00,11588914.291706935,11588914.291706935,0.0,0.0,0.0,0.0,0,-0.15563337657947587,True,False,6480,125
2024-04-22 00:00:00+00:00,11588914.291706935,11588914.291706935,0.0,0.0,0.0,0.0,0,-0.15563337657947587,True,False,6482,125
2024-04-23 00:00:00+00:00,11588914.291706935,11588914.291706935,0.0,0.0,0.0,0.0,0,-0.15563337657947587,True,False,6482,125
2024-04-24 00:00:00+00:00,11588914.291706935,11588914.291706935,0.0,0.0,0.0,0.0,0,-0.15563337657947587,True,False,6482,125
2024-04-25 00:00:00+00:00,11588914.291706935,11588914.291706935,0.0,0.0,0.0,0.0,0,-0.15563337657947587,True,False,6482,125
2024-04-26 00:00:00+00:00,11588914.291706935,11588914.291706935,0.0,0.0,0.0,0.0,0,-0.15563337657947587,True,False,6483,125
2024-04-29 00:00:00+00:00,11588914.291706935,11588914.291706935,0.0,0.0,0.0,0.0,0,-0.15563337657947587,True,False,6485,125
2024-04-30 00:00:00+00:00,11588914.291706935,11588914.291706935,0.0,0.0,0.0,0.0,0,-0.15563337657947587,True,False,6485,125
2024-05-01 00:00:00+00:00,11588914.291706935,11588914.291706935,0.0,0.0,0.0,0.0,0,-0.15563337657947587,True,False,6485,125
2024-05-02 00:00:00+00:00,11588914.291706935,11588914.291706935,0.0,0.0,0.0,0.0,0,-0.15563337657947587,True,False,6485,125
2024-05-03 00:00:00+00:00,11588914.291706935,11588914.291706935,0.0,0.0,0.0,0.0,0,-0.15563337657947587,True,False,6486,125
2024-05-06 00:00:00+00:00,11588914.291706935,11588914.291706935,0.0,0.0,0.0,0.0,0,-0.15563337657947587,True,False,6487,125
2024-05-07 00:00:00+00:00,11588914.291706935,11588914.291706935,0.0,0.0,0.0,0.0,0,-0.15563337657947587,True,False,6488,125
2024-05-08 00:00:00+00:00,11588914.291706935,11588914.291706935,0.0,0.0,0.0,0.0,0,-0.15563337657947587,True,False,6488,125
2024-05-09 00:00:00+00:00,11588914.291706935,11588914.291706935,0.0,0.0,0.0,0.0,0,-0.15563337657947587,True,False,6491,125
2024-05-10 00:00:00+00:00,11588914.291706935,11588914.291706935,0.0,0.0,0.0,0.0,0,-0.15563337657947587,True,False,6491,125
2024-05-13 00:00:00+00:00,11588914.291706935,11588914.291706935,0.0,0.0,0.0,0.0,0,-0.15563337657947587,True,False,6491,125
2024-05-14 00:00:00+00:00,11588914.291706935,11588914.291706935,0.0,0.0,0.0,0.0,0,-0.15563337657947587,True,False,6508,125
2024-05-15 00:00:00+00:00,11588914.291706935,11588914.291706935,0.0,0.0,0.0,0.0,0,-0.15563337657947587,True,False,6508,125
2024-05-16 00:00:00+00:00,11588914.291706935,11588914.291706935,0.0,0.0,0.0,0.0,0,-0.15563337657947587,True,False,6508,125
2024-05-17 00:00:00+00:00,11588914.291706935,11588914.291706935,0.0,0.0,0.0,0.0,0,-0.15563337657947587,True,False,6508,125
2024-05-20 00:00:00+00:00,11588914.291706935,11588914.291706935,0.0,0.0,0.0,0.0,0,-0.15563337657947587,True,False,6508,125
2024-05-21 00:00:00+00:00,11588914.291706935,11588914.291706935,0.0,0.0,0.0,0.0,0,-0.15563337657947587,True,False,6508,125
2024-05-22 00:00:00+00:00,11588914.291706935,11588914.291706935,0.0,0.0,0.0,0.0,0,-0.15563337657947587,True,False,6508,125
2024-05-23 00:00:00+00:00,11588914.291706935,11588914.291706935,0.0,0.0,0.0,0.0,0,-0.15563337657947587,True,False,6508,125
2024-05-24 00:00:00+00:00,11588914.291706935,11588914.291706935,0.0,0.0,0.0,0.0,0,-0.15563337657947587,True,False,6508,125
2024-05-27 00:00:00+00:00,11588914.291706935,11588914.291706935,0.0,0.0,0.0,0.0,0,-0.15563337657947587,True,False,6508,125
2024-05-28 00:00:00+00:00,11588914.291706935,11588914.291706935,0.0,0.0,0.0,0.0,0,-0.15563337657947587,True,False,6508,125
2024-05-29 00:00:00+00:00,11588914.291706935,11588914.291706935,0.0,0.0,0.0,0.0,0,-0.15563337657947587,True,False,6508,125
2024-05-30 00:00:00+00:00,11588914.291706935,11588914.291706935,0.0,0.0,0.0,0.0,0,-0.15563337657947587,True,False,6509,125
2024-05-31 00:00:00+00:00,11588914.291706935,11588914.291706935,0.0,0.0,0.0,0.0,0,-0.15563337657947587,True,False,6509,125
2024-06-03 00:00:00+00:00,11588914.291706935,11588914.291706935,0.0,0.0,0.0,0.0,0,-0.15563337657947587,True,False,6510,125
2024-06-04 00:00:00+00:00,11588914.291706935,11588914.291706935,0.0,0.0,0.0,0.0,0,-0.15563337657947587,True,False,6510,125
2024-06-05 00:00:00+00:00,11588914.291706935,11588914.291706935,0.0,0.0,0.0,0.0,0,-0.15563337657947587,True,False,6510,125
2024-06-06 00:00:00+00:00,11588914.291706935,11588914.291706935,0.0,0.0,0.0,0.0,0,-0.15563337657947587,True,False,6510,125
2024-06-07 00:00:00+00:00,11588914.291706935,11588914.291706935,0.0,0.0,0.0,0.0,0,-0.15563337657947587,True,False,6510,125
2024-06-10 00:00:00+00:00,11588914.291706935,11588914.291706935,0.0,0.0,0.0,0.0,0,-0.15563337657947587,True,False,6510,125
2024-06-11 00:00:00+00:00,11588914.291706935,11588914.291706935,0.0,0.0,0.0,0.0,0,-0.15563337657947587,True,False,6510,125
2024-06-12 00:00:00+00:00,11588914.291706935,11588914.291706935,0.0,0.0,0.0,0.0,0,-0.15563337657947587,True,False,6527,125
2024-06-13 00:00:00+00:00,11588914.291706935,11588914.291706935,0.0,0.0,0.0,0.0,0,-0.15563337657947587,True,False,6527,125
2024-06-14 00:00:00+00:00,11588914.291706935,11588914.291706935,0.0,0.0,0.0,0.0,0,-0.15563337657947587,True,False,6527,125
2024-06-17 00:00:00+00:00,11588914.291706935,11588914.291706935,0.0,0.0,0.0,0.0,0,-0.15563337657947587,True,False,6527,125
2024-06-18 00:00:00+00:00,11588914.291706935,11588914.291706935,0.0,0.0,0.0,0.0,0,-0.15563337657947587,True,False,6527,125
2024-06-19 00:00:00+00:00,11588914.291706935,11588914.291706935,0.0,0.0,0.0,0.0,0,-0.15563337657947587,True,False,6527,125
2024-06-20 00:00:00+00:00,11588914.291706935,11588914.291706935,0.0,0.0,0.0,0.0,0,-0.15563337657947587,True,False,6527,125
2024-06-21 00:00:00+00:00,11588914.291706935,11588914.291706935,0.0,0.0,0.0,0.0,0,-0.15563337657947587,True,False,6527,125
2024-06-24 00:00:00+00:00,11588914.291706935,11588914.291706935,0.0,0.0,0.0,0.0,0,-0.15563337657947587,True,False,6527,125
2024-06-25 00:00:00+00:00,11588914.291706935,11588914.291706935,0.0,0.0,0.0,0.0,0,-0.15563337657947587,True,False,6527,125
2024-06-26 00:00:00+00:00,11588914.291706935,11588914.291706935,0.0,0.0,0.0,0.0,0,-0.15563337657947587,True,False,6528,125
2024-06-27 00:00:00+00:00,11588914.291706935,11588914.291706935,0.0,0.0,0.0,0.0,0,-0.15563337657947587,True,False,6528,125
2024-06-28 00:00:00+00:00,11588914.291706935,11588914.291706935,0.0,0.0,0.0,0.0,0,-0.15563337657947587,True,False,6528,125
2024-07-01 00:00:00+00:00,11588914.291706935,11588914.291706935,0.0,0.0,0.0,0.0,0,-0.15563337657947587,True,False,6528,125
2024-07-02 00:00:00+00:00,11588914.291706935,11588914.291706935,0.0,0.0,0.0,0.0,0,-0.15563337657947587,True,False,6528,125
2024-07-03 00:00:00+00:00,11588914.291706935,11588914.291706935,0.0,0.0,0.0,0.0,0,-0.15563337657947587,True,False,6528,125
2024-07-04 00:00:00+00:00,11588914.291706935,11588914.291706935,0.0,0.0,0.0,0.0,0,-0.15563337657947587,True,False,6528,125
2024-07-05 00:00:00+00:00,11588914.291706935,11588914.291706935,0.0,0.0,0.0,0.0,0,-0.15563337657947587,True,False,6528,125
2024-07-08 00:00:00+00:00,11588914.291706935,11588914.291706935,0.0,0.0,0.0,0.0,0,-0.15563337657947587,True,False,6528,125
2024-07-09 00:00:00+00:00,11588914.291706935,11588914.291706935,0.0,0.0,0.0,0.0,0,-0.15563337657947587,True,False,6528,125
2024-07-10 00:00:00+00:00,11588914.291706935,11588914.291706935,0.0,0.0,0.0,0.0,0,-0.15563337657947587,True,False,6528,125
2024-07-11 00:00:00+00:00,11588914.291706935,11588914.291706935,0.0,0.0,0.0,0.0,0,-0.15563337657947587,True,False,6545,125
2024-07-12 00:00:00+00:00,11588914.291706935,11588914.291706935,0.0,0.0,0.0,0.0,0,-0.15563337657947587,True,False,6545,125
2024-07-15 00:00:00+00:00,11588914.291706935,11588914.291706935,0.0,0.0,0.0,0.0,0,-0.15563337657947587,True,False,6546,125
2024-07-16 00:00:00+00:00,11588914.291706935,11588914.291706935,0.0,0.0,0.0,0.0,0,-0.15563337657947587,True,False,6546,125
2024-07-17 00:00:00+00:00,11588914.291706935,11588914.291706935,0.0,0.0,0.0,0.0,0,-0.15563337657947587,True,False,6546,125
2024-07-18 00:00:00+00:00,11588914.291706935,11588914.291706935,0.0,0.0,0.0,0.0,0,-0.15563337657947587,True,False,6546,125
2024-07-19 00:00:00+00:00,11588914.291706935,11588914.291706935,0.0,0.0,0.0,0.0,0,-0.15563337657947587,True,False,6549,125
2024-07-22 00:00:00+00:00,11588914.291706935,11588914.291706935,0.0,0.0,0.0,0.0,0,-0.15563337657947587,True,False,6549,125
2024-07-23 00:00:00+00:00,11588914.291706935,11588914.291706935,0.0,0.0,0.0,0.0,0,-0.15563337657947587,True,False,6549,125
2024-07-24 00:00:00+00:00,11588914.291706935,11588914.291706935,0.0,0.0,0.0,0.0,0,-0.15563337657947587,True,False,6551,125
2024-07-25 00:00:00+00:00,11588914.291706935,11588914.291706935,0.0,0.0,0.0,0.0,0,-0.15563337657947587,True,False,6551,125
2024-07-26 00:00:00+00:00,11588914.291706935,11588914.291706935,0.0,0.0,0.0,0.0,0,-0.15563337657947587,True,False,6551,125
2024-07-29 00:00:00+00:00,11588914.291706935,11588914.291706935,0.0,0.0,0.0,0.0,0,-0.15563337657947587,True,False,6553,125
2024-07-30 00:00:00+00:00,11588914.291706935,11588914.291706935,0.0,0.0,0.0,0.0,0,-0.15563337657947587,True,False,6553,125
2024-07-31 00:00:00+00:00,11588914.291706935,11588914.291706935,0.0,0.0,0.0,0.0,0,-0.15563337657947587,True,False,6553,125
2024-08-01 00:00:00+00:00,11588914.291706935,11588914.291706935,0.0,0.0,0.0,0.0,0,-0.15563337657947587,True,False,6553,125
2024-08-02 00:00:00+00:00,11588914.291706935,11588914.291706935,0.0,0.0,0.0,0.0,0,-0.15563337657947587,True,False,6553,125
2024-08-05 00:00:00+00:00,11588914.291706935,11588914.291706935,0.0,0.0,0.0,0.0,0,-0.15563337657947587,True,False,6559,125
2024-08-06 00:00:00+00:00,11588914.291706935,11588914.291706935,0.0,0.0,0.0,0.0,0,-0.15563337657947587,True,False,6559,125
2024-08-07 00:00:00+00:00,11588914.291706935,11588914.291706935,0.0,0.0,0.0,0.0,0,-0.15563337657947587,True,False,6560,125
2024-08-08 00:00:00+00:00,11588914.291706935,11588914.291706935,0.0,0.0,0.0,0.0,0,-0.15563337657947587,True,False,6560,125
2024-08-09 00:00:00+00:00,11588914.291706935,11588914.291706935,0.0,0.0,0.0,0.0,0,-0.15563337657947587,True,False,6577,125
2024-08-12 00:00:00+00:00,11588914.291706935,11588914.291706935,0.0,0.0,0.0,0.0,0,-0.15563337657947587,True,False,6577,125
2024-08-13 00:00:00+00:00,11588914.291706935,11588914.291706935,0.0,0.0,0.0,0.0,0,-0.15563337657947587,True,False,6577,125
2024-08-14 00:00:00+00:00,11588914.291706935,11588914.291706935,0.0,0.0,0.0,0.0,0,-0.15563337657947587,True,False,6577,125
2024-08-15 00:00:00+00:00,11588914.291706935,11588914.291706935,0.0,0.0,0.0,0.0,0,-0.15563337657947587,True,False,6577,125
2024-08-16 00:00:00+00:00,11588914.291706935,11588914.291706935,0.0,0.0,0.0,0.0,0,-0.15563337657947587,True,False,6577,125
2024-08-19 00:00:00+00:00,11588914.291706935,11588914.291706935,0.0,0.0,0.0,0.0,0,-0.15563337657947587,True,False,6577,125
2024-08-20 00:00:00+00:00,11588914.291706935,11588914.291706935,0.0,0.0,0.0,0.0,0,-0.15563337657947587,True,False,6577,125
2024-08-21 00:00:00+00:00,11588914.291706935,11588914.291706935,0.0,0.0,0.0,0.0,0,-0.15563337657947587,True,False,6577,125
2024-08-22 00:00:00+00:00,11588914.291706935,11588914.291706935,0.0,0.0,0.0,0.0,0,-0.15563337657947587,True,False,6577,125
2024-08-23 00:00:00+00:00,11588914.291706935,11588914.291706935,0.0,0.0,0.0,0.0,0,-0.15563337657947587,True,False,6577,125
2024-08-26 00:00:00+00:00,11588914.291706935,11588914.291706935,0.0,0.0,0.0,0.0,0,-0.15563337657947587,True,False,6579,125
2024-08-27 00:00:00+00:00,11588914.291706935,11588914.291706935,0.0,0.0,0.0,0.0,0,-0.15563337657947587,True,False,6579,125
2024-08-28 00:00:00+00:00,11588914.291706935,11588914.291706935,0.0,0.0,0.0,0.0,0,-0.15563337657947587,True,False,6579,125
2024-08-29 00:00:00+00:00,11588914.291706935,11588914.291706935,0.0,0.0,0.0,0.0,0,-0.15563337657947587,True,False,6579,125
2024-08-30 00:00:00+00:00,11588914.291706935,11588914.291706935,0.0,0.0,0.0,0.0,0,-0.15563337657947587,True,False,6580,125
2024-09-02 00:00:00+00:00,11588914.291706935,11588914.291706935,0.0,0.0,0.0,0.0,0,-0.15563337657947587,True,False,6580,125
2024-09-03 00:00:00+00:00,11588914.291706935,11588914.291706935,0.0,0.0,0.0,0.0,0,-0.15563337657947587,True,False,6580,125
2024-09-04 00:00:00+00:00,11588914.291706935,11588914.291706935,0.0,0.0,0.0,0.0,0,-0.15563337657947587,True,False,6580,125
2024-09-05 00:00:00+00:00,11588914.291706935,11588914.291706935,0.0,0.0,0.0,0.0,0,-0.15563337657947587,True,False,6580,125
2024-09-06 00:00:00+00:00,11588914.291706935,11588914.291706935,0.0,0.0,0.0,0.0,0,-0.15563337657947587,True,False,6580,125
2024-09-09 00:00:00+00:00,11588914.291706935,11588914.291706935,0.0,0.0,0.0,0.0,0,-0.15563337657947587,True,False,6597,125
2024-09-10 00:00:00+00:00,11588914.291706935,11588914.291706935,0.0,0.0,0.0,0.0,0,-0.15563337657947587,True,False,6597,125
2024-09-11 00:00:00+00:00,11588914.291706935,11588914.291706935,0.0,0.0,0.0,0.0,0,-0.15563337657947587,True,False,6598,125
2024-09-12 00:00:00+00:00,11588914.291706935,11588914.291706935,0.0,0.0,0.0,0.0,0,-0.15563337657947587,True,False,6598,125
2024-09-13 00:00:00+00:00,11588914.291706935,11588914.291706935,0.0,0.0,0.0,0.0,0,-0.15563337657947587,True,False,6598,125
2024-09-16 00:00:00+00:00,11588914.291706935,11588914.291706935,0.0,0.0,0.0,0.0,0,-0.15563337657947587,True,False,6598,125
2024-09-17 00:00:00+00:00,11588914.291706935,11588914.291706935,0.0,0.0,0.0,0.0,0,-0.15563337657947587,True,False,6598,125
2024-09-18 00:00:00+00:00,11588914.291706935,11588914.291706935,0.0,0.0,0.0,0.0,0,-0.15563337657947587,True,False,6598,125
2024-09-19 00:00:00+00:00,11588914.291706935,11588914.291706935,0.0,0.0,0.0,0.0,0,-0.15563337657947587,True,False,6598,125
2024-09-20 00:00:00+00:00,11588914.291706935,11588914.291706935,0.0,0.0,0.0,0.0,0,-0.15563337657947587,True,False,6599,125
2024-09-23 00:00:00+00:00,11588914.291706935,11588914.291706935,0.0,0.0,0.0,0.0,0,-0.15563337657947587,True,False,6599,125
2024-09-24 00:00:00+00:00,11588914.291706935,11588914.291706935,0.0,0.0,0.0,0.0,0,-0.15563337657947587,True,False,6599,125
2024-09-25 00:00:00+00:00,11588914.291706935,11588914.291706935,0.0,0.0,0.0,0.0,0,-0.15563337657947587,True,False,6599,125
2024-09-26 00:00:00+00:00,11588914.291706935,11588914.291706935,0.0,0.0,0.0,0.0,0,-0.15563337657947587,True,False,6599,125
2024-09-27 00:00:00+00:00,11588914.291706935,11588914.291706935,0.0,0.0,0.0,0.0,0,-0.15563337657947587,True,False,6599,125
2024-09-30 00:00:00+00:00,11588914.291706935,11588914.291706935,0.0,0.0,0.0,0.0,0,-0.15563337657947587,True,False,6599,125
2024-10-01 00:00:00+00:00,11588914.291706935,11588914.291706935,0.0,0.0,0.0,0.0,0,-0.15563337657947587,True,False,6600,125
2024-10-02 00:00:00+00:00,11588914.291706935,11588914.291706935,0.0,0.0,0.0,0.0,0,-0.15563337657947587,True,False,6600,125
2024-10-03 00:00:00+00:00,11588914.291706935,11588914.291706935,0.0,0.0,0.0,0.0,0,-0.15563337657947587,True,False,6603,125
2024-10-04 00:00:00+00:00,11588914.291706935,11588914.291706935,0.0,0.0,0.0,0.0,0,-0.15563337657947587,True,False,6603,125
2024-10-07 00:00:00+00:00,11588914.291706935,11588914.291706935,0.0,0.0,0.0,0.0,0,-0.15563337657947587,True,False,6604,125
2024-10-08 00:00:00+00:00,11588914.291706935,11588914.291706935,0.0,0.0,0.0,0.0,0,-0.15563337657947587,True,False,6620,125
2024-10-09 00:00:00+00:00,11588914.291706935,11588914.291706935,0.0,0.0,0.0,0.0,0,-0.15563337657947587,True,False,6620,125
2024-10-10 00:00:00+00:00,11588914.291706935,11588914.291706935,0.0,0.0,0.0,0.0,0,-0.15563337657947587,True,False,6621,125
2024-10-11 00:00:00+00:00,11588914.291706935,11588914.291706935,0.0,0.0,0.0,0.0,0,-0.15563337657947587,True,False,6621,125
2024-10-14 00:00:00+00:00,11588914.291706935,11588914.291706935,0.0,0.0,0.0,0.0,0,-0.15563337657947587,True,False,6621,125
2024-10-15 00:00:00+00:00,11588914.291706935,11588914.291706935,0.0,0.0,0.0,0.0,0,-0.15563337657947587,True,False,6621,125
2024-10-16 00:00:00+00:00,11588914.291706935,11588914.291706935,0.0,0.0,0.0,0.0,0,-0.15563337657947587,True,False,6621,125
2024-10-17 00:00:00+00:00,11588914.291706935,11588914.291706935,0.0,0.0,0.0,0.0,0,-0.15563337657947587,True,False,6622,125
2024-10-18 00:00:00+00:00,11588914.291706935,11588914.291706935,0.0,0.0,0.0,0.0,0,-0.15563337657947587,True,False,6622,125
2024-10-21 00:00:00+00:00,11588914.291706935,11588914.291706935,0.0,0.0,0.0,0.0,0,-0.15563337657947587,True,False,6623,125
2024-10-22 00:00:00+00:00,11588914.291706935,11588914.291706935,0.0,0.0,0.0,0.0,0,-0.15563337657947587,True,False,6626,125
2024-10-23 00:00:00+00:00,11588914.291706935,11588914.291706935,0.0,0.0,0.0,0.0,0,-0.15563337657947587,True,False,6626,125
2024-10-24 00:00:00+00:00,11588914.291706935,11588914.291706935,0.0,0.0,0.0,0.0,0,-0.15563337657947587,True,False,6629,125
2024-10-25 00:00:00+00:00,11588914.291706935,11588914.291706935,0.0,0.0,0.0,0.0,0,-0.15563337657947587,True,False,6638,125
2024-10-28 00:00:00+00:00,11588914.291706935,11588914.291706935,0.0,0.0,0.0,0.0,0,-0.15563337657947587,True,False,6639,125
2024-10-29 00:00:00+00:00,11588914.291706935,11588914.291706935,0.0,0.0,0.0,0.0,0,-0.15563337657947587,True,False,6642,125
2024-10-30 00:00:00+00:00,11588914.291706935,11588914.291706935,0.0,0.0,0.0,0.0,0,-0.15563337657947587,True,False,6642,125
2024-10-31 00:00:00+00:00,11588914.291706935,11588914.291706935,0.0,0.0,0.0,0.0,0,-0.15563337657947587,True,False,6644,125
2024-11-01 00:00:00+00:00,11588914.291706935,11588914.291706935,0.0,0.0,0.0,0.0,0,-0.15563337657947587,True,False,6644,125
2024-11-04 00:00:00+00:00,11588914.291706935,11588914.291706935,0.0,0.0,0.0,0.0,0,-0.15563337657947587,True,False,6644,125
2024-11-05 00:00:00+00:00,11588914.291706935,11588914.291706935,0.0,0.0,0.0,0.0,0,-0.15563337657947587,True,False,6644,125
2024-11-06 00:00:00+00:00,11588914.291706935,11588914.291706935,0.0,0.0,0.0,0.0,0,-0.15563337657947587,True,False,6661,125
2024-11-07 00:00:00+00:00,11588914.291706935,11588914.291706935,0.0,0.0,0.0,0.0,0,-0.15563337657947587,True,False,6662,125
2024-11-08 00:00:00+00:00,11588914.291706935,11588914.291706935,0.0,0.0,0.0,0.0,0,-0.15563337657947587,True,False,6662,125
2024-11-11 00:00:00+00:00,11588914.291706935,11588914.291706935,0.0,0.0,0.0,0.0,0,-0.15563337657947587,True,False,6663,125
2024-11-12 00:00:00+00:00,11588914.291706935,11588914.291706935,0.0,0.0,0.0,0.0,0,-0.15563337657947587,True,False,6669,125
2024-11-13 00:00:00+00:00,11588914.291706935,11588914.291706935,0.0,0.0,0.0,0.0,0,-0.15563337657947587,True,False,6678,125
2024-11-14 00:00:00+00:00,11588914.291706935,11588914.291706935,0.0,0.0,0.0,0.0,0,-0.15563337657947587,True,False,6682,125
2024-11-15 00:00:00+00:00,11588914.291706935,11588914.291706935,0.0,0.0,0.0,0.0,0,-0.15563337657947587,True,False,6682,125
2024-11-18 00:00:00+00:00,11588914.291706935,11588914.291706935,0.0,0.0,0.0,0.0,0,-0.15563337657947587,True,False,6684,125
2024-11-19 00:00:00+00:00,11588914.291706935,11588914.291706935,0.0,0.0,0.0,0.0,0,-0.15563337657947587,True,False,6684,125
2024-11-20 00:00:00+00:00,11588914.291706935,11588914.291706935,0.0,0.0,0.0,0.0,0,-0.15563337657947587,True,False,6684,125
2024-11-21 00:00:00+00:00,11588914.291706935,11588914.291706935,0.0,0.0,0.0,0.0,0,-0.15563337657947587,True,False,6686,125
2024-11-22 00:00:00+00:00,11588914.291706935,11588914.291706935,0.0,0.0,0.0,0.0,0,-0.15563337657947587,True,False,6686,125
2024-11-25 00:00:00+00:00,11588914.291706935,11588914.291706935,0.0,0.0,0.0,0.0,0,-0.15563337657947587,True,False,6686,125
2024-11-26 00:00:00+00:00,11588914.291706935,11588914.291706935,0.0,0.0,0.0,0.0,0,-0.15563337657947587,True,False,6686,125
2024-11-27 00:00:00+00:00,11588914.291706935,11588914.291706935,0.0,0.0,0.0,0.0,0,-0.15563337657947587,True,False,6686,125
2024-11-28 00:00:00+00:00,11588914.291706935,11588914.291706935,0.0,0.0,0.0,0.0,0,-0.15563337657947587,True,False,6686,125
2024-11-29 00:00:00+00:00,11588914.291706935,11588914.291706935,0.0,0.0,0.0,0.0,0,-0.15563337657947587,True,False,6686,125
2024-12-02 00:00:00+00:00,11588914.291706935,11588914.291706935,0.0,0.0,0.0,0.0,0,-0.15563337657947587,True,False,6687,125
2024-12-03 00:00:00+00:00,11588914.291706935,11588914.291706935,0.0,0.0,0.0,0.0,0,-0.15563337657947587,True,False,6687,125
2024-12-04 00:00:00+00:00,11588914.291706935,11588914.291706935,0.0,0.0,0.0,0.0,0,-0.15563337657947587,True,False,6687,125
2024-12-05 00:00:00+00:00,11588914.291706935,11588914.291706935,0.0,0.0,0.0,0.0,0,-0.15563337657947587,True,False,6704,125
2024-12-06 00:00:00+00:00,11588914.291706935,11588914.291706935,0.0,0.0,0.0,0.0,0,-0.15563337657947587,True,False,6704,125
2024-12-09 00:00:00+00:00,11588914.291706935,11588914.291706935,0.0,0.0,0.0,0.0,0,-0.15563337657947587,True,False,6705,125
2024-12-10 00:00:00+00:00,11588914.291706935,11588914.291706935,0.0,0.0,0.0,0.0,0,-0.15563337657947587,True,False,6705,125
2024-12-11 00:00:00+00:00,11588914.291706935,11588914.291706935,0.0,0.0,0.0,0.0,0,-0.15563337657947587,True,False,6705,125
2024-12-12 00:00:00+00:00,11588914.291706935,11588914.291706935,0.0,0.0,0.0,0.0,0,-0.15563337657947587,True,False,6705,125
2024-12-13 00:00:00+00:00,11588914.291706935,11588914.291706935,0.0,0.0,0.0,0.0,0,-0.15563337657947587,True,False,6705,125
2024-12-16 00:00:00+00:00,11588914.291706935,11588914.291706935,0.0,0.0,0.0,0.0,0,-0.15563337657947587,True,False,6705,125
2024-12-17 00:00:00+00:00,11588914.291706935,11588914.291706935,0.0,0.0,0.0,0.0,0,-0.15563337657947587,True,False,6705,125
2024-12-18 00:00:00+00:00,11588914.291706935,11588914.291706935,0.0,0.0,0.0,0.0,0,-0.15563337657947587,True,False,6706,125
2024-12-19 00:00:00+00:00,11588914.291706935,11588914.291706935,0.0,0.0,0.0,0.0,0,-0.15563337657947587,True,False,6707,125
2024-12-20 00:00:00+00:00,11588914.291706935,11588914.291706935,0.0,0.0,0.0,0.0,0,-0.15563337657947587,True,False,6710,125
2024-12-23 00:00:00+00:00,11588914.291706935,11588914.291706935,0.0,0.0,0.0,0.0,0,-0.15563337657947587,True,False,6710,125
2024-12-24 00:00:00+00:00,11588914.291706935,11588914.291706935,0.0,0.0,0.0,0.0,0,-0.15563337657947587,True,False,6710,125
2024-12-26 00:00:00+00:00,11588914.291706935,11588914.291706935,0.0,0.0,0.0,0.0,0,-0.15563337657947587,True,False,6711,125
2024-12-27 00:00:00+00:00,11588914.291706935,11588914.291706935,0.0,0.0,0.0,0.0,0,-0.15563337657947587,True,False,6711,125
2024-12-30 00:00:00+00:00,11588914.291706935,11588914.291706935,0.0,0.0,0.0,0.0,0,-0.15563337657947587,True,False,6712,125
2024-12-31 00:00:00+00:00,11588914.291706935,11588914.291706935,0.0,0.0,0.0,0.0,0,-0.15563337657947587,True,False,6712,125
