,equity
2000-01-03 00:00:00+00:00,10000000.0
2000-01-04 00:00:00+00:00,10000000.0
2000-01-05 00:00:00+00:00,10000000.0
2000-01-06 00:00:00+00:00,10000000.0
2000-01-07 00:00:00+00:00,10000000.0
2000-01-10 00:00:00+00:00,10000000.0
2000-01-11 00:00:00+00:00,10000000.0
2000-01-12 00:00:00+00:00,10000000.0
2000-01-13 00:00:00+00:00,10000000.0
2000-01-14 00:00:00+00:00,10000000.0
2000-01-17 00:00:00+00:00,10000000.0
2000-01-18 00:00:00+00:00,10000000.0
2000-01-19 00:00:00+00:00,10000000.0
2000-01-20 00:00:00+00:00,10000000.0
2000-01-21 00:00:00+00:00,10000000.0
2000-01-24 00:00:00+00:00,10000000.0
2000-01-25 00:00:00+00:00,10000000.0
2000-01-26 00:00:00+00:00,10000000.0
2000-01-27 00:00:00+00:00,10000000.0
2000-01-28 00:00:00+00:00,10000000.0
2000-01-31 00:00:00+00:00,10000000.0
2000-02-01 00:00:00+00:00,10000000.0
2000-02-02 00:00:00+00:00,10000000.0
2000-02-03 00:00:00+00:00,10000000.0
2000-02-04 00:00:00+00:00,10000000.0
2000-02-07 00:00:00+00:00,10000000.0
2000-02-08 00:00:00+00:00,10000000.0
2000-02-09 00:00:00+00:00,10000000.0
2000-02-10 00:00:00+00:00,10000000.0
2000-02-11 00:00:00+00:00,10000000.0
2000-02-14 00:00:00+00:00,10000000.0
2000-02-15 00:00:00+00:00,10000000.0
2000-02-16 00:00:00+00:00,10000000.0
2000-02-17 00:00:00+00:00,10000000.0
2000-02-18 00:00:00+00:00,10000000.0
2000-02-21 00:00:00+00:00,10000000.0
2000-02-22 00:00:00+00:00,10000000.0
2000-02-23 00:00:00+00:00,10000000.0
2000-02-24 00:00:00+00:00,10000000.0
2000-02-25 00:00:00+00:00,10000000.0
2000-02-28 00:00:00+00:00,10000000.0
2000-02-29 00:00:00+00:00,10000000.0
2000-03-01 00:00:00+00:00,10000000.0
2000-03-02 00:00:00+00:00,10000000.0
2000-03-03 00:00:00+00:00,10000000.0
2000-03-06 00:00:00+00:00,10000000.0
2000-03-07 00:00:00+00:00,10000000.0
2000-03-08 00:00:00+00:00,10000000.0
2000-03-09 00:00:00+00:00,10000000.0
2000-03-10 00:00:00+00:00,10000000.0
2000-03-13 00:00:00+00:00,10000000.0
2000-03-14 00:00:00+00:00,10000000.0
2000-03-15 00:00:00+00:00,10000000.0
2000-03-16 00:00:00+00:00,10000000.0
2000-03-17 00:00:00+00:00,10000000.0
2000-03-20 00:00:00+00:00,10000000.0
2000-03-21 00:00:00+00:00,10000000.0
2000-03-22 00:00:00+00:00,10000000.0
2000-03-23 00:00:00+00:00,10000000.0
2000-03-24 00:00:00+00:00,10000000.0
2000-03-27 00:00:00+00:00,10000000.0
2000-03-28 00:00:00+00:00,10000000.0
2000-03-29 00:00:00+00:00,10000000.0
2000-03-30 00:00:00+00:00,10000000.0
2000-03-31 00:00:00+00:00,10000000.0
2000-04-03 00:00:00+00:00,10000000.0
2000-04-04 00:00:00+00:00,10000000.0
2000-04-05 00:00:00+00:00,10000000.0
2000-04-06 00:00:00+00:00,10000000.0
2000-04-07 00:00:00+00:00,10000000.0
2000-04-10 00:00:00+00:00,10000000.0
2000-04-11 00:00:00+00:00,10000000.0
2000-04-12 00:00:00+00:00,10000000.0
2000-04-13 00:00:00+00:00,10000000.0
2000-04-14 00:00:00+00:00,10000000.0
2000-04-17 00:00:00+00:00,10000000.0
2000-04-18 00:00:00+00:00,10000000.0
2000-04-19 00:00:00+00:00,10000000.0
2000-04-20 00:00:00+00:00,10000000.0
2000-04-21 00:00:00+00:00,10000000.0
2000-04-24 00:00:00+00:00,10000000.0
2000-04-25 00:00:00+00:00,10000000.0
2000-04-26 00:00:00+00:00,10000000.0
2000-04-27 00:00:00+00:00,10000000.0
2000-04-28 00:00:00+00:00,10000000.0
2000-05-01 00:00:00+00:00,10000000.0
2000-05-02 00:00:00+00:00,10000000.0
2000-05-03 00:00:00+00:00,10000000.0
2000-05-04 00:00:00+00:00,10000000.0
2000-05-05 00:00:00+00:00,10000000.0
2000-05-08 00:00:00+00:00,10000000.0
2000-05-09 00:00:00+00:00,10000000.0
2000-05-10 00:00:00+00:00,10000000.0
2000-05-11 00:00:00+00:00,10000000.0
2000-05-12 00:00:00+00:00,10000000.0
2000-05-15 00:00:00+00:00,10000000.0
2000-05-16 00:00:00+00:00,10000000.0
2000-05-17 00:00:00+00:00,10000000.0
2000-05-18 00:00:00+00:00,10000000.0
2000-05-19 00:00:00+00:00,10000000.0
2000-05-22 00:00:00+00:00,10000000.0
2000-05-23 00:00:00+00:00,10000000.0
2000-05-24 00:00:00+00:00,10000000.0
2000-05-25 00:00:00+00:00,10000000.0
2000-05-26 00:00:00+00:00,10000000.0
2000-05-29 00:00:00+00:00,10000000.0
2000-05-30 00:00:00+00:00,10000000.0
2000-05-31 00:00:00+00:00,10000000.0
2000-06-01 00:00:00+00:00,10000000.0
2000-06-02 00:00:00+00:00,10000000.0
2000-06-05 00:00:00+00:00,10000000.0
2000-06-06 00:00:00+00:00,10000000.0
2000-06-07 00:00:00+00:00,10000000.0
2000-06-08 00:00:00+00:00,10000000.0
2000-06-09 00:00:00+00:00,10000000.0
2000-06-12 00:00:00+00:00,10000000.0
2000-06-13 00:00:00+00:00,10000000.0
2000-06-14 00:00:00+00:00,10000000.0
2000-06-15 00:00:00+00:00,10000000.0
2000-06-16 00:00:00+00:00,10000000.0
2000-06-19 00:00:00+00:00,10000000.0
2000-06-20 00:00:00+00:00,10000000.0
2000-06-21 00:00:00+00:00,10000000.0
2000-06-22 00:00:00+00:00,10000000.0
2000-06-23 00:00:00+00:00,10000000.0
2000-06-26 00:00:00+00:00,10000000.0
2000-06-27 00:00:00+00:00,10000000.0
2000-06-28 00:00:00+00:00,10000000.0
2000-06-29 00:00:00+00:00,10000000.0
2000-06-30 00:00:00+00:00,10000000.0
2000-07-03 00:00:00+00:00,10000000.0
2000-07-04 00:00:00+00:00,10000000.0
2000-07-05 00:00:00+00:00,10000000.0
2000-07-06 00:00:00+00:00,10000000.0
2000-07-07 00:00:00+00:00,10000000.0
2000-07-10 00:00:00+00:00,10000000.0
2000-07-11 00:00:00+00:00,10000000.0
2000-07-12 00:00:00+00:00,10000000.0
2000-07-13 00:00:00+00:00,10000000.0
2000-07-14 00:00:00+00:00,10000000.0
2000-07-17 00:00:00+00:00,10000000.0
2000-07-18 00:00:00+00:00,10000000.0
2000-07-19 00:00:00+00:00,10000000.0
2000-07-20 00:00:00+00:00,10000000.0
2000-07-21 00:00:00+00:00,10000000.0
2000-07-24 00:00:00+00:00,10000000.0
2000-07-25 00:00:00+00:00,10000000.0
2000-07-26 00:00:00+00:00,10000000.0
2000-07-27 00:00:00+00:00,10000000.0
2000-07-28 00:00:00+00:00,10000000.0
2000-07-31 00:00:00+00:00,10000000.0
2000-08-01 00:00:00+00:00,10000000.0
2000-08-02 00:00:00+00:00,10000000.0
2000-08-03 00:00:00+00:00,10000000.0
2000-08-04 00:00:00+00:00,10000000.0
2000-08-07 00:00:00+00:00,10000000.0
2000-08-08 00:00:00+00:00,10000000.0
2000-08-09 00:00:00+00:00,10000000.0
2000-08-10 00:00:00+00:00,10000000.0
2000-08-11 00:00:00+00:00,10000000.0
2000-08-14 00:00:00+00:00,10000000.0
2000-08-15 00:00:00+00:00,10000000.0
2000-08-16 00:00:00+00:00,10000000.0
2000-08-17 00:00:00+00:00,10000000.0
2000-08-18 00:00:00+00:00,10000000.0
2000-08-21 00:00:00+00:00,10000000.0
2000-08-22 00:00:00+00:00,10000000.0
2000-08-23 00:00:00+00:00,10000000.0
2000-08-24 00:00:00+00:00,10000000.0
2000-08-25 00:00:00+00:00,10000000.0
2000-08-28 00:00:00+00:00,10000000.0
2000-08-29 00:00:00+00:00,10000000.0
2000-08-30 00:00:00+00:00,10000000.0
2000-08-31 00:00:00+00:00,10000000.0
2000-09-01 00:00:00+00:00,10000000.0
2000-09-04 00:00:00+00:00,10000000.0
2000-09-05 00:00:00+00:00,10000000.0
2000-09-06 00:00:00+00:00,10000000.0
2000-09-07 00:00:00+00:00,10000000.0
2000-09-08 00:00:00+00:00,10000000.0
2000-09-11 00:00:00+00:00,10000000.0
2000-09-12 00:00:00+00:00,10000000.0
2000-09-13 00:00:00+00:00,10000000.0
2000-09-14 00:00:00+00:00,10000000.0
2000-09-15 00:00:00+00:00,10000000.0
2000-09-18 00:00:00+00:00,10000000.0
2000-09-19 00:00:00+00:00,10000000.0
2000-09-20 00:00:00+00:00,10000000.0
2000-09-21 00:00:00+00:00,10000000.0
2000-09-22 00:00:00+00:00,10000000.0
2000-09-25 00:00:00+00:00,10000000.0
2000-09-26 00:00:00+00:00,10000000.0
2000-09-27 00:00:00+00:00,10000000.0
2000-09-28 00:00:00+00:00,10000000.0
2000-09-29 00:00:00+00:00,10000000.0
2000-10-02 00:00:00+00:00,10000000.0
2000-10-03 00:00:00+00:00,10000000.0
2000-10-04 00:00:00+00:00,10000000.0
2000-10-05 00:00:00+00:00,10000000.0
2000-10-06 00:00:00+00:00,10000000.0
2000-10-09 00:00:00+00:00,10000000.0
2000-10-10 00:00:00+00:00,10000000.0
2000-10-11 00:00:00+00:00,10000000.0
2000-10-12 00:00:00+00:00,10000000.0
2000-10-13 00:00:00+00:00,10000000.0
2000-10-16 00:00:00+00:00,10000000.0
2000-10-17 00:00:00+00:00,10000000.0
2000-10-18 00:00:00+00:00,10000000.0
2000-10-19 00:00:00+00:00,10000000.0
2000-10-20 00:00:00+00:00,10000000.0
2000-10-23 00:00:00+00:00,10000000.0
2000-10-24 00:00:00+00:00,10000000.0
2000-10-25 00:00:00+00:00,10000000.0
2000-10-26 00:00:00+00:00,10000000.0
2000-10-27 00:00:00+00:00,10000000.0
2000-10-30 00:00:00+00:00,10000000.0
2000-10-31 00:00:00+00:00,10000000.0
2000-11-01 00:00:00+00:00,10000000.0
2000-11-02 00:00:00+00:00,10000000.0
2000-11-03 00:00:00+00:00,10000000.0
2000-11-06 00:00:00+00:00,10000000.0
2000-11-07 00:00:00+00:00,10000000.0
2000-11-08 00:00:00+00:00,10000000.0
2000-11-09 00:00:00+00:00,10000000.0
2000-11-10 00:00:00+00:00,10000000.0
2000-11-13 00:00:00+00:00,10000000.0
2000-11-14 00:00:00+00:00,10000000.0
2000-11-15 00:00:00+00:00,10000000.0
2000-11-16 00:00:00+00:00,10000000.0
2000-11-17 00:00:00+00:00,10000000.0
2000-11-20 00:00:00+00:00,10000000.0
2000-11-21 00:00:00+00:00,10000000.0
2000-11-22 00:00:00+00:00,10000000.0
2000-11-23 00:00:00+00:00,10000000.0
2000-11-24 00:00:00+00:00,10000000.0
2000-11-27 00:00:00+00:00,10000000.0
2000-11-28 00:00:00+00:00,10000000.0
2000-11-29 00:00:00+00:00,10000000.0
2000-11-30 00:00:00+00:00,10000000.0
2000-12-01 00:00:00+00:00,10000000.0
2000-12-04 00:00:00+00:00,10000000.0
2000-12-05 00:00:00+00:00,10000000.0
2000-12-06 00:00:00+00:00,10000000.0
2000-12-07 00:00:00+00:00,10000000.0
2000-12-08 00:00:00+00:00,10000000.0
2000-12-11 00:00:00+00:00,10000000.0
2000-12-12 00:00:00+00:00,10000000.0
2000-12-13 00:00:00+00:00,10000000.0
2000-12-14 00:00:00+00:00,10000000.0
2000-12-15 00:00:00+00:00,10000000.0
2000-12-18 00:00:00+00:00,10000000.0
2000-12-19 00:00:00+00:00,10000000.0
2000-12-20 00:00:00+00:00,10000000.0
2000-12-21 00:00:00+00:00,10000000.0
2000-12-22 00:00:00+00:00,10000000.0
2000-12-25 00:00:00+00:00,10000000.0
2000-12-26 00:00:00+00:00,10000000.0
2000-12-27 00:00:00+00:00,10000000.0
2000-12-28 00:00:00+00:00,10000000.0
2000-12-29 00:00:00+00:00,10000000.0
2001-01-01 00:00:00+00:00,10000000.0
2001-01-02 00:00:00+00:00,10000000.0
2001-01-03 00:00:00+00:00,10000000.0
2001-01-04 00:00:00+00:00,10000000.0
2001-01-05 00:00:00+00:00,10000000.0
2001-01-08 00:00:00+00:00,10000000.0
2001-01-09 00:00:00+00:00,10000000.0
2001-01-10 00:00:00+00:00,10000000.0
2001-01-11 00:00:00+00:00,10000000.0
2001-01-12 00:00:00+00:00,10000000.0
2001-01-15 00:00:00+00:00,10000000.0
2001-01-16 00:00:00+00:00,10000000.0
2001-01-17 00:00:00+00:00,10000000.0
2001-01-18 00:00:00+00:00,10000000.0
2001-01-19 00:00:00+00:00,10010541.713899292
2001-01-22 00:00:00+00:00,10044237.259882607
2001-01-23 00:00:00+00:00,10034406.703920998
2001-01-24 00:00:00+00:00,10043381.719520248
2001-01-25 00:00:00+00:00,10090712.761794724
2001-01-26 00:00:00+00:00,10090712.761794724
2001-01-29 00:00:00+00:00,10019992.781904854
2001-01-30 00:00:00+00:00,10019612.76847712
2001-01-31 00:00:00+00:00,10013698.963340439
2001-02-01 00:00:00+00:00,9994033.123691387
2001-02-02 00:00:00+00:00,10014351.665184803
2001-02-05 00:00:00+00:00,10063380.12914259
2001-02-06 00:00:00+00:00,10064216.21423418
2001-02-07 00:00:00+00:00,10029683.323981114
2001-02-08 00:00:00+00:00,10106833.321779381
2001-02-09 00:00:00+00:00,10135247.021859657
2001-02-12 00:00:00+00:00,10121610.602517616
2001-02-13 00:00:00+00:00,10126746.168742668
2001-02-14 00:00:00+00:00,10141260.55458213
2001-02-15 00:00:00+00:00,10143739.096656334
2001-02-16 00:00:00+00:00,10132382.3816863
2001-02-19 00:00:00+00:00,10113065.294577098
2001-02-20 00:00:00+00:00,10100255.582120394
2001-02-21 00:00:00+00:00,10100539.542557215
2001-02-22 00:00:00+00:00,10094502.136650538
2001-02-23 00:00:00+00:00,10036598.328744387
2001-02-26 00:00:00+00:00,10045859.48358581
2001-02-27 00:00:00+00:00,10035366.56807796
2001-02-28 00:00:00+00:00,9984963.525072167
2001-03-01 00:00:00+00:00,9967833.958598472
2001-03-02 00:00:00+00:00,9969628.764514152
2001-03-05 00:00:00+00:00,9969628.764514152
2001-03-06 00:00:00+00:00,9969628.764514152
2001-03-07 00:00:00+00:00,9969628.764514152
2001-03-08 00:00:00+00:00,9969628.764514152
2001-03-09 00:00:00+00:00,9969628.764514152
2001-03-12 00:00:00+00:00,9969628.764514152
2001-03-13 00:00:00+00:00,9969628.764514152
2001-03-14 00:00:00+00:00,9969628.764514152
2001-03-15 00:00:00+00:00,9969628.764514152
2001-03-16 00:00:00+00:00,9969628.764514152
2001-03-19 00:00:00+00:00,9969628.764514152
2001-03-20 00:00:00+00:00,9934270.438646484
2001-03-21 00:00:00+00:00,10007485.673741985
2001-03-22 00:00:00+00:00,9989699.994250227
2001-03-23 00:00:00+00:00,9912137.950684238
2001-03-26 00:00:00+00:00,9902705.242617775
2001-03-27 00:00:00+00:00,9984862.51226442
2001-03-28 00:00:00+00:00,10055786.949175645
2001-03-29 00:00:00+00:00,10061812.226931263
2001-03-30 00:00:00+00:00,9974905.66481011
2001-04-02 00:00:00+00:00,9924805.279387046
2001-04-03 00:00:00+00:00,9966199.99469154
2001-04-04 00:00:00+00:00,9939739.78003018
2001-04-05 00:00:00+00:00,9939739.78003018
2001-04-06 00:00:00+00:00,9954053.783522416
2001-04-09 00:00:00+00:00,9933279.442039419
2001-04-10 00:00:00+00:00,9904454.890905548
2001-04-11 00:00:00+00:00,9861073.096160725
2001-04-12 00:00:00+00:00,9849863.101421311
2001-04-13 00:00:00+00:00,9849863.101421311
2001-04-16 00:00:00+00:00,9905757.926668242
2001-04-17 00:00:00+00:00,9958886.330134824
2001-04-18 00:00:00+00:00,10079434.276940847
2001-04-19 00:00:00+00:00,10116393.509462858
2001-04-20 00:00:00+00:00,10084077.065381551
2001-04-23 00:00:00+00:00,10075524.931559587
2001-04-24 00:00:00+00:00,10057005.53462317
2001-04-25 00:00:00+00:00,10146000.401359105
2001-04-26 00:00:00+00:00,10115358.963743234
2001-04-27 00:00:00+00:00,10000132.969226861
2001-04-30 00:00:00+00:00,10022261.17121222
2001-05-01 00:00:00+00:00,10022261.17121222
2001-05-02 00:00:00+00:00,10058544.403308893
2001-05-03 00:00:00+00:00,10033183.700385118
2001-05-04 00:00:00+00:00,10066783.28619578
2001-05-07 00:00:00+00:00,10111111.007826352
2001-05-08 00:00:00+00:00,10120269.432359243
2001-05-09 00:00:00+00:00,10105117.509097124
2001-05-10 00:00:00+00:00,10118702.690925146
2001-05-11 00:00:00+00:00,10089167.61984303
2001-05-14 00:00:00+00:00,10080188.958561921
2001-05-15 00:00:00+00:00,10120073.551303888
2001-05-16 00:00:00+00:00,10142084.87554028
2001-05-17 00:00:00+00:00,10165626.477386469
2001-05-18 00:00:00+00:00,10195590.62229156
2001-05-21 00:00:00+00:00,10187786.790042872
2001-05-22 00:00:00+00:00,10175238.16537475
2001-05-23 00:00:00+00:00,10179989.208105082
2001-05-24 00:00:00+00:00,10197077.194709772
2001-05-25 00:00:00+00:00,10191282.490100855
2001-05-28 00:00:00+00:00,10222669.62971496
2001-05-29 00:00:00+00:00,10220344.711952204
2001-05-30 00:00:00+00:00,10192500.146303171
2001-05-31 00:00:00+00:00,10194758.256462092
2001-06-01 00:00:00+00:00,10178690.34405517
2001-06-04 00:00:00+00:00,10166992.307586664
2001-06-05 00:00:00+00:00,10128955.931192392
2001-06-06 00:00:00+00:00,10119933.31108951
2001-06-07 00:00:00+00:00,10099027.308854098
2001-06-08 00:00:00+00:00,10136113.844268793
2001-06-11 00:00:00+00:00,10148325.95517444
2001-06-12 00:00:00+00:00,10155480.477638239
2001-06-13 00:00:00+00:00,10155658.86851024
2001-06-14 00:00:00+00:00,10147761.94398784
2001-06-15 00:00:00+00:00,10138772.783874594
2001-06-18 00:00:00+00:00,10119539.738461576
2001-06-19 00:00:00+00:00,10124525.339696966
2001-06-20 00:00:00+00:00,10148117.01305493
2001-06-21 00:00:00+00:00,10129096.13828095
2001-06-22 00:00:00+00:00,10112412.218491636
2001-06-25 00:00:00+00:00,10050842.426276289
2001-06-26 00:00:00+00:00,10107259.014543615
2001-06-27 00:00:00+00:00,10078754.488145513
2001-06-28 00:00:00+00:00,10054464.167031927
2001-06-29 00:00:00+00:00,10094778.539968396
2001-07-02 00:00:00+00:00,10107881.41210165
2001-07-03 00:00:00+00:00,10096712.91802206
2001-07-04 00:00:00+00:00,10085737.398881817
2001-07-05 00:00:00+00:00,10089160.50782385
2001-07-06 00:00:00+00:00,10076363.561521636
2001-07-09 00:00:00+00:00,10064935.172065841
2001-07-10 00:00:00+00:00,10072633.409247505
2001-07-11 00:00:00+00:00,10059125.298333274
2001-07-12 00:00:00+00:00,10072393.706141578
2001-07-13 00:00:00+00:00,10079629.535853492
2001-07-16 00:00:00+00:00,10079164.155524919
2001-07-17 00:00:00+00:00,10063231.49022741
2001-07-18 00:00:00+00:00,10051381.365505883
2001-07-19 00:00:00+00:00,10052240.632566163
2001-07-20 00:00:00+00:00,10050949.921107018
2001-07-23 00:00:00+00:00,10049225.621499741
2001-07-24 00:00:00+00:00,9984579.532813752
2001-07-25 00:00:00+00:00,9967468.228093827
2001-07-26 00:00:00+00:00,9967537.79771327
2001-07-27 00:00:00+00:00,9970217.244247427
2001-07-30 00:00:00+00:00,9985073.713924399
2001-07-31 00:00:00+00:00,10003649.309185972
2001-08-01 00:00:00+00:00,10021078.940172186
2001-08-02 00:00:00+00:00,10036820.273106566
2001-08-03 00:00:00+00:00,10058964.42116355
2001-08-06 00:00:00+00:00,10041360.724778166
2001-08-07 00:00:00+00:00,10048858.205343237
2001-08-08 00:00:00+00:00,10029238.784683218
2001-08-09 00:00:00+00:00,10026029.943689337
2001-08-10 00:00:00+00:00,10010280.86606883
2001-08-13 00:00:00+00:00,10008720.582436552
2001-08-14 00:00:00+00:00,9990889.831129275
2001-08-15 00:00:00+00:00,9990889.831129275
2001-08-16 00:00:00+00:00,9955098.461909495
2001-08-17 00:00:00+00:00,9978492.811198436
2001-08-20 00:00:00+00:00,9957059.621471606
2001-08-21 00:00:00+00:00,9954755.294906817
2001-08-22 00:00:00+00:00,9954755.294906817
2001-08-23 00:00:00+00:00,9991453.103853427
2001-08-24 00:00:00+00:00,9996082.647270404
2001-08-27 00:00:00+00:00,10013829.397197925
2001-08-28 00:00:00+00:00,10033023.308488093
2001-08-29 00:00:00+00:00,10038047.54520341
2001-08-30 00:00:00+00:00,10013086.016628418
2001-08-31 00:00:00+00:00,9984175.463455353
2001-09-03 00:00:00+00:00,9964791.349273834
2001-09-04 00:00:00+00:00,9949450.374730263
2001-09-05 00:00:00+00:00,10000536.302870903
2001-09-06 00:00:00+00:00,10014946.25370041
2001-09-07 00:00:00+00:00,10000683.503055846
2001-09-10 00:00:00+00:00,9971896.98816613
2001-09-11 00:00:00+00:00,9929190.17051152
2001-09-12 00:00:00+00:00,9887114.298096793
2001-09-13 00:00:00+00:00,9884637.263613272
2001-09-14 00:00:00+00:00,9880928.093755212
2001-09-17 00:00:00+00:00,9847711.165936913
2001-09-18 00:00:00+00:00,9854466.817026004
2001-09-19 00:00:00+00:00,9854001.478944644
2001-09-20 00:00:00+00:00,9864704.56140314
2001-09-21 00:00:00+00:00,9863928.957055911
2001-09-24 00:00:00+00:00,9866565.944387302
2001-09-25 00:00:00+00:00,9863463.618974552
2001-09-26 00:00:00+00:00,9861291.969724521
2001-09-27 00:00:00+00:00,9860671.498510227
2001-09-28 00:00:00+00:00,9865014.766351566
2001-10-01 00:00:00+00:00,9856638.466276035
2001-10-02 00:00:00+00:00,9856638.466276035
2001-10-03 00:00:00+00:00,9856948.67122446
2001-10-04 00:00:00+00:00,9854311.714551792
2001-10-05 00:00:00+00:00,9849037.73988901
2001-10-08 00:00:00+00:00,9855087.288240299
2001-10-09 00:00:00+00:00,9862998.25023447
2001-10-10 00:00:00+00:00,9861136.867250308
2001-10-11 00:00:00+00:00,9833614.26047067
2001-10-12 00:00:00+00:00,9847235.156686109
2001-10-15 00:00:00+00:00,9620559.70414428
2001-10-16 00:00:00+00:00,9626648.629170623
2001-10-17 00:00:00+00:00,9677494.392110076
2001-10-18 00:00:00+00:00,9702779.272839751
2001-10-19 00:00:00+00:00,9717054.244689193
2001-10-22 00:00:00+00:00,9682244.745775428
2001-10-23 00:00:00+00:00,9689821.014423575
2001-10-24 00:00:00+00:00,9695145.274553504
2001-10-25 00:00:00+00:00,9695817.029480185
2001-10-26 00:00:00+00:00,9695817.029480185
2001-10-29 00:00:00+00:00,9700223.895123687
2001-10-30 00:00:00+00:00,9688767.347784247
2001-10-31 00:00:00+00:00,9700109.700337615
2001-11-01 00:00:00+00:00,9727656.473300185
2001-11-02 00:00:00+00:00,9769143.828472342
2001-11-05 00:00:00+00:00,9764420.056470122
2001-11-06 00:00:00+00:00,9764154.563925948
2001-11-07 00:00:00+00:00,9753131.60815164
2001-11-08 00:00:00+00:00,9767987.438573088
2001-11-09 00:00:00+00:00,9755238.356028708
2001-11-12 00:00:00+00:00,9776544.650002392
2001-11-13 00:00:00+00:00,9757403.999714049
2001-11-14 00:00:00+00:00,9786196.597881468
2001-11-15 00:00:00+00:00,9785898.472394856
2001-11-16 00:00:00+00:00,9785898.472394856
2001-11-19 00:00:00+00:00,9803741.273811253
2001-11-20 00:00:00+00:00,9737156.026203783
2001-11-21 00:00:00+00:00,9777080.831146399
2001-11-22 00:00:00+00:00,9787691.214651028
2001-11-23 00:00:00+00:00,9778500.013858238
2001-11-26 00:00:00+00:00,9782872.016421
2001-11-27 00:00:00+00:00,9775979.371801773
2001-11-28 00:00:00+00:00,9781893.70360891
2001-11-29 00:00:00+00:00,9756265.003054062
2001-11-30 00:00:00+00:00,9756265.003054062
2001-12-03 00:00:00+00:00,9780987.320290247
2001-12-04 00:00:00+00:00,9772668.71656243
2001-12-05 00:00:00+00:00,9821317.94818155
2001-12-06 00:00:00+00:00,9816869.563518682
2001-12-07 00:00:00+00:00,9842167.3608493
2001-12-10 00:00:00+00:00,9867193.805384567
2001-12-11 00:00:00+00:00,9856135.15810602
2001-12-12 00:00:00+00:00,9849950.658055952
2001-12-13 00:00:00+00:00,9837638.123792818
2001-12-14 00:00:00+00:00,9846011.233049562
2001-12-17 00:00:00+00:00,9846011.233049562
2001-12-18 00:00:00+00:00,9815851.12669628
2001-12-19 00:00:00+00:00,9795763.76263087
2001-12-20 00:00:00+00:00,9787034.431013038
2001-12-21 00:00:00+00:00,9776106.04981654
2001-12-24 00:00:00+00:00,9769167.880160501
2001-12-25 00:00:00+00:00,9769167.880160501
2001-12-26 00:00:00+00:00,9745211.123837879
2001-12-27 00:00:00+00:00,9756683.247615745
2001-12-28 00:00:00+00:00,9757539.97840946
2001-12-31 00:00:00+00:00,9771290.809729507
2002-01-01 00:00:00+00:00,9785551.910021348
2002-01-02 00:00:00+00:00,9795099.24646811
2002-01-03 00:00:00+00:00,9801769.068225427
2002-01-04 00:00:00+00:00,9807313.937175317
2002-01-07 00:00:00+00:00,9799908.9185224
2002-01-08 00:00:00+00:00,9815325.560489938
2002-01-09 00:00:00+00:00,9824041.513443753
2002-01-10 00:00:00+00:00,9823578.49325876
2002-01-11 00:00:00+00:00,9811332.14264898
2002-01-14 00:00:00+00:00,9888874.144545838
2002-01-15 00:00:00+00:00,9868481.513570592
2002-01-16 00:00:00+00:00,9865245.42685251
2002-01-17 00:00:00+00:00,9880333.132677838
2002-01-18 00:00:00+00:00,9883203.842151925
2002-01-21 00:00:00+00:00,9917760.05244951
2002-01-22 00:00:00+00:00,9898871.77375488
2002-01-23 00:00:00+00:00,9895624.017236516
2002-01-24 00:00:00+00:00,9857352.48569946
2002-01-25 00:00:00+00:00,9826655.047468469
2002-01-28 00:00:00+00:00,9830829.671832845
2002-01-29 00:00:00+00:00,9843468.925783917
2002-01-30 00:00:00+00:00,9831638.170382109
2002-01-31 00:00:00+00:00,9842030.592094984
2002-02-01 00:00:00+00:00,9934288.466303911
2002-02-04 00:00:00+00:00,9988954.985141963
2002-02-05 00:00:00+00:00,10075138.658330059
2002-02-06 00:00:00+00:00,10050921.248179115
2002-02-07 00:00:00+00:00,10084408.183612503
2002-02-08 00:00:00+00:00,10066730.059375443
2002-02-11 00:00:00+00:00,10116101.498782791
2002-02-12 00:00:00+00:00,10129925.264919914
2002-02-13 00:00:00+00:00,10242591.300724445
2002-02-14 00:00:00+00:00,10315856.265427051
2002-02-15 00:00:00+00:00,10327375.971692508
2002-02-18 00:00:00+00:00,9938097.99252457
2002-02-19 00:00:00+00:00,10316994.239571994
2002-02-20 00:00:00+00:00,10328722.492127841
2002-02-21 00:00:00+00:00,10336978.47495026
2002-02-22 00:00:00+00:00,10379944.358586734
2002-02-25 00:00:00+00:00,10373935.785236651
2002-02-26 00:00:00+00:00,10399567.786724383
2002-02-27 00:00:00+00:00,10385469.099064166
2002-02-28 00:00:00+00:00,10315505.79754668
2002-03-01 00:00:00+00:00,10348718.770233456
2002-03-04 00:00:00+00:00,10383965.902950589
2002-03-05 00:00:00+00:00,10388795.012737576
2002-03-06 00:00:00+00:00,10390331.972050015
2002-03-07 00:00:00+00:00,10382270.620549515
2002-03-08 00:00:00+00:00,10414358.96602948
2002-03-11 00:00:00+00:00,10372051.501426533
2002-03-12 00:00:00+00:00,10329533.577740505
2002-03-13 00:00:00+00:00,10373912.711581543
2002-03-14 00:00:00+00:00,10411352.720933273
2002-03-15 00:00:00+00:00,10451203.52054198
2002-03-18 00:00:00+00:00,10462768.394718483
2002-03-19 00:00:00+00:00,10385034.080120876
2002-03-20 00:00:00+00:00,10381522.027178124
2002-03-21 00:00:00+00:00,10437819.088350132
2002-03-22 00:00:00+00:00,10449571.308744743
2002-03-25 00:00:00+00:00,10449571.308744743
2002-03-26 00:00:00+00:00,10426120.731986836
2002-03-27 00:00:00+00:00,10488700.977839306
2002-03-28 00:00:00+00:00,10515173.16166909
2002-03-29 00:00:00+00:00,10515173.16166909
2002-04-01 00:00:00+00:00,10667011.044427231
2002-04-02 00:00:00+00:00,10722561.844373606
2002-04-03 00:00:00+00:00,10756962.650473626
2002-04-04 00:00:00+00:00,10827254.207885774
2002-04-05 00:00:00+00:00,10803072.83606346
2002-04-08 00:00:00+00:00,10818295.672623232
2002-04-09 00:00:00+00:00,10810139.527334765
2002-04-10 00:00:00+00:00,10874249.950257853
2002-04-11 00:00:00+00:00,10907747.15505733
2002-04-12 00:00:00+00:00,10908741.726689715
2002-04-15 00:00:00+00:00,10872017.525430102
2002-04-16 00:00:00+00:00,10866199.651757617
2002-04-17 00:00:00+00:00,10946279.97241344
2002-04-18 00:00:00+00:00,10969348.789727587
2002-04-19 00:00:00+00:00,10932194.175816912
2002-04-22 00:00:00+00:00,10946998.32139339
2002-04-23 00:00:00+00:00,10976540.255917925
2002-04-24 00:00:00+00:00,10987579.170194048
2002-04-25 00:00:00+00:00,11018880.613904376
2002-04-26 00:00:00+00:00,11081864.415795702
2002-04-29 00:00:00+00:00,11085882.664736772
2002-04-30 00:00:00+00:00,11185466.678202653
2002-05-01 00:00:00+00:00,11185466.678202653
2002-05-02 00:00:00+00:00,11147743.368369127
2002-05-03 00:00:00+00:00,11156402.606627489
2002-05-06 00:00:00+00:00,11071577.338858236
2002-05-07 00:00:00+00:00,11132810.336414922
2002-05-08 00:00:00+00:00,11177486.939627279
2002-05-09 00:00:00+00:00,11193317.935195317
2002-05-10 00:00:00+00:00,11176113.081683269
2002-05-13 00:00:00+00:00,11169339.252032151
2002-05-14 00:00:00+00:00,11164630.379398694
2002-05-15 00:00:00+00:00,11142418.09416019
2002-05-16 00:00:00+00:00,11170648.78110539
2002-05-17 00:00:00+00:00,11129785.521419873
2002-05-20 00:00:00+00:00,11091198.008635841
2002-05-21 00:00:00+00:00,11030846.786782347
2002-05-22 00:00:00+00:00,11028573.508900937
2002-05-23 00:00:00+00:00,11020871.877054986
2002-05-24 00:00:00+00:00,11036516.800109204
2002-05-27 00:00:00+00:00,10985853.224686917
2002-05-28 00:00:00+00:00,10950994.425763778
2002-05-29 00:00:00+00:00,10944970.147435602
2002-05-30 00:00:00+00:00,10946548.984926876
2002-05-31 00:00:00+00:00,10950783.322133955
2002-06-03 00:00:00+00:00,10946477.253497776
2002-06-04 00:00:00+00:00,11018958.031280478
2002-06-05 00:00:00+00:00,11109477.224246034
2002-06-06 00:00:00+00:00,11156720.599954376
2002-06-07 00:00:00+00:00,11083466.778841028
2002-06-10 00:00:00+00:00,11150994.277329693
2002-06-11 00:00:00+00:00,11235256.681448469
2002-06-12 00:00:00+00:00,11308692.3198526
2002-06-13 00:00:00+00:00,11295659.740698827
2002-06-14 00:00:00+00:00,11334199.58834125
2002-06-17 00:00:00+00:00,11355894.879969848
2002-06-18 00:00:00+00:00,11340315.297064079
2002-06-19 00:00:00+00:00,11290807.05299498
2002-06-20 00:00:00+00:00,11253134.624934686
2002-06-21 00:00:00+00:00,11233995.155304207
2002-06-24 00:00:00+00:00,11250566.353008522
2002-06-25 00:00:00+00:00,11214933.104751123
2002-06-26 00:00:00+00:00,11202407.699800981
2002-06-27 00:00:00+00:00,11222856.069623245
2002-06-28 00:00:00+00:00,11228290.389272703
2002-07-01 00:00:00+00:00,11258468.011057151
2002-07-02 00:00:00+00:00,11291943.932960285
2002-07-03 00:00:00+00:00,11283725.308719518
2002-07-04 00:00:00+00:00,11379416.143855454
2002-07-05 00:00:00+00:00,11440953.893267991
2002-07-08 00:00:00+00:00,11434823.274317186
2002-07-09 00:00:00+00:00,11425646.164426422
2002-07-10 00:00:00+00:00,11421804.846552467
2002-07-11 00:00:00+00:00,11406877.776538467
2002-07-12 00:00:00+00:00,11439578.803354358
2002-07-15 00:00:00+00:00,11489246.534729576
2002-07-16 00:00:00+00:00,11452692.319609975
2002-07-17 00:00:00+00:00,11433028.018507814
2002-07-18 00:00:00+00:00,11492569.422905063
2002-07-19 00:00:00+00:00,11471723.422810411
2002-07-22 00:00:00+00:00,11417403.594455814
2002-07-23 00:00:00+00:00,11456780.958044624
2002-07-24 00:00:00+00:00,11415453.536361786
2002-07-25 00:00:00+00:00,11441984.548786016
2002-07-26 00:00:00+00:00,11401743.885158153
2002-07-29 00:00:00+00:00,11373908.311112655
2002-07-30 00:00:00+00:00,11363412.663278831
2002-07-31 00:00:00+00:00,11343054.928522123
2002-08-01 00:00:00+00:00,11294038.4248699
2002-08-02 00:00:00+00:00,11328295.985948091
2002-08-05 00:00:00+00:00,11424223.179101711
2002-08-06 00:00:00+00:00,11480244.914040571
2002-08-07 00:00:00+00:00,11505661.328875309
2002-08-08 00:00:00+00:00,11395159.558171635
2002-08-09 00:00:00+00:00,11458451.620017296
2002-08-12 00:00:00+00:00,11469558.90563715
2002-08-13 00:00:00+00:00,11496204.820840364
2002-08-14 00:00:00+00:00,11452291.79235757
2002-08-15 00:00:00+00:00,11452291.79235757
2002-08-16 00:00:00+00:00,11481334.058335548
2002-08-19 00:00:00+00:00,11459492.221700316
2002-08-20 00:00:00+00:00,11486989.233042246
2002-08-21 00:00:00+00:00,11488015.55383802
2002-08-22 00:00:00+00:00,11434014.234794384
2002-08-23 00:00:00+00:00,11426916.179557329
2002-08-26 00:00:00+00:00,11462630.093865162
2002-08-27 00:00:00+00:00,11405189.25896359
2002-08-28 00:00:00+00:00,11403519.813563352
2002-08-29 00:00:00+00:00,11386107.506753212
2002-08-30 00:00:00+00:00,11381932.05149642
2002-09-02 00:00:00+00:00,11429961.934759054
2002-09-03 00:00:00+00:00,11385463.127437983
2002-09-04 00:00:00+00:00,11357672.96515027
2002-09-05 00:00:00+00:00,11402192.940000925
2002-09-06 00:00:00+00:00,11350435.018320713
2002-09-09 00:00:00+00:00,11262657.142959747
2002-09-10 00:00:00+00:00,11262657.142959747
2002-09-11 00:00:00+00:00,11267794.8087844
2002-09-12 00:00:00+00:00,11292333.833686743
2002-09-13 00:00:00+00:00,11299448.63144413
2002-09-16 00:00:00+00:00,11273707.968266163
2002-09-17 00:00:00+00:00,11256691.294150505
2002-09-18 00:00:00+00:00,11208374.67072216
2002-09-19 00:00:00+00:00,11167823.055600796
2002-09-20 00:00:00+00:00,11163037.983104702
2002-09-23 00:00:00+00:00,11156105.900122877
2002-09-24 00:00:00+00:00,11147189.168163534
2002-09-25 00:00:00+00:00,11153497.307871576
2002-09-26 00:00:00+00:00,11164293.62251113
2002-09-27 00:00:00+00:00,11165867.95914505
2002-09-30 00:00:00+00:00,11153857.105494887
2002-10-01 00:00:00+00:00,11143086.35028296
2002-10-02 00:00:00+00:00,11143086.35028296
2002-10-03 00:00:00+00:00,11123142.081538014
2002-10-04 00:00:00+00:00,11134677.386393122
2002-10-07 00:00:00+00:00,11155392.679505162
2002-10-08 00:00:00+00:00,11216316.078676514
2002-10-09 00:00:00+00:00,11219935.102187209
2002-10-10 00:00:00+00:00,11208728.21171289
2002-10-11 00:00:00+00:00,11280770.376985125
2002-10-14 00:00:00+00:00,11295190.826421075
2002-10-15 00:00:00+00:00,11295190.826421075
2002-10-16 00:00:00+00:00,11277580.722400002
2002-10-17 00:00:00+00:00,11257949.510961346
2002-10-18 00:00:00+00:00,11278136.979564242
2002-10-21 00:00:00+00:00,11300852.513667159
2002-10-22 00:00:00+00:00,11228435.63762217
2002-10-23 00:00:00+00:00,11196532.900995068
2002-10-24 00:00:00+00:00,11155539.46602016
2002-10-25 00:00:00+00:00,11147366.785562837
2002-10-28 00:00:00+00:00,11137190.736286415
2002-10-29 00:00:00+00:00,11136800.914366808
2002-10-30 00:00:00+00:00,11157132.325342026
2002-10-31 00:00:00+00:00,11211849.99698564
2002-11-01 00:00:00+00:00,11268209.812832532
2002-11-04 00:00:00+00:00,11270656.691979503
2002-11-05 00:00:00+00:00,11249360.383806562
2002-11-06 00:00:00+00:00,11246135.14267598
2002-11-07 00:00:00+00:00,11249693.75728713
2002-11-08 00:00:00+00:00,11232381.06156741
2002-11-11 00:00:00+00:00,11195123.424625501
2002-11-12 00:00:00+00:00,11213219.13547965
2002-11-13 00:00:00+00:00,11207152.002611836
2002-11-14 00:00:00+00:00,11159972.020975789
2002-11-15 00:00:00+00:00,11152235.245972356
2002-11-18 00:00:00+00:00,11192552.166752538
2002-11-19 00:00:00+00:00,11192552.166752538
2002-11-20 00:00:00+00:00,11162138.29005309
2002-11-21 00:00:00+00:00,11164299.45538207
2002-11-22 00:00:00+00:00,11168491.895592412
2002-11-25 00:00:00+00:00,11204174.837328633
2002-11-26 00:00:00+00:00,11233065.817732533
2002-11-27 00:00:00+00:00,11211493.37454253
2002-11-28 00:00:00+00:00,11248572.222771581
2002-11-29 00:00:00+00:00,11315842.883363184
2002-12-02 00:00:00+00:00,11359649.505008038
2002-12-03 00:00:00+00:00,11280694.938823344
2002-12-04 00:00:00+00:00,11253325.130818607
2002-12-05 00:00:00+00:00,11272240.178819539
2002-12-06 00:00:00+00:00,11341739.49485028
2002-12-09 00:00:00+00:00,11291092.360463263
2002-12-10 00:00:00+00:00,11292466.802769901
2002-12-11 00:00:00+00:00,11278514.631339194
2002-12-12 00:00:00+00:00,11275735.149717452
2002-12-13 00:00:00+00:00,11318600.723988535
2002-12-16 00:00:00+00:00,11318048.60915065
2002-12-17 00:00:00+00:00,11297341.05037296
2002-12-18 00:00:00+00:00,11321829.289568784
2002-12-19 00:00:00+00:00,11320443.171662094
2002-12-20 00:00:00+00:00,11355532.136106731
2002-12-23 00:00:00+00:00,11374360.9025993
2002-12-24 00:00:00+00:00,11362788.372000659
2002-12-25 00:00:00+00:00,11362788.372000659
2002-12-26 00:00:00+00:00,11354757.551771265
2002-12-27 00:00:00+00:00,11368719.21936236
2002-12-30 00:00:00+00:00,11382902.189649682
2002-12-31 00:00:00+00:00,11401070.839281183
2003-01-01 00:00:00+00:00,11390807.4667512
2003-01-02 00:00:00+00:00,11434465.240026575
2003-01-03 00:00:00+00:00,11441393.289787393
2003-01-06 00:00:00+00:00,11418361.597643
2003-01-07 00:00:00+00:00,11449001.642326456
2003-01-08 00:00:00+00:00,11450512.58620686
2003-01-09 00:00:00+00:00,11472891.571182676
2003-01-10 00:00:00+00:00,11471440.674601026
2003-01-13 00:00:00+00:00,11487016.940638013
2003-01-14 00:00:00+00:00,11497418.279180951
2003-01-15 00:00:00+00:00,11477188.53151936
2003-01-16 00:00:00+00:00,11492993.838978238
2003-01-17 00:00:00+00:00,11503470.325231977
2003-01-20 00:00:00+00:00,11481513.945822187
2003-01-21 00:00:00+00:00,11480767.163565107
2003-01-22 00:00:00+00:00,11489950.706415601
2003-01-23 00:00:00+00:00,11484030.296827741
2003-01-24 00:00:00+00:00,11362504.153830592
2003-01-27 00:00:00+00:00,11242089.45593566
2003-01-28 00:00:00+00:00,11244933.44257719
2003-01-29 00:00:00+00:00,11284737.97470183
2003-01-30 00:00:00+00:00,11291196.985575505
2003-01-31 00:00:00+00:00,11266804.360158153
2003-02-03 00:00:00+00:00,11271386.031159468
2003-02-04 00:00:00+00:00,11270660.580973573
2003-02-05 00:00:00+00:00,11243725.132461376
2003-02-06 00:00:00+00:00,11317315.882183738
2003-02-07 00:00:00+00:00,11349183.331543196
2003-02-10 00:00:00+00:00,11317068.980196226
2003-02-11 00:00:00+00:00,11332084.79462837
2003-02-12 00:00:00+00:00,11303894.805195082
2003-02-13 00:00:00+00:00,11300080.958729018
2003-02-14 00:00:00+00:00,11302263.565407027
2003-02-17 00:00:00+00:00,10841488.565468062
2003-02-18 00:00:00+00:00,11344447.12112068
2003-02-19 00:00:00+00:00,11388781.244871048
2003-02-20 00:00:00+00:00,11394062.549083618
2003-02-21 00:00:00+00:00,11430963.94465628
2003-02-24 00:00:00+00:00,11639462.535538442
2003-02-25 00:00:00+00:00,11566164.092774581
2003-02-26 00:00:00+00:00,11585546.861728858
2003-02-27 00:00:00+00:00,11608581.19435377
2003-02-28 00:00:00+00:00,11575755.454137277
2003-03-03 00:00:00+00:00,11569377.62865002
2003-03-04 00:00:00+00:00,11541362.176171016
2003-03-05 00:00:00+00:00,11498092.633373281
2003-03-06 00:00:00+00:00,11473754.772550175
2003-03-07 00:00:00+00:00,11453393.523758242
2003-03-10 00:00:00+00:00,11456782.19288878
2003-03-11 00:00:00+00:00,11451723.50537352
2003-03-12 00:00:00+00:00,11464647.796103043
2003-03-13 00:00:00+00:00,11441059.870737595
2003-03-14 00:00:00+00:00,11432964.406031175
2003-03-17 00:00:00+00:00,11423699.940928025
2003-03-18 00:00:00+00:00,11381808.937986894
2003-03-19 00:00:00+00:00,11369662.276573263
2003-03-20 00:00:00+00:00,11361024.333088003
2003-03-21 00:00:00+00:00,11365778.560737692
2003-03-24 00:00:00+00:00,11364037.583088003
2003-03-25 00:00:00+00:00,11327764.74424981
2003-03-26 00:00:00+00:00,11341469.06048857
2003-03-27 00:00:00+00:00,11370168.841702212
2003-03-28 00:00:00+00:00,11351682.333407272
2003-03-31 00:00:00+00:00,11298768.638850678
2003-04-01 00:00:00+00:00,11311736.905874837
2003-04-02 00:00:00+00:00,11341690.217522133
2003-04-03 00:00:00+00:00,11383615.506118167
2003-04-04 00:00:00+00:00,11419857.846359957
2003-04-07 00:00:00+00:00,11513995.208168257
2003-04-08 00:00:00+00:00,11539032.696107853
2003-04-09 00:00:00+00:00,11539021.002607413
2003-04-10 00:00:00+00:00,11511227.300459452
2003-04-11 00:00:00+00:00,11509858.360312529
2003-04-14 00:00:00+00:00,13236954.21488721
2003-04-15 00:00:00+00:00,11522213.754438333
2003-04-16 00:00:00+00:00,11534087.738540582
2003-04-17 00:00:00+00:00,11555275.590187483
2003-04-18 00:00:00+00:00,10576735.695714884
2003-04-21 00:00:00+00:00,11568566.376927786
2003-04-22 00:00:00+00:00,11548922.760504179
2003-04-23 00:00:00+00:00,11511809.439125206
2003-04-24 00:00:00+00:00,11492194.546292927
2003-04-25 00:00:00+00:00,11506277.387550022
2003-04-28 00:00:00+00:00,11489432.00621381
2003-04-29 00:00:00+00:00,11495376.506936695
2003-04-30 00:00:00+00:00,11511472.731336262
2003-05-01 00:00:00+00:00,11501261.834695484
2003-05-02 00:00:00+00:00,11491067.47037473
2003-05-05 00:00:00+00:00,11537444.830610897
2003-05-06 00:00:00+00:00,11541428.987870838
2003-05-07 00:00:00+00:00,11555652.750684407
2003-05-08 00:00:00+00:00,11546246.816452172
2003-05-09 00:00:00+00:00,11551915.509314682
2003-05-12 00:00:00+00:00,11568374.86284795
2003-05-13 00:00:00+00:00,11641813.45831218
2003-05-14 00:00:00+00:00,11679124.128098702
2003-05-15 00:00:00+00:00,11668098.699855542
2003-05-16 00:00:00+00:00,11664914.858865475
2003-05-19 00:00:00+00:00,11658060.85667107
2003-05-20 00:00:00+00:00,11661608.741360402
2003-05-21 00:00:00+00:00,11705162.03491423
2003-05-22 00:00:00+00:00,11673949.798299892
2003-05-23 00:00:00+00:00,11763330.27811299
2003-05-26 00:00:00+00:00,10827975.52792178
2003-05-27 00:00:00+00:00,11760803.17839126
2003-05-28 00:00:00+00:00,11786067.309037965
2003-05-29 00:00:00+00:00,11872391.205982488
2003-05-30 00:00:00+00:00,11923670.96004004
2003-06-02 00:00:00+00:00,11942614.238525687
2003-06-03 00:00:00+00:00,11922424.576881705
2003-06-04 00:00:00+00:00,11982517.105553446
2003-06-05 00:00:00+00:00,12004279.419421015
2003-06-06 00:00:00+00:00,12000385.70845729
2003-06-09 00:00:00+00:00,11983285.888712225
2003-06-10 00:00:00+00:00,11995137.356963454
2003-06-11 00:00:00+00:00,12001490.806339083
2003-06-12 00:00:00+00:00,11982959.355377493
2003-06-13 00:00:00+00:00,11994314.483274756
2003-06-16 00:00:00+00:00,12096201.954759417
2003-06-17 00:00:00+00:00,12120141.125350295
2003-06-18 00:00:00+00:00,12081171.932131587
2003-06-19 00:00:00+00:00,12123792.219454108
2003-06-20 00:00:00+00:00,12095261.091475932
2003-06-23 00:00:00+00:00,12033152.631623236
2003-06-24 00:00:00+00:00,12070508.216187922
2003-06-25 00:00:00+00:00,12117256.115021674
2003-06-26 00:00:00+00:00,12059271.099185435
2003-06-27 00:00:00+00:00,12115871.764674962
2003-06-30 00:00:00+00:00,12189624.305371106
2003-07-01 00:00:00+00:00,12186874.736056149
2003-07-02 00:00:00+00:00,12201784.33452493
2003-07-03 00:00:00+00:00,12215103.088114941
2003-07-04 00:00:00+00:00,11839241.509593213
2003-07-07 00:00:00+00:00,12359868.271002496
2003-07-08 00:00:00+00:00,12328298.745626686
2003-07-09 00:00:00+00:00,12325988.992130516
2003-07-10 00:00:00+00:00,12298337.468167542
2003-07-11 00:00:00+00:00,12290187.2330029
2003-07-14 00:00:00+00:00,12309834.341027973
2003-07-15 00:00:00+00:00,12305523.518814323
2003-07-16 00:00:00+00:00,12308491.105738526
2003-07-17 00:00:00+00:00,12316011.384805566
2003-07-18 00:00:00+00:00,12300417.597075673
2003-07-21 00:00:00+00:00,12227661.308700686
2003-07-22 00:00:00+00:00,12198710.567742473
2003-07-23 00:00:00+00:00,12215960.750800231
2003-07-24 00:00:00+00:00,12242434.768696645
2003-07-25 00:00:00+00:00,12257129.262350181
2003-07-28 00:00:00+00:00,12228485.981097559
2003-07-29 00:00:00+00:00,12253564.481108049
2003-07-30 00:00:00+00:00,12267056.815958837
2003-07-31 00:00:00+00:00,12313721.683441022
2003-08-01 00:00:00+00:00,12346743.103676418
2003-08-04 00:00:00+00:00,12408917.786091557
2003-08-05 00:00:00+00:00,12421053.269855728
2003-08-06 00:00:00+00:00,12435032.145513764
2003-08-07 00:00:00+00:00,12555673.554372778
2003-08-08 00:00:00+00:00,12587308.167071333
2003-08-11 00:00:00+00:00,12628968.542835465
2003-08-12 00:00:00+00:00,12621446.062704077
2003-08-13 00:00:00+00:00,12631164.259287586
2003-08-14 00:00:00+00:00,12613162.610929152
2003-08-15 00:00:00+00:00,12609441.714045664
2003-08-18 00:00:00+00:00,12637740.436643263
2003-08-19 00:00:00+00:00,12614382.809848964
2003-08-20 00:00:00+00:00,12590433.057086647
2003-08-21 00:00:00+00:00,12609180.544858634
2003-08-22 00:00:00+00:00,12691335.258717716
2003-08-25 00:00:00+00:00,12489091.754862487
2003-08-26 00:00:00+00:00,12611182.444160577
2003-08-27 00:00:00+00:00,12674632.820430871
2003-08-28 00:00:00+00:00,12683458.259534132
2003-08-29 00:00:00+00:00,12720813.87983967
2003-09-01 00:00:00+00:00,12763789.242976535
2003-09-02 00:00:00+00:00,12783471.643169273
2003-09-03 00:00:00+00:00,12751632.707616676
2003-09-04 00:00:00+00:00,12775758.885908473
2003-09-05 00:00:00+00:00,12836410.14989363
2003-09-08 00:00:00+00:00,12900250.292561878
2003-09-09 00:00:00+00:00,12896506.189917434
2003-09-10 00:00:00+00:00,12871335.778997768
2003-09-11 00:00:00+00:00,12920862.843943466
2003-09-12 00:00:00+00:00,12856976.034089435
2003-09-15 00:00:00+00:00,12815619.873960841
2003-09-16 00:00:00+00:00,12876345.963035032
2003-09-17 00:00:00+00:00,12779325.446671903
2003-09-18 00:00:00+00:00,12586407.761679202
2003-09-19 00:00:00+00:00,12600291.694813427
2003-09-22 00:00:00+00:00,12560869.138481315
2003-09-23 00:00:00+00:00,12586578.382340606
2003-09-24 00:00:00+00:00,12624976.885945495
2003-09-25 00:00:00+00:00,12659117.48013037
2003-09-26 00:00:00+00:00,12740036.794151004
2003-09-29 00:00:00+00:00,12782076.040488418
2003-09-30 00:00:00+00:00,12801131.288769897
2003-10-01 00:00:00+00:00,12843827.047559913
2003-10-02 00:00:00+00:00,12843827.047559913
2003-10-03 00:00:00+00:00,12924080.01516598
2003-10-06 00:00:00+00:00,13009637.67597359
2003-10-07 00:00:00+00:00,13016792.972449
2003-10-08 00:00:00+00:00,12982117.774713214
2003-10-09 00:00:00+00:00,13043170.164527591
2003-10-10 00:00:00+00:00,13107486.817149337
2003-10-13 00:00:00+00:00,13229839.333735641
2003-10-14 00:00:00+00:00,13132009.835453209
2003-10-15 00:00:00+00:00,13180064.503884967
2003-10-16 00:00:00+00:00,13227816.144511031
2003-10-17 00:00:00+00:00,13251134.25670117
2003-10-20 00:00:00+00:00,13252834.92550343
2003-10-21 00:00:00+00:00,13157340.880879102
2003-10-22 00:00:00+00:00,13166838.949263273
2003-10-23 00:00:00+00:00,13161516.870258985
2003-10-24 00:00:00+00:00,13189026.998427091
2003-10-27 00:00:00+00:00,13182872.870085416
2003-10-28 00:00:00+00:00,13173552.675829588
2003-10-29 00:00:00+00:00,13210790.870085416
2003-10-30 00:00:00+00:00,13279008.823218046
2003-10-31 00:00:00+00:00,13280866.485613523
2003-11-03 00:00:00+00:00,13296629.52153462
2003-11-04 00:00:00+00:00,13351007.4723317
2003-11-05 00:00:00+00:00,13315438.448898016
2003-11-06 00:00:00+00:00,13350217.56836289
2003-11-07 00:00:00+00:00,13312057.010914503
2003-11-10 00:00:00+00:00,13337417.374107061
2003-11-11 00:00:00+00:00,13337375.559936224
2003-11-12 00:00:00+00:00,13359167.027586637
2003-11-13 00:00:00+00:00,13325183.493532835
2003-11-14 00:00:00+00:00,13173859.19230802
2003-11-17 00:00:00+00:00,13298646.96895535
2003-11-18 00:00:00+00:00,13222009.499677967
2003-11-19 00:00:00+00:00,13137096.392577719
2003-11-20 00:00:00+00:00,13019625.651936602
2003-11-21 00:00:00+00:00,13064037.475522794
2003-11-24 00:00:00+00:00,13145171.325803125
2003-11-25 00:00:00+00:00,13197453.038379991
2003-11-26 00:00:00+00:00,16065803.227840746
2003-11-27 00:00:00+00:00,13261989.516118227
2003-11-28 00:00:00+00:00,13304130.369263826
2003-12-01 00:00:00+00:00,13338595.606505571
2003-12-02 00:00:00+00:00,13394116.807381807
2003-12-03 00:00:00+00:00,13419808.302955013
2003-12-04 00:00:00+00:00,13478829.499091487
2003-12-05 00:00:00+00:00,13475292.049836498
2003-12-08 00:00:00+00:00,13559737.729445796
2003-12-09 00:00:00+00:00,13675821.87520061
2003-12-10 00:00:00+00:00,13616083.137496334
2003-12-11 00:00:00+00:00,13623389.974294048
2003-12-12 00:00:00+00:00,13712059.585401874
2003-12-15 00:00:00+00:00,13778518.773607593
2003-12-16 00:00:00+00:00,13751387.403108936
2003-12-17 00:00:00+00:00,13806635.821154933
2003-12-18 00:00:00+00:00,13986236.697529178
2003-12-19 00:00:00+00:00,13964644.937653055
2003-12-22 00:00:00+00:00,14017349.300959101
2003-12-23 00:00:00+00:00,14036946.84435159
2003-12-24 00:00:00+00:00,14156474.008246243
2003-12-25 00:00:00+00:00,14156474.008246243
2003-12-26 00:00:00+00:00,14172672.443091214
2003-12-29 00:00:00+00:00,14196950.508616269
2003-12-30 00:00:00+00:00,14171781.30723077
2003-12-31 00:00:00+00:00,14160207.607405137
2004-01-01 00:00:00+00:00,14209857.475450944
2004-01-02 00:00:00+00:00,14248508.555853318
2004-01-05 00:00:00+00:00,14204842.666346025
2004-01-06 00:00:00+00:00,14209230.04537816
2004-01-07 00:00:00+00:00,14204548.953451585
2004-01-08 00:00:00+00:00,14261313.016931962
2004-01-09 00:00:00+00:00,14301790.914229088
2004-01-12 00:00:00+00:00,14272344.361609153
2004-01-13 00:00:00+00:00,14341505.22346287
2004-01-14 00:00:00+00:00,14460562.339484451
2004-01-15 00:00:00+00:00,14381817.410580872
2004-01-16 00:00:00+00:00,14183388.228600739
2004-01-19 00:00:00+00:00,14272122.614928482
2004-01-20 00:00:00+00:00,14164757.354346512
2004-01-21 00:00:00+00:00,13904283.018937862
2004-01-22 00:00:00+00:00,13864211.090738492
2004-01-23 00:00:00+00:00,13934085.187378436
2004-01-26 00:00:00+00:00,13934085.187378436
2004-01-27 00:00:00+00:00,14054915.806774646
2004-01-28 00:00:00+00:00,14009438.432685405
2004-01-29 00:00:00+00:00,13991886.739644557
2004-01-30 00:00:00+00:00,13937045.31843713
2004-02-02 00:00:00+00:00,13937045.31843713
2004-02-03 00:00:00+00:00,13863143.121239215
2004-02-04 00:00:00+00:00,13911838.661386997
2004-02-05 00:00:00+00:00,13888111.166206867
2004-02-06 00:00:00+00:00,13949119.42319253
2004-02-09 00:00:00+00:00,13946283.609956294
2004-02-10 00:00:00+00:00,13900919.521178752
2004-02-11 00:00:00+00:00,13942477.037461787
2004-02-12 00:00:00+00:00,14018783.63751939
2004-02-13 00:00:00+00:00,14089753.360618144
2004-02-16 00:00:00+00:00,14155555.21529153
2004-02-17 00:00:00+00:00,14123310.512680845
2004-02-18 00:00:00+00:00,14097138.588717299
2004-02-19 00:00:00+00:00,14058555.94994052
2004-02-20 00:00:00+00:00,14040880.765189009
2004-02-23 00:00:00+00:00,14034555.691547232
2004-02-24 00:00:00+00:00,14030173.377231436
2004-02-25 00:00:00+00:00,14025038.305411177
2004-02-26 00:00:00+00:00,14017317.688789206
2004-02-27 00:00:00+00:00,14013636.375596838
2004-03-01 00:00:00+00:00,14042758.884122686
2004-03-02 00:00:00+00:00,14042758.884122686
2004-03-03 00:00:00+00:00,14083556.666413145
2004-03-04 00:00:00+00:00,14061280.956139402
2004-03-05 00:00:00+00:00,14052549.635030584
2004-03-08 00:00:00+00:00,14032916.756457167
2004-03-09 00:00:00+00:00,14018469.494520979
2004-03-10 00:00:00+00:00,13989489.64076789
2004-03-11 00:00:00+00:00,13937968.02048953
2004-03-12 00:00:00+00:00,13899483.602288084
2004-03-15 00:00:00+00:00,13845231.72844203
2004-03-16 00:00:00+00:00,13809312.31737216
2004-03-17 00:00:00+00:00,13832421.761748152
2004-03-18 00:00:00+00:00,13816228.879072027
2004-03-19 00:00:00+00:00,13789929.476478415
2004-03-22 00:00:00+00:00,13750092.499458151
2004-03-23 00:00:00+00:00,13763758.598597365
2004-03-24 00:00:00+00:00,13796929.890081828
2004-03-25 00:00:00+00:00,13803711.982443279
2004-03-26 00:00:00+00:00,13809120.574362224
2004-03-29 00:00:00+00:00,13808777.166502422
2004-03-30 00:00:00+00:00,13827578.337461894
2004-03-31 00:00:00+00:00,13845177.548162883
2004-04-01 00:00:00+00:00,13833931.219122356
2004-04-02 00:00:00+00:00,13823800.916502422
2004-04-05 00:00:00+00:00,13844920.00864262
2004-04-06 00:00:00+00:00,13861746.600782817
2004-04-07 00:00:00+00:00,13867756.140081828
2004-04-08 00:00:00+00:00,13857196.561262554
2004-04-09 00:00:00+00:00,13857196.561262554
2004-04-12 00:00:00+00:00,13854277.692701763
2004-04-13 00:00:00+00:00,13843889.785063213
2004-04-14 00:00:00+00:00,13843889.785063213
2004-04-15 00:00:00+00:00,13840198.232443279
2004-04-16 00:00:00+00:00,13842086.942923015
2004-04-19 00:00:00+00:00,13826462.245542949
2004-04-20 00:00:00+00:00,13820452.77174229
2004-04-21 00:00:00+00:00,13827406.600782817
2004-04-22 00:00:00+00:00,13863978.719122356
2004-04-23 00:00:00+00:00,13879860.956022685
2004-04-26 00:00:00+00:00,13201989.363882488
2004-04-27 00:00:00+00:00,13863978.719122356
2004-04-28 00:00:00+00:00,13888531.824362224
2004-04-29 00:00:00+00:00,13880719.442923015
2004-04-30 00:00:00+00:00,13891450.692923015
2004-05-03 00:00:00+00:00,13880547.77174229
2004-05-04 00:00:00+00:00,13929053.03484196
2004-05-05 00:00:00+00:00,13920124.626982158
2004-05-06 00:00:00+00:00,13920897.245542949
2004-05-07 00:00:00+00:00,13910337.732222026
2004-05-10 00:00:00+00:00,13924588.798162883
2004-05-11 00:00:00+00:00,13881320.39030308
2004-05-12 00:00:00+00:00,13881062.850782817
2004-05-13 00:00:00+00:00,13924417.126982158
2004-05-14 00:00:00+00:00,13876770.350782817
2004-05-17 00:00:00+00:00,13767655.00864262
2004-05-18 00:00:00+00:00,13873078.798162883
2004-05-19 00:00:00+00:00,13886900.653402751
2004-05-20 00:00:00+00:00,13878315.653402751
2004-05-21 00:00:00+00:00,13872907.126982158
2004-05-24 00:00:00+00:00,13885011.942923015
2004-05-25 00:00:00+00:00,13883724.245321697
2004-05-26 00:00:00+00:00,13882694.02174229
2004-05-27 00:00:00+00:00,13877972.245542949
2004-05-28 00:00:00+00:00,13861746.600782817
2004-05-31 00:00:00+00:00,13817448.03484196
2004-06-01 00:00:00+00:00,13828179.28484196
2004-06-02 00:00:00+00:00,13841571.863882488
2004-06-03 00:00:00+00:00,13819336.745321697
2004-06-04 00:00:00+00:00,13823800.916502422
2004-06-07 00:00:00+00:00,13828179.28484196
2004-06-08 00:00:00+00:00,13825002.811262554
2004-06-09 00:00:00+00:00,13842430.350782817
2004-06-10 00:00:00+00:00,13855479.587461894
2004-06-11 00:00:00+00:00,13863721.179602092
2004-06-14 00:00:00+00:00,13850328.535063213
2004-06-15 00:00:00+00:00,13856509.745542949
2004-06-16 00:00:00+00:00,13847495.53484196
2004-06-17 00:00:00+00:00,13817877.245542949
2004-06-18 00:00:00+00:00,13820796.179602092
2004-06-21 00:00:00+00:00,13820881.982443279
2004-06-22 00:00:00+00:00,13804141.25864262
2004-06-23 00:00:00+00:00,13794869.442923015
2004-06-24 00:00:00+00:00,13785340.087683147
2004-06-25 00:00:00+00:00,13770831.482222026
2004-06-28 00:00:00+00:00,13769286.179602092
2004-06-29 00:00:00+00:00,13751085.956022685
2004-06-30 00:00:00+00:00,13760357.77174229
2004-07-01 00:00:00+00:00,13770659.745542949
2004-07-02 00:00:00+00:00,13778472.126982158
2004-07-05 00:00:00+00:00,13774007.89030308
2004-07-06 00:00:00+00:00,13776240.00864262
2004-07-07 00:00:00+00:00,13781734.403402751
2004-07-08 00:00:00+00:00,13780446.64030308
2004-07-09 00:00:00+00:00,13769371.982443279
2004-07-12 00:00:00+00:00,13767483.337461894
2004-07-13 00:00:00+00:00,13760615.311262554
2004-07-14 00:00:00+00:00,13758383.192923015
2004-07-15 00:00:00+00:00,13741127.357332652
2004-07-16 00:00:00+00:00,13751257.659952587
2004-07-19 00:00:00+00:00,13760529.442923015
2004-07-20 00:00:00+00:00,13769457.850782817
2004-07-21 00:00:00+00:00,13774351.298162883
2004-07-22 00:00:00+00:00,13775724.929602092
2004-07-23 00:00:00+00:00,13774608.837683147
2004-07-26 00:00:00+00:00,13827320.732443279
2004-07-27 00:00:00+00:00,13825861.298162883
2004-07-28 00:00:00+00:00,13820624.442923015
2004-07-29 00:00:00+00:00,13812554.587461894
2004-07-30 00:00:00+00:00,13824573.535063213
2004-08-02 00:00:00+00:00,13806630.916502422
2004-08-03 00:00:00+00:00,13805343.153402751
2004-08-04 00:00:00+00:00,13796414.745542949
2004-08-05 00:00:00+00:00,13849552.57424842
2004-08-06 00:00:00+00:00,13849552.57424842
2004-08-09 00:00:00+00:00,13849552.57424842
2004-08-10 00:00:00+00:00,13849552.57424842
2004-08-11 00:00:00+00:00,13849552.57424842
2004-08-12 00:00:00+00:00,13849552.57424842
2004-08-13 00:00:00+00:00,13849552.57424842
2004-08-16 00:00:00+00:00,13849552.57424842
2004-08-17 00:00:00+00:00,13849552.57424842
2004-08-18 00:00:00+00:00,13849552.57424842
2004-08-19 00:00:00+00:00,13849552.57424842
2004-08-20 00:00:00+00:00,13849552.57424842
2004-08-23 00:00:00+00:00,13849552.57424842
2004-08-24 00:00:00+00:00,13849552.57424842
2004-08-25 00:00:00+00:00,13849552.57424842
2004-08-26 00:00:00+00:00,13849552.57424842
2004-08-27 00:00:00+00:00,13849552.57424842
2004-08-30 00:00:00+00:00,13849552.57424842
2004-08-31 00:00:00+00:00,13849552.57424842
2004-09-01 00:00:00+00:00,13849552.57424842
2004-09-02 00:00:00+00:00,13849552.57424842
2004-09-03 00:00:00+00:00,13849552.57424842
2004-09-06 00:00:00+00:00,13849552.57424842
2004-09-07 00:00:00+00:00,13849552.57424842
2004-09-08 00:00:00+00:00,13849552.57424842
2004-09-09 00:00:00+00:00,13849552.57424842
2004-09-10 00:00:00+00:00,13849552.57424842
2004-09-13 00:00:00+00:00,13849552.57424842
2004-09-14 00:00:00+00:00,13849552.57424842
2004-09-15 00:00:00+00:00,13849552.57424842
2004-09-16 00:00:00+00:00,13849552.57424842
2004-09-17 00:00:00+00:00,13849552.57424842
2004-09-20 00:00:00+00:00,13849552.57424842
2004-09-21 00:00:00+00:00,13849552.57424842
2004-09-22 00:00:00+00:00,13849552.57424842
2004-09-23 00:00:00+00:00,13849552.57424842
2004-09-24 00:00:00+00:00,13849552.57424842
2004-09-27 00:00:00+00:00,13849552.57424842
2004-09-28 00:00:00+00:00,13849552.57424842
2004-09-29 00:00:00+00:00,13849552.57424842
2004-09-30 00:00:00+00:00,13849552.57424842
2004-10-01 00:00:00+00:00,13849552.57424842
2004-10-04 00:00:00+00:00,13849552.57424842
2004-10-05 00:00:00+00:00,13849552.57424842
2004-10-06 00:00:00+00:00,13849552.57424842
2004-10-07 00:00:00+00:00,13849552.57424842
2004-10-08 00:00:00+00:00,13849552.57424842
2004-10-11 00:00:00+00:00,13849552.57424842
2004-10-12 00:00:00+00:00,13849552.57424842
2004-10-13 00:00:00+00:00,13849552.57424842
2004-10-14 00:00:00+00:00,13849552.57424842
2004-10-15 00:00:00+00:00,13849552.57424842
2004-10-18 00:00:00+00:00,13849552.57424842
2004-10-19 00:00:00+00:00,13849552.57424842
2004-10-20 00:00:00+00:00,13849552.57424842
2004-10-21 00:00:00+00:00,13849552.57424842
2004-10-22 00:00:00+00:00,13849552.57424842
2004-10-25 00:00:00+00:00,13849552.57424842
2004-10-26 00:00:00+00:00,13849552.57424842
2004-10-27 00:00:00+00:00,13849552.57424842
2004-10-28 00:00:00+00:00,13849552.57424842
2004-10-29 00:00:00+00:00,13849552.57424842
2004-11-01 00:00:00+00:00,13849552.57424842
2004-11-02 00:00:00+00:00,13849552.57424842
2004-11-03 00:00:00+00:00,13849552.57424842
2004-11-04 00:00:00+00:00,13849552.57424842
2004-11-05 00:00:00+00:00,13849552.57424842
2004-11-08 00:00:00+00:00,13849552.57424842
2004-11-09 00:00:00+00:00,13849552.57424842
2004-11-10 00:00:00+00:00,13849552.57424842
2004-11-11 00:00:00+00:00,13849552.57424842
2004-11-12 00:00:00+00:00,13849552.57424842
2004-11-15 00:00:00+00:00,13849552.57424842
2004-11-16 00:00:00+00:00,13849552.57424842
2004-11-17 00:00:00+00:00,13849552.57424842
2004-11-18 00:00:00+00:00,13849552.57424842
2004-11-19 00:00:00+00:00,13849552.57424842
2004-11-22 00:00:00+00:00,13849552.57424842
2004-11-23 00:00:00+00:00,13849552.57424842
2004-11-24 00:00:00+00:00,13849552.57424842
2004-11-25 00:00:00+00:00,13849552.57424842
2004-11-26 00:00:00+00:00,13849552.57424842
2004-11-29 00:00:00+00:00,13849552.57424842
2004-11-30 00:00:00+00:00,13849552.57424842
2004-12-01 00:00:00+00:00,13849552.57424842
2004-12-02 00:00:00+00:00,13849552.57424842
2004-12-03 00:00:00+00:00,13849552.57424842
2004-12-06 00:00:00+00:00,13849552.57424842
2004-12-07 00:00:00+00:00,13849552.57424842
2004-12-08 00:00:00+00:00,13849552.57424842
2004-12-09 00:00:00+00:00,13849552.57424842
2004-12-10 00:00:00+00:00,13849552.57424842
2004-12-13 00:00:00+00:00,13849552.57424842
2004-12-14 00:00:00+00:00,13849552.57424842
2004-12-15 00:00:00+00:00,13849552.57424842
2004-12-16 00:00:00+00:00,13849552.57424842
2004-12-17 00:00:00+00:00,13849552.57424842
2004-12-20 00:00:00+00:00,13849552.57424842
2004-12-21 00:00:00+00:00,13849552.57424842
2004-12-22 00:00:00+00:00,13849552.57424842
2004-12-23 00:00:00+00:00,13849552.57424842
2004-12-24 00:00:00+00:00,13849552.57424842
2004-12-27 00:00:00+00:00,13849552.57424842
2004-12-28 00:00:00+00:00,13849552.57424842
2004-12-29 00:00:00+00:00,13849552.57424842
2004-12-30 00:00:00+00:00,13849552.57424842
2004-12-31 00:00:00+00:00,13849552.57424842
2005-01-03 00:00:00+00:00,13849552.57424842
2005-01-04 00:00:00+00:00,13849552.57424842
2005-01-05 00:00:00+00:00,13849552.57424842
2005-01-06 00:00:00+00:00,13849552.57424842
2005-01-07 00:00:00+00:00,13849552.57424842
2005-01-10 00:00:00+00:00,13849552.57424842
2005-01-11 00:00:00+00:00,13849552.57424842
2005-01-12 00:00:00+00:00,13849552.57424842
2005-01-13 00:00:00+00:00,13849552.57424842
2005-01-14 00:00:00+00:00,13849552.57424842
2005-01-17 00:00:00+00:00,13849552.57424842
2005-01-18 00:00:00+00:00,13849552.57424842
2005-01-19 00:00:00+00:00,13849552.57424842
2005-01-20 00:00:00+00:00,13849552.57424842
2005-01-21 00:00:00+00:00,13849552.57424842
2005-01-24 00:00:00+00:00,13849552.57424842
2005-01-25 00:00:00+00:00,13849552.57424842
2005-01-26 00:00:00+00:00,13849552.57424842
2005-01-27 00:00:00+00:00,13849552.57424842
2005-01-28 00:00:00+00:00,13849552.57424842
2005-01-31 00:00:00+00:00,13849552.57424842
2005-02-01 00:00:00+00:00,13849552.57424842
2005-02-02 00:00:00+00:00,13849552.57424842
2005-02-03 00:00:00+00:00,13849552.57424842
2005-02-04 00:00:00+00:00,13849552.57424842
2005-02-07 00:00:00+00:00,13849552.57424842
2005-02-08 00:00:00+00:00,13849552.57424842
2005-02-09 00:00:00+00:00,13849552.57424842
2005-02-10 00:00:00+00:00,13849552.57424842
2005-02-11 00:00:00+00:00,13849552.57424842
2005-02-14 00:00:00+00:00,13849552.57424842
2005-02-15 00:00:00+00:00,13849552.57424842
2005-02-16 00:00:00+00:00,13849552.57424842
2005-02-17 00:00:00+00:00,13849552.57424842
2005-02-18 00:00:00+00:00,13849552.57424842
2005-02-21 00:00:00+00:00,13849552.57424842
2005-02-22 00:00:00+00:00,13849552.57424842
2005-02-23 00:00:00+00:00,13849552.57424842
2005-02-24 00:00:00+00:00,13849552.57424842
2005-02-25 00:00:00+00:00,13849552.57424842
2005-02-28 00:00:00+00:00,13849552.57424842
2005-03-01 00:00:00+00:00,13849552.57424842
2005-03-02 00:00:00+00:00,13849552.57424842
2005-03-03 00:00:00+00:00,13849552.57424842
2005-03-04 00:00:00+00:00,13849552.57424842
2005-03-07 00:00:00+00:00,13849552.57424842
2005-03-08 00:00:00+00:00,13849552.57424842
2005-03-09 00:00:00+00:00,13849552.57424842
2005-03-10 00:00:00+00:00,13849552.57424842
2005-03-11 00:00:00+00:00,13849552.57424842
2005-03-14 00:00:00+00:00,13849552.57424842
2005-03-15 00:00:00+00:00,13849552.57424842
2005-03-16 00:00:00+00:00,13849552.57424842
2005-03-17 00:00:00+00:00,13849552.57424842
2005-03-18 00:00:00+00:00,13849552.57424842
2005-03-21 00:00:00+00:00,13849552.57424842
2005-03-22 00:00:00+00:00,13849552.57424842
2005-03-23 00:00:00+00:00,13849552.57424842
2005-03-24 00:00:00+00:00,13849552.57424842
2005-03-28 00:00:00+00:00,13849552.57424842
2005-03-29 00:00:00+00:00,13849552.57424842
2005-03-30 00:00:00+00:00,13849552.57424842
2005-03-31 00:00:00+00:00,13849552.57424842
2005-04-01 00:00:00+00:00,13849552.57424842
2005-04-04 00:00:00+00:00,13849552.57424842
2005-04-05 00:00:00+00:00,13849552.57424842
2005-04-06 00:00:00+00:00,13849552.57424842
2005-04-07 00:00:00+00:00,13849552.57424842
2005-04-08 00:00:00+00:00,13849552.57424842
2005-04-11 00:00:00+00:00,13849552.57424842
2005-04-12 00:00:00+00:00,13849552.57424842
2005-04-13 00:00:00+00:00,13849552.57424842
2005-04-14 00:00:00+00:00,13849552.57424842
2005-04-15 00:00:00+00:00,13849552.57424842
2005-04-18 00:00:00+00:00,13849552.57424842
2005-04-19 00:00:00+00:00,13849552.57424842
2005-04-20 00:00:00+00:00,13849552.57424842
2005-04-21 00:00:00+00:00,13849552.57424842
2005-04-22 00:00:00+00:00,13849552.57424842
2005-04-25 00:00:00+00:00,13849552.57424842
2005-04-26 00:00:00+00:00,13849552.57424842
2005-04-27 00:00:00+00:00,13849552.57424842
2005-04-28 00:00:00+00:00,13849552.57424842
2005-04-29 00:00:00+00:00,13849552.57424842
2005-05-02 00:00:00+00:00,13849552.57424842
2005-05-03 00:00:00+00:00,13849552.57424842
2005-05-04 00:00:00+00:00,13849552.57424842
2005-05-05 00:00:00+00:00,13849552.57424842
2005-05-06 00:00:00+00:00,13849552.57424842
2005-05-09 00:00:00+00:00,13849552.57424842
2005-05-10 00:00:00+00:00,13849552.57424842
2005-05-11 00:00:00+00:00,13849552.57424842
2005-05-12 00:00:00+00:00,13849552.57424842
2005-05-13 00:00:00+00:00,13849552.57424842
2005-05-16 00:00:00+00:00,13849552.57424842
2005-05-17 00:00:00+00:00,13849552.57424842
2005-05-18 00:00:00+00:00,13849552.57424842
2005-05-19 00:00:00+00:00,13849552.57424842
2005-05-20 00:00:00+00:00,13849552.57424842
2005-05-23 00:00:00+00:00,13849552.57424842
2005-05-24 00:00:00+00:00,13849552.57424842
2005-05-25 00:00:00+00:00,13849552.57424842
2005-05-26 00:00:00+00:00,13849552.57424842
2005-05-27 00:00:00+00:00,13849552.57424842
2005-05-30 00:00:00+00:00,13849552.57424842
2005-05-31 00:00:00+00:00,13849552.57424842
2005-06-01 00:00:00+00:00,13849552.57424842
2005-06-02 00:00:00+00:00,13849552.57424842
2005-06-03 00:00:00+00:00,13849552.57424842
2005-06-06 00:00:00+00:00,13849552.57424842
2005-06-07 00:00:00+00:00,13849552.57424842
2005-06-08 00:00:00+00:00,13849552.57424842
2005-06-09 00:00:00+00:00,13849552.57424842
2005-06-10 00:00:00+00:00,13849552.57424842
2005-06-13 00:00:00+00:00,13849552.57424842
2005-06-14 00:00:00+00:00,13849552.57424842
2005-06-15 00:00:00+00:00,13849552.57424842
2005-06-16 00:00:00+00:00,13849552.57424842
2005-06-17 00:00:00+00:00,13849552.57424842
2005-06-20 00:00:00+00:00,13849552.57424842
2005-06-21 00:00:00+00:00,13849552.57424842
2005-06-22 00:00:00+00:00,13849552.57424842
2005-06-23 00:00:00+00:00,13849552.57424842
2005-06-24 00:00:00+00:00,13849552.57424842
2005-06-27 00:00:00+00:00,13849552.57424842
2005-06-28 00:00:00+00:00,13849552.57424842
2005-06-29 00:00:00+00:00,13849552.57424842
2005-06-30 00:00:00+00:00,13849552.57424842
2005-07-01 00:00:00+00:00,13849552.57424842
2005-07-04 00:00:00+00:00,13849552.57424842
2005-07-05 00:00:00+00:00,13849552.57424842
2005-07-06 00:00:00+00:00,13849552.57424842
2005-07-07 00:00:00+00:00,13849552.57424842
2005-07-08 00:00:00+00:00,13849552.57424842
2005-07-11 00:00:00+00:00,13849552.57424842
2005-07-12 00:00:00+00:00,13849552.57424842
2005-07-13 00:00:00+00:00,13849552.57424842
2005-07-14 00:00:00+00:00,13849552.57424842
2005-07-15 00:00:00+00:00,13849552.57424842
2005-07-18 00:00:00+00:00,13849552.57424842
2005-07-19 00:00:00+00:00,13849552.57424842
2005-07-20 00:00:00+00:00,13849552.57424842
2005-07-21 00:00:00+00:00,13849552.57424842
2005-07-22 00:00:00+00:00,13849552.57424842
2005-07-25 00:00:00+00:00,13849552.57424842
2005-07-26 00:00:00+00:00,13849552.57424842
2005-07-27 00:00:00+00:00,13849552.57424842
2005-07-28 00:00:00+00:00,13849552.57424842
2005-07-29 00:00:00+00:00,13849552.57424842
2005-08-01 00:00:00+00:00,13849552.57424842
2005-08-02 00:00:00+00:00,13849552.57424842
2005-08-03 00:00:00+00:00,13849552.57424842
2005-08-04 00:00:00+00:00,13849552.57424842
2005-08-05 00:00:00+00:00,13849552.57424842
2005-08-08 00:00:00+00:00,13849552.57424842
2005-08-09 00:00:00+00:00,13849552.57424842
2005-08-10 00:00:00+00:00,13849552.57424842
2005-08-11 00:00:00+00:00,13849552.57424842
2005-08-12 00:00:00+00:00,13849552.57424842
2005-08-15 00:00:00+00:00,13849552.57424842
2005-08-16 00:00:00+00:00,13849552.57424842
2005-08-17 00:00:00+00:00,13849552.57424842
2005-08-18 00:00:00+00:00,13849552.57424842
2005-08-19 00:00:00+00:00,13849552.57424842
2005-08-22 00:00:00+00:00,13849552.57424842
2005-08-23 00:00:00+00:00,13849552.57424842
2005-08-24 00:00:00+00:00,13849552.57424842
2005-08-25 00:00:00+00:00,13849552.57424842
2005-08-26 00:00:00+00:00,13849552.57424842
2005-08-29 00:00:00+00:00,13849552.57424842
2005-08-30 00:00:00+00:00,13849552.57424842
2005-08-31 00:00:00+00:00,13849552.57424842
2005-09-01 00:00:00+00:00,13849552.57424842
2005-09-02 00:00:00+00:00,13849552.57424842
2005-09-05 00:00:00+00:00,13849552.57424842
2005-09-06 00:00:00+00:00,13849552.57424842
2005-09-07 00:00:00+00:00,13849552.57424842
2005-09-08 00:00:00+00:00,13849552.57424842
2005-09-09 00:00:00+00:00,13849552.57424842
2005-09-12 00:00:00+00:00,13849552.57424842
2005-09-13 00:00:00+00:00,13849552.57424842
2005-09-14 00:00:00+00:00,13849552.57424842
2005-09-15 00:00:00+00:00,13849552.57424842
2005-09-16 00:00:00+00:00,13849552.57424842
2005-09-19 00:00:00+00:00,13849552.57424842
2005-09-20 00:00:00+00:00,13849552.57424842
2005-09-21 00:00:00+00:00,13849552.57424842
2005-09-22 00:00:00+00:00,13849552.57424842
2005-09-23 00:00:00+00:00,13849552.57424842
2005-09-26 00:00:00+00:00,13849552.57424842
2005-09-27 00:00:00+00:00,13849552.57424842
2005-09-28 00:00:00+00:00,13849552.57424842
2005-09-29 00:00:00+00:00,13849552.57424842
2005-09-30 00:00:00+00:00,13849552.57424842
2005-10-03 00:00:00+00:00,13849552.57424842
2005-10-04 00:00:00+00:00,13849552.57424842
2005-10-05 00:00:00+00:00,13849552.57424842
2005-10-06 00:00:00+00:00,13849552.57424842
2005-10-07 00:00:00+00:00,13849552.57424842
2005-10-10 00:00:00+00:00,13849552.57424842
2005-10-11 00:00:00+00:00,13849552.57424842
2005-10-12 00:00:00+00:00,13849552.57424842
2005-10-13 00:00:00+00:00,13849552.57424842
2005-10-14 00:00:00+00:00,13849552.57424842
2005-10-17 00:00:00+00:00,13849552.57424842
2005-10-18 00:00:00+00:00,13849552.57424842
2005-10-19 00:00:00+00:00,13849552.57424842
2005-10-20 00:00:00+00:00,13849552.57424842
2005-10-21 00:00:00+00:00,13849552.57424842
2005-10-24 00:00:00+00:00,13849552.57424842
2005-10-25 00:00:00+00:00,13849552.57424842
2005-10-26 00:00:00+00:00,13849552.57424842
2005-10-27 00:00:00+00:00,13849552.57424842
2005-10-28 00:00:00+00:00,13849552.57424842
2005-10-31 00:00:00+00:00,13849552.57424842
2005-11-01 00:00:00+00:00,13849552.57424842
2005-11-02 00:00:00+00:00,13849552.57424842
2005-11-03 00:00:00+00:00,13849552.57424842
2005-11-04 00:00:00+00:00,13849552.57424842
2005-11-07 00:00:00+00:00,13849552.57424842
2005-11-08 00:00:00+00:00,13849552.57424842
2005-11-09 00:00:00+00:00,13849552.57424842
2005-11-10 00:00:00+00:00,13849552.57424842
2005-11-11 00:00:00+00:00,13849552.57424842
2005-11-14 00:00:00+00:00,13849552.57424842
2005-11-15 00:00:00+00:00,13849552.57424842
2005-11-16 00:00:00+00:00,13849552.57424842
2005-11-17 00:00:00+00:00,13849552.57424842
2005-11-18 00:00:00+00:00,13849552.57424842
2005-11-21 00:00:00+00:00,13849552.57424842
2005-11-22 00:00:00+00:00,13849552.57424842
2005-11-23 00:00:00+00:00,13849552.57424842
2005-11-24 00:00:00+00:00,13849552.57424842
2005-11-25 00:00:00+00:00,13849552.57424842
2005-11-28 00:00:00+00:00,13849552.57424842
2005-11-29 00:00:00+00:00,13849552.57424842
2005-11-30 00:00:00+00:00,13849552.57424842
2005-12-01 00:00:00+00:00,13849552.57424842
2005-12-02 00:00:00+00:00,13849552.57424842
2005-12-05 00:00:00+00:00,13849552.57424842
2005-12-06 00:00:00+00:00,13849552.57424842
2005-12-07 00:00:00+00:00,13849552.57424842
2005-12-08 00:00:00+00:00,13849552.57424842
2005-12-09 00:00:00+00:00,13849552.57424842
2005-12-12 00:00:00+00:00,13849552.57424842
2005-12-13 00:00:00+00:00,13849552.57424842
2005-12-14 00:00:00+00:00,13849552.57424842
2005-12-15 00:00:00+00:00,13849552.57424842
2005-12-16 00:00:00+00:00,13849552.57424842
2005-12-19 00:00:00+00:00,13849552.57424842
2005-12-20 00:00:00+00:00,13849552.57424842
2005-12-21 00:00:00+00:00,13849552.57424842
2005-12-22 00:00:00+00:00,13849552.57424842
2005-12-23 00:00:00+00:00,13849552.57424842
2005-12-26 00:00:00+00:00,13849552.57424842
2005-12-27 00:00:00+00:00,13849552.57424842
2005-12-28 00:00:00+00:00,13849552.57424842
2005-12-29 00:00:00+00:00,13849552.57424842
2005-12-30 00:00:00+00:00,13849552.57424842
2006-01-02 00:00:00+00:00,13849552.57424842
2006-01-03 00:00:00+00:00,13849552.57424842
2006-01-04 00:00:00+00:00,13849552.57424842
2006-01-05 00:00:00+00:00,13849552.57424842
2006-01-06 00:00:00+00:00,13849552.57424842
2006-01-09 00:00:00+00:00,13849552.57424842
2006-01-10 00:00:00+00:00,13849552.57424842
2006-01-11 00:00:00+00:00,13849552.57424842
2006-01-12 00:00:00+00:00,13849552.57424842
2006-01-13 00:00:00+00:00,13849552.57424842
2006-01-16 00:00:00+00:00,13849552.57424842
2006-01-17 00:00:00+00:00,13849552.57424842
2006-01-18 00:00:00+00:00,13849552.57424842
2006-01-19 00:00:00+00:00,13849552.57424842
2006-01-20 00:00:00+00:00,13849552.57424842
2006-01-23 00:00:00+00:00,13849552.57424842
2006-01-24 00:00:00+00:00,13849552.57424842
2006-01-25 00:00:00+00:00,13849552.57424842
2006-01-26 00:00:00+00:00,13849552.57424842
2006-01-27 00:00:00+00:00,13849552.57424842
2006-01-30 00:00:00+00:00,13849552.57424842
2006-01-31 00:00:00+00:00,13849552.57424842
2006-02-01 00:00:00+00:00,13849552.57424842
2006-02-02 00:00:00+00:00,13849552.57424842
2006-02-03 00:00:00+00:00,13849552.57424842
2006-02-06 00:00:00+00:00,13849552.57424842
2006-02-07 00:00:00+00:00,13849552.57424842
2006-02-08 00:00:00+00:00,13849552.57424842
2006-02-09 00:00:00+00:00,13849552.57424842
2006-02-10 00:00:00+00:00,13849552.57424842
2006-02-13 00:00:00+00:00,13849552.57424842
2006-02-14 00:00:00+00:00,13849552.57424842
2006-02-15 00:00:00+00:00,13849552.57424842
2006-02-16 00:00:00+00:00,13849552.57424842
2006-02-17 00:00:00+00:00,13849552.57424842
2006-02-20 00:00:00+00:00,13849552.57424842
2006-02-21 00:00:00+00:00,13849552.57424842
2006-02-22 00:00:00+00:00,13849552.57424842
2006-02-23 00:00:00+00:00,13849552.57424842
2006-02-24 00:00:00+00:00,13849552.57424842
2006-02-27 00:00:00+00:00,13849552.57424842
2006-02-28 00:00:00+00:00,13849552.57424842
2006-03-01 00:00:00+00:00,13849552.57424842
2006-03-02 00:00:00+00:00,13849552.57424842
2006-03-03 00:00:00+00:00,13849552.57424842
2006-03-06 00:00:00+00:00,13849552.57424842
2006-03-07 00:00:00+00:00,13849552.57424842
2006-03-08 00:00:00+00:00,13849552.57424842
2006-03-09 00:00:00+00:00,13849552.57424842
2006-03-10 00:00:00+00:00,13849552.57424842
2006-03-13 00:00:00+00:00,13849552.57424842
2006-03-14 00:00:00+00:00,13849552.57424842
2006-03-15 00:00:00+00:00,13849552.57424842
2006-03-16 00:00:00+00:00,13849552.57424842
2006-03-17 00:00:00+00:00,13849552.57424842
2006-03-20 00:00:00+00:00,13849552.57424842
2006-03-21 00:00:00+00:00,13849552.57424842
2006-03-22 00:00:00+00:00,13849552.57424842
2006-03-23 00:00:00+00:00,13849552.57424842
2006-03-24 00:00:00+00:00,13849552.57424842
2006-03-27 00:00:00+00:00,13849552.57424842
2006-03-28 00:00:00+00:00,13849552.57424842
2006-03-29 00:00:00+00:00,13849552.57424842
2006-03-30 00:00:00+00:00,13849552.57424842
2006-03-31 00:00:00+00:00,13849552.57424842
2006-04-03 00:00:00+00:00,13849552.57424842
2006-04-04 00:00:00+00:00,13849552.57424842
2006-04-05 00:00:00+00:00,13849552.57424842
2006-04-06 00:00:00+00:00,13849552.57424842
2006-04-07 00:00:00+00:00,13849552.57424842
2006-04-10 00:00:00+00:00,13849552.57424842
2006-04-11 00:00:00+00:00,13849552.57424842
2006-04-12 00:00:00+00:00,13849552.57424842
2006-04-13 00:00:00+00:00,13849552.57424842
2006-04-17 00:00:00+00:00,13849552.57424842
2006-04-18 00:00:00+00:00,13849552.57424842
2006-04-19 00:00:00+00:00,13849552.57424842
2006-04-20 00:00:00+00:00,13849552.57424842
2006-04-21 00:00:00+00:00,13849552.57424842
2006-04-24 00:00:00+00:00,13849552.57424842
2006-04-25 00:00:00+00:00,13849552.57424842
2006-04-26 00:00:00+00:00,13849552.57424842
2006-04-27 00:00:00+00:00,13849552.57424842
2006-04-28 00:00:00+00:00,13849552.57424842
2006-05-01 00:00:00+00:00,13849552.57424842
2006-05-02 00:00:00+00:00,13849552.57424842
2006-05-03 00:00:00+00:00,13849552.57424842
2006-05-04 00:00:00+00:00,13849552.57424842
2006-05-05 00:00:00+00:00,13849552.57424842
2006-05-08 00:00:00+00:00,13849552.57424842
2006-05-09 00:00:00+00:00,13849552.57424842
2006-05-10 00:00:00+00:00,13849552.57424842
2006-05-11 00:00:00+00:00,13849552.57424842
2006-05-12 00:00:00+00:00,13849552.57424842
2006-05-15 00:00:00+00:00,13849552.57424842
2006-05-16 00:00:00+00:00,13849552.57424842
2006-05-17 00:00:00+00:00,13849552.57424842
2006-05-18 00:00:00+00:00,13849552.57424842
2006-05-19 00:00:00+00:00,13849552.57424842
2006-05-22 00:00:00+00:00,13849552.57424842
2006-05-23 00:00:00+00:00,13849552.57424842
2006-05-24 00:00:00+00:00,13849552.57424842
2006-05-25 00:00:00+00:00,13849552.57424842
2006-05-26 00:00:00+00:00,13849552.57424842
2006-05-29 00:00:00+00:00,13849552.57424842
2006-05-30 00:00:00+00:00,13849552.57424842
2006-05-31 00:00:00+00:00,13849552.57424842
2006-06-01 00:00:00+00:00,13849552.57424842
2006-06-02 00:00:00+00:00,13849552.57424842
2006-06-05 00:00:00+00:00,13849552.57424842
2006-06-06 00:00:00+00:00,13849552.57424842
2006-06-07 00:00:00+00:00,13849552.57424842
2006-06-08 00:00:00+00:00,13849552.57424842
2006-06-09 00:00:00+00:00,13849552.57424842
2006-06-12 00:00:00+00:00,13849552.57424842
2006-06-13 00:00:00+00:00,13849552.57424842
2006-06-14 00:00:00+00:00,13849552.57424842
2006-06-15 00:00:00+00:00,13849552.57424842
2006-06-16 00:00:00+00:00,13849552.57424842
2006-06-19 00:00:00+00:00,13849552.57424842
2006-06-20 00:00:00+00:00,13849552.57424842
2006-06-21 00:00:00+00:00,13849552.57424842
2006-06-22 00:00:00+00:00,13849552.57424842
2006-06-23 00:00:00+00:00,13849552.57424842
2006-06-26 00:00:00+00:00,13849552.57424842
2006-06-27 00:00:00+00:00,13849552.57424842
2006-06-28 00:00:00+00:00,13849552.57424842
2006-06-29 00:00:00+00:00,13849552.57424842
2006-06-30 00:00:00+00:00,13849552.57424842
2006-07-03 00:00:00+00:00,13849552.57424842
2006-07-04 00:00:00+00:00,13849552.57424842
2006-07-05 00:00:00+00:00,13849552.57424842
2006-07-06 00:00:00+00:00,13849552.57424842
2006-07-07 00:00:00+00:00,13849552.57424842
2006-07-10 00:00:00+00:00,13849552.57424842
2006-07-11 00:00:00+00:00,13849552.57424842
2006-07-12 00:00:00+00:00,13849552.57424842
2006-07-13 00:00:00+00:00,13849552.57424842
2006-07-14 00:00:00+00:00,13849552.57424842
2006-07-17 00:00:00+00:00,13849552.57424842
2006-07-18 00:00:00+00:00,13849552.57424842
2006-07-19 00:00:00+00:00,13849552.57424842
2006-07-20 00:00:00+00:00,13849552.57424842
2006-07-21 00:00:00+00:00,13849552.57424842
2006-07-24 00:00:00+00:00,13849552.57424842
2006-07-25 00:00:00+00:00,13849552.57424842
2006-07-26 00:00:00+00:00,13849552.57424842
2006-07-27 00:00:00+00:00,13849552.57424842
2006-07-28 00:00:00+00:00,13849552.57424842
2006-07-31 00:00:00+00:00,13849552.57424842
2006-08-01 00:00:00+00:00,13849552.57424842
2006-08-02 00:00:00+00:00,13849552.57424842
2006-08-03 00:00:00+00:00,13849552.57424842
2006-08-04 00:00:00+00:00,13849552.57424842
2006-08-07 00:00:00+00:00,13849552.57424842
2006-08-08 00:00:00+00:00,13849552.57424842
2006-08-09 00:00:00+00:00,13849552.57424842
2006-08-10 00:00:00+00:00,13849552.57424842
2006-08-11 00:00:00+00:00,13849552.57424842
2006-08-14 00:00:00+00:00,13849552.57424842
2006-08-15 00:00:00+00:00,13849552.57424842
2006-08-16 00:00:00+00:00,13849552.57424842
2006-08-17 00:00:00+00:00,13849552.57424842
2006-08-18 00:00:00+00:00,13849552.57424842
2006-08-21 00:00:00+00:00,13849552.57424842
2006-08-22 00:00:00+00:00,13849552.57424842
2006-08-23 00:00:00+00:00,13849552.57424842
2006-08-24 00:00:00+00:00,13849552.57424842
2006-08-25 00:00:00+00:00,13849552.57424842
2006-08-28 00:00:00+00:00,13849552.57424842
2006-08-29 00:00:00+00:00,13849552.57424842
2006-08-30 00:00:00+00:00,13849552.57424842
2006-08-31 00:00:00+00:00,13849552.57424842
2006-09-01 00:00:00+00:00,13849552.57424842
2006-09-04 00:00:00+00:00,13849552.57424842
2006-09-05 00:00:00+00:00,13849552.57424842
2006-09-06 00:00:00+00:00,13849552.57424842
2006-09-07 00:00:00+00:00,13849552.57424842
2006-09-08 00:00:00+00:00,13849552.57424842
2006-09-11 00:00:00+00:00,13849552.57424842
2006-09-12 00:00:00+00:00,13849552.57424842
2006-09-13 00:00:00+00:00,13849552.57424842
2006-09-14 00:00:00+00:00,13849552.57424842
2006-09-15 00:00:00+00:00,13849552.57424842
2006-09-18 00:00:00+00:00,13849552.57424842
2006-09-19 00:00:00+00:00,13849552.57424842
2006-09-20 00:00:00+00:00,13849552.57424842
2006-09-21 00:00:00+00:00,13849552.57424842
2006-09-22 00:00:00+00:00,13849552.57424842
2006-09-25 00:00:00+00:00,13849552.57424842
2006-09-26 00:00:00+00:00,13849552.57424842
2006-09-27 00:00:00+00:00,13849552.57424842
2006-09-28 00:00:00+00:00,13849552.57424842
2006-09-29 00:00:00+00:00,13849552.57424842
2006-10-02 00:00:00+00:00,13849552.57424842
2006-10-03 00:00:00+00:00,13849552.57424842
2006-10-04 00:00:00+00:00,13849552.57424842
2006-10-05 00:00:00+00:00,13849552.57424842
2006-10-06 00:00:00+00:00,13849552.57424842
2006-10-09 00:00:00+00:00,13849552.57424842
2006-10-10 00:00:00+00:00,13849552.57424842
2006-10-11 00:00:00+00:00,13849552.57424842
2006-10-12 00:00:00+00:00,13849552.57424842
2006-10-13 00:00:00+00:00,13849552.57424842
2006-10-16 00:00:00+00:00,13849552.57424842
2006-10-17 00:00:00+00:00,13849552.57424842
2006-10-18 00:00:00+00:00,13849552.57424842
2006-10-19 00:00:00+00:00,13849552.57424842
2006-10-20 00:00:00+00:00,13849552.57424842
2006-10-23 00:00:00+00:00,13849552.57424842
2006-10-24 00:00:00+00:00,13849552.57424842
2006-10-25 00:00:00+00:00,13849552.57424842
2006-10-26 00:00:00+00:00,13849552.57424842
2006-10-27 00:00:00+00:00,13849552.57424842
2006-10-30 00:00:00+00:00,13849552.57424842
2006-10-31 00:00:00+00:00,13849552.57424842
2006-11-01 00:00:00+00:00,13849552.57424842
2006-11-02 00:00:00+00:00,13849552.57424842
2006-11-03 00:00:00+00:00,13849552.57424842
2006-11-06 00:00:00+00:00,13849552.57424842
2006-11-07 00:00:00+00:00,13849552.57424842
2006-11-08 00:00:00+00:00,13849552.57424842
2006-11-09 00:00:00+00:00,13849552.57424842
2006-11-10 00:00:00+00:00,13849552.57424842
2006-11-13 00:00:00+00:00,13849552.57424842
2006-11-14 00:00:00+00:00,13849552.57424842
2006-11-15 00:00:00+00:00,13849552.57424842
2006-11-16 00:00:00+00:00,13849552.57424842
2006-11-17 00:00:00+00:00,13849552.57424842
2006-11-20 00:00:00+00:00,13849552.57424842
2006-11-21 00:00:00+00:00,13849552.57424842
2006-11-22 00:00:00+00:00,13849552.57424842
2006-11-23 00:00:00+00:00,13849552.57424842
2006-11-24 00:00:00+00:00,13849552.57424842
2006-11-27 00:00:00+00:00,13849552.57424842
2006-11-28 00:00:00+00:00,13849552.57424842
2006-11-29 00:00:00+00:00,13849552.57424842
2006-11-30 00:00:00+00:00,13849552.57424842
2006-12-01 00:00:00+00:00,13849552.57424842
2006-12-04 00:00:00+00:00,13849552.57424842
2006-12-05 00:00:00+00:00,13849552.57424842
2006-12-06 00:00:00+00:00,13849552.57424842
2006-12-07 00:00:00+00:00,13849552.57424842
2006-12-08 00:00:00+00:00,13849552.57424842
2006-12-11 00:00:00+00:00,13849552.57424842
2006-12-12 00:00:00+00:00,13849552.57424842
2006-12-13 00:00:00+00:00,13849552.57424842
2006-12-14 00:00:00+00:00,13849552.57424842
2006-12-15 00:00:00+00:00,13849552.57424842
2006-12-18 00:00:00+00:00,13849552.57424842
2006-12-19 00:00:00+00:00,13849552.57424842
2006-12-20 00:00:00+00:00,13849552.57424842
2006-12-21 00:00:00+00:00,13849552.57424842
2006-12-22 00:00:00+00:00,13849552.57424842
2006-12-25 00:00:00+00:00,13849552.57424842
2006-12-26 00:00:00+00:00,13849552.57424842
2006-12-27 00:00:00+00:00,13849552.57424842
2006-12-28 00:00:00+00:00,13849552.57424842
2006-12-29 00:00:00+00:00,13849552.57424842
2007-01-01 00:00:00+00:00,13849552.57424842
2007-01-02 00:00:00+00:00,13849552.57424842
2007-01-03 00:00:00+00:00,13849552.57424842
2007-01-04 00:00:00+00:00,13849552.57424842
2007-01-05 00:00:00+00:00,13849552.57424842
2007-01-08 00:00:00+00:00,13849552.57424842
2007-01-09 00:00:00+00:00,13849552.57424842
2007-01-10 00:00:00+00:00,13849552.57424842
2007-01-11 00:00:00+00:00,13849552.57424842
2007-01-12 00:00:00+00:00,13849552.57424842
2007-01-15 00:00:00+00:00,13849552.57424842
2007-01-16 00:00:00+00:00,13849552.57424842
2007-01-17 00:00:00+00:00,13849552.57424842
2007-01-18 00:00:00+00:00,13849552.57424842
2007-01-19 00:00:00+00:00,13849552.57424842
2007-01-22 00:00:00+00:00,13849552.57424842
2007-01-23 00:00:00+00:00,13849552.57424842
2007-01-24 00:00:00+00:00,13849552.57424842
2007-01-25 00:00:00+00:00,13849552.57424842
2007-01-26 00:00:00+00:00,13849552.57424842
2007-01-29 00:00:00+00:00,13849552.57424842
2007-01-30 00:00:00+00:00,13849552.57424842
2007-01-31 00:00:00+00:00,13849552.57424842
2007-02-01 00:00:00+00:00,13849552.57424842
2007-02-02 00:00:00+00:00,13849552.57424842
2007-02-05 00:00:00+00:00,13849552.57424842
2007-02-06 00:00:00+00:00,13849552.57424842
2007-02-07 00:00:00+00:00,13849552.57424842
2007-02-08 00:00:00+00:00,13849552.57424842
2007-02-09 00:00:00+00:00,13849552.57424842
2007-02-12 00:00:00+00:00,13849552.57424842
2007-02-13 00:00:00+00:00,13849552.57424842
2007-02-14 00:00:00+00:00,13849552.57424842
2007-02-15 00:00:00+00:00,13849552.57424842
2007-02-16 00:00:00+00:00,13849552.57424842
2007-02-19 00:00:00+00:00,13849552.57424842
2007-02-20 00:00:00+00:00,13849552.57424842
2007-02-21 00:00:00+00:00,13849552.57424842
2007-02-22 00:00:00+00:00,13849552.57424842
2007-02-23 00:00:00+00:00,13849552.57424842
2007-02-26 00:00:00+00:00,13849552.57424842
2007-02-27 00:00:00+00:00,13849552.57424842
2007-02-28 00:00:00+00:00,13849552.57424842
2007-03-01 00:00:00+00:00,13849552.57424842
2007-03-02 00:00:00+00:00,13849552.57424842
2007-03-05 00:00:00+00:00,13849552.57424842
2007-03-06 00:00:00+00:00,13849552.57424842
2007-03-07 00:00:00+00:00,13849552.57424842
2007-03-08 00:00:00+00:00,13849552.57424842
2007-03-09 00:00:00+00:00,13849552.57424842
2007-03-12 00:00:00+00:00,13849552.57424842
2007-03-13 00:00:00+00:00,13849552.57424842
2007-03-14 00:00:00+00:00,13849552.57424842
2007-03-15 00:00:00+00:00,13849552.57424842
2007-03-16 00:00:00+00:00,13849552.57424842
2007-03-19 00:00:00+00:00,13849552.57424842
2007-03-20 00:00:00+00:00,13849552.57424842
2007-03-21 00:00:00+00:00,13849552.57424842
2007-03-22 00:00:00+00:00,13849552.57424842
2007-03-23 00:00:00+00:00,13849552.57424842
2007-03-26 00:00:00+00:00,13849552.57424842
2007-03-27 00:00:00+00:00,13849552.57424842
2007-03-28 00:00:00+00:00,13849552.57424842
2007-03-29 00:00:00+00:00,13849552.57424842
2007-03-30 00:00:00+00:00,13849552.57424842
2007-04-02 00:00:00+00:00,13849552.57424842
2007-04-03 00:00:00+00:00,13849552.57424842
2007-04-04 00:00:00+00:00,13849552.57424842
2007-04-05 00:00:00+00:00,13849552.57424842
2007-04-09 00:00:00+00:00,13849552.57424842
2007-04-10 00:00:00+00:00,13849552.57424842
2007-04-11 00:00:00+00:00,13849552.57424842
2007-04-12 00:00:00+00:00,13849552.57424842
2007-04-13 00:00:00+00:00,13849552.57424842
2007-04-16 00:00:00+00:00,13849552.57424842
2007-04-17 00:00:00+00:00,13849552.57424842
2007-04-18 00:00:00+00:00,13849552.57424842
2007-04-19 00:00:00+00:00,13849552.57424842
2007-04-20 00:00:00+00:00,13849552.57424842
2007-04-23 00:00:00+00:00,13849552.57424842
2007-04-24 00:00:00+00:00,13849552.57424842
2007-04-25 00:00:00+00:00,13849552.57424842
2007-04-26 00:00:00+00:00,13849552.57424842
2007-04-27 00:00:00+00:00,13849552.57424842
2007-04-30 00:00:00+00:00,13849552.57424842
2007-05-01 00:00:00+00:00,13849552.57424842
2007-05-02 00:00:00+00:00,13849552.57424842
2007-05-03 00:00:00+00:00,13849552.57424842
2007-05-04 00:00:00+00:00,13849552.57424842
2007-05-07 00:00:00+00:00,13849552.57424842
2007-05-08 00:00:00+00:00,13849552.57424842
2007-05-09 00:00:00+00:00,13849552.57424842
2007-05-10 00:00:00+00:00,13849552.57424842
2007-05-11 00:00:00+00:00,13849552.57424842
2007-05-14 00:00:00+00:00,13849552.57424842
2007-05-15 00:00:00+00:00,13849552.57424842
2007-05-16 00:00:00+00:00,13849552.57424842
2007-05-17 00:00:00+00:00,13849552.57424842
2007-05-18 00:00:00+00:00,13849552.57424842
2007-05-21 00:00:00+00:00,13849552.57424842
2007-05-22 00:00:00+00:00,13849552.57424842
2007-05-23 00:00:00+00:00,13849552.57424842
2007-05-24 00:00:00+00:00,13849552.57424842
2007-05-25 00:00:00+00:00,13849552.57424842
2007-05-28 00:00:00+00:00,13849552.57424842
2007-05-29 00:00:00+00:00,13849552.57424842
2007-05-30 00:00:00+00:00,13849552.57424842
2007-05-31 00:00:00+00:00,13849552.57424842
2007-06-01 00:00:00+00:00,13849552.57424842
2007-06-04 00:00:00+00:00,13849552.57424842
2007-06-05 00:00:00+00:00,13849552.57424842
2007-06-06 00:00:00+00:00,13849552.57424842
2007-06-07 00:00:00+00:00,13849552.57424842
2007-06-08 00:00:00+00:00,13849552.57424842
2007-06-11 00:00:00+00:00,13849552.57424842
2007-06-12 00:00:00+00:00,13849552.57424842
2007-06-13 00:00:00+00:00,13849552.57424842
2007-06-14 00:00:00+00:00,13849552.57424842
2007-06-15 00:00:00+00:00,13849552.57424842
2007-06-18 00:00:00+00:00,13849552.57424842
2007-06-19 00:00:00+00:00,13849552.57424842
2007-06-20 00:00:00+00:00,13849552.57424842
2007-06-21 00:00:00+00:00,13849552.57424842
2007-06-22 00:00:00+00:00,13849552.57424842
2007-06-25 00:00:00+00:00,13849552.57424842
2007-06-26 00:00:00+00:00,13849552.57424842
2007-06-27 00:00:00+00:00,13849552.57424842
2007-06-28 00:00:00+00:00,13849552.57424842
2007-06-29 00:00:00+00:00,13849552.57424842
2007-07-02 00:00:00+00:00,13849552.57424842
2007-07-03 00:00:00+00:00,13849552.57424842
2007-07-04 00:00:00+00:00,13849552.57424842
2007-07-05 00:00:00+00:00,13849552.57424842
2007-07-06 00:00:00+00:00,13849552.57424842
2007-07-09 00:00:00+00:00,13849552.57424842
2007-07-10 00:00:00+00:00,13849552.57424842
2007-07-11 00:00:00+00:00,13849552.57424842
2007-07-12 00:00:00+00:00,13849552.57424842
2007-07-13 00:00:00+00:00,13849552.57424842
2007-07-16 00:00:00+00:00,13849552.57424842
2007-07-17 00:00:00+00:00,13849552.57424842
2007-07-18 00:00:00+00:00,13849552.57424842
2007-07-19 00:00:00+00:00,13849552.57424842
2007-07-20 00:00:00+00:00,13849552.57424842
2007-07-23 00:00:00+00:00,13849552.57424842
2007-07-24 00:00:00+00:00,13849552.57424842
2007-07-25 00:00:00+00:00,13849552.57424842
2007-07-26 00:00:00+00:00,13849552.57424842
2007-07-27 00:00:00+00:00,13849552.57424842
2007-07-30 00:00:00+00:00,13849552.57424842
2007-07-31 00:00:00+00:00,13849552.57424842
2007-08-01 00:00:00+00:00,13849552.57424842
2007-08-02 00:00:00+00:00,13849552.57424842
2007-08-03 00:00:00+00:00,13849552.57424842
2007-08-06 00:00:00+00:00,13849552.57424842
2007-08-07 00:00:00+00:00,13849552.57424842
2007-08-08 00:00:00+00:00,13849552.57424842
2007-08-09 00:00:00+00:00,13849552.57424842
2007-08-10 00:00:00+00:00,13849552.57424842
2007-08-13 00:00:00+00:00,13849552.57424842
2007-08-14 00:00:00+00:00,13849552.57424842
2007-08-15 00:00:00+00:00,13849552.57424842
2007-08-16 00:00:00+00:00,13849552.57424842
2007-08-17 00:00:00+00:00,13849552.57424842
2007-08-20 00:00:00+00:00,13849552.57424842
2007-08-21 00:00:00+00:00,13849552.57424842
2007-08-22 00:00:00+00:00,13849552.57424842
2007-08-23 00:00:00+00:00,13849552.57424842
2007-08-24 00:00:00+00:00,13849552.57424842
2007-08-27 00:00:00+00:00,13849552.57424842
2007-08-28 00:00:00+00:00,13849552.57424842
2007-08-29 00:00:00+00:00,13849552.57424842
2007-08-30 00:00:00+00:00,13849552.57424842
2007-08-31 00:00:00+00:00,13849552.57424842
2007-09-03 00:00:00+00:00,13849552.57424842
2007-09-04 00:00:00+00:00,13849552.57424842
2007-09-05 00:00:00+00:00,13849552.57424842
2007-09-06 00:00:00+00:00,13849552.57424842
2007-09-07 00:00:00+00:00,13849552.57424842
2007-09-10 00:00:00+00:00,13849552.57424842
2007-09-11 00:00:00+00:00,13849552.57424842
2007-09-12 00:00:00+00:00,13849552.57424842
2007-09-13 00:00:00+00:00,13849552.57424842
2007-09-14 00:00:00+00:00,13849552.57424842
2007-09-17 00:00:00+00:00,13849552.57424842
2007-09-18 00:00:00+00:00,13849552.57424842
2007-09-19 00:00:00+00:00,13849552.57424842
2007-09-20 00:00:00+00:00,13849552.57424842
2007-09-21 00:00:00+00:00,13849552.57424842
2007-09-24 00:00:00+00:00,13849552.57424842
2007-09-25 00:00:00+00:00,13849552.57424842
2007-09-26 00:00:00+00:00,13849552.57424842
2007-09-27 00:00:00+00:00,13849552.57424842
2007-09-28 00:00:00+00:00,13849552.57424842
2007-10-01 00:00:00+00:00,13849552.57424842
2007-10-02 00:00:00+00:00,13849552.57424842
2007-10-03 00:00:00+00:00,13849552.57424842
2007-10-04 00:00:00+00:00,13849552.57424842
2007-10-05 00:00:00+00:00,13849552.57424842
2007-10-08 00:00:00+00:00,13849552.57424842
2007-10-09 00:00:00+00:00,13849552.57424842
2007-10-10 00:00:00+00:00,13849552.57424842
2007-10-11 00:00:00+00:00,13849552.57424842
2007-10-12 00:00:00+00:00,13849552.57424842
2007-10-15 00:00:00+00:00,13849552.57424842
2007-10-16 00:00:00+00:00,13849552.57424842
2007-10-17 00:00:00+00:00,13849552.57424842
2007-10-18 00:00:00+00:00,13849552.57424842
2007-10-19 00:00:00+00:00,13849552.57424842
2007-10-22 00:00:00+00:00,13849552.57424842
2007-10-23 00:00:00+00:00,13849552.57424842
2007-10-24 00:00:00+00:00,13849552.57424842
2007-10-25 00:00:00+00:00,13849552.57424842
2007-10-26 00:00:00+00:00,13849552.57424842
2007-10-29 00:00:00+00:00,13849552.57424842
2007-10-30 00:00:00+00:00,13849552.57424842
2007-10-31 00:00:00+00:00,13849552.57424842
2007-11-01 00:00:00+00:00,13849552.57424842
2007-11-02 00:00:00+00:00,13849552.57424842
2007-11-05 00:00:00+00:00,13849552.57424842
2007-11-06 00:00:00+00:00,13849552.57424842
2007-11-07 00:00:00+00:00,13849552.57424842
2007-11-08 00:00:00+00:00,13849552.57424842
2007-11-09 00:00:00+00:00,13849552.57424842
2007-11-12 00:00:00+00:00,13849552.57424842
2007-11-13 00:00:00+00:00,13849552.57424842
2007-11-14 00:00:00+00:00,13849552.57424842
2007-11-15 00:00:00+00:00,13849552.57424842
2007-11-16 00:00:00+00:00,13849552.57424842
2007-11-19 00:00:00+00:00,13849552.57424842
2007-11-20 00:00:00+00:00,13849552.57424842
2007-11-21 00:00:00+00:00,13849552.57424842
2007-11-22 00:00:00+00:00,13849552.57424842
2007-11-23 00:00:00+00:00,13849552.57424842
2007-11-26 00:00:00+00:00,13849552.57424842
2007-11-27 00:00:00+00:00,13849552.57424842
2007-11-28 00:00:00+00:00,13849552.57424842
2007-11-29 00:00:00+00:00,13849552.57424842
2007-11-30 00:00:00+00:00,13849552.57424842
2007-12-03 00:00:00+00:00,13849552.57424842
2007-12-04 00:00:00+00:00,13849552.57424842
2007-12-05 00:00:00+00:00,13849552.57424842
2007-12-06 00:00:00+00:00,13849552.57424842
2007-12-07 00:00:00+00:00,13849552.57424842
2007-12-10 00:00:00+00:00,13849552.57424842
2007-12-11 00:00:00+00:00,13849552.57424842
2007-12-12 00:00:00+00:00,13849552.57424842
2007-12-13 00:00:00+00:00,13849552.57424842
2007-12-14 00:00:00+00:00,13849552.57424842
2007-12-17 00:00:00+00:00,13849552.57424842
2007-12-18 00:00:00+00:00,13849552.57424842
2007-12-19 00:00:00+00:00,13849552.57424842
2007-12-20 00:00:00+00:00,13849552.57424842
2007-12-21 00:00:00+00:00,13849552.57424842
2007-12-24 00:00:00+00:00,13849552.57424842
2007-12-26 00:00:00+00:00,13849552.57424842
2007-12-27 00:00:00+00:00,13849552.57424842
2007-12-28 00:00:00+00:00,13849552.57424842
2007-12-31 00:00:00+00:00,13849552.57424842
2008-01-01 00:00:00+00:00,13849552.57424842
2008-01-02 00:00:00+00:00,13849552.57424842
2008-01-03 00:00:00+00:00,13849552.57424842
2008-01-04 00:00:00+00:00,13849552.57424842
2008-01-07 00:00:00+00:00,13849552.57424842
2008-01-08 00:00:00+00:00,13849552.57424842
2008-01-09 00:00:00+00:00,13849552.57424842
2008-01-10 00:00:00+00:00,13849552.57424842
2008-01-11 00:00:00+00:00,13849552.57424842
2008-01-14 00:00:00+00:00,13849552.57424842
2008-01-15 00:00:00+00:00,13849552.57424842
2008-01-16 00:00:00+00:00,13849552.57424842
2008-01-17 00:00:00+00:00,13849552.57424842
2008-01-18 00:00:00+00:00,13849552.57424842
2008-01-21 00:00:00+00:00,13849552.57424842
2008-01-22 00:00:00+00:00,13849552.57424842
2008-01-23 00:00:00+00:00,13849552.57424842
2008-01-24 00:00:00+00:00,13849552.57424842
2008-01-25 00:00:00+00:00,13849552.57424842
2008-01-28 00:00:00+00:00,13849552.57424842
2008-01-29 00:00:00+00:00,13849552.57424842
2008-01-30 00:00:00+00:00,13849552.57424842
2008-01-31 00:00:00+00:00,13849552.57424842
2008-02-01 00:00:00+00:00,13849552.57424842
2008-02-04 00:00:00+00:00,13849552.57424842
2008-02-05 00:00:00+00:00,13849552.57424842
2008-02-06 00:00:00+00:00,13849552.57424842
2008-02-07 00:00:00+00:00,13849552.57424842
2008-02-08 00:00:00+00:00,13849552.57424842
2008-02-11 00:00:00+00:00,13849552.57424842
2008-02-12 00:00:00+00:00,13849552.57424842
2008-02-13 00:00:00+00:00,13849552.57424842
2008-02-14 00:00:00+00:00,13849552.57424842
2008-02-15 00:00:00+00:00,13849552.57424842
2008-02-18 00:00:00+00:00,13849552.57424842
2008-02-19 00:00:00+00:00,13849552.57424842
2008-02-20 00:00:00+00:00,13849552.57424842
2008-02-21 00:00:00+00:00,13849552.57424842
2008-02-22 00:00:00+00:00,13849552.57424842
2008-02-25 00:00:00+00:00,13849552.57424842
2008-02-26 00:00:00+00:00,13849552.57424842
2008-02-27 00:00:00+00:00,13849552.57424842
2008-02-28 00:00:00+00:00,13849552.57424842
2008-02-29 00:00:00+00:00,13849552.57424842
2008-03-03 00:00:00+00:00,13849552.57424842
2008-03-04 00:00:00+00:00,13849552.57424842
2008-03-05 00:00:00+00:00,13849552.57424842
2008-03-06 00:00:00+00:00,13849552.57424842
2008-03-07 00:00:00+00:00,13849552.57424842
2008-03-10 00:00:00+00:00,13849552.57424842
2008-03-11 00:00:00+00:00,13849552.57424842
2008-03-12 00:00:00+00:00,13849552.57424842
2008-03-13 00:00:00+00:00,13849552.57424842
2008-03-14 00:00:00+00:00,13849552.57424842
2008-03-17 00:00:00+00:00,13849552.57424842
2008-03-18 00:00:00+00:00,13849552.57424842
2008-03-19 00:00:00+00:00,13849552.57424842
2008-03-20 00:00:00+00:00,13849552.57424842
2008-03-24 00:00:00+00:00,13849552.57424842
2008-03-25 00:00:00+00:00,13849552.57424842
2008-03-26 00:00:00+00:00,13849552.57424842
2008-03-27 00:00:00+00:00,13849552.57424842
2008-03-28 00:00:00+00:00,13849552.57424842
2008-03-31 00:00:00+00:00,13849552.57424842
2008-04-01 00:00:00+00:00,13849552.57424842
2008-04-02 00:00:00+00:00,13849552.57424842
2008-04-03 00:00:00+00:00,13849552.57424842
2008-04-04 00:00:00+00:00,13849552.57424842
2008-04-07 00:00:00+00:00,13849552.57424842
2008-04-08 00:00:00+00:00,13849552.57424842
2008-04-09 00:00:00+00:00,13849552.57424842
2008-04-10 00:00:00+00:00,13849552.57424842
2008-04-11 00:00:00+00:00,13849552.57424842
2008-04-14 00:00:00+00:00,13849552.57424842
2008-04-15 00:00:00+00:00,13849552.57424842
2008-04-16 00:00:00+00:00,13849552.57424842
2008-04-17 00:00:00+00:00,13849552.57424842
2008-04-18 00:00:00+00:00,13849552.57424842
2008-04-21 00:00:00+00:00,13849552.57424842
2008-04-22 00:00:00+00:00,13849552.57424842
2008-04-23 00:00:00+00:00,13849552.57424842
2008-04-24 00:00:00+00:00,13849552.57424842
2008-04-25 00:00:00+00:00,13849552.57424842
2008-04-28 00:00:00+00:00,13849552.57424842
2008-04-29 00:00:00+00:00,13849552.57424842
2008-04-30 00:00:00+00:00,13849552.57424842
2008-05-01 00:00:00+00:00,13849552.57424842
2008-05-02 00:00:00+00:00,13849552.57424842
2008-05-05 00:00:00+00:00,13849552.57424842
2008-05-06 00:00:00+00:00,13849552.57424842
2008-05-07 00:00:00+00:00,13849552.57424842
2008-05-08 00:00:00+00:00,13849552.57424842
2008-05-09 00:00:00+00:00,13849552.57424842
2008-05-12 00:00:00+00:00,13849552.57424842
2008-05-13 00:00:00+00:00,13849552.57424842
2008-05-14 00:00:00+00:00,13849552.57424842
2008-05-15 00:00:00+00:00,13849552.57424842
2008-05-16 00:00:00+00:00,13849552.57424842
2008-05-19 00:00:00+00:00,13849552.57424842
2008-05-20 00:00:00+00:00,13849552.57424842
2008-05-21 00:00:00+00:00,13849552.57424842
2008-05-22 00:00:00+00:00,13849552.57424842
2008-05-23 00:00:00+00:00,13849552.57424842
2008-05-26 00:00:00+00:00,13849552.57424842
2008-05-27 00:00:00+00:00,13849552.57424842
2008-05-28 00:00:00+00:00,13849552.57424842
2008-05-29 00:00:00+00:00,13849552.57424842
2008-05-30 00:00:00+00:00,13849552.57424842
2008-06-02 00:00:00+00:00,13849552.57424842
2008-06-03 00:00:00+00:00,13849552.57424842
2008-06-04 00:00:00+00:00,13849552.57424842
2008-06-05 00:00:00+00:00,13849552.57424842
2008-06-06 00:00:00+00:00,13849552.57424842
2008-06-09 00:00:00+00:00,13849552.57424842
2008-06-10 00:00:00+00:00,13849552.57424842
2008-06-11 00:00:00+00:00,13849552.57424842
2008-06-12 00:00:00+00:00,13849552.57424842
2008-06-13 00:00:00+00:00,13849552.57424842
2008-06-16 00:00:00+00:00,13849552.57424842
2008-06-17 00:00:00+00:00,13849552.57424842
2008-06-18 00:00:00+00:00,13849552.57424842
2008-06-19 00:00:00+00:00,13849552.57424842
2008-06-20 00:00:00+00:00,13849552.57424842
2008-06-23 00:00:00+00:00,13849552.57424842
2008-06-24 00:00:00+00:00,13849552.57424842
2008-06-25 00:00:00+00:00,13849552.57424842
2008-06-26 00:00:00+00:00,13849552.57424842
2008-06-27 00:00:00+00:00,13849552.57424842
2008-06-30 00:00:00+00:00,13849552.57424842
2008-07-01 00:00:00+00:00,13849552.57424842
2008-07-02 00:00:00+00:00,13849552.57424842
2008-07-03 00:00:00+00:00,13849552.57424842
2008-07-04 00:00:00+00:00,13849552.57424842
2008-07-07 00:00:00+00:00,13849552.57424842
2008-07-08 00:00:00+00:00,13849552.57424842
2008-07-09 00:00:00+00:00,13849552.57424842
2008-07-10 00:00:00+00:00,13849552.57424842
2008-07-11 00:00:00+00:00,13849552.57424842
2008-07-14 00:00:00+00:00,13849552.57424842
2008-07-15 00:00:00+00:00,13849552.57424842
2008-07-16 00:00:00+00:00,13849552.57424842
2008-07-17 00:00:00+00:00,13849552.57424842
2008-07-18 00:00:00+00:00,13849552.57424842
2008-07-21 00:00:00+00:00,13849552.57424842
2008-07-22 00:00:00+00:00,13849552.57424842
2008-07-23 00:00:00+00:00,13849552.57424842
2008-07-24 00:00:00+00:00,13849552.57424842
2008-07-25 00:00:00+00:00,13849552.57424842
2008-07-28 00:00:00+00:00,13849552.57424842
2008-07-29 00:00:00+00:00,13849552.57424842
2008-07-30 00:00:00+00:00,13849552.57424842
2008-07-31 00:00:00+00:00,13849552.57424842
2008-08-01 00:00:00+00:00,13849552.57424842
2008-08-04 00:00:00+00:00,13849552.57424842
2008-08-05 00:00:00+00:00,13849552.57424842
2008-08-06 00:00:00+00:00,13849552.57424842
2008-08-07 00:00:00+00:00,13849552.57424842
2008-08-08 00:00:00+00:00,13849552.57424842
2008-08-11 00:00:00+00:00,13849552.57424842
2008-08-12 00:00:00+00:00,13849552.57424842
2008-08-13 00:00:00+00:00,13849552.57424842
2008-08-14 00:00:00+00:00,13849552.57424842
2008-08-15 00:00:00+00:00,13849552.57424842
2008-08-18 00:00:00+00:00,13849552.57424842
2008-08-19 00:00:00+00:00,13849552.57424842
2008-08-20 00:00:00+00:00,13849552.57424842
2008-08-21 00:00:00+00:00,13849552.57424842
2008-08-22 00:00:00+00:00,13849552.57424842
2008-08-25 00:00:00+00:00,13849552.57424842
2008-08-26 00:00:00+00:00,13849552.57424842
2008-08-27 00:00:00+00:00,13849552.57424842
2008-08-28 00:00:00+00:00,13849552.57424842
2008-08-29 00:00:00+00:00,13849552.57424842
2008-09-01 00:00:00+00:00,13849552.57424842
2008-09-02 00:00:00+00:00,13849552.57424842
2008-09-03 00:00:00+00:00,13849552.57424842
2008-09-04 00:00:00+00:00,13849552.57424842
2008-09-05 00:00:00+00:00,13849552.57424842
2008-09-08 00:00:00+00:00,13849552.57424842
2008-09-09 00:00:00+00:00,13849552.57424842
2008-09-10 00:00:00+00:00,13849552.57424842
2008-09-11 00:00:00+00:00,13849552.57424842
2008-09-12 00:00:00+00:00,13849552.57424842
2008-09-15 00:00:00+00:00,13849552.57424842
2008-09-16 00:00:00+00:00,13849552.57424842
2008-09-17 00:00:00+00:00,13849552.57424842
2008-09-18 00:00:00+00:00,13849552.57424842
2008-09-19 00:00:00+00:00,13849552.57424842
2008-09-22 00:00:00+00:00,13849552.57424842
2008-09-23 00:00:00+00:00,13849552.57424842
2008-09-24 00:00:00+00:00,13849552.57424842
2008-09-25 00:00:00+00:00,13849552.57424842
2008-09-26 00:00:00+00:00,13849552.57424842
2008-09-29 00:00:00+00:00,13849552.57424842
2008-09-30 00:00:00+00:00,13849552.57424842
2008-10-01 00:00:00+00:00,13849552.57424842
2008-10-02 00:00:00+00:00,13849552.57424842
2008-10-03 00:00:00+00:00,13849552.57424842
2008-10-06 00:00:00+00:00,13849552.57424842
2008-10-07 00:00:00+00:00,13849552.57424842
2008-10-08 00:00:00+00:00,13849552.57424842
2008-10-09 00:00:00+00:00,13849552.57424842
2008-10-10 00:00:00+00:00,13849552.57424842
2008-10-13 00:00:00+00:00,13849552.57424842
2008-10-14 00:00:00+00:00,13849552.57424842
2008-10-15 00:00:00+00:00,13849552.57424842
2008-10-16 00:00:00+00:00,13849552.57424842
2008-10-17 00:00:00+00:00,13849552.57424842
2008-10-20 00:00:00+00:00,13849552.57424842
2008-10-21 00:00:00+00:00,13849552.57424842
2008-10-22 00:00:00+00:00,13849552.57424842
2008-10-23 00:00:00+00:00,13849552.57424842
2008-10-24 00:00:00+00:00,13849552.57424842
2008-10-27 00:00:00+00:00,13849552.57424842
2008-10-28 00:00:00+00:00,13849552.57424842
2008-10-29 00:00:00+00:00,13849552.57424842
2008-10-30 00:00:00+00:00,13849552.57424842
2008-10-31 00:00:00+00:00,13849552.57424842
2008-11-03 00:00:00+00:00,13849552.57424842
2008-11-04 00:00:00+00:00,13849552.57424842
2008-11-05 00:00:00+00:00,13849552.57424842
2008-11-06 00:00:00+00:00,13849552.57424842
2008-11-07 00:00:00+00:00,13849552.57424842
2008-11-10 00:00:00+00:00,13849552.57424842
2008-11-11 00:00:00+00:00,13849552.57424842
2008-11-12 00:00:00+00:00,13849552.57424842
2008-11-13 00:00:00+00:00,13849552.57424842
2008-11-14 00:00:00+00:00,13849552.57424842
2008-11-17 00:00:00+00:00,13849552.57424842
2008-11-18 00:00:00+00:00,13849552.57424842
2008-11-19 00:00:00+00:00,13849552.57424842
2008-11-20 00:00:00+00:00,13849552.57424842
2008-11-21 00:00:00+00:00,13849552.57424842
2008-11-24 00:00:00+00:00,13849552.57424842
2008-11-25 00:00:00+00:00,13849552.57424842
2008-11-26 00:00:00+00:00,13849552.57424842
2008-11-27 00:00:00+00:00,13849552.57424842
2008-11-28 00:00:00+00:00,13849552.57424842
2008-12-01 00:00:00+00:00,13849552.57424842
2008-12-02 00:00:00+00:00,13849552.57424842
2008-12-03 00:00:00+00:00,13849552.57424842
2008-12-04 00:00:00+00:00,13849552.57424842
2008-12-05 00:00:00+00:00,13849552.57424842
2008-12-08 00:00:00+00:00,13849552.57424842
2008-12-09 00:00:00+00:00,13849552.57424842
2008-12-10 00:00:00+00:00,13849552.57424842
2008-12-11 00:00:00+00:00,13849552.57424842
2008-12-12 00:00:00+00:00,13849552.57424842
2008-12-15 00:00:00+00:00,13849552.57424842
2008-12-16 00:00:00+00:00,13849552.57424842
2008-12-17 00:00:00+00:00,13849552.57424842
2008-12-18 00:00:00+00:00,13849552.57424842
2008-12-19 00:00:00+00:00,13849552.57424842
2008-12-22 00:00:00+00:00,13849552.57424842
2008-12-23 00:00:00+00:00,13849552.57424842
2008-12-24 00:00:00+00:00,13849552.57424842
2008-12-26 00:00:00+00:00,13849552.57424842
2008-12-29 00:00:00+00:00,13849552.57424842
2008-12-30 00:00:00+00:00,13849552.57424842
2008-12-31 00:00:00+00:00,13849552.57424842
2009-01-02 00:00:00+00:00,13849552.57424842
2009-01-05 00:00:00+00:00,13849552.57424842
2009-01-06 00:00:00+00:00,13849552.57424842
2009-01-07 00:00:00+00:00,13849552.57424842
2009-01-08 00:00:00+00:00,13849552.57424842
2009-01-09 00:00:00+00:00,13849552.57424842
2009-01-12 00:00:00+00:00,13849552.57424842
2009-01-13 00:00:00+00:00,13849552.57424842
2009-01-14 00:00:00+00:00,13849552.57424842
2009-01-15 00:00:00+00:00,13849552.57424842
2009-01-16 00:00:00+00:00,13849552.57424842
2009-01-19 00:00:00+00:00,13849552.57424842
2009-01-20 00:00:00+00:00,13849552.57424842
2009-01-21 00:00:00+00:00,13849552.57424842
2009-01-22 00:00:00+00:00,13849552.57424842
2009-01-23 00:00:00+00:00,13849552.57424842
2009-01-26 00:00:00+00:00,13849552.57424842
2009-01-27 00:00:00+00:00,13849552.57424842
2009-01-28 00:00:00+00:00,13849552.57424842
2009-01-29 00:00:00+00:00,13849552.57424842
2009-01-30 00:00:00+00:00,13849552.57424842
2009-02-02 00:00:00+00:00,13849552.57424842
2009-02-03 00:00:00+00:00,13849552.57424842
2009-02-04 00:00:00+00:00,13849552.57424842
2009-02-05 00:00:00+00:00,13849552.57424842
2009-02-06 00:00:00+00:00,13849552.57424842
2009-02-09 00:00:00+00:00,13849552.57424842
2009-02-10 00:00:00+00:00,13849552.57424842
2009-02-11 00:00:00+00:00,13849552.57424842
2009-02-12 00:00:00+00:00,13849552.57424842
2009-02-13 00:00:00+00:00,13849552.57424842
2009-02-16 00:00:00+00:00,13849552.57424842
2009-02-17 00:00:00+00:00,13849552.57424842
2009-02-18 00:00:00+00:00,13849552.57424842
2009-02-19 00:00:00+00:00,13849552.57424842
2009-02-20 00:00:00+00:00,13849552.57424842
2009-02-23 00:00:00+00:00,13849552.57424842
2009-02-24 00:00:00+00:00,13849552.57424842
2009-02-25 00:00:00+00:00,13849552.57424842
2009-02-26 00:00:00+00:00,13849552.57424842
2009-02-27 00:00:00+00:00,13849552.57424842
2009-03-02 00:00:00+00:00,13849552.57424842
2009-03-03 00:00:00+00:00,13849552.57424842
2009-03-04 00:00:00+00:00,13849552.57424842
2009-03-05 00:00:00+00:00,13849552.57424842
2009-03-06 00:00:00+00:00,13849552.57424842
2009-03-09 00:00:00+00:00,13849552.57424842
2009-03-10 00:00:00+00:00,13849552.57424842
2009-03-11 00:00:00+00:00,13849552.57424842
2009-03-12 00:00:00+00:00,13849552.57424842
2009-03-13 00:00:00+00:00,13849552.57424842
2009-03-16 00:00:00+00:00,13849552.57424842
2009-03-17 00:00:00+00:00,13849552.57424842
2009-03-18 00:00:00+00:00,13849552.57424842
2009-03-19 00:00:00+00:00,13849552.57424842
2009-03-20 00:00:00+00:00,13849552.57424842
2009-03-23 00:00:00+00:00,13849552.57424842
2009-03-24 00:00:00+00:00,13849552.57424842
2009-03-25 00:00:00+00:00,13849552.57424842
2009-03-26 00:00:00+00:00,13849552.57424842
2009-03-27 00:00:00+00:00,13849552.57424842
2009-03-30 00:00:00+00:00,13849552.57424842
2009-03-31 00:00:00+00:00,13849552.57424842
2009-04-01 00:00:00+00:00,13849552.57424842
2009-04-02 00:00:00+00:00,13849552.57424842
2009-04-03 00:00:00+00:00,13849552.57424842
2009-04-06 00:00:00+00:00,13849552.57424842
2009-04-07 00:00:00+00:00,13849552.57424842
2009-04-08 00:00:00+00:00,13849552.57424842
2009-04-09 00:00:00+00:00,13849552.57424842
2009-04-13 00:00:00+00:00,13849552.57424842
2009-04-14 00:00:00+00:00,13849552.57424842
2009-04-15 00:00:00+00:00,13849552.57424842
2009-04-16 00:00:00+00:00,13849552.57424842
2009-04-17 00:00:00+00:00,13849552.57424842
2009-04-20 00:00:00+00:00,13849552.57424842
2009-04-21 00:00:00+00:00,13849552.57424842
2009-04-22 00:00:00+00:00,13849552.57424842
2009-04-23 00:00:00+00:00,13849552.57424842
2009-04-24 00:00:00+00:00,13849552.57424842
2009-04-27 00:00:00+00:00,13849552.57424842
2009-04-28 00:00:00+00:00,13849552.57424842
2009-04-29 00:00:00+00:00,13849552.57424842
2009-04-30 00:00:00+00:00,13849552.57424842
2009-05-01 00:00:00+00:00,13849552.57424842
2009-05-04 00:00:00+00:00,13849552.57424842
2009-05-05 00:00:00+00:00,13849552.57424842
2009-05-06 00:00:00+00:00,13849552.57424842
2009-05-07 00:00:00+00:00,13849552.57424842
2009-05-08 00:00:00+00:00,13849552.57424842
2009-05-11 00:00:00+00:00,13849552.57424842
2009-05-12 00:00:00+00:00,13849552.57424842
2009-05-13 00:00:00+00:00,13849552.57424842
2009-05-14 00:00:00+00:00,13849552.57424842
2009-05-15 00:00:00+00:00,13849552.57424842
2009-05-18 00:00:00+00:00,13849552.57424842
2009-05-19 00:00:00+00:00,13849552.57424842
2009-05-20 00:00:00+00:00,13849552.57424842
2009-05-21 00:00:00+00:00,13849552.57424842
2009-05-22 00:00:00+00:00,13849552.57424842
2009-05-25 00:00:00+00:00,13849552.57424842
2009-05-26 00:00:00+00:00,13849552.57424842
2009-05-27 00:00:00+00:00,13849552.57424842
2009-05-28 00:00:00+00:00,13849552.57424842
2009-05-29 00:00:00+00:00,13849552.57424842
2009-06-01 00:00:00+00:00,13849552.57424842
2009-06-02 00:00:00+00:00,13849552.57424842
2009-06-03 00:00:00+00:00,13849552.57424842
2009-06-04 00:00:00+00:00,13849552.57424842
2009-06-05 00:00:00+00:00,13849552.57424842
2009-06-08 00:00:00+00:00,13849552.57424842
2009-06-09 00:00:00+00:00,13849552.57424842
2009-06-10 00:00:00+00:00,13849552.57424842
2009-06-11 00:00:00+00:00,13849552.57424842
2009-06-12 00:00:00+00:00,13849552.57424842
2009-06-15 00:00:00+00:00,13849552.57424842
2009-06-16 00:00:00+00:00,13849552.57424842
2009-06-17 00:00:00+00:00,13849552.57424842
2009-06-18 00:00:00+00:00,13849552.57424842
2009-06-19 00:00:00+00:00,13849552.57424842
2009-06-22 00:00:00+00:00,13849552.57424842
2009-06-23 00:00:00+00:00,13849552.57424842
2009-06-24 00:00:00+00:00,13849552.57424842
2009-06-25 00:00:00+00:00,13849552.57424842
2009-06-26 00:00:00+00:00,13849552.57424842
2009-06-29 00:00:00+00:00,13849552.57424842
2009-06-30 00:00:00+00:00,13849552.57424842
2009-07-01 00:00:00+00:00,13849552.57424842
2009-07-02 00:00:00+00:00,13849552.57424842
2009-07-03 00:00:00+00:00,13849552.57424842
2009-07-06 00:00:00+00:00,13849552.57424842
2009-07-07 00:00:00+00:00,13849552.57424842
2009-07-08 00:00:00+00:00,13849552.57424842
2009-07-09 00:00:00+00:00,13849552.57424842
2009-07-10 00:00:00+00:00,13849552.57424842
2009-07-13 00:00:00+00:00,13849552.57424842
2009-07-14 00:00:00+00:00,13849552.57424842
2009-07-15 00:00:00+00:00,13849552.57424842
2009-07-16 00:00:00+00:00,13849552.57424842
2009-07-17 00:00:00+00:00,13849552.57424842
2009-07-20 00:00:00+00:00,13849552.57424842
2009-07-21 00:00:00+00:00,13849552.57424842
2009-07-22 00:00:00+00:00,13849552.57424842
2009-07-23 00:00:00+00:00,13849552.57424842
2009-07-24 00:00:00+00:00,13849552.57424842
2009-07-27 00:00:00+00:00,13849552.57424842
2009-07-28 00:00:00+00:00,13849552.57424842
2009-07-29 00:00:00+00:00,13849552.57424842
2009-07-30 00:00:00+00:00,13849552.57424842
2009-07-31 00:00:00+00:00,13849552.57424842
2009-08-03 00:00:00+00:00,13849552.57424842
2009-08-04 00:00:00+00:00,13849552.57424842
2009-08-05 00:00:00+00:00,13849552.57424842
2009-08-06 00:00:00+00:00,13849552.57424842
2009-08-07 00:00:00+00:00,13849552.57424842
2009-08-10 00:00:00+00:00,13849552.57424842
2009-08-11 00:00:00+00:00,13849552.57424842
2009-08-12 00:00:00+00:00,13849552.57424842
2009-08-13 00:00:00+00:00,13849552.57424842
2009-08-14 00:00:00+00:00,13849552.57424842
2009-08-17 00:00:00+00:00,13849552.57424842
2009-08-18 00:00:00+00:00,13849552.57424842
2009-08-19 00:00:00+00:00,13849552.57424842
2009-08-20 00:00:00+00:00,13849552.57424842
2009-08-21 00:00:00+00:00,13849552.57424842
2009-08-24 00:00:00+00:00,13849552.57424842
2009-08-25 00:00:00+00:00,13849552.57424842
2009-08-26 00:00:00+00:00,13849552.57424842
2009-08-27 00:00:00+00:00,13849552.57424842
2009-08-28 00:00:00+00:00,13849552.57424842
2009-08-31 00:00:00+00:00,13849552.57424842
2009-09-01 00:00:00+00:00,13849552.57424842
2009-09-02 00:00:00+00:00,13849552.57424842
2009-09-03 00:00:00+00:00,13849552.57424842
2009-09-04 00:00:00+00:00,13849552.57424842
2009-09-07 00:00:00+00:00,13849552.57424842
2009-09-08 00:00:00+00:00,13849552.57424842
2009-09-09 00:00:00+00:00,13849552.57424842
2009-09-10 00:00:00+00:00,13849552.57424842
2009-09-11 00:00:00+00:00,13849552.57424842
2009-09-14 00:00:00+00:00,13849552.57424842
2009-09-15 00:00:00+00:00,13849552.57424842
2009-09-16 00:00:00+00:00,13849552.57424842
2009-09-17 00:00:00+00:00,13849552.57424842
2009-09-18 00:00:00+00:00,13849552.57424842
2009-09-21 00:00:00+00:00,13849552.57424842
2009-09-22 00:00:00+00:00,13849552.57424842
2009-09-23 00:00:00+00:00,13849552.57424842
2009-09-24 00:00:00+00:00,13849552.57424842
2009-09-25 00:00:00+00:00,13849552.57424842
2009-09-28 00:00:00+00:00,13849552.57424842
2009-09-29 00:00:00+00:00,13849552.57424842
2009-09-30 00:00:00+00:00,13849552.57424842
2009-10-01 00:00:00+00:00,13849552.57424842
2009-10-02 00:00:00+00:00,13849552.57424842
2009-10-05 00:00:00+00:00,13849552.57424842
2009-10-06 00:00:00+00:00,13849552.57424842
2009-10-07 00:00:00+00:00,13849552.57424842
2009-10-08 00:00:00+00:00,13849552.57424842
2009-10-09 00:00:00+00:00,13849552.57424842
2009-10-12 00:00:00+00:00,13849552.57424842
2009-10-13 00:00:00+00:00,13849552.57424842
2009-10-14 00:00:00+00:00,13849552.57424842
2009-10-15 00:00:00+00:00,13849552.57424842
2009-10-16 00:00:00+00:00,13849552.57424842
2009-10-19 00:00:00+00:00,13849552.57424842
2009-10-20 00:00:00+00:00,13849552.57424842
2009-10-21 00:00:00+00:00,13849552.57424842
2009-10-22 00:00:00+00:00,13849552.57424842
2009-10-23 00:00:00+00:00,13849552.57424842
2009-10-26 00:00:00+00:00,13849552.57424842
2009-10-27 00:00:00+00:00,13849552.57424842
2009-10-28 00:00:00+00:00,13849552.57424842
2009-10-29 00:00:00+00:00,13849552.57424842
2009-10-30 00:00:00+00:00,13849552.57424842
2009-11-02 00:00:00+00:00,13849552.57424842
2009-11-03 00:00:00+00:00,13849552.57424842
2009-11-04 00:00:00+00:00,13849552.57424842
2009-11-05 00:00:00+00:00,13849552.57424842
2009-11-06 00:00:00+00:00,13849552.57424842
2009-11-09 00:00:00+00:00,13849552.57424842
2009-11-10 00:00:00+00:00,13849552.57424842
2009-11-11 00:00:00+00:00,13849552.57424842
2009-11-12 00:00:00+00:00,13849552.57424842
2009-11-13 00:00:00+00:00,13849552.57424842
2009-11-16 00:00:00+00:00,13849552.57424842
2009-11-17 00:00:00+00:00,13849552.57424842
2009-11-18 00:00:00+00:00,13849552.57424842
2009-11-19 00:00:00+00:00,13849552.57424842
2009-11-20 00:00:00+00:00,13849552.57424842
2009-11-23 00:00:00+00:00,13849552.57424842
2009-11-24 00:00:00+00:00,13849552.57424842
2009-11-25 00:00:00+00:00,13849552.57424842
2009-11-26 00:00:00+00:00,13849552.57424842
2009-11-27 00:00:00+00:00,13849552.57424842
2009-11-30 00:00:00+00:00,13849552.57424842
2009-12-01 00:00:00+00:00,13849552.57424842
2009-12-02 00:00:00+00:00,13849552.57424842
2009-12-03 00:00:00+00:00,13849552.57424842
2009-12-04 00:00:00+00:00,13849552.57424842
2009-12-07 00:00:00+00:00,13849552.57424842
2009-12-08 00:00:00+00:00,13849552.57424842
2009-12-09 00:00:00+00:00,13849552.57424842
2009-12-10 00:00:00+00:00,13849552.57424842
2009-12-11 00:00:00+00:00,13849552.57424842
2009-12-14 00:00:00+00:00,13849552.57424842
2009-12-15 00:00:00+00:00,13849552.57424842
2009-12-16 00:00:00+00:00,13849552.57424842
2009-12-17 00:00:00+00:00,13849552.57424842
2009-12-18 00:00:00+00:00,13849552.57424842
2009-12-21 00:00:00+00:00,13849552.57424842
2009-12-22 00:00:00+00:00,13849552.57424842
2009-12-23 00:00:00+00:00,13849552.57424842
2009-12-24 00:00:00+00:00,13849552.57424842
2009-12-28 00:00:00+00:00,13849552.57424842
2009-12-29 00:00:00+00:00,13849552.57424842
2009-12-30 00:00:00+00:00,13849552.57424842
2009-12-31 00:00:00+00:00,13849552.57424842
2010-01-04 00:00:00+00:00,13849552.57424842
2010-01-05 00:00:00+00:00,13849552.57424842
2010-01-06 00:00:00+00:00,13849552.57424842
2010-01-07 00:00:00+00:00,13849552.57424842
2010-01-08 00:00:00+00:00,13849552.57424842
2010-01-11 00:00:00+00:00,13849552.57424842
2010-01-12 00:00:00+00:00,13849552.57424842
2010-01-13 00:00:00+00:00,13849552.57424842
2010-01-14 00:00:00+00:00,13849552.57424842
2010-01-15 00:00:00+00:00,13849552.57424842
2010-01-18 00:00:00+00:00,13849552.57424842
2010-01-19 00:00:00+00:00,13849552.57424842
2010-01-20 00:00:00+00:00,13849552.57424842
2010-01-21 00:00:00+00:00,13849552.57424842
2010-01-22 00:00:00+00:00,13849552.57424842
2010-01-25 00:00:00+00:00,13849552.57424842
2010-01-26 00:00:00+00:00,13849552.57424842
2010-01-27 00:00:00+00:00,13849552.57424842
2010-01-28 00:00:00+00:00,13849552.57424842
2010-01-29 00:00:00+00:00,13849552.57424842
2010-02-01 00:00:00+00:00,13849552.57424842
2010-02-02 00:00:00+00:00,13849552.57424842
2010-02-03 00:00:00+00:00,13849552.57424842
2010-02-04 00:00:00+00:00,13849552.57424842
2010-02-05 00:00:00+00:00,13849552.57424842
2010-02-06 00:00:00+00:00,13849552.57424842
2010-02-08 00:00:00+00:00,13849552.57424842
2010-02-09 00:00:00+00:00,13849552.57424842
2010-02-10 00:00:00+00:00,13849552.57424842
2010-02-11 00:00:00+00:00,13849552.57424842
2010-02-12 00:00:00+00:00,13849552.57424842
2010-02-15 00:00:00+00:00,13849552.57424842
2010-02-16 00:00:00+00:00,13849552.57424842
2010-02-17 00:00:00+00:00,13849552.57424842
2010-02-18 00:00:00+00:00,13849552.57424842
2010-02-19 00:00:00+00:00,13849552.57424842
2010-02-22 00:00:00+00:00,13849552.57424842
2010-02-23 00:00:00+00:00,13849552.57424842
2010-02-24 00:00:00+00:00,13849552.57424842
2010-02-25 00:00:00+00:00,13849552.57424842
2010-02-26 00:00:00+00:00,13849552.57424842
2010-03-01 00:00:00+00:00,13849552.57424842
2010-03-02 00:00:00+00:00,13849552.57424842
2010-03-03 00:00:00+00:00,13849552.57424842
2010-03-04 00:00:00+00:00,13849552.57424842
2010-03-05 00:00:00+00:00,13849552.57424842
2010-03-08 00:00:00+00:00,13849552.57424842
2010-03-09 00:00:00+00:00,13849552.57424842
2010-03-10 00:00:00+00:00,13849552.57424842
2010-03-11 00:00:00+00:00,13849552.57424842
2010-03-12 00:00:00+00:00,13849552.57424842
2010-03-15 00:00:00+00:00,13849552.57424842
2010-03-16 00:00:00+00:00,13849552.57424842
2010-03-17 00:00:00+00:00,13849552.57424842
2010-03-18 00:00:00+00:00,13849552.57424842
2010-03-19 00:00:00+00:00,13849552.57424842
2010-03-22 00:00:00+00:00,13849552.57424842
2010-03-23 00:00:00+00:00,13849552.57424842
2010-03-24 00:00:00+00:00,13849552.57424842
2010-03-25 00:00:00+00:00,13849552.57424842
2010-03-26 00:00:00+00:00,13849552.57424842
2010-03-29 00:00:00+00:00,13849552.57424842
2010-03-30 00:00:00+00:00,13849552.57424842
2010-03-31 00:00:00+00:00,13849552.57424842
2010-04-01 00:00:00+00:00,13849552.57424842
2010-04-05 00:00:00+00:00,13849552.57424842
2010-04-06 00:00:00+00:00,13849552.57424842
2010-04-07 00:00:00+00:00,13849552.57424842
2010-04-08 00:00:00+00:00,13849552.57424842
2010-04-09 00:00:00+00:00,13849552.57424842
2010-04-12 00:00:00+00:00,13849552.57424842
2010-04-13 00:00:00+00:00,13849552.57424842
2010-04-14 00:00:00+00:00,13849552.57424842
2010-04-15 00:00:00+00:00,13849552.57424842
2010-04-16 00:00:00+00:00,13849552.57424842
2010-04-19 00:00:00+00:00,13849552.57424842
2010-04-20 00:00:00+00:00,13849552.57424842
2010-04-21 00:00:00+00:00,13849552.57424842
2010-04-22 00:00:00+00:00,13849552.57424842
2010-04-23 00:00:00+00:00,13849552.57424842
2010-04-26 00:00:00+00:00,13849552.57424842
2010-04-27 00:00:00+00:00,13849552.57424842
2010-04-28 00:00:00+00:00,13849552.57424842
2010-04-29 00:00:00+00:00,13849552.57424842
2010-04-30 00:00:00+00:00,13849552.57424842
2010-05-03 00:00:00+00:00,13849552.57424842
2010-05-04 00:00:00+00:00,13849552.57424842
2010-05-05 00:00:00+00:00,13849552.57424842
2010-05-06 00:00:00+00:00,13849552.57424842
2010-05-07 00:00:00+00:00,13849552.57424842
2010-05-10 00:00:00+00:00,13849552.57424842
2010-05-11 00:00:00+00:00,13849552.57424842
2010-05-12 00:00:00+00:00,13849552.57424842
2010-05-13 00:00:00+00:00,13849552.57424842
2010-05-14 00:00:00+00:00,13849552.57424842
2010-05-17 00:00:00+00:00,13849552.57424842
2010-05-18 00:00:00+00:00,13849552.57424842
2010-05-19 00:00:00+00:00,13849552.57424842
2010-05-20 00:00:00+00:00,13849552.57424842
2010-05-21 00:00:00+00:00,13849552.57424842
2010-05-24 00:00:00+00:00,13849552.57424842
2010-05-25 00:00:00+00:00,13849552.57424842
2010-05-26 00:00:00+00:00,13849552.57424842
2010-05-27 00:00:00+00:00,13849552.57424842
2010-05-28 00:00:00+00:00,13849552.57424842
2010-05-31 00:00:00+00:00,13849552.57424842
2010-06-01 00:00:00+00:00,13849552.57424842
2010-06-02 00:00:00+00:00,13849552.57424842
2010-06-03 00:00:00+00:00,13849552.57424842
2010-06-04 00:00:00+00:00,13849552.57424842
2010-06-07 00:00:00+00:00,13849552.57424842
2010-06-08 00:00:00+00:00,13849552.57424842
2010-06-09 00:00:00+00:00,13849552.57424842
2010-06-10 00:00:00+00:00,13849552.57424842
2010-06-11 00:00:00+00:00,13849552.57424842
2010-06-14 00:00:00+00:00,13849552.57424842
2010-06-15 00:00:00+00:00,13849552.57424842
2010-06-16 00:00:00+00:00,13849552.57424842
2010-06-17 00:00:00+00:00,13849552.57424842
2010-06-18 00:00:00+00:00,13849552.57424842
2010-06-21 00:00:00+00:00,13849552.57424842
2010-06-22 00:00:00+00:00,13849552.57424842
2010-06-23 00:00:00+00:00,13849552.57424842
2010-06-24 00:00:00+00:00,13849552.57424842
2010-06-25 00:00:00+00:00,13849552.57424842
2010-06-28 00:00:00+00:00,13849552.57424842
2010-06-29 00:00:00+00:00,13849552.57424842
2010-06-30 00:00:00+00:00,13849552.57424842
2010-07-01 00:00:00+00:00,13849552.57424842
2010-07-02 00:00:00+00:00,13849552.57424842
2010-07-05 00:00:00+00:00,13849552.57424842
2010-07-06 00:00:00+00:00,13849552.57424842
2010-07-07 00:00:00+00:00,13849552.57424842
2010-07-08 00:00:00+00:00,13849552.57424842
2010-07-09 00:00:00+00:00,13849552.57424842
2010-07-12 00:00:00+00:00,13849552.57424842
2010-07-13 00:00:00+00:00,13849552.57424842
2010-07-14 00:00:00+00:00,13849552.57424842
2010-07-15 00:00:00+00:00,13849552.57424842
2010-07-16 00:00:00+00:00,13849552.57424842
2010-07-19 00:00:00+00:00,13849552.57424842
2010-07-20 00:00:00+00:00,13849552.57424842
2010-07-21 00:00:00+00:00,13849552.57424842
2010-07-22 00:00:00+00:00,13849552.57424842
2010-07-23 00:00:00+00:00,13849552.57424842
2010-07-26 00:00:00+00:00,13849552.57424842
2010-07-27 00:00:00+00:00,13849552.57424842
2010-07-28 00:00:00+00:00,13849552.57424842
2010-07-29 00:00:00+00:00,13849552.57424842
2010-07-30 00:00:00+00:00,13849552.57424842
2010-08-02 00:00:00+00:00,13849552.57424842
2010-08-03 00:00:00+00:00,13849552.57424842
2010-08-04 00:00:00+00:00,13849552.57424842
2010-08-05 00:00:00+00:00,13849552.57424842
2010-08-06 00:00:00+00:00,13849552.57424842
2010-08-09 00:00:00+00:00,13849552.57424842
2010-08-10 00:00:00+00:00,13849552.57424842
2010-08-11 00:00:00+00:00,13849552.57424842
2010-08-12 00:00:00+00:00,13849552.57424842
2010-08-13 00:00:00+00:00,13849552.57424842
2010-08-16 00:00:00+00:00,13849552.57424842
2010-08-17 00:00:00+00:00,13849552.57424842
2010-08-18 00:00:00+00:00,13849552.57424842
2010-08-19 00:00:00+00:00,13849552.57424842
2010-08-20 00:00:00+00:00,13849552.57424842
2010-08-23 00:00:00+00:00,13849552.57424842
2010-08-24 00:00:00+00:00,13849552.57424842
2010-08-25 00:00:00+00:00,13849552.57424842
2010-08-26 00:00:00+00:00,13849552.57424842
2010-08-27 00:00:00+00:00,13849552.57424842
2010-08-30 00:00:00+00:00,13849552.57424842
2010-08-31 00:00:00+00:00,13849552.57424842
2010-09-01 00:00:00+00:00,13849552.57424842
2010-09-02 00:00:00+00:00,13849552.57424842
2010-09-03 00:00:00+00:00,13849552.57424842
2010-09-06 00:00:00+00:00,13849552.57424842
2010-09-07 00:00:00+00:00,13849552.57424842
2010-09-08 00:00:00+00:00,13849552.57424842
2010-09-09 00:00:00+00:00,13849552.57424842
2010-09-10 00:00:00+00:00,13849552.57424842
2010-09-13 00:00:00+00:00,13849552.57424842
2010-09-14 00:00:00+00:00,13849552.57424842
2010-09-15 00:00:00+00:00,13849552.57424842
2010-09-16 00:00:00+00:00,13849552.57424842
2010-09-17 00:00:00+00:00,13849552.57424842
2010-09-20 00:00:00+00:00,13849552.57424842
2010-09-21 00:00:00+00:00,13849552.57424842
2010-09-22 00:00:00+00:00,13849552.57424842
2010-09-23 00:00:00+00:00,13849552.57424842
2010-09-24 00:00:00+00:00,13849552.57424842
2010-09-27 00:00:00+00:00,13849552.57424842
2010-09-28 00:00:00+00:00,13849552.57424842
2010-09-29 00:00:00+00:00,13849552.57424842
2010-09-30 00:00:00+00:00,13849552.57424842
2010-10-01 00:00:00+00:00,13849552.57424842
2010-10-04 00:00:00+00:00,13849552.57424842
2010-10-05 00:00:00+00:00,13849552.57424842
2010-10-06 00:00:00+00:00,13849552.57424842
2010-10-07 00:00:00+00:00,13849552.57424842
2010-10-08 00:00:00+00:00,13849552.57424842
2010-10-11 00:00:00+00:00,13849552.57424842
2010-10-12 00:00:00+00:00,13849552.57424842
2010-10-13 00:00:00+00:00,13849552.57424842
2010-10-14 00:00:00+00:00,13849552.57424842
2010-10-15 00:00:00+00:00,13849552.57424842
2010-10-18 00:00:00+00:00,13849552.57424842
2010-10-19 00:00:00+00:00,13849552.57424842
2010-10-20 00:00:00+00:00,13849552.57424842
2010-10-21 00:00:00+00:00,13849552.57424842
2010-10-22 00:00:00+00:00,13849552.57424842
2010-10-25 00:00:00+00:00,13849552.57424842
2010-10-26 00:00:00+00:00,13849552.57424842
2010-10-27 00:00:00+00:00,13849552.57424842
2010-10-28 00:00:00+00:00,13849552.57424842
2010-10-29 00:00:00+00:00,13849552.57424842
2010-11-01 00:00:00+00:00,13849552.57424842
2010-11-02 00:00:00+00:00,13849552.57424842
2010-11-03 00:00:00+00:00,13849552.57424842
2010-11-04 00:00:00+00:00,13849552.57424842
2010-11-05 00:00:00+00:00,13849552.57424842
2010-11-08 00:00:00+00:00,13849552.57424842
2010-11-09 00:00:00+00:00,13849552.57424842
2010-11-10 00:00:00+00:00,13849552.57424842
2010-11-11 00:00:00+00:00,13849552.57424842
2010-11-12 00:00:00+00:00,13849552.57424842
2010-11-15 00:00:00+00:00,13849552.57424842
2010-11-16 00:00:00+00:00,13849552.57424842
2010-11-17 00:00:00+00:00,13849552.57424842
2010-11-18 00:00:00+00:00,13849552.57424842
2010-11-19 00:00:00+00:00,13849552.57424842
2010-11-22 00:00:00+00:00,13849552.57424842
2010-11-23 00:00:00+00:00,13849552.57424842
2010-11-24 00:00:00+00:00,13849552.57424842
2010-11-25 00:00:00+00:00,13849552.57424842
2010-11-26 00:00:00+00:00,13849552.57424842
2010-11-29 00:00:00+00:00,13849552.57424842
2010-11-30 00:00:00+00:00,13849552.57424842
2010-12-01 00:00:00+00:00,13849552.57424842
2010-12-02 00:00:00+00:00,13849552.57424842
2010-12-03 00:00:00+00:00,13849552.57424842
2010-12-06 00:00:00+00:00,13849552.57424842
2010-12-07 00:00:00+00:00,13849552.57424842
2010-12-08 00:00:00+00:00,13849552.57424842
2010-12-09 00:00:00+00:00,13849552.57424842
2010-12-10 00:00:00+00:00,13849552.57424842
2010-12-13 00:00:00+00:00,13849552.57424842
2010-12-14 00:00:00+00:00,13849552.57424842
2010-12-15 00:00:00+00:00,13849552.57424842
2010-12-16 00:00:00+00:00,13849552.57424842
2010-12-17 00:00:00+00:00,13849552.57424842
2010-12-20 00:00:00+00:00,13849552.57424842
2010-12-21 00:00:00+00:00,13849552.57424842
2010-12-22 00:00:00+00:00,13849552.57424842
2010-12-23 00:00:00+00:00,13849552.57424842
2010-12-24 00:00:00+00:00,13849552.57424842
2010-12-27 00:00:00+00:00,13849552.57424842
2010-12-28 00:00:00+00:00,13849552.57424842
2010-12-29 00:00:00+00:00,13849552.57424842
2010-12-30 00:00:00+00:00,13849552.57424842
2010-12-31 00:00:00+00:00,13849552.57424842
2011-01-03 00:00:00+00:00,13849552.57424842
2011-01-04 00:00:00+00:00,13849552.57424842
2011-01-05 00:00:00+00:00,13849552.57424842
2011-01-06 00:00:00+00:00,13849552.57424842
2011-01-07 00:00:00+00:00,13849552.57424842
2011-01-10 00:00:00+00:00,13849552.57424842
2011-01-11 00:00:00+00:00,13849552.57424842
2011-01-12 00:00:00+00:00,13849552.57424842
2011-01-13 00:00:00+00:00,13849552.57424842
2011-01-14 00:00:00+00:00,13849552.57424842
2011-01-17 00:00:00+00:00,13849552.57424842
2011-01-18 00:00:00+00:00,13849552.57424842
2011-01-19 00:00:00+00:00,13849552.57424842
2011-01-20 00:00:00+00:00,13849552.57424842
2011-01-21 00:00:00+00:00,13849552.57424842
2011-01-24 00:00:00+00:00,13849552.57424842
2011-01-25 00:00:00+00:00,13849552.57424842
2011-01-26 00:00:00+00:00,13849552.57424842
2011-01-27 00:00:00+00:00,13849552.57424842
2011-01-28 00:00:00+00:00,13849552.57424842
2011-01-31 00:00:00+00:00,13849552.57424842
2011-02-01 00:00:00+00:00,13849552.57424842
2011-02-02 00:00:00+00:00,13849552.57424842
2011-02-03 00:00:00+00:00,13849552.57424842
2011-02-04 00:00:00+00:00,13849552.57424842
2011-02-07 00:00:00+00:00,13849552.57424842
2011-02-08 00:00:00+00:00,13849552.57424842
2011-02-09 00:00:00+00:00,13849552.57424842
2011-02-10 00:00:00+00:00,13849552.57424842
2011-02-11 00:00:00+00:00,13849552.57424842
2011-02-14 00:00:00+00:00,13849552.57424842
2011-02-15 00:00:00+00:00,13849552.57424842
2011-02-16 00:00:00+00:00,13849552.57424842
2011-02-17 00:00:00+00:00,13849552.57424842
2011-02-18 00:00:00+00:00,13849552.57424842
2011-02-21 00:00:00+00:00,13849552.57424842
2011-02-22 00:00:00+00:00,13849552.57424842
2011-02-23 00:00:00+00:00,13849552.57424842
2011-02-24 00:00:00+00:00,13849552.57424842
2011-02-25 00:00:00+00:00,13849552.57424842
2011-02-28 00:00:00+00:00,13849552.57424842
2011-03-01 00:00:00+00:00,13849552.57424842
2011-03-02 00:00:00+00:00,13849552.57424842
2011-03-03 00:00:00+00:00,13849552.57424842
2011-03-04 00:00:00+00:00,13849552.57424842
2011-03-07 00:00:00+00:00,13849552.57424842
2011-03-08 00:00:00+00:00,13849552.57424842
2011-03-09 00:00:00+00:00,13849552.57424842
2011-03-10 00:00:00+00:00,13849552.57424842
2011-03-11 00:00:00+00:00,13849552.57424842
2011-03-14 00:00:00+00:00,13849552.57424842
2011-03-15 00:00:00+00:00,13849552.57424842
2011-03-16 00:00:00+00:00,13849552.57424842
2011-03-17 00:00:00+00:00,13849552.57424842
2011-03-18 00:00:00+00:00,13849552.57424842
2011-03-21 00:00:00+00:00,13849552.57424842
2011-03-22 00:00:00+00:00,13849552.57424842
2011-03-23 00:00:00+00:00,13849552.57424842
2011-03-24 00:00:00+00:00,13849552.57424842
2011-03-25 00:00:00+00:00,13849552.57424842
2011-03-28 00:00:00+00:00,13849552.57424842
2011-03-29 00:00:00+00:00,13849552.57424842
2011-03-30 00:00:00+00:00,13849552.57424842
2011-03-31 00:00:00+00:00,13849552.57424842
2011-04-01 00:00:00+00:00,13849552.57424842
2011-04-04 00:00:00+00:00,13849552.57424842
2011-04-05 00:00:00+00:00,13849552.57424842
2011-04-06 00:00:00+00:00,13849552.57424842
2011-04-07 00:00:00+00:00,13849552.57424842
2011-04-08 00:00:00+00:00,13849552.57424842
2011-04-11 00:00:00+00:00,13849552.57424842
2011-04-12 00:00:00+00:00,13849552.57424842
2011-04-13 00:00:00+00:00,13849552.57424842
2011-04-14 00:00:00+00:00,13849552.57424842
2011-04-15 00:00:00+00:00,13849552.57424842
2011-04-18 00:00:00+00:00,13849552.57424842
2011-04-19 00:00:00+00:00,13849552.57424842
2011-04-20 00:00:00+00:00,13849552.57424842
2011-04-21 00:00:00+00:00,13849552.57424842
2011-04-25 00:00:00+00:00,13849552.57424842
2011-04-26 00:00:00+00:00,13849552.57424842
2011-04-27 00:00:00+00:00,13849552.57424842
2011-04-28 00:00:00+00:00,13849552.57424842
2011-04-29 00:00:00+00:00,13849552.57424842
2011-05-02 00:00:00+00:00,13849552.57424842
2011-05-03 00:00:00+00:00,13849552.57424842
2011-05-04 00:00:00+00:00,13849552.57424842
2011-05-05 00:00:00+00:00,13849552.57424842
2011-05-06 00:00:00+00:00,13849552.57424842
2011-05-09 00:00:00+00:00,13849552.57424842
2011-05-10 00:00:00+00:00,13849552.57424842
2011-05-11 00:00:00+00:00,13849552.57424842
2011-05-12 00:00:00+00:00,13849552.57424842
2011-05-13 00:00:00+00:00,13849552.57424842
2011-05-16 00:00:00+00:00,13849552.57424842
2011-05-17 00:00:00+00:00,13849552.57424842
2011-05-18 00:00:00+00:00,13849552.57424842
2011-05-19 00:00:00+00:00,13849552.57424842
2011-05-20 00:00:00+00:00,13849552.57424842
2011-05-23 00:00:00+00:00,13849552.57424842
2011-05-24 00:00:00+00:00,13849552.57424842
2011-05-25 00:00:00+00:00,13849552.57424842
2011-05-26 00:00:00+00:00,13849552.57424842
2011-05-27 00:00:00+00:00,13849552.57424842
2011-05-30 00:00:00+00:00,13849552.57424842
2011-05-31 00:00:00+00:00,13849552.57424842
2011-06-01 00:00:00+00:00,13849552.57424842
2011-06-02 00:00:00+00:00,13849552.57424842
2011-06-03 00:00:00+00:00,13849552.57424842
2011-06-06 00:00:00+00:00,13849552.57424842
2011-06-07 00:00:00+00:00,13849552.57424842
2011-06-08 00:00:00+00:00,13849552.57424842
2011-06-09 00:00:00+00:00,13849552.57424842
2011-06-10 00:00:00+00:00,13849552.57424842
2011-06-13 00:00:00+00:00,13849552.57424842
2011-06-14 00:00:00+00:00,13849552.57424842
2011-06-15 00:00:00+00:00,13849552.57424842
2011-06-16 00:00:00+00:00,13849552.57424842
2011-06-17 00:00:00+00:00,13849552.57424842
2011-06-20 00:00:00+00:00,13849552.57424842
2011-06-21 00:00:00+00:00,13849552.57424842
2011-06-22 00:00:00+00:00,13849552.57424842
2011-06-23 00:00:00+00:00,13849552.57424842
2011-06-24 00:00:00+00:00,13849552.57424842
2011-06-27 00:00:00+00:00,13849552.57424842
2011-06-28 00:00:00+00:00,13849552.57424842
2011-06-29 00:00:00+00:00,13849552.57424842
2011-06-30 00:00:00+00:00,13849552.57424842
2011-07-01 00:00:00+00:00,13849552.57424842
2011-07-04 00:00:00+00:00,13849552.57424842
2011-07-05 00:00:00+00:00,13849552.57424842
2011-07-06 00:00:00+00:00,13849552.57424842
2011-07-07 00:00:00+00:00,13849552.57424842
2011-07-08 00:00:00+00:00,13849552.57424842
2011-07-11 00:00:00+00:00,13849552.57424842
2011-07-12 00:00:00+00:00,13849552.57424842
2011-07-13 00:00:00+00:00,13849552.57424842
2011-07-14 00:00:00+00:00,13849552.57424842
2011-07-15 00:00:00+00:00,13849552.57424842
2011-07-18 00:00:00+00:00,13849552.57424842
2011-07-19 00:00:00+00:00,13849552.57424842
2011-07-20 00:00:00+00:00,13849552.57424842
2011-07-21 00:00:00+00:00,13849552.57424842
2011-07-22 00:00:00+00:00,13849552.57424842
2011-07-25 00:00:00+00:00,13849552.57424842
2011-07-26 00:00:00+00:00,13849552.57424842
2011-07-27 00:00:00+00:00,13849552.57424842
2011-07-28 00:00:00+00:00,13849552.57424842
2011-07-29 00:00:00+00:00,13849552.57424842
2011-08-01 00:00:00+00:00,13849552.57424842
2011-08-02 00:00:00+00:00,13849552.57424842
2011-08-03 00:00:00+00:00,13849552.57424842
2011-08-04 00:00:00+00:00,13849552.57424842
2011-08-05 00:00:00+00:00,13849552.57424842
2011-08-08 00:00:00+00:00,13849552.57424842
2011-08-09 00:00:00+00:00,13849552.57424842
2011-08-10 00:00:00+00:00,13849552.57424842
2011-08-11 00:00:00+00:00,13849552.57424842
2011-08-12 00:00:00+00:00,13849552.57424842
2011-08-15 00:00:00+00:00,13849552.57424842
2011-08-16 00:00:00+00:00,13849552.57424842
2011-08-17 00:00:00+00:00,13849552.57424842
2011-08-18 00:00:00+00:00,13849552.57424842
2011-08-19 00:00:00+00:00,13849552.57424842
2011-08-22 00:00:00+00:00,13849552.57424842
2011-08-23 00:00:00+00:00,13849552.57424842
2011-08-24 00:00:00+00:00,13849552.57424842
2011-08-25 00:00:00+00:00,13849552.57424842
2011-08-26 00:00:00+00:00,13849552.57424842
2011-08-29 00:00:00+00:00,13849552.57424842
2011-08-30 00:00:00+00:00,13849552.57424842
2011-08-31 00:00:00+00:00,13849552.57424842
2011-09-01 00:00:00+00:00,13849552.57424842
2011-09-02 00:00:00+00:00,13849552.57424842
2011-09-05 00:00:00+00:00,13849552.57424842
2011-09-06 00:00:00+00:00,13849552.57424842
2011-09-07 00:00:00+00:00,13849552.57424842
2011-09-08 00:00:00+00:00,13849552.57424842
2011-09-09 00:00:00+00:00,13849552.57424842
2011-09-12 00:00:00+00:00,13849552.57424842
2011-09-13 00:00:00+00:00,13849552.57424842
2011-09-14 00:00:00+00:00,13849552.57424842
2011-09-15 00:00:00+00:00,13849552.57424842
2011-09-16 00:00:00+00:00,13849552.57424842
2011-09-19 00:00:00+00:00,13849552.57424842
2011-09-20 00:00:00+00:00,13849552.57424842
2011-09-21 00:00:00+00:00,13849552.57424842
2011-09-22 00:00:00+00:00,13849552.57424842
2011-09-23 00:00:00+00:00,13849552.57424842
2011-09-26 00:00:00+00:00,13849552.57424842
2011-09-27 00:00:00+00:00,13849552.57424842
2011-09-28 00:00:00+00:00,13849552.57424842
2011-09-29 00:00:00+00:00,13849552.57424842
2011-09-30 00:00:00+00:00,13849552.57424842
2011-10-03 00:00:00+00:00,13849552.57424842
2011-10-04 00:00:00+00:00,13849552.57424842
2011-10-05 00:00:00+00:00,13849552.57424842
2011-10-06 00:00:00+00:00,13849552.57424842
2011-10-07 00:00:00+00:00,13849552.57424842
2011-10-10 00:00:00+00:00,13849552.57424842
2011-10-11 00:00:00+00:00,13849552.57424842
2011-10-12 00:00:00+00:00,13849552.57424842
2011-10-13 00:00:00+00:00,13849552.57424842
2011-10-14 00:00:00+00:00,13849552.57424842
2011-10-17 00:00:00+00:00,13849552.57424842
2011-10-18 00:00:00+00:00,13849552.57424842
2011-10-19 00:00:00+00:00,13849552.57424842
2011-10-20 00:00:00+00:00,13849552.57424842
2011-10-21 00:00:00+00:00,13849552.57424842
2011-10-24 00:00:00+00:00,13849552.57424842
2011-10-25 00:00:00+00:00,13849552.57424842
2011-10-26 00:00:00+00:00,13849552.57424842
2011-10-27 00:00:00+00:00,13849552.57424842
2011-10-28 00:00:00+00:00,13849552.57424842
2011-10-31 00:00:00+00:00,13849552.57424842
2011-11-01 00:00:00+00:00,13849552.57424842
2011-11-02 00:00:00+00:00,13849552.57424842
2011-11-03 00:00:00+00:00,13849552.57424842
2011-11-04 00:00:00+00:00,13849552.57424842
2011-11-07 00:00:00+00:00,13849552.57424842
2011-11-08 00:00:00+00:00,13849552.57424842
2011-11-09 00:00:00+00:00,13849552.57424842
2011-11-10 00:00:00+00:00,13849552.57424842
2011-11-11 00:00:00+00:00,13849552.57424842
2011-11-14 00:00:00+00:00,13849552.57424842
2011-11-15 00:00:00+00:00,13849552.57424842
2011-11-16 00:00:00+00:00,13849552.57424842
2011-11-17 00:00:00+00:00,13849552.57424842
2011-11-18 00:00:00+00:00,13849552.57424842
2011-11-21 00:00:00+00:00,13849552.57424842
2011-11-22 00:00:00+00:00,13849552.57424842
2011-11-23 00:00:00+00:00,13849552.57424842
2011-11-24 00:00:00+00:00,13849552.57424842
2011-11-25 00:00:00+00:00,13849552.57424842
2011-11-28 00:00:00+00:00,13849552.57424842
2011-11-29 00:00:00+00:00,13849552.57424842
2011-11-30 00:00:00+00:00,13849552.57424842
2011-12-01 00:00:00+00:00,13849552.57424842
2011-12-02 00:00:00+00:00,13849552.57424842
2011-12-05 00:00:00+00:00,13849552.57424842
2011-12-06 00:00:00+00:00,13849552.57424842
2011-12-07 00:00:00+00:00,13849552.57424842
2011-12-08 00:00:00+00:00,13849552.57424842
2011-12-09 00:00:00+00:00,13849552.57424842
2011-12-12 00:00:00+00:00,13849552.57424842
2011-12-13 00:00:00+00:00,13849552.57424842
2011-12-14 00:00:00+00:00,13849552.57424842
2011-12-15 00:00:00+00:00,13849552.57424842
2011-12-16 00:00:00+00:00,13849552.57424842
2011-12-19 00:00:00+00:00,13849552.57424842
2011-12-20 00:00:00+00:00,13849552.57424842
2011-12-21 00:00:00+00:00,13849552.57424842
2011-12-22 00:00:00+00:00,13849552.57424842
2011-12-23 00:00:00+00:00,13849552.57424842
2011-12-26 00:00:00+00:00,13849552.57424842
2011-12-27 00:00:00+00:00,13849552.57424842
2011-12-28 00:00:00+00:00,13849552.57424842
2011-12-29 00:00:00+00:00,13849552.57424842
2011-12-30 00:00:00+00:00,13849552.57424842
2012-01-02 00:00:00+00:00,13849552.57424842
2012-01-03 00:00:00+00:00,13849552.57424842
2012-01-04 00:00:00+00:00,13849552.57424842
2012-01-05 00:00:00+00:00,13849552.57424842
2012-01-06 00:00:00+00:00,13849552.57424842
2012-01-09 00:00:00+00:00,13849552.57424842
2012-01-10 00:00:00+00:00,13849552.57424842
2012-01-11 00:00:00+00:00,13849552.57424842
2012-01-12 00:00:00+00:00,13849552.57424842
2012-01-13 00:00:00+00:00,13849552.57424842
2012-01-16 00:00:00+00:00,13849552.57424842
2012-01-17 00:00:00+00:00,13849552.57424842
2012-01-18 00:00:00+00:00,13849552.57424842
2012-01-19 00:00:00+00:00,13849552.57424842
2012-01-20 00:00:00+00:00,13849552.57424842
2012-01-23 00:00:00+00:00,13849552.57424842
2012-01-24 00:00:00+00:00,13849552.57424842
2012-01-25 00:00:00+00:00,13849552.57424842
2012-01-26 00:00:00+00:00,13849552.57424842
2012-01-27 00:00:00+00:00,13849552.57424842
2012-01-30 00:00:00+00:00,13849552.57424842
2012-01-31 00:00:00+00:00,13849552.57424842
2012-02-01 00:00:00+00:00,13849552.57424842
2012-02-02 00:00:00+00:00,13849552.57424842
2012-02-03 00:00:00+00:00,13849552.57424842
2012-02-06 00:00:00+00:00,13849552.57424842
2012-02-07 00:00:00+00:00,13849552.57424842
2012-02-08 00:00:00+00:00,13849552.57424842
2012-02-09 00:00:00+00:00,13849552.57424842
2012-02-10 00:00:00+00:00,13849552.57424842
2012-02-13 00:00:00+00:00,13849552.57424842
2012-02-14 00:00:00+00:00,13849552.57424842
2012-02-15 00:00:00+00:00,13849552.57424842
2012-02-16 00:00:00+00:00,13849552.57424842
2012-02-17 00:00:00+00:00,13849552.57424842
2012-02-21 00:00:00+00:00,13849552.57424842
2012-02-22 00:00:00+00:00,13849552.57424842
2012-02-23 00:00:00+00:00,13849552.57424842
2012-02-24 00:00:00+00:00,13849552.57424842
2012-02-27 00:00:00+00:00,13849552.57424842
2012-02-28 00:00:00+00:00,13849552.57424842
2012-02-29 00:00:00+00:00,13849552.57424842
2012-03-01 00:00:00+00:00,13849552.57424842
2012-03-02 00:00:00+00:00,13849552.57424842
2012-03-05 00:00:00+00:00,13849552.57424842
2012-03-06 00:00:00+00:00,13849552.57424842
2012-03-07 00:00:00+00:00,13849552.57424842
2012-03-08 00:00:00+00:00,13849552.57424842
2012-03-09 00:00:00+00:00,13849552.57424842
2012-03-12 00:00:00+00:00,13849552.57424842
2012-03-13 00:00:00+00:00,13849552.57424842
2012-03-14 00:00:00+00:00,13849552.57424842
2012-03-15 00:00:00+00:00,13849552.57424842
2012-03-16 00:00:00+00:00,13849552.57424842
2012-03-19 00:00:00+00:00,13849552.57424842
2012-03-20 00:00:00+00:00,13849552.57424842
2012-03-21 00:00:00+00:00,13849552.57424842
2012-03-22 00:00:00+00:00,13849552.57424842
2012-03-23 00:00:00+00:00,13849552.57424842
2012-03-26 00:00:00+00:00,13849552.57424842
2012-03-27 00:00:00+00:00,13849552.57424842
2012-03-28 00:00:00+00:00,13849552.57424842
2012-03-29 00:00:00+00:00,13849552.57424842
2012-03-30 00:00:00+00:00,13849552.57424842
2012-04-02 00:00:00+00:00,13849552.57424842
2012-04-03 00:00:00+00:00,13849552.57424842
2012-04-04 00:00:00+00:00,13849552.57424842
2012-04-05 00:00:00+00:00,13849552.57424842
2012-04-09 00:00:00+00:00,13849552.57424842
2012-04-10 00:00:00+00:00,13849552.57424842
2012-04-11 00:00:00+00:00,13849552.57424842
2012-04-12 00:00:00+00:00,13849552.57424842
2012-04-13 00:00:00+00:00,13849552.57424842
2012-04-16 00:00:00+00:00,13849552.57424842
2012-04-17 00:00:00+00:00,13849552.57424842
2012-04-18 00:00:00+00:00,13849552.57424842
2012-04-19 00:00:00+00:00,13849552.57424842
2012-04-20 00:00:00+00:00,13849552.57424842
2012-04-23 00:00:00+00:00,13849552.57424842
2012-04-24 00:00:00+00:00,13849552.57424842
2012-04-25 00:00:00+00:00,13849552.57424842
2012-04-26 00:00:00+00:00,13849552.57424842
2012-04-27 00:00:00+00:00,13849552.57424842
2012-04-30 00:00:00+00:00,13849552.57424842
2012-05-01 00:00:00+00:00,13849552.57424842
2012-05-02 00:00:00+00:00,13849552.57424842
2012-05-03 00:00:00+00:00,13849552.57424842
2012-05-04 00:00:00+00:00,13849552.57424842
2012-05-07 00:00:00+00:00,13849552.57424842
2012-05-08 00:00:00+00:00,13849552.57424842
2012-05-09 00:00:00+00:00,13849552.57424842
2012-05-10 00:00:00+00:00,13849552.57424842
2012-05-11 00:00:00+00:00,13849552.57424842
2012-05-14 00:00:00+00:00,13849552.57424842
2012-05-15 00:00:00+00:00,13849552.57424842
2012-05-16 00:00:00+00:00,13849552.57424842
2012-05-17 00:00:00+00:00,13849552.57424842
2012-05-18 00:00:00+00:00,13849552.57424842
2012-05-21 00:00:00+00:00,13849552.57424842
2012-05-22 00:00:00+00:00,13849552.57424842
2012-05-23 00:00:00+00:00,13849552.57424842
2012-05-24 00:00:00+00:00,13849552.57424842
2012-05-25 00:00:00+00:00,13849552.57424842
2012-05-28 00:00:00+00:00,13849552.57424842
2012-05-29 00:00:00+00:00,13849552.57424842
2012-05-30 00:00:00+00:00,13849552.57424842
2012-05-31 00:00:00+00:00,13849552.57424842
2012-06-01 00:00:00+00:00,13849552.57424842
2012-06-04 00:00:00+00:00,13849552.57424842
2012-06-05 00:00:00+00:00,13849552.57424842
2012-06-06 00:00:00+00:00,13849552.57424842
2012-06-07 00:00:00+00:00,13849552.57424842
2012-06-08 00:00:00+00:00,13849552.57424842
2012-06-11 00:00:00+00:00,13849552.57424842
2012-06-12 00:00:00+00:00,13849552.57424842
2012-06-13 00:00:00+00:00,13849552.57424842
2012-06-14 00:00:00+00:00,13849552.57424842
2012-06-15 00:00:00+00:00,13849552.57424842
2012-06-18 00:00:00+00:00,13849552.57424842
2012-06-19 00:00:00+00:00,13849552.57424842
2012-06-20 00:00:00+00:00,13849552.57424842
2012-06-21 00:00:00+00:00,13849552.57424842
2012-06-22 00:00:00+00:00,13849552.57424842
2012-06-25 00:00:00+00:00,13849552.57424842
2012-06-26 00:00:00+00:00,13849552.57424842
2012-06-27 00:00:00+00:00,13849552.57424842
2012-06-28 00:00:00+00:00,13849552.57424842
2012-06-29 00:00:00+00:00,13849552.57424842
2012-07-02 00:00:00+00:00,13849552.57424842
2012-07-03 00:00:00+00:00,13849552.57424842
2012-07-04 00:00:00+00:00,13849552.57424842
2012-07-05 00:00:00+00:00,13849552.57424842
2012-07-06 00:00:00+00:00,13849552.57424842
2012-07-09 00:00:00+00:00,13849552.57424842
2012-07-10 00:00:00+00:00,13849552.57424842
2012-07-11 00:00:00+00:00,13849552.57424842
2012-07-12 00:00:00+00:00,13849552.57424842
2012-07-13 00:00:00+00:00,13849552.57424842
2012-07-16 00:00:00+00:00,13849552.57424842
2012-07-17 00:00:00+00:00,13849552.57424842
2012-07-18 00:00:00+00:00,13849552.57424842
2012-07-19 00:00:00+00:00,13849552.57424842
2012-07-20 00:00:00+00:00,13849552.57424842
2012-07-23 00:00:00+00:00,13849552.57424842
2012-07-24 00:00:00+00:00,13849552.57424842
2012-07-25 00:00:00+00:00,13849552.57424842
2012-07-26 00:00:00+00:00,13849552.57424842
2012-07-27 00:00:00+00:00,13849552.57424842
2012-07-30 00:00:00+00:00,13849552.57424842
2012-07-31 00:00:00+00:00,13849552.57424842
2012-08-01 00:00:00+00:00,13849552.57424842
2012-08-02 00:00:00+00:00,13849552.57424842
2012-08-03 00:00:00+00:00,13849552.57424842
2012-08-06 00:00:00+00:00,13849552.57424842
2012-08-07 00:00:00+00:00,13849552.57424842
2012-08-08 00:00:00+00:00,13849552.57424842
2012-08-09 00:00:00+00:00,13849552.57424842
2012-08-10 00:00:00+00:00,13849552.57424842
2012-08-13 00:00:00+00:00,13849552.57424842
2012-08-14 00:00:00+00:00,13849552.57424842
2012-08-15 00:00:00+00:00,13849552.57424842
2012-08-16 00:00:00+00:00,13849552.57424842
2012-08-17 00:00:00+00:00,13849552.57424842
2012-08-20 00:00:00+00:00,13849552.57424842
2012-08-21 00:00:00+00:00,13849552.57424842
2012-08-22 00:00:00+00:00,13849552.57424842
2012-08-23 00:00:00+00:00,13849552.57424842
2012-08-24 00:00:00+00:00,13849552.57424842
2012-08-27 00:00:00+00:00,13849552.57424842
2012-08-28 00:00:00+00:00,13849552.57424842
2012-08-29 00:00:00+00:00,13849552.57424842
2012-08-30 00:00:00+00:00,13849552.57424842
2012-08-31 00:00:00+00:00,13849552.57424842
2012-09-03 00:00:00+00:00,13849552.57424842
2012-09-04 00:00:00+00:00,13849552.57424842
2012-09-05 00:00:00+00:00,13849552.57424842
2012-09-06 00:00:00+00:00,13849552.57424842
2012-09-07 00:00:00+00:00,13849552.57424842
2012-09-10 00:00:00+00:00,13849552.57424842
2012-09-11 00:00:00+00:00,13849552.57424842
2012-09-12 00:00:00+00:00,13849552.57424842
2012-09-13 00:00:00+00:00,13849552.57424842
2012-09-14 00:00:00+00:00,13849552.57424842
2012-09-17 00:00:00+00:00,13849552.57424842
2012-09-18 00:00:00+00:00,13849552.57424842
2012-09-19 00:00:00+00:00,13849552.57424842
2012-09-20 00:00:00+00:00,13849552.57424842
2012-09-21 00:00:00+00:00,13849552.57424842
2012-09-24 00:00:00+00:00,13849552.57424842
2012-09-25 00:00:00+00:00,13849552.57424842
2012-09-26 00:00:00+00:00,13849552.57424842
2012-09-27 00:00:00+00:00,13849552.57424842
2012-09-28 00:00:00+00:00,13849552.57424842
2012-10-01 00:00:00+00:00,13849552.57424842
2012-10-02 00:00:00+00:00,13849552.57424842
2012-10-03 00:00:00+00:00,13849552.57424842
2012-10-04 00:00:00+00:00,13849552.57424842
2012-10-05 00:00:00+00:00,13849552.57424842
2012-10-08 00:00:00+00:00,13849552.57424842
2012-10-09 00:00:00+00:00,13849552.57424842
2012-10-10 00:00:00+00:00,13849552.57424842
2012-10-11 00:00:00+00:00,13849552.57424842
2012-10-12 00:00:00+00:00,13849552.57424842
2012-10-15 00:00:00+00:00,13849552.57424842
2012-10-16 00:00:00+00:00,13849552.57424842
2012-10-17 00:00:00+00:00,13849552.57424842
2012-10-18 00:00:00+00:00,13849552.57424842
2012-10-19 00:00:00+00:00,13849552.57424842
2012-10-22 00:00:00+00:00,13849552.57424842
2012-10-23 00:00:00+00:00,13849552.57424842
2012-10-24 00:00:00+00:00,13849552.57424842
2012-10-25 00:00:00+00:00,13849552.57424842
2012-10-26 00:00:00+00:00,13849552.57424842
2012-10-29 00:00:00+00:00,13849552.57424842
2012-10-30 00:00:00+00:00,13849552.57424842
2012-10-31 00:00:00+00:00,13849552.57424842
2012-11-01 00:00:00+00:00,13849552.57424842
2012-11-02 00:00:00+00:00,13849552.57424842
2012-11-05 00:00:00+00:00,13849552.57424842
2012-11-06 00:00:00+00:00,13849552.57424842
2012-11-07 00:00:00+00:00,13849552.57424842
2012-11-08 00:00:00+00:00,13849552.57424842
2012-11-09 00:00:00+00:00,13849552.57424842
2012-11-12 00:00:00+00:00,13849552.57424842
2012-11-13 00:00:00+00:00,13849552.57424842
2012-11-14 00:00:00+00:00,13849552.57424842
2012-11-15 00:00:00+00:00,13849552.57424842
2012-11-16 00:00:00+00:00,13849552.57424842
2012-11-19 00:00:00+00:00,13849552.57424842
2012-11-20 00:00:00+00:00,13849552.57424842
2012-11-21 00:00:00+00:00,13849552.57424842
2012-11-22 00:00:00+00:00,13849552.57424842
2012-11-23 00:00:00+00:00,13849552.57424842
2012-11-26 00:00:00+00:00,13849552.57424842
2012-11-27 00:00:00+00:00,13849552.57424842
2012-11-28 00:00:00+00:00,13849552.57424842
2012-11-29 00:00:00+00:00,13849552.57424842
2012-11-30 00:00:00+00:00,13849552.57424842
2012-12-03 00:00:00+00:00,13849552.57424842
2012-12-04 00:00:00+00:00,13849552.57424842
2012-12-05 00:00:00+00:00,13849552.57424842
2012-12-06 00:00:00+00:00,13849552.57424842
2012-12-07 00:00:00+00:00,13849552.57424842
2012-12-10 00:00:00+00:00,13849552.57424842
2012-12-11 00:00:00+00:00,13849552.57424842
2012-12-12 00:00:00+00:00,13849552.57424842
2012-12-13 00:00:00+00:00,13849552.57424842
2012-12-14 00:00:00+00:00,13849552.57424842
2012-12-17 00:00:00+00:00,13849552.57424842
2012-12-18 00:00:00+00:00,13849552.57424842
2012-12-19 00:00:00+00:00,13849552.57424842
2012-12-20 00:00:00+00:00,13849552.57424842
2012-12-21 00:00:00+00:00,13849552.57424842
2012-12-24 00:00:00+00:00,13849552.57424842
2012-12-26 00:00:00+00:00,13849552.57424842
2012-12-27 00:00:00+00:00,13849552.57424842
2012-12-28 00:00:00+00:00,13849552.57424842
2012-12-31 00:00:00+00:00,13849552.57424842
2013-01-01 00:00:00+00:00,13849552.57424842
2013-01-02 00:00:00+00:00,13849552.57424842
2013-01-03 00:00:00+00:00,13849552.57424842
2013-01-04 00:00:00+00:00,13849552.57424842
2013-01-07 00:00:00+00:00,13849552.57424842
2013-01-08 00:00:00+00:00,13849552.57424842
2013-01-09 00:00:00+00:00,13849552.57424842
2013-01-10 00:00:00+00:00,13849552.57424842
2013-01-11 00:00:00+00:00,13849552.57424842
2013-01-14 00:00:00+00:00,13849552.57424842
2013-01-15 00:00:00+00:00,13849552.57424842
2013-01-16 00:00:00+00:00,13849552.57424842
2013-01-17 00:00:00+00:00,13849552.57424842
2013-01-18 00:00:00+00:00,13849552.57424842
2013-01-21 00:00:00+00:00,13849552.57424842
2013-01-22 00:00:00+00:00,13849552.57424842
2013-01-23 00:00:00+00:00,13849552.57424842
2013-01-24 00:00:00+00:00,13849552.57424842
2013-01-25 00:00:00+00:00,13849552.57424842
2013-01-28 00:00:00+00:00,13849552.57424842
2013-01-29 00:00:00+00:00,13849552.57424842
2013-01-30 00:00:00+00:00,13849552.57424842
2013-01-31 00:00:00+00:00,13849552.57424842
2013-02-01 00:00:00+00:00,13849552.57424842
2013-02-04 00:00:00+00:00,13849552.57424842
2013-02-05 00:00:00+00:00,13849552.57424842
2013-02-06 00:00:00+00:00,13849552.57424842
2013-02-07 00:00:00+00:00,13849552.57424842
2013-02-08 00:00:00+00:00,13849552.57424842
2013-02-11 00:00:00+00:00,13849552.57424842
2013-02-12 00:00:00+00:00,13849552.57424842
2013-02-13 00:00:00+00:00,13849552.57424842
2013-02-14 00:00:00+00:00,13849552.57424842
2013-02-15 00:00:00+00:00,13849552.57424842
2013-02-18 00:00:00+00:00,13849552.57424842
2013-02-19 00:00:00+00:00,13849552.57424842
2013-02-20 00:00:00+00:00,13849552.57424842
2013-02-21 00:00:00+00:00,13849552.57424842
2013-02-22 00:00:00+00:00,13849552.57424842
2013-02-25 00:00:00+00:00,13849552.57424842
2013-02-26 00:00:00+00:00,13849552.57424842
2013-02-27 00:00:00+00:00,13849552.57424842
2013-02-28 00:00:00+00:00,13849552.57424842
2013-03-01 00:00:00+00:00,13849552.57424842
2013-03-04 00:00:00+00:00,13849552.57424842
2013-03-05 00:00:00+00:00,13849552.57424842
2013-03-06 00:00:00+00:00,13849552.57424842
2013-03-07 00:00:00+00:00,13849552.57424842
2013-03-08 00:00:00+00:00,13849552.57424842
2013-03-11 00:00:00+00:00,13849552.57424842
2013-03-12 00:00:00+00:00,13849552.57424842
2013-03-13 00:00:00+00:00,13849552.57424842
2013-03-14 00:00:00+00:00,13849552.57424842
2013-03-15 00:00:00+00:00,13849552.57424842
2013-03-18 00:00:00+00:00,13849552.57424842
2013-03-19 00:00:00+00:00,13849552.57424842
2013-03-20 00:00:00+00:00,13849552.57424842
2013-03-21 00:00:00+00:00,13849552.57424842
2013-03-22 00:00:00+00:00,13849552.57424842
2013-03-25 00:00:00+00:00,13849552.57424842
2013-03-26 00:00:00+00:00,13849552.57424842
2013-03-27 00:00:00+00:00,13849552.57424842
2013-03-28 00:00:00+00:00,13849552.57424842
2013-04-01 00:00:00+00:00,13849552.57424842
2013-04-02 00:00:00+00:00,13849552.57424842
2013-04-03 00:00:00+00:00,13849552.57424842
2013-04-04 00:00:00+00:00,13849552.57424842
2013-04-05 00:00:00+00:00,13849552.57424842
2013-04-08 00:00:00+00:00,13849552.57424842
2013-04-09 00:00:00+00:00,13849552.57424842
2013-04-10 00:00:00+00:00,13849552.57424842
2013-04-11 00:00:00+00:00,13849552.57424842
2013-04-12 00:00:00+00:00,13849552.57424842
2013-04-15 00:00:00+00:00,13849552.57424842
2013-04-16 00:00:00+00:00,13849552.57424842
2013-04-17 00:00:00+00:00,13849552.57424842
2013-04-18 00:00:00+00:00,13849552.57424842
2013-04-19 00:00:00+00:00,13849552.57424842
2013-04-22 00:00:00+00:00,13849552.57424842
2013-04-23 00:00:00+00:00,13849552.57424842
2013-04-24 00:00:00+00:00,13849552.57424842
2013-04-25 00:00:00+00:00,13849552.57424842
2013-04-26 00:00:00+00:00,13849552.57424842
2013-04-29 00:00:00+00:00,13849552.57424842
2013-04-30 00:00:00+00:00,13849552.57424842
2013-05-01 00:00:00+00:00,13849552.57424842
2013-05-02 00:00:00+00:00,13849552.57424842
2013-05-03 00:00:00+00:00,13849552.57424842
2013-05-06 00:00:00+00:00,13849552.57424842
2013-05-07 00:00:00+00:00,13849552.57424842
2013-05-08 00:00:00+00:00,13849552.57424842
2013-05-09 00:00:00+00:00,13849552.57424842
2013-05-10 00:00:00+00:00,13849552.57424842
2013-05-13 00:00:00+00:00,13849552.57424842
2013-05-14 00:00:00+00:00,13849552.57424842
2013-05-15 00:00:00+00:00,13849552.57424842
2013-05-16 00:00:00+00:00,13849552.57424842
2013-05-17 00:00:00+00:00,13849552.57424842
2013-05-20 00:00:00+00:00,13849552.57424842
2013-05-21 00:00:00+00:00,13849552.57424842
2013-05-22 00:00:00+00:00,13849552.57424842
2013-05-23 00:00:00+00:00,13849552.57424842
2013-05-24 00:00:00+00:00,13849552.57424842
2013-05-27 00:00:00+00:00,13849552.57424842
2013-05-28 00:00:00+00:00,13849552.57424842
2013-05-29 00:00:00+00:00,13849552.57424842
2013-05-30 00:00:00+00:00,13849552.57424842
2013-05-31 00:00:00+00:00,13849552.57424842
2013-06-03 00:00:00+00:00,13849552.57424842
2013-06-04 00:00:00+00:00,13849552.57424842
2013-06-05 00:00:00+00:00,13849552.57424842
2013-06-06 00:00:00+00:00,13849552.57424842
2013-06-07 00:00:00+00:00,13849552.57424842
2013-06-10 00:00:00+00:00,13849552.57424842
2013-06-11 00:00:00+00:00,13849552.57424842
2013-06-12 00:00:00+00:00,13849552.57424842
2013-06-13 00:00:00+00:00,13849552.57424842
2013-06-14 00:00:00+00:00,13849552.57424842
2013-06-17 00:00:00+00:00,13849552.57424842
2013-06-18 00:00:00+00:00,13849552.57424842
2013-06-19 00:00:00+00:00,13849552.57424842
2013-06-20 00:00:00+00:00,13849552.57424842
2013-06-21 00:00:00+00:00,13849552.57424842
2013-06-24 00:00:00+00:00,13849552.57424842
2013-06-25 00:00:00+00:00,13849552.57424842
2013-06-26 00:00:00+00:00,13849552.57424842
2013-06-27 00:00:00+00:00,13849552.57424842
2013-06-28 00:00:00+00:00,13849552.57424842
2013-07-01 00:00:00+00:00,13849552.57424842
2013-07-02 00:00:00+00:00,13849552.57424842
2013-07-03 00:00:00+00:00,13849552.57424842
2013-07-04 00:00:00+00:00,13849552.57424842
2013-07-05 00:00:00+00:00,13849552.57424842
2013-07-08 00:00:00+00:00,13849552.57424842
2013-07-09 00:00:00+00:00,13849552.57424842
2013-07-10 00:00:00+00:00,13849552.57424842
2013-07-11 00:00:00+00:00,13849552.57424842
2013-07-12 00:00:00+00:00,13849552.57424842
2013-07-15 00:00:00+00:00,13849552.57424842
2013-07-16 00:00:00+00:00,13849552.57424842
2013-07-17 00:00:00+00:00,13849552.57424842
2013-07-18 00:00:00+00:00,13849552.57424842
2013-07-19 00:00:00+00:00,13849552.57424842
2013-07-22 00:00:00+00:00,13849552.57424842
2013-07-23 00:00:00+00:00,13849552.57424842
2013-07-24 00:00:00+00:00,13849552.57424842
2013-07-25 00:00:00+00:00,13849552.57424842
2013-07-26 00:00:00+00:00,13849552.57424842
2013-07-29 00:00:00+00:00,13849552.57424842
2013-07-30 00:00:00+00:00,13849552.57424842
2013-07-31 00:00:00+00:00,13849552.57424842
2013-08-01 00:00:00+00:00,13849552.57424842
2013-08-02 00:00:00+00:00,13849552.57424842
2013-08-05 00:00:00+00:00,13849552.57424842
2013-08-06 00:00:00+00:00,13849552.57424842
2013-08-07 00:00:00+00:00,13849552.57424842
2013-08-08 00:00:00+00:00,13849552.57424842
2013-08-09 00:00:00+00:00,13849552.57424842
2013-08-12 00:00:00+00:00,13849552.57424842
2013-08-13 00:00:00+00:00,13849552.57424842
2013-08-14 00:00:00+00:00,13849552.57424842
2013-08-15 00:00:00+00:00,13849552.57424842
2013-08-16 00:00:00+00:00,13849552.57424842
2013-08-19 00:00:00+00:00,13849552.57424842
2013-08-20 00:00:00+00:00,13849552.57424842
2013-08-21 00:00:00+00:00,13849552.57424842
2013-08-22 00:00:00+00:00,13849552.57424842
2013-08-23 00:00:00+00:00,13849552.57424842
2013-08-26 00:00:00+00:00,13849552.57424842
2013-08-27 00:00:00+00:00,13849552.57424842
2013-08-28 00:00:00+00:00,13849552.57424842
2013-08-29 00:00:00+00:00,13849552.57424842
2013-08-30 00:00:00+00:00,13849552.57424842
2013-09-02 00:00:00+00:00,13849552.57424842
2013-09-03 00:00:00+00:00,13849552.57424842
2013-09-04 00:00:00+00:00,13849552.57424842
2013-09-05 00:00:00+00:00,13849552.57424842
2013-09-06 00:00:00+00:00,13849552.57424842
2013-09-09 00:00:00+00:00,13849552.57424842
2013-09-10 00:00:00+00:00,13849552.57424842
2013-09-11 00:00:00+00:00,13849552.57424842
2013-09-12 00:00:00+00:00,13849552.57424842
2013-09-13 00:00:00+00:00,13849552.57424842
2013-09-16 00:00:00+00:00,13849552.57424842
2013-09-17 00:00:00+00:00,13849552.57424842
2013-09-18 00:00:00+00:00,13849552.57424842
2013-09-19 00:00:00+00:00,13849552.57424842
2013-09-20 00:00:00+00:00,13849552.57424842
2013-09-23 00:00:00+00:00,13849552.57424842
2013-09-24 00:00:00+00:00,13849552.57424842
2013-09-25 00:00:00+00:00,13849552.57424842
2013-09-26 00:00:00+00:00,13849552.57424842
2013-09-27 00:00:00+00:00,13849552.57424842
2013-09-30 00:00:00+00:00,13849552.57424842
2013-10-01 00:00:00+00:00,13849552.57424842
2013-10-02 00:00:00+00:00,13849552.57424842
2013-10-03 00:00:00+00:00,13849552.57424842
2013-10-04 00:00:00+00:00,13849552.57424842
2013-10-07 00:00:00+00:00,13849552.57424842
2013-10-08 00:00:00+00:00,13849552.57424842
2013-10-09 00:00:00+00:00,13849552.57424842
2013-10-10 00:00:00+00:00,13849552.57424842
2013-10-11 00:00:00+00:00,13849552.57424842
2013-10-14 00:00:00+00:00,13849552.57424842
2013-10-15 00:00:00+00:00,13849552.57424842
2013-10-16 00:00:00+00:00,13849552.57424842
2013-10-17 00:00:00+00:00,13849552.57424842
2013-10-18 00:00:00+00:00,13849552.57424842
2013-10-21 00:00:00+00:00,13849552.57424842
2013-10-22 00:00:00+00:00,13849552.57424842
2013-10-23 00:00:00+00:00,13849552.57424842
2013-10-24 00:00:00+00:00,13849552.57424842
2013-10-25 00:00:00+00:00,13849552.57424842
2013-10-28 00:00:00+00:00,13849552.57424842
2013-10-29 00:00:00+00:00,13849552.57424842
2013-10-30 00:00:00+00:00,13849552.57424842
2013-10-31 00:00:00+00:00,13849552.57424842
2013-11-01 00:00:00+00:00,13849552.57424842
2013-11-04 00:00:00+00:00,13849552.57424842
2013-11-05 00:00:00+00:00,13849552.57424842
2013-11-06 00:00:00+00:00,13849552.57424842
2013-11-07 00:00:00+00:00,13849552.57424842
2013-11-08 00:00:00+00:00,13849552.57424842
2013-11-11 00:00:00+00:00,13849552.57424842
2013-11-12 00:00:00+00:00,13849552.57424842
2013-11-13 00:00:00+00:00,13849552.57424842
2013-11-14 00:00:00+00:00,13849552.57424842
2013-11-15 00:00:00+00:00,13849552.57424842
2013-11-18 00:00:00+00:00,13849552.57424842
2013-11-19 00:00:00+00:00,13849552.57424842
2013-11-20 00:00:00+00:00,13849552.57424842
2013-11-21 00:00:00+00:00,13849552.57424842
2013-11-22 00:00:00+00:00,13849552.57424842
2013-11-25 00:00:00+00:00,13849552.57424842
2013-11-26 00:00:00+00:00,13849552.57424842
2013-11-27 00:00:00+00:00,13849552.57424842
2013-11-28 00:00:00+00:00,13849552.57424842
2013-11-29 00:00:00+00:00,13849552.57424842
2013-12-02 00:00:00+00:00,13849552.57424842
2013-12-03 00:00:00+00:00,13849552.57424842
2013-12-04 00:00:00+00:00,13849552.57424842
2013-12-05 00:00:00+00:00,13849552.57424842
2013-12-06 00:00:00+00:00,13849552.57424842
2013-12-09 00:00:00+00:00,13849552.57424842
2013-12-10 00:00:00+00:00,13849552.57424842
2013-12-11 00:00:00+00:00,13849552.57424842
2013-12-12 00:00:00+00:00,13849552.57424842
2013-12-13 00:00:00+00:00,13849552.57424842
2013-12-16 00:00:00+00:00,13849552.57424842
2013-12-17 00:00:00+00:00,13849552.57424842
2013-12-18 00:00:00+00:00,13849552.57424842
2013-12-19 00:00:00+00:00,13849552.57424842
2013-12-20 00:00:00+00:00,13849552.57424842
2013-12-23 00:00:00+00:00,13849552.57424842
2013-12-24 00:00:00+00:00,13849552.57424842
2013-12-26 00:00:00+00:00,13849552.57424842
2013-12-27 00:00:00+00:00,13849552.57424842
2013-12-30 00:00:00+00:00,13849552.57424842
2013-12-31 00:00:00+00:00,13849552.57424842
2014-01-01 00:00:00+00:00,13849552.57424842
2014-01-02 00:00:00+00:00,13849552.57424842
2014-01-03 00:00:00+00:00,13849552.57424842
2014-01-06 00:00:00+00:00,13849552.57424842
2014-01-07 00:00:00+00:00,13849552.57424842
2014-01-08 00:00:00+00:00,13849552.57424842
2014-01-09 00:00:00+00:00,13849552.57424842
2014-01-10 00:00:00+00:00,13849552.57424842
2014-01-13 00:00:00+00:00,13849552.57424842
2014-01-14 00:00:00+00:00,13849552.57424842
2014-01-15 00:00:00+00:00,13849552.57424842
2014-01-16 00:00:00+00:00,13849552.57424842
2014-01-17 00:00:00+00:00,13849552.57424842
2014-01-20 00:00:00+00:00,13849552.57424842
2014-01-21 00:00:00+00:00,13849552.57424842
2014-01-22 00:00:00+00:00,13849552.57424842
2014-01-23 00:00:00+00:00,13849552.57424842
2014-01-24 00:00:00+00:00,13849552.57424842
2014-01-27 00:00:00+00:00,13849552.57424842
2014-01-28 00:00:00+00:00,13849552.57424842
2014-01-29 00:00:00+00:00,13849552.57424842
2014-01-30 00:00:00+00:00,13849552.57424842
2014-01-31 00:00:00+00:00,13849552.57424842
2014-02-03 00:00:00+00:00,13849552.57424842
2014-02-04 00:00:00+00:00,13849552.57424842
2014-02-05 00:00:00+00:00,13849552.57424842
2014-02-06 00:00:00+00:00,13849552.57424842
2014-02-07 00:00:00+00:00,13849552.57424842
2014-02-10 00:00:00+00:00,13849552.57424842
2014-02-11 00:00:00+00:00,13849552.57424842
2014-02-12 00:00:00+00:00,13849552.57424842
2014-02-13 00:00:00+00:00,13849552.57424842
2014-02-14 00:00:00+00:00,13849552.57424842
2014-02-17 00:00:00+00:00,13849552.57424842
2014-02-18 00:00:00+00:00,13849552.57424842
2014-02-19 00:00:00+00:00,13849552.57424842
2014-02-20 00:00:00+00:00,13849552.57424842
2014-02-21 00:00:00+00:00,13849552.57424842
2014-02-24 00:00:00+00:00,13849552.57424842
2014-02-25 00:00:00+00:00,13849552.57424842
2014-02-26 00:00:00+00:00,13849552.57424842
2014-02-27 00:00:00+00:00,13849552.57424842
2014-02-28 00:00:00+00:00,13849552.57424842
2014-03-03 00:00:00+00:00,13849552.57424842
2014-03-04 00:00:00+00:00,13849552.57424842
2014-03-05 00:00:00+00:00,13849552.57424842
2014-03-06 00:00:00+00:00,13849552.57424842
2014-03-07 00:00:00+00:00,13849552.57424842
2014-03-10 00:00:00+00:00,13849552.57424842
2014-03-11 00:00:00+00:00,13849552.57424842
2014-03-12 00:00:00+00:00,13849552.57424842
2014-03-13 00:00:00+00:00,13849552.57424842
2014-03-14 00:00:00+00:00,13849552.57424842
2014-03-17 00:00:00+00:00,13849552.57424842
2014-03-18 00:00:00+00:00,13849552.57424842
2014-03-19 00:00:00+00:00,13849552.57424842
2014-03-20 00:00:00+00:00,13849552.57424842
2014-03-21 00:00:00+00:00,13849552.57424842
2014-03-24 00:00:00+00:00,13849552.57424842
2014-03-25 00:00:00+00:00,13849552.57424842
2014-03-26 00:00:00+00:00,13849552.57424842
2014-03-27 00:00:00+00:00,13849552.57424842
2014-03-28 00:00:00+00:00,13849552.57424842
2014-03-31 00:00:00+00:00,13849552.57424842
2014-04-01 00:00:00+00:00,13849552.57424842
2014-04-02 00:00:00+00:00,13849552.57424842
2014-04-03 00:00:00+00:00,13849552.57424842
2014-04-04 00:00:00+00:00,13849552.57424842
2014-04-07 00:00:00+00:00,13849552.57424842
2014-04-08 00:00:00+00:00,13849552.57424842
2014-04-09 00:00:00+00:00,13849552.57424842
2014-04-10 00:00:00+00:00,13849552.57424842
2014-04-11 00:00:00+00:00,13849552.57424842
2014-04-14 00:00:00+00:00,13849552.57424842
2014-04-15 00:00:00+00:00,13849552.57424842
2014-04-16 00:00:00+00:00,13849552.57424842
2014-04-17 00:00:00+00:00,13849552.57424842
2014-04-21 00:00:00+00:00,13849552.57424842
2014-04-22 00:00:00+00:00,13849552.57424842
2014-04-23 00:00:00+00:00,13849552.57424842
2014-04-24 00:00:00+00:00,13849552.57424842
2014-04-25 00:00:00+00:00,13849552.57424842
2014-04-28 00:00:00+00:00,13849552.57424842
2014-04-29 00:00:00+00:00,13849552.57424842
2014-04-30 00:00:00+00:00,13849552.57424842
2014-05-01 00:00:00+00:00,13849552.57424842
2014-05-02 00:00:00+00:00,13849552.57424842
2014-05-05 00:00:00+00:00,13849552.57424842
2014-05-06 00:00:00+00:00,13849552.57424842
2014-05-07 00:00:00+00:00,13849552.57424842
2014-05-08 00:00:00+00:00,13849552.57424842
2014-05-09 00:00:00+00:00,13849552.57424842
2014-05-12 00:00:00+00:00,13849552.57424842
2014-05-13 00:00:00+00:00,13849552.57424842
2014-05-14 00:00:00+00:00,13849552.57424842
2014-05-15 00:00:00+00:00,13849552.57424842
2014-05-16 00:00:00+00:00,13849552.57424842
2014-05-19 00:00:00+00:00,13849552.57424842
2014-05-20 00:00:00+00:00,13849552.57424842
2014-05-21 00:00:00+00:00,13849552.57424842
2014-05-22 00:00:00+00:00,13849552.57424842
2014-05-23 00:00:00+00:00,13849552.57424842
2014-05-26 00:00:00+00:00,13849552.57424842
2014-05-27 00:00:00+00:00,13849552.57424842
2014-05-28 00:00:00+00:00,13849552.57424842
2014-05-29 00:00:00+00:00,13849552.57424842
2014-05-30 00:00:00+00:00,13849552.57424842
2014-06-02 00:00:00+00:00,13849552.57424842
2014-06-03 00:00:00+00:00,13849552.57424842
2014-06-04 00:00:00+00:00,13849552.57424842
2014-06-05 00:00:00+00:00,13849552.57424842
2014-06-06 00:00:00+00:00,13849552.57424842
2014-06-09 00:00:00+00:00,13849552.57424842
2014-06-10 00:00:00+00:00,13849552.57424842
2014-06-11 00:00:00+00:00,13849552.57424842
2014-06-12 00:00:00+00:00,13849552.57424842
2014-06-13 00:00:00+00:00,13849552.57424842
2014-06-16 00:00:00+00:00,13849552.57424842
2014-06-17 00:00:00+00:00,13849552.57424842
2014-06-18 00:00:00+00:00,13849552.57424842
2014-06-19 00:00:00+00:00,13849552.57424842
2014-06-20 00:00:00+00:00,13849552.57424842
2014-06-23 00:00:00+00:00,13849552.57424842
2014-06-24 00:00:00+00:00,13849552.57424842
2014-06-25 00:00:00+00:00,13849552.57424842
2014-06-26 00:00:00+00:00,13849552.57424842
2014-06-27 00:00:00+00:00,13849552.57424842
2014-06-30 00:00:00+00:00,13849552.57424842
2014-07-01 00:00:00+00:00,13849552.57424842
2014-07-02 00:00:00+00:00,13849552.57424842
2014-07-03 00:00:00+00:00,13849552.57424842
2014-07-04 00:00:00+00:00,13849552.57424842
2014-07-07 00:00:00+00:00,13849552.57424842
2014-07-08 00:00:00+00:00,13849552.57424842
2014-07-09 00:00:00+00:00,13849552.57424842
2014-07-10 00:00:00+00:00,13849552.57424842
2014-07-11 00:00:00+00:00,13849552.57424842
2014-07-14 00:00:00+00:00,13849552.57424842
2014-07-15 00:00:00+00:00,13849552.57424842
2014-07-16 00:00:00+00:00,13849552.57424842
2014-07-17 00:00:00+00:00,13849552.57424842
2014-07-18 00:00:00+00:00,13849552.57424842
2014-07-21 00:00:00+00:00,13849552.57424842
2014-07-22 00:00:00+00:00,13849552.57424842
2014-07-23 00:00:00+00:00,13849552.57424842
2014-07-24 00:00:00+00:00,13849552.57424842
2014-07-25 00:00:00+00:00,13849552.57424842
2014-07-28 00:00:00+00:00,13849552.57424842
2014-07-29 00:00:00+00:00,13849552.57424842
2014-07-30 00:00:00+00:00,13849552.57424842
2014-07-31 00:00:00+00:00,13849552.57424842
2014-08-01 00:00:00+00:00,13849552.57424842
2014-08-04 00:00:00+00:00,13849552.57424842
2014-08-05 00:00:00+00:00,13849552.57424842
2014-08-06 00:00:00+00:00,13849552.57424842
2014-08-07 00:00:00+00:00,13849552.57424842
2014-08-08 00:00:00+00:00,13849552.57424842
2014-08-11 00:00:00+00:00,13849552.57424842
2014-08-12 00:00:00+00:00,13849552.57424842
2014-08-13 00:00:00+00:00,13849552.57424842
2014-08-14 00:00:00+00:00,13849552.57424842
2014-08-15 00:00:00+00:00,13849552.57424842
2014-08-18 00:00:00+00:00,13849552.57424842
2014-08-19 00:00:00+00:00,13849552.57424842
2014-08-20 00:00:00+00:00,13849552.57424842
2014-08-21 00:00:00+00:00,13849552.57424842
2014-08-22 00:00:00+00:00,13849552.57424842
2014-08-25 00:00:00+00:00,13849552.57424842
2014-08-26 00:00:00+00:00,13849552.57424842
2014-08-27 00:00:00+00:00,13849552.57424842
2014-08-28 00:00:00+00:00,13849552.57424842
2014-08-29 00:00:00+00:00,13849552.57424842
2014-09-01 00:00:00+00:00,13849552.57424842
2014-09-02 00:00:00+00:00,13849552.57424842
2014-09-03 00:00:00+00:00,13849552.57424842
2014-09-04 00:00:00+00:00,13849552.57424842
2014-09-05 00:00:00+00:00,13849552.57424842
2014-09-08 00:00:00+00:00,13849552.57424842
2014-09-09 00:00:00+00:00,13849552.57424842
2014-09-10 00:00:00+00:00,13849552.57424842
2014-09-11 00:00:00+00:00,13849552.57424842
2014-09-12 00:00:00+00:00,13849552.57424842
2014-09-15 00:00:00+00:00,13849552.57424842
2014-09-16 00:00:00+00:00,13849552.57424842
2014-09-17 00:00:00+00:00,13849552.57424842
2014-09-18 00:00:00+00:00,13849552.57424842
2014-09-19 00:00:00+00:00,13849552.57424842
2014-09-22 00:00:00+00:00,13849552.57424842
2014-09-23 00:00:00+00:00,13849552.57424842
2014-09-24 00:00:00+00:00,13849552.57424842
2014-09-25 00:00:00+00:00,13849552.57424842
2014-09-26 00:00:00+00:00,13849552.57424842
2014-09-29 00:00:00+00:00,13849552.57424842
2014-09-30 00:00:00+00:00,13849552.57424842
2014-10-01 00:00:00+00:00,13849552.57424842
2014-10-02 00:00:00+00:00,13849552.57424842
2014-10-03 00:00:00+00:00,13849552.57424842
2014-10-06 00:00:00+00:00,13849552.57424842
2014-10-07 00:00:00+00:00,13849552.57424842
2014-10-08 00:00:00+00:00,13849552.57424842
2014-10-09 00:00:00+00:00,13849552.57424842
2014-10-10 00:00:00+00:00,13849552.57424842
2014-10-13 00:00:00+00:00,13849552.57424842
2014-10-14 00:00:00+00:00,13849552.57424842
2014-10-15 00:00:00+00:00,13849552.57424842
2014-10-16 00:00:00+00:00,13849552.57424842
2014-10-17 00:00:00+00:00,13849552.57424842
2014-10-20 00:00:00+00:00,13849552.57424842
2014-10-21 00:00:00+00:00,13849552.57424842
2014-10-22 00:00:00+00:00,13849552.57424842
2014-10-23 00:00:00+00:00,13849552.57424842
2014-10-24 00:00:00+00:00,13849552.57424842
2014-10-27 00:00:00+00:00,13849552.57424842
2014-10-28 00:00:00+00:00,13849552.57424842
2014-10-29 00:00:00+00:00,13849552.57424842
2014-10-30 00:00:00+00:00,13849552.57424842
2014-10-31 00:00:00+00:00,13849552.57424842
2014-11-03 00:00:00+00:00,13849552.57424842
2014-11-04 00:00:00+00:00,13849552.57424842
2014-11-05 00:00:00+00:00,13849552.57424842
2014-11-06 00:00:00+00:00,13849552.57424842
2014-11-07 00:00:00+00:00,13849552.57424842
2014-11-10 00:00:00+00:00,13849552.57424842
2014-11-11 00:00:00+00:00,13849552.57424842
2014-11-12 00:00:00+00:00,13849552.57424842
2014-11-13 00:00:00+00:00,13849552.57424842
2014-11-14 00:00:00+00:00,13849552.57424842
2014-11-17 00:00:00+00:00,13849552.57424842
2014-11-18 00:00:00+00:00,13849552.57424842
2014-11-19 00:00:00+00:00,13849552.57424842
2014-11-20 00:00:00+00:00,13849552.57424842
2014-11-21 00:00:00+00:00,13849552.57424842
2014-11-24 00:00:00+00:00,13849552.57424842
2014-11-25 00:00:00+00:00,13849552.57424842
2014-11-26 00:00:00+00:00,13849552.57424842
2014-11-27 00:00:00+00:00,13849552.57424842
2014-11-28 00:00:00+00:00,13849552.57424842
2014-12-01 00:00:00+00:00,13849552.57424842
2014-12-02 00:00:00+00:00,13849552.57424842
2014-12-03 00:00:00+00:00,13849552.57424842
2014-12-04 00:00:00+00:00,13849552.57424842
2014-12-05 00:00:00+00:00,13849552.57424842
2014-12-08 00:00:00+00:00,13849552.57424842
2014-12-09 00:00:00+00:00,13849552.57424842
2014-12-10 00:00:00+00:00,13849552.57424842
2014-12-11 00:00:00+00:00,13849552.57424842
2014-12-12 00:00:00+00:00,13849552.57424842
2014-12-15 00:00:00+00:00,13849552.57424842
2014-12-16 00:00:00+00:00,13849552.57424842
2014-12-17 00:00:00+00:00,13849552.57424842
2014-12-18 00:00:00+00:00,13849552.57424842
2014-12-19 00:00:00+00:00,13849552.57424842
2014-12-22 00:00:00+00:00,13849552.57424842
2014-12-23 00:00:00+00:00,13849552.57424842
2014-12-24 00:00:00+00:00,13849552.57424842
2014-12-26 00:00:00+00:00,13849552.57424842
2014-12-29 00:00:00+00:00,13849552.57424842
2014-12-30 00:00:00+00:00,13849552.57424842
2014-12-31 00:00:00+00:00,13849552.57424842
2015-01-01 00:00:00+00:00,13849552.57424842
2015-01-02 00:00:00+00:00,13849552.57424842
2015-01-05 00:00:00+00:00,13849552.57424842
2015-01-06 00:00:00+00:00,13849552.57424842
2015-01-07 00:00:00+00:00,13849552.57424842
2015-01-08 00:00:00+00:00,13849552.57424842
2015-01-09 00:00:00+00:00,13849552.57424842
2015-01-12 00:00:00+00:00,13849552.57424842
2015-01-13 00:00:00+00:00,13849552.57424842
2015-01-14 00:00:00+00:00,13849552.57424842
2015-01-15 00:00:00+00:00,13849552.57424842
2015-01-16 00:00:00+00:00,13849552.57424842
2015-01-19 00:00:00+00:00,13849552.57424842
2015-01-20 00:00:00+00:00,13849552.57424842
2015-01-21 00:00:00+00:00,13849552.57424842
2015-01-22 00:00:00+00:00,13849552.57424842
2015-01-23 00:00:00+00:00,13849552.57424842
2015-01-26 00:00:00+00:00,13849552.57424842
2015-01-27 00:00:00+00:00,13849552.57424842
2015-01-28 00:00:00+00:00,13849552.57424842
2015-01-29 00:00:00+00:00,13849552.57424842
2015-01-30 00:00:00+00:00,13849552.57424842
2015-02-02 00:00:00+00:00,13849552.57424842
2015-02-03 00:00:00+00:00,13849552.57424842
2015-02-04 00:00:00+00:00,13849552.57424842
2015-02-05 00:00:00+00:00,13849552.57424842
2015-02-06 00:00:00+00:00,13849552.57424842
2015-02-09 00:00:00+00:00,13849552.57424842
2015-02-10 00:00:00+00:00,13849552.57424842
2015-02-11 00:00:00+00:00,13849552.57424842
2015-02-12 00:00:00+00:00,13849552.57424842
2015-02-13 00:00:00+00:00,13849552.57424842
2015-02-16 00:00:00+00:00,13849552.57424842
2015-02-17 00:00:00+00:00,13849552.57424842
2015-02-18 00:00:00+00:00,13849552.57424842
2015-02-19 00:00:00+00:00,13849552.57424842
2015-02-20 00:00:00+00:00,13849552.57424842
2015-02-23 00:00:00+00:00,13849552.57424842
2015-02-24 00:00:00+00:00,13849552.57424842
2015-02-25 00:00:00+00:00,13849552.57424842
2015-02-26 00:00:00+00:00,13849552.57424842
2015-02-27 00:00:00+00:00,13849552.57424842
2015-03-02 00:00:00+00:00,13849552.57424842
2015-03-03 00:00:00+00:00,13849552.57424842
2015-03-04 00:00:00+00:00,13849552.57424842
2015-03-05 00:00:00+00:00,13849552.57424842
2015-03-06 00:00:00+00:00,13849552.57424842
2015-03-09 00:00:00+00:00,13849552.57424842
2015-03-10 00:00:00+00:00,13849552.57424842
2015-03-11 00:00:00+00:00,13849552.57424842
2015-03-12 00:00:00+00:00,13849552.57424842
2015-03-13 00:00:00+00:00,13849552.57424842
2015-03-16 00:00:00+00:00,13849552.57424842
2015-03-17 00:00:00+00:00,13849552.57424842
2015-03-18 00:00:00+00:00,13849552.57424842
2015-03-19 00:00:00+00:00,13849552.57424842
2015-03-20 00:00:00+00:00,13849552.57424842
2015-03-23 00:00:00+00:00,13849552.57424842
2015-03-24 00:00:00+00:00,13849552.57424842
2015-03-25 00:00:00+00:00,13849552.57424842
2015-03-26 00:00:00+00:00,13849552.57424842
2015-03-27 00:00:00+00:00,13849552.57424842
2015-03-30 00:00:00+00:00,13849552.57424842
2015-03-31 00:00:00+00:00,13849552.57424842
2015-04-01 00:00:00+00:00,13849552.57424842
2015-04-02 00:00:00+00:00,13849552.57424842
2015-04-06 00:00:00+00:00,13849552.57424842
2015-04-07 00:00:00+00:00,13849552.57424842
2015-04-08 00:00:00+00:00,13849552.57424842
2015-04-09 00:00:00+00:00,13849552.57424842
2015-04-10 00:00:00+00:00,13849552.57424842
2015-04-13 00:00:00+00:00,13849552.57424842
2015-04-14 00:00:00+00:00,13849552.57424842
2015-04-15 00:00:00+00:00,13849552.57424842
2015-04-16 00:00:00+00:00,13849552.57424842
2015-04-17 00:00:00+00:00,13849552.57424842
2015-04-20 00:00:00+00:00,13849552.57424842
2015-04-21 00:00:00+00:00,13849552.57424842
2015-04-22 00:00:00+00:00,13849552.57424842
2015-04-23 00:00:00+00:00,13849552.57424842
2015-04-24 00:00:00+00:00,13849552.57424842
2015-04-27 00:00:00+00:00,13849552.57424842
2015-04-28 00:00:00+00:00,13849552.57424842
2015-04-29 00:00:00+00:00,13849552.57424842
2015-04-30 00:00:00+00:00,13849552.57424842
2015-05-01 00:00:00+00:00,13849552.57424842
2015-05-04 00:00:00+00:00,13849552.57424842
2015-05-05 00:00:00+00:00,13849552.57424842
2015-05-06 00:00:00+00:00,13849552.57424842
2015-05-07 00:00:00+00:00,13849552.57424842
2015-05-08 00:00:00+00:00,13849552.57424842
2015-05-11 00:00:00+00:00,13849552.57424842
2015-05-12 00:00:00+00:00,13849552.57424842
2015-05-13 00:00:00+00:00,13849552.57424842
2015-05-14 00:00:00+00:00,13849552.57424842
2015-05-15 00:00:00+00:00,13849552.57424842
2015-05-18 00:00:00+00:00,13849552.57424842
2015-05-19 00:00:00+00:00,13849552.57424842
2015-05-20 00:00:00+00:00,13849552.57424842
2015-05-21 00:00:00+00:00,13849552.57424842
2015-05-22 00:00:00+00:00,13849552.57424842
2015-05-25 00:00:00+00:00,13849552.57424842
2015-05-26 00:00:00+00:00,13849552.57424842
2015-05-27 00:00:00+00:00,13849552.57424842
2015-05-28 00:00:00+00:00,13849552.57424842
2015-05-29 00:00:00+00:00,13849552.57424842
2015-06-01 00:00:00+00:00,13849552.57424842
2015-06-02 00:00:00+00:00,13849552.57424842
2015-06-03 00:00:00+00:00,13849552.57424842
2015-06-04 00:00:00+00:00,13849552.57424842
2015-06-05 00:00:00+00:00,13849552.57424842
2015-06-08 00:00:00+00:00,13849552.57424842
2015-06-09 00:00:00+00:00,13849552.57424842
2015-06-10 00:00:00+00:00,13849552.57424842
2015-06-11 00:00:00+00:00,13849552.57424842
2015-06-12 00:00:00+00:00,13849552.57424842
2015-06-15 00:00:00+00:00,13849552.57424842
2015-06-16 00:00:00+00:00,13849552.57424842
2015-06-17 00:00:00+00:00,13849552.57424842
2015-06-18 00:00:00+00:00,13849552.57424842
2015-06-19 00:00:00+00:00,13849552.57424842
2015-06-22 00:00:00+00:00,13849552.57424842
2015-06-23 00:00:00+00:00,13849552.57424842
2015-06-24 00:00:00+00:00,13849552.57424842
2015-06-25 00:00:00+00:00,13849552.57424842
2015-06-26 00:00:00+00:00,13849552.57424842
2015-06-29 00:00:00+00:00,13849552.57424842
2015-06-30 00:00:00+00:00,13849552.57424842
2015-07-01 00:00:00+00:00,13849552.57424842
2015-07-02 00:00:00+00:00,13849552.57424842
2015-07-03 00:00:00+00:00,13849552.57424842
2015-07-06 00:00:00+00:00,13849552.57424842
2015-07-07 00:00:00+00:00,13849552.57424842
2015-07-08 00:00:00+00:00,13849552.57424842
2015-07-09 00:00:00+00:00,13849552.57424842
2015-07-10 00:00:00+00:00,13849552.57424842
2015-07-13 00:00:00+00:00,13849552.57424842
2015-07-14 00:00:00+00:00,13849552.57424842
2015-07-15 00:00:00+00:00,13849552.57424842
2015-07-16 00:00:00+00:00,13849552.57424842
2015-07-17 00:00:00+00:00,13849552.57424842
2015-07-20 00:00:00+00:00,13849552.57424842
2015-07-21 00:00:00+00:00,13849552.57424842
2015-07-22 00:00:00+00:00,13849552.57424842
2015-07-23 00:00:00+00:00,13849552.57424842
2015-07-24 00:00:00+00:00,13849552.57424842
2015-07-27 00:00:00+00:00,13849552.57424842
2015-07-28 00:00:00+00:00,13849552.57424842
2015-07-29 00:00:00+00:00,13849552.57424842
2015-07-30 00:00:00+00:00,13849552.57424842
2015-07-31 00:00:00+00:00,13849552.57424842
2015-08-03 00:00:00+00:00,13849552.57424842
2015-08-04 00:00:00+00:00,13849552.57424842
2015-08-05 00:00:00+00:00,13849552.57424842
2015-08-06 00:00:00+00:00,13849552.57424842
2015-08-07 00:00:00+00:00,13849552.57424842
2015-08-10 00:00:00+00:00,13849552.57424842
2015-08-11 00:00:00+00:00,13849552.57424842
2015-08-12 00:00:00+00:00,13849552.57424842
2015-08-13 00:00:00+00:00,13849552.57424842
2015-08-14 00:00:00+00:00,13849552.57424842
2015-08-17 00:00:00+00:00,13849552.57424842
2015-08-18 00:00:00+00:00,13849552.57424842
2015-08-19 00:00:00+00:00,13849552.57424842
2015-08-20 00:00:00+00:00,13849552.57424842
2015-08-21 00:00:00+00:00,13849552.57424842
2015-08-24 00:00:00+00:00,13849552.57424842
2015-08-25 00:00:00+00:00,13849552.57424842
2015-08-26 00:00:00+00:00,13849552.57424842
2015-08-27 00:00:00+00:00,13849552.57424842
2015-08-28 00:00:00+00:00,13849552.57424842
2015-08-31 00:00:00+00:00,13849552.57424842
2015-09-01 00:00:00+00:00,13849552.57424842
2015-09-02 00:00:00+00:00,13849552.57424842
2015-09-03 00:00:00+00:00,13849552.57424842
2015-09-04 00:00:00+00:00,13849552.57424842
2015-09-07 00:00:00+00:00,13849552.57424842
2015-09-08 00:00:00+00:00,13849552.57424842
2015-09-09 00:00:00+00:00,13849552.57424842
2015-09-10 00:00:00+00:00,13849552.57424842
2015-09-11 00:00:00+00:00,13849552.57424842
2015-09-14 00:00:00+00:00,13849552.57424842
2015-09-15 00:00:00+00:00,13849552.57424842
2015-09-16 00:00:00+00:00,13849552.57424842
2015-09-17 00:00:00+00:00,13849552.57424842
2015-09-18 00:00:00+00:00,13849552.57424842
2015-09-21 00:00:00+00:00,13849552.57424842
2015-09-22 00:00:00+00:00,13849552.57424842
2015-09-23 00:00:00+00:00,13849552.57424842
2015-09-24 00:00:00+00:00,13849552.57424842
2015-09-25 00:00:00+00:00,13849552.57424842
2015-09-28 00:00:00+00:00,13849552.57424842
2015-09-29 00:00:00+00:00,13849552.57424842
2015-09-30 00:00:00+00:00,13849552.57424842
2015-10-01 00:00:00+00:00,13849552.57424842
2015-10-02 00:00:00+00:00,13849552.57424842
2015-10-05 00:00:00+00:00,13849552.57424842
2015-10-06 00:00:00+00:00,13849552.57424842
2015-10-07 00:00:00+00:00,13849552.57424842
2015-10-08 00:00:00+00:00,13849552.57424842
2015-10-09 00:00:00+00:00,13849552.57424842
2015-10-12 00:00:00+00:00,13849552.57424842
2015-10-13 00:00:00+00:00,13849552.57424842
2015-10-14 00:00:00+00:00,13849552.57424842
2015-10-15 00:00:00+00:00,13849552.57424842
2015-10-16 00:00:00+00:00,13849552.57424842
2015-10-19 00:00:00+00:00,13849552.57424842
2015-10-20 00:00:00+00:00,13849552.57424842
2015-10-21 00:00:00+00:00,13849552.57424842
2015-10-22 00:00:00+00:00,13849552.57424842
2015-10-23 00:00:00+00:00,13849552.57424842
2015-10-26 00:00:00+00:00,13849552.57424842
2015-10-27 00:00:00+00:00,13849552.57424842
2015-10-28 00:00:00+00:00,13849552.57424842
2015-10-29 00:00:00+00:00,13849552.57424842
2015-10-30 00:00:00+00:00,13849552.57424842
2015-11-02 00:00:00+00:00,13849552.57424842
2015-11-03 00:00:00+00:00,13849552.57424842
2015-11-04 00:00:00+00:00,13849552.57424842
2015-11-05 00:00:00+00:00,13849552.57424842
2015-11-06 00:00:00+00:00,13849552.57424842
2015-11-09 00:00:00+00:00,13849552.57424842
2015-11-10 00:00:00+00:00,13849552.57424842
2015-11-11 00:00:00+00:00,13849552.57424842
2015-11-12 00:00:00+00:00,13849552.57424842
2015-11-13 00:00:00+00:00,13849552.57424842
2015-11-16 00:00:00+00:00,13849552.57424842
2015-11-17 00:00:00+00:00,13849552.57424842
2015-11-18 00:00:00+00:00,13849552.57424842
2015-11-19 00:00:00+00:00,13849552.57424842
2015-11-20 00:00:00+00:00,13849552.57424842
2015-11-23 00:00:00+00:00,13849552.57424842
2015-11-24 00:00:00+00:00,13849552.57424842
2015-11-25 00:00:00+00:00,13849552.57424842
2015-11-26 00:00:00+00:00,13849552.57424842
2015-11-27 00:00:00+00:00,13849552.57424842
2015-11-30 00:00:00+00:00,13849552.57424842
2015-12-01 00:00:00+00:00,13849552.57424842
2015-12-02 00:00:00+00:00,13849552.57424842
2015-12-03 00:00:00+00:00,13849552.57424842
2015-12-04 00:00:00+00:00,13849552.57424842
2015-12-07 00:00:00+00:00,13849552.57424842
2015-12-08 00:00:00+00:00,13849552.57424842
2015-12-09 00:00:00+00:00,13849552.57424842
2015-12-10 00:00:00+00:00,13849552.57424842
2015-12-11 00:00:00+00:00,13849552.57424842
2015-12-14 00:00:00+00:00,13849552.57424842
2015-12-15 00:00:00+00:00,13849552.57424842
2015-12-16 00:00:00+00:00,13849552.57424842
2015-12-17 00:00:00+00:00,13849552.57424842
2015-12-18 00:00:00+00:00,13849552.57424842
2015-12-21 00:00:00+00:00,13849552.57424842
2015-12-22 00:00:00+00:00,13849552.57424842
2015-12-23 00:00:00+00:00,13849552.57424842
2015-12-24 00:00:00+00:00,13849552.57424842
2015-12-28 00:00:00+00:00,13849552.57424842
2015-12-29 00:00:00+00:00,13849552.57424842
2015-12-30 00:00:00+00:00,13849552.57424842
2015-12-31 00:00:00+00:00,13849552.57424842
2016-01-01 00:00:00+00:00,13849552.57424842
2016-01-04 00:00:00+00:00,13849552.57424842
2016-01-05 00:00:00+00:00,13849552.57424842
2016-01-06 00:00:00+00:00,13849552.57424842
2016-01-07 00:00:00+00:00,13849552.57424842
2016-01-08 00:00:00+00:00,13849552.57424842
2016-01-11 00:00:00+00:00,13849552.57424842
2016-01-12 00:00:00+00:00,13849552.57424842
2016-01-13 00:00:00+00:00,13849552.57424842
2016-01-14 00:00:00+00:00,13849552.57424842
2016-01-15 00:00:00+00:00,13849552.57424842
2016-01-18 00:00:00+00:00,13849552.57424842
2016-01-19 00:00:00+00:00,13849552.57424842
2016-01-20 00:00:00+00:00,13849552.57424842
2016-01-21 00:00:00+00:00,13849552.57424842
2016-01-22 00:00:00+00:00,13849552.57424842
2016-01-25 00:00:00+00:00,13849552.57424842
2016-01-26 00:00:00+00:00,13849552.57424842
2016-01-27 00:00:00+00:00,13849552.57424842
2016-01-28 00:00:00+00:00,13849552.57424842
2016-01-29 00:00:00+00:00,13849552.57424842
2016-02-01 00:00:00+00:00,13849552.57424842
2016-02-02 00:00:00+00:00,13849552.57424842
2016-02-03 00:00:00+00:00,13849552.57424842
2016-02-04 00:00:00+00:00,13849552.57424842
2016-02-05 00:00:00+00:00,13849552.57424842
2016-02-08 00:00:00+00:00,13849552.57424842
2016-02-09 00:00:00+00:00,13849552.57424842
2016-02-10 00:00:00+00:00,13849552.57424842
2016-02-11 00:00:00+00:00,13849552.57424842
2016-02-12 00:00:00+00:00,13849552.57424842
2016-02-15 00:00:00+00:00,13849552.57424842
2016-02-16 00:00:00+00:00,13849552.57424842
2016-02-17 00:00:00+00:00,13849552.57424842
2016-02-18 00:00:00+00:00,13849552.57424842
2016-02-19 00:00:00+00:00,13849552.57424842
2016-02-22 00:00:00+00:00,13849552.57424842
2016-02-23 00:00:00+00:00,13849552.57424842
2016-02-24 00:00:00+00:00,13849552.57424842
2016-02-25 00:00:00+00:00,13849552.57424842
2016-02-26 00:00:00+00:00,13849552.57424842
2016-02-29 00:00:00+00:00,13849552.57424842
2016-03-01 00:00:00+00:00,13849552.57424842
2016-03-02 00:00:00+00:00,13849552.57424842
2016-03-03 00:00:00+00:00,13849552.57424842
2016-03-04 00:00:00+00:00,13849552.57424842
2016-03-07 00:00:00+00:00,13849552.57424842
2016-03-08 00:00:00+00:00,13849552.57424842
2016-03-09 00:00:00+00:00,13849552.57424842
2016-03-10 00:00:00+00:00,13849552.57424842
2016-03-11 00:00:00+00:00,13849552.57424842
2016-03-14 00:00:00+00:00,13849552.57424842
2016-03-15 00:00:00+00:00,13849552.57424842
2016-03-16 00:00:00+00:00,13849552.57424842
2016-03-17 00:00:00+00:00,13849552.57424842
2016-03-18 00:00:00+00:00,13849552.57424842
2016-03-21 00:00:00+00:00,13849552.57424842
2016-03-22 00:00:00+00:00,13849552.57424842
2016-03-23 00:00:00+00:00,13849552.57424842
2016-03-24 00:00:00+00:00,13849552.57424842
2016-03-28 00:00:00+00:00,13849552.57424842
2016-03-29 00:00:00+00:00,13849552.57424842
2016-03-30 00:00:00+00:00,13849552.57424842
2016-03-31 00:00:00+00:00,13849552.57424842
2016-04-01 00:00:00+00:00,13849552.57424842
2016-04-04 00:00:00+00:00,13849552.57424842
2016-04-05 00:00:00+00:00,13849552.57424842
2016-04-06 00:00:00+00:00,13849552.57424842
2016-04-07 00:00:00+00:00,13849552.57424842
2016-04-08 00:00:00+00:00,13849552.57424842
2016-04-11 00:00:00+00:00,13849552.57424842
2016-04-12 00:00:00+00:00,13849552.57424842
2016-04-13 00:00:00+00:00,13849552.57424842
2016-04-14 00:00:00+00:00,13849552.57424842
2016-04-15 00:00:00+00:00,13849552.57424842
2016-04-18 00:00:00+00:00,13849552.57424842
2016-04-19 00:00:00+00:00,13849552.57424842
2016-04-20 00:00:00+00:00,13849552.57424842
2016-04-21 00:00:00+00:00,13849552.57424842
2016-04-22 00:00:00+00:00,13849552.57424842
2016-04-25 00:00:00+00:00,13849552.57424842
2016-04-26 00:00:00+00:00,13849552.57424842
2016-04-27 00:00:00+00:00,13849552.57424842
2016-04-28 00:00:00+00:00,13849552.57424842
2016-04-29 00:00:00+00:00,13849552.57424842
2016-05-02 00:00:00+00:00,13849552.57424842
2016-05-03 00:00:00+00:00,13849552.57424842
2016-05-04 00:00:00+00:00,13849552.57424842
2016-05-05 00:00:00+00:00,13849552.57424842
2016-05-06 00:00:00+00:00,13849552.57424842
2016-05-09 00:00:00+00:00,13849552.57424842
2016-05-10 00:00:00+00:00,13849552.57424842
2016-05-11 00:00:00+00:00,13849552.57424842
2016-05-12 00:00:00+00:00,13849552.57424842
2016-05-13 00:00:00+00:00,13849552.57424842
2016-05-16 00:00:00+00:00,13849552.57424842
2016-05-17 00:00:00+00:00,13849552.57424842
2016-05-18 00:00:00+00:00,13849552.57424842
2016-05-19 00:00:00+00:00,13849552.57424842
2016-05-20 00:00:00+00:00,13849552.57424842
2016-05-23 00:00:00+00:00,13849552.57424842
2016-05-24 00:00:00+00:00,13849552.57424842
2016-05-25 00:00:00+00:00,13849552.57424842
2016-05-26 00:00:00+00:00,13849552.57424842
2016-05-27 00:00:00+00:00,13849552.57424842
2016-05-30 00:00:00+00:00,13849552.57424842
2016-05-31 00:00:00+00:00,13849552.57424842
2016-06-01 00:00:00+00:00,13849552.57424842
2016-06-02 00:00:00+00:00,13849552.57424842
2016-06-03 00:00:00+00:00,13849552.57424842
2016-06-06 00:00:00+00:00,13849552.57424842
2016-06-07 00:00:00+00:00,13849552.57424842
2016-06-08 00:00:00+00:00,13849552.57424842
2016-06-09 00:00:00+00:00,13849552.57424842
2016-06-10 00:00:00+00:00,13849552.57424842
2016-06-13 00:00:00+00:00,13849552.57424842
2016-06-14 00:00:00+00:00,13849552.57424842
2016-06-15 00:00:00+00:00,13849552.57424842
2016-06-16 00:00:00+00:00,13849552.57424842
2016-06-17 00:00:00+00:00,13849552.57424842
2016-06-20 00:00:00+00:00,13849552.57424842
2016-06-21 00:00:00+00:00,13849552.57424842
2016-06-22 00:00:00+00:00,13849552.57424842
2016-06-23 00:00:00+00:00,13849552.57424842
2016-06-24 00:00:00+00:00,13849552.57424842
2016-06-27 00:00:00+00:00,13849552.57424842
2016-06-28 00:00:00+00:00,13849552.57424842
2016-06-29 00:00:00+00:00,13849552.57424842
2016-06-30 00:00:00+00:00,13849552.57424842
2016-07-01 00:00:00+00:00,13849552.57424842
2016-07-04 00:00:00+00:00,13849552.57424842
2016-07-05 00:00:00+00:00,13849552.57424842
2016-07-06 00:00:00+00:00,13849552.57424842
2016-07-07 00:00:00+00:00,13849552.57424842
2016-07-08 00:00:00+00:00,13849552.57424842
2016-07-11 00:00:00+00:00,13849552.57424842
2016-07-12 00:00:00+00:00,13849552.57424842
2016-07-13 00:00:00+00:00,13849552.57424842
2016-07-14 00:00:00+00:00,13849552.57424842
2016-07-15 00:00:00+00:00,13849552.57424842
2016-07-18 00:00:00+00:00,13849552.57424842
2016-07-19 00:00:00+00:00,13849552.57424842
2016-07-20 00:00:00+00:00,13849552.57424842
2016-07-21 00:00:00+00:00,13849552.57424842
2016-07-22 00:00:00+00:00,13849552.57424842
2016-07-25 00:00:00+00:00,13849552.57424842
2016-07-26 00:00:00+00:00,13849552.57424842
2016-07-27 00:00:00+00:00,13849552.57424842
2016-07-28 00:00:00+00:00,13849552.57424842
2016-07-29 00:00:00+00:00,13849552.57424842
2016-08-01 00:00:00+00:00,13849552.57424842
2016-08-02 00:00:00+00:00,13849552.57424842
2016-08-03 00:00:00+00:00,13849552.57424842
2016-08-04 00:00:00+00:00,13849552.57424842
2016-08-05 00:00:00+00:00,13849552.57424842
2016-08-08 00:00:00+00:00,13849552.57424842
2016-08-09 00:00:00+00:00,13849552.57424842
2016-08-10 00:00:00+00:00,13849552.57424842
2016-08-11 00:00:00+00:00,13849552.57424842
2016-08-12 00:00:00+00:00,13849552.57424842
2016-08-15 00:00:00+00:00,13849552.57424842
2016-08-16 00:00:00+00:00,13849552.57424842
2016-08-17 00:00:00+00:00,13849552.57424842
2016-08-18 00:00:00+00:00,13849552.57424842
2016-08-19 00:00:00+00:00,13849552.57424842
2016-08-22 00:00:00+00:00,13849552.57424842
2016-08-23 00:00:00+00:00,13849552.57424842
2016-08-24 00:00:00+00:00,13849552.57424842
2016-08-25 00:00:00+00:00,13849552.57424842
2016-08-26 00:00:00+00:00,13849552.57424842
2016-08-29 00:00:00+00:00,13849552.57424842
2016-08-30 00:00:00+00:00,13849552.57424842
2016-08-31 00:00:00+00:00,13849552.57424842
2016-09-01 00:00:00+00:00,13849552.57424842
2016-09-02 00:00:00+00:00,13849552.57424842
2016-09-06 00:00:00+00:00,13849552.57424842
2016-09-07 00:00:00+00:00,13849552.57424842
2016-09-08 00:00:00+00:00,13849552.57424842
2016-09-09 00:00:00+00:00,13849552.57424842
2016-09-12 00:00:00+00:00,13849552.57424842
2016-09-13 00:00:00+00:00,13849552.57424842
2016-09-14 00:00:00+00:00,13849552.57424842
2016-09-15 00:00:00+00:00,13849552.57424842
2016-09-16 00:00:00+00:00,13849552.57424842
2016-09-19 00:00:00+00:00,13849552.57424842
2016-09-20 00:00:00+00:00,13849552.57424842
2016-09-21 00:00:00+00:00,13849552.57424842
2016-09-22 00:00:00+00:00,13849552.57424842
2016-09-23 00:00:00+00:00,13849552.57424842
2016-09-26 00:00:00+00:00,13849552.57424842
2016-09-27 00:00:00+00:00,13849552.57424842
2016-09-28 00:00:00+00:00,13849552.57424842
2016-09-29 00:00:00+00:00,13849552.57424842
2016-09-30 00:00:00+00:00,13849552.57424842
2016-10-03 00:00:00+00:00,13849552.57424842
2016-10-04 00:00:00+00:00,13849552.57424842
2016-10-05 00:00:00+00:00,13849552.57424842
2016-10-06 00:00:00+00:00,13849552.57424842
2016-10-07 00:00:00+00:00,13849552.57424842
2016-10-10 00:00:00+00:00,13849552.57424842
2016-10-11 00:00:00+00:00,13849552.57424842
2016-10-12 00:00:00+00:00,13849552.57424842
2016-10-13 00:00:00+00:00,13849552.57424842
2016-10-14 00:00:00+00:00,13849552.57424842
2016-10-17 00:00:00+00:00,13849552.57424842
2016-10-18 00:00:00+00:00,13849552.57424842
2016-10-19 00:00:00+00:00,13849552.57424842
2016-10-20 00:00:00+00:00,13849552.57424842
2016-10-21 00:00:00+00:00,13849552.57424842
2016-10-24 00:00:00+00:00,13849552.57424842
2016-10-25 00:00:00+00:00,13849552.57424842
2016-10-26 00:00:00+00:00,13849552.57424842
2016-10-27 00:00:00+00:00,13849552.57424842
2016-10-28 00:00:00+00:00,13849552.57424842
2016-10-31 00:00:00+00:00,13849552.57424842
2016-11-01 00:00:00+00:00,13849552.57424842
2016-11-02 00:00:00+00:00,13849552.57424842
2016-11-03 00:00:00+00:00,13849552.57424842
2016-11-04 00:00:00+00:00,13849552.57424842
2016-11-07 00:00:00+00:00,13849552.57424842
2016-11-08 00:00:00+00:00,13849552.57424842
2016-11-09 00:00:00+00:00,13849552.57424842
2016-11-10 00:00:00+00:00,13849552.57424842
2016-11-11 00:00:00+00:00,13849552.57424842
2016-11-14 00:00:00+00:00,13849552.57424842
2016-11-15 00:00:00+00:00,13849552.57424842
2016-11-16 00:00:00+00:00,13849552.57424842
2016-11-17 00:00:00+00:00,13849552.57424842
2016-11-18 00:00:00+00:00,13849552.57424842
2016-11-21 00:00:00+00:00,13849552.57424842
2016-11-22 00:00:00+00:00,13849552.57424842
2016-11-23 00:00:00+00:00,13849552.57424842
2016-11-24 00:00:00+00:00,13849552.57424842
2016-11-25 00:00:00+00:00,13849552.57424842
2016-11-28 00:00:00+00:00,13849552.57424842
2016-11-29 00:00:00+00:00,13849552.57424842
2016-11-30 00:00:00+00:00,13849552.57424842
2016-12-01 00:00:00+00:00,13849552.57424842
2016-12-02 00:00:00+00:00,13849552.57424842
2016-12-05 00:00:00+00:00,13849552.57424842
2016-12-06 00:00:00+00:00,13849552.57424842
2016-12-07 00:00:00+00:00,13849552.57424842
2016-12-08 00:00:00+00:00,13849552.57424842
2016-12-09 00:00:00+00:00,13849552.57424842
2016-12-12 00:00:00+00:00,13849552.57424842
2016-12-13 00:00:00+00:00,13849552.57424842
2016-12-14 00:00:00+00:00,13849552.57424842
2016-12-15 00:00:00+00:00,13849552.57424842
2016-12-16 00:00:00+00:00,13849552.57424842
2016-12-19 00:00:00+00:00,13849552.57424842
2016-12-20 00:00:00+00:00,13849552.57424842
2016-12-21 00:00:00+00:00,13849552.57424842
2016-12-22 00:00:00+00:00,13849552.57424842
2016-12-23 00:00:00+00:00,13849552.57424842
2016-12-26 00:00:00+00:00,13849552.57424842
2016-12-27 00:00:00+00:00,13849552.57424842
2016-12-28 00:00:00+00:00,13849552.57424842
2016-12-29 00:00:00+00:00,13849552.57424842
2016-12-30 00:00:00+00:00,13849552.57424842
2017-01-02 00:00:00+00:00,13849552.57424842
2017-01-03 00:00:00+00:00,13849552.57424842
2017-01-04 00:00:00+00:00,13849552.57424842
2017-01-05 00:00:00+00:00,13849552.57424842
2017-01-06 00:00:00+00:00,13849552.57424842
2017-01-09 00:00:00+00:00,13849552.57424842
2017-01-10 00:00:00+00:00,13849552.57424842
2017-01-11 00:00:00+00:00,13849552.57424842
2017-01-12 00:00:00+00:00,13849552.57424842
2017-01-13 00:00:00+00:00,13849552.57424842
2017-01-16 00:00:00+00:00,13849552.57424842
2017-01-17 00:00:00+00:00,13849552.57424842
2017-01-18 00:00:00+00:00,13849552.57424842
2017-01-19 00:00:00+00:00,13849552.57424842
2017-01-20 00:00:00+00:00,13849552.57424842
2017-01-23 00:00:00+00:00,13849552.57424842
2017-01-24 00:00:00+00:00,13849552.57424842
2017-01-25 00:00:00+00:00,13849552.57424842
2017-01-26 00:00:00+00:00,13849552.57424842
2017-01-27 00:00:00+00:00,13849552.57424842
2017-01-30 00:00:00+00:00,13849552.57424842
2017-01-31 00:00:00+00:00,13849552.57424842
2017-02-01 00:00:00+00:00,13849552.57424842
2017-02-02 00:00:00+00:00,13849552.57424842
2017-02-03 00:00:00+00:00,13849552.57424842
2017-02-06 00:00:00+00:00,13849552.57424842
2017-02-07 00:00:00+00:00,13849552.57424842
2017-02-08 00:00:00+00:00,13849552.57424842
2017-02-09 00:00:00+00:00,13849552.57424842
2017-02-10 00:00:00+00:00,13849552.57424842
2017-02-13 00:00:00+00:00,13849552.57424842
2017-02-14 00:00:00+00:00,13849552.57424842
2017-02-15 00:00:00+00:00,13849552.57424842
2017-02-16 00:00:00+00:00,13849552.57424842
2017-02-17 00:00:00+00:00,13849552.57424842
2017-02-20 00:00:00+00:00,13849552.57424842
2017-02-21 00:00:00+00:00,13849552.57424842
2017-02-22 00:00:00+00:00,13849552.57424842
2017-02-23 00:00:00+00:00,13849552.57424842
2017-02-24 00:00:00+00:00,13849552.57424842
2017-02-27 00:00:00+00:00,13849552.57424842
2017-02-28 00:00:00+00:00,13849552.57424842
2017-03-01 00:00:00+00:00,13849552.57424842
2017-03-02 00:00:00+00:00,13849552.57424842
2017-03-03 00:00:00+00:00,13849552.57424842
2017-03-06 00:00:00+00:00,13849552.57424842
2017-03-07 00:00:00+00:00,13849552.57424842
2017-03-08 00:00:00+00:00,13849552.57424842
2017-03-09 00:00:00+00:00,13849552.57424842
2017-03-10 00:00:00+00:00,13849552.57424842
2017-03-13 00:00:00+00:00,13849552.57424842
2017-03-14 00:00:00+00:00,13849552.57424842
2017-03-15 00:00:00+00:00,13849552.57424842
2017-03-16 00:00:00+00:00,13849552.57424842
2017-03-17 00:00:00+00:00,13849552.57424842
2017-03-20 00:00:00+00:00,13849552.57424842
2017-03-21 00:00:00+00:00,13849552.57424842
2017-03-22 00:00:00+00:00,13849552.57424842
2017-03-23 00:00:00+00:00,13849552.57424842
2017-03-24 00:00:00+00:00,13849552.57424842
2017-03-27 00:00:00+00:00,13849552.57424842
2017-03-28 00:00:00+00:00,13849552.57424842
2017-03-29 00:00:00+00:00,13849552.57424842
2017-03-30 00:00:00+00:00,13849552.57424842
2017-03-31 00:00:00+00:00,13849552.57424842
2017-04-03 00:00:00+00:00,13849552.57424842
2017-04-04 00:00:00+00:00,13849552.57424842
2017-04-05 00:00:00+00:00,13849552.57424842
2017-04-06 00:00:00+00:00,13849552.57424842
2017-04-07 00:00:00+00:00,13849552.57424842
2017-04-10 00:00:00+00:00,13849552.57424842
2017-04-11 00:00:00+00:00,13849552.57424842
2017-04-12 00:00:00+00:00,13849552.57424842
2017-04-13 00:00:00+00:00,13849552.57424842
2017-04-17 00:00:00+00:00,13849552.57424842
2017-04-18 00:00:00+00:00,13849552.57424842
2017-04-19 00:00:00+00:00,13849552.57424842
2017-04-20 00:00:00+00:00,13849552.57424842
2017-04-21 00:00:00+00:00,13849552.57424842
2017-04-24 00:00:00+00:00,13849552.57424842
2017-04-25 00:00:00+00:00,13849552.57424842
2017-04-26 00:00:00+00:00,13849552.57424842
2017-04-27 00:00:00+00:00,13849552.57424842
2017-04-28 00:00:00+00:00,13849552.57424842
2017-05-01 00:00:00+00:00,13849552.57424842
2017-05-02 00:00:00+00:00,13849552.57424842
2017-05-03 00:00:00+00:00,13849552.57424842
2017-05-04 00:00:00+00:00,13849552.57424842
2017-05-05 00:00:00+00:00,13849552.57424842
2017-05-08 00:00:00+00:00,13849552.57424842
2017-05-09 00:00:00+00:00,13849552.57424842
2017-05-10 00:00:00+00:00,13849552.57424842
2017-05-11 00:00:00+00:00,13849552.57424842
2017-05-12 00:00:00+00:00,13849552.57424842
2017-05-15 00:00:00+00:00,13849552.57424842
2017-05-16 00:00:00+00:00,13849552.57424842
2017-05-17 00:00:00+00:00,13849552.57424842
2017-05-18 00:00:00+00:00,13849552.57424842
2017-05-19 00:00:00+00:00,13849552.57424842
2017-05-22 00:00:00+00:00,13849552.57424842
2017-05-23 00:00:00+00:00,13849552.57424842
2017-05-24 00:00:00+00:00,13849552.57424842
2017-05-25 00:00:00+00:00,13849552.57424842
2017-05-26 00:00:00+00:00,13849552.57424842
2017-05-29 00:00:00+00:00,13849552.57424842
2017-05-30 00:00:00+00:00,13849552.57424842
2017-05-31 00:00:00+00:00,13849552.57424842
2017-06-01 00:00:00+00:00,13849552.57424842
2017-06-02 00:00:00+00:00,13849552.57424842
2017-06-05 00:00:00+00:00,13849552.57424842
2017-06-06 00:00:00+00:00,13849552.57424842
2017-06-07 00:00:00+00:00,13849552.57424842
2017-06-08 00:00:00+00:00,13849552.57424842
2017-06-09 00:00:00+00:00,13849552.57424842
2017-06-12 00:00:00+00:00,13849552.57424842
2017-06-13 00:00:00+00:00,13849552.57424842
2017-06-14 00:00:00+00:00,13849552.57424842
2017-06-15 00:00:00+00:00,13849552.57424842
2017-06-16 00:00:00+00:00,13849552.57424842
2017-06-19 00:00:00+00:00,13849552.57424842
2017-06-20 00:00:00+00:00,13849552.57424842
2017-06-21 00:00:00+00:00,13849552.57424842
2017-06-22 00:00:00+00:00,13849552.57424842
2017-06-23 00:00:00+00:00,13849552.57424842
2017-06-26 00:00:00+00:00,13849552.57424842
2017-06-27 00:00:00+00:00,13849552.57424842
2017-06-28 00:00:00+00:00,13849552.57424842
2017-06-29 00:00:00+00:00,13849552.57424842
2017-06-30 00:00:00+00:00,13849552.57424842
2017-07-03 00:00:00+00:00,13849552.57424842
2017-07-04 00:00:00+00:00,13849552.57424842
2017-07-05 00:00:00+00:00,13849552.57424842
2017-07-06 00:00:00+00:00,13849552.57424842
2017-07-07 00:00:00+00:00,13849552.57424842
2017-07-10 00:00:00+00:00,13849552.57424842
2017-07-11 00:00:00+00:00,13849552.57424842
2017-07-12 00:00:00+00:00,13849552.57424842
2017-07-13 00:00:00+00:00,13849552.57424842
2017-07-14 00:00:00+00:00,13849552.57424842
2017-07-17 00:00:00+00:00,13849552.57424842
2017-07-18 00:00:00+00:00,13849552.57424842
2017-07-19 00:00:00+00:00,13849552.57424842
2017-07-20 00:00:00+00:00,13849552.57424842
2017-07-21 00:00:00+00:00,13849552.57424842
2017-07-24 00:00:00+00:00,13849552.57424842
2017-07-25 00:00:00+00:00,13849552.57424842
2017-07-26 00:00:00+00:00,13849552.57424842
2017-07-27 00:00:00+00:00,13849552.57424842
2017-07-28 00:00:00+00:00,13849552.57424842
2017-07-31 00:00:00+00:00,13849552.57424842
2017-08-01 00:00:00+00:00,13849552.57424842
2017-08-02 00:00:00+00:00,13849552.57424842
2017-08-03 00:00:00+00:00,13849552.57424842
2017-08-04 00:00:00+00:00,13849552.57424842
2017-08-07 00:00:00+00:00,13849552.57424842
2017-08-08 00:00:00+00:00,13849552.57424842
2017-08-09 00:00:00+00:00,13849552.57424842
2017-08-10 00:00:00+00:00,13849552.57424842
2017-08-11 00:00:00+00:00,13849552.57424842
2017-08-14 00:00:00+00:00,13849552.57424842
2017-08-15 00:00:00+00:00,13849552.57424842
2017-08-16 00:00:00+00:00,13849552.57424842
2017-08-17 00:00:00+00:00,13849552.57424842
2017-08-18 00:00:00+00:00,13849552.57424842
2017-08-21 00:00:00+00:00,13849552.57424842
2017-08-22 00:00:00+00:00,13849552.57424842
2017-08-23 00:00:00+00:00,13849552.57424842
2017-08-24 00:00:00+00:00,13849552.57424842
2017-08-25 00:00:00+00:00,13849552.57424842
2017-08-28 00:00:00+00:00,13849552.57424842
2017-08-29 00:00:00+00:00,13849552.57424842
2017-08-30 00:00:00+00:00,13849552.57424842
2017-08-31 00:00:00+00:00,13849552.57424842
2017-09-01 00:00:00+00:00,13849552.57424842
2017-09-04 00:00:00+00:00,13849552.57424842
2017-09-05 00:00:00+00:00,13849552.57424842
2017-09-06 00:00:00+00:00,13849552.57424842
2017-09-07 00:00:00+00:00,13849552.57424842
2017-09-08 00:00:00+00:00,13849552.57424842
2017-09-11 00:00:00+00:00,13849552.57424842
2017-09-12 00:00:00+00:00,13849552.57424842
2017-09-13 00:00:00+00:00,13849552.57424842
2017-09-14 00:00:00+00:00,13849552.57424842
2017-09-15 00:00:00+00:00,13849552.57424842
2017-09-18 00:00:00+00:00,13849552.57424842
2017-09-19 00:00:00+00:00,13849552.57424842
2017-09-20 00:00:00+00:00,13849552.57424842
2017-09-21 00:00:00+00:00,13849552.57424842
2017-09-22 00:00:00+00:00,13849552.57424842
2017-09-25 00:00:00+00:00,13849552.57424842
2017-09-26 00:00:00+00:00,13849552.57424842
2017-09-27 00:00:00+00:00,13849552.57424842
2017-09-28 00:00:00+00:00,13849552.57424842
2017-09-29 00:00:00+00:00,13849552.57424842
2017-10-02 00:00:00+00:00,13849552.57424842
2017-10-03 00:00:00+00:00,13849552.57424842
2017-10-04 00:00:00+00:00,13849552.57424842
2017-10-05 00:00:00+00:00,13849552.57424842
2017-10-06 00:00:00+00:00,13849552.57424842
2017-10-09 00:00:00+00:00,13849552.57424842
2017-10-10 00:00:00+00:00,13849552.57424842
2017-10-11 00:00:00+00:00,13849552.57424842
2017-10-12 00:00:00+00:00,13849552.57424842
2017-10-13 00:00:00+00:00,13849552.57424842
2017-10-16 00:00:00+00:00,13849552.57424842
2017-10-17 00:00:00+00:00,13849552.57424842
2017-10-18 00:00:00+00:00,13849552.57424842
2017-10-19 00:00:00+00:00,13849552.57424842
2017-10-20 00:00:00+00:00,13849552.57424842
2017-10-23 00:00:00+00:00,13849552.57424842
2017-10-24 00:00:00+00:00,13849552.57424842
2017-10-25 00:00:00+00:00,13849552.57424842
2017-10-26 00:00:00+00:00,13849552.57424842
2017-10-27 00:00:00+00:00,13849552.57424842
2017-10-30 00:00:00+00:00,13849552.57424842
2017-10-31 00:00:00+00:00,13849552.57424842
2017-11-01 00:00:00+00:00,13849552.57424842
2017-11-02 00:00:00+00:00,13849552.57424842
2017-11-03 00:00:00+00:00,13849552.57424842
2017-11-06 00:00:00+00:00,13849552.57424842
2017-11-07 00:00:00+00:00,13849552.57424842
2017-11-08 00:00:00+00:00,13849552.57424842
2017-11-09 00:00:00+00:00,13849552.57424842
2017-11-10 00:00:00+00:00,13849552.57424842
2017-11-13 00:00:00+00:00,13849552.57424842
2017-11-14 00:00:00+00:00,13849552.57424842
2017-11-15 00:00:00+00:00,13849552.57424842
2017-11-16 00:00:00+00:00,13849552.57424842
2017-11-17 00:00:00+00:00,13849552.57424842
2017-11-20 00:00:00+00:00,13849552.57424842
2017-11-21 00:00:00+00:00,13849552.57424842
2017-11-22 00:00:00+00:00,13849552.57424842
2017-11-23 00:00:00+00:00,13849552.57424842
2017-11-24 00:00:00+00:00,13849552.57424842
2017-11-27 00:00:00+00:00,13849552.57424842
2017-11-28 00:00:00+00:00,13849552.57424842
2017-11-29 00:00:00+00:00,13849552.57424842
2017-11-30 00:00:00+00:00,13849552.57424842
2017-12-01 00:00:00+00:00,13849552.57424842
2017-12-04 00:00:00+00:00,13849552.57424842
2017-12-05 00:00:00+00:00,13849552.57424842
2017-12-06 00:00:00+00:00,13849552.57424842
2017-12-07 00:00:00+00:00,13849552.57424842
2017-12-08 00:00:00+00:00,13849552.57424842
2017-12-11 00:00:00+00:00,13849552.57424842
2017-12-12 00:00:00+00:00,13849552.57424842
2017-12-13 00:00:00+00:00,13849552.57424842
2017-12-14 00:00:00+00:00,13849552.57424842
2017-12-15 00:00:00+00:00,13849552.57424842
2017-12-18 00:00:00+00:00,13849552.57424842
2017-12-19 00:00:00+00:00,13849552.57424842
2017-12-20 00:00:00+00:00,13849552.57424842
2017-12-21 00:00:00+00:00,13849552.57424842
2017-12-22 00:00:00+00:00,13849552.57424842
2017-12-26 00:00:00+00:00,13849552.57424842
2017-12-27 00:00:00+00:00,13849552.57424842
2017-12-28 00:00:00+00:00,13849552.57424842
2017-12-29 00:00:00+00:00,13849552.57424842
2018-01-01 00:00:00+00:00,13849552.57424842
2018-01-02 00:00:00+00:00,13849552.57424842
2018-01-03 00:00:00+00:00,13849552.57424842
2018-01-04 00:00:00+00:00,13849552.57424842
2018-01-05 00:00:00+00:00,13849552.57424842
2018-01-08 00:00:00+00:00,13849552.57424842
2018-01-09 00:00:00+00:00,13849552.57424842
2018-01-10 00:00:00+00:00,13849552.57424842
2018-01-11 00:00:00+00:00,13849552.57424842
2018-01-12 00:00:00+00:00,13849552.57424842
2018-01-15 00:00:00+00:00,13849552.57424842
2018-01-16 00:00:00+00:00,13849552.57424842
2018-01-17 00:00:00+00:00,13849552.57424842
2018-01-18 00:00:00+00:00,13849552.57424842
2018-01-19 00:00:00+00:00,13849552.57424842
2018-01-22 00:00:00+00:00,13849552.57424842
2018-01-23 00:00:00+00:00,13849552.57424842
2018-01-24 00:00:00+00:00,13849552.57424842
2018-01-25 00:00:00+00:00,13849552.57424842
2018-01-26 00:00:00+00:00,13849552.57424842
2018-01-29 00:00:00+00:00,13849552.57424842
2018-01-30 00:00:00+00:00,13849552.57424842
2018-01-31 00:00:00+00:00,13849552.57424842
2018-02-01 00:00:00+00:00,13849552.57424842
2018-02-02 00:00:00+00:00,13849552.57424842
2018-02-05 00:00:00+00:00,13849552.57424842
2018-02-06 00:00:00+00:00,13849552.57424842
2018-02-07 00:00:00+00:00,13849552.57424842
2018-02-08 00:00:00+00:00,13849552.57424842
2018-02-09 00:00:00+00:00,13849552.57424842
2018-02-12 00:00:00+00:00,13849552.57424842
2018-02-13 00:00:00+00:00,13849552.57424842
2018-02-14 00:00:00+00:00,13849552.57424842
2018-02-15 00:00:00+00:00,13849552.57424842
2018-02-16 00:00:00+00:00,13849552.57424842
2018-02-19 00:00:00+00:00,13849552.57424842
2018-02-20 00:00:00+00:00,13849552.57424842
2018-02-21 00:00:00+00:00,13849552.57424842
2018-02-22 00:00:00+00:00,13849552.57424842
2018-02-23 00:00:00+00:00,13849552.57424842
2018-02-26 00:00:00+00:00,13849552.57424842
2018-02-27 00:00:00+00:00,13849552.57424842
2018-02-28 00:00:00+00:00,13849552.57424842
2018-03-01 00:00:00+00:00,13849552.57424842
2018-03-02 00:00:00+00:00,13849552.57424842
2018-03-05 00:00:00+00:00,13849552.57424842
2018-03-06 00:00:00+00:00,13849552.57424842
2018-03-07 00:00:00+00:00,13849552.57424842
2018-03-08 00:00:00+00:00,13849552.57424842
2018-03-09 00:00:00+00:00,13849552.57424842
2018-03-12 00:00:00+00:00,13849552.57424842
2018-03-13 00:00:00+00:00,13849552.57424842
2018-03-14 00:00:00+00:00,13849552.57424842
2018-03-15 00:00:00+00:00,13849552.57424842
2018-03-16 00:00:00+00:00,13849552.57424842
2018-03-19 00:00:00+00:00,13849552.57424842
2018-03-20 00:00:00+00:00,13849552.57424842
2018-03-21 00:00:00+00:00,13849552.57424842
2018-03-22 00:00:00+00:00,13849552.57424842
2018-03-23 00:00:00+00:00,13849552.57424842
2018-03-26 00:00:00+00:00,13849552.57424842
2018-03-27 00:00:00+00:00,13849552.57424842
2018-03-28 00:00:00+00:00,13849552.57424842
2018-03-29 00:00:00+00:00,13849552.57424842
2018-04-02 00:00:00+00:00,13849552.57424842
2018-04-03 00:00:00+00:00,13849552.57424842
2018-04-04 00:00:00+00:00,13849552.57424842
2018-04-05 00:00:00+00:00,13849552.57424842
2018-04-06 00:00:00+00:00,13849552.57424842
2018-04-09 00:00:00+00:00,13849552.57424842
2018-04-10 00:00:00+00:00,13849552.57424842
2018-04-11 00:00:00+00:00,13849552.57424842
2018-04-12 00:00:00+00:00,13849552.57424842
2018-04-13 00:00:00+00:00,13849552.57424842
2018-04-16 00:00:00+00:00,13849552.57424842
2018-04-17 00:00:00+00:00,13849552.57424842
2018-04-18 00:00:00+00:00,13849552.57424842
2018-04-19 00:00:00+00:00,13849552.57424842
2018-04-20 00:00:00+00:00,13849552.57424842
2018-04-23 00:00:00+00:00,13849552.57424842
2018-04-24 00:00:00+00:00,13849552.57424842
2018-04-25 00:00:00+00:00,13849552.57424842
2018-04-26 00:00:00+00:00,13849552.57424842
2018-04-27 00:00:00+00:00,13849552.57424842
2018-04-30 00:00:00+00:00,13849552.57424842
2018-05-01 00:00:00+00:00,13849552.57424842
2018-05-02 00:00:00+00:00,13849552.57424842
2018-05-03 00:00:00+00:00,13849552.57424842
2018-05-04 00:00:00+00:00,13849552.57424842
2018-05-07 00:00:00+00:00,13849552.57424842
2018-05-08 00:00:00+00:00,13849552.57424842
2018-05-09 00:00:00+00:00,13849552.57424842
2018-05-10 00:00:00+00:00,13849552.57424842
2018-05-11 00:00:00+00:00,13849552.57424842
2018-05-14 00:00:00+00:00,13849552.57424842
2018-05-15 00:00:00+00:00,13849552.57424842
2018-05-16 00:00:00+00:00,13849552.57424842
2018-05-17 00:00:00+00:00,13849552.57424842
2018-05-18 00:00:00+00:00,13849552.57424842
2018-05-21 00:00:00+00:00,13849552.57424842
2018-05-22 00:00:00+00:00,13849552.57424842
2018-05-23 00:00:00+00:00,13849552.57424842
2018-05-24 00:00:00+00:00,13849552.57424842
2018-05-25 00:00:00+00:00,13849552.57424842
2018-05-28 00:00:00+00:00,13849552.57424842
2018-05-29 00:00:00+00:00,13849552.57424842
2018-05-30 00:00:00+00:00,13849552.57424842
2018-05-31 00:00:00+00:00,13849552.57424842
2018-06-01 00:00:00+00:00,13849552.57424842
2018-06-04 00:00:00+00:00,13849552.57424842
2018-06-05 00:00:00+00:00,13849552.57424842
2018-06-06 00:00:00+00:00,13849552.57424842
2018-06-07 00:00:00+00:00,13849552.57424842
2018-06-08 00:00:00+00:00,13849552.57424842
2018-06-11 00:00:00+00:00,13849552.57424842
2018-06-12 00:00:00+00:00,13849552.57424842
2018-06-13 00:00:00+00:00,13849552.57424842
2018-06-14 00:00:00+00:00,13849552.57424842
2018-06-15 00:00:00+00:00,13849552.57424842
2018-06-18 00:00:00+00:00,13849552.57424842
2018-06-19 00:00:00+00:00,13849552.57424842
2018-06-20 00:00:00+00:00,13849552.57424842
2018-06-21 00:00:00+00:00,13849552.57424842
2018-06-22 00:00:00+00:00,13849552.57424842
2018-06-25 00:00:00+00:00,13849552.57424842
2018-06-26 00:00:00+00:00,13849552.57424842
2018-06-27 00:00:00+00:00,13849552.57424842
2018-06-28 00:00:00+00:00,13849552.57424842
2018-06-29 00:00:00+00:00,13849552.57424842
2018-07-02 00:00:00+00:00,13849552.57424842
2018-07-03 00:00:00+00:00,13849552.57424842
2018-07-04 00:00:00+00:00,13849552.57424842
2018-07-05 00:00:00+00:00,13849552.57424842
2018-07-06 00:00:00+00:00,13849552.57424842
2018-07-09 00:00:00+00:00,13849552.57424842
2018-07-10 00:00:00+00:00,13849552.57424842
2018-07-11 00:00:00+00:00,13849552.57424842
2018-07-12 00:00:00+00:00,13849552.57424842
2018-07-13 00:00:00+00:00,13849552.57424842
2018-07-16 00:00:00+00:00,13849552.57424842
2018-07-17 00:00:00+00:00,13849552.57424842
2018-07-18 00:00:00+00:00,13849552.57424842
2018-07-19 00:00:00+00:00,13849552.57424842
2018-07-20 00:00:00+00:00,13849552.57424842
2018-07-23 00:00:00+00:00,13849552.57424842
2018-07-24 00:00:00+00:00,13849552.57424842
2018-07-25 00:00:00+00:00,13849552.57424842
2018-07-26 00:00:00+00:00,13849552.57424842
2018-07-27 00:00:00+00:00,13849552.57424842
2018-07-30 00:00:00+00:00,13849552.57424842
2018-07-31 00:00:00+00:00,13849552.57424842
2018-08-01 00:00:00+00:00,13849552.57424842
2018-08-02 00:00:00+00:00,13849552.57424842
2018-08-03 00:00:00+00:00,13849552.57424842
2018-08-06 00:00:00+00:00,13849552.57424842
2018-08-07 00:00:00+00:00,13849552.57424842
2018-08-08 00:00:00+00:00,13849552.57424842
2018-08-09 00:00:00+00:00,13849552.57424842
2018-08-10 00:00:00+00:00,13849552.57424842
2018-08-13 00:00:00+00:00,13849552.57424842
2018-08-14 00:00:00+00:00,13849552.57424842
2018-08-15 00:00:00+00:00,13849552.57424842
2018-08-16 00:00:00+00:00,13849552.57424842
2018-08-17 00:00:00+00:00,13849552.57424842
2018-08-20 00:00:00+00:00,13849552.57424842
2018-08-21 00:00:00+00:00,13849552.57424842
2018-08-22 00:00:00+00:00,13849552.57424842
2018-08-23 00:00:00+00:00,13849552.57424842
2018-08-24 00:00:00+00:00,13849552.57424842
2018-08-27 00:00:00+00:00,13849552.57424842
2018-08-28 00:00:00+00:00,13849552.57424842
2018-08-29 00:00:00+00:00,13849552.57424842
2018-08-30 00:00:00+00:00,13849552.57424842
2018-08-31 00:00:00+00:00,13849552.57424842
2018-09-03 00:00:00+00:00,13849552.57424842
2018-09-04 00:00:00+00:00,13849552.57424842
2018-09-05 00:00:00+00:00,13849552.57424842
2018-09-06 00:00:00+00:00,13849552.57424842
2018-09-07 00:00:00+00:00,13849552.57424842
2018-09-10 00:00:00+00:00,13849552.57424842
2018-09-11 00:00:00+00:00,13849552.57424842
2018-09-12 00:00:00+00:00,13849552.57424842
2018-09-13 00:00:00+00:00,13849552.57424842
2018-09-14 00:00:00+00:00,13849552.57424842
2018-09-17 00:00:00+00:00,13849552.57424842
2018-09-18 00:00:00+00:00,13849552.57424842
2018-09-19 00:00:00+00:00,13849552.57424842
2018-09-20 00:00:00+00:00,13849552.57424842
2018-09-21 00:00:00+00:00,13849552.57424842
2018-09-24 00:00:00+00:00,13849552.57424842
2018-09-25 00:00:00+00:00,13849552.57424842
2018-09-26 00:00:00+00:00,13849552.57424842
2018-09-27 00:00:00+00:00,13849552.57424842
2018-09-28 00:00:00+00:00,13849552.57424842
2018-10-01 00:00:00+00:00,13849552.57424842
2018-10-02 00:00:00+00:00,13849552.57424842
2018-10-03 00:00:00+00:00,13849552.57424842
2018-10-04 00:00:00+00:00,13849552.57424842
2018-10-05 00:00:00+00:00,13849552.57424842
2018-10-08 00:00:00+00:00,13849552.57424842
2018-10-09 00:00:00+00:00,13849552.57424842
2018-10-10 00:00:00+00:00,13849552.57424842
2018-10-11 00:00:00+00:00,13849552.57424842
2018-10-12 00:00:00+00:00,13849552.57424842
2018-10-15 00:00:00+00:00,13849552.57424842
2018-10-16 00:00:00+00:00,13849552.57424842
2018-10-17 00:00:00+00:00,13849552.57424842
2018-10-18 00:00:00+00:00,13849552.57424842
2018-10-19 00:00:00+00:00,13849552.57424842
2018-10-22 00:00:00+00:00,13849552.57424842
2018-10-23 00:00:00+00:00,13849552.57424842
2018-10-24 00:00:00+00:00,13849552.57424842
2018-10-25 00:00:00+00:00,13849552.57424842
2018-10-26 00:00:00+00:00,13849552.57424842
2018-10-29 00:00:00+00:00,13849552.57424842
2018-10-30 00:00:00+00:00,13849552.57424842
2018-10-31 00:00:00+00:00,13849552.57424842
2018-11-01 00:00:00+00:00,13849552.57424842
2018-11-02 00:00:00+00:00,13849552.57424842
2018-11-05 00:00:00+00:00,13849552.57424842
2018-11-06 00:00:00+00:00,13849552.57424842
2018-11-07 00:00:00+00:00,13849552.57424842
2018-11-08 00:00:00+00:00,13849552.57424842
2018-11-09 00:00:00+00:00,13849552.57424842
2018-11-12 00:00:00+00:00,13849552.57424842
2018-11-13 00:00:00+00:00,13849552.57424842
2018-11-14 00:00:00+00:00,13849552.57424842
2018-11-15 00:00:00+00:00,13849552.57424842
2018-11-16 00:00:00+00:00,13849552.57424842
2018-11-19 00:00:00+00:00,13849552.57424842
2018-11-20 00:00:00+00:00,13849552.57424842
2018-11-21 00:00:00+00:00,13849552.57424842
2018-11-22 00:00:00+00:00,13849552.57424842
2018-11-23 00:00:00+00:00,13849552.57424842
2018-11-26 00:00:00+00:00,13849552.57424842
2018-11-27 00:00:00+00:00,13849552.57424842
2018-11-28 00:00:00+00:00,13849552.57424842
2018-11-29 00:00:00+00:00,13849552.57424842
2018-11-30 00:00:00+00:00,13849552.57424842
2018-12-03 00:00:00+00:00,13849552.57424842
2018-12-04 00:00:00+00:00,13849552.57424842
2018-12-05 00:00:00+00:00,13849552.57424842
2018-12-06 00:00:00+00:00,13849552.57424842
2018-12-07 00:00:00+00:00,13849552.57424842
2018-12-10 00:00:00+00:00,13849552.57424842
2018-12-11 00:00:00+00:00,13849552.57424842
2018-12-12 00:00:00+00:00,13849552.57424842
2018-12-13 00:00:00+00:00,13849552.57424842
2018-12-14 00:00:00+00:00,13849552.57424842
2018-12-17 00:00:00+00:00,13849552.57424842
2018-12-18 00:00:00+00:00,13849552.57424842
2018-12-19 00:00:00+00:00,13849552.57424842
2018-12-20 00:00:00+00:00,13849552.57424842
2018-12-21 00:00:00+00:00,13849552.57424842
2018-12-24 00:00:00+00:00,13849552.57424842
2018-12-26 00:00:00+00:00,13849552.57424842
2018-12-27 00:00:00+00:00,13849552.57424842
2018-12-28 00:00:00+00:00,13849552.57424842
2018-12-31 00:00:00+00:00,13849552.57424842
2019-01-01 00:00:00+00:00,13849552.57424842
2019-01-02 00:00:00+00:00,13849552.57424842
2019-01-03 00:00:00+00:00,13849552.57424842
2019-01-04 00:00:00+00:00,13849552.57424842
2019-01-07 00:00:00+00:00,13849552.57424842
2019-01-08 00:00:00+00:00,13849552.57424842
2019-01-09 00:00:00+00:00,13849552.57424842
2019-01-10 00:00:00+00:00,13849552.57424842
2019-01-11 00:00:00+00:00,13849552.57424842
2019-01-14 00:00:00+00:00,13849552.57424842
2019-01-15 00:00:00+00:00,13849552.57424842
2019-01-16 00:00:00+00:00,13849552.57424842
2019-01-17 00:00:00+00:00,13849552.57424842
2019-01-18 00:00:00+00:00,13849552.57424842
2019-01-21 00:00:00+00:00,13849552.57424842
2019-01-22 00:00:00+00:00,13849552.57424842
2019-01-23 00:00:00+00:00,13849552.57424842
2019-01-24 00:00:00+00:00,13849552.57424842
2019-01-25 00:00:00+00:00,13849552.57424842
2019-01-28 00:00:00+00:00,13849552.57424842
2019-01-29 00:00:00+00:00,13849552.57424842
2019-01-30 00:00:00+00:00,13849552.57424842
2019-01-31 00:00:00+00:00,13849552.57424842
2019-02-01 00:00:00+00:00,13849552.57424842
2019-02-04 00:00:00+00:00,13849552.57424842
2019-02-05 00:00:00+00:00,13849552.57424842
2019-02-06 00:00:00+00:00,13849552.57424842
2019-02-07 00:00:00+00:00,13849552.57424842
2019-02-08 00:00:00+00:00,13849552.57424842
2019-02-11 00:00:00+00:00,13849552.57424842
2019-02-12 00:00:00+00:00,13849552.57424842
2019-02-13 00:00:00+00:00,13849552.57424842
2019-02-14 00:00:00+00:00,13849552.57424842
2019-02-15 00:00:00+00:00,13849552.57424842
2019-02-18 00:00:00+00:00,13849552.57424842
2019-02-19 00:00:00+00:00,13849552.57424842
2019-02-20 00:00:00+00:00,13849552.57424842
2019-02-21 00:00:00+00:00,13849552.57424842
2019-02-22 00:00:00+00:00,13849552.57424842
2019-02-25 00:00:00+00:00,13849552.57424842
2019-02-26 00:00:00+00:00,13849552.57424842
2019-02-27 00:00:00+00:00,13849552.57424842
2019-02-28 00:00:00+00:00,13849552.57424842
2019-03-01 00:00:00+00:00,13849552.57424842
2019-03-04 00:00:00+00:00,13849552.57424842
2019-03-05 00:00:00+00:00,13849552.57424842
2019-03-06 00:00:00+00:00,13849552.57424842
2019-03-07 00:00:00+00:00,13849552.57424842
2019-03-08 00:00:00+00:00,13849552.57424842
2019-03-11 00:00:00+00:00,13849552.57424842
2019-03-12 00:00:00+00:00,13849552.57424842
2019-03-13 00:00:00+00:00,13849552.57424842
2019-03-14 00:00:00+00:00,13849552.57424842
2019-03-15 00:00:00+00:00,13849552.57424842
2019-03-18 00:00:00+00:00,13849552.57424842
2019-03-19 00:00:00+00:00,13849552.57424842
2019-03-20 00:00:00+00:00,13849552.57424842
2019-03-21 00:00:00+00:00,13849552.57424842
2019-03-22 00:00:00+00:00,13849552.57424842
2019-03-25 00:00:00+00:00,13849552.57424842
2019-03-26 00:00:00+00:00,13849552.57424842
2019-03-27 00:00:00+00:00,13849552.57424842
2019-03-28 00:00:00+00:00,13849552.57424842
2019-03-29 00:00:00+00:00,13849552.57424842
2019-04-01 00:00:00+00:00,13849552.57424842
2019-04-02 00:00:00+00:00,13849552.57424842
2019-04-03 00:00:00+00:00,13849552.57424842
2019-04-04 00:00:00+00:00,13849552.57424842
2019-04-05 00:00:00+00:00,13849552.57424842
2019-04-08 00:00:00+00:00,13849552.57424842
2019-04-09 00:00:00+00:00,13849552.57424842
2019-04-10 00:00:00+00:00,13849552.57424842
2019-04-11 00:00:00+00:00,13849552.57424842
2019-04-12 00:00:00+00:00,13849552.57424842
2019-04-15 00:00:00+00:00,13849552.57424842
2019-04-16 00:00:00+00:00,13849552.57424842
2019-04-17 00:00:00+00:00,13849552.57424842
2019-04-18 00:00:00+00:00,13849552.57424842
2019-04-22 00:00:00+00:00,13849552.57424842
2019-04-23 00:00:00+00:00,13849552.57424842
2019-04-24 00:00:00+00:00,13849552.57424842
2019-04-25 00:00:00+00:00,13849552.57424842
2019-04-26 00:00:00+00:00,13849552.57424842
2019-04-29 00:00:00+00:00,13849552.57424842
2019-04-30 00:00:00+00:00,13849552.57424842
2019-05-01 00:00:00+00:00,13849552.57424842
2019-05-02 00:00:00+00:00,13849552.57424842
2019-05-03 00:00:00+00:00,13849552.57424842
2019-05-06 00:00:00+00:00,13849552.57424842
2019-05-07 00:00:00+00:00,13849552.57424842
2019-05-08 00:00:00+00:00,13849552.57424842
2019-05-09 00:00:00+00:00,13849552.57424842
2019-05-10 00:00:00+00:00,13849552.57424842
2019-05-13 00:00:00+00:00,13849552.57424842
2019-05-14 00:00:00+00:00,13849552.57424842
2019-05-15 00:00:00+00:00,13849552.57424842
2019-05-16 00:00:00+00:00,13849552.57424842
2019-05-17 00:00:00+00:00,13849552.57424842
2019-05-20 00:00:00+00:00,13849552.57424842
2019-05-21 00:00:00+00:00,13849552.57424842
2019-05-22 00:00:00+00:00,13849552.57424842
2019-05-23 00:00:00+00:00,13849552.57424842
2019-05-24 00:00:00+00:00,13849552.57424842
2019-05-27 00:00:00+00:00,13849552.57424842
2019-05-28 00:00:00+00:00,13849552.57424842
2019-05-29 00:00:00+00:00,13849552.57424842
2019-05-30 00:00:00+00:00,13849552.57424842
2019-05-31 00:00:00+00:00,13849552.57424842
2019-06-03 00:00:00+00:00,13849552.57424842
2019-06-04 00:00:00+00:00,13849552.57424842
2019-06-05 00:00:00+00:00,13849552.57424842
2019-06-06 00:00:00+00:00,13849552.57424842
2019-06-07 00:00:00+00:00,13849552.57424842
2019-06-10 00:00:00+00:00,13849552.57424842
2019-06-11 00:00:00+00:00,13849552.57424842
2019-06-12 00:00:00+00:00,13849552.57424842
2019-06-13 00:00:00+00:00,13849552.57424842
2019-06-14 00:00:00+00:00,13849552.57424842
2019-06-17 00:00:00+00:00,13849552.57424842
2019-06-18 00:00:00+00:00,13849552.57424842
2019-06-19 00:00:00+00:00,13849552.57424842
2019-06-20 00:00:00+00:00,13849552.57424842
2019-06-21 00:00:00+00:00,13849552.57424842
2019-06-24 00:00:00+00:00,13849552.57424842
2019-06-25 00:00:00+00:00,13849552.57424842
2019-06-26 00:00:00+00:00,13849552.57424842
2019-06-27 00:00:00+00:00,13849552.57424842
2019-06-28 00:00:00+00:00,13849552.57424842
2019-07-01 00:00:00+00:00,13849552.57424842
2019-07-02 00:00:00+00:00,13849552.57424842
2019-07-03 00:00:00+00:00,13849552.57424842
2019-07-04 00:00:00+00:00,13849552.57424842
2019-07-05 00:00:00+00:00,13849552.57424842
2019-07-08 00:00:00+00:00,13849552.57424842
2019-07-09 00:00:00+00:00,13849552.57424842
2019-07-10 00:00:00+00:00,13849552.57424842
2019-07-11 00:00:00+00:00,13849552.57424842
2019-07-12 00:00:00+00:00,13849552.57424842
2019-07-15 00:00:00+00:00,13849552.57424842
2019-07-16 00:00:00+00:00,13849552.57424842
2019-07-17 00:00:00+00:00,13849552.57424842
2019-07-18 00:00:00+00:00,13849552.57424842
2019-07-19 00:00:00+00:00,13849552.57424842
2019-07-22 00:00:00+00:00,13849552.57424842
2019-07-23 00:00:00+00:00,13849552.57424842
2019-07-24 00:00:00+00:00,13849552.57424842
2019-07-25 00:00:00+00:00,13849552.57424842
2019-07-26 00:00:00+00:00,13849552.57424842
2019-07-29 00:00:00+00:00,13849552.57424842
2019-07-30 00:00:00+00:00,13849552.57424842
2019-07-31 00:00:00+00:00,13849552.57424842
2019-08-01 00:00:00+00:00,13849552.57424842
2019-08-02 00:00:00+00:00,13849552.57424842
2019-08-05 00:00:00+00:00,13849552.57424842
2019-08-06 00:00:00+00:00,13849552.57424842
2019-08-07 00:00:00+00:00,13849552.57424842
2019-08-08 00:00:00+00:00,13849552.57424842
2019-08-09 00:00:00+00:00,13849552.57424842
2019-08-12 00:00:00+00:00,13849552.57424842
2019-08-13 00:00:00+00:00,13849552.57424842
2019-08-14 00:00:00+00:00,13849552.57424842
2019-08-15 00:00:00+00:00,13849552.57424842
2019-08-16 00:00:00+00:00,13849552.57424842
2019-08-19 00:00:00+00:00,13849552.57424842
2019-08-20 00:00:00+00:00,13849552.57424842
2019-08-21 00:00:00+00:00,13849552.57424842
2019-08-22 00:00:00+00:00,13849552.57424842
2019-08-23 00:00:00+00:00,13849552.57424842
2019-08-26 00:00:00+00:00,13849552.57424842
2019-08-27 00:00:00+00:00,13849552.57424842
2019-08-28 00:00:00+00:00,13849552.57424842
2019-08-29 00:00:00+00:00,13849552.57424842
2019-08-30 00:00:00+00:00,13849552.57424842
2019-09-03 00:00:00+00:00,13849552.57424842
2019-09-04 00:00:00+00:00,13849552.57424842
2019-09-05 00:00:00+00:00,13849552.57424842
2019-09-06 00:00:00+00:00,13849552.57424842
2019-09-09 00:00:00+00:00,13849552.57424842
2019-09-10 00:00:00+00:00,13849552.57424842
2019-09-11 00:00:00+00:00,13849552.57424842
2019-09-12 00:00:00+00:00,13849552.57424842
2019-09-13 00:00:00+00:00,13849552.57424842
2019-09-16 00:00:00+00:00,13849552.57424842
2019-09-17 00:00:00+00:00,13849552.57424842
2019-09-18 00:00:00+00:00,13849552.57424842
2019-09-19 00:00:00+00:00,13849552.57424842
2019-09-20 00:00:00+00:00,13849552.57424842
2019-09-23 00:00:00+00:00,13849552.57424842
2019-09-24 00:00:00+00:00,13849552.57424842
2019-09-25 00:00:00+00:00,13849552.57424842
2019-09-26 00:00:00+00:00,13849552.57424842
2019-09-27 00:00:00+00:00,13849552.57424842
2019-09-30 00:00:00+00:00,13849552.57424842
2019-10-01 00:00:00+00:00,13849552.57424842
2019-10-02 00:00:00+00:00,13849552.57424842
2019-10-03 00:00:00+00:00,13849552.57424842
2019-10-04 00:00:00+00:00,13849552.57424842
2019-10-07 00:00:00+00:00,13849552.57424842
2019-10-08 00:00:00+00:00,13849552.57424842
2019-10-09 00:00:00+00:00,13849552.57424842
2019-10-10 00:00:00+00:00,13849552.57424842
2019-10-11 00:00:00+00:00,13849552.57424842
2019-10-14 00:00:00+00:00,13849552.57424842
2019-10-15 00:00:00+00:00,13849552.57424842
2019-10-16 00:00:00+00:00,13849552.57424842
2019-10-17 00:00:00+00:00,13849552.57424842
2019-10-18 00:00:00+00:00,13849552.57424842
2019-10-21 00:00:00+00:00,13849552.57424842
2019-10-22 00:00:00+00:00,13849552.57424842
2019-10-23 00:00:00+00:00,13849552.57424842
2019-10-24 00:00:00+00:00,13849552.57424842
2019-10-25 00:00:00+00:00,13849552.57424842
2019-10-27 00:00:00+00:00,13849552.57424842
2019-10-28 00:00:00+00:00,13849552.57424842
2019-10-29 00:00:00+00:00,13849552.57424842
2019-10-30 00:00:00+00:00,13849552.57424842
2019-10-31 00:00:00+00:00,13849552.57424842
2019-11-01 00:00:00+00:00,13849552.57424842
2019-11-04 00:00:00+00:00,13849552.57424842
2019-11-05 00:00:00+00:00,13849552.57424842
2019-11-06 00:00:00+00:00,13849552.57424842
2019-11-07 00:00:00+00:00,13849552.57424842
2019-11-08 00:00:00+00:00,13849552.57424842
2019-11-11 00:00:00+00:00,13849552.57424842
2019-11-12 00:00:00+00:00,13849552.57424842
2019-11-13 00:00:00+00:00,13849552.57424842
2019-11-14 00:00:00+00:00,13849552.57424842
2019-11-15 00:00:00+00:00,13849552.57424842
2019-11-18 00:00:00+00:00,13849552.57424842
2019-11-19 00:00:00+00:00,13849552.57424842
2019-11-20 00:00:00+00:00,13849552.57424842
2019-11-21 00:00:00+00:00,13849552.57424842
2019-11-22 00:00:00+00:00,13849552.57424842
2019-11-25 00:00:00+00:00,13849552.57424842
2019-11-26 00:00:00+00:00,13849552.57424842
2019-11-27 00:00:00+00:00,13849552.57424842
2019-11-28 00:00:00+00:00,13849552.57424842
2019-11-29 00:00:00+00:00,13849552.57424842
2019-12-02 00:00:00+00:00,13849552.57424842
2019-12-03 00:00:00+00:00,13849552.57424842
2019-12-04 00:00:00+00:00,13849552.57424842
2019-12-05 00:00:00+00:00,13849552.57424842
2019-12-06 00:00:00+00:00,13849552.57424842
2019-12-09 00:00:00+00:00,13849552.57424842
2019-12-10 00:00:00+00:00,13849552.57424842
2019-12-11 00:00:00+00:00,13849552.57424842
2019-12-12 00:00:00+00:00,13849552.57424842
2019-12-13 00:00:00+00:00,13849552.57424842
2019-12-16 00:00:00+00:00,13849552.57424842
2019-12-17 00:00:00+00:00,13849552.57424842
2019-12-18 00:00:00+00:00,13849552.57424842
2019-12-19 00:00:00+00:00,13849552.57424842
2019-12-20 00:00:00+00:00,13849552.57424842
2019-12-23 00:00:00+00:00,13849552.57424842
2019-12-24 00:00:00+00:00,13849552.57424842
2019-12-26 00:00:00+00:00,13849552.57424842
2019-12-27 00:00:00+00:00,13849552.57424842
2019-12-30 00:00:00+00:00,13849552.57424842
2019-12-31 00:00:00+00:00,13849552.57424842
2020-01-01 00:00:00+00:00,13849552.57424842
2020-01-02 00:00:00+00:00,13849552.57424842
2020-01-03 00:00:00+00:00,13849552.57424842
2020-01-06 00:00:00+00:00,13849552.57424842
2020-01-07 00:00:00+00:00,13849552.57424842
2020-01-08 00:00:00+00:00,13849552.57424842
2020-01-09 00:00:00+00:00,13849552.57424842
2020-01-10 00:00:00+00:00,13849552.57424842
2020-01-13 00:00:00+00:00,13849552.57424842
2020-01-14 00:00:00+00:00,13849552.57424842
2020-01-15 00:00:00+00:00,13849552.57424842
2020-01-16 00:00:00+00:00,13849552.57424842
2020-01-17 00:00:00+00:00,13849552.57424842
2020-01-20 00:00:00+00:00,13849552.57424842
2020-01-21 00:00:00+00:00,13849552.57424842
2020-01-22 00:00:00+00:00,13849552.57424842
2020-01-23 00:00:00+00:00,13849552.57424842
2020-01-24 00:00:00+00:00,13849552.57424842
2020-01-27 00:00:00+00:00,13849552.57424842
2020-01-28 00:00:00+00:00,13849552.57424842
2020-01-29 00:00:00+00:00,13849552.57424842
2020-01-30 00:00:00+00:00,13849552.57424842
2020-01-31 00:00:00+00:00,13849552.57424842
2020-02-03 00:00:00+00:00,13849552.57424842
2020-02-04 00:00:00+00:00,13849552.57424842
2020-02-05 00:00:00+00:00,13849552.57424842
2020-02-06 00:00:00+00:00,13849552.57424842
2020-02-07 00:00:00+00:00,13849552.57424842
2020-02-10 00:00:00+00:00,13849552.57424842
2020-02-11 00:00:00+00:00,13849552.57424842
2020-02-12 00:00:00+00:00,13849552.57424842
2020-02-13 00:00:00+00:00,13849552.57424842
2020-02-14 00:00:00+00:00,13849552.57424842
2020-02-17 00:00:00+00:00,13849552.57424842
2020-02-18 00:00:00+00:00,13849552.57424842
2020-02-19 00:00:00+00:00,13849552.57424842
2020-02-20 00:00:00+00:00,13849552.57424842
2020-02-21 00:00:00+00:00,13849552.57424842
2020-02-24 00:00:00+00:00,13849552.57424842
2020-02-25 00:00:00+00:00,13849552.57424842
2020-02-26 00:00:00+00:00,13849552.57424842
2020-02-27 00:00:00+00:00,13849552.57424842
2020-02-28 00:00:00+00:00,13849552.57424842
2020-03-02 00:00:00+00:00,13849552.57424842
2020-03-03 00:00:00+00:00,13849552.57424842
2020-03-04 00:00:00+00:00,13849552.57424842
2020-03-05 00:00:00+00:00,13849552.57424842
2020-03-06 00:00:00+00:00,13849552.57424842
2020-03-09 00:00:00+00:00,13849552.57424842
2020-03-10 00:00:00+00:00,13849552.57424842
2020-03-11 00:00:00+00:00,13849552.57424842
2020-03-12 00:00:00+00:00,13849552.57424842
2020-03-13 00:00:00+00:00,13849552.57424842
2020-03-16 00:00:00+00:00,13849552.57424842
2020-03-17 00:00:00+00:00,13849552.57424842
2020-03-18 00:00:00+00:00,13849552.57424842
2020-03-19 00:00:00+00:00,13849552.57424842
2020-03-20 00:00:00+00:00,13849552.57424842
2020-03-23 00:00:00+00:00,13849552.57424842
2020-03-24 00:00:00+00:00,13849552.57424842
2020-03-25 00:00:00+00:00,13849552.57424842
2020-03-26 00:00:00+00:00,13849552.57424842
2020-03-27 00:00:00+00:00,13849552.57424842
2020-03-30 00:00:00+00:00,13849552.57424842
2020-03-31 00:00:00+00:00,13849552.57424842
2020-04-01 00:00:00+00:00,13849552.57424842
2020-04-02 00:00:00+00:00,13849552.57424842
2020-04-03 00:00:00+00:00,13849552.57424842
2020-04-06 00:00:00+00:00,13849552.57424842
2020-04-07 00:00:00+00:00,13849552.57424842
2020-04-08 00:00:00+00:00,13849552.57424842
2020-04-09 00:00:00+00:00,13849552.57424842
2020-04-13 00:00:00+00:00,13849552.57424842
2020-04-14 00:00:00+00:00,13849552.57424842
2020-04-15 00:00:00+00:00,13849552.57424842
2020-04-16 00:00:00+00:00,13849552.57424842
2020-04-17 00:00:00+00:00,13849552.57424842
2020-04-20 00:00:00+00:00,13849552.57424842
2020-04-21 00:00:00+00:00,13849552.57424842
2020-04-22 00:00:00+00:00,13849552.57424842
2020-04-23 00:00:00+00:00,13849552.57424842
2020-04-24 00:00:00+00:00,13849552.57424842
2020-04-27 00:00:00+00:00,13849552.57424842
2020-04-28 00:00:00+00:00,13849552.57424842
2020-04-29 00:00:00+00:00,13849552.57424842
2020-04-30 00:00:00+00:00,13849552.57424842
2020-05-01 00:00:00+00:00,13849552.57424842
2020-05-04 00:00:00+00:00,13849552.57424842
2020-05-05 00:00:00+00:00,13849552.57424842
2020-05-06 00:00:00+00:00,13849552.57424842
2020-05-07 00:00:00+00:00,13849552.57424842
2020-05-08 00:00:00+00:00,13849552.57424842
2020-05-11 00:00:00+00:00,13849552.57424842
2020-05-12 00:00:00+00:00,13849552.57424842
2020-05-13 00:00:00+00:00,13849552.57424842
2020-05-14 00:00:00+00:00,13849552.57424842
2020-05-15 00:00:00+00:00,13849552.57424842
2020-05-18 00:00:00+00:00,13849552.57424842
2020-05-19 00:00:00+00:00,13849552.57424842
2020-05-20 00:00:00+00:00,13849552.57424842
2020-05-21 00:00:00+00:00,13849552.57424842
2020-05-22 00:00:00+00:00,13849552.57424842
2020-05-26 00:00:00+00:00,13849552.57424842
2020-05-27 00:00:00+00:00,13849552.57424842
2020-05-28 00:00:00+00:00,13849552.57424842
2020-05-29 00:00:00+00:00,13849552.57424842
2020-06-01 00:00:00+00:00,13849552.57424842
2020-06-02 00:00:00+00:00,13849552.57424842
2020-06-03 00:00:00+00:00,13849552.57424842
2020-06-04 00:00:00+00:00,13849552.57424842
2020-06-05 00:00:00+00:00,13849552.57424842
2020-06-08 00:00:00+00:00,13849552.57424842
2020-06-09 00:00:00+00:00,13849552.57424842
2020-06-10 00:00:00+00:00,13849552.57424842
2020-06-11 00:00:00+00:00,13849552.57424842
2020-06-12 00:00:00+00:00,13849552.57424842
2020-06-15 00:00:00+00:00,13849552.57424842
2020-06-16 00:00:00+00:00,13849552.57424842
2020-06-17 00:00:00+00:00,13849552.57424842
2020-06-18 00:00:00+00:00,13849552.57424842
2020-06-19 00:00:00+00:00,13849552.57424842
2020-06-22 00:00:00+00:00,13849552.57424842
2020-06-23 00:00:00+00:00,13849552.57424842
2020-06-24 00:00:00+00:00,13849552.57424842
2020-06-25 00:00:00+00:00,13849552.57424842
2020-06-26 00:00:00+00:00,13849552.57424842
2020-06-29 00:00:00+00:00,13849552.57424842
2020-06-30 00:00:00+00:00,13849552.57424842
2020-07-01 00:00:00+00:00,13849552.57424842
2020-07-02 00:00:00+00:00,13849552.57424842
2020-07-03 00:00:00+00:00,13849552.57424842
2020-07-06 00:00:00+00:00,13849552.57424842
2020-07-07 00:00:00+00:00,13849552.57424842
2020-07-08 00:00:00+00:00,13849552.57424842
2020-07-09 00:00:00+00:00,13849552.57424842
2020-07-10 00:00:00+00:00,13849552.57424842
2020-07-13 00:00:00+00:00,13849552.57424842
2020-07-14 00:00:00+00:00,13849552.57424842
2020-07-15 00:00:00+00:00,13849552.57424842
2020-07-16 00:00:00+00:00,13849552.57424842
2020-07-17 00:00:00+00:00,13849552.57424842
2020-07-20 00:00:00+00:00,13849552.57424842
2020-07-21 00:00:00+00:00,13849552.57424842
2020-07-22 00:00:00+00:00,13849552.57424842
2020-07-23 00:00:00+00:00,13849552.57424842
2020-07-24 00:00:00+00:00,13849552.57424842
2020-07-27 00:00:00+00:00,13849552.57424842
2020-07-28 00:00:00+00:00,13849552.57424842
2020-07-29 00:00:00+00:00,13849552.57424842
2020-07-30 00:00:00+00:00,13849552.57424842
2020-07-31 00:00:00+00:00,13849552.57424842
2020-08-03 00:00:00+00:00,13849552.57424842
2020-08-04 00:00:00+00:00,13849552.57424842
2020-08-05 00:00:00+00:00,13849552.57424842
2020-08-06 00:00:00+00:00,13849552.57424842
2020-08-07 00:00:00+00:00,13849552.57424842
2020-08-10 00:00:00+00:00,13849552.57424842
2020-08-11 00:00:00+00:00,13849552.57424842
2020-08-12 00:00:00+00:00,13849552.57424842
2020-08-13 00:00:00+00:00,13849552.57424842
2020-08-14 00:00:00+00:00,13849552.57424842
2020-08-17 00:00:00+00:00,13849552.57424842
2020-08-18 00:00:00+00:00,13849552.57424842
2020-08-19 00:00:00+00:00,13849552.57424842
2020-08-20 00:00:00+00:00,13849552.57424842
2020-08-21 00:00:00+00:00,13849552.57424842
2020-08-24 00:00:00+00:00,13849552.57424842
2020-08-25 00:00:00+00:00,13849552.57424842
2020-08-26 00:00:00+00:00,13849552.57424842
2020-08-27 00:00:00+00:00,13849552.57424842
2020-08-28 00:00:00+00:00,13849552.57424842
2020-08-31 00:00:00+00:00,13849552.57424842
2020-09-01 00:00:00+00:00,13849552.57424842
2020-09-02 00:00:00+00:00,13849552.57424842
2020-09-03 00:00:00+00:00,13849552.57424842
2020-09-04 00:00:00+00:00,13849552.57424842
2020-09-07 00:00:00+00:00,13849552.57424842
2020-09-08 00:00:00+00:00,13849552.57424842
2020-09-09 00:00:00+00:00,13849552.57424842
2020-09-10 00:00:00+00:00,13849552.57424842
2020-09-11 00:00:00+00:00,13849552.57424842
2020-09-14 00:00:00+00:00,13849552.57424842
2020-09-15 00:00:00+00:00,13849552.57424842
2020-09-16 00:00:00+00:00,13849552.57424842
2020-09-17 00:00:00+00:00,13849552.57424842
2020-09-18 00:00:00+00:00,13849552.57424842
2020-09-21 00:00:00+00:00,13849552.57424842
2020-09-22 00:00:00+00:00,13849552.57424842
2020-09-23 00:00:00+00:00,13849552.57424842
2020-09-24 00:00:00+00:00,13849552.57424842
2020-09-25 00:00:00+00:00,13849552.57424842
2020-09-28 00:00:00+00:00,13849552.57424842
2020-09-29 00:00:00+00:00,13849552.57424842
2020-09-30 00:00:00+00:00,13849552.57424842
2020-10-01 00:00:00+00:00,13849552.57424842
2020-10-02 00:00:00+00:00,13849552.57424842
2020-10-05 00:00:00+00:00,13849552.57424842
2020-10-06 00:00:00+00:00,13849552.57424842
2020-10-07 00:00:00+00:00,13849552.57424842
2020-10-08 00:00:00+00:00,13849552.57424842
2020-10-09 00:00:00+00:00,13849552.57424842
2020-10-12 00:00:00+00:00,13849552.57424842
2020-10-13 00:00:00+00:00,13849552.57424842
2020-10-14 00:00:00+00:00,13849552.57424842
2020-10-15 00:00:00+00:00,13849552.57424842
2020-10-16 00:00:00+00:00,13849552.57424842
2020-10-19 00:00:00+00:00,13849552.57424842
2020-10-20 00:00:00+00:00,13849552.57424842
2020-10-21 00:00:00+00:00,13849552.57424842
2020-10-22 00:00:00+00:00,13849552.57424842
2020-10-23 00:00:00+00:00,13849552.57424842
2020-10-26 00:00:00+00:00,13849552.57424842
2020-10-27 00:00:00+00:00,13849552.57424842
2020-10-28 00:00:00+00:00,13849552.57424842
2020-10-29 00:00:00+00:00,13849552.57424842
2020-10-30 00:00:00+00:00,13849552.57424842
2020-11-02 00:00:00+00:00,13849552.57424842
2020-11-03 00:00:00+00:00,13849552.57424842
2020-11-04 00:00:00+00:00,13849552.57424842
2020-11-05 00:00:00+00:00,13849552.57424842
2020-11-06 00:00:00+00:00,13849552.57424842
2020-11-09 00:00:00+00:00,13849552.57424842
2020-11-10 00:00:00+00:00,13849552.57424842
2020-11-11 00:00:00+00:00,13849552.57424842
2020-11-12 00:00:00+00:00,13849552.57424842
2020-11-13 00:00:00+00:00,13849552.57424842
2020-11-14 00:00:00+00:00,13849552.57424842
2020-11-16 00:00:00+00:00,13849552.57424842
2020-11-17 00:00:00+00:00,13849552.57424842
2020-11-18 00:00:00+00:00,13849552.57424842
2020-11-19 00:00:00+00:00,13849552.57424842
2020-11-20 00:00:00+00:00,13849552.57424842
2020-11-23 00:00:00+00:00,13849552.57424842
2020-11-24 00:00:00+00:00,13849552.57424842
2020-11-25 00:00:00+00:00,13849552.57424842
2020-11-26 00:00:00+00:00,13849552.57424842
2020-11-27 00:00:00+00:00,13849552.57424842
2020-11-30 00:00:00+00:00,13849552.57424842
2020-12-01 00:00:00+00:00,13849552.57424842
2020-12-02 00:00:00+00:00,13849552.57424842
2020-12-03 00:00:00+00:00,13849552.57424842
2020-12-04 00:00:00+00:00,13849552.57424842
2020-12-07 00:00:00+00:00,13849552.57424842
2020-12-08 00:00:00+00:00,13849552.57424842
2020-12-09 00:00:00+00:00,13849552.57424842
2020-12-10 00:00:00+00:00,13849552.57424842
2020-12-11 00:00:00+00:00,13849552.57424842
2020-12-14 00:00:00+00:00,13849552.57424842
2020-12-15 00:00:00+00:00,13849552.57424842
2020-12-16 00:00:00+00:00,13849552.57424842
2020-12-17 00:00:00+00:00,13849552.57424842
2020-12-18 00:00:00+00:00,13849552.57424842
2020-12-21 00:00:00+00:00,13849552.57424842
2020-12-22 00:00:00+00:00,13849552.57424842
2020-12-23 00:00:00+00:00,13849552.57424842
2020-12-24 00:00:00+00:00,13849552.57424842
2020-12-28 00:00:00+00:00,13849552.57424842
2020-12-29 00:00:00+00:00,13849552.57424842
2020-12-30 00:00:00+00:00,13849552.57424842
2020-12-31 00:00:00+00:00,13849552.57424842
2021-01-01 00:00:00+00:00,13849552.57424842
2021-01-04 00:00:00+00:00,13849552.57424842
2021-01-05 00:00:00+00:00,13849552.57424842
2021-01-06 00:00:00+00:00,13849552.57424842
2021-01-07 00:00:00+00:00,13849552.57424842
2021-01-08 00:00:00+00:00,13849552.57424842
2021-01-11 00:00:00+00:00,13849552.57424842
2021-01-12 00:00:00+00:00,13849552.57424842
2021-01-13 00:00:00+00:00,13849552.57424842
2021-01-14 00:00:00+00:00,13849552.57424842
2021-01-15 00:00:00+00:00,13849552.57424842
2021-01-18 00:00:00+00:00,13849552.57424842
2021-01-19 00:00:00+00:00,13849552.57424842
2021-01-20 00:00:00+00:00,13849552.57424842
2021-01-21 00:00:00+00:00,13849552.57424842
2021-01-22 00:00:00+00:00,13849552.57424842
2021-01-25 00:00:00+00:00,13849552.57424842
2021-01-26 00:00:00+00:00,13849552.57424842
2021-01-27 00:00:00+00:00,13849552.57424842
2021-01-28 00:00:00+00:00,13849552.57424842
2021-01-29 00:00:00+00:00,13849552.57424842
2021-02-01 00:00:00+00:00,13849552.57424842
2021-02-02 00:00:00+00:00,13849552.57424842
2021-02-03 00:00:00+00:00,13849552.57424842
2021-02-04 00:00:00+00:00,13849552.57424842
2021-02-05 00:00:00+00:00,13849552.57424842
2021-02-08 00:00:00+00:00,13849552.57424842
2021-02-09 00:00:00+00:00,13849552.57424842
2021-02-10 00:00:00+00:00,13849552.57424842
2021-02-11 00:00:00+00:00,13849552.57424842
2021-02-12 00:00:00+00:00,13849552.57424842
2021-02-15 00:00:00+00:00,13849552.57424842
2021-02-16 00:00:00+00:00,13849552.57424842
2021-02-17 00:00:00+00:00,13849552.57424842
2021-02-18 00:00:00+00:00,13849552.57424842
2021-02-19 00:00:00+00:00,13849552.57424842
2021-02-22 00:00:00+00:00,13849552.57424842
2021-02-23 00:00:00+00:00,13849552.57424842
2021-02-24 00:00:00+00:00,13849552.57424842
2021-02-25 00:00:00+00:00,13849552.57424842
2021-02-26 00:00:00+00:00,13849552.57424842
2021-03-01 00:00:00+00:00,13849552.57424842
2021-03-02 00:00:00+00:00,13849552.57424842
2021-03-03 00:00:00+00:00,13849552.57424842
2021-03-04 00:00:00+00:00,13849552.57424842
2021-03-05 00:00:00+00:00,13849552.57424842
2021-03-08 00:00:00+00:00,13849552.57424842
2021-03-09 00:00:00+00:00,13849552.57424842
2021-03-10 00:00:00+00:00,13849552.57424842
2021-03-11 00:00:00+00:00,13849552.57424842
2021-03-12 00:00:00+00:00,13849552.57424842
2021-03-15 00:00:00+00:00,13849552.57424842
2021-03-16 00:00:00+00:00,13849552.57424842
2021-03-17 00:00:00+00:00,13849552.57424842
2021-03-18 00:00:00+00:00,13849552.57424842
2021-03-19 00:00:00+00:00,13849552.57424842
2021-03-22 00:00:00+00:00,13849552.57424842
2021-03-23 00:00:00+00:00,13849552.57424842
2021-03-24 00:00:00+00:00,13849552.57424842
2021-03-25 00:00:00+00:00,13849552.57424842
2021-03-26 00:00:00+00:00,13849552.57424842
2021-03-29 00:00:00+00:00,13849552.57424842
2021-03-30 00:00:00+00:00,13849552.57424842
2021-03-31 00:00:00+00:00,13849552.57424842
2021-04-01 00:00:00+00:00,13849552.57424842
2021-04-05 00:00:00+00:00,13849552.57424842
2021-04-06 00:00:00+00:00,13849552.57424842
2021-04-07 00:00:00+00:00,13849552.57424842
2021-04-08 00:00:00+00:00,13849552.57424842
2021-04-09 00:00:00+00:00,13849552.57424842
2021-04-12 00:00:00+00:00,13849552.57424842
2021-04-13 00:00:00+00:00,13849552.57424842
2021-04-14 00:00:00+00:00,13849552.57424842
2021-04-15 00:00:00+00:00,13849552.57424842
2021-04-16 00:00:00+00:00,13849552.57424842
2021-04-19 00:00:00+00:00,13849552.57424842
2021-04-20 00:00:00+00:00,13849552.57424842
2021-04-21 00:00:00+00:00,13849552.57424842
2021-04-22 00:00:00+00:00,13849552.57424842
2021-04-23 00:00:00+00:00,13849552.57424842
2021-04-26 00:00:00+00:00,13849552.57424842
2021-04-27 00:00:00+00:00,13849552.57424842
2021-04-28 00:00:00+00:00,13849552.57424842
2021-04-29 00:00:00+00:00,13849552.57424842
2021-04-30 00:00:00+00:00,13849552.57424842
2021-05-03 00:00:00+00:00,13849552.57424842
2021-05-04 00:00:00+00:00,13849552.57424842
2021-05-05 00:00:00+00:00,13849552.57424842
2021-05-06 00:00:00+00:00,13849552.57424842
2021-05-07 00:00:00+00:00,13849552.57424842
2021-05-10 00:00:00+00:00,13849552.57424842
2021-05-11 00:00:00+00:00,13849552.57424842
2021-05-12 00:00:00+00:00,13849552.57424842
2021-05-13 00:00:00+00:00,13849552.57424842
2021-05-14 00:00:00+00:00,13849552.57424842
2021-05-17 00:00:00+00:00,13849552.57424842
2021-05-18 00:00:00+00:00,13849552.57424842
2021-05-19 00:00:00+00:00,13849552.57424842
2021-05-20 00:00:00+00:00,13849552.57424842
2021-05-21 00:00:00+00:00,13849552.57424842
2021-05-24 00:00:00+00:00,13849552.57424842
2021-05-25 00:00:00+00:00,13849552.57424842
2021-05-26 00:00:00+00:00,13849552.57424842
2021-05-27 00:00:00+00:00,13849552.57424842
2021-05-28 00:00:00+00:00,13849552.57424842
2021-05-31 00:00:00+00:00,13849552.57424842
2021-06-01 00:00:00+00:00,13849552.57424842
2021-06-02 00:00:00+00:00,13849552.57424842
2021-06-03 00:00:00+00:00,13849552.57424842
2021-06-04 00:00:00+00:00,13849552.57424842
2021-06-07 00:00:00+00:00,13849552.57424842
2021-06-08 00:00:00+00:00,13849552.57424842
2021-06-09 00:00:00+00:00,13849552.57424842
2021-06-10 00:00:00+00:00,13849552.57424842
2021-06-11 00:00:00+00:00,13849552.57424842
2021-06-14 00:00:00+00:00,13849552.57424842
2021-06-15 00:00:00+00:00,13849552.57424842
2021-06-16 00:00:00+00:00,13849552.57424842
2021-06-17 00:00:00+00:00,13849552.57424842
2021-06-18 00:00:00+00:00,13849552.57424842
2021-06-21 00:00:00+00:00,13849552.57424842
2021-06-22 00:00:00+00:00,13849552.57424842
2021-06-23 00:00:00+00:00,13849552.57424842
2021-06-24 00:00:00+00:00,13849552.57424842
2021-06-25 00:00:00+00:00,13849552.57424842
2021-06-28 00:00:00+00:00,13849552.57424842
2021-06-29 00:00:00+00:00,13849552.57424842
2021-06-30 00:00:00+00:00,13849552.57424842
2021-07-01 00:00:00+00:00,13849552.57424842
2021-07-02 00:00:00+00:00,13849552.57424842
2021-07-05 00:00:00+00:00,13849552.57424842
2021-07-06 00:00:00+00:00,13849552.57424842
2021-07-07 00:00:00+00:00,13849552.57424842
2021-07-08 00:00:00+00:00,13849552.57424842
2021-07-09 00:00:00+00:00,13849552.57424842
2021-07-12 00:00:00+00:00,13849552.57424842
2021-07-13 00:00:00+00:00,13849552.57424842
2021-07-14 00:00:00+00:00,13849552.57424842
2021-07-15 00:00:00+00:00,13849552.57424842
2021-07-16 00:00:00+00:00,13849552.57424842
2021-07-19 00:00:00+00:00,13849552.57424842
2021-07-20 00:00:00+00:00,13849552.57424842
2021-07-21 00:00:00+00:00,13849552.57424842
2021-07-22 00:00:00+00:00,13849552.57424842
2021-07-23 00:00:00+00:00,13849552.57424842
2021-07-26 00:00:00+00:00,13849552.57424842
2021-07-27 00:00:00+00:00,13849552.57424842
2021-07-28 00:00:00+00:00,13849552.57424842
2021-07-29 00:00:00+00:00,13849552.57424842
2021-07-30 00:00:00+00:00,13849552.57424842
2021-08-02 00:00:00+00:00,13849552.57424842
2021-08-03 00:00:00+00:00,13849552.57424842
2021-08-04 00:00:00+00:00,13849552.57424842
2021-08-05 00:00:00+00:00,13849552.57424842
2021-08-06 00:00:00+00:00,13849552.57424842
2021-08-09 00:00:00+00:00,13849552.57424842
2021-08-10 00:00:00+00:00,13849552.57424842
2021-08-11 00:00:00+00:00,13849552.57424842
2021-08-12 00:00:00+00:00,13849552.57424842
2021-08-13 00:00:00+00:00,13849552.57424842
2021-08-16 00:00:00+00:00,13849552.57424842
2021-08-17 00:00:00+00:00,13849552.57424842
2021-08-18 00:00:00+00:00,13849552.57424842
2021-08-19 00:00:00+00:00,13849552.57424842
2021-08-20 00:00:00+00:00,13849552.57424842
2021-08-23 00:00:00+00:00,13849552.57424842
2021-08-24 00:00:00+00:00,13849552.57424842
2021-08-25 00:00:00+00:00,13849552.57424842
2021-08-26 00:00:00+00:00,13849552.57424842
2021-08-27 00:00:00+00:00,13849552.57424842
2021-08-30 00:00:00+00:00,13849552.57424842
2021-08-31 00:00:00+00:00,13849552.57424842
2021-09-01 00:00:00+00:00,13849552.57424842
2021-09-02 00:00:00+00:00,13849552.57424842
2021-09-03 00:00:00+00:00,13849552.57424842
2021-09-06 00:00:00+00:00,13849552.57424842
2021-09-07 00:00:00+00:00,13849552.57424842
2021-09-08 00:00:00+00:00,13849552.57424842
2021-09-09 00:00:00+00:00,13849552.57424842
2021-09-10 00:00:00+00:00,13849552.57424842
2021-09-13 00:00:00+00:00,13849552.57424842
2021-09-14 00:00:00+00:00,13849552.57424842
2021-09-15 00:00:00+00:00,13849552.57424842
2021-09-16 00:00:00+00:00,13849552.57424842
2021-09-17 00:00:00+00:00,13849552.57424842
2021-09-20 00:00:00+00:00,13849552.57424842
2021-09-21 00:00:00+00:00,13849552.57424842
2021-09-22 00:00:00+00:00,13849552.57424842
2021-09-23 00:00:00+00:00,13849552.57424842
2021-09-24 00:00:00+00:00,13849552.57424842
2021-09-27 00:00:00+00:00,13849552.57424842
2021-09-28 00:00:00+00:00,13849552.57424842
2021-09-29 00:00:00+00:00,13849552.57424842
2021-09-30 00:00:00+00:00,13849552.57424842
2021-10-01 00:00:00+00:00,13849552.57424842
2021-10-04 00:00:00+00:00,13849552.57424842
2021-10-05 00:00:00+00:00,13849552.57424842
2021-10-06 00:00:00+00:00,13849552.57424842
2021-10-07 00:00:00+00:00,13849552.57424842
2021-10-08 00:00:00+00:00,13849552.57424842
2021-10-11 00:00:00+00:00,13849552.57424842
2021-10-12 00:00:00+00:00,13849552.57424842
2021-10-13 00:00:00+00:00,13849552.57424842
2021-10-14 00:00:00+00:00,13849552.57424842
2021-10-15 00:00:00+00:00,13849552.57424842
2021-10-18 00:00:00+00:00,13849552.57424842
2021-10-19 00:00:00+00:00,13849552.57424842
2021-10-20 00:00:00+00:00,13849552.57424842
2021-10-21 00:00:00+00:00,13849552.57424842
2021-10-22 00:00:00+00:00,13849552.57424842
2021-10-25 00:00:00+00:00,13849552.57424842
2021-10-26 00:00:00+00:00,13849552.57424842
2021-10-27 00:00:00+00:00,13849552.57424842
2021-10-28 00:00:00+00:00,13849552.57424842
2021-10-29 00:00:00+00:00,13849552.57424842
2021-11-01 00:00:00+00:00,13849552.57424842
2021-11-02 00:00:00+00:00,13849552.57424842
2021-11-03 00:00:00+00:00,13849552.57424842
2021-11-04 00:00:00+00:00,13849552.57424842
2021-11-05 00:00:00+00:00,13849552.57424842
2021-11-08 00:00:00+00:00,13849552.57424842
2021-11-09 00:00:00+00:00,13849552.57424842
2021-11-10 00:00:00+00:00,13849552.57424842
2021-11-11 00:00:00+00:00,13849552.57424842
2021-11-12 00:00:00+00:00,13849552.57424842
2021-11-15 00:00:00+00:00,13849552.57424842
2021-11-16 00:00:00+00:00,13849552.57424842
2021-11-17 00:00:00+00:00,13849552.57424842
2021-11-18 00:00:00+00:00,13849552.57424842
2021-11-19 00:00:00+00:00,13849552.57424842
2021-11-22 00:00:00+00:00,13849552.57424842
2021-11-23 00:00:00+00:00,13849552.57424842
2021-11-24 00:00:00+00:00,13849552.57424842
2021-11-25 00:00:00+00:00,13849552.57424842
2021-11-26 00:00:00+00:00,13849552.57424842
2021-11-29 00:00:00+00:00,13849552.57424842
2021-11-30 00:00:00+00:00,13849552.57424842
2021-12-01 00:00:00+00:00,13849552.57424842
2021-12-02 00:00:00+00:00,13849552.57424842
2021-12-03 00:00:00+00:00,13849552.57424842
2021-12-06 00:00:00+00:00,13849552.57424842
2021-12-07 00:00:00+00:00,13849552.57424842
2021-12-08 00:00:00+00:00,13849552.57424842
2021-12-09 00:00:00+00:00,13849552.57424842
2021-12-10 00:00:00+00:00,13849552.57424842
2021-12-13 00:00:00+00:00,13849552.57424842
2021-12-14 00:00:00+00:00,13849552.57424842
2021-12-15 00:00:00+00:00,13849552.57424842
2021-12-16 00:00:00+00:00,13849552.57424842
2021-12-17 00:00:00+00:00,13849552.57424842
2021-12-20 00:00:00+00:00,13849552.57424842
2021-12-21 00:00:00+00:00,13849552.57424842
2021-12-22 00:00:00+00:00,13849552.57424842
2021-12-23 00:00:00+00:00,13849552.57424842
2021-12-24 00:00:00+00:00,13849552.57424842
2021-12-27 00:00:00+00:00,13849552.57424842
2021-12-28 00:00:00+00:00,13849552.57424842
2021-12-29 00:00:00+00:00,13849552.57424842
2021-12-30 00:00:00+00:00,13849552.57424842
2021-12-31 00:00:00+00:00,13849552.57424842
2022-01-03 00:00:00+00:00,13849552.57424842
2022-01-04 00:00:00+00:00,13849552.57424842
2022-01-05 00:00:00+00:00,13849552.57424842
2022-01-06 00:00:00+00:00,13849552.57424842
2022-01-07 00:00:00+00:00,13849552.57424842
2022-01-10 00:00:00+00:00,13849552.57424842
2022-01-11 00:00:00+00:00,13849552.57424842
2022-01-12 00:00:00+00:00,13849552.57424842
2022-01-13 00:00:00+00:00,13849552.57424842
2022-01-14 00:00:00+00:00,13849552.57424842
2022-01-17 00:00:00+00:00,13849552.57424842
2022-01-18 00:00:00+00:00,13849552.57424842
2022-01-19 00:00:00+00:00,13849552.57424842
2022-01-20 00:00:00+00:00,13849552.57424842
2022-01-21 00:00:00+00:00,13849552.57424842
2022-01-24 00:00:00+00:00,13849552.57424842
2022-01-25 00:00:00+00:00,13849552.57424842
2022-01-26 00:00:00+00:00,13849552.57424842
2022-01-27 00:00:00+00:00,13849552.57424842
2022-01-28 00:00:00+00:00,13849552.57424842
2022-01-31 00:00:00+00:00,13849552.57424842
2022-02-01 00:00:00+00:00,13849552.57424842
2022-02-02 00:00:00+00:00,13849552.57424842
2022-02-03 00:00:00+00:00,13849552.57424842
2022-02-04 00:00:00+00:00,13849552.57424842
2022-02-07 00:00:00+00:00,13849552.57424842
2022-02-08 00:00:00+00:00,13849552.57424842
2022-02-09 00:00:00+00:00,13849552.57424842
2022-02-10 00:00:00+00:00,13849552.57424842
2022-02-11 00:00:00+00:00,13849552.57424842
2022-02-14 00:00:00+00:00,13849552.57424842
2022-02-15 00:00:00+00:00,13849552.57424842
2022-02-16 00:00:00+00:00,13849552.57424842
2022-02-17 00:00:00+00:00,13849552.57424842
2022-02-18 00:00:00+00:00,13849552.57424842
2022-02-21 00:00:00+00:00,13849552.57424842
2022-02-22 00:00:00+00:00,13849552.57424842
2022-02-23 00:00:00+00:00,13849552.57424842
2022-02-24 00:00:00+00:00,13849552.57424842
2022-02-25 00:00:00+00:00,13849552.57424842
2022-02-28 00:00:00+00:00,13849552.57424842
2022-03-01 00:00:00+00:00,13849552.57424842
2022-03-02 00:00:00+00:00,13849552.57424842
2022-03-03 00:00:00+00:00,13849552.57424842
2022-03-04 00:00:00+00:00,13849552.57424842
2022-03-07 00:00:00+00:00,13849552.57424842
2022-03-08 00:00:00+00:00,13849552.57424842
2022-03-09 00:00:00+00:00,13849552.57424842
2022-03-10 00:00:00+00:00,13849552.57424842
2022-03-11 00:00:00+00:00,13849552.57424842
2022-03-14 00:00:00+00:00,13849552.57424842
2022-03-15 00:00:00+00:00,13849552.57424842
2022-03-16 00:00:00+00:00,13849552.57424842
2022-03-17 00:00:00+00:00,13849552.57424842
2022-03-18 00:00:00+00:00,13849552.57424842
2022-03-21 00:00:00+00:00,13849552.57424842
2022-03-22 00:00:00+00:00,13849552.57424842
2022-03-23 00:00:00+00:00,13849552.57424842
2022-03-24 00:00:00+00:00,13849552.57424842
2022-03-25 00:00:00+00:00,13849552.57424842
2022-03-28 00:00:00+00:00,13849552.57424842
2022-03-29 00:00:00+00:00,13849552.57424842
2022-03-30 00:00:00+00:00,13849552.57424842
2022-03-31 00:00:00+00:00,13849552.57424842
2022-04-01 00:00:00+00:00,13849552.57424842
2022-04-04 00:00:00+00:00,13849552.57424842
2022-04-05 00:00:00+00:00,13849552.57424842
2022-04-06 00:00:00+00:00,13849552.57424842
2022-04-07 00:00:00+00:00,13849552.57424842
2022-04-08 00:00:00+00:00,13849552.57424842
2022-04-11 00:00:00+00:00,13849552.57424842
2022-04-12 00:00:00+00:00,13849552.57424842
2022-04-13 00:00:00+00:00,13849552.57424842
2022-04-14 00:00:00+00:00,13849552.57424842
2022-04-18 00:00:00+00:00,13849552.57424842
2022-04-19 00:00:00+00:00,13849552.57424842
2022-04-20 00:00:00+00:00,13849552.57424842
2022-04-21 00:00:00+00:00,13849552.57424842
2022-04-22 00:00:00+00:00,13849552.57424842
2022-04-25 00:00:00+00:00,13849552.57424842
2022-04-26 00:00:00+00:00,13849552.57424842
2022-04-27 00:00:00+00:00,13849552.57424842
2022-04-28 00:00:00+00:00,13849552.57424842
2022-04-29 00:00:00+00:00,13849552.57424842
2022-05-02 00:00:00+00:00,13849552.57424842
2022-05-03 00:00:00+00:00,13849552.57424842
2022-05-04 00:00:00+00:00,13849552.57424842
2022-05-05 00:00:00+00:00,13849552.57424842
2022-05-06 00:00:00+00:00,13849552.57424842
2022-05-09 00:00:00+00:00,13849552.57424842
2022-05-10 00:00:00+00:00,13849552.57424842
2022-05-11 00:00:00+00:00,13849552.57424842
2022-05-12 00:00:00+00:00,13849552.57424842
2022-05-13 00:00:00+00:00,13849552.57424842
2022-05-16 00:00:00+00:00,13849552.57424842
2022-05-17 00:00:00+00:00,13849552.57424842
2022-05-18 00:00:00+00:00,13849552.57424842
2022-05-19 00:00:00+00:00,13849552.57424842
2022-05-20 00:00:00+00:00,13849552.57424842
2022-05-23 00:00:00+00:00,13849552.57424842
2022-05-24 00:00:00+00:00,13849552.57424842
2022-05-25 00:00:00+00:00,13849552.57424842
2022-05-26 00:00:00+00:00,13849552.57424842
2022-05-27 00:00:00+00:00,13849552.57424842
2022-05-30 00:00:00+00:00,13849552.57424842
2022-05-31 00:00:00+00:00,13849552.57424842
2022-06-01 00:00:00+00:00,13849552.57424842
2022-06-02 00:00:00+00:00,13849552.57424842
2022-06-03 00:00:00+00:00,13849552.57424842
2022-06-06 00:00:00+00:00,13849552.57424842
2022-06-07 00:00:00+00:00,13849552.57424842
2022-06-08 00:00:00+00:00,13849552.57424842
2022-06-09 00:00:00+00:00,13849552.57424842
2022-06-10 00:00:00+00:00,13849552.57424842
2022-06-13 00:00:00+00:00,13849552.57424842
2022-06-14 00:00:00+00:00,13849552.57424842
2022-06-15 00:00:00+00:00,13849552.57424842
2022-06-16 00:00:00+00:00,13849552.57424842
2022-06-17 00:00:00+00:00,13849552.57424842
2022-06-20 00:00:00+00:00,13849552.57424842
2022-06-21 00:00:00+00:00,13849552.57424842
2022-06-22 00:00:00+00:00,13849552.57424842
2022-06-23 00:00:00+00:00,13849552.57424842
2022-06-24 00:00:00+00:00,13849552.57424842
2022-06-27 00:00:00+00:00,13849552.57424842
2022-06-28 00:00:00+00:00,13849552.57424842
2022-06-29 00:00:00+00:00,13849552.57424842
2022-06-30 00:00:00+00:00,13849552.57424842
2022-07-01 00:00:00+00:00,13849552.57424842
2022-07-04 00:00:00+00:00,13849552.57424842
2022-07-05 00:00:00+00:00,13849552.57424842
2022-07-06 00:00:00+00:00,13849552.57424842
2022-07-07 00:00:00+00:00,13849552.57424842
2022-07-08 00:00:00+00:00,13849552.57424842
2022-07-11 00:00:00+00:00,13849552.57424842
2022-07-12 00:00:00+00:00,13849552.57424842
2022-07-13 00:00:00+00:00,13849552.57424842
2022-07-14 00:00:00+00:00,13849552.57424842
2022-07-15 00:00:00+00:00,13849552.57424842
2022-07-18 00:00:00+00:00,13849552.57424842
2022-07-19 00:00:00+00:00,13849552.57424842
2022-07-20 00:00:00+00:00,13849552.57424842
2022-07-21 00:00:00+00:00,13849552.57424842
2022-07-22 00:00:00+00:00,13849552.57424842
2022-07-25 00:00:00+00:00,13849552.57424842
2022-07-26 00:00:00+00:00,13849552.57424842
2022-07-27 00:00:00+00:00,13849552.57424842
2022-07-28 00:00:00+00:00,13849552.57424842
2022-07-29 00:00:00+00:00,13849552.57424842
2022-08-01 00:00:00+00:00,13849552.57424842
2022-08-02 00:00:00+00:00,13849552.57424842
2022-08-03 00:00:00+00:00,13849552.57424842
2022-08-04 00:00:00+00:00,13849552.57424842
2022-08-05 00:00:00+00:00,13849552.57424842
2022-08-08 00:00:00+00:00,13849552.57424842
2022-08-09 00:00:00+00:00,13849552.57424842
2022-08-10 00:00:00+00:00,13849552.57424842
2022-08-11 00:00:00+00:00,13849552.57424842
2022-08-12 00:00:00+00:00,13849552.57424842
2022-08-15 00:00:00+00:00,13849552.57424842
2022-08-16 00:00:00+00:00,13849552.57424842
2022-08-17 00:00:00+00:00,13849552.57424842
2022-08-18 00:00:00+00:00,13849552.57424842
2022-08-19 00:00:00+00:00,13849552.57424842
2022-08-22 00:00:00+00:00,13849552.57424842
2022-08-23 00:00:00+00:00,13849552.57424842
2022-08-24 00:00:00+00:00,13849552.57424842
2022-08-25 00:00:00+00:00,13849552.57424842
2022-08-26 00:00:00+00:00,13849552.57424842
2022-08-29 00:00:00+00:00,13849552.57424842
2022-08-30 00:00:00+00:00,13849552.57424842
2022-08-31 00:00:00+00:00,13849552.57424842
2022-09-01 00:00:00+00:00,13849552.57424842
2022-09-02 00:00:00+00:00,13849552.57424842
2022-09-05 00:00:00+00:00,13849552.57424842
2022-09-06 00:00:00+00:00,13849552.57424842
2022-09-07 00:00:00+00:00,13849552.57424842
2022-09-08 00:00:00+00:00,13849552.57424842
2022-09-09 00:00:00+00:00,13849552.57424842
2022-09-12 00:00:00+00:00,13849552.57424842
2022-09-13 00:00:00+00:00,13849552.57424842
2022-09-14 00:00:00+00:00,13849552.57424842
2022-09-15 00:00:00+00:00,13849552.57424842
2022-09-16 00:00:00+00:00,13849552.57424842
2022-09-19 00:00:00+00:00,13849552.57424842
2022-09-20 00:00:00+00:00,13849552.57424842
2022-09-21 00:00:00+00:00,13849552.57424842
2022-09-22 00:00:00+00:00,13849552.57424842
2022-09-23 00:00:00+00:00,13849552.57424842
2022-09-26 00:00:00+00:00,13849552.57424842
2022-09-27 00:00:00+00:00,13849552.57424842
2022-09-28 00:00:00+00:00,13849552.57424842
2022-09-29 00:00:00+00:00,13849552.57424842
2022-09-30 00:00:00+00:00,13849552.57424842
2022-10-03 00:00:00+00:00,13849552.57424842
2022-10-04 00:00:00+00:00,13849552.57424842
2022-10-05 00:00:00+00:00,13849552.57424842
2022-10-06 00:00:00+00:00,13849552.57424842
2022-10-07 00:00:00+00:00,13849552.57424842
2022-10-10 00:00:00+00:00,13849552.57424842
2022-10-11 00:00:00+00:00,13849552.57424842
2022-10-12 00:00:00+00:00,13849552.57424842
2022-10-13 00:00:00+00:00,13849552.57424842
2022-10-14 00:00:00+00:00,13849552.57424842
2022-10-17 00:00:00+00:00,13849552.57424842
2022-10-18 00:00:00+00:00,13849552.57424842
2022-10-19 00:00:00+00:00,13849552.57424842
2022-10-20 00:00:00+00:00,13849552.57424842
2022-10-21 00:00:00+00:00,13849552.57424842
2022-10-24 00:00:00+00:00,13849552.57424842
2022-10-25 00:00:00+00:00,13849552.57424842
2022-10-26 00:00:00+00:00,13849552.57424842
2022-10-27 00:00:00+00:00,13849552.57424842
2022-10-28 00:00:00+00:00,13849552.57424842
2022-10-31 00:00:00+00:00,13849552.57424842
2022-11-01 00:00:00+00:00,13849552.57424842
2022-11-02 00:00:00+00:00,13849552.57424842
2022-11-03 00:00:00+00:00,13849552.57424842
2022-11-04 00:00:00+00:00,13849552.57424842
2022-11-07 00:00:00+00:00,13849552.57424842
2022-11-08 00:00:00+00:00,13849552.57424842
2022-11-09 00:00:00+00:00,13849552.57424842
2022-11-10 00:00:00+00:00,13849552.57424842
2022-11-11 00:00:00+00:00,13849552.57424842
2022-11-14 00:00:00+00:00,13849552.57424842
2022-11-15 00:00:00+00:00,13849552.57424842
2022-11-16 00:00:00+00:00,13849552.57424842
2022-11-17 00:00:00+00:00,13849552.57424842
2022-11-18 00:00:00+00:00,13849552.57424842
2022-11-21 00:00:00+00:00,13849552.57424842
2022-11-22 00:00:00+00:00,13849552.57424842
2022-11-23 00:00:00+00:00,13849552.57424842
2022-11-24 00:00:00+00:00,13849552.57424842
2022-11-25 00:00:00+00:00,13849552.57424842
2022-11-28 00:00:00+00:00,13849552.57424842
2022-11-29 00:00:00+00:00,13849552.57424842
2022-11-30 00:00:00+00:00,13849552.57424842
2022-12-01 00:00:00+00:00,13849552.57424842
2022-12-02 00:00:00+00:00,13849552.57424842
2022-12-05 00:00:00+00:00,13849552.57424842
2022-12-06 00:00:00+00:00,13849552.57424842
2022-12-07 00:00:00+00:00,13849552.57424842
2022-12-08 00:00:00+00:00,13849552.57424842
2022-12-09 00:00:00+00:00,13849552.57424842
2022-12-12 00:00:00+00:00,13849552.57424842
2022-12-13 00:00:00+00:00,13849552.57424842
2022-12-14 00:00:00+00:00,13849552.57424842
2022-12-15 00:00:00+00:00,13849552.57424842
2022-12-16 00:00:00+00:00,13849552.57424842
2022-12-19 00:00:00+00:00,13849552.57424842
2022-12-20 00:00:00+00:00,13849552.57424842
2022-12-21 00:00:00+00:00,13849552.57424842
2022-12-22 00:00:00+00:00,13849552.57424842
2022-12-23 00:00:00+00:00,13849552.57424842
2022-12-26 00:00:00+00:00,13849552.57424842
2022-12-27 00:00:00+00:00,13849552.57424842
2022-12-28 00:00:00+00:00,13849552.57424842
2022-12-29 00:00:00+00:00,13849552.57424842
2022-12-30 00:00:00+00:00,13849552.57424842
2023-01-02 00:00:00+00:00,13849552.57424842
2023-01-03 00:00:00+00:00,13849552.57424842
2023-01-04 00:00:00+00:00,13849552.57424842
2023-01-05 00:00:00+00:00,13849552.57424842
2023-01-06 00:00:00+00:00,13849552.57424842
2023-01-09 00:00:00+00:00,13849552.57424842
2023-01-10 00:00:00+00:00,13849552.57424842
2023-01-11 00:00:00+00:00,13849552.57424842
2023-01-12 00:00:00+00:00,13849552.57424842
2023-01-13 00:00:00+00:00,13849552.57424842
2023-01-16 00:00:00+00:00,13849552.57424842
2023-01-17 00:00:00+00:00,13849552.57424842
2023-01-18 00:00:00+00:00,13849552.57424842
2023-01-19 00:00:00+00:00,13849552.57424842
2023-01-20 00:00:00+00:00,13849552.57424842
2023-01-23 00:00:00+00:00,13849552.57424842
2023-01-24 00:00:00+00:00,13849552.57424842
2023-01-25 00:00:00+00:00,13849552.57424842
2023-01-26 00:00:00+00:00,13849552.57424842
2023-01-27 00:00:00+00:00,13849552.57424842
2023-01-30 00:00:00+00:00,13849552.57424842
2023-01-31 00:00:00+00:00,13849552.57424842
2023-02-01 00:00:00+00:00,13849552.57424842
2023-02-02 00:00:00+00:00,13849552.57424842
2023-02-03 00:00:00+00:00,13849552.57424842
2023-02-06 00:00:00+00:00,13849552.57424842
2023-02-07 00:00:00+00:00,13849552.57424842
2023-02-08 00:00:00+00:00,13849552.57424842
2023-02-09 00:00:00+00:00,13849552.57424842
2023-02-10 00:00:00+00:00,13849552.57424842
2023-02-13 00:00:00+00:00,13849552.57424842
2023-02-14 00:00:00+00:00,13849552.57424842
2023-02-15 00:00:00+00:00,13849552.57424842
2023-02-16 00:00:00+00:00,13849552.57424842
2023-02-17 00:00:00+00:00,13849552.57424842
2023-02-20 00:00:00+00:00,13849552.57424842
2023-02-21 00:00:00+00:00,13849552.57424842
2023-02-22 00:00:00+00:00,13849552.57424842
2023-02-23 00:00:00+00:00,13849552.57424842
2023-02-24 00:00:00+00:00,13849552.57424842
2023-02-27 00:00:00+00:00,13849552.57424842
2023-02-28 00:00:00+00:00,13849552.57424842
2023-03-01 00:00:00+00:00,13849552.57424842
2023-03-02 00:00:00+00:00,13849552.57424842
2023-03-03 00:00:00+00:00,13849552.57424842
2023-03-06 00:00:00+00:00,13849552.57424842
2023-03-07 00:00:00+00:00,13849552.57424842
2023-03-08 00:00:00+00:00,13849552.57424842
2023-03-09 00:00:00+00:00,13849552.57424842
2023-03-10 00:00:00+00:00,13849552.57424842
2023-03-13 00:00:00+00:00,13849552.57424842
2023-03-14 00:00:00+00:00,13849552.57424842
2023-03-15 00:00:00+00:00,13849552.57424842
2023-03-16 00:00:00+00:00,13849552.57424842
2023-03-17 00:00:00+00:00,13849552.57424842
2023-03-20 00:00:00+00:00,13849552.57424842
2023-03-21 00:00:00+00:00,13849552.57424842
2023-03-22 00:00:00+00:00,13849552.57424842
2023-03-23 00:00:00+00:00,13849552.57424842
2023-03-24 00:00:00+00:00,13849552.57424842
2023-03-27 00:00:00+00:00,13849552.57424842
2023-03-28 00:00:00+00:00,13849552.57424842
2023-03-29 00:00:00+00:00,13849552.57424842
2023-03-30 00:00:00+00:00,13849552.57424842
2023-03-31 00:00:00+00:00,13849552.57424842
2023-04-03 00:00:00+00:00,13849552.57424842
2023-04-04 00:00:00+00:00,13849552.57424842
2023-04-05 00:00:00+00:00,13849552.57424842
2023-04-06 00:00:00+00:00,13849552.57424842
2023-04-10 00:00:00+00:00,13849552.57424842
2023-04-11 00:00:00+00:00,13849552.57424842
2023-04-12 00:00:00+00:00,13849552.57424842
2023-04-13 00:00:00+00:00,13849552.57424842
2023-04-14 00:00:00+00:00,13849552.57424842
2023-04-17 00:00:00+00:00,13849552.57424842
2023-04-18 00:00:00+00:00,13849552.57424842
2023-04-19 00:00:00+00:00,13849552.57424842
2023-04-20 00:00:00+00:00,13849552.57424842
2023-04-21 00:00:00+00:00,13849552.57424842
2023-04-24 00:00:00+00:00,13849552.57424842
2023-04-25 00:00:00+00:00,13849552.57424842
2023-04-26 00:00:00+00:00,13849552.57424842
2023-04-27 00:00:00+00:00,13849552.57424842
2023-04-28 00:00:00+00:00,13849552.57424842
2023-05-01 00:00:00+00:00,13849552.57424842
2023-05-02 00:00:00+00:00,13849552.57424842
2023-05-03 00:00:00+00:00,13849552.57424842
2023-05-04 00:00:00+00:00,13849552.57424842
2023-05-05 00:00:00+00:00,13849552.57424842
2023-05-08 00:00:00+00:00,13849552.57424842
2023-05-09 00:00:00+00:00,13849552.57424842
2023-05-10 00:00:00+00:00,13849552.57424842
2023-05-11 00:00:00+00:00,13849552.57424842
2023-05-12 00:00:00+00:00,13849552.57424842
2023-05-15 00:00:00+00:00,13849552.57424842
2023-05-16 00:00:00+00:00,13849552.57424842
2023-05-17 00:00:00+00:00,13849552.57424842
2023-05-18 00:00:00+00:00,13849552.57424842
2023-05-19 00:00:00+00:00,13849552.57424842
2023-05-22 00:00:00+00:00,13849552.57424842
2023-05-23 00:00:00+00:00,13849552.57424842
2023-05-24 00:00:00+00:00,13849552.57424842
2023-05-25 00:00:00+00:00,13849552.57424842
2023-05-26 00:00:00+00:00,13849552.57424842
2023-05-29 00:00:00+00:00,13849552.57424842
2023-05-30 00:00:00+00:00,13849552.57424842
2023-05-31 00:00:00+00:00,13849552.57424842
2023-06-01 00:00:00+00:00,13849552.57424842
2023-06-02 00:00:00+00:00,13849552.57424842
2023-06-05 00:00:00+00:00,13849552.57424842
2023-06-06 00:00:00+00:00,13849552.57424842
2023-06-07 00:00:00+00:00,13849552.57424842
2023-06-08 00:00:00+00:00,13849552.57424842
2023-06-09 00:00:00+00:00,13849552.57424842
2023-06-12 00:00:00+00:00,13849552.57424842
2023-06-13 00:00:00+00:00,13849552.57424842
2023-06-14 00:00:00+00:00,13849552.57424842
2023-06-15 00:00:00+00:00,13849552.57424842
2023-06-16 00:00:00+00:00,13849552.57424842
2023-06-19 00:00:00+00:00,13849552.57424842
2023-06-20 00:00:00+00:00,13849552.57424842
2023-06-21 00:00:00+00:00,13849552.57424842
2023-06-22 00:00:00+00:00,13849552.57424842
2023-06-23 00:00:00+00:00,13849552.57424842
2023-06-26 00:00:00+00:00,13849552.57424842
2023-06-27 00:00:00+00:00,13849552.57424842
2023-06-28 00:00:00+00:00,13849552.57424842
2023-06-29 00:00:00+00:00,13849552.57424842
2023-06-30 00:00:00+00:00,13849552.57424842
2023-07-03 00:00:00+00:00,13849552.57424842
2023-07-04 00:00:00+00:00,13849552.57424842
2023-07-05 00:00:00+00:00,13849552.57424842
2023-07-06 00:00:00+00:00,13849552.57424842
2023-07-07 00:00:00+00:00,13849552.57424842
2023-07-10 00:00:00+00:00,13849552.57424842
2023-07-11 00:00:00+00:00,13849552.57424842
2023-07-12 00:00:00+00:00,13849552.57424842
2023-07-13 00:00:00+00:00,13849552.57424842
2023-07-14 00:00:00+00:00,13849552.57424842
2023-07-17 00:00:00+00:00,13849552.57424842
2023-07-18 00:00:00+00:00,13849552.57424842
2023-07-19 00:00:00+00:00,13849552.57424842
2023-07-20 00:00:00+00:00,13849552.57424842
2023-07-21 00:00:00+00:00,13849552.57424842
2023-07-24 00:00:00+00:00,13849552.57424842
2023-07-25 00:00:00+00:00,13849552.57424842
2023-07-26 00:00:00+00:00,13849552.57424842
2023-07-27 00:00:00+00:00,13849552.57424842
2023-07-28 00:00:00+00:00,13849552.57424842
2023-07-31 00:00:00+00:00,13849552.57424842
2023-08-01 00:00:00+00:00,13849552.57424842
2023-08-02 00:00:00+00:00,13849552.57424842
2023-08-03 00:00:00+00:00,13849552.57424842
2023-08-04 00:00:00+00:00,13849552.57424842
2023-08-07 00:00:00+00:00,13849552.57424842
2023-08-08 00:00:00+00:00,13849552.57424842
2023-08-09 00:00:00+00:00,13849552.57424842
2023-08-10 00:00:00+00:00,13849552.57424842
2023-08-11 00:00:00+00:00,13849552.57424842
2023-08-14 00:00:00+00:00,13849552.57424842
2023-08-15 00:00:00+00:00,13849552.57424842
2023-08-16 00:00:00+00:00,13849552.57424842
2023-08-17 00:00:00+00:00,13849552.57424842
2023-08-18 00:00:00+00:00,13849552.57424842
2023-08-21 00:00:00+00:00,13849552.57424842
2023-08-22 00:00:00+00:00,13849552.57424842
2023-08-23 00:00:00+00:00,13849552.57424842
2023-08-24 00:00:00+00:00,13849552.57424842
2023-08-25 00:00:00+00:00,13849552.57424842
2023-08-28 00:00:00+00:00,13849552.57424842
2023-08-29 00:00:00+00:00,13849552.57424842
2023-08-30 00:00:00+00:00,13849552.57424842
2023-08-31 00:00:00+00:00,13849552.57424842
2023-09-01 00:00:00+00:00,13849552.57424842
2023-09-04 00:00:00+00:00,13849552.57424842
2023-09-05 00:00:00+00:00,13849552.57424842
2023-09-06 00:00:00+00:00,13849552.57424842
2023-09-07 00:00:00+00:00,13849552.57424842
2023-09-08 00:00:00+00:00,13849552.57424842
2023-09-11 00:00:00+00:00,13849552.57424842
2023-09-12 00:00:00+00:00,13849552.57424842
2023-09-13 00:00:00+00:00,13849552.57424842
2023-09-14 00:00:00+00:00,13849552.57424842
2023-09-15 00:00:00+00:00,13849552.57424842
2023-09-18 00:00:00+00:00,13849552.57424842
2023-09-19 00:00:00+00:00,13849552.57424842
2023-09-20 00:00:00+00:00,13849552.57424842
2023-09-21 00:00:00+00:00,13849552.57424842
2023-09-22 00:00:00+00:00,13849552.57424842
2023-09-25 00:00:00+00:00,13849552.57424842
2023-09-26 00:00:00+00:00,13849552.57424842
2023-09-27 00:00:00+00:00,13849552.57424842
2023-09-28 00:00:00+00:00,13849552.57424842
2023-09-29 00:00:00+00:00,13849552.57424842
2023-10-02 00:00:00+00:00,13849552.57424842
2023-10-03 00:00:00+00:00,13849552.57424842
2023-10-04 00:00:00+00:00,13849552.57424842
2023-10-05 00:00:00+00:00,13849552.57424842
2023-10-06 00:00:00+00:00,13849552.57424842
2023-10-09 00:00:00+00:00,13849552.57424842
2023-10-10 00:00:00+00:00,13849552.57424842
2023-10-11 00:00:00+00:00,13849552.57424842
2023-10-12 00:00:00+00:00,13849552.57424842
2023-10-13 00:00:00+00:00,13849552.57424842
2023-10-16 00:00:00+00:00,13849552.57424842
2023-10-17 00:00:00+00:00,13849552.57424842
2023-10-18 00:00:00+00:00,13849552.57424842
2023-10-19 00:00:00+00:00,13849552.57424842
2023-10-20 00:00:00+00:00,13849552.57424842
2023-10-23 00:00:00+00:00,13849552.57424842
2023-10-24 00:00:00+00:00,13849552.57424842
2023-10-25 00:00:00+00:00,13849552.57424842
2023-10-26 00:00:00+00:00,13849552.57424842
2023-10-27 00:00:00+00:00,13849552.57424842
2023-10-30 00:00:00+00:00,13849552.57424842
2023-10-31 00:00:00+00:00,13849552.57424842
2023-11-01 00:00:00+00:00,13849552.57424842
2023-11-02 00:00:00+00:00,13849552.57424842
2023-11-03 00:00:00+00:00,13849552.57424842
2023-11-06 00:00:00+00:00,13849552.57424842
2023-11-07 00:00:00+00:00,13849552.57424842
2023-11-08 00:00:00+00:00,13849552.57424842
2023-11-09 00:00:00+00:00,13849552.57424842
2023-11-10 00:00:00+00:00,13849552.57424842
2023-11-13 00:00:00+00:00,13849552.57424842
2023-11-14 00:00:00+00:00,13849552.57424842
2023-11-15 00:00:00+00:00,13849552.57424842
2023-11-16 00:00:00+00:00,13849552.57424842
2023-11-17 00:00:00+00:00,13849552.57424842
2023-11-20 00:00:00+00:00,13849552.57424842
2023-11-21 00:00:00+00:00,13849552.57424842
2023-11-22 00:00:00+00:00,13849552.57424842
2023-11-23 00:00:00+00:00,13849552.57424842
2023-11-24 00:00:00+00:00,13849552.57424842
2023-11-27 00:00:00+00:00,13849552.57424842
2023-11-28 00:00:00+00:00,13849552.57424842
2023-11-29 00:00:00+00:00,13849552.57424842
2023-11-30 00:00:00+00:00,13849552.57424842
2023-12-01 00:00:00+00:00,13849552.57424842
2023-12-04 00:00:00+00:00,13849552.57424842
2023-12-05 00:00:00+00:00,13849552.57424842
2023-12-06 00:00:00+00:00,13849552.57424842
2023-12-07 00:00:00+00:00,13849552.57424842
2023-12-08 00:00:00+00:00,13849552.57424842
2023-12-11 00:00:00+00:00,13849552.57424842
2023-12-12 00:00:00+00:00,13849552.57424842
2023-12-13 00:00:00+00:00,13849552.57424842
2023-12-14 00:00:00+00:00,13849552.57424842
2023-12-15 00:00:00+00:00,13849552.57424842
2023-12-18 00:00:00+00:00,13849552.57424842
2023-12-19 00:00:00+00:00,13849552.57424842
2023-12-20 00:00:00+00:00,13849552.57424842
2023-12-21 00:00:00+00:00,13849552.57424842
2023-12-22 00:00:00+00:00,13849552.57424842
2023-12-26 00:00:00+00:00,13849552.57424842
2023-12-27 00:00:00+00:00,13849552.57424842
2023-12-28 00:00:00+00:00,13849552.57424842
2023-12-29 00:00:00+00:00,13849552.57424842
2024-01-01 00:00:00+00:00,13849552.57424842
2024-01-02 00:00:00+00:00,13849552.57424842
2024-01-03 00:00:00+00:00,13849552.57424842
2024-01-04 00:00:00+00:00,13849552.57424842
2024-01-05 00:00:00+00:00,13849552.57424842
2024-01-08 00:00:00+00:00,13849552.57424842
2024-01-09 00:00:00+00:00,13849552.57424842
2024-01-10 00:00:00+00:00,13849552.57424842
2024-01-11 00:00:00+00:00,13849552.57424842
2024-01-12 00:00:00+00:00,13849552.57424842
2024-01-15 00:00:00+00:00,13849552.57424842
2024-01-16 00:00:00+00:00,13849552.57424842
2024-01-17 00:00:00+00:00,13849552.57424842
2024-01-18 00:00:00+00:00,13849552.57424842
2024-01-19 00:00:00+00:00,13849552.57424842
2024-01-22 00:00:00+00:00,13849552.57424842
2024-01-23 00:00:00+00:00,13849552.57424842
2024-01-24 00:00:00+00:00,13849552.57424842
2024-01-25 00:00:00+00:00,13849552.57424842
2024-01-26 00:00:00+00:00,13849552.57424842
2024-01-29 00:00:00+00:00,13849552.57424842
2024-01-30 00:00:00+00:00,13849552.57424842
2024-01-31 00:00:00+00:00,13849552.57424842
2024-02-01 00:00:00+00:00,13849552.57424842
2024-02-02 00:00:00+00:00,13849552.57424842
2024-02-05 00:00:00+00:00,13849552.57424842
2024-02-06 00:00:00+00:00,13849552.57424842
2024-02-07 00:00:00+00:00,13849552.57424842
2024-02-08 00:00:00+00:00,13849552.57424842
2024-02-09 00:00:00+00:00,13849552.57424842
2024-02-12 00:00:00+00:00,13849552.57424842
2024-02-13 00:00:00+00:00,13849552.57424842
2024-02-14 00:00:00+00:00,13849552.57424842
2024-02-15 00:00:00+00:00,13849552.57424842
2024-02-16 00:00:00+00:00,13849552.57424842
2024-02-19 00:00:00+00:00,13849552.57424842
2024-02-20 00:00:00+00:00,13849552.57424842
2024-02-21 00:00:00+00:00,13849552.57424842
2024-02-22 00:00:00+00:00,13849552.57424842
2024-02-23 00:00:00+00:00,13849552.57424842
2024-02-26 00:00:00+00:00,13849552.57424842
2024-02-27 00:00:00+00:00,13849552.57424842
2024-02-28 00:00:00+00:00,13849552.57424842
2024-02-29 00:00:00+00:00,13849552.57424842
2024-03-01 00:00:00+00:00,13849552.57424842
2024-03-04 00:00:00+00:00,13849552.57424842
2024-03-05 00:00:00+00:00,13849552.57424842
2024-03-06 00:00:00+00:00,13849552.57424842
2024-03-07 00:00:00+00:00,13849552.57424842
2024-03-08 00:00:00+00:00,13849552.57424842
2024-03-11 00:00:00+00:00,13849552.57424842
2024-03-12 00:00:00+00:00,13849552.57424842
2024-03-13 00:00:00+00:00,13849552.57424842
2024-03-14 00:00:00+00:00,13849552.57424842
2024-03-15 00:00:00+00:00,13849552.57424842
2024-03-18 00:00:00+00:00,13849552.57424842
2024-03-19 00:00:00+00:00,13849552.57424842
2024-03-20 00:00:00+00:00,13849552.57424842
2024-03-21 00:00:00+00:00,13849552.57424842
2024-03-22 00:00:00+00:00,13849552.57424842
2024-03-25 00:00:00+00:00,13849552.57424842
2024-03-26 00:00:00+00:00,13849552.57424842
2024-03-27 00:00:00+00:00,13849552.57424842
2024-03-28 00:00:00+00:00,13849552.57424842
2024-04-01 00:00:00+00:00,13849552.57424842
2024-04-02 00:00:00+00:00,13849552.57424842
2024-04-03 00:00:00+00:00,13849552.57424842
2024-04-04 00:00:00+00:00,13849552.57424842
2024-04-05 00:00:00+00:00,13849552.57424842
2024-04-08 00:00:00+00:00,13849552.57424842
2024-04-09 00:00:00+00:00,13849552.57424842
2024-04-10 00:00:00+00:00,13849552.57424842
2024-04-11 00:00:00+00:00,13849552.57424842
2024-04-12 00:00:00+00:00,13849552.57424842
2024-04-15 00:00:00+00:00,13849552.57424842
2024-04-16 00:00:00+00:00,13849552.57424842
2024-04-17 00:00:00+00:00,13849552.57424842
2024-04-18 00:00:00+00:00,13849552.57424842
2024-04-19 00:00:00+00:00,13849552.57424842
2024-04-22 00:00:00+00:00,13849552.57424842
2024-04-23 00:00:00+00:00,13849552.57424842
2024-04-24 00:00:00+00:00,13849552.57424842
2024-04-25 00:00:00+00:00,13849552.57424842
2024-04-26 00:00:00+00:00,13849552.57424842
2024-04-29 00:00:00+00:00,13849552.57424842
2024-04-30 00:00:00+00:00,13849552.57424842
2024-05-01 00:00:00+00:00,13849552.57424842
2024-05-02 00:00:00+00:00,13849552.57424842
2024-05-03 00:00:00+00:00,13849552.57424842
2024-05-06 00:00:00+00:00,13849552.57424842
2024-05-07 00:00:00+00:00,13849552.57424842
2024-05-08 00:00:00+00:00,13849552.57424842
2024-05-09 00:00:00+00:00,13849552.57424842
2024-05-10 00:00:00+00:00,13849552.57424842
2024-05-13 00:00:00+00:00,13849552.57424842
2024-05-14 00:00:00+00:00,13849552.57424842
2024-05-15 00:00:00+00:00,13849552.57424842
2024-05-16 00:00:00+00:00,13849552.57424842
2024-05-17 00:00:00+00:00,13849552.57424842
2024-05-20 00:00:00+00:00,13849552.57424842
2024-05-21 00:00:00+00:00,13849552.57424842
2024-05-22 00:00:00+00:00,13849552.57424842
2024-05-23 00:00:00+00:00,13849552.57424842
2024-05-24 00:00:00+00:00,13849552.57424842
2024-05-27 00:00:00+00:00,13849552.57424842
2024-05-28 00:00:00+00:00,13849552.57424842
2024-05-29 00:00:00+00:00,13849552.57424842
2024-05-30 00:00:00+00:00,13849552.57424842
2024-05-31 00:00:00+00:00,13849552.57424842
2024-06-03 00:00:00+00:00,13849552.57424842
2024-06-04 00:00:00+00:00,13849552.57424842
2024-06-05 00:00:00+00:00,13849552.57424842
2024-06-06 00:00:00+00:00,13849552.57424842
2024-06-07 00:00:00+00:00,13849552.57424842
2024-06-10 00:00:00+00:00,13849552.57424842
2024-06-11 00:00:00+00:00,13849552.57424842
2024-06-12 00:00:00+00:00,13849552.57424842
2024-06-13 00:00:00+00:00,13849552.57424842
2024-06-14 00:00:00+00:00,13849552.57424842
2024-06-17 00:00:00+00:00,13849552.57424842
2024-06-18 00:00:00+00:00,13849552.57424842
2024-06-19 00:00:00+00:00,13849552.57424842
2024-06-20 00:00:00+00:00,13849552.57424842
2024-06-21 00:00:00+00:00,13849552.57424842
2024-06-24 00:00:00+00:00,13849552.57424842
2024-06-25 00:00:00+00:00,13849552.57424842
2024-06-26 00:00:00+00:00,13849552.57424842
2024-06-27 00:00:00+00:00,13849552.57424842
2024-06-28 00:00:00+00:00,13849552.57424842
2024-07-01 00:00:00+00:00,13849552.57424842
2024-07-02 00:00:00+00:00,13849552.57424842
2024-07-03 00:00:00+00:00,13849552.57424842
2024-07-04 00:00:00+00:00,13849552.57424842
2024-07-05 00:00:00+00:00,13849552.57424842
2024-07-08 00:00:00+00:00,13849552.57424842
2024-07-09 00:00:00+00:00,13849552.57424842
2024-07-10 00:00:00+00:00,13849552.57424842
2024-07-11 00:00:00+00:00,13849552.57424842
2024-07-12 00:00:00+00:00,13849552.57424842
2024-07-15 00:00:00+00:00,13849552.57424842
2024-07-16 00:00:00+00:00,13849552.57424842
2024-07-17 00:00:00+00:00,13849552.57424842
2024-07-18 00:00:00+00:00,13849552.57424842
2024-07-19 00:00:00+00:00,13849552.57424842
2024-07-22 00:00:00+00:00,13849552.57424842
2024-07-23 00:00:00+00:00,13849552.57424842
2024-07-24 00:00:00+00:00,13849552.57424842
2024-07-25 00:00:00+00:00,13849552.57424842
2024-07-26 00:00:00+00:00,13849552.57424842
2024-07-29 00:00:00+00:00,13849552.57424842
2024-07-30 00:00:00+00:00,13849552.57424842
2024-07-31 00:00:00+00:00,13849552.57424842
2024-08-01 00:00:00+00:00,13849552.57424842
2024-08-02 00:00:00+00:00,13849552.57424842
2024-08-05 00:00:00+00:00,13849552.57424842
2024-08-06 00:00:00+00:00,13849552.57424842
2024-08-07 00:00:00+00:00,13849552.57424842
2024-08-08 00:00:00+00:00,13849552.57424842
2024-08-09 00:00:00+00:00,13849552.57424842
2024-08-12 00:00:00+00:00,13849552.57424842
2024-08-13 00:00:00+00:00,13849552.57424842
2024-08-14 00:00:00+00:00,13849552.57424842
2024-08-15 00:00:00+00:00,13849552.57424842
2024-08-16 00:00:00+00:00,13849552.57424842
2024-08-19 00:00:00+00:00,13849552.57424842
2024-08-20 00:00:00+00:00,13849552.57424842
2024-08-21 00:00:00+00:00,13849552.57424842
2024-08-22 00:00:00+00:00,13849552.57424842
2024-08-23 00:00:00+00:00,13849552.57424842
2024-08-26 00:00:00+00:00,13849552.57424842
2024-08-27 00:00:00+00:00,13849552.57424842
2024-08-28 00:00:00+00:00,13849552.57424842
2024-08-29 00:00:00+00:00,13849552.57424842
2024-08-30 00:00:00+00:00,13849552.57424842
2024-09-02 00:00:00+00:00,13849552.57424842
2024-09-03 00:00:00+00:00,13849552.57424842
2024-09-04 00:00:00+00:00,13849552.57424842
2024-09-05 00:00:00+00:00,13849552.57424842
2024-09-06 00:00:00+00:00,13849552.57424842
2024-09-09 00:00:00+00:00,13849552.57424842
2024-09-10 00:00:00+00:00,13849552.57424842
2024-09-11 00:00:00+00:00,13849552.57424842
2024-09-12 00:00:00+00:00,13849552.57424842
2024-09-13 00:00:00+00:00,13849552.57424842
2024-09-16 00:00:00+00:00,13849552.57424842
2024-09-17 00:00:00+00:00,13849552.57424842
2024-09-18 00:00:00+00:00,13849552.57424842
2024-09-19 00:00:00+00:00,13849552.57424842
2024-09-20 00:00:00+00:00,13849552.57424842
2024-09-23 00:00:00+00:00,13849552.57424842
2024-09-24 00:00:00+00:00,13849552.57424842
2024-09-25 00:00:00+00:00,13849552.57424842
2024-09-26 00:00:00+00:00,13849552.57424842
2024-09-27 00:00:00+00:00,13849552.57424842
2024-09-30 00:00:00+00:00,13849552.57424842
2024-10-01 00:00:00+00:00,13849552.57424842
2024-10-02 00:00:00+00:00,13849552.57424842
2024-10-03 00:00:00+00:00,13849552.57424842
2024-10-04 00:00:00+00:00,13849552.57424842
2024-10-07 00:00:00+00:00,13849552.57424842
2024-10-08 00:00:00+00:00,13849552.57424842
2024-10-09 00:00:00+00:00,13849552.57424842
2024-10-10 00:00:00+00:00,13849552.57424842
2024-10-11 00:00:00+00:00,13849552.57424842
2024-10-14 00:00:00+00:00,13849552.57424842
2024-10-15 00:00:00+00:00,13849552.57424842
2024-10-16 00:00:00+00:00,13849552.57424842
2024-10-17 00:00:00+00:00,13849552.57424842
2024-10-18 00:00:00+00:00,13849552.57424842
2024-10-21 00:00:00+00:00,13849552.57424842
2024-10-22 00:00:00+00:00,13849552.57424842
2024-10-23 00:00:00+00:00,13849552.57424842
2024-10-24 00:00:00+00:00,13849552.57424842
2024-10-25 00:00:00+00:00,13849552.57424842
2024-10-28 00:00:00+00:00,13849552.57424842
2024-10-29 00:00:00+00:00,13849552.57424842
2024-10-30 00:00:00+00:00,13849552.57424842
2024-10-31 00:00:00+00:00,13849552.57424842
2024-11-01 00:00:00+00:00,13849552.57424842
2024-11-04 00:00:00+00:00,13849552.57424842
2024-11-05 00:00:00+00:00,13849552.57424842
2024-11-06 00:00:00+00:00,13849552.57424842
2024-11-07 00:00:00+00:00,13849552.57424842
2024-11-08 00:00:00+00:00,13849552.57424842
2024-11-11 00:00:00+00:00,13849552.57424842
2024-11-12 00:00:00+00:00,13849552.57424842
2024-11-13 00:00:00+00:00,13849552.57424842
2024-11-14 00:00:00+00:00,13849552.57424842
2024-11-15 00:00:00+00:00,13849552.57424842
2024-11-18 00:00:00+00:00,13849552.57424842
2024-11-19 00:00:00+00:00,13849552.57424842
2024-11-20 00:00:00+00:00,13849552.57424842
2024-11-21 00:00:00+00:00,13849552.57424842
2024-11-22 00:00:00+00:00,13849552.57424842
2024-11-25 00:00:00+00:00,13849552.57424842
2024-11-26 00:00:00+00:00,13849552.57424842
2024-11-27 00:00:00+00:00,13849552.57424842
2024-11-28 00:00:00+00:00,13849552.57424842
2024-11-29 00:00:00+00:00,13849552.57424842
2024-12-02 00:00:00+00:00,13849552.57424842
2024-12-03 00:00:00+00:00,13849552.57424842
2024-12-04 00:00:00+00:00,13849552.57424842
2024-12-05 00:00:00+00:00,13849552.57424842
2024-12-06 00:00:00+00:00,13849552.57424842
2024-12-09 00:00:00+00:00,13849552.57424842
2024-12-10 00:00:00+00:00,13849552.57424842
2024-12-11 00:00:00+00:00,13849552.57424842
2024-12-12 00:00:00+00:00,13849552.57424842
2024-12-13 00:00:00+00:00,13849552.57424842
2024-12-16 00:00:00+00:00,13849552.57424842
2024-12-17 00:00:00+00:00,13849552.57424842
2024-12-18 00:00:00+00:00,13849552.57424842
2024-12-19 00:00:00+00:00,13849552.57424842
2024-12-20 00:00:00+00:00,13849552.57424842
2024-12-23 00:00:00+00:00,13849552.57424842
2024-12-24 00:00:00+00:00,13849552.57424842
2024-12-26 00:00:00+00:00,13849552.57424842
2024-12-27 00:00:00+00:00,13849552.57424842
2024-12-30 00:00:00+00:00,13849552.57424842
2024-12-31 00:00:00+00:00,13849552.57424842
