,equity
2000-01-03 00:00:00+00:00,10000000.0
2000-01-04 00:00:00+00:00,10000000.0
2000-01-05 00:00:00+00:00,10000000.0
2000-01-06 00:00:00+00:00,10000000.0
2000-01-07 00:00:00+00:00,10000000.0
2000-01-10 00:00:00+00:00,10000000.0
2000-01-11 00:00:00+00:00,10000000.0
2000-01-12 00:00:00+00:00,10000000.0
2000-01-13 00:00:00+00:00,10000000.0
2000-01-14 00:00:00+00:00,10000000.0
2000-01-17 00:00:00+00:00,10000000.0
2000-01-18 00:00:00+00:00,10000000.0
2000-01-19 00:00:00+00:00,10000000.0
2000-01-20 00:00:00+00:00,10000000.0
2000-01-21 00:00:00+00:00,10000000.0
2000-01-24 00:00:00+00:00,10000000.0
2000-01-25 00:00:00+00:00,10000000.0
2000-01-26 00:00:00+00:00,10000000.0
2000-01-27 00:00:00+00:00,10000000.0
2000-01-28 00:00:00+00:00,10000000.0
2000-01-31 00:00:00+00:00,10000000.0
2000-02-01 00:00:00+00:00,10000000.0
2000-02-02 00:00:00+00:00,10000000.0
2000-02-03 00:00:00+00:00,10000000.0
2000-02-04 00:00:00+00:00,10000000.0
2000-02-07 00:00:00+00:00,10000000.0
2000-02-08 00:00:00+00:00,10000000.0
2000-02-09 00:00:00+00:00,10000000.0
2000-02-10 00:00:00+00:00,10000000.0
2000-02-11 00:00:00+00:00,10000000.0
2000-02-14 00:00:00+00:00,10000000.0
2000-02-15 00:00:00+00:00,10000000.0
2000-02-16 00:00:00+00:00,10000000.0
2000-02-17 00:00:00+00:00,10000000.0
2000-02-18 00:00:00+00:00,10000000.0
2000-02-21 00:00:00+00:00,10000000.0
2000-02-22 00:00:00+00:00,10000000.0
2000-02-23 00:00:00+00:00,10000000.0
2000-02-24 00:00:00+00:00,10000000.0
2000-02-25 00:00:00+00:00,10000000.0
2000-02-28 00:00:00+00:00,10000000.0
2000-02-29 00:00:00+00:00,10000000.0
2000-03-01 00:00:00+00:00,10000000.0
2000-03-02 00:00:00+00:00,10000000.0
2000-03-03 00:00:00+00:00,10000000.0
2000-03-06 00:00:00+00:00,10000000.0
2000-03-07 00:00:00+00:00,10000000.0
2000-03-08 00:00:00+00:00,10000000.0
2000-03-09 00:00:00+00:00,10000000.0
2000-03-10 00:00:00+00:00,10000000.0
2000-03-13 00:00:00+00:00,10000000.0
2000-03-14 00:00:00+00:00,10000000.0
2000-03-15 00:00:00+00:00,10000000.0
2000-03-16 00:00:00+00:00,10000000.0
2000-03-17 00:00:00+00:00,10000000.0
2000-03-20 00:00:00+00:00,10000000.0
2000-03-21 00:00:00+00:00,10000000.0
2000-03-22 00:00:00+00:00,10000000.0
2000-03-23 00:00:00+00:00,10000000.0
2000-03-24 00:00:00+00:00,10000000.0
2000-03-27 00:00:00+00:00,10000000.0
2000-03-28 00:00:00+00:00,10000000.0
2000-03-29 00:00:00+00:00,10000000.0
2000-03-30 00:00:00+00:00,10000000.0
2000-03-31 00:00:00+00:00,10000000.0
2000-04-03 00:00:00+00:00,10000000.0
2000-04-04 00:00:00+00:00,10000000.0
2000-04-05 00:00:00+00:00,10000000.0
2000-04-06 00:00:00+00:00,10000000.0
2000-04-07 00:00:00+00:00,10000000.0
2000-04-10 00:00:00+00:00,10000000.0
2000-04-11 00:00:00+00:00,10000000.0
2000-04-12 00:00:00+00:00,10000000.0
2000-04-13 00:00:00+00:00,10000000.0
2000-04-14 00:00:00+00:00,10000000.0
2000-04-17 00:00:00+00:00,10000000.0
2000-04-18 00:00:00+00:00,10000000.0
2000-04-19 00:00:00+00:00,10000000.0
2000-04-20 00:00:00+00:00,10000000.0
2000-04-21 00:00:00+00:00,10000000.0
2000-04-24 00:00:00+00:00,10000000.0
2000-04-25 00:00:00+00:00,10000000.0
2000-04-26 00:00:00+00:00,10000000.0
2000-04-27 00:00:00+00:00,10000000.0
2000-04-28 00:00:00+00:00,10000000.0
2000-05-01 00:00:00+00:00,10000000.0
2000-05-02 00:00:00+00:00,10000000.0
2000-05-03 00:00:00+00:00,10000000.0
2000-05-04 00:00:00+00:00,10000000.0
2000-05-05 00:00:00+00:00,10000000.0
2000-05-08 00:00:00+00:00,10000000.0
2000-05-09 00:00:00+00:00,10000000.0
2000-05-10 00:00:00+00:00,10000000.0
2000-05-11 00:00:00+00:00,10000000.0
2000-05-12 00:00:00+00:00,10000000.0
2000-05-15 00:00:00+00:00,10000000.0
2000-05-16 00:00:00+00:00,10000000.0
2000-05-17 00:00:00+00:00,10000000.0
2000-05-18 00:00:00+00:00,10000000.0
2000-05-19 00:00:00+00:00,10000000.0
2000-05-22 00:00:00+00:00,10000000.0
2000-05-23 00:00:00+00:00,10000000.0
2000-05-24 00:00:00+00:00,10000000.0
2000-05-25 00:00:00+00:00,10000000.0
2000-05-26 00:00:00+00:00,10000000.0
2000-05-29 00:00:00+00:00,10000000.0
2000-05-30 00:00:00+00:00,10000000.0
2000-05-31 00:00:00+00:00,10000000.0
2000-06-01 00:00:00+00:00,10000000.0
2000-06-02 00:00:00+00:00,10000000.0
2000-06-05 00:00:00+00:00,10000000.0
2000-06-06 00:00:00+00:00,10000000.0
2000-06-07 00:00:00+00:00,10000000.0
2000-06-08 00:00:00+00:00,10000000.0
2000-06-09 00:00:00+00:00,10000000.0
2000-06-12 00:00:00+00:00,10000000.0
2000-06-13 00:00:00+00:00,10000000.0
2000-06-14 00:00:00+00:00,10000000.0
2000-06-15 00:00:00+00:00,10000000.0
2000-06-16 00:00:00+00:00,10000000.0
2000-06-19 00:00:00+00:00,10000000.0
2000-06-20 00:00:00+00:00,10000000.0
2000-06-21 00:00:00+00:00,10000000.0
2000-06-22 00:00:00+00:00,10000000.0
2000-06-23 00:00:00+00:00,10000000.0
2000-06-26 00:00:00+00:00,10000000.0
2000-06-27 00:00:00+00:00,10000000.0
2000-06-28 00:00:00+00:00,10000000.0
2000-06-29 00:00:00+00:00,10000000.0
2000-06-30 00:00:00+00:00,10000000.0
2000-07-03 00:00:00+00:00,10000000.0
2000-07-04 00:00:00+00:00,10000000.0
2000-07-05 00:00:00+00:00,10000000.0
2000-07-06 00:00:00+00:00,10000000.0
2000-07-07 00:00:00+00:00,10000000.0
2000-07-10 00:00:00+00:00,10000000.0
2000-07-11 00:00:00+00:00,10000000.0
2000-07-12 00:00:00+00:00,10000000.0
2000-07-13 00:00:00+00:00,10000000.0
2000-07-14 00:00:00+00:00,10000000.0
2000-07-17 00:00:00+00:00,10000000.0
2000-07-18 00:00:00+00:00,10000000.0
2000-07-19 00:00:00+00:00,10000000.0
2000-07-20 00:00:00+00:00,10000000.0
2000-07-21 00:00:00+00:00,10000000.0
2000-07-24 00:00:00+00:00,10000000.0
2000-07-25 00:00:00+00:00,10000000.0
2000-07-26 00:00:00+00:00,10000000.0
2000-07-27 00:00:00+00:00,10000000.0
2000-07-28 00:00:00+00:00,10000000.0
2000-07-31 00:00:00+00:00,10000000.0
2000-08-01 00:00:00+00:00,10000000.0
2000-08-02 00:00:00+00:00,10000000.0
2000-08-03 00:00:00+00:00,10000000.0
2000-08-04 00:00:00+00:00,10000000.0
2000-08-07 00:00:00+00:00,10000000.0
2000-08-08 00:00:00+00:00,10000000.0
2000-08-09 00:00:00+00:00,10000000.0
2000-08-10 00:00:00+00:00,10000000.0
2000-08-11 00:00:00+00:00,10000000.0
2000-08-14 00:00:00+00:00,10000000.0
2000-08-15 00:00:00+00:00,10000000.0
2000-08-16 00:00:00+00:00,10000000.0
2000-08-17 00:00:00+00:00,10000000.0
2000-08-18 00:00:00+00:00,10000000.0
2000-08-21 00:00:00+00:00,10000000.0
2000-08-22 00:00:00+00:00,10000000.0
2000-08-23 00:00:00+00:00,10000000.0
2000-08-24 00:00:00+00:00,10000000.0
2000-08-25 00:00:00+00:00,10000000.0
2000-08-28 00:00:00+00:00,10000000.0
2000-08-29 00:00:00+00:00,10000000.0
2000-08-30 00:00:00+00:00,10000000.0
2000-08-31 00:00:00+00:00,10000000.0
2000-09-01 00:00:00+00:00,10000000.0
2000-09-04 00:00:00+00:00,10000000.0
2000-09-05 00:00:00+00:00,10000000.0
2000-09-06 00:00:00+00:00,10000000.0
2000-09-07 00:00:00+00:00,10000000.0
2000-09-08 00:00:00+00:00,10000000.0
2000-09-11 00:00:00+00:00,10000000.0
2000-09-12 00:00:00+00:00,10000000.0
2000-09-13 00:00:00+00:00,10000000.0
2000-09-14 00:00:00+00:00,10000000.0
2000-09-15 00:00:00+00:00,10000000.0
2000-09-18 00:00:00+00:00,10000000.0
2000-09-19 00:00:00+00:00,10000000.0
2000-09-20 00:00:00+00:00,10000000.0
2000-09-21 00:00:00+00:00,10000000.0
2000-09-22 00:00:00+00:00,10000000.0
2000-09-25 00:00:00+00:00,10000000.0
2000-09-26 00:00:00+00:00,10000000.0
2000-09-27 00:00:00+00:00,10000000.0
2000-09-28 00:00:00+00:00,10000000.0
2000-09-29 00:00:00+00:00,10000000.0
2000-10-02 00:00:00+00:00,10000000.0
2000-10-03 00:00:00+00:00,10000000.0
2000-10-04 00:00:00+00:00,10000000.0
2000-10-05 00:00:00+00:00,10000000.0
2000-10-06 00:00:00+00:00,10000000.0
2000-10-09 00:00:00+00:00,10000000.0
2000-10-10 00:00:00+00:00,10000000.0
2000-10-11 00:00:00+00:00,10000000.0
2000-10-12 00:00:00+00:00,10000000.0
2000-10-13 00:00:00+00:00,10000000.0
2000-10-16 00:00:00+00:00,10000000.0
2000-10-17 00:00:00+00:00,10000000.0
2000-10-18 00:00:00+00:00,10000000.0
2000-10-19 00:00:00+00:00,10000000.0
2000-10-20 00:00:00+00:00,10000000.0
2000-10-23 00:00:00+00:00,10000000.0
2000-10-24 00:00:00+00:00,10000000.0
2000-10-25 00:00:00+00:00,10000000.0
2000-10-26 00:00:00+00:00,10000000.0
2000-10-27 00:00:00+00:00,10000000.0
2000-10-30 00:00:00+00:00,10000000.0
2000-10-31 00:00:00+00:00,10000000.0
2000-11-01 00:00:00+00:00,10000000.0
2000-11-02 00:00:00+00:00,10000000.0
2000-11-03 00:00:00+00:00,10000000.0
2000-11-06 00:00:00+00:00,10000000.0
2000-11-07 00:00:00+00:00,10000000.0
2000-11-08 00:00:00+00:00,10000000.0
2000-11-09 00:00:00+00:00,10000000.0
2000-11-10 00:00:00+00:00,10000000.0
2000-11-13 00:00:00+00:00,10000000.0
2000-11-14 00:00:00+00:00,10000000.0
2000-11-15 00:00:00+00:00,10000000.0
2000-11-16 00:00:00+00:00,10000000.0
2000-11-17 00:00:00+00:00,10000000.0
2000-11-20 00:00:00+00:00,10000000.0
2000-11-21 00:00:00+00:00,10000000.0
2000-11-22 00:00:00+00:00,10000000.0
2000-11-23 00:00:00+00:00,10000000.0
2000-11-24 00:00:00+00:00,10000000.0
2000-11-27 00:00:00+00:00,10000000.0
2000-11-28 00:00:00+00:00,10000000.0
2000-11-29 00:00:00+00:00,10000000.0
2000-11-30 00:00:00+00:00,10000000.0
2000-12-01 00:00:00+00:00,10000000.0
2000-12-04 00:00:00+00:00,10000000.0
2000-12-05 00:00:00+00:00,10000000.0
2000-12-06 00:00:00+00:00,10000000.0
2000-12-07 00:00:00+00:00,10000000.0
2000-12-08 00:00:00+00:00,10000000.0
2000-12-11 00:00:00+00:00,10000000.0
2000-12-12 00:00:00+00:00,10000000.0
2000-12-13 00:00:00+00:00,10000000.0
2000-12-14 00:00:00+00:00,10000000.0
2000-12-15 00:00:00+00:00,10000000.0
2000-12-18 00:00:00+00:00,10000000.0
2000-12-19 00:00:00+00:00,10000000.0
2000-12-20 00:00:00+00:00,10000000.0
2000-12-21 00:00:00+00:00,10000000.0
2000-12-22 00:00:00+00:00,10000000.0
2000-12-25 00:00:00+00:00,10000000.0
2000-12-26 00:00:00+00:00,10000000.0
2000-12-27 00:00:00+00:00,10000000.0
2000-12-28 00:00:00+00:00,10000000.0
2000-12-29 00:00:00+00:00,10000000.0
2001-01-01 00:00:00+00:00,10000000.0
2001-01-02 00:00:00+00:00,10000000.0
2001-01-03 00:00:00+00:00,10000000.0
2001-01-04 00:00:00+00:00,10000000.0
2001-01-05 00:00:00+00:00,10000000.0
2001-01-08 00:00:00+00:00,10000000.0
2001-01-09 00:00:00+00:00,10000000.0
2001-01-10 00:00:00+00:00,10000000.0
2001-01-11 00:00:00+00:00,10000000.0
2001-01-12 00:00:00+00:00,10000000.0
2001-01-15 00:00:00+00:00,10000000.0
2001-01-16 00:00:00+00:00,10000000.0
2001-01-17 00:00:00+00:00,10000000.0
2001-01-18 00:00:00+00:00,10000000.0
2001-01-19 00:00:00+00:00,10005270.692240352
2001-01-22 00:00:00+00:00,10022117.927441234
2001-01-23 00:00:00+00:00,10017202.613725299
2001-01-24 00:00:00+00:00,10021690.16552698
2001-01-25 00:00:00+00:00,10045355.440636272
2001-01-26 00:00:00+00:00,10045355.440636272
2001-01-29 00:00:00+00:00,10009995.781054134
2001-01-30 00:00:00+00:00,10009805.297652835
2001-01-31 00:00:00+00:00,10006848.471645946
2001-02-01 00:00:00+00:00,9999764.945747012
2001-02-02 00:00:00+00:00,10007814.146006221
2001-02-05 00:00:00+00:00,10025365.836868877
2001-02-06 00:00:00+00:00,10026416.625129336
2001-02-07 00:00:00+00:00,10008306.161158198
2001-02-08 00:00:00+00:00,10059707.82727396
2001-02-09 00:00:00+00:00,10096514.346989268
2001-02-12 00:00:00+00:00,10076655.961738223
2001-02-13 00:00:00+00:00,10099036.942566508
2001-02-14 00:00:00+00:00,10104474.024224872
2001-02-15 00:00:00+00:00,10104054.566459293
2001-02-16 00:00:00+00:00,10073176.500905627
2001-02-19 00:00:00+00:00,10080804.359678453
2001-02-20 00:00:00+00:00,10078620.978104299
2001-02-21 00:00:00+00:00,10075430.112864679
2001-02-22 00:00:00+00:00,10070817.32568187
2001-02-23 00:00:00+00:00,10036697.634906476
2001-02-26 00:00:00+00:00,10042525.980554765
2001-02-27 00:00:00+00:00,10046472.787809556
2001-02-28 00:00:00+00:00,10016918.20017547
2001-03-01 00:00:00+00:00,10016192.941383546
2001-03-02 00:00:00+00:00,9990797.945440477
2001-03-05 00:00:00+00:00,9944627.85334844
2001-03-06 00:00:00+00:00,9944627.85334844
2001-03-07 00:00:00+00:00,9966421.321290677
2001-03-08 00:00:00+00:00,9975999.088819211
2001-03-09 00:00:00+00:00,9938712.006605333
2001-03-12 00:00:00+00:00,9884243.350095456
2001-03-13 00:00:00+00:00,9818922.753940767
2001-03-14 00:00:00+00:00,9874526.09676761
2001-03-15 00:00:00+00:00,9918928.08992738
2001-03-16 00:00:00+00:00,9892927.776211446
2001-03-19 00:00:00+00:00,9903471.759606069
2001-03-20 00:00:00+00:00,9889769.908832693
2001-03-21 00:00:00+00:00,9926186.664923334
2001-03-22 00:00:00+00:00,9915459.36703434
2001-03-23 00:00:00+00:00,9875864.320588732
2001-03-26 00:00:00+00:00,9872364.847357893
2001-03-27 00:00:00+00:00,9910885.97848525
2001-03-28 00:00:00+00:00,9943750.928094411
2001-03-29 00:00:00+00:00,9943097.165675784
2001-03-30 00:00:00+00:00,9899755.470407868
2001-04-02 00:00:00+00:00,9879582.005555892
2001-04-03 00:00:00+00:00,9897873.027105952
2001-04-04 00:00:00+00:00,9885259.473925972
2001-04-05 00:00:00+00:00,9885259.473925972
2001-04-06 00:00:00+00:00,9891812.980874563
2001-04-09 00:00:00+00:00,9880536.718243027
2001-04-10 00:00:00+00:00,9864714.617382193
2001-04-11 00:00:00+00:00,9842811.20849874
2001-04-12 00:00:00+00:00,9823500.484877253
2001-04-13 00:00:00+00:00,9823500.484877253
2001-04-16 00:00:00+00:00,9859009.75180676
2001-04-17 00:00:00+00:00,9887628.458069945
2001-04-18 00:00:00+00:00,9945901.914230408
2001-04-19 00:00:00+00:00,9961905.683694901
2001-04-20 00:00:00+00:00,9946450.04991919
2001-04-23 00:00:00+00:00,9943148.47564608
2001-04-24 00:00:00+00:00,9933808.519457879
2001-04-25 00:00:00+00:00,9976876.139398636
2001-04-26 00:00:00+00:00,9964152.516081871
2001-04-27 00:00:00+00:00,9907971.839541497
2001-04-30 00:00:00+00:00,9920687.267397942
2001-05-01 00:00:00+00:00,9920687.267397942
2001-05-02 00:00:00+00:00,9937451.08264071
2001-05-03 00:00:00+00:00,9924338.071574273
2001-05-04 00:00:00+00:00,9939738.00545031
2001-05-07 00:00:00+00:00,9964403.334217133
2001-05-08 00:00:00+00:00,9968626.71806723
2001-05-09 00:00:00+00:00,9960122.664343895
2001-05-10 00:00:00+00:00,9966212.392738404
2001-05-11 00:00:00+00:00,9950906.96488768
2001-05-14 00:00:00+00:00,9946243.400403084
2001-05-15 00:00:00+00:00,9966733.783179345
2001-05-16 00:00:00+00:00,9977350.456604065
2001-05-17 00:00:00+00:00,9982851.329543533
2001-05-18 00:00:00+00:00,9999378.052371444
2001-05-21 00:00:00+00:00,9982170.13268608
2001-05-22 00:00:00+00:00,9988344.318134727
2001-05-23 00:00:00+00:00,9992866.584240379
2001-05-24 00:00:00+00:00,9999993.378533782
2001-05-25 00:00:00+00:00,9993855.66645378
2001-05-28 00:00:00+00:00,10009783.634782257
2001-05-29 00:00:00+00:00,10009538.595795097
2001-05-30 00:00:00+00:00,9998820.242952766
2001-05-31 00:00:00+00:00,10001524.550713005
2001-06-01 00:00:00+00:00,9986704.703362884
2001-06-04 00:00:00+00:00,9975147.364592018
2001-06-05 00:00:00+00:00,9945557.68404335
2001-06-06 00:00:00+00:00,9942174.671909751
2001-06-07 00:00:00+00:00,9925638.77685398
2001-06-08 00:00:00+00:00,9951708.281823577
2001-06-11 00:00:00+00:00,9955884.968626441
2001-06-12 00:00:00+00:00,9958649.403462829
2001-06-13 00:00:00+00:00,9964636.965175094
2001-06-14 00:00:00+00:00,9961859.141738357
2001-06-15 00:00:00+00:00,9954562.844934378
2001-06-18 00:00:00+00:00,9945972.976064596
2001-06-19 00:00:00+00:00,9947065.49390689
2001-06-20 00:00:00+00:00,9959750.443103705
2001-06-21 00:00:00+00:00,9948712.848359022
2001-06-22 00:00:00+00:00,9939078.130907927
2001-06-25 00:00:00+00:00,9907493.351612005
2001-06-26 00:00:00+00:00,9936055.988597784
2001-06-27 00:00:00+00:00,9923255.266813193
2001-06-28 00:00:00+00:00,9910894.78812972
2001-06-29 00:00:00+00:00,9931230.536514197
2001-07-02 00:00:00+00:00,9935817.019388113
2001-07-03 00:00:00+00:00,9925245.756573591
2001-07-04 00:00:00+00:00,9908417.477582846
2001-07-05 00:00:00+00:00,9915233.265970144
2001-07-06 00:00:00+00:00,9907155.308394346
2001-07-09 00:00:00+00:00,9916819.681434546
2001-07-10 00:00:00+00:00,9927504.263409529
2001-07-11 00:00:00+00:00,9911571.199415121
2001-07-12 00:00:00+00:00,9921788.759858046
2001-07-13 00:00:00+00:00,9938074.908527289
2001-07-16 00:00:00+00:00,9938575.181983605
2001-07-17 00:00:00+00:00,9931047.321913376
2001-07-18 00:00:00+00:00,9925266.984181061
2001-07-19 00:00:00+00:00,9925799.509277001
2001-07-20 00:00:00+00:00,9923272.989982262
2001-07-23 00:00:00+00:00,9924937.397944108
2001-07-24 00:00:00+00:00,9889703.519434586
2001-07-25 00:00:00+00:00,9879100.833784714
2001-07-26 00:00:00+00:00,9889812.638978615
2001-07-27 00:00:00+00:00,9890790.53804268
2001-07-30 00:00:00+00:00,9906524.797648087
2001-07-31 00:00:00+00:00,9911713.235294
2001-08-01 00:00:00+00:00,9909843.985596314
2001-08-02 00:00:00+00:00,9923786.16402401
2001-08-03 00:00:00+00:00,9938077.605950013
2001-08-06 00:00:00+00:00,9934109.457484856
2001-08-07 00:00:00+00:00,9937954.996597901
2001-08-08 00:00:00+00:00,9927249.224589005
2001-08-09 00:00:00+00:00,9923141.675881043
2001-08-10 00:00:00+00:00,9909590.869866982
2001-08-13 00:00:00+00:00,9914774.866111413
2001-08-14 00:00:00+00:00,9895193.157714164
2001-08-15 00:00:00+00:00,9895193.157714164
2001-08-16 00:00:00+00:00,9879086.298652207
2001-08-17 00:00:00+00:00,9889732.761544978
2001-08-20 00:00:00+00:00,9881589.200715339
2001-08-21 00:00:00+00:00,9880011.83190397
2001-08-22 00:00:00+00:00,9880011.83190397
2001-08-23 00:00:00+00:00,9894850.813332355
2001-08-24 00:00:00+00:00,9895827.989051377
2001-08-27 00:00:00+00:00,9903631.117363727
2001-08-28 00:00:00+00:00,9912264.192834651
2001-08-29 00:00:00+00:00,9914447.779166972
2001-08-30 00:00:00+00:00,9901952.642885005
2001-08-31 00:00:00+00:00,9889076.269944942
2001-09-03 00:00:00+00:00,9879375.74236468
2001-09-04 00:00:00+00:00,9878059.54345659
2001-09-05 00:00:00+00:00,9894105.524923598
2001-09-06 00:00:00+00:00,9897960.70823077
2001-09-07 00:00:00+00:00,9893817.76107291
2001-09-10 00:00:00+00:00,9882940.61868552
2001-09-11 00:00:00+00:00,9856141.20639876
2001-09-12 00:00:00+00:00,9824862.714571197
2001-09-13 00:00:00+00:00,9810865.989119966
2001-09-14 00:00:00+00:00,9777695.03126045
2001-09-17 00:00:00+00:00,9735480.14933582
2001-09-18 00:00:00+00:00,9766803.188889224
2001-09-19 00:00:00+00:00,9778809.642624576
2001-09-20 00:00:00+00:00,9793908.9689519
2001-09-21 00:00:00+00:00,9778110.798238236
2001-09-24 00:00:00+00:00,9790240.830203969
2001-09-25 00:00:00+00:00,9792041.474681575
2001-09-26 00:00:00+00:00,9796152.137025554
2001-09-27 00:00:00+00:00,9799963.801748473
2001-09-28 00:00:00+00:00,9815243.197652299
2001-10-01 00:00:00+00:00,9810659.638165195
2001-10-02 00:00:00+00:00,9810659.638165195
2001-10-03 00:00:00+00:00,9811196.101557214
2001-10-04 00:00:00+00:00,9820612.910230357
2001-10-05 00:00:00+00:00,9805443.539183576
2001-10-08 00:00:00+00:00,9786454.532129008
2001-10-09 00:00:00+00:00,9814247.230937202
2001-10-10 00:00:00+00:00,9811439.790192802
2001-10-11 00:00:00+00:00,9806106.30492426
2001-10-12 00:00:00+00:00,9812826.54077841
2001-10-15 00:00:00+00:00,9710374.575340997
2001-10-16 00:00:00+00:00,9715850.682327759
2001-10-17 00:00:00+00:00,9744330.045016538
2001-10-18 00:00:00+00:00,9763342.78093649
2001-10-19 00:00:00+00:00,9763537.204834234
2001-10-22 00:00:00+00:00,9750639.666495334
2001-10-23 00:00:00+00:00,9759630.026227485
2001-10-24 00:00:00+00:00,9769185.473270427
2001-10-25 00:00:00+00:00,9769504.19698621
2001-10-26 00:00:00+00:00,9769504.19698621
2001-10-29 00:00:00+00:00,9769403.012111198
2001-10-30 00:00:00+00:00,9759440.902846824
2001-10-31 00:00:00+00:00,9766053.75597502
2001-11-01 00:00:00+00:00,9786114.729026806
2001-11-02 00:00:00+00:00,9802473.42698766
2001-11-05 00:00:00+00:00,9796399.396277439
2001-11-06 00:00:00+00:00,9799256.257693063
2001-11-07 00:00:00+00:00,9791600.524735224
2001-11-08 00:00:00+00:00,9802032.963495504
2001-11-09 00:00:00+00:00,9801770.992723273
2001-11-12 00:00:00+00:00,9813236.516205834
2001-11-13 00:00:00+00:00,9806090.484917449
2001-11-14 00:00:00+00:00,9820765.023419188
2001-11-15 00:00:00+00:00,9817480.122104691
2001-11-16 00:00:00+00:00,9817480.122104691
2001-11-19 00:00:00+00:00,9835504.039830254
2001-11-20 00:00:00+00:00,9807676.329352664
2001-11-21 00:00:00+00:00,9827738.83401923
2001-11-22 00:00:00+00:00,9836066.388061332
2001-11-23 00:00:00+00:00,9831867.236586856
2001-11-26 00:00:00+00:00,9833288.553921746
2001-11-27 00:00:00+00:00,9830030.320077227
2001-11-28 00:00:00+00:00,9829617.799619006
2001-11-29 00:00:00+00:00,9816826.971068667
2001-11-30 00:00:00+00:00,9816826.971068667
2001-12-03 00:00:00+00:00,9826005.181994485
2001-12-04 00:00:00+00:00,9821762.338230656
2001-12-05 00:00:00+00:00,9849225.1671422
2001-12-06 00:00:00+00:00,9845773.23533492
2001-12-07 00:00:00+00:00,9857518.13714485
2001-12-10 00:00:00+00:00,9873638.077201162
2001-12-11 00:00:00+00:00,9849455.53224853
2001-12-12 00:00:00+00:00,9830411.93752912
2001-12-13 00:00:00+00:00,9826895.541334186
2001-12-14 00:00:00+00:00,9824989.503182445
2001-12-17 00:00:00+00:00,9824989.503182445
2001-12-18 00:00:00+00:00,9817345.922871146
2001-12-19 00:00:00+00:00,9798055.157856736
2001-12-20 00:00:00+00:00,9794551.075400624
2001-12-21 00:00:00+00:00,9784965.728009019
2001-12-24 00:00:00+00:00,9776283.741573367
2001-12-25 00:00:00+00:00,9776283.741573367
2001-12-26 00:00:00+00:00,9760746.212131295
2001-12-27 00:00:00+00:00,9738806.639584813
2001-12-28 00:00:00+00:00,9742227.719419036
2001-12-31 00:00:00+00:00,9769581.958381925
2002-01-01 00:00:00+00:00,9771089.968797956
2002-01-02 00:00:00+00:00,9776366.932146583
2002-01-03 00:00:00+00:00,9794947.418532643
2002-01-04 00:00:00+00:00,9795425.106540952
2002-01-07 00:00:00+00:00,9790719.6142948
2002-01-08 00:00:00+00:00,9806968.724724915
2002-01-09 00:00:00+00:00,9811159.543585207
2002-01-10 00:00:00+00:00,9812314.722950127
2002-01-11 00:00:00+00:00,9809271.254713919
2002-01-14 00:00:00+00:00,9848063.41677704
2002-01-15 00:00:00+00:00,9838198.487919237
2002-01-16 00:00:00+00:00,9835363.387652066
2002-01-17 00:00:00+00:00,9844765.298454668
2002-01-18 00:00:00+00:00,9845572.699342635
2002-01-21 00:00:00+00:00,9860234.009036686
2002-01-22 00:00:00+00:00,9850672.968828108
2002-01-23 00:00:00+00:00,9846948.013471033
2002-01-24 00:00:00+00:00,9826617.195294287
2002-01-25 00:00:00+00:00,9812358.173439648
2002-01-28 00:00:00+00:00,9816050.482943919
2002-01-29 00:00:00+00:00,9822328.9346365
2002-01-30 00:00:00+00:00,9816124.894588616
2002-01-31 00:00:00+00:00,9823672.550398733
2002-02-01 00:00:00+00:00,9868754.080567982
2002-02-04 00:00:00+00:00,9895650.417050984
2002-02-05 00:00:00+00:00,9953697.11533108
2002-02-06 00:00:00+00:00,9996377.633129902
2002-02-07 00:00:00+00:00,10019283.878295012
2002-02-08 00:00:00+00:00,9999426.395862646
2002-02-11 00:00:00+00:00,10025924.288781233
2002-02-12 00:00:00+00:00,10030739.032456703
2002-02-13 00:00:00+00:00,10107232.203797407
2002-02-14 00:00:00+00:00,10141291.583633728
2002-02-15 00:00:00+00:00,10136126.66424758
2002-02-18 00:00:00+00:00,9962232.706796952
2002-02-19 00:00:00+00:00,10103356.915374584
2002-02-20 00:00:00+00:00,10107456.470468827
2002-02-21 00:00:00+00:00,10111183.032716103
2002-02-22 00:00:00+00:00,10143592.837206908
2002-02-25 00:00:00+00:00,10146367.369339772
2002-02-26 00:00:00+00:00,10193386.037594147
2002-02-27 00:00:00+00:00,10163011.484714337
2002-02-28 00:00:00+00:00,10079606.82563407
2002-03-01 00:00:00+00:00,10149318.864464827
2002-03-04 00:00:00+00:00,10186543.986335106
2002-03-05 00:00:00+00:00,10185975.450530358
2002-03-06 00:00:00+00:00,10182580.076617308
2002-03-07 00:00:00+00:00,10180039.419672787
2002-03-08 00:00:00+00:00,10190765.842916787
2002-03-11 00:00:00+00:00,10164078.614875853
2002-03-12 00:00:00+00:00,10142798.660614073
2002-03-13 00:00:00+00:00,10164491.456843674
2002-03-14 00:00:00+00:00,10182588.780753434
2002-03-15 00:00:00+00:00,10208363.029301226
2002-03-18 00:00:00+00:00,10219539.45378524
2002-03-19 00:00:00+00:00,10176727.161469042
2002-03-20 00:00:00+00:00,10175987.250050843
2002-03-21 00:00:00+00:00,10202345.629314005
2002-03-22 00:00:00+00:00,10209741.605780423
2002-03-25 00:00:00+00:00,10209741.605780423
2002-03-26 00:00:00+00:00,10205175.93064934
2002-03-27 00:00:00+00:00,10241961.239202082
2002-03-28 00:00:00+00:00,10257413.222085297
2002-03-29 00:00:00+00:00,10257413.222085297
2002-04-01 00:00:00+00:00,10357942.676224053
2002-04-02 00:00:00+00:00,10377839.650348246
2002-04-03 00:00:00+00:00,10384176.191337883
2002-04-04 00:00:00+00:00,10395605.981067002
2002-04-05 00:00:00+00:00,10391854.085433776
2002-04-08 00:00:00+00:00,10405104.78236919
2002-04-09 00:00:00+00:00,10375125.487192685
2002-04-10 00:00:00+00:00,10384225.887518937
2002-04-11 00:00:00+00:00,10410722.369776303
2002-04-12 00:00:00+00:00,10411907.997589165
2002-04-15 00:00:00+00:00,10377247.351995045
2002-04-16 00:00:00+00:00,10371614.593367154
2002-04-17 00:00:00+00:00,10395029.323909337
2002-04-18 00:00:00+00:00,10420709.28064161
2002-04-19 00:00:00+00:00,10363829.57760554
2002-04-22 00:00:00+00:00,10359193.658226306
2002-04-23 00:00:00+00:00,10382432.424285466
2002-04-24 00:00:00+00:00,10398146.24024635
2002-04-25 00:00:00+00:00,10395536.52176004
2002-04-26 00:00:00+00:00,10411612.374867732
2002-04-29 00:00:00+00:00,10419500.780748898
2002-04-30 00:00:00+00:00,10498354.855551774
2002-05-01 00:00:00+00:00,10498354.855551774
2002-05-02 00:00:00+00:00,10516100.571607405
2002-05-03 00:00:00+00:00,10500669.79463821
2002-05-06 00:00:00+00:00,10517032.704962043
2002-05-07 00:00:00+00:00,10544270.733567981
2002-05-08 00:00:00+00:00,10559302.068464069
2002-05-09 00:00:00+00:00,10578422.152520446
2002-05-10 00:00:00+00:00,10522389.289775876
2002-05-13 00:00:00+00:00,10525442.174268512
2002-05-14 00:00:00+00:00,10536382.631399421
2002-05-15 00:00:00+00:00,10523863.609770803
2002-05-16 00:00:00+00:00,10544653.13691309
2002-05-17 00:00:00+00:00,10510848.78796175
2002-05-20 00:00:00+00:00,10450366.759846954
2002-05-21 00:00:00+00:00,10401422.233202485
2002-05-22 00:00:00+00:00,10407081.482298164
2002-05-23 00:00:00+00:00,10401288.838526992
2002-05-24 00:00:00+00:00,10415056.139771728
2002-05-27 00:00:00+00:00,10370509.770089893
2002-05-28 00:00:00+00:00,10322319.039332895
2002-05-29 00:00:00+00:00,10363694.577321319
2002-05-30 00:00:00+00:00,10340817.420140294
2002-05-31 00:00:00+00:00,10346109.077522544
2002-06-03 00:00:00+00:00,10394310.345542936
2002-06-04 00:00:00+00:00,10376390.449100541
2002-06-05 00:00:00+00:00,10445734.023464965
2002-06-06 00:00:00+00:00,10473244.929505633
2002-06-07 00:00:00+00:00,10426729.131371783
2002-06-10 00:00:00+00:00,10486067.120806264
2002-06-11 00:00:00+00:00,10547166.53023629
2002-06-12 00:00:00+00:00,10585292.807680892
2002-06-13 00:00:00+00:00,10570459.214932965
2002-06-14 00:00:00+00:00,10584017.244638966
2002-06-17 00:00:00+00:00,10599358.03243594
2002-06-18 00:00:00+00:00,10578845.037914561
2002-06-19 00:00:00+00:00,10551968.234524773
2002-06-20 00:00:00+00:00,10540870.804904746
2002-06-21 00:00:00+00:00,10540939.670904921
2002-06-24 00:00:00+00:00,10556800.436770247
2002-06-25 00:00:00+00:00,10524414.38189702
2002-06-26 00:00:00+00:00,10504627.135958241
2002-06-27 00:00:00+00:00,10515991.367351817
2002-06-28 00:00:00+00:00,10542143.821981238
2002-07-01 00:00:00+00:00,10567079.176469134
2002-07-02 00:00:00+00:00,10588453.654931115
2002-07-03 00:00:00+00:00,10594418.014228202
2002-07-04 00:00:00+00:00,10653821.621742107
2002-07-05 00:00:00+00:00,10688701.44010625
2002-07-08 00:00:00+00:00,10654926.527362205
2002-07-09 00:00:00+00:00,10645338.133143283
2002-07-10 00:00:00+00:00,10632867.699478008
2002-07-11 00:00:00+00:00,10625163.174049236
2002-07-12 00:00:00+00:00,10649628.282770492
2002-07-15 00:00:00+00:00,10686286.986448146
2002-07-16 00:00:00+00:00,10644470.352251627
2002-07-17 00:00:00+00:00,10611622.187365152
2002-07-18 00:00:00+00:00,10656115.639526702
2002-07-19 00:00:00+00:00,10636971.005772687
2002-07-22 00:00:00+00:00,10582326.188240387
2002-07-23 00:00:00+00:00,10621065.876798965
2002-07-24 00:00:00+00:00,10593434.103437759
2002-07-25 00:00:00+00:00,10609298.787185289
2002-07-26 00:00:00+00:00,10576334.356978275
2002-07-29 00:00:00+00:00,10527490.761767484
2002-07-30 00:00:00+00:00,10474821.115778543
2002-07-31 00:00:00+00:00,10463832.458828785
2002-08-01 00:00:00+00:00,10456759.806132073
2002-08-02 00:00:00+00:00,10482388.904961342
2002-08-05 00:00:00+00:00,10520966.947987074
2002-08-06 00:00:00+00:00,10542199.528457636
2002-08-07 00:00:00+00:00,10554921.143278832
2002-08-08 00:00:00+00:00,10509271.301598066
2002-08-09 00:00:00+00:00,10535785.505189175
2002-08-12 00:00:00+00:00,10541574.595753426
2002-08-13 00:00:00+00:00,10559092.919000858
2002-08-14 00:00:00+00:00,10544012.480052227
2002-08-15 00:00:00+00:00,10544012.480052227
2002-08-16 00:00:00+00:00,10560123.492586607
2002-08-19 00:00:00+00:00,10550742.997563595
2002-08-20 00:00:00+00:00,10569839.535632605
2002-08-21 00:00:00+00:00,10575212.236086363
2002-08-22 00:00:00+00:00,10542948.82789206
2002-08-23 00:00:00+00:00,10533991.598386282
2002-08-26 00:00:00+00:00,10550805.883128399
2002-08-27 00:00:00+00:00,10524615.715130324
2002-08-28 00:00:00+00:00,10522561.04994678
2002-08-29 00:00:00+00:00,10507096.21762442
2002-08-30 00:00:00+00:00,10503727.305605873
2002-09-02 00:00:00+00:00,10516718.527611718
2002-09-03 00:00:00+00:00,10508523.220405564
2002-09-04 00:00:00+00:00,10500363.770446762
2002-09-05 00:00:00+00:00,10515671.617563233
2002-09-06 00:00:00+00:00,10489545.086138949
2002-09-09 00:00:00+00:00,10407047.202355132
2002-09-10 00:00:00+00:00,10407047.202355132
2002-09-11 00:00:00+00:00,10408774.998024449
2002-09-12 00:00:00+00:00,10423173.784019932
2002-09-13 00:00:00+00:00,10427377.407005057
2002-09-16 00:00:00+00:00,10414353.946450934
2002-09-17 00:00:00+00:00,10401948.599765524
2002-09-18 00:00:00+00:00,10379914.133837923
2002-09-19 00:00:00+00:00,10364411.13216947
2002-09-20 00:00:00+00:00,10368135.327649578
2002-09-23 00:00:00+00:00,10365034.860069975
2002-09-24 00:00:00+00:00,10360828.683724627
2002-09-25 00:00:00+00:00,10366622.01991485
2002-09-26 00:00:00+00:00,10366878.976696953
2002-09-27 00:00:00+00:00,10373635.172502503
2002-09-30 00:00:00+00:00,10367203.672689952
2002-10-01 00:00:00+00:00,10365102.352271356
2002-10-02 00:00:00+00:00,10365102.352271356
2002-10-03 00:00:00+00:00,10356093.16061858
2002-10-04 00:00:00+00:00,10363000.89817337
2002-10-07 00:00:00+00:00,10397214.6901863
2002-10-08 00:00:00+00:00,10421650.179381646
2002-10-09 00:00:00+00:00,10424292.656345405
2002-10-10 00:00:00+00:00,10427783.967091598
2002-10-11 00:00:00+00:00,10478398.991965331
2002-10-14 00:00:00+00:00,10482025.713065423
2002-10-15 00:00:00+00:00,10482025.713065423
2002-10-16 00:00:00+00:00,10470766.939544
2002-10-17 00:00:00+00:00,10461490.165921964
2002-10-18 00:00:00+00:00,10481280.993046321
2002-10-21 00:00:00+00:00,10493464.131480254
2002-10-22 00:00:00+00:00,10438140.020530023
2002-10-23 00:00:00+00:00,10422716.297907151
2002-10-24 00:00:00+00:00,10402820.314793624
2002-10-25 00:00:00+00:00,10395717.342793263
2002-10-28 00:00:00+00:00,10387636.1535509
2002-10-29 00:00:00+00:00,10403384.352219278
2002-10-30 00:00:00+00:00,10408844.41005891
2002-10-31 00:00:00+00:00,10441789.530401642
2002-11-01 00:00:00+00:00,10468169.381243164
2002-11-04 00:00:00+00:00,10473977.725140983
2002-11-05 00:00:00+00:00,10450112.483395511
2002-11-06 00:00:00+00:00,10448890.141595775
2002-11-07 00:00:00+00:00,10454594.700335676
2002-11-08 00:00:00+00:00,10458167.083235437
2002-11-11 00:00:00+00:00,10427622.67482465
2002-11-12 00:00:00+00:00,10437814.25781625
2002-11-13 00:00:00+00:00,10436421.296854192
2002-11-14 00:00:00+00:00,10399187.529336387
2002-11-15 00:00:00+00:00,10405682.335411483
2002-11-18 00:00:00+00:00,10452373.96775549
2002-11-19 00:00:00+00:00,10452289.673865492
2002-11-20 00:00:00+00:00,10440246.170764858
2002-11-21 00:00:00+00:00,10440262.608361179
2002-11-22 00:00:00+00:00,10452761.655604297
2002-11-25 00:00:00+00:00,10486201.587669784
2002-11-26 00:00:00+00:00,10496001.484607155
2002-11-27 00:00:00+00:00,10491851.945671853
2002-11-28 00:00:00+00:00,10508341.936022814
2002-11-29 00:00:00+00:00,10537700.820701178
2002-12-02 00:00:00+00:00,10562799.967043217
2002-12-03 00:00:00+00:00,10526300.962395724
2002-12-04 00:00:00+00:00,10510237.72249299
2002-12-05 00:00:00+00:00,10518649.055529173
2002-12-06 00:00:00+00:00,10554356.696202334
2002-12-09 00:00:00+00:00,10524666.700916823
2002-12-10 00:00:00+00:00,10516677.425050553
2002-12-11 00:00:00+00:00,10506726.157486733
2002-12-12 00:00:00+00:00,10503939.399727877
2002-12-13 00:00:00+00:00,10522108.448495682
2002-12-16 00:00:00+00:00,10522828.143835839
2002-12-17 00:00:00+00:00,10515888.93287998
2002-12-18 00:00:00+00:00,10526602.613053378
2002-12-19 00:00:00+00:00,10520998.18682843
2002-12-20 00:00:00+00:00,10538791.96447545
2002-12-23 00:00:00+00:00,10547099.937653597
2002-12-24 00:00:00+00:00,10538726.494274195
2002-12-25 00:00:00+00:00,10538726.494274195
2002-12-26 00:00:00+00:00,10540166.612469427
2002-12-27 00:00:00+00:00,10548483.884300224
2002-12-30 00:00:00+00:00,10550028.647260658
2002-12-31 00:00:00+00:00,10566017.40579056
2003-01-01 00:00:00+00:00,10555064.343000166
2003-01-02 00:00:00+00:00,10571533.540113918
2003-01-03 00:00:00+00:00,10578024.876204483
2003-01-06 00:00:00+00:00,10555575.244709007
2003-01-07 00:00:00+00:00,10567526.305715792
2003-01-08 00:00:00+00:00,10576666.424539082
2003-01-09 00:00:00+00:00,10611982.386400454
2003-01-10 00:00:00+00:00,10596467.151572697
2003-01-13 00:00:00+00:00,10606867.514815085
2003-01-14 00:00:00+00:00,10614413.929539435
2003-01-15 00:00:00+00:00,10603646.520090573
2003-01-16 00:00:00+00:00,10620248.505396836
2003-01-17 00:00:00+00:00,10627479.326294176
2003-01-20 00:00:00+00:00,10613318.58565735
2003-01-21 00:00:00+00:00,10636706.620078556
2003-01-22 00:00:00+00:00,10646427.603025906
2003-01-23 00:00:00+00:00,10633785.720470183
2003-01-24 00:00:00+00:00,10590849.326813206
2003-01-27 00:00:00+00:00,10531309.56903623
2003-01-28 00:00:00+00:00,10558169.092652544
2003-01-29 00:00:00+00:00,10587294.82564257
2003-01-30 00:00:00+00:00,10589033.401443228
2003-01-31 00:00:00+00:00,10565871.57976006
2003-02-03 00:00:00+00:00,10574004.479686007
2003-02-04 00:00:00+00:00,10571478.12787436
2003-02-05 00:00:00+00:00,10552184.776182398
2003-02-06 00:00:00+00:00,10590622.420348153
2003-02-07 00:00:00+00:00,10613375.95049046
2003-02-10 00:00:00+00:00,10574884.372562155
2003-02-11 00:00:00+00:00,10578998.44005154
2003-02-12 00:00:00+00:00,10561127.744678006
2003-02-13 00:00:00+00:00,10559675.007215008
2003-02-14 00:00:00+00:00,10547032.085221037
2003-02-17 00:00:00+00:00,10398978.481138691
2003-02-18 00:00:00+00:00,10604673.097160324
2003-02-19 00:00:00+00:00,10616808.290383562
2003-02-20 00:00:00+00:00,10614811.293610796
2003-02-21 00:00:00+00:00,10621217.63895081
2003-02-24 00:00:00+00:00,10708342.201865785
2003-02-25 00:00:00+00:00,10698913.655097835
2003-02-26 00:00:00+00:00,10692587.168713443
2003-02-27 00:00:00+00:00,10654383.63712155
2003-02-28 00:00:00+00:00,10661230.678816192
2003-03-03 00:00:00+00:00,10635992.91114866
2003-03-04 00:00:00+00:00,10616276.497110717
2003-03-05 00:00:00+00:00,10597785.9867922
2003-03-06 00:00:00+00:00,10569942.372318141
2003-03-07 00:00:00+00:00,10543769.544911258
2003-03-10 00:00:00+00:00,10505314.345979564
2003-03-11 00:00:00+00:00,10499539.901391141
2003-03-12 00:00:00+00:00,10498398.308801048
2003-03-13 00:00:00+00:00,10470166.963035457
2003-03-14 00:00:00+00:00,10469294.266039245
2003-03-17 00:00:00+00:00,10469358.9780749
2003-03-18 00:00:00+00:00,10447892.981199615
2003-03-19 00:00:00+00:00,10433095.135082357
2003-03-20 00:00:00+00:00,10419131.448698632
2003-03-21 00:00:00+00:00,10425743.553533904
2003-03-24 00:00:00+00:00,10424317.036607854
2003-03-25 00:00:00+00:00,10398795.949671961
2003-03-26 00:00:00+00:00,10403035.161705233
2003-03-27 00:00:00+00:00,10414626.537238814
2003-03-28 00:00:00+00:00,10407301.964178301
2003-03-31 00:00:00+00:00,10378776.094681956
2003-04-01 00:00:00+00:00,10387086.382238604
2003-04-02 00:00:00+00:00,10404555.529230334
2003-04-03 00:00:00+00:00,10430796.952620722
2003-04-04 00:00:00+00:00,10446518.925122954
2003-04-07 00:00:00+00:00,10492217.678627707
2003-04-08 00:00:00+00:00,10501011.459002234
2003-04-09 00:00:00+00:00,10508767.8192446
2003-04-10 00:00:00+00:00,10479942.151460864
2003-04-11 00:00:00+00:00,10478998.455395915
2003-04-14 00:00:00+00:00,10664892.53538058
2003-04-15 00:00:00+00:00,10469182.794586875
2003-04-16 00:00:00+00:00,10474312.26028321
2003-04-17 00:00:00+00:00,10484392.334882475
2003-04-18 00:00:00+00:00,10149752.138065554
2003-04-21 00:00:00+00:00,10512131.227485873
2003-04-22 00:00:00+00:00,10506133.43925307
2003-04-23 00:00:00+00:00,10502617.029806545
2003-04-24 00:00:00+00:00,10490025.838375976
2003-04-25 00:00:00+00:00,10483549.91279023
2003-04-28 00:00:00+00:00,10486038.25663655
2003-04-29 00:00:00+00:00,10489008.156264236
2003-04-30 00:00:00+00:00,10507318.50637429
2003-05-01 00:00:00+00:00,10504159.361389091
2003-05-02 00:00:00+00:00,10506552.980996063
2003-05-05 00:00:00+00:00,10550140.777430465
2003-05-06 00:00:00+00:00,10571539.109417846
2003-05-07 00:00:00+00:00,10572936.829449585
2003-05-08 00:00:00+00:00,10557392.765420368
2003-05-09 00:00:00+00:00,10578748.499316623
2003-05-12 00:00:00+00:00,10596714.96238797
2003-05-13 00:00:00+00:00,10668052.721099308
2003-05-14 00:00:00+00:00,10735905.662462166
2003-05-15 00:00:00+00:00,10739168.030182293
2003-05-16 00:00:00+00:00,10740382.753605297
2003-05-19 00:00:00+00:00,10791474.735671451
2003-05-20 00:00:00+00:00,10842937.244410923
2003-05-21 00:00:00+00:00,10861512.585684707
2003-05-22 00:00:00+00:00,10841281.777851133
2003-05-23 00:00:00+00:00,10883780.674674539
2003-05-26 00:00:00+00:00,10541145.895566015
2003-05-27 00:00:00+00:00,10896952.796172647
2003-05-28 00:00:00+00:00,10898201.548376588
2003-05-29 00:00:00+00:00,10938450.919670133
2003-05-30 00:00:00+00:00,10949287.965621976
2003-06-02 00:00:00+00:00,10945506.255857019
2003-06-03 00:00:00+00:00,10929614.689847497
2003-06-04 00:00:00+00:00,10989490.007782964
2003-06-05 00:00:00+00:00,10990640.558842687
2003-06-06 00:00:00+00:00,10996534.086622266
2003-06-09 00:00:00+00:00,11018730.349176435
2003-06-10 00:00:00+00:00,10996530.024678258
2003-06-11 00:00:00+00:00,11010436.71795514
2003-06-12 00:00:00+00:00,11031673.52802184
2003-06-13 00:00:00+00:00,11041461.492653875
2003-06-16 00:00:00+00:00,11134496.355768709
2003-06-17 00:00:00+00:00,11165361.404512433
2003-06-18 00:00:00+00:00,11144206.883310823
2003-06-19 00:00:00+00:00,11194246.16333392
2003-06-20 00:00:00+00:00,11185965.808158316
2003-06-23 00:00:00+00:00,11147555.406170763
2003-06-24 00:00:00+00:00,11173633.180417456
2003-06-25 00:00:00+00:00,11198739.055740274
2003-06-26 00:00:00+00:00,11186050.64529077
2003-06-27 00:00:00+00:00,11210385.160634436
2003-06-30 00:00:00+00:00,11254885.240300573
2003-07-01 00:00:00+00:00,11252897.567701735
2003-07-02 00:00:00+00:00,11272769.532256521
2003-07-03 00:00:00+00:00,11266158.761037745
2003-07-04 00:00:00+00:00,11160074.452771105
2003-07-07 00:00:00+00:00,11376835.558001913
2003-07-08 00:00:00+00:00,11353723.54409162
2003-07-09 00:00:00+00:00,11325705.684619345
2003-07-10 00:00:00+00:00,11330018.985960402
2003-07-11 00:00:00+00:00,11355512.089587606
2003-07-14 00:00:00+00:00,11400053.10236255
2003-07-15 00:00:00+00:00,11379950.071756758
2003-07-16 00:00:00+00:00,11388610.707269587
2003-07-17 00:00:00+00:00,11366705.034083284
2003-07-18 00:00:00+00:00,11349803.72206489
2003-07-21 00:00:00+00:00,11322827.950857924
2003-07-22 00:00:00+00:00,11327004.566147612
2003-07-23 00:00:00+00:00,11319780.279938744
2003-07-24 00:00:00+00:00,11352674.089389132
2003-07-25 00:00:00+00:00,11377914.925119447
2003-07-28 00:00:00+00:00,11340981.795248793
2003-07-29 00:00:00+00:00,11381923.684233474
2003-07-30 00:00:00+00:00,11384596.91705923
2003-07-31 00:00:00+00:00,11407344.768964099
2003-08-01 00:00:00+00:00,11418836.920975255
2003-08-04 00:00:00+00:00,11457977.839072274
2003-08-05 00:00:00+00:00,11440623.068810986
2003-08-06 00:00:00+00:00,11435969.722998189
2003-08-07 00:00:00+00:00,11512773.816840695
2003-08-08 00:00:00+00:00,11530998.743089246
2003-08-11 00:00:00+00:00,11558613.839750575
2003-08-12 00:00:00+00:00,11540679.403885411
2003-08-13 00:00:00+00:00,11550479.896181868
2003-08-14 00:00:00+00:00,11559196.960445927
2003-08-15 00:00:00+00:00,11557808.799696969
2003-08-18 00:00:00+00:00,11574350.668812321
2003-08-19 00:00:00+00:00,11582573.431425478
2003-08-20 00:00:00+00:00,11585307.585619833
2003-08-21 00:00:00+00:00,11593403.929482367
2003-08-22 00:00:00+00:00,11620955.303460266
2003-08-25 00:00:00+00:00,11520164.612859394
2003-08-26 00:00:00+00:00,11623046.417245533
2003-08-27 00:00:00+00:00,11668105.181829121
2003-08-28 00:00:00+00:00,11653986.244408038
2003-08-29 00:00:00+00:00,11694384.258910086
2003-09-01 00:00:00+00:00,11708127.187437203
2003-09-02 00:00:00+00:00,11680695.310680058
2003-09-03 00:00:00+00:00,11615629.20353761
2003-09-04 00:00:00+00:00,11628911.634371903
2003-09-05 00:00:00+00:00,11692171.506887343
2003-09-08 00:00:00+00:00,11791577.840943243
2003-09-09 00:00:00+00:00,11761510.145943787
2003-09-10 00:00:00+00:00,11769457.945871975
2003-09-11 00:00:00+00:00,11840684.571027186
2003-09-12 00:00:00+00:00,11756843.879232075
2003-09-15 00:00:00+00:00,11704405.877579357
2003-09-16 00:00:00+00:00,11776049.324182179
2003-09-17 00:00:00+00:00,11750692.557479916
2003-09-18 00:00:00+00:00,11646875.626083432
2003-09-19 00:00:00+00:00,11660466.005991278
2003-09-22 00:00:00+00:00,11635320.235259114
2003-09-23 00:00:00+00:00,11675530.475567399
2003-09-24 00:00:00+00:00,11740751.728716908
2003-09-25 00:00:00+00:00,11756217.561576424
2003-09-26 00:00:00+00:00,11795843.777112065
2003-09-29 00:00:00+00:00,11864313.758497057
2003-09-30 00:00:00+00:00,11902614.13275796
2003-10-01 00:00:00+00:00,11945896.868735371
2003-10-02 00:00:00+00:00,11945896.868735371
2003-10-03 00:00:00+00:00,11993121.69212371
2003-10-06 00:00:00+00:00,12110649.509311972
2003-10-07 00:00:00+00:00,12066355.917693434
2003-10-08 00:00:00+00:00,12035130.753753958
2003-10-09 00:00:00+00:00,12103198.731610594
2003-10-10 00:00:00+00:00,12109679.567160664
2003-10-13 00:00:00+00:00,12169070.291507302
2003-10-14 00:00:00+00:00,12083346.251299439
2003-10-15 00:00:00+00:00,12099887.981733618
2003-10-16 00:00:00+00:00,12131733.023659272
2003-10-17 00:00:00+00:00,12124542.535925431
2003-10-20 00:00:00+00:00,12084551.86807303
2003-10-21 00:00:00+00:00,12009979.489171071
2003-10-22 00:00:00+00:00,12000196.540942235
2003-10-23 00:00:00+00:00,11987123.502420468
2003-10-24 00:00:00+00:00,12048881.128166242
2003-10-27 00:00:00+00:00,12043922.08129744
2003-10-28 00:00:00+00:00,12036821.837853951
2003-10-29 00:00:00+00:00,12092438.75887732
2003-10-30 00:00:00+00:00,12175617.745570702
2003-10-31 00:00:00+00:00,12232322.715696378
2003-11-03 00:00:00+00:00,12268698.377375646
2003-11-04 00:00:00+00:00,12282181.62359838
2003-11-05 00:00:00+00:00,12285415.298891349
2003-11-06 00:00:00+00:00,12342313.345750136
2003-11-07 00:00:00+00:00,12298063.087332768
2003-11-10 00:00:00+00:00,12339272.851813598
2003-11-11 00:00:00+00:00,12335972.946740432
2003-11-12 00:00:00+00:00,12397558.539427323
2003-11-13 00:00:00+00:00,12341814.444846673
2003-11-14 00:00:00+00:00,12272489.882424118
2003-11-17 00:00:00+00:00,12339225.35032201
2003-11-18 00:00:00+00:00,12299910.54725075
2003-11-19 00:00:00+00:00,12251149.340580465
2003-11-20 00:00:00+00:00,12197096.970186712
2003-11-21 00:00:00+00:00,12223486.519773485
2003-11-24 00:00:00+00:00,12250096.184629442
2003-11-25 00:00:00+00:00,12297377.690601828
2003-11-26 00:00:00+00:00,13580153.585752966
2003-11-27 00:00:00+00:00,12336253.194884302
2003-11-28 00:00:00+00:00,12383269.889314653
2003-12-01 00:00:00+00:00,12421094.524058344
2003-12-02 00:00:00+00:00,12468303.743597986
2003-12-03 00:00:00+00:00,12516078.29491377
2003-12-04 00:00:00+00:00,12564397.446926596
2003-12-05 00:00:00+00:00,12514526.157895567
2003-12-08 00:00:00+00:00,12600757.028856756
2003-12-09 00:00:00+00:00,12682911.500052692
2003-12-10 00:00:00+00:00,12632331.384180548
2003-12-11 00:00:00+00:00,12633567.358292582
2003-12-12 00:00:00+00:00,12712655.651657822
2003-12-15 00:00:00+00:00,12755845.240925893
2003-12-16 00:00:00+00:00,12724828.940215215
2003-12-17 00:00:00+00:00,12736470.036980972
2003-12-18 00:00:00+00:00,12840801.047815904
2003-12-19 00:00:00+00:00,12866986.337579355
2003-12-22 00:00:00+00:00,12951632.574737653
2003-12-23 00:00:00+00:00,12927037.361744985
2003-12-24 00:00:00+00:00,13000523.37494336
2003-12-25 00:00:00+00:00,14469128.74491845
2003-12-26 00:00:00+00:00,13064194.097567186
2003-12-29 00:00:00+00:00,13135982.318744287
2003-12-30 00:00:00+00:00,13114126.474761114
2003-12-31 00:00:00+00:00,13132762.166503057
2004-01-01 00:00:00+00:00,13189318.582635984
2004-01-02 00:00:00+00:00,13258363.647139654
2004-01-05 00:00:00+00:00,13247887.281104192
2004-01-06 00:00:00+00:00,13195094.178912267
2004-01-07 00:00:00+00:00,13192921.969723806
2004-01-08 00:00:00+00:00,13296229.487067327
2004-01-09 00:00:00+00:00,13290062.077091321
2004-01-12 00:00:00+00:00,13226716.780908689
2004-01-13 00:00:00+00:00,13254659.497988548
2004-01-14 00:00:00+00:00,13300855.723010864
2004-01-15 00:00:00+00:00,13272456.633540954
2004-01-16 00:00:00+00:00,13182148.408181991
2004-01-19 00:00:00+00:00,13224374.647840347
2004-01-20 00:00:00+00:00,13158408.48361763
2004-01-21 00:00:00+00:00,12987351.106385078
2004-01-22 00:00:00+00:00,12937147.900838222
2004-01-23 00:00:00+00:00,13102475.98651966
2004-01-26 00:00:00+00:00,13102475.98651966
2004-01-27 00:00:00+00:00,13235917.801388588
2004-01-28 00:00:00+00:00,13175271.289022293
2004-01-29 00:00:00+00:00,13200464.70849451
2004-01-30 00:00:00+00:00,13147538.90008768
2004-02-02 00:00:00+00:00,13147538.90008768
2004-02-03 00:00:00+00:00,13050467.947652187
2004-02-04 00:00:00+00:00,13123274.068171825
2004-02-05 00:00:00+00:00,13124680.505263653
2004-02-06 00:00:00+00:00,13172199.985327091
2004-02-09 00:00:00+00:00,13198036.432243671
2004-02-10 00:00:00+00:00,13166631.94365343
2004-02-11 00:00:00+00:00,13231283.088152416
2004-02-12 00:00:00+00:00,13291492.984280117
2004-02-13 00:00:00+00:00,13362821.64918948
2004-02-16 00:00:00+00:00,13409661.99727679
2004-02-17 00:00:00+00:00,13410161.003098018
2004-02-18 00:00:00+00:00,13414338.94800616
2004-02-19 00:00:00+00:00,13330611.623463161
2004-02-20 00:00:00+00:00,13294996.817951687
2004-02-23 00:00:00+00:00,13209987.59810973
2004-02-24 00:00:00+00:00,13189819.241621979
2004-02-25 00:00:00+00:00,13125829.06297303
2004-02-26 00:00:00+00:00,13061427.040144928
2004-02-27 00:00:00+00:00,13088278.75454045
2004-03-01 00:00:00+00:00,13216875.35731221
2004-03-02 00:00:00+00:00,13216875.35731221
2004-03-03 00:00:00+00:00,13250079.05319596
2004-03-04 00:00:00+00:00,13227374.450593956
2004-03-05 00:00:00+00:00,13301935.125164993
2004-03-08 00:00:00+00:00,13410621.379086502
2004-03-09 00:00:00+00:00,13355339.213146694
2004-03-10 00:00:00+00:00,13358878.650547035
2004-03-11 00:00:00+00:00,13282079.761037018
2004-03-12 00:00:00+00:00,13255313.60185733
2004-03-15 00:00:00+00:00,13137918.964089062
2004-03-16 00:00:00+00:00,13069973.97928634
2004-03-17 00:00:00+00:00,13080582.084291603
2004-03-18 00:00:00+00:00,13038880.517766144
2004-03-19 00:00:00+00:00,13013519.307116654
2004-03-22 00:00:00+00:00,12910264.84620395
2004-03-23 00:00:00+00:00,12940143.689047005
2004-03-24 00:00:00+00:00,12859695.193734314
2004-03-25 00:00:00+00:00,12906605.208413746
2004-03-26 00:00:00+00:00,12961528.399962809
2004-03-29 00:00:00+00:00,12979251.180404093
2004-03-30 00:00:00+00:00,12976695.767437365
2004-03-31 00:00:00+00:00,13025686.606536534
2004-04-01 00:00:00+00:00,13095564.131999638
2004-04-02 00:00:00+00:00,13197522.818213608
2004-04-05 00:00:00+00:00,13196638.476229813
2004-04-06 00:00:00+00:00,13181725.099044945
2004-04-07 00:00:00+00:00,13202246.970000412
2004-04-08 00:00:00+00:00,13191240.787692215
2004-04-09 00:00:00+00:00,13190960.35675993
2004-04-12 00:00:00+00:00,13193308.547606373
2004-04-13 00:00:00+00:00,13238292.451098347
2004-04-14 00:00:00+00:00,13238292.451098347
2004-04-15 00:00:00+00:00,13206436.269410992
2004-04-16 00:00:00+00:00,13204050.86173811
2004-04-19 00:00:00+00:00,13143778.07987299
2004-04-20 00:00:00+00:00,13131962.658642674
2004-04-21 00:00:00+00:00,13194169.593377972
2004-04-22 00:00:00+00:00,13283242.650912667
2004-04-23 00:00:00+00:00,13353633.770990277
2004-04-26 00:00:00+00:00,10963195.033348465
2004-04-27 00:00:00+00:00,13177410.75680771
2004-04-28 00:00:00+00:00,13222885.304512406
2004-04-29 00:00:00+00:00,13213952.319674874
2004-04-30 00:00:00+00:00,13184651.923338318
2004-05-03 00:00:00+00:00,13069327.985534096
2004-05-04 00:00:00+00:00,13121639.82985344
2004-05-05 00:00:00+00:00,13179269.231429482
2004-05-06 00:00:00+00:00,13253445.028815651
2004-05-07 00:00:00+00:00,13167299.572082901
2004-05-10 00:00:00+00:00,13129731.534190519
2004-05-11 00:00:00+00:00,12979390.486864908
2004-05-12 00:00:00+00:00,13000196.008896692
2004-05-13 00:00:00+00:00,13069884.364657743
2004-05-14 00:00:00+00:00,12824258.94204889
2004-05-17 00:00:00+00:00,12542053.624182565
2004-05-18 00:00:00+00:00,12662349.427842004
2004-05-19 00:00:00+00:00,12803476.756511552
2004-05-20 00:00:00+00:00,12821272.53398691
2004-05-21 00:00:00+00:00,12825854.26058851
2004-05-24 00:00:00+00:00,12924638.849021776
2004-05-25 00:00:00+00:00,12907980.831624849
2004-05-26 00:00:00+00:00,12915771.951219423
2004-05-27 00:00:00+00:00,12882758.246756418
2004-05-28 00:00:00+00:00,12739224.549668176
2004-05-31 00:00:00+00:00,12670703.314622743
2004-06-01 00:00:00+00:00,12695304.809278352
2004-06-02 00:00:00+00:00,12727170.044968469
2004-06-03 00:00:00+00:00,12661316.695903642
2004-06-04 00:00:00+00:00,12661643.185042722
2004-06-07 00:00:00+00:00,12705996.765974863
2004-06-08 00:00:00+00:00,12732126.801142959
2004-06-09 00:00:00+00:00,12757414.33933094
2004-06-10 00:00:00+00:00,12752530.588870315
2004-06-11 00:00:00+00:00,12711160.750588683
2004-06-14 00:00:00+00:00,12633171.572642593
2004-06-15 00:00:00+00:00,12651756.361894874
2004-06-16 00:00:00+00:00,12653126.967462806
2004-06-17 00:00:00+00:00,12668273.520873813
2004-06-18 00:00:00+00:00,12653864.818008212
2004-06-21 00:00:00+00:00,12646653.03391054
2004-06-22 00:00:00+00:00,12638879.98209074
2004-06-23 00:00:00+00:00,12579759.45996168
2004-06-24 00:00:00+00:00,12576584.980336932
2004-06-25 00:00:00+00:00,12632880.913898734
2004-06-28 00:00:00+00:00,12694272.548330097
2004-06-29 00:00:00+00:00,12700798.991130618
2004-06-30 00:00:00+00:00,12695883.851273326
2004-07-01 00:00:00+00:00,12746124.73705366
2004-07-02 00:00:00+00:00,12773068.42195776
2004-07-05 00:00:00+00:00,12735227.637581615
2004-07-06 00:00:00+00:00,12796731.254324703
2004-07-07 00:00:00+00:00,12786128.757821739
2004-07-08 00:00:00+00:00,12756702.856223524
2004-07-09 00:00:00+00:00,12792336.834158838
2004-07-12 00:00:00+00:00,12790895.11016959
2004-07-13 00:00:00+00:00,12739957.919727743
2004-07-14 00:00:00+00:00,12734734.513302267
2004-07-15 00:00:00+00:00,12777094.009220779
2004-07-16 00:00:00+00:00,12789674.431199491
2004-07-19 00:00:00+00:00,12794236.806029022
2004-07-20 00:00:00+00:00,12800962.269368827
2004-07-21 00:00:00+00:00,12798745.635951698
2004-07-22 00:00:00+00:00,12830678.92066735
2004-07-23 00:00:00+00:00,12830612.317421138
2004-07-26 00:00:00+00:00,12836773.736492097
2004-07-27 00:00:00+00:00,12815553.80688256
2004-07-28 00:00:00+00:00,12840612.802168548
2004-07-29 00:00:00+00:00,12846674.07422775
2004-07-30 00:00:00+00:00,12901884.956593454
2004-08-02 00:00:00+00:00,12871990.803486526
2004-08-03 00:00:00+00:00,12874854.14538449
2004-08-04 00:00:00+00:00,12860784.362641037
2004-08-05 00:00:00+00:00,12911598.915100697
2004-08-06 00:00:00+00:00,12903342.764615659
2004-08-09 00:00:00+00:00,12926436.583680753
2004-08-10 00:00:00+00:00,12994384.865660314
2004-08-11 00:00:00+00:00,12964695.812626008
2004-08-12 00:00:00+00:00,12948193.975404862
2004-08-13 00:00:00+00:00,12926951.990839127
2004-08-16 00:00:00+00:00,12926105.098904733
2004-08-17 00:00:00+00:00,12949195.113493089
2004-08-18 00:00:00+00:00,12874177.564792756
2004-08-19 00:00:00+00:00,12932365.913723115
2004-08-20 00:00:00+00:00,12920887.292291764
2004-08-23 00:00:00+00:00,12840077.389028195
2004-08-24 00:00:00+00:00,12698995.430833463
2004-08-25 00:00:00+00:00,12737195.696337823
2004-08-26 00:00:00+00:00,12787241.122154359
2004-08-27 00:00:00+00:00,12885430.929735783
2004-08-30 00:00:00+00:00,12995731.641111497
2004-08-31 00:00:00+00:00,12992618.07505
2004-09-01 00:00:00+00:00,13005772.778415803
2004-09-02 00:00:00+00:00,12933097.367027406
2004-09-03 00:00:00+00:00,12887774.116446259
2004-09-06 00:00:00+00:00,12947910.131204845
2004-09-07 00:00:00+00:00,12949428.881436588
2004-09-08 00:00:00+00:00,12974770.410625698
2004-09-09 00:00:00+00:00,12927949.432694199
2004-09-10 00:00:00+00:00,12982264.527614357
2004-09-13 00:00:00+00:00,12960070.707150223
2004-09-14 00:00:00+00:00,12976497.433448555
2004-09-15 00:00:00+00:00,12966344.374377968
2004-09-16 00:00:00+00:00,12988504.973400833
2004-09-17 00:00:00+00:00,13025826.42781234
2004-09-20 00:00:00+00:00,13046130.783205273
2004-09-21 00:00:00+00:00,13063701.090512516
2004-09-22 00:00:00+00:00,13065369.829663517
2004-09-23 00:00:00+00:00,13025861.667570354
2004-09-24 00:00:00+00:00,13043381.597659351
2004-09-27 00:00:00+00:00,13038949.361434223
2004-09-28 00:00:00+00:00,12982040.19849849
2004-09-29 00:00:00+00:00,13004020.968352081
2004-09-30 00:00:00+00:00,13063182.27137828
2004-10-01 00:00:00+00:00,13122294.671758415
2004-10-04 00:00:00+00:00,13153290.489583807
2004-10-05 00:00:00+00:00,13196672.025247412
2004-10-06 00:00:00+00:00,13197247.506469565
2004-10-07 00:00:00+00:00,13215279.414605932
2004-10-08 00:00:00+00:00,13227083.47137435
2004-10-11 00:00:00+00:00,13219509.79778655
2004-10-12 00:00:00+00:00,13174795.946481543
2004-10-13 00:00:00+00:00,11342715.328334646
2004-10-14 00:00:00+00:00,13121252.868789034
2004-10-15 00:00:00+00:00,13133435.292971926
2004-10-18 00:00:00+00:00,13138861.450610952
2004-10-19 00:00:00+00:00,13155720.397651033
2004-10-20 00:00:00+00:00,13115319.551387148
2004-10-21 00:00:00+00:00,13107532.453210192
2004-10-22 00:00:00+00:00,13109698.953210192
2004-10-25 00:00:00+00:00,13077748.267566042
2004-10-26 00:00:00+00:00,13090327.167267637
2004-10-27 00:00:00+00:00,13129508.676185446
2004-10-28 00:00:00+00:00,13192999.116299467
2004-10-29 00:00:00+00:00,13201210.181413012
2004-11-01 00:00:00+00:00,13207850.127081709
2004-11-02 00:00:00+00:00,13236309.299222084
2004-11-03 00:00:00+00:00,13270988.609458657
2004-11-04 00:00:00+00:00,13297465.179456683
2004-11-05 00:00:00+00:00,13285693.516923519
2004-11-08 00:00:00+00:00,13274308.461834999
2004-11-09 00:00:00+00:00,13255003.23326859
2004-11-10 00:00:00+00:00,13266944.782822581
2004-11-11 00:00:00+00:00,13327370.149523707
2004-11-12 00:00:00+00:00,13349492.563253494
2004-11-15 00:00:00+00:00,13349185.17510149
2004-11-16 00:00:00+00:00,13326961.554290028
2004-11-17 00:00:00+00:00,13373841.245776864
2004-11-18 00:00:00+00:00,13384587.589891406
2004-11-19 00:00:00+00:00,13374953.847076865
2004-11-22 00:00:00+00:00,13385299.308500024
2004-11-23 00:00:00+00:00,13443120.910750242
2004-11-24 00:00:00+00:00,13502632.29568884
2004-11-25 00:00:00+00:00,13026658.155056568
2004-11-26 00:00:00+00:00,13026658.155056568
2004-11-29 00:00:00+00:00,13482520.60255787
2004-11-30 00:00:00+00:00,13472243.118502112
2004-12-01 00:00:00+00:00,13469521.939042794
2004-12-02 00:00:00+00:00,13474701.460362183
2004-12-03 00:00:00+00:00,13464359.97782682
2004-12-06 00:00:00+00:00,13437573.073973404
2004-12-07 00:00:00+00:00,13479494.844105469
2004-12-08 00:00:00+00:00,13473035.474037396
2004-12-09 00:00:00+00:00,13477693.577389466
2004-12-10 00:00:00+00:00,13461828.742774712
2004-12-13 00:00:00+00:00,13523534.448920952
2004-12-14 00:00:00+00:00,13586237.602168309
2004-12-15 00:00:00+00:00,13612282.442436444
2004-12-16 00:00:00+00:00,13645375.663790451
2004-12-17 00:00:00+00:00,13618656.905765282
2004-12-20 00:00:00+00:00,13672411.23482393
2004-12-21 00:00:00+00:00,13734597.679097401
2004-12-22 00:00:00+00:00,13712099.736685025
2004-12-23 00:00:00+00:00,13723657.27933191
2004-12-24 00:00:00+00:00,13587681.532202946
2004-12-27 00:00:00+00:00,13752013.044079052
2004-12-28 00:00:00+00:00,13777260.840023266
2004-12-29 00:00:00+00:00,13788021.822774636
2004-12-30 00:00:00+00:00,13765733.086669054
2004-12-31 00:00:00+00:00,13167433.860935058
2005-01-03 00:00:00+00:00,13813874.62067398
2005-01-04 00:00:00+00:00,13792624.669721927
2005-01-05 00:00:00+00:00,13697876.069978561
2005-01-06 00:00:00+00:00,13684494.930004682
2005-01-07 00:00:00+00:00,13696989.92482027
2005-01-10 00:00:00+00:00,13698870.18899807
2005-01-11 00:00:00+00:00,13644359.426529493
2005-01-12 00:00:00+00:00,13551946.830391731
2005-01-13 00:00:00+00:00,13647099.82667407
2005-01-14 00:00:00+00:00,13650312.65939292
2005-01-17 00:00:00+00:00,12995146.04984292
2005-01-18 00:00:00+00:00,13648304.218396273
2005-01-19 00:00:00+00:00,13650618.247603025
2005-01-20 00:00:00+00:00,13598534.78050908
2005-01-21 00:00:00+00:00,11075940.61750349
2005-01-24 00:00:00+00:00,13621468.005500402
2005-01-25 00:00:00+00:00,13637588.628779259
2005-01-26 00:00:00+00:00,11083333.201413002
2005-01-27 00:00:00+00:00,13664530.337401714
2005-01-28 00:00:00+00:00,13749422.224134834
2005-01-31 00:00:00+00:00,13873266.552477987
2005-02-01 00:00:00+00:00,13888932.323317679
2005-02-02 00:00:00+00:00,13861204.989042195
2005-02-03 00:00:00+00:00,13869500.522393854
2005-02-04 00:00:00+00:00,13883974.417254837
2005-02-07 00:00:00+00:00,13867904.001052769
2005-02-08 00:00:00+00:00,13877437.704664858
2005-02-09 00:00:00+00:00,13915580.948370846
2005-02-10 00:00:00+00:00,13907846.998739393
2005-02-11 00:00:00+00:00,13943452.230167063
2005-02-14 00:00:00+00:00,13956473.690561684
2005-02-15 00:00:00+00:00,13944404.137414845
2005-02-16 00:00:00+00:00,13933208.503621252
2005-02-17 00:00:00+00:00,13913285.559448155
2005-02-18 00:00:00+00:00,13902392.307403715
2005-02-21 00:00:00+00:00,13669522.010369452
2005-02-22 00:00:00+00:00,13959770.45067993
2005-02-23 00:00:00+00:00,13973091.468535097
2005-02-24 00:00:00+00:00,13963658.349786432
2005-02-25 00:00:00+00:00,13964401.118291052
2005-02-28 00:00:00+00:00,13988109.426890003
2005-03-01 00:00:00+00:00,13995227.893361436
2005-03-02 00:00:00+00:00,14034427.995651828
2005-03-03 00:00:00+00:00,14049132.456268894
2005-03-04 00:00:00+00:00,14039460.04659425
2005-03-07 00:00:00+00:00,14127090.594107019
2005-03-08 00:00:00+00:00,14218107.394579755
2005-03-09 00:00:00+00:00,14175329.333584415
2005-03-10 00:00:00+00:00,14223172.215307103
2005-03-11 00:00:00+00:00,14300318.283775436
2005-03-14 00:00:00+00:00,14258183.545288907
2005-03-15 00:00:00+00:00,14225254.444095718
2005-03-16 00:00:00+00:00,14206595.196281062
2005-03-17 00:00:00+00:00,14133758.554323064
2005-03-18 00:00:00+00:00,14151102.810303079
2005-03-21 00:00:00+00:00,14137251.316632139
2005-03-22 00:00:00+00:00,14058666.025171863
2005-03-23 00:00:00+00:00,13980121.201244937
2005-03-24 00:00:00+00:00,13944801.610492812
2005-03-28 00:00:00+00:00,13975350.01670538
2005-03-29 00:00:00+00:00,13882649.443357097
2005-03-30 00:00:00+00:00,13971656.376633251
2005-03-31 00:00:00+00:00,14030725.069161499
2005-04-01 00:00:00+00:00,14071191.186713303
2005-04-04 00:00:00+00:00,14089115.157270515
2005-04-05 00:00:00+00:00,14080074.395854319
2005-04-06 00:00:00+00:00,14143160.293223465
2005-04-07 00:00:00+00:00,14100207.267969215
2005-04-08 00:00:00+00:00,14054438.700248564
2005-04-11 00:00:00+00:00,14016199.853681887
2005-04-12 00:00:00+00:00,14034721.80767783
2005-04-13 00:00:00+00:00,14038554.297793949
2005-04-14 00:00:00+00:00,11236386.33348688
2005-04-15 00:00:00+00:00,13968989.646257007
2005-04-18 00:00:00+00:00,13925892.11807021
2005-04-19 00:00:00+00:00,13935214.008588875
2005-04-20 00:00:00+00:00,13940423.03989395
2005-04-21 00:00:00+00:00,13998312.234692896
2005-04-22 00:00:00+00:00,14136045.500975454
2005-04-25 00:00:00+00:00,14097250.768221462
2005-04-26 00:00:00+00:00,14097035.446066463
2005-04-27 00:00:00+00:00,14103843.8922418
2005-04-28 00:00:00+00:00,14068151.221717715
2005-04-29 00:00:00+00:00,14015708.60228908
2005-05-02 00:00:00+00:00,14030289.402127624
2005-05-03 00:00:00+00:00,14010193.616048694
2005-05-04 00:00:00+00:00,13991037.043435693
2005-05-05 00:00:00+00:00,14022709.02993691
2005-05-06 00:00:00+00:00,14035434.224009871
2005-05-09 00:00:00+00:00,14110709.734021783
2005-05-10 00:00:00+00:00,14115527.492650628
2005-05-11 00:00:00+00:00,14140795.50619018
2005-05-12 00:00:00+00:00,14189109.422518611
2005-05-13 00:00:00+00:00,14204508.103202462
2005-05-16 00:00:00+00:00,14291014.550444007
2005-05-17 00:00:00+00:00,14220228.864852786
2005-05-18 00:00:00+00:00,14217843.709902883
2005-05-19 00:00:00+00:00,14235003.00762117
2005-05-20 00:00:00+00:00,14243748.587060094
2005-05-23 00:00:00+00:00,14257073.284672856
2005-05-24 00:00:00+00:00,14264007.665576816
2005-05-25 00:00:00+00:00,14291553.77420032
2005-05-26 00:00:00+00:00,14289790.98551333
2005-05-27 00:00:00+00:00,14293897.330533031
2005-05-30 00:00:00+00:00,14291440.695827965
2005-05-31 00:00:00+00:00,14345411.212608818
2005-06-01 00:00:00+00:00,14391982.437013153
2005-06-02 00:00:00+00:00,14341644.218352322
2005-06-03 00:00:00+00:00,14388309.625350002
2005-06-06 00:00:00+00:00,14441721.18143225
2005-06-07 00:00:00+00:00,14479136.950281147
2005-06-08 00:00:00+00:00,14429357.356275562
2005-06-09 00:00:00+00:00,14450292.494395737
2005-06-10 00:00:00+00:00,14449095.999069694
2005-06-13 00:00:00+00:00,14505317.658370975
2005-06-14 00:00:00+00:00,14630842.632652286
2005-06-15 00:00:00+00:00,14671921.271054272
2005-06-16 00:00:00+00:00,14599139.501813415
2005-06-17 00:00:00+00:00,14558751.850900177
2005-06-20 00:00:00+00:00,14568451.133009914
2005-06-21 00:00:00+00:00,14628760.387855534
2005-06-22 00:00:00+00:00,14623992.104444984
2005-06-23 00:00:00+00:00,14611159.347321514
2005-06-24 00:00:00+00:00,14645114.30407906
2005-06-27 00:00:00+00:00,14680049.890731828
2005-06-28 00:00:00+00:00,14629851.519396799
2005-06-29 00:00:00+00:00,14669261.695900934
2005-06-30 00:00:00+00:00,14675571.01657726
2005-07-01 00:00:00+00:00,14673596.549749391
2005-07-04 00:00:00+00:00,14735665.699721353
2005-07-05 00:00:00+00:00,14770447.963607328
2005-07-06 00:00:00+00:00,14834099.09878637
2005-07-07 00:00:00+00:00,14816054.47073366
2005-07-08 00:00:00+00:00,14851667.879559534
2005-07-11 00:00:00+00:00,14958761.99111368
2005-07-12 00:00:00+00:00,15013216.008659856
2005-07-13 00:00:00+00:00,15019594.729393976
2005-07-14 00:00:00+00:00,14898153.419300096
2005-07-15 00:00:00+00:00,14986079.123661535
2005-07-18 00:00:00+00:00,15006153.645727174
2005-07-19 00:00:00+00:00,15052289.393714445
2005-07-20 00:00:00+00:00,15065351.492418306
2005-07-21 00:00:00+00:00,15035552.848131197
2005-07-22 00:00:00+00:00,15071032.95294811
2005-07-25 00:00:00+00:00,15058788.567416685
2005-07-26 00:00:00+00:00,15068025.370605009
2005-07-27 00:00:00+00:00,15040382.015496748
2005-07-28 00:00:00+00:00,70425636.61918499
2005-07-29 00:00:00+00:00,14965327.363865392
2005-08-01 00:00:00+00:00,14968394.940131204
2005-08-02 00:00:00+00:00,15046073.295770185
2005-08-03 00:00:00+00:00,15063869.053210275
2005-08-04 00:00:00+00:00,15115243.506695764
2005-08-05 00:00:00+00:00,15142183.487751978
2005-08-08 00:00:00+00:00,15087380.279184358
2005-08-09 00:00:00+00:00,15088180.216539877
2005-08-10 00:00:00+00:00,15245206.290035265
2005-08-11 00:00:00+00:00,15338442.166603105
2005-08-12 00:00:00+00:00,15342207.102552908
2005-08-15 00:00:00+00:00,11255264.842670934
2005-08-16 00:00:00+00:00,15293239.369490163
2005-08-17 00:00:00+00:00,15330196.198598878
2005-08-18 00:00:00+00:00,15270083.601062315
2005-08-19 00:00:00+00:00,15272471.645529764
2005-08-22 00:00:00+00:00,15290882.320027368
2005-08-23 00:00:00+00:00,15137776.62958862
2005-08-24 00:00:00+00:00,15142816.472909577
2005-08-25 00:00:00+00:00,15199502.59346164
2005-08-26 00:00:00+00:00,15282287.944443353
2005-08-29 00:00:00+00:00,15216813.072614796
2005-08-30 00:00:00+00:00,15255013.094944127
2005-08-31 00:00:00+00:00,15303390.45637954
2005-09-01 00:00:00+00:00,15304896.167263158
2005-09-02 00:00:00+00:00,15294242.727735646
2005-09-05 00:00:00+00:00,15299270.3818456
2005-09-06 00:00:00+00:00,15282566.12916816
2005-09-07 00:00:00+00:00,11783777.537667401
2005-09-08 00:00:00+00:00,15261964.943146355
2005-09-09 00:00:00+00:00,15249654.513048775
2005-09-12 00:00:00+00:00,15350746.833914407
2005-09-13 00:00:00+00:00,15359672.396424897
2005-09-14 00:00:00+00:00,15326939.314602502
2005-09-15 00:00:00+00:00,15415958.215182431
2005-09-16 00:00:00+00:00,15482206.17954553
2005-09-19 00:00:00+00:00,15642842.48296798
2005-09-20 00:00:00+00:00,15669449.485299237
2005-09-21 00:00:00+00:00,15603382.680437215
2005-09-22 00:00:00+00:00,15383365.88989938
2005-09-23 00:00:00+00:00,15378020.860562928
2005-09-26 00:00:00+00:00,15528364.031080373
2005-09-27 00:00:00+00:00,15527172.374203809
2005-09-28 00:00:00+00:00,15569188.803483136
2005-09-29 00:00:00+00:00,15532212.41446317
2005-09-30 00:00:00+00:00,15527509.239398606
2005-10-03 00:00:00+00:00,15631717.118440755
2005-10-04 00:00:00+00:00,15726828.238481171
2005-10-05 00:00:00+00:00,15666837.215062745
2005-10-06 00:00:00+00:00,15525255.353946336
2005-10-07 00:00:00+00:00,15548053.605468877
2005-10-10 00:00:00+00:00,15527723.37387336
2005-10-11 00:00:00+00:00,15524013.942686208
2005-10-12 00:00:00+00:00,11783777.537667401
2005-10-13 00:00:00+00:00,15497959.957708485
2005-10-14 00:00:00+00:00,15374820.955181248
2005-10-17 00:00:00+00:00,15305999.277469762
2005-10-18 00:00:00+00:00,15297526.232094891
2005-10-19 00:00:00+00:00,15131663.209219582
2005-10-20 00:00:00+00:00,15019093.932047017
2005-10-21 00:00:00+00:00,15047877.053302571
2005-10-24 00:00:00+00:00,14996534.252168462
2005-10-25 00:00:00+00:00,15013489.35670738
2005-10-26 00:00:00+00:00,15045675.847575948
2005-10-27 00:00:00+00:00,14997983.220042989
2005-10-28 00:00:00+00:00,14902306.871805474
2005-10-31 00:00:00+00:00,15059896.80743055
2005-11-01 00:00:00+00:00,12644566.88867788
2005-11-02 00:00:00+00:00,15115937.060226247
2005-11-03 00:00:00+00:00,12644566.88867788
2005-11-04 00:00:00+00:00,15115937.060226247
2005-11-07 00:00:00+00:00,15189566.649414346
2005-11-08 00:00:00+00:00,15268891.158346936
2005-11-09 00:00:00+00:00,15255226.175544068
2005-11-10 00:00:00+00:00,15272451.372776315
2005-11-11 00:00:00+00:00,15315676.33048372
2005-11-14 00:00:00+00:00,15314676.942146108
2005-11-15 00:00:00+00:00,12644566.88867788
2005-11-16 00:00:00+00:00,15326044.402016446
2005-11-17 00:00:00+00:00,15336622.150040433
2005-11-18 00:00:00+00:00,15345400.629573628
2005-11-21 00:00:00+00:00,15329428.40940027
2005-11-22 00:00:00+00:00,15382555.41681175
2005-11-23 00:00:00+00:00,15439741.831681058
2005-11-24 00:00:00+00:00,15489122.681575105
2005-11-25 00:00:00+00:00,15509157.467963502
2005-11-28 00:00:00+00:00,15502579.14643316
2005-11-29 00:00:00+00:00,15520090.964311406
2005-11-30 00:00:00+00:00,15527870.66494827
2005-12-01 00:00:00+00:00,15617570.020480916
2005-12-02 00:00:00+00:00,15698518.74453716
2005-12-05 00:00:00+00:00,15708727.62567024
2005-12-06 00:00:00+00:00,15685948.160570428
2005-12-07 00:00:00+00:00,15693599.124457166
2005-12-08 00:00:00+00:00,15854021.891701981
2005-12-09 00:00:00+00:00,15846870.287664697
2005-12-12 00:00:00+00:00,15890439.763629243
2005-12-13 00:00:00+00:00,15935143.945167825
2005-12-14 00:00:00+00:00,15951130.611916825
2005-12-15 00:00:00+00:00,15881396.302412316
2005-12-16 00:00:00+00:00,15958434.419373795
2005-12-19 00:00:00+00:00,16014102.235214517
2005-12-20 00:00:00+00:00,15987658.428667083
2005-12-21 00:00:00+00:00,15991229.289902702
2005-12-22 00:00:00+00:00,15973881.810988441
2005-12-23 00:00:00+00:00,15936936.090414539
2005-12-26 00:00:00+00:00,15820268.221480384
2005-12-27 00:00:00+00:00,15877291.709625259
2005-12-28 00:00:00+00:00,15906861.711406246
2005-12-29 00:00:00+00:00,15902949.920432582
2005-12-30 00:00:00+00:00,15928305.835786358
2006-01-02 00:00:00+00:00,15950074.06583263
2006-01-03 00:00:00+00:00,15982159.360689178
2006-01-04 00:00:00+00:00,16048434.762975708
2006-01-05 00:00:00+00:00,15983424.461591259
2006-01-06 00:00:00+00:00,15928662.618652835
2006-01-09 00:00:00+00:00,15920989.482487693
2006-01-10 00:00:00+00:00,15885606.026360527
2006-01-11 00:00:00+00:00,13079780.360914245
2006-01-12 00:00:00+00:00,15865367.837913051
2006-01-13 00:00:00+00:00,15873249.016197696
2006-01-16 00:00:00+00:00,15842529.707918659
2006-01-17 00:00:00+00:00,15842640.470916763
2006-01-18 00:00:00+00:00,15803217.72625877
2006-01-19 00:00:00+00:00,15882015.321002021
2006-01-20 00:00:00+00:00,15899170.87328054
2006-01-23 00:00:00+00:00,15854672.98955442
2006-01-24 00:00:00+00:00,15851766.618571296
2006-01-25 00:00:00+00:00,15864570.96776487
2006-01-26 00:00:00+00:00,13079780.360914245
2006-01-27 00:00:00+00:00,15934188.167019859
2006-01-30 00:00:00+00:00,16006987.942667022
2006-01-31 00:00:00+00:00,15981225.85165979
2006-02-01 00:00:00+00:00,15954525.371608749
2006-02-02 00:00:00+00:00,15923054.924136177
2006-02-03 00:00:00+00:00,15918572.669696823
2006-02-06 00:00:00+00:00,16017690.468489662
2006-02-07 00:00:00+00:00,16070686.549942985
2006-02-08 00:00:00+00:00,15992410.493887916
2006-02-09 00:00:00+00:00,13079780.360914245
2006-02-10 00:00:00+00:00,16068028.161975875
2006-02-13 00:00:00+00:00,16068652.239034668
2006-02-14 00:00:00+00:00,16097489.571400657
2006-02-15 00:00:00+00:00,16134567.237880722
2006-02-16 00:00:00+00:00,16103296.20436956
2006-02-17 00:00:00+00:00,16052662.046401039
2006-02-20 00:00:00+00:00,16032149.832222
2006-02-21 00:00:00+00:00,16083719.540977493
2006-02-22 00:00:00+00:00,16077411.892545715
2006-02-23 00:00:00+00:00,16061281.140848175
2006-02-24 00:00:00+00:00,16093540.017758384
2006-02-27 00:00:00+00:00,16147129.350802436
2006-02-28 00:00:00+00:00,16146141.948479667
2006-03-01 00:00:00+00:00,16160780.863976493
2006-03-02 00:00:00+00:00,16268849.710040107
2006-03-03 00:00:00+00:00,16287987.956646934
2006-03-06 00:00:00+00:00,16315247.96681501
2006-03-07 00:00:00+00:00,16306989.502746597
2006-03-08 00:00:00+00:00,16273267.102142349
2006-03-09 00:00:00+00:00,16293518.51123716
2006-03-10 00:00:00+00:00,16310430.719772354
2006-03-13 00:00:00+00:00,16344790.049254432
2006-03-14 00:00:00+00:00,16324465.314103141
2006-03-15 00:00:00+00:00,13079780.360914245
2006-03-16 00:00:00+00:00,16350342.323814407
2006-03-17 00:00:00+00:00,16311389.030065304
2006-03-20 00:00:00+00:00,16301814.778451687
2006-03-21 00:00:00+00:00,16255127.810158497
2006-03-22 00:00:00+00:00,16265614.658704525
2006-03-23 00:00:00+00:00,16265220.295472866
2006-03-24 00:00:00+00:00,16329152.504050022
2006-03-27 00:00:00+00:00,16291925.470670467
2006-03-28 00:00:00+00:00,16270848.368508106
2006-03-29 00:00:00+00:00,16276201.193199879
2006-03-30 00:00:00+00:00,16227280.770129925
2006-03-31 00:00:00+00:00,16286164.27868629
2006-04-03 00:00:00+00:00,16271129.626968151
2006-04-04 00:00:00+00:00,16319505.985177761
2006-04-05 00:00:00+00:00,16344584.644016033
2006-04-06 00:00:00+00:00,13843750.62453342
2006-04-07 00:00:00+00:00,16283375.96666885
2006-04-10 00:00:00+00:00,16264271.542159801
2006-04-11 00:00:00+00:00,13843750.62453342
2006-04-12 00:00:00+00:00,16242655.34270168
2006-04-13 00:00:00+00:00,16193133.166533237
2006-04-17 00:00:00+00:00,16180641.875869518
2006-04-18 00:00:00+00:00,16237509.189645534
2006-04-19 00:00:00+00:00,16218950.861759907
2006-04-20 00:00:00+00:00,16224678.57851482
2006-04-21 00:00:00+00:00,16209816.902135616
2006-04-24 00:00:00+00:00,16187502.76482845
2006-04-25 00:00:00+00:00,16137120.288795238
2006-04-26 00:00:00+00:00,16154029.257832294
2006-04-27 00:00:00+00:00,16099580.626299625
2006-04-28 00:00:00+00:00,16059312.542223698
2006-05-01 00:00:00+00:00,13843750.62453342
2006-05-02 00:00:00+00:00,16136902.270080334
2006-05-03 00:00:00+00:00,16197341.157406574
2006-05-04 00:00:00+00:00,16258009.77460838
2006-05-05 00:00:00+00:00,16265079.376117473
2006-05-08 00:00:00+00:00,16222968.535988575
2006-05-09 00:00:00+00:00,16218973.097017055
2006-05-10 00:00:00+00:00,16206538.672138935
2006-05-11 00:00:00+00:00,16196563.343791729
2006-05-12 00:00:00+00:00,16164432.694584614
2006-05-15 00:00:00+00:00,16105492.411131626
2006-05-16 00:00:00+00:00,16109565.693858868
2006-05-17 00:00:00+00:00,16172596.024763828
2006-05-18 00:00:00+00:00,16001124.28148914
2006-05-19 00:00:00+00:00,15911635.24762941
2006-05-22 00:00:00+00:00,15824139.004319912
2006-05-23 00:00:00+00:00,15850789.126401192
2006-05-24 00:00:00+00:00,15824674.51782108
2006-05-25 00:00:00+00:00,15948082.627353435
2006-05-26 00:00:00+00:00,15903046.48849321
2006-05-29 00:00:00+00:00,15981811.061082607
2006-05-30 00:00:00+00:00,16027380.036344295
2006-05-31 00:00:00+00:00,15956396.60071159
2006-06-01 00:00:00+00:00,15869777.348732715
2006-06-02 00:00:00+00:00,15905560.241928345
2006-06-05 00:00:00+00:00,15851288.638604885
2006-06-06 00:00:00+00:00,15744349.130855327
2006-06-07 00:00:00+00:00,15570081.794772869
2006-06-08 00:00:00+00:00,15441595.359202629
2006-06-09 00:00:00+00:00,15561744.51193071
2006-06-12 00:00:00+00:00,15456640.124323135
2006-06-13 00:00:00+00:00,15407184.98499561
2006-06-14 00:00:00+00:00,15281480.704267269
2006-06-15 00:00:00+00:00,15421870.408092387
2006-06-16 00:00:00+00:00,15455348.8552512
2006-06-19 00:00:00+00:00,15463642.685916789
2006-06-20 00:00:00+00:00,15465156.087024577
2006-06-21 00:00:00+00:00,15492588.714336284
2006-06-22 00:00:00+00:00,15501947.83710087
2006-06-23 00:00:00+00:00,15493026.337634929
2006-06-26 00:00:00+00:00,15459251.976802714
2006-06-27 00:00:00+00:00,15453729.11899937
2006-06-28 00:00:00+00:00,15438736.084232219
2006-06-29 00:00:00+00:00,15441770.586719401
2006-06-30 00:00:00+00:00,15503347.594509013
2006-07-03 00:00:00+00:00,15525023.981784709
2006-07-04 00:00:00+00:00,15527782.355464824
2006-07-05 00:00:00+00:00,15525816.666019328
2006-07-06 00:00:00+00:00,15542730.290683635
2006-07-07 00:00:00+00:00,15499221.667613871
2006-07-10 00:00:00+00:00,15490038.572139628
2006-07-11 00:00:00+00:00,15476225.454730876
2006-07-12 00:00:00+00:00,15499502.301425822
2006-07-13 00:00:00+00:00,15491265.873317607
2006-07-14 00:00:00+00:00,15472372.550719716
2006-07-17 00:00:00+00:00,15447615.317870595
2006-07-18 00:00:00+00:00,15426894.626082875
2006-07-19 00:00:00+00:00,15437389.550719716
2006-07-20 00:00:00+00:00,15436851.317870595
2006-07-21 00:00:00+00:00,15421943.195937611
2006-07-24 00:00:00+00:00,15415861.550719716
2006-07-25 00:00:00+00:00,15427809.556228139
2006-07-26 00:00:00+00:00,15436689.864440419
2006-07-27 00:00:00+00:00,15482652.149367787
2006-07-28 00:00:00+00:00,15472749.28907726
2006-07-31 00:00:00+00:00,15470973.219222523
2006-08-01 00:00:00+00:00,15491263.341155507
2006-08-02 00:00:00+00:00,15498098.504149891
2006-08-03 00:00:00+00:00,15507409.341155507
2006-08-04 00:00:00+00:00,15495299.841155507
2006-08-07 00:00:00+00:00,15492985.57951305
2006-08-08 00:00:00+00:00,15499874.574004628
2006-08-09 00:00:00+00:00,15582165.358931996
2006-08-10 00:00:00+00:00,15627374.126082875
2006-08-11 00:00:00+00:00,15632971.452071644
2006-08-14 00:00:00+00:00,15631827.305200795
2006-08-15 00:00:00+00:00,15631827.305200795
2006-08-16 00:00:00+00:00,15631827.305200795
2006-08-17 00:00:00+00:00,15631827.305200795
2006-08-18 00:00:00+00:00,15631827.305200795
2006-08-21 00:00:00+00:00,15631827.305200795
2006-08-22 00:00:00+00:00,15631827.305200795
2006-08-23 00:00:00+00:00,15631827.305200795
2006-08-24 00:00:00+00:00,15631827.305200795
2006-08-25 00:00:00+00:00,15631827.305200795
2006-08-28 00:00:00+00:00,15631827.305200795
2006-08-29 00:00:00+00:00,15631827.305200795
2006-08-30 00:00:00+00:00,15631827.305200795
2006-08-31 00:00:00+00:00,15631827.305200795
2006-09-01 00:00:00+00:00,15631827.305200795
2006-09-04 00:00:00+00:00,15631827.305200795
2006-09-05 00:00:00+00:00,15631827.305200795
2006-09-06 00:00:00+00:00,15631827.305200795
2006-09-07 00:00:00+00:00,15631827.305200795
2006-09-08 00:00:00+00:00,15631827.305200795
2006-09-11 00:00:00+00:00,15631827.305200795
2006-09-12 00:00:00+00:00,15631827.305200795
2006-09-13 00:00:00+00:00,15631827.305200795
2006-09-14 00:00:00+00:00,15631827.305200795
2006-09-15 00:00:00+00:00,15631827.305200795
2006-09-18 00:00:00+00:00,15631827.305200795
2006-09-19 00:00:00+00:00,15631827.305200795
2006-09-20 00:00:00+00:00,15631827.305200795
2006-09-21 00:00:00+00:00,15631827.305200795
2006-09-22 00:00:00+00:00,15631827.305200795
2006-09-25 00:00:00+00:00,15631827.305200795
2006-09-26 00:00:00+00:00,15631827.305200795
2006-09-27 00:00:00+00:00,15631827.305200795
2006-09-28 00:00:00+00:00,15631827.305200795
2006-09-29 00:00:00+00:00,15631827.305200795
2006-10-02 00:00:00+00:00,15631827.305200795
2006-10-03 00:00:00+00:00,15631827.305200795
2006-10-04 00:00:00+00:00,15631827.305200795
2006-10-05 00:00:00+00:00,15631827.305200795
2006-10-06 00:00:00+00:00,15631827.305200795
2006-10-09 00:00:00+00:00,15631827.305200795
2006-10-10 00:00:00+00:00,15631827.305200795
2006-10-11 00:00:00+00:00,15631827.305200795
2006-10-12 00:00:00+00:00,15631827.305200795
2006-10-13 00:00:00+00:00,15631827.305200795
2006-10-16 00:00:00+00:00,15631827.305200795
2006-10-17 00:00:00+00:00,15631827.305200795
2006-10-18 00:00:00+00:00,15631827.305200795
2006-10-19 00:00:00+00:00,15631827.305200795
2006-10-20 00:00:00+00:00,15631827.305200795
2006-10-23 00:00:00+00:00,15631827.305200795
2006-10-24 00:00:00+00:00,15631827.305200795
2006-10-25 00:00:00+00:00,15631827.305200795
2006-10-26 00:00:00+00:00,15631827.305200795
2006-10-27 00:00:00+00:00,15631827.305200795
2006-10-30 00:00:00+00:00,15631827.305200795
2006-10-31 00:00:00+00:00,15631827.305200795
2006-11-01 00:00:00+00:00,15631827.305200795
2006-11-02 00:00:00+00:00,15631827.305200795
2006-11-03 00:00:00+00:00,15631827.305200795
2006-11-06 00:00:00+00:00,15631827.305200795
2006-11-07 00:00:00+00:00,15631827.305200795
2006-11-08 00:00:00+00:00,15631827.305200795
2006-11-09 00:00:00+00:00,15631827.305200795
2006-11-10 00:00:00+00:00,15631827.305200795
2006-11-13 00:00:00+00:00,15631827.305200795
2006-11-14 00:00:00+00:00,15631827.305200795
2006-11-15 00:00:00+00:00,15631827.305200795
2006-11-16 00:00:00+00:00,15631827.305200795
2006-11-17 00:00:00+00:00,15631827.305200795
2006-11-20 00:00:00+00:00,15631827.305200795
2006-11-21 00:00:00+00:00,15631827.305200795
2006-11-22 00:00:00+00:00,15631827.305200795
2006-11-23 00:00:00+00:00,15631827.305200795
2006-11-24 00:00:00+00:00,15631827.305200795
2006-11-27 00:00:00+00:00,15631827.305200795
2006-11-28 00:00:00+00:00,15631827.305200795
2006-11-29 00:00:00+00:00,15631827.305200795
2006-11-30 00:00:00+00:00,15631827.305200795
2006-12-01 00:00:00+00:00,15631827.305200795
2006-12-04 00:00:00+00:00,15631827.305200795
2006-12-05 00:00:00+00:00,15631827.305200795
2006-12-06 00:00:00+00:00,15631827.305200795
2006-12-07 00:00:00+00:00,15631827.305200795
2006-12-08 00:00:00+00:00,15631827.305200795
2006-12-11 00:00:00+00:00,15631827.305200795
2006-12-12 00:00:00+00:00,15631827.305200795
2006-12-13 00:00:00+00:00,15631827.305200795
2006-12-14 00:00:00+00:00,15631827.305200795
2006-12-15 00:00:00+00:00,15631827.305200795
2006-12-18 00:00:00+00:00,15631827.305200795
2006-12-19 00:00:00+00:00,15631827.305200795
2006-12-20 00:00:00+00:00,15631827.305200795
2006-12-21 00:00:00+00:00,15631827.305200795
2006-12-22 00:00:00+00:00,15631827.305200795
2006-12-25 00:00:00+00:00,15631827.305200795
2006-12-26 00:00:00+00:00,15631827.305200795
2006-12-27 00:00:00+00:00,15631827.305200795
2006-12-28 00:00:00+00:00,15631827.305200795
2006-12-29 00:00:00+00:00,15631827.305200795
2007-01-01 00:00:00+00:00,15631827.305200795
2007-01-02 00:00:00+00:00,15631827.305200795
2007-01-03 00:00:00+00:00,15631827.305200795
2007-01-04 00:00:00+00:00,15631827.305200795
2007-01-05 00:00:00+00:00,15631827.305200795
2007-01-08 00:00:00+00:00,15631827.305200795
2007-01-09 00:00:00+00:00,15631827.305200795
2007-01-10 00:00:00+00:00,15631827.305200795
2007-01-11 00:00:00+00:00,15631827.305200795
2007-01-12 00:00:00+00:00,15631827.305200795
2007-01-15 00:00:00+00:00,15631827.305200795
2007-01-16 00:00:00+00:00,15631827.305200795
2007-01-17 00:00:00+00:00,15631827.305200795
2007-01-18 00:00:00+00:00,15631827.305200795
2007-01-19 00:00:00+00:00,15631827.305200795
2007-01-22 00:00:00+00:00,15631827.305200795
2007-01-23 00:00:00+00:00,15631827.305200795
2007-01-24 00:00:00+00:00,15631827.305200795
2007-01-25 00:00:00+00:00,15631827.305200795
2007-01-26 00:00:00+00:00,15631827.305200795
2007-01-29 00:00:00+00:00,15631827.305200795
2007-01-30 00:00:00+00:00,15631827.305200795
2007-01-31 00:00:00+00:00,15631827.305200795
2007-02-01 00:00:00+00:00,15631827.305200795
2007-02-02 00:00:00+00:00,15631827.305200795
2007-02-05 00:00:00+00:00,15631827.305200795
2007-02-06 00:00:00+00:00,15631827.305200795
2007-02-07 00:00:00+00:00,15631827.305200795
2007-02-08 00:00:00+00:00,15631827.305200795
2007-02-09 00:00:00+00:00,15631827.305200795
2007-02-12 00:00:00+00:00,15631827.305200795
2007-02-13 00:00:00+00:00,15631827.305200795
2007-02-14 00:00:00+00:00,15631827.305200795
2007-02-15 00:00:00+00:00,15631827.305200795
2007-02-16 00:00:00+00:00,15631827.305200795
2007-02-19 00:00:00+00:00,15631827.305200795
2007-02-20 00:00:00+00:00,15631827.305200795
2007-02-21 00:00:00+00:00,15631827.305200795
2007-02-22 00:00:00+00:00,15631827.305200795
2007-02-23 00:00:00+00:00,15631827.305200795
2007-02-26 00:00:00+00:00,15631827.305200795
2007-02-27 00:00:00+00:00,15631827.305200795
2007-02-28 00:00:00+00:00,15631827.305200795
2007-03-01 00:00:00+00:00,15631827.305200795
2007-03-02 00:00:00+00:00,15631827.305200795
2007-03-05 00:00:00+00:00,15631827.305200795
2007-03-06 00:00:00+00:00,15631827.305200795
2007-03-07 00:00:00+00:00,15631827.305200795
2007-03-08 00:00:00+00:00,15631827.305200795
2007-03-09 00:00:00+00:00,15631827.305200795
2007-03-12 00:00:00+00:00,15631827.305200795
2007-03-13 00:00:00+00:00,15631827.305200795
2007-03-14 00:00:00+00:00,15631827.305200795
2007-03-15 00:00:00+00:00,15631827.305200795
2007-03-16 00:00:00+00:00,15631827.305200795
2007-03-19 00:00:00+00:00,15631827.305200795
2007-03-20 00:00:00+00:00,15631827.305200795
2007-03-21 00:00:00+00:00,15631827.305200795
2007-03-22 00:00:00+00:00,15631827.305200795
2007-03-23 00:00:00+00:00,15631827.305200795
2007-03-26 00:00:00+00:00,15631827.305200795
2007-03-27 00:00:00+00:00,15631827.305200795
2007-03-28 00:00:00+00:00,15631827.305200795
2007-03-29 00:00:00+00:00,15631827.305200795
2007-03-30 00:00:00+00:00,15631827.305200795
2007-04-02 00:00:00+00:00,15631827.305200795
2007-04-03 00:00:00+00:00,15631827.305200795
2007-04-04 00:00:00+00:00,15631827.305200795
2007-04-05 00:00:00+00:00,15631827.305200795
2007-04-09 00:00:00+00:00,15631827.305200795
2007-04-10 00:00:00+00:00,15631827.305200795
2007-04-11 00:00:00+00:00,15631827.305200795
2007-04-12 00:00:00+00:00,15631827.305200795
2007-04-13 00:00:00+00:00,15631827.305200795
2007-04-16 00:00:00+00:00,15631827.305200795
2007-04-17 00:00:00+00:00,15631827.305200795
2007-04-18 00:00:00+00:00,15631827.305200795
2007-04-19 00:00:00+00:00,15631827.305200795
2007-04-20 00:00:00+00:00,15631827.305200795
2007-04-23 00:00:00+00:00,15631827.305200795
2007-04-24 00:00:00+00:00,15631827.305200795
2007-04-25 00:00:00+00:00,15631827.305200795
2007-04-26 00:00:00+00:00,15631827.305200795
2007-04-27 00:00:00+00:00,15631827.305200795
2007-04-30 00:00:00+00:00,15631827.305200795
2007-05-01 00:00:00+00:00,15631827.305200795
2007-05-02 00:00:00+00:00,15631827.305200795
2007-05-03 00:00:00+00:00,15631827.305200795
2007-05-04 00:00:00+00:00,15631827.305200795
2007-05-07 00:00:00+00:00,15631827.305200795
2007-05-08 00:00:00+00:00,15631827.305200795
2007-05-09 00:00:00+00:00,15631827.305200795
2007-05-10 00:00:00+00:00,15631827.305200795
2007-05-11 00:00:00+00:00,15631827.305200795
2007-05-14 00:00:00+00:00,15631827.305200795
2007-05-15 00:00:00+00:00,15631827.305200795
2007-05-16 00:00:00+00:00,15631827.305200795
2007-05-17 00:00:00+00:00,15631827.305200795
2007-05-18 00:00:00+00:00,15631827.305200795
2007-05-21 00:00:00+00:00,15631827.305200795
2007-05-22 00:00:00+00:00,15631827.305200795
2007-05-23 00:00:00+00:00,15631827.305200795
2007-05-24 00:00:00+00:00,15631827.305200795
2007-05-25 00:00:00+00:00,15631827.305200795
2007-05-28 00:00:00+00:00,15631827.305200795
2007-05-29 00:00:00+00:00,15631827.305200795
2007-05-30 00:00:00+00:00,15631827.305200795
2007-05-31 00:00:00+00:00,15631827.305200795
2007-06-01 00:00:00+00:00,15631827.305200795
2007-06-04 00:00:00+00:00,15631827.305200795
2007-06-05 00:00:00+00:00,15631827.305200795
2007-06-06 00:00:00+00:00,15631827.305200795
2007-06-07 00:00:00+00:00,15631827.305200795
2007-06-08 00:00:00+00:00,15631827.305200795
2007-06-11 00:00:00+00:00,15631827.305200795
2007-06-12 00:00:00+00:00,15631827.305200795
2007-06-13 00:00:00+00:00,15631827.305200795
2007-06-14 00:00:00+00:00,15631827.305200795
2007-06-15 00:00:00+00:00,15631827.305200795
2007-06-18 00:00:00+00:00,15631827.305200795
2007-06-19 00:00:00+00:00,15631827.305200795
2007-06-20 00:00:00+00:00,15631827.305200795
2007-06-21 00:00:00+00:00,15631827.305200795
2007-06-22 00:00:00+00:00,15631827.305200795
2007-06-25 00:00:00+00:00,15631827.305200795
2007-06-26 00:00:00+00:00,15631827.305200795
2007-06-27 00:00:00+00:00,15631827.305200795
2007-06-28 00:00:00+00:00,15631827.305200795
2007-06-29 00:00:00+00:00,15631827.305200795
2007-07-02 00:00:00+00:00,15631827.305200795
2007-07-03 00:00:00+00:00,15631827.305200795
2007-07-04 00:00:00+00:00,15631827.305200795
2007-07-05 00:00:00+00:00,15631827.305200795
2007-07-06 00:00:00+00:00,15631827.305200795
2007-07-09 00:00:00+00:00,15631827.305200795
2007-07-10 00:00:00+00:00,15631827.305200795
2007-07-11 00:00:00+00:00,15631827.305200795
2007-07-12 00:00:00+00:00,15631827.305200795
2007-07-13 00:00:00+00:00,15631827.305200795
2007-07-16 00:00:00+00:00,15631827.305200795
2007-07-17 00:00:00+00:00,15631827.305200795
2007-07-18 00:00:00+00:00,15631827.305200795
2007-07-19 00:00:00+00:00,15631827.305200795
2007-07-20 00:00:00+00:00,15631827.305200795
2007-07-23 00:00:00+00:00,15631827.305200795
2007-07-24 00:00:00+00:00,15631827.305200795
2007-07-25 00:00:00+00:00,15631827.305200795
2007-07-26 00:00:00+00:00,15631827.305200795
2007-07-27 00:00:00+00:00,15631827.305200795
2007-07-30 00:00:00+00:00,15631827.305200795
2007-07-31 00:00:00+00:00,15631827.305200795
2007-08-01 00:00:00+00:00,15631827.305200795
2007-08-02 00:00:00+00:00,15631827.305200795
2007-08-03 00:00:00+00:00,15631827.305200795
2007-08-06 00:00:00+00:00,15631827.305200795
2007-08-07 00:00:00+00:00,15631827.305200795
2007-08-08 00:00:00+00:00,15631827.305200795
2007-08-09 00:00:00+00:00,15631827.305200795
2007-08-10 00:00:00+00:00,15631827.305200795
2007-08-13 00:00:00+00:00,15631827.305200795
2007-08-14 00:00:00+00:00,15631827.305200795
2007-08-15 00:00:00+00:00,15631827.305200795
2007-08-16 00:00:00+00:00,15631827.305200795
2007-08-17 00:00:00+00:00,15631827.305200795
2007-08-20 00:00:00+00:00,15631827.305200795
2007-08-21 00:00:00+00:00,15631827.305200795
2007-08-22 00:00:00+00:00,15631827.305200795
2007-08-23 00:00:00+00:00,15631827.305200795
2007-08-24 00:00:00+00:00,15631827.305200795
2007-08-27 00:00:00+00:00,15631827.305200795
2007-08-28 00:00:00+00:00,15631827.305200795
2007-08-29 00:00:00+00:00,15631827.305200795
2007-08-30 00:00:00+00:00,15631827.305200795
2007-08-31 00:00:00+00:00,15631827.305200795
2007-09-03 00:00:00+00:00,15631827.305200795
2007-09-04 00:00:00+00:00,15631827.305200795
2007-09-05 00:00:00+00:00,15631827.305200795
2007-09-06 00:00:00+00:00,15631827.305200795
2007-09-07 00:00:00+00:00,15631827.305200795
2007-09-10 00:00:00+00:00,15631827.305200795
2007-09-11 00:00:00+00:00,15631827.305200795
2007-09-12 00:00:00+00:00,15631827.305200795
2007-09-13 00:00:00+00:00,15631827.305200795
2007-09-14 00:00:00+00:00,15631827.305200795
2007-09-17 00:00:00+00:00,15631827.305200795
2007-09-18 00:00:00+00:00,15631827.305200795
2007-09-19 00:00:00+00:00,15631827.305200795
2007-09-20 00:00:00+00:00,15631827.305200795
2007-09-21 00:00:00+00:00,15631827.305200795
2007-09-24 00:00:00+00:00,15631827.305200795
2007-09-25 00:00:00+00:00,15631827.305200795
2007-09-26 00:00:00+00:00,15631827.305200795
2007-09-27 00:00:00+00:00,15631827.305200795
2007-09-28 00:00:00+00:00,15631827.305200795
2007-10-01 00:00:00+00:00,15631827.305200795
2007-10-02 00:00:00+00:00,15631827.305200795
2007-10-03 00:00:00+00:00,15631827.305200795
2007-10-04 00:00:00+00:00,15631827.305200795
2007-10-05 00:00:00+00:00,15631827.305200795
2007-10-08 00:00:00+00:00,15631827.305200795
2007-10-09 00:00:00+00:00,15631827.305200795
2007-10-10 00:00:00+00:00,15631827.305200795
2007-10-11 00:00:00+00:00,15631827.305200795
2007-10-12 00:00:00+00:00,15631827.305200795
2007-10-15 00:00:00+00:00,15631827.305200795
2007-10-16 00:00:00+00:00,15631827.305200795
2007-10-17 00:00:00+00:00,15631827.305200795
2007-10-18 00:00:00+00:00,15631827.305200795
2007-10-19 00:00:00+00:00,15631827.305200795
2007-10-22 00:00:00+00:00,15631827.305200795
2007-10-23 00:00:00+00:00,15631827.305200795
2007-10-24 00:00:00+00:00,15631827.305200795
2007-10-25 00:00:00+00:00,15631827.305200795
2007-10-26 00:00:00+00:00,15631827.305200795
2007-10-29 00:00:00+00:00,15631827.305200795
2007-10-30 00:00:00+00:00,15631827.305200795
2007-10-31 00:00:00+00:00,15631827.305200795
2007-11-01 00:00:00+00:00,15631827.305200795
2007-11-02 00:00:00+00:00,15631827.305200795
2007-11-05 00:00:00+00:00,15631827.305200795
2007-11-06 00:00:00+00:00,15631827.305200795
2007-11-07 00:00:00+00:00,15631827.305200795
2007-11-08 00:00:00+00:00,15631827.305200795
2007-11-09 00:00:00+00:00,15631827.305200795
2007-11-12 00:00:00+00:00,15631827.305200795
2007-11-13 00:00:00+00:00,15631827.305200795
2007-11-14 00:00:00+00:00,15631827.305200795
2007-11-15 00:00:00+00:00,15631827.305200795
2007-11-16 00:00:00+00:00,15631827.305200795
2007-11-19 00:00:00+00:00,15631827.305200795
2007-11-20 00:00:00+00:00,15631827.305200795
2007-11-21 00:00:00+00:00,15631827.305200795
2007-11-22 00:00:00+00:00,15631827.305200795
2007-11-23 00:00:00+00:00,15631827.305200795
2007-11-26 00:00:00+00:00,15631827.305200795
2007-11-27 00:00:00+00:00,15631827.305200795
2007-11-28 00:00:00+00:00,15631827.305200795
2007-11-29 00:00:00+00:00,15631827.305200795
2007-11-30 00:00:00+00:00,15631827.305200795
2007-12-03 00:00:00+00:00,15631827.305200795
2007-12-04 00:00:00+00:00,15631827.305200795
2007-12-05 00:00:00+00:00,15631827.305200795
2007-12-06 00:00:00+00:00,15631827.305200795
2007-12-07 00:00:00+00:00,15631827.305200795
2007-12-10 00:00:00+00:00,15631827.305200795
2007-12-11 00:00:00+00:00,15631827.305200795
2007-12-12 00:00:00+00:00,15631827.305200795
2007-12-13 00:00:00+00:00,15631827.305200795
2007-12-14 00:00:00+00:00,15631827.305200795
2007-12-17 00:00:00+00:00,15631827.305200795
2007-12-18 00:00:00+00:00,15631827.305200795
2007-12-19 00:00:00+00:00,15631827.305200795
2007-12-20 00:00:00+00:00,15631827.305200795
2007-12-21 00:00:00+00:00,15631827.305200795
2007-12-24 00:00:00+00:00,15631827.305200795
2007-12-26 00:00:00+00:00,15631827.305200795
2007-12-27 00:00:00+00:00,15631827.305200795
2007-12-28 00:00:00+00:00,15631827.305200795
2007-12-31 00:00:00+00:00,15631827.305200795
2008-01-01 00:00:00+00:00,15631827.305200795
2008-01-02 00:00:00+00:00,15631827.305200795
2008-01-03 00:00:00+00:00,15631827.305200795
2008-01-04 00:00:00+00:00,15631827.305200795
2008-01-07 00:00:00+00:00,15631827.305200795
2008-01-08 00:00:00+00:00,15631827.305200795
2008-01-09 00:00:00+00:00,15631827.305200795
2008-01-10 00:00:00+00:00,15631827.305200795
2008-01-11 00:00:00+00:00,15631827.305200795
2008-01-14 00:00:00+00:00,15631827.305200795
2008-01-15 00:00:00+00:00,15631827.305200795
2008-01-16 00:00:00+00:00,15631827.305200795
2008-01-17 00:00:00+00:00,15631827.305200795
2008-01-18 00:00:00+00:00,15631827.305200795
2008-01-21 00:00:00+00:00,15631827.305200795
2008-01-22 00:00:00+00:00,15631827.305200795
2008-01-23 00:00:00+00:00,15631827.305200795
2008-01-24 00:00:00+00:00,15631827.305200795
2008-01-25 00:00:00+00:00,15631827.305200795
2008-01-28 00:00:00+00:00,15631827.305200795
2008-01-29 00:00:00+00:00,15631827.305200795
2008-01-30 00:00:00+00:00,15631827.305200795
2008-01-31 00:00:00+00:00,15631827.305200795
2008-02-01 00:00:00+00:00,15631827.305200795
2008-02-04 00:00:00+00:00,15631827.305200795
2008-02-05 00:00:00+00:00,15631827.305200795
2008-02-06 00:00:00+00:00,15631827.305200795
2008-02-07 00:00:00+00:00,15631827.305200795
2008-02-08 00:00:00+00:00,15631827.305200795
2008-02-11 00:00:00+00:00,15631827.305200795
2008-02-12 00:00:00+00:00,15631827.305200795
2008-02-13 00:00:00+00:00,15631827.305200795
2008-02-14 00:00:00+00:00,15631827.305200795
2008-02-15 00:00:00+00:00,15631827.305200795
2008-02-18 00:00:00+00:00,15631827.305200795
2008-02-19 00:00:00+00:00,15631827.305200795
2008-02-20 00:00:00+00:00,15631827.305200795
2008-02-21 00:00:00+00:00,15631827.305200795
2008-02-22 00:00:00+00:00,15631827.305200795
2008-02-25 00:00:00+00:00,15631827.305200795
2008-02-26 00:00:00+00:00,15631827.305200795
2008-02-27 00:00:00+00:00,15631827.305200795
2008-02-28 00:00:00+00:00,15631827.305200795
2008-02-29 00:00:00+00:00,15631827.305200795
2008-03-03 00:00:00+00:00,15631827.305200795
2008-03-04 00:00:00+00:00,15631827.305200795
2008-03-05 00:00:00+00:00,15631827.305200795
2008-03-06 00:00:00+00:00,15631827.305200795
2008-03-07 00:00:00+00:00,15631827.305200795
2008-03-10 00:00:00+00:00,15631827.305200795
2008-03-11 00:00:00+00:00,15631827.305200795
2008-03-12 00:00:00+00:00,15631827.305200795
2008-03-13 00:00:00+00:00,15631827.305200795
2008-03-14 00:00:00+00:00,15631827.305200795
2008-03-17 00:00:00+00:00,15631827.305200795
2008-03-18 00:00:00+00:00,15631827.305200795
2008-03-19 00:00:00+00:00,15631827.305200795
2008-03-20 00:00:00+00:00,15631827.305200795
2008-03-24 00:00:00+00:00,15631827.305200795
2008-03-25 00:00:00+00:00,15631827.305200795
2008-03-26 00:00:00+00:00,15631827.305200795
2008-03-27 00:00:00+00:00,15631827.305200795
2008-03-28 00:00:00+00:00,15631827.305200795
2008-03-31 00:00:00+00:00,15631827.305200795
2008-04-01 00:00:00+00:00,15631827.305200795
2008-04-02 00:00:00+00:00,15631827.305200795
2008-04-03 00:00:00+00:00,15631827.305200795
2008-04-04 00:00:00+00:00,15631827.305200795
2008-04-07 00:00:00+00:00,15631827.305200795
2008-04-08 00:00:00+00:00,15631827.305200795
2008-04-09 00:00:00+00:00,15631827.305200795
2008-04-10 00:00:00+00:00,15631827.305200795
2008-04-11 00:00:00+00:00,15631827.305200795
2008-04-14 00:00:00+00:00,15631827.305200795
2008-04-15 00:00:00+00:00,15631827.305200795
2008-04-16 00:00:00+00:00,15631827.305200795
2008-04-17 00:00:00+00:00,15631827.305200795
2008-04-18 00:00:00+00:00,15631827.305200795
2008-04-21 00:00:00+00:00,15631827.305200795
2008-04-22 00:00:00+00:00,15631827.305200795
2008-04-23 00:00:00+00:00,15631827.305200795
2008-04-24 00:00:00+00:00,15631827.305200795
2008-04-25 00:00:00+00:00,15631827.305200795
2008-04-28 00:00:00+00:00,15631827.305200795
2008-04-29 00:00:00+00:00,15631827.305200795
2008-04-30 00:00:00+00:00,15631827.305200795
2008-05-01 00:00:00+00:00,15631827.305200795
2008-05-02 00:00:00+00:00,15631827.305200795
2008-05-05 00:00:00+00:00,15631827.305200795
2008-05-06 00:00:00+00:00,15631827.305200795
2008-05-07 00:00:00+00:00,15631827.305200795
2008-05-08 00:00:00+00:00,15631827.305200795
2008-05-09 00:00:00+00:00,15631827.305200795
2008-05-12 00:00:00+00:00,15631827.305200795
2008-05-13 00:00:00+00:00,15631827.305200795
2008-05-14 00:00:00+00:00,15631827.305200795
2008-05-15 00:00:00+00:00,15631827.305200795
2008-05-16 00:00:00+00:00,15631827.305200795
2008-05-19 00:00:00+00:00,15631827.305200795
2008-05-20 00:00:00+00:00,15631827.305200795
2008-05-21 00:00:00+00:00,15631827.305200795
2008-05-22 00:00:00+00:00,15631827.305200795
2008-05-23 00:00:00+00:00,15631827.305200795
2008-05-26 00:00:00+00:00,15631827.305200795
2008-05-27 00:00:00+00:00,15631827.305200795
2008-05-28 00:00:00+00:00,15631827.305200795
2008-05-29 00:00:00+00:00,15631827.305200795
2008-05-30 00:00:00+00:00,15631827.305200795
2008-06-02 00:00:00+00:00,15631827.305200795
2008-06-03 00:00:00+00:00,15631827.305200795
2008-06-04 00:00:00+00:00,15631827.305200795
2008-06-05 00:00:00+00:00,15631827.305200795
2008-06-06 00:00:00+00:00,15631827.305200795
2008-06-09 00:00:00+00:00,15631827.305200795
2008-06-10 00:00:00+00:00,15631827.305200795
2008-06-11 00:00:00+00:00,15631827.305200795
2008-06-12 00:00:00+00:00,15631827.305200795
2008-06-13 00:00:00+00:00,15631827.305200795
2008-06-16 00:00:00+00:00,15631827.305200795
2008-06-17 00:00:00+00:00,15631827.305200795
2008-06-18 00:00:00+00:00,15631827.305200795
2008-06-19 00:00:00+00:00,15631827.305200795
2008-06-20 00:00:00+00:00,15631827.305200795
2008-06-23 00:00:00+00:00,15631827.305200795
2008-06-24 00:00:00+00:00,15631827.305200795
2008-06-25 00:00:00+00:00,15631827.305200795
2008-06-26 00:00:00+00:00,15631827.305200795
2008-06-27 00:00:00+00:00,15631827.305200795
2008-06-30 00:00:00+00:00,15631827.305200795
2008-07-01 00:00:00+00:00,15631827.305200795
2008-07-02 00:00:00+00:00,15631827.305200795
2008-07-03 00:00:00+00:00,15631827.305200795
2008-07-04 00:00:00+00:00,15631827.305200795
2008-07-07 00:00:00+00:00,15631827.305200795
2008-07-08 00:00:00+00:00,15631827.305200795
2008-07-09 00:00:00+00:00,15631827.305200795
2008-07-10 00:00:00+00:00,15631827.305200795
2008-07-11 00:00:00+00:00,15631827.305200795
2008-07-14 00:00:00+00:00,15631827.305200795
2008-07-15 00:00:00+00:00,15631827.305200795
2008-07-16 00:00:00+00:00,15631827.305200795
2008-07-17 00:00:00+00:00,15631827.305200795
2008-07-18 00:00:00+00:00,15631827.305200795
2008-07-21 00:00:00+00:00,15631827.305200795
2008-07-22 00:00:00+00:00,15631827.305200795
2008-07-23 00:00:00+00:00,15631827.305200795
2008-07-24 00:00:00+00:00,15631827.305200795
2008-07-25 00:00:00+00:00,15631827.305200795
2008-07-28 00:00:00+00:00,15631827.305200795
2008-07-29 00:00:00+00:00,15631827.305200795
2008-07-30 00:00:00+00:00,15631827.305200795
2008-07-31 00:00:00+00:00,15631827.305200795
2008-08-01 00:00:00+00:00,15631827.305200795
2008-08-04 00:00:00+00:00,15631827.305200795
2008-08-05 00:00:00+00:00,15631827.305200795
2008-08-06 00:00:00+00:00,15631827.305200795
2008-08-07 00:00:00+00:00,15631827.305200795
2008-08-08 00:00:00+00:00,15631827.305200795
2008-08-11 00:00:00+00:00,15631827.305200795
2008-08-12 00:00:00+00:00,15631827.305200795
2008-08-13 00:00:00+00:00,15631827.305200795
2008-08-14 00:00:00+00:00,15631827.305200795
2008-08-15 00:00:00+00:00,15631827.305200795
2008-08-18 00:00:00+00:00,15631827.305200795
2008-08-19 00:00:00+00:00,15631827.305200795
2008-08-20 00:00:00+00:00,15631827.305200795
2008-08-21 00:00:00+00:00,15631827.305200795
2008-08-22 00:00:00+00:00,15631827.305200795
2008-08-25 00:00:00+00:00,15631827.305200795
2008-08-26 00:00:00+00:00,15631827.305200795
2008-08-27 00:00:00+00:00,15631827.305200795
2008-08-28 00:00:00+00:00,15631827.305200795
2008-08-29 00:00:00+00:00,15631827.305200795
2008-09-01 00:00:00+00:00,15631827.305200795
2008-09-02 00:00:00+00:00,15631827.305200795
2008-09-03 00:00:00+00:00,15631827.305200795
2008-09-04 00:00:00+00:00,15631827.305200795
2008-09-05 00:00:00+00:00,15631827.305200795
2008-09-08 00:00:00+00:00,15631827.305200795
2008-09-09 00:00:00+00:00,15631827.305200795
2008-09-10 00:00:00+00:00,15631827.305200795
2008-09-11 00:00:00+00:00,15631827.305200795
2008-09-12 00:00:00+00:00,15631827.305200795
2008-09-15 00:00:00+00:00,15631827.305200795
2008-09-16 00:00:00+00:00,15631827.305200795
2008-09-17 00:00:00+00:00,15631827.305200795
2008-09-18 00:00:00+00:00,15631827.305200795
2008-09-19 00:00:00+00:00,15631827.305200795
2008-09-22 00:00:00+00:00,15631827.305200795
2008-09-23 00:00:00+00:00,15631827.305200795
2008-09-24 00:00:00+00:00,15631827.305200795
2008-09-25 00:00:00+00:00,15631827.305200795
2008-09-26 00:00:00+00:00,15631827.305200795
2008-09-29 00:00:00+00:00,15631827.305200795
2008-09-30 00:00:00+00:00,15631827.305200795
2008-10-01 00:00:00+00:00,15631827.305200795
2008-10-02 00:00:00+00:00,15631827.305200795
2008-10-03 00:00:00+00:00,15631827.305200795
2008-10-06 00:00:00+00:00,15631827.305200795
2008-10-07 00:00:00+00:00,15631827.305200795
2008-10-08 00:00:00+00:00,15631827.305200795
2008-10-09 00:00:00+00:00,15631827.305200795
2008-10-10 00:00:00+00:00,15631827.305200795
2008-10-13 00:00:00+00:00,15631827.305200795
2008-10-14 00:00:00+00:00,15631827.305200795
2008-10-15 00:00:00+00:00,15631827.305200795
2008-10-16 00:00:00+00:00,15631827.305200795
2008-10-17 00:00:00+00:00,15631827.305200795
2008-10-20 00:00:00+00:00,15631827.305200795
2008-10-21 00:00:00+00:00,15631827.305200795
2008-10-22 00:00:00+00:00,15631827.305200795
2008-10-23 00:00:00+00:00,15631827.305200795
2008-10-24 00:00:00+00:00,15631827.305200795
2008-10-27 00:00:00+00:00,15631827.305200795
2008-10-28 00:00:00+00:00,15631827.305200795
2008-10-29 00:00:00+00:00,15631827.305200795
2008-10-30 00:00:00+00:00,15631827.305200795
2008-10-31 00:00:00+00:00,15631827.305200795
2008-11-03 00:00:00+00:00,15631827.305200795
2008-11-04 00:00:00+00:00,15631827.305200795
2008-11-05 00:00:00+00:00,15631827.305200795
2008-11-06 00:00:00+00:00,15631827.305200795
2008-11-07 00:00:00+00:00,15631827.305200795
2008-11-10 00:00:00+00:00,15631827.305200795
2008-11-11 00:00:00+00:00,15631827.305200795
2008-11-12 00:00:00+00:00,15631827.305200795
2008-11-13 00:00:00+00:00,15631827.305200795
2008-11-14 00:00:00+00:00,15631827.305200795
2008-11-17 00:00:00+00:00,15631827.305200795
2008-11-18 00:00:00+00:00,15631827.305200795
2008-11-19 00:00:00+00:00,15631827.305200795
2008-11-20 00:00:00+00:00,15631827.305200795
2008-11-21 00:00:00+00:00,15631827.305200795
2008-11-24 00:00:00+00:00,15631827.305200795
2008-11-25 00:00:00+00:00,15631827.305200795
2008-11-26 00:00:00+00:00,15631827.305200795
2008-11-27 00:00:00+00:00,15631827.305200795
2008-11-28 00:00:00+00:00,15631827.305200795
2008-12-01 00:00:00+00:00,15631827.305200795
2008-12-02 00:00:00+00:00,15631827.305200795
2008-12-03 00:00:00+00:00,15631827.305200795
2008-12-04 00:00:00+00:00,15631827.305200795
2008-12-05 00:00:00+00:00,15631827.305200795
2008-12-08 00:00:00+00:00,15631827.305200795
2008-12-09 00:00:00+00:00,15631827.305200795
2008-12-10 00:00:00+00:00,15631827.305200795
2008-12-11 00:00:00+00:00,15631827.305200795
2008-12-12 00:00:00+00:00,15631827.305200795
2008-12-15 00:00:00+00:00,15631827.305200795
2008-12-16 00:00:00+00:00,15631827.305200795
2008-12-17 00:00:00+00:00,15631827.305200795
2008-12-18 00:00:00+00:00,15631827.305200795
2008-12-19 00:00:00+00:00,15631827.305200795
2008-12-22 00:00:00+00:00,15631827.305200795
2008-12-23 00:00:00+00:00,15631827.305200795
2008-12-24 00:00:00+00:00,15631827.305200795
2008-12-26 00:00:00+00:00,15631827.305200795
2008-12-29 00:00:00+00:00,15631827.305200795
2008-12-30 00:00:00+00:00,15631827.305200795
2008-12-31 00:00:00+00:00,15631827.305200795
2009-01-02 00:00:00+00:00,15631827.305200795
2009-01-05 00:00:00+00:00,15631827.305200795
2009-01-06 00:00:00+00:00,15631827.305200795
2009-01-07 00:00:00+00:00,15631827.305200795
2009-01-08 00:00:00+00:00,15631827.305200795
2009-01-09 00:00:00+00:00,15631827.305200795
2009-01-12 00:00:00+00:00,15631827.305200795
2009-01-13 00:00:00+00:00,15631827.305200795
2009-01-14 00:00:00+00:00,15631827.305200795
2009-01-15 00:00:00+00:00,15631827.305200795
2009-01-16 00:00:00+00:00,15631827.305200795
2009-01-19 00:00:00+00:00,15631827.305200795
2009-01-20 00:00:00+00:00,15631827.305200795
2009-01-21 00:00:00+00:00,15631827.305200795
2009-01-22 00:00:00+00:00,15631827.305200795
2009-01-23 00:00:00+00:00,15631827.305200795
2009-01-26 00:00:00+00:00,15631827.305200795
2009-01-27 00:00:00+00:00,15631827.305200795
2009-01-28 00:00:00+00:00,15631827.305200795
2009-01-29 00:00:00+00:00,15631827.305200795
2009-01-30 00:00:00+00:00,15631827.305200795
2009-02-02 00:00:00+00:00,15631827.305200795
2009-02-03 00:00:00+00:00,15631827.305200795
2009-02-04 00:00:00+00:00,15631827.305200795
2009-02-05 00:00:00+00:00,15631827.305200795
2009-02-06 00:00:00+00:00,15631827.305200795
2009-02-09 00:00:00+00:00,15631827.305200795
2009-02-10 00:00:00+00:00,15631827.305200795
2009-02-11 00:00:00+00:00,15631827.305200795
2009-02-12 00:00:00+00:00,15631827.305200795
2009-02-13 00:00:00+00:00,15631827.305200795
2009-02-16 00:00:00+00:00,15631827.305200795
2009-02-17 00:00:00+00:00,15631827.305200795
2009-02-18 00:00:00+00:00,15631827.305200795
2009-02-19 00:00:00+00:00,15631827.305200795
2009-02-20 00:00:00+00:00,15631827.305200795
2009-02-23 00:00:00+00:00,15631827.305200795
2009-02-24 00:00:00+00:00,15631827.305200795
2009-02-25 00:00:00+00:00,15631827.305200795
2009-02-26 00:00:00+00:00,15631827.305200795
2009-02-27 00:00:00+00:00,15631827.305200795
2009-03-02 00:00:00+00:00,15631827.305200795
2009-03-03 00:00:00+00:00,15631827.305200795
2009-03-04 00:00:00+00:00,15631827.305200795
2009-03-05 00:00:00+00:00,15631827.305200795
2009-03-06 00:00:00+00:00,15631827.305200795
2009-03-09 00:00:00+00:00,15631827.305200795
2009-03-10 00:00:00+00:00,15631827.305200795
2009-03-11 00:00:00+00:00,15631827.305200795
2009-03-12 00:00:00+00:00,15631827.305200795
2009-03-13 00:00:00+00:00,15631827.305200795
2009-03-16 00:00:00+00:00,15631827.305200795
2009-03-17 00:00:00+00:00,15631827.305200795
2009-03-18 00:00:00+00:00,15631827.305200795
2009-03-19 00:00:00+00:00,15631827.305200795
2009-03-20 00:00:00+00:00,15631827.305200795
2009-03-23 00:00:00+00:00,15631827.305200795
2009-03-24 00:00:00+00:00,15631827.305200795
2009-03-25 00:00:00+00:00,15631827.305200795
2009-03-26 00:00:00+00:00,15631827.305200795
2009-03-27 00:00:00+00:00,15631827.305200795
2009-03-30 00:00:00+00:00,15631827.305200795
2009-03-31 00:00:00+00:00,15631827.305200795
2009-04-01 00:00:00+00:00,15631827.305200795
2009-04-02 00:00:00+00:00,15631827.305200795
2009-04-03 00:00:00+00:00,15631827.305200795
2009-04-06 00:00:00+00:00,15631827.305200795
2009-04-07 00:00:00+00:00,15631827.305200795
2009-04-08 00:00:00+00:00,15631827.305200795
2009-04-09 00:00:00+00:00,15631827.305200795
2009-04-13 00:00:00+00:00,15631827.305200795
2009-04-14 00:00:00+00:00,15631827.305200795
2009-04-15 00:00:00+00:00,15631827.305200795
2009-04-16 00:00:00+00:00,15631827.305200795
2009-04-17 00:00:00+00:00,15631827.305200795
2009-04-20 00:00:00+00:00,15631827.305200795
2009-04-21 00:00:00+00:00,15631827.305200795
2009-04-22 00:00:00+00:00,15631827.305200795
2009-04-23 00:00:00+00:00,15631827.305200795
2009-04-24 00:00:00+00:00,15631827.305200795
2009-04-27 00:00:00+00:00,15631827.305200795
2009-04-28 00:00:00+00:00,15631827.305200795
2009-04-29 00:00:00+00:00,15631827.305200795
2009-04-30 00:00:00+00:00,15631827.305200795
2009-05-01 00:00:00+00:00,15631827.305200795
2009-05-04 00:00:00+00:00,15631827.305200795
2009-05-05 00:00:00+00:00,15631827.305200795
2009-05-06 00:00:00+00:00,15631827.305200795
2009-05-07 00:00:00+00:00,15631827.305200795
2009-05-08 00:00:00+00:00,15631827.305200795
2009-05-11 00:00:00+00:00,15631827.305200795
2009-05-12 00:00:00+00:00,15631827.305200795
2009-05-13 00:00:00+00:00,15631827.305200795
2009-05-14 00:00:00+00:00,15631827.305200795
2009-05-15 00:00:00+00:00,15631827.305200795
2009-05-18 00:00:00+00:00,15631827.305200795
2009-05-19 00:00:00+00:00,15631827.305200795
2009-05-20 00:00:00+00:00,15631827.305200795
2009-05-21 00:00:00+00:00,15631827.305200795
2009-05-22 00:00:00+00:00,15631827.305200795
2009-05-25 00:00:00+00:00,15631827.305200795
2009-05-26 00:00:00+00:00,15631827.305200795
2009-05-27 00:00:00+00:00,15631827.305200795
2009-05-28 00:00:00+00:00,15631827.305200795
2009-05-29 00:00:00+00:00,15631827.305200795
2009-06-01 00:00:00+00:00,15631827.305200795
2009-06-02 00:00:00+00:00,15631827.305200795
2009-06-03 00:00:00+00:00,15631827.305200795
2009-06-04 00:00:00+00:00,15631827.305200795
2009-06-05 00:00:00+00:00,15631827.305200795
2009-06-08 00:00:00+00:00,15631827.305200795
2009-06-09 00:00:00+00:00,15631827.305200795
2009-06-10 00:00:00+00:00,15631827.305200795
2009-06-11 00:00:00+00:00,15631827.305200795
2009-06-12 00:00:00+00:00,15631827.305200795
2009-06-15 00:00:00+00:00,15631827.305200795
2009-06-16 00:00:00+00:00,15631827.305200795
2009-06-17 00:00:00+00:00,15631827.305200795
2009-06-18 00:00:00+00:00,15631827.305200795
2009-06-19 00:00:00+00:00,15631827.305200795
2009-06-22 00:00:00+00:00,15631827.305200795
2009-06-23 00:00:00+00:00,15631827.305200795
2009-06-24 00:00:00+00:00,15631827.305200795
2009-06-25 00:00:00+00:00,15631827.305200795
2009-06-26 00:00:00+00:00,15631827.305200795
2009-06-29 00:00:00+00:00,15631827.305200795
2009-06-30 00:00:00+00:00,15631827.305200795
2009-07-01 00:00:00+00:00,15631827.305200795
2009-07-02 00:00:00+00:00,15631827.305200795
2009-07-03 00:00:00+00:00,15631827.305200795
2009-07-06 00:00:00+00:00,15631827.305200795
2009-07-07 00:00:00+00:00,15631827.305200795
2009-07-08 00:00:00+00:00,15631827.305200795
2009-07-09 00:00:00+00:00,15631827.305200795
2009-07-10 00:00:00+00:00,15631827.305200795
2009-07-13 00:00:00+00:00,15631827.305200795
2009-07-14 00:00:00+00:00,15631827.305200795
2009-07-15 00:00:00+00:00,15631827.305200795
2009-07-16 00:00:00+00:00,15631827.305200795
2009-07-17 00:00:00+00:00,15631827.305200795
2009-07-20 00:00:00+00:00,15631827.305200795
2009-07-21 00:00:00+00:00,15631827.305200795
2009-07-22 00:00:00+00:00,15631827.305200795
2009-07-23 00:00:00+00:00,15631827.305200795
2009-07-24 00:00:00+00:00,15631827.305200795
2009-07-27 00:00:00+00:00,15631827.305200795
2009-07-28 00:00:00+00:00,15631827.305200795
2009-07-29 00:00:00+00:00,15631827.305200795
2009-07-30 00:00:00+00:00,15631827.305200795
2009-07-31 00:00:00+00:00,15631827.305200795
2009-08-03 00:00:00+00:00,15631827.305200795
2009-08-04 00:00:00+00:00,15631827.305200795
2009-08-05 00:00:00+00:00,15631827.305200795
2009-08-06 00:00:00+00:00,15631827.305200795
2009-08-07 00:00:00+00:00,15631827.305200795
2009-08-10 00:00:00+00:00,15631827.305200795
2009-08-11 00:00:00+00:00,15631827.305200795
2009-08-12 00:00:00+00:00,15631827.305200795
2009-08-13 00:00:00+00:00,15631827.305200795
2009-08-14 00:00:00+00:00,15631827.305200795
2009-08-17 00:00:00+00:00,15631827.305200795
2009-08-18 00:00:00+00:00,15631827.305200795
2009-08-19 00:00:00+00:00,15631827.305200795
2009-08-20 00:00:00+00:00,15631827.305200795
2009-08-21 00:00:00+00:00,15631827.305200795
2009-08-24 00:00:00+00:00,15631827.305200795
2009-08-25 00:00:00+00:00,15631827.305200795
2009-08-26 00:00:00+00:00,15631827.305200795
2009-08-27 00:00:00+00:00,15631827.305200795
2009-08-28 00:00:00+00:00,15631827.305200795
2009-08-31 00:00:00+00:00,15631827.305200795
2009-09-01 00:00:00+00:00,15631827.305200795
2009-09-02 00:00:00+00:00,15631827.305200795
2009-09-03 00:00:00+00:00,15631827.305200795
2009-09-04 00:00:00+00:00,15631827.305200795
2009-09-07 00:00:00+00:00,15631827.305200795
2009-09-08 00:00:00+00:00,15631827.305200795
2009-09-09 00:00:00+00:00,15631827.305200795
2009-09-10 00:00:00+00:00,15631827.305200795
2009-09-11 00:00:00+00:00,15631827.305200795
2009-09-14 00:00:00+00:00,15631827.305200795
2009-09-15 00:00:00+00:00,15631827.305200795
2009-09-16 00:00:00+00:00,15631827.305200795
2009-09-17 00:00:00+00:00,15631827.305200795
2009-09-18 00:00:00+00:00,15631827.305200795
2009-09-21 00:00:00+00:00,15631827.305200795
2009-09-22 00:00:00+00:00,15631827.305200795
2009-09-23 00:00:00+00:00,15631827.305200795
2009-09-24 00:00:00+00:00,15631827.305200795
2009-09-25 00:00:00+00:00,15631827.305200795
2009-09-28 00:00:00+00:00,15631827.305200795
2009-09-29 00:00:00+00:00,15631827.305200795
2009-09-30 00:00:00+00:00,15631827.305200795
2009-10-01 00:00:00+00:00,15631827.305200795
2009-10-02 00:00:00+00:00,15631827.305200795
2009-10-05 00:00:00+00:00,15631827.305200795
2009-10-06 00:00:00+00:00,15631827.305200795
2009-10-07 00:00:00+00:00,15631827.305200795
2009-10-08 00:00:00+00:00,15631827.305200795
2009-10-09 00:00:00+00:00,15631827.305200795
2009-10-12 00:00:00+00:00,15631827.305200795
2009-10-13 00:00:00+00:00,15631827.305200795
2009-10-14 00:00:00+00:00,15631827.305200795
2009-10-15 00:00:00+00:00,15631827.305200795
2009-10-16 00:00:00+00:00,15631827.305200795
2009-10-19 00:00:00+00:00,15631827.305200795
2009-10-20 00:00:00+00:00,15631827.305200795
2009-10-21 00:00:00+00:00,15631827.305200795
2009-10-22 00:00:00+00:00,15631827.305200795
2009-10-23 00:00:00+00:00,15631827.305200795
2009-10-26 00:00:00+00:00,15631827.305200795
2009-10-27 00:00:00+00:00,15631827.305200795
2009-10-28 00:00:00+00:00,15631827.305200795
2009-10-29 00:00:00+00:00,15631827.305200795
2009-10-30 00:00:00+00:00,15631827.305200795
2009-11-02 00:00:00+00:00,15631827.305200795
2009-11-03 00:00:00+00:00,15631827.305200795
2009-11-04 00:00:00+00:00,15631827.305200795
2009-11-05 00:00:00+00:00,15631827.305200795
2009-11-06 00:00:00+00:00,15631827.305200795
2009-11-09 00:00:00+00:00,15631827.305200795
2009-11-10 00:00:00+00:00,15631827.305200795
2009-11-11 00:00:00+00:00,15631827.305200795
2009-11-12 00:00:00+00:00,15631827.305200795
2009-11-13 00:00:00+00:00,15631827.305200795
2009-11-16 00:00:00+00:00,15631827.305200795
2009-11-17 00:00:00+00:00,15631827.305200795
2009-11-18 00:00:00+00:00,15631827.305200795
2009-11-19 00:00:00+00:00,15631827.305200795
2009-11-20 00:00:00+00:00,15631827.305200795
2009-11-23 00:00:00+00:00,15631827.305200795
2009-11-24 00:00:00+00:00,15631827.305200795
2009-11-25 00:00:00+00:00,15631827.305200795
2009-11-26 00:00:00+00:00,15631827.305200795
2009-11-27 00:00:00+00:00,15631827.305200795
2009-11-30 00:00:00+00:00,15631827.305200795
2009-12-01 00:00:00+00:00,15631827.305200795
2009-12-02 00:00:00+00:00,15631827.305200795
2009-12-03 00:00:00+00:00,15631827.305200795
2009-12-04 00:00:00+00:00,15631827.305200795
2009-12-07 00:00:00+00:00,15631827.305200795
2009-12-08 00:00:00+00:00,15631827.305200795
2009-12-09 00:00:00+00:00,15631827.305200795
2009-12-10 00:00:00+00:00,15631827.305200795
2009-12-11 00:00:00+00:00,15631827.305200795
2009-12-14 00:00:00+00:00,15631827.305200795
2009-12-15 00:00:00+00:00,15631827.305200795
2009-12-16 00:00:00+00:00,15631827.305200795
2009-12-17 00:00:00+00:00,15631827.305200795
2009-12-18 00:00:00+00:00,15631827.305200795
2009-12-21 00:00:00+00:00,15631827.305200795
2009-12-22 00:00:00+00:00,15631827.305200795
2009-12-23 00:00:00+00:00,15631827.305200795
2009-12-24 00:00:00+00:00,15631827.305200795
2009-12-28 00:00:00+00:00,15631827.305200795
2009-12-29 00:00:00+00:00,15631827.305200795
2009-12-30 00:00:00+00:00,15631827.305200795
2009-12-31 00:00:00+00:00,15631827.305200795
2010-01-04 00:00:00+00:00,15631827.305200795
2010-01-05 00:00:00+00:00,15631827.305200795
2010-01-06 00:00:00+00:00,15631827.305200795
2010-01-07 00:00:00+00:00,15631827.305200795
2010-01-08 00:00:00+00:00,15631827.305200795
2010-01-11 00:00:00+00:00,15631827.305200795
2010-01-12 00:00:00+00:00,15631827.305200795
2010-01-13 00:00:00+00:00,15631827.305200795
2010-01-14 00:00:00+00:00,15631827.305200795
2010-01-15 00:00:00+00:00,15631827.305200795
2010-01-18 00:00:00+00:00,15631827.305200795
2010-01-19 00:00:00+00:00,15631827.305200795
2010-01-20 00:00:00+00:00,15631827.305200795
2010-01-21 00:00:00+00:00,15631827.305200795
2010-01-22 00:00:00+00:00,15631827.305200795
2010-01-25 00:00:00+00:00,15631827.305200795
2010-01-26 00:00:00+00:00,15631827.305200795
2010-01-27 00:00:00+00:00,15631827.305200795
2010-01-28 00:00:00+00:00,15631827.305200795
2010-01-29 00:00:00+00:00,15631827.305200795
2010-02-01 00:00:00+00:00,15631827.305200795
2010-02-02 00:00:00+00:00,15631827.305200795
2010-02-03 00:00:00+00:00,15631827.305200795
2010-02-04 00:00:00+00:00,15631827.305200795
2010-02-05 00:00:00+00:00,15631827.305200795
2010-02-06 00:00:00+00:00,15631827.305200795
2010-02-08 00:00:00+00:00,15631827.305200795
2010-02-09 00:00:00+00:00,15631827.305200795
2010-02-10 00:00:00+00:00,15631827.305200795
2010-02-11 00:00:00+00:00,15631827.305200795
2010-02-12 00:00:00+00:00,15631827.305200795
2010-02-15 00:00:00+00:00,15631827.305200795
2010-02-16 00:00:00+00:00,15631827.305200795
2010-02-17 00:00:00+00:00,15631827.305200795
2010-02-18 00:00:00+00:00,15631827.305200795
2010-02-19 00:00:00+00:00,15631827.305200795
2010-02-22 00:00:00+00:00,15631827.305200795
2010-02-23 00:00:00+00:00,15631827.305200795
2010-02-24 00:00:00+00:00,15631827.305200795
2010-02-25 00:00:00+00:00,15631827.305200795
2010-02-26 00:00:00+00:00,15631827.305200795
2010-03-01 00:00:00+00:00,15631827.305200795
2010-03-02 00:00:00+00:00,15631827.305200795
2010-03-03 00:00:00+00:00,15631827.305200795
2010-03-04 00:00:00+00:00,15631827.305200795
2010-03-05 00:00:00+00:00,15631827.305200795
2010-03-08 00:00:00+00:00,15631827.305200795
2010-03-09 00:00:00+00:00,15631827.305200795
2010-03-10 00:00:00+00:00,15631827.305200795
2010-03-11 00:00:00+00:00,15631827.305200795
2010-03-12 00:00:00+00:00,15631827.305200795
2010-03-15 00:00:00+00:00,15631827.305200795
2010-03-16 00:00:00+00:00,15631827.305200795
2010-03-17 00:00:00+00:00,15631827.305200795
2010-03-18 00:00:00+00:00,15631827.305200795
2010-03-19 00:00:00+00:00,15631827.305200795
2010-03-22 00:00:00+00:00,15631827.305200795
2010-03-23 00:00:00+00:00,15631827.305200795
2010-03-24 00:00:00+00:00,15631827.305200795
2010-03-25 00:00:00+00:00,15631827.305200795
2010-03-26 00:00:00+00:00,15631827.305200795
2010-03-29 00:00:00+00:00,15631827.305200795
2010-03-30 00:00:00+00:00,15631827.305200795
2010-03-31 00:00:00+00:00,15631827.305200795
2010-04-01 00:00:00+00:00,15631827.305200795
2010-04-05 00:00:00+00:00,15631827.305200795
2010-04-06 00:00:00+00:00,15631827.305200795
2010-04-07 00:00:00+00:00,15631827.305200795
2010-04-08 00:00:00+00:00,15631827.305200795
2010-04-09 00:00:00+00:00,15631827.305200795
2010-04-12 00:00:00+00:00,15631827.305200795
2010-04-13 00:00:00+00:00,15631827.305200795
2010-04-14 00:00:00+00:00,15631827.305200795
2010-04-15 00:00:00+00:00,15631827.305200795
2010-04-16 00:00:00+00:00,15631827.305200795
2010-04-19 00:00:00+00:00,15631827.305200795
2010-04-20 00:00:00+00:00,15631827.305200795
2010-04-21 00:00:00+00:00,15631827.305200795
2010-04-22 00:00:00+00:00,15631827.305200795
2010-04-23 00:00:00+00:00,15631827.305200795
2010-04-26 00:00:00+00:00,15631827.305200795
2010-04-27 00:00:00+00:00,15631827.305200795
2010-04-28 00:00:00+00:00,15631827.305200795
2010-04-29 00:00:00+00:00,15631827.305200795
2010-04-30 00:00:00+00:00,15631827.305200795
2010-05-03 00:00:00+00:00,15631827.305200795
2010-05-04 00:00:00+00:00,15631827.305200795
2010-05-05 00:00:00+00:00,15631827.305200795
2010-05-06 00:00:00+00:00,15631827.305200795
2010-05-07 00:00:00+00:00,15631827.305200795
2010-05-10 00:00:00+00:00,15631827.305200795
2010-05-11 00:00:00+00:00,15631827.305200795
2010-05-12 00:00:00+00:00,15631827.305200795
2010-05-13 00:00:00+00:00,15631827.305200795
2010-05-14 00:00:00+00:00,15631827.305200795
2010-05-17 00:00:00+00:00,15631827.305200795
2010-05-18 00:00:00+00:00,15631827.305200795
2010-05-19 00:00:00+00:00,15631827.305200795
2010-05-20 00:00:00+00:00,15631827.305200795
2010-05-21 00:00:00+00:00,15631827.305200795
2010-05-24 00:00:00+00:00,15631827.305200795
2010-05-25 00:00:00+00:00,15631827.305200795
2010-05-26 00:00:00+00:00,15631827.305200795
2010-05-27 00:00:00+00:00,15631827.305200795
2010-05-28 00:00:00+00:00,15631827.305200795
2010-05-31 00:00:00+00:00,15631827.305200795
2010-06-01 00:00:00+00:00,15631827.305200795
2010-06-02 00:00:00+00:00,15631827.305200795
2010-06-03 00:00:00+00:00,15631827.305200795
2010-06-04 00:00:00+00:00,15631827.305200795
2010-06-07 00:00:00+00:00,15631827.305200795
2010-06-08 00:00:00+00:00,15631827.305200795
2010-06-09 00:00:00+00:00,15631827.305200795
2010-06-10 00:00:00+00:00,15631827.305200795
2010-06-11 00:00:00+00:00,15631827.305200795
2010-06-14 00:00:00+00:00,15631827.305200795
2010-06-15 00:00:00+00:00,15631827.305200795
2010-06-16 00:00:00+00:00,15631827.305200795
2010-06-17 00:00:00+00:00,15631827.305200795
2010-06-18 00:00:00+00:00,15631827.305200795
2010-06-21 00:00:00+00:00,15631827.305200795
2010-06-22 00:00:00+00:00,15631827.305200795
2010-06-23 00:00:00+00:00,15631827.305200795
2010-06-24 00:00:00+00:00,15631827.305200795
2010-06-25 00:00:00+00:00,15631827.305200795
2010-06-28 00:00:00+00:00,15631827.305200795
2010-06-29 00:00:00+00:00,15631827.305200795
2010-06-30 00:00:00+00:00,15631827.305200795
2010-07-01 00:00:00+00:00,15631827.305200795
2010-07-02 00:00:00+00:00,15631827.305200795
2010-07-05 00:00:00+00:00,15631827.305200795
2010-07-06 00:00:00+00:00,15631827.305200795
2010-07-07 00:00:00+00:00,15631827.305200795
2010-07-08 00:00:00+00:00,15631827.305200795
2010-07-09 00:00:00+00:00,15631827.305200795
2010-07-12 00:00:00+00:00,15631827.305200795
2010-07-13 00:00:00+00:00,15631827.305200795
2010-07-14 00:00:00+00:00,15631827.305200795
2010-07-15 00:00:00+00:00,15631827.305200795
2010-07-16 00:00:00+00:00,15631827.305200795
2010-07-19 00:00:00+00:00,15631827.305200795
2010-07-20 00:00:00+00:00,15631827.305200795
2010-07-21 00:00:00+00:00,15631827.305200795
2010-07-22 00:00:00+00:00,15631827.305200795
2010-07-23 00:00:00+00:00,15631827.305200795
2010-07-26 00:00:00+00:00,15631827.305200795
2010-07-27 00:00:00+00:00,15631827.305200795
2010-07-28 00:00:00+00:00,15631827.305200795
2010-07-29 00:00:00+00:00,15631827.305200795
2010-07-30 00:00:00+00:00,15631827.305200795
2010-08-02 00:00:00+00:00,15631827.305200795
2010-08-03 00:00:00+00:00,15631827.305200795
2010-08-04 00:00:00+00:00,15631827.305200795
2010-08-05 00:00:00+00:00,15631827.305200795
2010-08-06 00:00:00+00:00,15631827.305200795
2010-08-09 00:00:00+00:00,15631827.305200795
2010-08-10 00:00:00+00:00,15631827.305200795
2010-08-11 00:00:00+00:00,15631827.305200795
2010-08-12 00:00:00+00:00,15631827.305200795
2010-08-13 00:00:00+00:00,15631827.305200795
2010-08-16 00:00:00+00:00,15631827.305200795
2010-08-17 00:00:00+00:00,15631827.305200795
2010-08-18 00:00:00+00:00,15631827.305200795
2010-08-19 00:00:00+00:00,15631827.305200795
2010-08-20 00:00:00+00:00,15631827.305200795
2010-08-23 00:00:00+00:00,15631827.305200795
2010-08-24 00:00:00+00:00,15631827.305200795
2010-08-25 00:00:00+00:00,15631827.305200795
2010-08-26 00:00:00+00:00,15631827.305200795
2010-08-27 00:00:00+00:00,15631827.305200795
2010-08-30 00:00:00+00:00,15631827.305200795
2010-08-31 00:00:00+00:00,15631827.305200795
2010-09-01 00:00:00+00:00,15631827.305200795
2010-09-02 00:00:00+00:00,15631827.305200795
2010-09-03 00:00:00+00:00,15631827.305200795
2010-09-06 00:00:00+00:00,15631827.305200795
2010-09-07 00:00:00+00:00,15631827.305200795
2010-09-08 00:00:00+00:00,15631827.305200795
2010-09-09 00:00:00+00:00,15631827.305200795
2010-09-10 00:00:00+00:00,15631827.305200795
2010-09-13 00:00:00+00:00,15631827.305200795
2010-09-14 00:00:00+00:00,15631827.305200795
2010-09-15 00:00:00+00:00,15631827.305200795
2010-09-16 00:00:00+00:00,15631827.305200795
2010-09-17 00:00:00+00:00,15631827.305200795
2010-09-20 00:00:00+00:00,15631827.305200795
2010-09-21 00:00:00+00:00,15631827.305200795
2010-09-22 00:00:00+00:00,15631827.305200795
2010-09-23 00:00:00+00:00,15631827.305200795
2010-09-24 00:00:00+00:00,15631827.305200795
2010-09-27 00:00:00+00:00,15631827.305200795
2010-09-28 00:00:00+00:00,15631827.305200795
2010-09-29 00:00:00+00:00,15631827.305200795
2010-09-30 00:00:00+00:00,15631827.305200795
2010-10-01 00:00:00+00:00,15631827.305200795
2010-10-04 00:00:00+00:00,15631827.305200795
2010-10-05 00:00:00+00:00,15631827.305200795
2010-10-06 00:00:00+00:00,15631827.305200795
2010-10-07 00:00:00+00:00,15631827.305200795
2010-10-08 00:00:00+00:00,15631827.305200795
2010-10-11 00:00:00+00:00,15631827.305200795
2010-10-12 00:00:00+00:00,15631827.305200795
2010-10-13 00:00:00+00:00,15631827.305200795
2010-10-14 00:00:00+00:00,15631827.305200795
2010-10-15 00:00:00+00:00,15631827.305200795
2010-10-18 00:00:00+00:00,15631827.305200795
2010-10-19 00:00:00+00:00,15631827.305200795
2010-10-20 00:00:00+00:00,15631827.305200795
2010-10-21 00:00:00+00:00,15631827.305200795
2010-10-22 00:00:00+00:00,15631827.305200795
2010-10-25 00:00:00+00:00,15631827.305200795
2010-10-26 00:00:00+00:00,15631827.305200795
2010-10-27 00:00:00+00:00,15631827.305200795
2010-10-28 00:00:00+00:00,15631827.305200795
2010-10-29 00:00:00+00:00,15631827.305200795
2010-11-01 00:00:00+00:00,15631827.305200795
2010-11-02 00:00:00+00:00,15631827.305200795
2010-11-03 00:00:00+00:00,15631827.305200795
2010-11-04 00:00:00+00:00,15631827.305200795
2010-11-05 00:00:00+00:00,15631827.305200795
2010-11-08 00:00:00+00:00,15631827.305200795
2010-11-09 00:00:00+00:00,15631827.305200795
2010-11-10 00:00:00+00:00,15631827.305200795
2010-11-11 00:00:00+00:00,15631827.305200795
2010-11-12 00:00:00+00:00,15631827.305200795
2010-11-15 00:00:00+00:00,15631827.305200795
2010-11-16 00:00:00+00:00,15631827.305200795
2010-11-17 00:00:00+00:00,15631827.305200795
2010-11-18 00:00:00+00:00,15631827.305200795
2010-11-19 00:00:00+00:00,15631827.305200795
2010-11-22 00:00:00+00:00,15631827.305200795
2010-11-23 00:00:00+00:00,15631827.305200795
2010-11-24 00:00:00+00:00,15631827.305200795
2010-11-25 00:00:00+00:00,15631827.305200795
2010-11-26 00:00:00+00:00,15631827.305200795
2010-11-29 00:00:00+00:00,15631827.305200795
2010-11-30 00:00:00+00:00,15631827.305200795
2010-12-01 00:00:00+00:00,15631827.305200795
2010-12-02 00:00:00+00:00,15631827.305200795
2010-12-03 00:00:00+00:00,15631827.305200795
2010-12-06 00:00:00+00:00,15631827.305200795
2010-12-07 00:00:00+00:00,15631827.305200795
2010-12-08 00:00:00+00:00,15631827.305200795
2010-12-09 00:00:00+00:00,15631827.305200795
2010-12-10 00:00:00+00:00,15631827.305200795
2010-12-13 00:00:00+00:00,15631827.305200795
2010-12-14 00:00:00+00:00,15631827.305200795
2010-12-15 00:00:00+00:00,15631827.305200795
2010-12-16 00:00:00+00:00,15631827.305200795
2010-12-17 00:00:00+00:00,15631827.305200795
2010-12-20 00:00:00+00:00,15631827.305200795
2010-12-21 00:00:00+00:00,15631827.305200795
2010-12-22 00:00:00+00:00,15631827.305200795
2010-12-23 00:00:00+00:00,15631827.305200795
2010-12-24 00:00:00+00:00,15631827.305200795
2010-12-27 00:00:00+00:00,15631827.305200795
2010-12-28 00:00:00+00:00,15631827.305200795
2010-12-29 00:00:00+00:00,15631827.305200795
2010-12-30 00:00:00+00:00,15631827.305200795
2010-12-31 00:00:00+00:00,15631827.305200795
2011-01-03 00:00:00+00:00,15631827.305200795
2011-01-04 00:00:00+00:00,15631827.305200795
2011-01-05 00:00:00+00:00,15631827.305200795
2011-01-06 00:00:00+00:00,15631827.305200795
2011-01-07 00:00:00+00:00,15631827.305200795
2011-01-10 00:00:00+00:00,15631827.305200795
2011-01-11 00:00:00+00:00,15631827.305200795
2011-01-12 00:00:00+00:00,15631827.305200795
2011-01-13 00:00:00+00:00,15631827.305200795
2011-01-14 00:00:00+00:00,15631827.305200795
2011-01-17 00:00:00+00:00,15631827.305200795
2011-01-18 00:00:00+00:00,15631827.305200795
2011-01-19 00:00:00+00:00,15631827.305200795
2011-01-20 00:00:00+00:00,15631827.305200795
2011-01-21 00:00:00+00:00,15631827.305200795
2011-01-24 00:00:00+00:00,15631827.305200795
2011-01-25 00:00:00+00:00,15631827.305200795
2011-01-26 00:00:00+00:00,15631827.305200795
2011-01-27 00:00:00+00:00,15631827.305200795
2011-01-28 00:00:00+00:00,15631827.305200795
2011-01-31 00:00:00+00:00,15631827.305200795
2011-02-01 00:00:00+00:00,15631827.305200795
2011-02-02 00:00:00+00:00,15631827.305200795
2011-02-03 00:00:00+00:00,15631827.305200795
2011-02-04 00:00:00+00:00,15631827.305200795
2011-02-07 00:00:00+00:00,15631827.305200795
2011-02-08 00:00:00+00:00,15631827.305200795
2011-02-09 00:00:00+00:00,15631827.305200795
2011-02-10 00:00:00+00:00,15631827.305200795
2011-02-11 00:00:00+00:00,15631827.305200795
2011-02-14 00:00:00+00:00,15631827.305200795
2011-02-15 00:00:00+00:00,15631827.305200795
2011-02-16 00:00:00+00:00,15631827.305200795
2011-02-17 00:00:00+00:00,15631827.305200795
2011-02-18 00:00:00+00:00,15631827.305200795
2011-02-21 00:00:00+00:00,15631827.305200795
2011-02-22 00:00:00+00:00,15631827.305200795
2011-02-23 00:00:00+00:00,15631827.305200795
2011-02-24 00:00:00+00:00,15631827.305200795
2011-02-25 00:00:00+00:00,15631827.305200795
2011-02-28 00:00:00+00:00,15631827.305200795
2011-03-01 00:00:00+00:00,15631827.305200795
2011-03-02 00:00:00+00:00,15631827.305200795
2011-03-03 00:00:00+00:00,15631827.305200795
2011-03-04 00:00:00+00:00,15631827.305200795
2011-03-07 00:00:00+00:00,15631827.305200795
2011-03-08 00:00:00+00:00,15631827.305200795
2011-03-09 00:00:00+00:00,15631827.305200795
2011-03-10 00:00:00+00:00,15631827.305200795
2011-03-11 00:00:00+00:00,15631827.305200795
2011-03-14 00:00:00+00:00,15631827.305200795
2011-03-15 00:00:00+00:00,15631827.305200795
2011-03-16 00:00:00+00:00,15631827.305200795
2011-03-17 00:00:00+00:00,15631827.305200795
2011-03-18 00:00:00+00:00,15631827.305200795
2011-03-21 00:00:00+00:00,15631827.305200795
2011-03-22 00:00:00+00:00,15631827.305200795
2011-03-23 00:00:00+00:00,15631827.305200795
2011-03-24 00:00:00+00:00,15631827.305200795
2011-03-25 00:00:00+00:00,15631827.305200795
2011-03-28 00:00:00+00:00,15631827.305200795
2011-03-29 00:00:00+00:00,15631827.305200795
2011-03-30 00:00:00+00:00,15631827.305200795
2011-03-31 00:00:00+00:00,15631827.305200795
2011-04-01 00:00:00+00:00,15631827.305200795
2011-04-04 00:00:00+00:00,15631827.305200795
2011-04-05 00:00:00+00:00,15631827.305200795
2011-04-06 00:00:00+00:00,15631827.305200795
2011-04-07 00:00:00+00:00,15631827.305200795
2011-04-08 00:00:00+00:00,15631827.305200795
2011-04-11 00:00:00+00:00,15631827.305200795
2011-04-12 00:00:00+00:00,15631827.305200795
2011-04-13 00:00:00+00:00,15631827.305200795
2011-04-14 00:00:00+00:00,15631827.305200795
2011-04-15 00:00:00+00:00,15631827.305200795
2011-04-18 00:00:00+00:00,15631827.305200795
2011-04-19 00:00:00+00:00,15631827.305200795
2011-04-20 00:00:00+00:00,15631827.305200795
2011-04-21 00:00:00+00:00,15631827.305200795
2011-04-25 00:00:00+00:00,15631827.305200795
2011-04-26 00:00:00+00:00,15631827.305200795
2011-04-27 00:00:00+00:00,15631827.305200795
2011-04-28 00:00:00+00:00,15631827.305200795
2011-04-29 00:00:00+00:00,15631827.305200795
2011-05-02 00:00:00+00:00,15631827.305200795
2011-05-03 00:00:00+00:00,15631827.305200795
2011-05-04 00:00:00+00:00,15631827.305200795
2011-05-05 00:00:00+00:00,15631827.305200795
2011-05-06 00:00:00+00:00,15631827.305200795
2011-05-09 00:00:00+00:00,15631827.305200795
2011-05-10 00:00:00+00:00,15631827.305200795
2011-05-11 00:00:00+00:00,15631827.305200795
2011-05-12 00:00:00+00:00,15631827.305200795
2011-05-13 00:00:00+00:00,15631827.305200795
2011-05-16 00:00:00+00:00,15631827.305200795
2011-05-17 00:00:00+00:00,15631827.305200795
2011-05-18 00:00:00+00:00,15631827.305200795
2011-05-19 00:00:00+00:00,15631827.305200795
2011-05-20 00:00:00+00:00,15631827.305200795
2011-05-23 00:00:00+00:00,15631827.305200795
2011-05-24 00:00:00+00:00,15631827.305200795
2011-05-25 00:00:00+00:00,15631827.305200795
2011-05-26 00:00:00+00:00,15631827.305200795
2011-05-27 00:00:00+00:00,15631827.305200795
2011-05-30 00:00:00+00:00,15631827.305200795
2011-05-31 00:00:00+00:00,15631827.305200795
2011-06-01 00:00:00+00:00,15631827.305200795
2011-06-02 00:00:00+00:00,15631827.305200795
2011-06-03 00:00:00+00:00,15631827.305200795
2011-06-06 00:00:00+00:00,15631827.305200795
2011-06-07 00:00:00+00:00,15631827.305200795
2011-06-08 00:00:00+00:00,15631827.305200795
2011-06-09 00:00:00+00:00,15631827.305200795
2011-06-10 00:00:00+00:00,15631827.305200795
2011-06-13 00:00:00+00:00,15631827.305200795
2011-06-14 00:00:00+00:00,15631827.305200795
2011-06-15 00:00:00+00:00,15631827.305200795
2011-06-16 00:00:00+00:00,15631827.305200795
2011-06-17 00:00:00+00:00,15631827.305200795
2011-06-20 00:00:00+00:00,15631827.305200795
2011-06-21 00:00:00+00:00,15631827.305200795
2011-06-22 00:00:00+00:00,15631827.305200795
2011-06-23 00:00:00+00:00,15631827.305200795
2011-06-24 00:00:00+00:00,15631827.305200795
2011-06-27 00:00:00+00:00,15631827.305200795
2011-06-28 00:00:00+00:00,15631827.305200795
2011-06-29 00:00:00+00:00,15631827.305200795
2011-06-30 00:00:00+00:00,15631827.305200795
2011-07-01 00:00:00+00:00,15631827.305200795
2011-07-04 00:00:00+00:00,15631827.305200795
2011-07-05 00:00:00+00:00,15631827.305200795
2011-07-06 00:00:00+00:00,15631827.305200795
2011-07-07 00:00:00+00:00,15631827.305200795
2011-07-08 00:00:00+00:00,15631827.305200795
2011-07-11 00:00:00+00:00,15631827.305200795
2011-07-12 00:00:00+00:00,15631827.305200795
2011-07-13 00:00:00+00:00,15631827.305200795
2011-07-14 00:00:00+00:00,15631827.305200795
2011-07-15 00:00:00+00:00,15631827.305200795
2011-07-18 00:00:00+00:00,15631827.305200795
2011-07-19 00:00:00+00:00,15631827.305200795
2011-07-20 00:00:00+00:00,15631827.305200795
2011-07-21 00:00:00+00:00,15631827.305200795
2011-07-22 00:00:00+00:00,15631827.305200795
2011-07-25 00:00:00+00:00,15631827.305200795
2011-07-26 00:00:00+00:00,15631827.305200795
2011-07-27 00:00:00+00:00,15631827.305200795
2011-07-28 00:00:00+00:00,15631827.305200795
2011-07-29 00:00:00+00:00,15631827.305200795
2011-08-01 00:00:00+00:00,15631827.305200795
2011-08-02 00:00:00+00:00,15631827.305200795
2011-08-03 00:00:00+00:00,15631827.305200795
2011-08-04 00:00:00+00:00,15631827.305200795
2011-08-05 00:00:00+00:00,15631827.305200795
2011-08-08 00:00:00+00:00,15631827.305200795
2011-08-09 00:00:00+00:00,15631827.305200795
2011-08-10 00:00:00+00:00,15631827.305200795
2011-08-11 00:00:00+00:00,15631827.305200795
2011-08-12 00:00:00+00:00,15631827.305200795
2011-08-15 00:00:00+00:00,15631827.305200795
2011-08-16 00:00:00+00:00,15631827.305200795
2011-08-17 00:00:00+00:00,15631827.305200795
2011-08-18 00:00:00+00:00,15631827.305200795
2011-08-19 00:00:00+00:00,15631827.305200795
2011-08-22 00:00:00+00:00,15631827.305200795
2011-08-23 00:00:00+00:00,15631827.305200795
2011-08-24 00:00:00+00:00,15631827.305200795
2011-08-25 00:00:00+00:00,15631827.305200795
2011-08-26 00:00:00+00:00,15631827.305200795
2011-08-29 00:00:00+00:00,15631827.305200795
2011-08-30 00:00:00+00:00,15631827.305200795
2011-08-31 00:00:00+00:00,15631827.305200795
2011-09-01 00:00:00+00:00,15631827.305200795
2011-09-02 00:00:00+00:00,15631827.305200795
2011-09-05 00:00:00+00:00,15631827.305200795
2011-09-06 00:00:00+00:00,15631827.305200795
2011-09-07 00:00:00+00:00,15631827.305200795
2011-09-08 00:00:00+00:00,15631827.305200795
2011-09-09 00:00:00+00:00,15631827.305200795
2011-09-12 00:00:00+00:00,15631827.305200795
2011-09-13 00:00:00+00:00,15631827.305200795
2011-09-14 00:00:00+00:00,15631827.305200795
2011-09-15 00:00:00+00:00,15631827.305200795
2011-09-16 00:00:00+00:00,15631827.305200795
2011-09-19 00:00:00+00:00,15631827.305200795
2011-09-20 00:00:00+00:00,15631827.305200795
2011-09-21 00:00:00+00:00,15631827.305200795
2011-09-22 00:00:00+00:00,15631827.305200795
2011-09-23 00:00:00+00:00,15631827.305200795
2011-09-26 00:00:00+00:00,15631827.305200795
2011-09-27 00:00:00+00:00,15631827.305200795
2011-09-28 00:00:00+00:00,15631827.305200795
2011-09-29 00:00:00+00:00,15631827.305200795
2011-09-30 00:00:00+00:00,15631827.305200795
2011-10-03 00:00:00+00:00,15631827.305200795
2011-10-04 00:00:00+00:00,15631827.305200795
2011-10-05 00:00:00+00:00,15631827.305200795
2011-10-06 00:00:00+00:00,15631827.305200795
2011-10-07 00:00:00+00:00,15631827.305200795
2011-10-10 00:00:00+00:00,15631827.305200795
2011-10-11 00:00:00+00:00,15631827.305200795
2011-10-12 00:00:00+00:00,15631827.305200795
2011-10-13 00:00:00+00:00,15631827.305200795
2011-10-14 00:00:00+00:00,15631827.305200795
2011-10-17 00:00:00+00:00,15631827.305200795
2011-10-18 00:00:00+00:00,15631827.305200795
2011-10-19 00:00:00+00:00,15631827.305200795
2011-10-20 00:00:00+00:00,15631827.305200795
2011-10-21 00:00:00+00:00,15631827.305200795
2011-10-24 00:00:00+00:00,15631827.305200795
2011-10-25 00:00:00+00:00,15631827.305200795
2011-10-26 00:00:00+00:00,15631827.305200795
2011-10-27 00:00:00+00:00,15631827.305200795
2011-10-28 00:00:00+00:00,15631827.305200795
2011-10-31 00:00:00+00:00,15631827.305200795
2011-11-01 00:00:00+00:00,15631827.305200795
2011-11-02 00:00:00+00:00,15631827.305200795
2011-11-03 00:00:00+00:00,15631827.305200795
2011-11-04 00:00:00+00:00,15631827.305200795
2011-11-07 00:00:00+00:00,15631827.305200795
2011-11-08 00:00:00+00:00,15631827.305200795
2011-11-09 00:00:00+00:00,15631827.305200795
2011-11-10 00:00:00+00:00,15631827.305200795
2011-11-11 00:00:00+00:00,15631827.305200795
2011-11-14 00:00:00+00:00,15631827.305200795
2011-11-15 00:00:00+00:00,15631827.305200795
2011-11-16 00:00:00+00:00,15631827.305200795
2011-11-17 00:00:00+00:00,15631827.305200795
2011-11-18 00:00:00+00:00,15631827.305200795
2011-11-21 00:00:00+00:00,15631827.305200795
2011-11-22 00:00:00+00:00,15631827.305200795
2011-11-23 00:00:00+00:00,15631827.305200795
2011-11-24 00:00:00+00:00,15631827.305200795
2011-11-25 00:00:00+00:00,15631827.305200795
2011-11-28 00:00:00+00:00,15631827.305200795
2011-11-29 00:00:00+00:00,15631827.305200795
2011-11-30 00:00:00+00:00,15631827.305200795
2011-12-01 00:00:00+00:00,15631827.305200795
2011-12-02 00:00:00+00:00,15631827.305200795
2011-12-05 00:00:00+00:00,15631827.305200795
2011-12-06 00:00:00+00:00,15631827.305200795
2011-12-07 00:00:00+00:00,15631827.305200795
2011-12-08 00:00:00+00:00,15631827.305200795
2011-12-09 00:00:00+00:00,15631827.305200795
2011-12-12 00:00:00+00:00,15631827.305200795
2011-12-13 00:00:00+00:00,15631827.305200795
2011-12-14 00:00:00+00:00,15631827.305200795
2011-12-15 00:00:00+00:00,15631827.305200795
2011-12-16 00:00:00+00:00,15631827.305200795
2011-12-19 00:00:00+00:00,15631827.305200795
2011-12-20 00:00:00+00:00,15631827.305200795
2011-12-21 00:00:00+00:00,15631827.305200795
2011-12-22 00:00:00+00:00,15631827.305200795
2011-12-23 00:00:00+00:00,15631827.305200795
2011-12-26 00:00:00+00:00,15631827.305200795
2011-12-27 00:00:00+00:00,15631827.305200795
2011-12-28 00:00:00+00:00,15631827.305200795
2011-12-29 00:00:00+00:00,15631827.305200795
2011-12-30 00:00:00+00:00,15631827.305200795
2012-01-02 00:00:00+00:00,15631827.305200795
2012-01-03 00:00:00+00:00,15631827.305200795
2012-01-04 00:00:00+00:00,15631827.305200795
2012-01-05 00:00:00+00:00,15631827.305200795
2012-01-06 00:00:00+00:00,15631827.305200795
2012-01-09 00:00:00+00:00,15631827.305200795
2012-01-10 00:00:00+00:00,15631827.305200795
2012-01-11 00:00:00+00:00,15631827.305200795
2012-01-12 00:00:00+00:00,15631827.305200795
2012-01-13 00:00:00+00:00,15631827.305200795
2012-01-16 00:00:00+00:00,15631827.305200795
2012-01-17 00:00:00+00:00,15631827.305200795
2012-01-18 00:00:00+00:00,15631827.305200795
2012-01-19 00:00:00+00:00,15631827.305200795
2012-01-20 00:00:00+00:00,15631827.305200795
2012-01-23 00:00:00+00:00,15631827.305200795
2012-01-24 00:00:00+00:00,15631827.305200795
2012-01-25 00:00:00+00:00,15631827.305200795
2012-01-26 00:00:00+00:00,15631827.305200795
2012-01-27 00:00:00+00:00,15631827.305200795
2012-01-30 00:00:00+00:00,15631827.305200795
2012-01-31 00:00:00+00:00,15631827.305200795
2012-02-01 00:00:00+00:00,15631827.305200795
2012-02-02 00:00:00+00:00,15631827.305200795
2012-02-03 00:00:00+00:00,15631827.305200795
2012-02-06 00:00:00+00:00,15631827.305200795
2012-02-07 00:00:00+00:00,15631827.305200795
2012-02-08 00:00:00+00:00,15631827.305200795
2012-02-09 00:00:00+00:00,15631827.305200795
2012-02-10 00:00:00+00:00,15631827.305200795
2012-02-13 00:00:00+00:00,15631827.305200795
2012-02-14 00:00:00+00:00,15631827.305200795
2012-02-15 00:00:00+00:00,15631827.305200795
2012-02-16 00:00:00+00:00,15631827.305200795
2012-02-17 00:00:00+00:00,15631827.305200795
2012-02-21 00:00:00+00:00,15631827.305200795
2012-02-22 00:00:00+00:00,15631827.305200795
2012-02-23 00:00:00+00:00,15631827.305200795
2012-02-24 00:00:00+00:00,15631827.305200795
2012-02-27 00:00:00+00:00,15631827.305200795
2012-02-28 00:00:00+00:00,15631827.305200795
2012-02-29 00:00:00+00:00,15631827.305200795
2012-03-01 00:00:00+00:00,15631827.305200795
2012-03-02 00:00:00+00:00,15631827.305200795
2012-03-05 00:00:00+00:00,15631827.305200795
2012-03-06 00:00:00+00:00,15631827.305200795
2012-03-07 00:00:00+00:00,15631827.305200795
2012-03-08 00:00:00+00:00,15631827.305200795
2012-03-09 00:00:00+00:00,15631827.305200795
2012-03-12 00:00:00+00:00,15631827.305200795
2012-03-13 00:00:00+00:00,15631827.305200795
2012-03-14 00:00:00+00:00,15631827.305200795
2012-03-15 00:00:00+00:00,15631827.305200795
2012-03-16 00:00:00+00:00,15631827.305200795
2012-03-19 00:00:00+00:00,15631827.305200795
2012-03-20 00:00:00+00:00,15631827.305200795
2012-03-21 00:00:00+00:00,15631827.305200795
2012-03-22 00:00:00+00:00,15631827.305200795
2012-03-23 00:00:00+00:00,15631827.305200795
2012-03-26 00:00:00+00:00,15631827.305200795
2012-03-27 00:00:00+00:00,15631827.305200795
2012-03-28 00:00:00+00:00,15631827.305200795
2012-03-29 00:00:00+00:00,15631827.305200795
2012-03-30 00:00:00+00:00,15631827.305200795
2012-04-02 00:00:00+00:00,15631827.305200795
2012-04-03 00:00:00+00:00,15631827.305200795
2012-04-04 00:00:00+00:00,15631827.305200795
2012-04-05 00:00:00+00:00,15631827.305200795
2012-04-09 00:00:00+00:00,15631827.305200795
2012-04-10 00:00:00+00:00,15631827.305200795
2012-04-11 00:00:00+00:00,15631827.305200795
2012-04-12 00:00:00+00:00,15631827.305200795
2012-04-13 00:00:00+00:00,15631827.305200795
2012-04-16 00:00:00+00:00,15631827.305200795
2012-04-17 00:00:00+00:00,15631827.305200795
2012-04-18 00:00:00+00:00,15631827.305200795
2012-04-19 00:00:00+00:00,15631827.305200795
2012-04-20 00:00:00+00:00,15631827.305200795
2012-04-23 00:00:00+00:00,15631827.305200795
2012-04-24 00:00:00+00:00,15631827.305200795
2012-04-25 00:00:00+00:00,15631827.305200795
2012-04-26 00:00:00+00:00,15631827.305200795
2012-04-27 00:00:00+00:00,15631827.305200795
2012-04-30 00:00:00+00:00,15631827.305200795
2012-05-01 00:00:00+00:00,15631827.305200795
2012-05-02 00:00:00+00:00,15631827.305200795
2012-05-03 00:00:00+00:00,15631827.305200795
2012-05-04 00:00:00+00:00,15631827.305200795
2012-05-07 00:00:00+00:00,15631827.305200795
2012-05-08 00:00:00+00:00,15631827.305200795
2012-05-09 00:00:00+00:00,15631827.305200795
2012-05-10 00:00:00+00:00,15631827.305200795
2012-05-11 00:00:00+00:00,15631827.305200795
2012-05-14 00:00:00+00:00,15631827.305200795
2012-05-15 00:00:00+00:00,15631827.305200795
2012-05-16 00:00:00+00:00,15631827.305200795
2012-05-17 00:00:00+00:00,15631827.305200795
2012-05-18 00:00:00+00:00,15631827.305200795
2012-05-21 00:00:00+00:00,15631827.305200795
2012-05-22 00:00:00+00:00,15631827.305200795
2012-05-23 00:00:00+00:00,15631827.305200795
2012-05-24 00:00:00+00:00,15631827.305200795
2012-05-25 00:00:00+00:00,15631827.305200795
2012-05-28 00:00:00+00:00,15631827.305200795
2012-05-29 00:00:00+00:00,15631827.305200795
2012-05-30 00:00:00+00:00,15631827.305200795
2012-05-31 00:00:00+00:00,15631827.305200795
2012-06-01 00:00:00+00:00,15631827.305200795
2012-06-04 00:00:00+00:00,15631827.305200795
2012-06-05 00:00:00+00:00,15631827.305200795
2012-06-06 00:00:00+00:00,15631827.305200795
2012-06-07 00:00:00+00:00,15631827.305200795
2012-06-08 00:00:00+00:00,15631827.305200795
2012-06-11 00:00:00+00:00,15631827.305200795
2012-06-12 00:00:00+00:00,15631827.305200795
2012-06-13 00:00:00+00:00,15631827.305200795
2012-06-14 00:00:00+00:00,15631827.305200795
2012-06-15 00:00:00+00:00,15631827.305200795
2012-06-18 00:00:00+00:00,15631827.305200795
2012-06-19 00:00:00+00:00,15631827.305200795
2012-06-20 00:00:00+00:00,15631827.305200795
2012-06-21 00:00:00+00:00,15631827.305200795
2012-06-22 00:00:00+00:00,15631827.305200795
2012-06-25 00:00:00+00:00,15631827.305200795
2012-06-26 00:00:00+00:00,15631827.305200795
2012-06-27 00:00:00+00:00,15631827.305200795
2012-06-28 00:00:00+00:00,15631827.305200795
2012-06-29 00:00:00+00:00,15631827.305200795
2012-07-02 00:00:00+00:00,15631827.305200795
2012-07-03 00:00:00+00:00,15631827.305200795
2012-07-04 00:00:00+00:00,15631827.305200795
2012-07-05 00:00:00+00:00,15631827.305200795
2012-07-06 00:00:00+00:00,15631827.305200795
2012-07-09 00:00:00+00:00,15631827.305200795
2012-07-10 00:00:00+00:00,15631827.305200795
2012-07-11 00:00:00+00:00,15631827.305200795
2012-07-12 00:00:00+00:00,15631827.305200795
2012-07-13 00:00:00+00:00,15631827.305200795
2012-07-16 00:00:00+00:00,15631827.305200795
2012-07-17 00:00:00+00:00,15631827.305200795
2012-07-18 00:00:00+00:00,15631827.305200795
2012-07-19 00:00:00+00:00,15631827.305200795
2012-07-20 00:00:00+00:00,15631827.305200795
2012-07-23 00:00:00+00:00,15631827.305200795
2012-07-24 00:00:00+00:00,15631827.305200795
2012-07-25 00:00:00+00:00,15631827.305200795
2012-07-26 00:00:00+00:00,15631827.305200795
2012-07-27 00:00:00+00:00,15631827.305200795
2012-07-30 00:00:00+00:00,15631827.305200795
2012-07-31 00:00:00+00:00,15631827.305200795
2012-08-01 00:00:00+00:00,15631827.305200795
2012-08-02 00:00:00+00:00,15631827.305200795
2012-08-03 00:00:00+00:00,15631827.305200795
2012-08-06 00:00:00+00:00,15631827.305200795
2012-08-07 00:00:00+00:00,15631827.305200795
2012-08-08 00:00:00+00:00,15631827.305200795
2012-08-09 00:00:00+00:00,15631827.305200795
2012-08-10 00:00:00+00:00,15631827.305200795
2012-08-13 00:00:00+00:00,15631827.305200795
2012-08-14 00:00:00+00:00,15631827.305200795
2012-08-15 00:00:00+00:00,15631827.305200795
2012-08-16 00:00:00+00:00,15631827.305200795
2012-08-17 00:00:00+00:00,15631827.305200795
2012-08-20 00:00:00+00:00,15631827.305200795
2012-08-21 00:00:00+00:00,15631827.305200795
2012-08-22 00:00:00+00:00,15631827.305200795
2012-08-23 00:00:00+00:00,15631827.305200795
2012-08-24 00:00:00+00:00,15631827.305200795
2012-08-27 00:00:00+00:00,15631827.305200795
2012-08-28 00:00:00+00:00,15631827.305200795
2012-08-29 00:00:00+00:00,15631827.305200795
2012-08-30 00:00:00+00:00,15631827.305200795
2012-08-31 00:00:00+00:00,15631827.305200795
2012-09-03 00:00:00+00:00,15631827.305200795
2012-09-04 00:00:00+00:00,15631827.305200795
2012-09-05 00:00:00+00:00,15631827.305200795
2012-09-06 00:00:00+00:00,15631827.305200795
2012-09-07 00:00:00+00:00,15631827.305200795
2012-09-10 00:00:00+00:00,15631827.305200795
2012-09-11 00:00:00+00:00,15631827.305200795
2012-09-12 00:00:00+00:00,15631827.305200795
2012-09-13 00:00:00+00:00,15631827.305200795
2012-09-14 00:00:00+00:00,15631827.305200795
2012-09-17 00:00:00+00:00,15631827.305200795
2012-09-18 00:00:00+00:00,15631827.305200795
2012-09-19 00:00:00+00:00,15631827.305200795
2012-09-20 00:00:00+00:00,15631827.305200795
2012-09-21 00:00:00+00:00,15631827.305200795
2012-09-24 00:00:00+00:00,15631827.305200795
2012-09-25 00:00:00+00:00,15631827.305200795
2012-09-26 00:00:00+00:00,15631827.305200795
2012-09-27 00:00:00+00:00,15631827.305200795
2012-09-28 00:00:00+00:00,15631827.305200795
2012-10-01 00:00:00+00:00,15631827.305200795
2012-10-02 00:00:00+00:00,15631827.305200795
2012-10-03 00:00:00+00:00,15631827.305200795
2012-10-04 00:00:00+00:00,15631827.305200795
2012-10-05 00:00:00+00:00,15631827.305200795
2012-10-08 00:00:00+00:00,15631827.305200795
2012-10-09 00:00:00+00:00,15631827.305200795
2012-10-10 00:00:00+00:00,15631827.305200795
2012-10-11 00:00:00+00:00,15631827.305200795
2012-10-12 00:00:00+00:00,15631827.305200795
2012-10-15 00:00:00+00:00,15631827.305200795
2012-10-16 00:00:00+00:00,15631827.305200795
2012-10-17 00:00:00+00:00,15631827.305200795
2012-10-18 00:00:00+00:00,15631827.305200795
2012-10-19 00:00:00+00:00,15631827.305200795
2012-10-22 00:00:00+00:00,15631827.305200795
2012-10-23 00:00:00+00:00,15631827.305200795
2012-10-24 00:00:00+00:00,15631827.305200795
2012-10-25 00:00:00+00:00,15631827.305200795
2012-10-26 00:00:00+00:00,15631827.305200795
2012-10-29 00:00:00+00:00,15631827.305200795
2012-10-30 00:00:00+00:00,15631827.305200795
2012-10-31 00:00:00+00:00,15631827.305200795
2012-11-01 00:00:00+00:00,15631827.305200795
2012-11-02 00:00:00+00:00,15631827.305200795
2012-11-05 00:00:00+00:00,15631827.305200795
2012-11-06 00:00:00+00:00,15631827.305200795
2012-11-07 00:00:00+00:00,15631827.305200795
2012-11-08 00:00:00+00:00,15631827.305200795
2012-11-09 00:00:00+00:00,15631827.305200795
2012-11-12 00:00:00+00:00,15631827.305200795
2012-11-13 00:00:00+00:00,15631827.305200795
2012-11-14 00:00:00+00:00,15631827.305200795
2012-11-15 00:00:00+00:00,15631827.305200795
2012-11-16 00:00:00+00:00,15631827.305200795
2012-11-19 00:00:00+00:00,15631827.305200795
2012-11-20 00:00:00+00:00,15631827.305200795
2012-11-21 00:00:00+00:00,15631827.305200795
2012-11-22 00:00:00+00:00,15631827.305200795
2012-11-23 00:00:00+00:00,15631827.305200795
2012-11-26 00:00:00+00:00,15631827.305200795
2012-11-27 00:00:00+00:00,15631827.305200795
2012-11-28 00:00:00+00:00,15631827.305200795
2012-11-29 00:00:00+00:00,15631827.305200795
2012-11-30 00:00:00+00:00,15631827.305200795
2012-12-03 00:00:00+00:00,15631827.305200795
2012-12-04 00:00:00+00:00,15631827.305200795
2012-12-05 00:00:00+00:00,15631827.305200795
2012-12-06 00:00:00+00:00,15631827.305200795
2012-12-07 00:00:00+00:00,15631827.305200795
2012-12-10 00:00:00+00:00,15631827.305200795
2012-12-11 00:00:00+00:00,15631827.305200795
2012-12-12 00:00:00+00:00,15631827.305200795
2012-12-13 00:00:00+00:00,15631827.305200795
2012-12-14 00:00:00+00:00,15631827.305200795
2012-12-17 00:00:00+00:00,15631827.305200795
2012-12-18 00:00:00+00:00,15631827.305200795
2012-12-19 00:00:00+00:00,15631827.305200795
2012-12-20 00:00:00+00:00,15631827.305200795
2012-12-21 00:00:00+00:00,15631827.305200795
2012-12-24 00:00:00+00:00,15631827.305200795
2012-12-26 00:00:00+00:00,15631827.305200795
2012-12-27 00:00:00+00:00,15631827.305200795
2012-12-28 00:00:00+00:00,15631827.305200795
2012-12-31 00:00:00+00:00,15631827.305200795
2013-01-01 00:00:00+00:00,15631827.305200795
2013-01-02 00:00:00+00:00,15631827.305200795
2013-01-03 00:00:00+00:00,15631827.305200795
2013-01-04 00:00:00+00:00,15631827.305200795
2013-01-07 00:00:00+00:00,15631827.305200795
2013-01-08 00:00:00+00:00,15631827.305200795
2013-01-09 00:00:00+00:00,15631827.305200795
2013-01-10 00:00:00+00:00,15631827.305200795
2013-01-11 00:00:00+00:00,15631827.305200795
2013-01-14 00:00:00+00:00,15631827.305200795
2013-01-15 00:00:00+00:00,15631827.305200795
2013-01-16 00:00:00+00:00,15631827.305200795
2013-01-17 00:00:00+00:00,15631827.305200795
2013-01-18 00:00:00+00:00,15631827.305200795
2013-01-21 00:00:00+00:00,15631827.305200795
2013-01-22 00:00:00+00:00,15631827.305200795
2013-01-23 00:00:00+00:00,15631827.305200795
2013-01-24 00:00:00+00:00,15631827.305200795
2013-01-25 00:00:00+00:00,15631827.305200795
2013-01-28 00:00:00+00:00,15631827.305200795
2013-01-29 00:00:00+00:00,15631827.305200795
2013-01-30 00:00:00+00:00,15631827.305200795
2013-01-31 00:00:00+00:00,15631827.305200795
2013-02-01 00:00:00+00:00,15631827.305200795
2013-02-04 00:00:00+00:00,15631827.305200795
2013-02-05 00:00:00+00:00,15631827.305200795
2013-02-06 00:00:00+00:00,15631827.305200795
2013-02-07 00:00:00+00:00,15631827.305200795
2013-02-08 00:00:00+00:00,15631827.305200795
2013-02-11 00:00:00+00:00,15631827.305200795
2013-02-12 00:00:00+00:00,15631827.305200795
2013-02-13 00:00:00+00:00,15631827.305200795
2013-02-14 00:00:00+00:00,15631827.305200795
2013-02-15 00:00:00+00:00,15631827.305200795
2013-02-18 00:00:00+00:00,15631827.305200795
2013-02-19 00:00:00+00:00,15631827.305200795
2013-02-20 00:00:00+00:00,15631827.305200795
2013-02-21 00:00:00+00:00,15631827.305200795
2013-02-22 00:00:00+00:00,15631827.305200795
2013-02-25 00:00:00+00:00,15631827.305200795
2013-02-26 00:00:00+00:00,15631827.305200795
2013-02-27 00:00:00+00:00,15631827.305200795
2013-02-28 00:00:00+00:00,15631827.305200795
2013-03-01 00:00:00+00:00,15631827.305200795
2013-03-04 00:00:00+00:00,15631827.305200795
2013-03-05 00:00:00+00:00,15631827.305200795
2013-03-06 00:00:00+00:00,15631827.305200795
2013-03-07 00:00:00+00:00,15631827.305200795
2013-03-08 00:00:00+00:00,15631827.305200795
2013-03-11 00:00:00+00:00,15631827.305200795
2013-03-12 00:00:00+00:00,15631827.305200795
2013-03-13 00:00:00+00:00,15631827.305200795
2013-03-14 00:00:00+00:00,15631827.305200795
2013-03-15 00:00:00+00:00,15631827.305200795
2013-03-18 00:00:00+00:00,15631827.305200795
2013-03-19 00:00:00+00:00,15631827.305200795
2013-03-20 00:00:00+00:00,15631827.305200795
2013-03-21 00:00:00+00:00,15631827.305200795
2013-03-22 00:00:00+00:00,15631827.305200795
2013-03-25 00:00:00+00:00,15631827.305200795
2013-03-26 00:00:00+00:00,15631827.305200795
2013-03-27 00:00:00+00:00,15631827.305200795
2013-03-28 00:00:00+00:00,15631827.305200795
2013-04-01 00:00:00+00:00,15631827.305200795
2013-04-02 00:00:00+00:00,15631827.305200795
2013-04-03 00:00:00+00:00,15631827.305200795
2013-04-04 00:00:00+00:00,15631827.305200795
2013-04-05 00:00:00+00:00,15631827.305200795
2013-04-08 00:00:00+00:00,15631827.305200795
2013-04-09 00:00:00+00:00,15631827.305200795
2013-04-10 00:00:00+00:00,15631827.305200795
2013-04-11 00:00:00+00:00,15631827.305200795
2013-04-12 00:00:00+00:00,15631827.305200795
2013-04-15 00:00:00+00:00,15631827.305200795
2013-04-16 00:00:00+00:00,15631827.305200795
2013-04-17 00:00:00+00:00,15631827.305200795
2013-04-18 00:00:00+00:00,15631827.305200795
2013-04-19 00:00:00+00:00,15631827.305200795
2013-04-22 00:00:00+00:00,15631827.305200795
2013-04-23 00:00:00+00:00,15631827.305200795
2013-04-24 00:00:00+00:00,15631827.305200795
2013-04-25 00:00:00+00:00,15631827.305200795
2013-04-26 00:00:00+00:00,15631827.305200795
2013-04-29 00:00:00+00:00,15631827.305200795
2013-04-30 00:00:00+00:00,15631827.305200795
2013-05-01 00:00:00+00:00,15631827.305200795
2013-05-02 00:00:00+00:00,15631827.305200795
2013-05-03 00:00:00+00:00,15631827.305200795
2013-05-06 00:00:00+00:00,15631827.305200795
2013-05-07 00:00:00+00:00,15631827.305200795
2013-05-08 00:00:00+00:00,15631827.305200795
2013-05-09 00:00:00+00:00,15631827.305200795
2013-05-10 00:00:00+00:00,15631827.305200795
2013-05-13 00:00:00+00:00,15631827.305200795
2013-05-14 00:00:00+00:00,15631827.305200795
2013-05-15 00:00:00+00:00,15631827.305200795
2013-05-16 00:00:00+00:00,15631827.305200795
2013-05-17 00:00:00+00:00,15631827.305200795
2013-05-20 00:00:00+00:00,15631827.305200795
2013-05-21 00:00:00+00:00,15631827.305200795
2013-05-22 00:00:00+00:00,15631827.305200795
2013-05-23 00:00:00+00:00,15631827.305200795
2013-05-24 00:00:00+00:00,15631827.305200795
2013-05-27 00:00:00+00:00,15631827.305200795
2013-05-28 00:00:00+00:00,15631827.305200795
2013-05-29 00:00:00+00:00,15631827.305200795
2013-05-30 00:00:00+00:00,15631827.305200795
2013-05-31 00:00:00+00:00,15631827.305200795
2013-06-03 00:00:00+00:00,15631827.305200795
2013-06-04 00:00:00+00:00,15631827.305200795
2013-06-05 00:00:00+00:00,15631827.305200795
2013-06-06 00:00:00+00:00,15631827.305200795
2013-06-07 00:00:00+00:00,15631827.305200795
2013-06-10 00:00:00+00:00,15631827.305200795
2013-06-11 00:00:00+00:00,15631827.305200795
2013-06-12 00:00:00+00:00,15631827.305200795
2013-06-13 00:00:00+00:00,15631827.305200795
2013-06-14 00:00:00+00:00,15631827.305200795
2013-06-17 00:00:00+00:00,15631827.305200795
2013-06-18 00:00:00+00:00,15631827.305200795
2013-06-19 00:00:00+00:00,15631827.305200795
2013-06-20 00:00:00+00:00,15631827.305200795
2013-06-21 00:00:00+00:00,15631827.305200795
2013-06-24 00:00:00+00:00,15631827.305200795
2013-06-25 00:00:00+00:00,15631827.305200795
2013-06-26 00:00:00+00:00,15631827.305200795
2013-06-27 00:00:00+00:00,15631827.305200795
2013-06-28 00:00:00+00:00,15631827.305200795
2013-07-01 00:00:00+00:00,15631827.305200795
2013-07-02 00:00:00+00:00,15631827.305200795
2013-07-03 00:00:00+00:00,15631827.305200795
2013-07-04 00:00:00+00:00,15631827.305200795
2013-07-05 00:00:00+00:00,15631827.305200795
2013-07-08 00:00:00+00:00,15631827.305200795
2013-07-09 00:00:00+00:00,15631827.305200795
2013-07-10 00:00:00+00:00,15631827.305200795
2013-07-11 00:00:00+00:00,15631827.305200795
2013-07-12 00:00:00+00:00,15631827.305200795
2013-07-15 00:00:00+00:00,15631827.305200795
2013-07-16 00:00:00+00:00,15631827.305200795
2013-07-17 00:00:00+00:00,15631827.305200795
2013-07-18 00:00:00+00:00,15631827.305200795
2013-07-19 00:00:00+00:00,15631827.305200795
2013-07-22 00:00:00+00:00,15631827.305200795
2013-07-23 00:00:00+00:00,15631827.305200795
2013-07-24 00:00:00+00:00,15631827.305200795
2013-07-25 00:00:00+00:00,15631827.305200795
2013-07-26 00:00:00+00:00,15631827.305200795
2013-07-29 00:00:00+00:00,15631827.305200795
2013-07-30 00:00:00+00:00,15631827.305200795
2013-07-31 00:00:00+00:00,15631827.305200795
2013-08-01 00:00:00+00:00,15631827.305200795
2013-08-02 00:00:00+00:00,15631827.305200795
2013-08-05 00:00:00+00:00,15631827.305200795
2013-08-06 00:00:00+00:00,15631827.305200795
2013-08-07 00:00:00+00:00,15631827.305200795
2013-08-08 00:00:00+00:00,15631827.305200795
2013-08-09 00:00:00+00:00,15631827.305200795
2013-08-12 00:00:00+00:00,15631827.305200795
2013-08-13 00:00:00+00:00,15631827.305200795
2013-08-14 00:00:00+00:00,15631827.305200795
2013-08-15 00:00:00+00:00,15631827.305200795
2013-08-16 00:00:00+00:00,15631827.305200795
2013-08-19 00:00:00+00:00,15631827.305200795
2013-08-20 00:00:00+00:00,15631827.305200795
2013-08-21 00:00:00+00:00,15631827.305200795
2013-08-22 00:00:00+00:00,15631827.305200795
2013-08-23 00:00:00+00:00,15631827.305200795
2013-08-26 00:00:00+00:00,15631827.305200795
2013-08-27 00:00:00+00:00,15631827.305200795
2013-08-28 00:00:00+00:00,15631827.305200795
2013-08-29 00:00:00+00:00,15631827.305200795
2013-08-30 00:00:00+00:00,15631827.305200795
2013-09-02 00:00:00+00:00,15631827.305200795
2013-09-03 00:00:00+00:00,15631827.305200795
2013-09-04 00:00:00+00:00,15631827.305200795
2013-09-05 00:00:00+00:00,15631827.305200795
2013-09-06 00:00:00+00:00,15631827.305200795
2013-09-09 00:00:00+00:00,15631827.305200795
2013-09-10 00:00:00+00:00,15631827.305200795
2013-09-11 00:00:00+00:00,15631827.305200795
2013-09-12 00:00:00+00:00,15631827.305200795
2013-09-13 00:00:00+00:00,15631827.305200795
2013-09-16 00:00:00+00:00,15631827.305200795
2013-09-17 00:00:00+00:00,15631827.305200795
2013-09-18 00:00:00+00:00,15631827.305200795
2013-09-19 00:00:00+00:00,15631827.305200795
2013-09-20 00:00:00+00:00,15631827.305200795
2013-09-23 00:00:00+00:00,15631827.305200795
2013-09-24 00:00:00+00:00,15631827.305200795
2013-09-25 00:00:00+00:00,15631827.305200795
2013-09-26 00:00:00+00:00,15631827.305200795
2013-09-27 00:00:00+00:00,15631827.305200795
2013-09-30 00:00:00+00:00,15631827.305200795
2013-10-01 00:00:00+00:00,15631827.305200795
2013-10-02 00:00:00+00:00,15631827.305200795
2013-10-03 00:00:00+00:00,15631827.305200795
2013-10-04 00:00:00+00:00,15631827.305200795
2013-10-07 00:00:00+00:00,15631827.305200795
2013-10-08 00:00:00+00:00,15631827.305200795
2013-10-09 00:00:00+00:00,15631827.305200795
2013-10-10 00:00:00+00:00,15631827.305200795
2013-10-11 00:00:00+00:00,15631827.305200795
2013-10-14 00:00:00+00:00,15631827.305200795
2013-10-15 00:00:00+00:00,15631827.305200795
2013-10-16 00:00:00+00:00,15631827.305200795
2013-10-17 00:00:00+00:00,15631827.305200795
2013-10-18 00:00:00+00:00,15631827.305200795
2013-10-21 00:00:00+00:00,15631827.305200795
2013-10-22 00:00:00+00:00,15631827.305200795
2013-10-23 00:00:00+00:00,15631827.305200795
2013-10-24 00:00:00+00:00,15631827.305200795
2013-10-25 00:00:00+00:00,15631827.305200795
2013-10-28 00:00:00+00:00,15631827.305200795
2013-10-29 00:00:00+00:00,15631827.305200795
2013-10-30 00:00:00+00:00,15631827.305200795
2013-10-31 00:00:00+00:00,15631827.305200795
2013-11-01 00:00:00+00:00,15631827.305200795
2013-11-04 00:00:00+00:00,15631827.305200795
2013-11-05 00:00:00+00:00,15631827.305200795
2013-11-06 00:00:00+00:00,15631827.305200795
2013-11-07 00:00:00+00:00,15631827.305200795
2013-11-08 00:00:00+00:00,15631827.305200795
2013-11-11 00:00:00+00:00,15631827.305200795
2013-11-12 00:00:00+00:00,15631827.305200795
2013-11-13 00:00:00+00:00,15631827.305200795
2013-11-14 00:00:00+00:00,15631827.305200795
2013-11-15 00:00:00+00:00,15631827.305200795
2013-11-18 00:00:00+00:00,15631827.305200795
2013-11-19 00:00:00+00:00,15631827.305200795
2013-11-20 00:00:00+00:00,15631827.305200795
2013-11-21 00:00:00+00:00,15631827.305200795
2013-11-22 00:00:00+00:00,15631827.305200795
2013-11-25 00:00:00+00:00,15631827.305200795
2013-11-26 00:00:00+00:00,15631827.305200795
2013-11-27 00:00:00+00:00,15631827.305200795
2013-11-28 00:00:00+00:00,15631827.305200795
2013-11-29 00:00:00+00:00,15631827.305200795
2013-12-02 00:00:00+00:00,15631827.305200795
2013-12-03 00:00:00+00:00,15631827.305200795
2013-12-04 00:00:00+00:00,15631827.305200795
2013-12-05 00:00:00+00:00,15631827.305200795
2013-12-06 00:00:00+00:00,15631827.305200795
2013-12-09 00:00:00+00:00,15631827.305200795
2013-12-10 00:00:00+00:00,15631827.305200795
2013-12-11 00:00:00+00:00,15631827.305200795
2013-12-12 00:00:00+00:00,15631827.305200795
2013-12-13 00:00:00+00:00,15631827.305200795
2013-12-16 00:00:00+00:00,15631827.305200795
2013-12-17 00:00:00+00:00,15631827.305200795
2013-12-18 00:00:00+00:00,15631827.305200795
2013-12-19 00:00:00+00:00,15631827.305200795
2013-12-20 00:00:00+00:00,15631827.305200795
2013-12-23 00:00:00+00:00,15631827.305200795
2013-12-24 00:00:00+00:00,15631827.305200795
2013-12-26 00:00:00+00:00,15631827.305200795
2013-12-27 00:00:00+00:00,15631827.305200795
2013-12-30 00:00:00+00:00,15631827.305200795
2013-12-31 00:00:00+00:00,15631827.305200795
2014-01-01 00:00:00+00:00,15631827.305200795
2014-01-02 00:00:00+00:00,15631827.305200795
2014-01-03 00:00:00+00:00,15631827.305200795
2014-01-06 00:00:00+00:00,15631827.305200795
2014-01-07 00:00:00+00:00,15631827.305200795
2014-01-08 00:00:00+00:00,15631827.305200795
2014-01-09 00:00:00+00:00,15631827.305200795
2014-01-10 00:00:00+00:00,15631827.305200795
2014-01-13 00:00:00+00:00,15631827.305200795
2014-01-14 00:00:00+00:00,15631827.305200795
2014-01-15 00:00:00+00:00,15631827.305200795
2014-01-16 00:00:00+00:00,15631827.305200795
2014-01-17 00:00:00+00:00,15631827.305200795
2014-01-20 00:00:00+00:00,15631827.305200795
2014-01-21 00:00:00+00:00,15631827.305200795
2014-01-22 00:00:00+00:00,15631827.305200795
2014-01-23 00:00:00+00:00,15631827.305200795
2014-01-24 00:00:00+00:00,15631827.305200795
2014-01-27 00:00:00+00:00,15631827.305200795
2014-01-28 00:00:00+00:00,15631827.305200795
2014-01-29 00:00:00+00:00,15631827.305200795
2014-01-30 00:00:00+00:00,15631827.305200795
2014-01-31 00:00:00+00:00,15631827.305200795
2014-02-03 00:00:00+00:00,15631827.305200795
2014-02-04 00:00:00+00:00,15631827.305200795
2014-02-05 00:00:00+00:00,15631827.305200795
2014-02-06 00:00:00+00:00,15631827.305200795
2014-02-07 00:00:00+00:00,15631827.305200795
2014-02-10 00:00:00+00:00,15631827.305200795
2014-02-11 00:00:00+00:00,15631827.305200795
2014-02-12 00:00:00+00:00,15631827.305200795
2014-02-13 00:00:00+00:00,15631827.305200795
2014-02-14 00:00:00+00:00,15631827.305200795
2014-02-17 00:00:00+00:00,15631827.305200795
2014-02-18 00:00:00+00:00,15631827.305200795
2014-02-19 00:00:00+00:00,15631827.305200795
2014-02-20 00:00:00+00:00,15631827.305200795
2014-02-21 00:00:00+00:00,15631827.305200795
2014-02-24 00:00:00+00:00,15631827.305200795
2014-02-25 00:00:00+00:00,15631827.305200795
2014-02-26 00:00:00+00:00,15631827.305200795
2014-02-27 00:00:00+00:00,15631827.305200795
2014-02-28 00:00:00+00:00,15631827.305200795
2014-03-03 00:00:00+00:00,15631827.305200795
2014-03-04 00:00:00+00:00,15631827.305200795
2014-03-05 00:00:00+00:00,15631827.305200795
2014-03-06 00:00:00+00:00,15631827.305200795
2014-03-07 00:00:00+00:00,15631827.305200795
2014-03-10 00:00:00+00:00,15631827.305200795
2014-03-11 00:00:00+00:00,15631827.305200795
2014-03-12 00:00:00+00:00,15631827.305200795
2014-03-13 00:00:00+00:00,15631827.305200795
2014-03-14 00:00:00+00:00,15631827.305200795
2014-03-17 00:00:00+00:00,15631827.305200795
2014-03-18 00:00:00+00:00,15631827.305200795
2014-03-19 00:00:00+00:00,15631827.305200795
2014-03-20 00:00:00+00:00,15631827.305200795
2014-03-21 00:00:00+00:00,15631827.305200795
2014-03-24 00:00:00+00:00,15631827.305200795
2014-03-25 00:00:00+00:00,15631827.305200795
2014-03-26 00:00:00+00:00,15631827.305200795
2014-03-27 00:00:00+00:00,15631827.305200795
2014-03-28 00:00:00+00:00,15631827.305200795
2014-03-31 00:00:00+00:00,15631827.305200795
2014-04-01 00:00:00+00:00,15631827.305200795
2014-04-02 00:00:00+00:00,15631827.305200795
2014-04-03 00:00:00+00:00,15631827.305200795
2014-04-04 00:00:00+00:00,15631827.305200795
2014-04-07 00:00:00+00:00,15631827.305200795
2014-04-08 00:00:00+00:00,15631827.305200795
2014-04-09 00:00:00+00:00,15631827.305200795
2014-04-10 00:00:00+00:00,15631827.305200795
2014-04-11 00:00:00+00:00,15631827.305200795
2014-04-14 00:00:00+00:00,15631827.305200795
2014-04-15 00:00:00+00:00,15631827.305200795
2014-04-16 00:00:00+00:00,15631827.305200795
2014-04-17 00:00:00+00:00,15631827.305200795
2014-04-21 00:00:00+00:00,15631827.305200795
2014-04-22 00:00:00+00:00,15631827.305200795
2014-04-23 00:00:00+00:00,15631827.305200795
2014-04-24 00:00:00+00:00,15631827.305200795
2014-04-25 00:00:00+00:00,15631827.305200795
2014-04-28 00:00:00+00:00,15631827.305200795
2014-04-29 00:00:00+00:00,15631827.305200795
2014-04-30 00:00:00+00:00,15631827.305200795
2014-05-01 00:00:00+00:00,15631827.305200795
2014-05-02 00:00:00+00:00,15631827.305200795
2014-05-05 00:00:00+00:00,15631827.305200795
2014-05-06 00:00:00+00:00,15631827.305200795
2014-05-07 00:00:00+00:00,15631827.305200795
2014-05-08 00:00:00+00:00,15631827.305200795
2014-05-09 00:00:00+00:00,15631827.305200795
2014-05-12 00:00:00+00:00,15631827.305200795
2014-05-13 00:00:00+00:00,15631827.305200795
2014-05-14 00:00:00+00:00,15631827.305200795
2014-05-15 00:00:00+00:00,15631827.305200795
2014-05-16 00:00:00+00:00,15631827.305200795
2014-05-19 00:00:00+00:00,15631827.305200795
2014-05-20 00:00:00+00:00,15631827.305200795
2014-05-21 00:00:00+00:00,15631827.305200795
2014-05-22 00:00:00+00:00,15631827.305200795
2014-05-23 00:00:00+00:00,15631827.305200795
2014-05-26 00:00:00+00:00,15631827.305200795
2014-05-27 00:00:00+00:00,15631827.305200795
2014-05-28 00:00:00+00:00,15631827.305200795
2014-05-29 00:00:00+00:00,15631827.305200795
2014-05-30 00:00:00+00:00,15631827.305200795
2014-06-02 00:00:00+00:00,15631827.305200795
2014-06-03 00:00:00+00:00,15631827.305200795
2014-06-04 00:00:00+00:00,15631827.305200795
2014-06-05 00:00:00+00:00,15631827.305200795
2014-06-06 00:00:00+00:00,15631827.305200795
2014-06-09 00:00:00+00:00,15631827.305200795
2014-06-10 00:00:00+00:00,15631827.305200795
2014-06-11 00:00:00+00:00,15631827.305200795
2014-06-12 00:00:00+00:00,15631827.305200795
2014-06-13 00:00:00+00:00,15631827.305200795
2014-06-16 00:00:00+00:00,15631827.305200795
2014-06-17 00:00:00+00:00,15631827.305200795
2014-06-18 00:00:00+00:00,15631827.305200795
2014-06-19 00:00:00+00:00,15631827.305200795
2014-06-20 00:00:00+00:00,15631827.305200795
2014-06-23 00:00:00+00:00,15631827.305200795
2014-06-24 00:00:00+00:00,15631827.305200795
2014-06-25 00:00:00+00:00,15631827.305200795
2014-06-26 00:00:00+00:00,15631827.305200795
2014-06-27 00:00:00+00:00,15631827.305200795
2014-06-30 00:00:00+00:00,15631827.305200795
2014-07-01 00:00:00+00:00,15631827.305200795
2014-07-02 00:00:00+00:00,15631827.305200795
2014-07-03 00:00:00+00:00,15631827.305200795
2014-07-04 00:00:00+00:00,15631827.305200795
2014-07-07 00:00:00+00:00,15631827.305200795
2014-07-08 00:00:00+00:00,15631827.305200795
2014-07-09 00:00:00+00:00,15631827.305200795
2014-07-10 00:00:00+00:00,15631827.305200795
2014-07-11 00:00:00+00:00,15631827.305200795
2014-07-14 00:00:00+00:00,15631827.305200795
2014-07-15 00:00:00+00:00,15631827.305200795
2014-07-16 00:00:00+00:00,15631827.305200795
2014-07-17 00:00:00+00:00,15631827.305200795
2014-07-18 00:00:00+00:00,15631827.305200795
2014-07-21 00:00:00+00:00,15631827.305200795
2014-07-22 00:00:00+00:00,15631827.305200795
2014-07-23 00:00:00+00:00,15631827.305200795
2014-07-24 00:00:00+00:00,15631827.305200795
2014-07-25 00:00:00+00:00,15631827.305200795
2014-07-28 00:00:00+00:00,15631827.305200795
2014-07-29 00:00:00+00:00,15631827.305200795
2014-07-30 00:00:00+00:00,15631827.305200795
2014-07-31 00:00:00+00:00,15631827.305200795
2014-08-01 00:00:00+00:00,15631827.305200795
2014-08-04 00:00:00+00:00,15631827.305200795
2014-08-05 00:00:00+00:00,15631827.305200795
2014-08-06 00:00:00+00:00,15631827.305200795
2014-08-07 00:00:00+00:00,15631827.305200795
2014-08-08 00:00:00+00:00,15631827.305200795
2014-08-11 00:00:00+00:00,15631827.305200795
2014-08-12 00:00:00+00:00,15631827.305200795
2014-08-13 00:00:00+00:00,15631827.305200795
2014-08-14 00:00:00+00:00,15631827.305200795
2014-08-15 00:00:00+00:00,15631827.305200795
2014-08-18 00:00:00+00:00,15631827.305200795
2014-08-19 00:00:00+00:00,15631827.305200795
2014-08-20 00:00:00+00:00,15631827.305200795
2014-08-21 00:00:00+00:00,15631827.305200795
2014-08-22 00:00:00+00:00,15631827.305200795
2014-08-25 00:00:00+00:00,15631827.305200795
2014-08-26 00:00:00+00:00,15631827.305200795
2014-08-27 00:00:00+00:00,15631827.305200795
2014-08-28 00:00:00+00:00,15631827.305200795
2014-08-29 00:00:00+00:00,15631827.305200795
2014-09-01 00:00:00+00:00,15631827.305200795
2014-09-02 00:00:00+00:00,15631827.305200795
2014-09-03 00:00:00+00:00,15631827.305200795
2014-09-04 00:00:00+00:00,15631827.305200795
2014-09-05 00:00:00+00:00,15631827.305200795
2014-09-08 00:00:00+00:00,15631827.305200795
2014-09-09 00:00:00+00:00,15631827.305200795
2014-09-10 00:00:00+00:00,15631827.305200795
2014-09-11 00:00:00+00:00,15631827.305200795
2014-09-12 00:00:00+00:00,15631827.305200795
2014-09-15 00:00:00+00:00,15631827.305200795
2014-09-16 00:00:00+00:00,15631827.305200795
2014-09-17 00:00:00+00:00,15631827.305200795
2014-09-18 00:00:00+00:00,15631827.305200795
2014-09-19 00:00:00+00:00,15631827.305200795
2014-09-22 00:00:00+00:00,15631827.305200795
2014-09-23 00:00:00+00:00,15631827.305200795
2014-09-24 00:00:00+00:00,15631827.305200795
2014-09-25 00:00:00+00:00,15631827.305200795
2014-09-26 00:00:00+00:00,15631827.305200795
2014-09-29 00:00:00+00:00,15631827.305200795
2014-09-30 00:00:00+00:00,15631827.305200795
2014-10-01 00:00:00+00:00,15631827.305200795
2014-10-02 00:00:00+00:00,15631827.305200795
2014-10-03 00:00:00+00:00,15631827.305200795
2014-10-06 00:00:00+00:00,15631827.305200795
2014-10-07 00:00:00+00:00,15631827.305200795
2014-10-08 00:00:00+00:00,15631827.305200795
2014-10-09 00:00:00+00:00,15631827.305200795
2014-10-10 00:00:00+00:00,15631827.305200795
2014-10-13 00:00:00+00:00,15631827.305200795
2014-10-14 00:00:00+00:00,15631827.305200795
2014-10-15 00:00:00+00:00,15631827.305200795
2014-10-16 00:00:00+00:00,15631827.305200795
2014-10-17 00:00:00+00:00,15631827.305200795
2014-10-20 00:00:00+00:00,15631827.305200795
2014-10-21 00:00:00+00:00,15631827.305200795
2014-10-22 00:00:00+00:00,15631827.305200795
2014-10-23 00:00:00+00:00,15631827.305200795
2014-10-24 00:00:00+00:00,15631827.305200795
2014-10-27 00:00:00+00:00,15631827.305200795
2014-10-28 00:00:00+00:00,15631827.305200795
2014-10-29 00:00:00+00:00,15631827.305200795
2014-10-30 00:00:00+00:00,15631827.305200795
2014-10-31 00:00:00+00:00,15631827.305200795
2014-11-03 00:00:00+00:00,15631827.305200795
2014-11-04 00:00:00+00:00,15631827.305200795
2014-11-05 00:00:00+00:00,15631827.305200795
2014-11-06 00:00:00+00:00,15631827.305200795
2014-11-07 00:00:00+00:00,15631827.305200795
2014-11-10 00:00:00+00:00,15631827.305200795
2014-11-11 00:00:00+00:00,15631827.305200795
2014-11-12 00:00:00+00:00,15631827.305200795
2014-11-13 00:00:00+00:00,15631827.305200795
2014-11-14 00:00:00+00:00,15631827.305200795
2014-11-17 00:00:00+00:00,15631827.305200795
2014-11-18 00:00:00+00:00,15631827.305200795
2014-11-19 00:00:00+00:00,15631827.305200795
2014-11-20 00:00:00+00:00,15631827.305200795
2014-11-21 00:00:00+00:00,15631827.305200795
2014-11-24 00:00:00+00:00,15631827.305200795
2014-11-25 00:00:00+00:00,15631827.305200795
2014-11-26 00:00:00+00:00,15631827.305200795
2014-11-27 00:00:00+00:00,15631827.305200795
2014-11-28 00:00:00+00:00,15631827.305200795
2014-12-01 00:00:00+00:00,15631827.305200795
2014-12-02 00:00:00+00:00,15631827.305200795
2014-12-03 00:00:00+00:00,15631827.305200795
2014-12-04 00:00:00+00:00,15631827.305200795
2014-12-05 00:00:00+00:00,15631827.305200795
2014-12-08 00:00:00+00:00,15631827.305200795
2014-12-09 00:00:00+00:00,15631827.305200795
2014-12-10 00:00:00+00:00,15631827.305200795
2014-12-11 00:00:00+00:00,15631827.305200795
2014-12-12 00:00:00+00:00,15631827.305200795
2014-12-15 00:00:00+00:00,15631827.305200795
2014-12-16 00:00:00+00:00,15631827.305200795
2014-12-17 00:00:00+00:00,15631827.305200795
2014-12-18 00:00:00+00:00,15631827.305200795
2014-12-19 00:00:00+00:00,15631827.305200795
2014-12-22 00:00:00+00:00,15631827.305200795
2014-12-23 00:00:00+00:00,15631827.305200795
2014-12-24 00:00:00+00:00,15631827.305200795
2014-12-26 00:00:00+00:00,15631827.305200795
2014-12-29 00:00:00+00:00,15631827.305200795
2014-12-30 00:00:00+00:00,15631827.305200795
2014-12-31 00:00:00+00:00,15631827.305200795
2015-01-01 00:00:00+00:00,15631827.305200795
2015-01-02 00:00:00+00:00,15631827.305200795
2015-01-05 00:00:00+00:00,15631827.305200795
2015-01-06 00:00:00+00:00,15631827.305200795
2015-01-07 00:00:00+00:00,15631827.305200795
2015-01-08 00:00:00+00:00,15631827.305200795
2015-01-09 00:00:00+00:00,15631827.305200795
2015-01-12 00:00:00+00:00,15631827.305200795
2015-01-13 00:00:00+00:00,15631827.305200795
2015-01-14 00:00:00+00:00,15631827.305200795
2015-01-15 00:00:00+00:00,15631827.305200795
2015-01-16 00:00:00+00:00,15631827.305200795
2015-01-19 00:00:00+00:00,15631827.305200795
2015-01-20 00:00:00+00:00,15631827.305200795
2015-01-21 00:00:00+00:00,15631827.305200795
2015-01-22 00:00:00+00:00,15631827.305200795
2015-01-23 00:00:00+00:00,15631827.305200795
2015-01-26 00:00:00+00:00,15631827.305200795
2015-01-27 00:00:00+00:00,15631827.305200795
2015-01-28 00:00:00+00:00,15631827.305200795
2015-01-29 00:00:00+00:00,15631827.305200795
2015-01-30 00:00:00+00:00,15631827.305200795
2015-02-02 00:00:00+00:00,15631827.305200795
2015-02-03 00:00:00+00:00,15631827.305200795
2015-02-04 00:00:00+00:00,15631827.305200795
2015-02-05 00:00:00+00:00,15631827.305200795
2015-02-06 00:00:00+00:00,15631827.305200795
2015-02-09 00:00:00+00:00,15631827.305200795
2015-02-10 00:00:00+00:00,15631827.305200795
2015-02-11 00:00:00+00:00,15631827.305200795
2015-02-12 00:00:00+00:00,15631827.305200795
2015-02-13 00:00:00+00:00,15631827.305200795
2015-02-16 00:00:00+00:00,15631827.305200795
2015-02-17 00:00:00+00:00,15631827.305200795
2015-02-18 00:00:00+00:00,15631827.305200795
2015-02-19 00:00:00+00:00,15631827.305200795
2015-02-20 00:00:00+00:00,15631827.305200795
2015-02-23 00:00:00+00:00,15631827.305200795
2015-02-24 00:00:00+00:00,15631827.305200795
2015-02-25 00:00:00+00:00,15631827.305200795
2015-02-26 00:00:00+00:00,15631827.305200795
2015-02-27 00:00:00+00:00,15631827.305200795
2015-03-02 00:00:00+00:00,15631827.305200795
2015-03-03 00:00:00+00:00,15631827.305200795
2015-03-04 00:00:00+00:00,15631827.305200795
2015-03-05 00:00:00+00:00,15631827.305200795
2015-03-06 00:00:00+00:00,15631827.305200795
2015-03-09 00:00:00+00:00,15631827.305200795
2015-03-10 00:00:00+00:00,15631827.305200795
2015-03-11 00:00:00+00:00,15631827.305200795
2015-03-12 00:00:00+00:00,15631827.305200795
2015-03-13 00:00:00+00:00,15631827.305200795
2015-03-16 00:00:00+00:00,15631827.305200795
2015-03-17 00:00:00+00:00,15631827.305200795
2015-03-18 00:00:00+00:00,15631827.305200795
2015-03-19 00:00:00+00:00,15631827.305200795
2015-03-20 00:00:00+00:00,15631827.305200795
2015-03-23 00:00:00+00:00,15631827.305200795
2015-03-24 00:00:00+00:00,15631827.305200795
2015-03-25 00:00:00+00:00,15631827.305200795
2015-03-26 00:00:00+00:00,15631827.305200795
2015-03-27 00:00:00+00:00,15631827.305200795
2015-03-30 00:00:00+00:00,15631827.305200795
2015-03-31 00:00:00+00:00,15631827.305200795
2015-04-01 00:00:00+00:00,15631827.305200795
2015-04-02 00:00:00+00:00,15631827.305200795
2015-04-06 00:00:00+00:00,15631827.305200795
2015-04-07 00:00:00+00:00,15631827.305200795
2015-04-08 00:00:00+00:00,15631827.305200795
2015-04-09 00:00:00+00:00,15631827.305200795
2015-04-10 00:00:00+00:00,15631827.305200795
2015-04-13 00:00:00+00:00,15631827.305200795
2015-04-14 00:00:00+00:00,15631827.305200795
2015-04-15 00:00:00+00:00,15631827.305200795
2015-04-16 00:00:00+00:00,15631827.305200795
2015-04-17 00:00:00+00:00,15631827.305200795
2015-04-20 00:00:00+00:00,15631827.305200795
2015-04-21 00:00:00+00:00,15631827.305200795
2015-04-22 00:00:00+00:00,15631827.305200795
2015-04-23 00:00:00+00:00,15631827.305200795
2015-04-24 00:00:00+00:00,15631827.305200795
2015-04-27 00:00:00+00:00,15631827.305200795
2015-04-28 00:00:00+00:00,15631827.305200795
2015-04-29 00:00:00+00:00,15631827.305200795
2015-04-30 00:00:00+00:00,15631827.305200795
2015-05-01 00:00:00+00:00,15631827.305200795
2015-05-04 00:00:00+00:00,15631827.305200795
2015-05-05 00:00:00+00:00,15631827.305200795
2015-05-06 00:00:00+00:00,15631827.305200795
2015-05-07 00:00:00+00:00,15631827.305200795
2015-05-08 00:00:00+00:00,15631827.305200795
2015-05-11 00:00:00+00:00,15631827.305200795
2015-05-12 00:00:00+00:00,15631827.305200795
2015-05-13 00:00:00+00:00,15631827.305200795
2015-05-14 00:00:00+00:00,15631827.305200795
2015-05-15 00:00:00+00:00,15631827.305200795
2015-05-18 00:00:00+00:00,15631827.305200795
2015-05-19 00:00:00+00:00,15631827.305200795
2015-05-20 00:00:00+00:00,15631827.305200795
2015-05-21 00:00:00+00:00,15631827.305200795
2015-05-22 00:00:00+00:00,15631827.305200795
2015-05-25 00:00:00+00:00,15631827.305200795
2015-05-26 00:00:00+00:00,15631827.305200795
2015-05-27 00:00:00+00:00,15631827.305200795
2015-05-28 00:00:00+00:00,15631827.305200795
2015-05-29 00:00:00+00:00,15631827.305200795
2015-06-01 00:00:00+00:00,15631827.305200795
2015-06-02 00:00:00+00:00,15631827.305200795
2015-06-03 00:00:00+00:00,15631827.305200795
2015-06-04 00:00:00+00:00,15631827.305200795
2015-06-05 00:00:00+00:00,15631827.305200795
2015-06-08 00:00:00+00:00,15631827.305200795
2015-06-09 00:00:00+00:00,15631827.305200795
2015-06-10 00:00:00+00:00,15631827.305200795
2015-06-11 00:00:00+00:00,15631827.305200795
2015-06-12 00:00:00+00:00,15631827.305200795
2015-06-15 00:00:00+00:00,15631827.305200795
2015-06-16 00:00:00+00:00,15631827.305200795
2015-06-17 00:00:00+00:00,15631827.305200795
2015-06-18 00:00:00+00:00,15631827.305200795
2015-06-19 00:00:00+00:00,15631827.305200795
2015-06-22 00:00:00+00:00,15631827.305200795
2015-06-23 00:00:00+00:00,15631827.305200795
2015-06-24 00:00:00+00:00,15631827.305200795
2015-06-25 00:00:00+00:00,15631827.305200795
2015-06-26 00:00:00+00:00,15631827.305200795
2015-06-29 00:00:00+00:00,15631827.305200795
2015-06-30 00:00:00+00:00,15631827.305200795
2015-07-01 00:00:00+00:00,15631827.305200795
2015-07-02 00:00:00+00:00,15631827.305200795
2015-07-03 00:00:00+00:00,15631827.305200795
2015-07-06 00:00:00+00:00,15631827.305200795
2015-07-07 00:00:00+00:00,15631827.305200795
2015-07-08 00:00:00+00:00,15631827.305200795
2015-07-09 00:00:00+00:00,15631827.305200795
2015-07-10 00:00:00+00:00,15631827.305200795
2015-07-13 00:00:00+00:00,15631827.305200795
2015-07-14 00:00:00+00:00,15631827.305200795
2015-07-15 00:00:00+00:00,15631827.305200795
2015-07-16 00:00:00+00:00,15631827.305200795
2015-07-17 00:00:00+00:00,15631827.305200795
2015-07-20 00:00:00+00:00,15631827.305200795
2015-07-21 00:00:00+00:00,15631827.305200795
2015-07-22 00:00:00+00:00,15631827.305200795
2015-07-23 00:00:00+00:00,15631827.305200795
2015-07-24 00:00:00+00:00,15631827.305200795
2015-07-27 00:00:00+00:00,15631827.305200795
2015-07-28 00:00:00+00:00,15631827.305200795
2015-07-29 00:00:00+00:00,15631827.305200795
2015-07-30 00:00:00+00:00,15631827.305200795
2015-07-31 00:00:00+00:00,15631827.305200795
2015-08-03 00:00:00+00:00,15631827.305200795
2015-08-04 00:00:00+00:00,15631827.305200795
2015-08-05 00:00:00+00:00,15631827.305200795
2015-08-06 00:00:00+00:00,15631827.305200795
2015-08-07 00:00:00+00:00,15631827.305200795
2015-08-10 00:00:00+00:00,15631827.305200795
2015-08-11 00:00:00+00:00,15631827.305200795
2015-08-12 00:00:00+00:00,15631827.305200795
2015-08-13 00:00:00+00:00,15631827.305200795
2015-08-14 00:00:00+00:00,15631827.305200795
2015-08-17 00:00:00+00:00,15631827.305200795
2015-08-18 00:00:00+00:00,15631827.305200795
2015-08-19 00:00:00+00:00,15631827.305200795
2015-08-20 00:00:00+00:00,15631827.305200795
2015-08-21 00:00:00+00:00,15631827.305200795
2015-08-24 00:00:00+00:00,15631827.305200795
2015-08-25 00:00:00+00:00,15631827.305200795
2015-08-26 00:00:00+00:00,15631827.305200795
2015-08-27 00:00:00+00:00,15631827.305200795
2015-08-28 00:00:00+00:00,15631827.305200795
2015-08-31 00:00:00+00:00,15631827.305200795
2015-09-01 00:00:00+00:00,15631827.305200795
2015-09-02 00:00:00+00:00,15631827.305200795
2015-09-03 00:00:00+00:00,15631827.305200795
2015-09-04 00:00:00+00:00,15631827.305200795
2015-09-07 00:00:00+00:00,15631827.305200795
2015-09-08 00:00:00+00:00,15631827.305200795
2015-09-09 00:00:00+00:00,15631827.305200795
2015-09-10 00:00:00+00:00,15631827.305200795
2015-09-11 00:00:00+00:00,15631827.305200795
2015-09-14 00:00:00+00:00,15631827.305200795
2015-09-15 00:00:00+00:00,15631827.305200795
2015-09-16 00:00:00+00:00,15631827.305200795
2015-09-17 00:00:00+00:00,15631827.305200795
2015-09-18 00:00:00+00:00,15631827.305200795
2015-09-21 00:00:00+00:00,15631827.305200795
2015-09-22 00:00:00+00:00,15631827.305200795
2015-09-23 00:00:00+00:00,15631827.305200795
2015-09-24 00:00:00+00:00,15631827.305200795
2015-09-25 00:00:00+00:00,15631827.305200795
2015-09-28 00:00:00+00:00,15631827.305200795
2015-09-29 00:00:00+00:00,15631827.305200795
2015-09-30 00:00:00+00:00,15631827.305200795
2015-10-01 00:00:00+00:00,15631827.305200795
2015-10-02 00:00:00+00:00,15631827.305200795
2015-10-05 00:00:00+00:00,15631827.305200795
2015-10-06 00:00:00+00:00,15631827.305200795
2015-10-07 00:00:00+00:00,15631827.305200795
2015-10-08 00:00:00+00:00,15631827.305200795
2015-10-09 00:00:00+00:00,15631827.305200795
2015-10-12 00:00:00+00:00,15631827.305200795
2015-10-13 00:00:00+00:00,15631827.305200795
2015-10-14 00:00:00+00:00,15631827.305200795
2015-10-15 00:00:00+00:00,15631827.305200795
2015-10-16 00:00:00+00:00,15631827.305200795
2015-10-19 00:00:00+00:00,15631827.305200795
2015-10-20 00:00:00+00:00,15631827.305200795
2015-10-21 00:00:00+00:00,15631827.305200795
2015-10-22 00:00:00+00:00,15631827.305200795
2015-10-23 00:00:00+00:00,15631827.305200795
2015-10-26 00:00:00+00:00,15631827.305200795
2015-10-27 00:00:00+00:00,15631827.305200795
2015-10-28 00:00:00+00:00,15631827.305200795
2015-10-29 00:00:00+00:00,15631827.305200795
2015-10-30 00:00:00+00:00,15631827.305200795
2015-11-02 00:00:00+00:00,15631827.305200795
2015-11-03 00:00:00+00:00,15631827.305200795
2015-11-04 00:00:00+00:00,15631827.305200795
2015-11-05 00:00:00+00:00,15631827.305200795
2015-11-06 00:00:00+00:00,15631827.305200795
2015-11-09 00:00:00+00:00,15631827.305200795
2015-11-10 00:00:00+00:00,15631827.305200795
2015-11-11 00:00:00+00:00,15631827.305200795
2015-11-12 00:00:00+00:00,15631827.305200795
2015-11-13 00:00:00+00:00,15631827.305200795
2015-11-16 00:00:00+00:00,15631827.305200795
2015-11-17 00:00:00+00:00,15631827.305200795
2015-11-18 00:00:00+00:00,15631827.305200795
2015-11-19 00:00:00+00:00,15631827.305200795
2015-11-20 00:00:00+00:00,15631827.305200795
2015-11-23 00:00:00+00:00,15631827.305200795
2015-11-24 00:00:00+00:00,15631827.305200795
2015-11-25 00:00:00+00:00,15631827.305200795
2015-11-26 00:00:00+00:00,15631827.305200795
2015-11-27 00:00:00+00:00,15631827.305200795
2015-11-30 00:00:00+00:00,15631827.305200795
2015-12-01 00:00:00+00:00,15631827.305200795
2015-12-02 00:00:00+00:00,15631827.305200795
2015-12-03 00:00:00+00:00,15631827.305200795
2015-12-04 00:00:00+00:00,15631827.305200795
2015-12-07 00:00:00+00:00,15631827.305200795
2015-12-08 00:00:00+00:00,15631827.305200795
2015-12-09 00:00:00+00:00,15631827.305200795
2015-12-10 00:00:00+00:00,15631827.305200795
2015-12-11 00:00:00+00:00,15631827.305200795
2015-12-14 00:00:00+00:00,15631827.305200795
2015-12-15 00:00:00+00:00,15631827.305200795
2015-12-16 00:00:00+00:00,15631827.305200795
2015-12-17 00:00:00+00:00,15631827.305200795
2015-12-18 00:00:00+00:00,15631827.305200795
2015-12-21 00:00:00+00:00,15631827.305200795
2015-12-22 00:00:00+00:00,15631827.305200795
2015-12-23 00:00:00+00:00,15631827.305200795
2015-12-24 00:00:00+00:00,15631827.305200795
2015-12-28 00:00:00+00:00,15631827.305200795
2015-12-29 00:00:00+00:00,15631827.305200795
2015-12-30 00:00:00+00:00,15631827.305200795
2015-12-31 00:00:00+00:00,15631827.305200795
2016-01-01 00:00:00+00:00,15631827.305200795
2016-01-04 00:00:00+00:00,15631827.305200795
2016-01-05 00:00:00+00:00,15631827.305200795
2016-01-06 00:00:00+00:00,15631827.305200795
2016-01-07 00:00:00+00:00,15631827.305200795
2016-01-08 00:00:00+00:00,15631827.305200795
2016-01-11 00:00:00+00:00,15631827.305200795
2016-01-12 00:00:00+00:00,15631827.305200795
2016-01-13 00:00:00+00:00,15631827.305200795
2016-01-14 00:00:00+00:00,15631827.305200795
2016-01-15 00:00:00+00:00,15631827.305200795
2016-01-18 00:00:00+00:00,15631827.305200795
2016-01-19 00:00:00+00:00,15631827.305200795
2016-01-20 00:00:00+00:00,15631827.305200795
2016-01-21 00:00:00+00:00,15631827.305200795
2016-01-22 00:00:00+00:00,15631827.305200795
2016-01-25 00:00:00+00:00,15631827.305200795
2016-01-26 00:00:00+00:00,15631827.305200795
2016-01-27 00:00:00+00:00,15631827.305200795
2016-01-28 00:00:00+00:00,15631827.305200795
2016-01-29 00:00:00+00:00,15631827.305200795
2016-02-01 00:00:00+00:00,15631827.305200795
2016-02-02 00:00:00+00:00,15631827.305200795
2016-02-03 00:00:00+00:00,15631827.305200795
2016-02-04 00:00:00+00:00,15631827.305200795
2016-02-05 00:00:00+00:00,15631827.305200795
2016-02-08 00:00:00+00:00,15631827.305200795
2016-02-09 00:00:00+00:00,15631827.305200795
2016-02-10 00:00:00+00:00,15631827.305200795
2016-02-11 00:00:00+00:00,15631827.305200795
2016-02-12 00:00:00+00:00,15631827.305200795
2016-02-15 00:00:00+00:00,15631827.305200795
2016-02-16 00:00:00+00:00,15631827.305200795
2016-02-17 00:00:00+00:00,15631827.305200795
2016-02-18 00:00:00+00:00,15631827.305200795
2016-02-19 00:00:00+00:00,15631827.305200795
2016-02-22 00:00:00+00:00,15631827.305200795
2016-02-23 00:00:00+00:00,15631827.305200795
2016-02-24 00:00:00+00:00,15631827.305200795
2016-02-25 00:00:00+00:00,15631827.305200795
2016-02-26 00:00:00+00:00,15631827.305200795
2016-02-29 00:00:00+00:00,15631827.305200795
2016-03-01 00:00:00+00:00,15631827.305200795
2016-03-02 00:00:00+00:00,15631827.305200795
2016-03-03 00:00:00+00:00,15631827.305200795
2016-03-04 00:00:00+00:00,15631827.305200795
2016-03-07 00:00:00+00:00,15631827.305200795
2016-03-08 00:00:00+00:00,15631827.305200795
2016-03-09 00:00:00+00:00,15631827.305200795
2016-03-10 00:00:00+00:00,15631827.305200795
2016-03-11 00:00:00+00:00,15631827.305200795
2016-03-14 00:00:00+00:00,15631827.305200795
2016-03-15 00:00:00+00:00,15631827.305200795
2016-03-16 00:00:00+00:00,15631827.305200795
2016-03-17 00:00:00+00:00,15631827.305200795
2016-03-18 00:00:00+00:00,15631827.305200795
2016-03-21 00:00:00+00:00,15631827.305200795
2016-03-22 00:00:00+00:00,15631827.305200795
2016-03-23 00:00:00+00:00,15631827.305200795
2016-03-24 00:00:00+00:00,15631827.305200795
2016-03-28 00:00:00+00:00,15631827.305200795
2016-03-29 00:00:00+00:00,15631827.305200795
2016-03-30 00:00:00+00:00,15631827.305200795
2016-03-31 00:00:00+00:00,15631827.305200795
2016-04-01 00:00:00+00:00,15631827.305200795
2016-04-04 00:00:00+00:00,15631827.305200795
2016-04-05 00:00:00+00:00,15631827.305200795
2016-04-06 00:00:00+00:00,15631827.305200795
2016-04-07 00:00:00+00:00,15631827.305200795
2016-04-08 00:00:00+00:00,15631827.305200795
2016-04-11 00:00:00+00:00,15631827.305200795
2016-04-12 00:00:00+00:00,15631827.305200795
2016-04-13 00:00:00+00:00,15631827.305200795
2016-04-14 00:00:00+00:00,15631827.305200795
2016-04-15 00:00:00+00:00,15631827.305200795
2016-04-18 00:00:00+00:00,15631827.305200795
2016-04-19 00:00:00+00:00,15631827.305200795
2016-04-20 00:00:00+00:00,15631827.305200795
2016-04-21 00:00:00+00:00,15631827.305200795
2016-04-22 00:00:00+00:00,15631827.305200795
2016-04-25 00:00:00+00:00,15631827.305200795
2016-04-26 00:00:00+00:00,15631827.305200795
2016-04-27 00:00:00+00:00,15631827.305200795
2016-04-28 00:00:00+00:00,15631827.305200795
2016-04-29 00:00:00+00:00,15631827.305200795
2016-05-02 00:00:00+00:00,15631827.305200795
2016-05-03 00:00:00+00:00,15631827.305200795
2016-05-04 00:00:00+00:00,15631827.305200795
2016-05-05 00:00:00+00:00,15631827.305200795
2016-05-06 00:00:00+00:00,15631827.305200795
2016-05-09 00:00:00+00:00,15631827.305200795
2016-05-10 00:00:00+00:00,15631827.305200795
2016-05-11 00:00:00+00:00,15631827.305200795
2016-05-12 00:00:00+00:00,15631827.305200795
2016-05-13 00:00:00+00:00,15631827.305200795
2016-05-16 00:00:00+00:00,15631827.305200795
2016-05-17 00:00:00+00:00,15631827.305200795
2016-05-18 00:00:00+00:00,15631827.305200795
2016-05-19 00:00:00+00:00,15631827.305200795
2016-05-20 00:00:00+00:00,15631827.305200795
2016-05-23 00:00:00+00:00,15631827.305200795
2016-05-24 00:00:00+00:00,15631827.305200795
2016-05-25 00:00:00+00:00,15631827.305200795
2016-05-26 00:00:00+00:00,15631827.305200795
2016-05-27 00:00:00+00:00,15631827.305200795
2016-05-30 00:00:00+00:00,15631827.305200795
2016-05-31 00:00:00+00:00,15631827.305200795
2016-06-01 00:00:00+00:00,15631827.305200795
2016-06-02 00:00:00+00:00,15631827.305200795
2016-06-03 00:00:00+00:00,15631827.305200795
2016-06-06 00:00:00+00:00,15631827.305200795
2016-06-07 00:00:00+00:00,15631827.305200795
2016-06-08 00:00:00+00:00,15631827.305200795
2016-06-09 00:00:00+00:00,15631827.305200795
2016-06-10 00:00:00+00:00,15631827.305200795
2016-06-13 00:00:00+00:00,15631827.305200795
2016-06-14 00:00:00+00:00,15631827.305200795
2016-06-15 00:00:00+00:00,15631827.305200795
2016-06-16 00:00:00+00:00,15631827.305200795
2016-06-17 00:00:00+00:00,15631827.305200795
2016-06-20 00:00:00+00:00,15631827.305200795
2016-06-21 00:00:00+00:00,15631827.305200795
2016-06-22 00:00:00+00:00,15631827.305200795
2016-06-23 00:00:00+00:00,15631827.305200795
2016-06-24 00:00:00+00:00,15631827.305200795
2016-06-27 00:00:00+00:00,15631827.305200795
2016-06-28 00:00:00+00:00,15631827.305200795
2016-06-29 00:00:00+00:00,15631827.305200795
2016-06-30 00:00:00+00:00,15631827.305200795
2016-07-01 00:00:00+00:00,15631827.305200795
2016-07-04 00:00:00+00:00,15631827.305200795
2016-07-05 00:00:00+00:00,15631827.305200795
2016-07-06 00:00:00+00:00,15631827.305200795
2016-07-07 00:00:00+00:00,15631827.305200795
2016-07-08 00:00:00+00:00,15631827.305200795
2016-07-11 00:00:00+00:00,15631827.305200795
2016-07-12 00:00:00+00:00,15631827.305200795
2016-07-13 00:00:00+00:00,15631827.305200795
2016-07-14 00:00:00+00:00,15631827.305200795
2016-07-15 00:00:00+00:00,15631827.305200795
2016-07-18 00:00:00+00:00,15631827.305200795
2016-07-19 00:00:00+00:00,15631827.305200795
2016-07-20 00:00:00+00:00,15631827.305200795
2016-07-21 00:00:00+00:00,15631827.305200795
2016-07-22 00:00:00+00:00,15631827.305200795
2016-07-25 00:00:00+00:00,15631827.305200795
2016-07-26 00:00:00+00:00,15631827.305200795
2016-07-27 00:00:00+00:00,15631827.305200795
2016-07-28 00:00:00+00:00,15631827.305200795
2016-07-29 00:00:00+00:00,15631827.305200795
2016-08-01 00:00:00+00:00,15631827.305200795
2016-08-02 00:00:00+00:00,15631827.305200795
2016-08-03 00:00:00+00:00,15631827.305200795
2016-08-04 00:00:00+00:00,15631827.305200795
2016-08-05 00:00:00+00:00,15631827.305200795
2016-08-08 00:00:00+00:00,15631827.305200795
2016-08-09 00:00:00+00:00,15631827.305200795
2016-08-10 00:00:00+00:00,15631827.305200795
2016-08-11 00:00:00+00:00,15631827.305200795
2016-08-12 00:00:00+00:00,15631827.305200795
2016-08-15 00:00:00+00:00,15631827.305200795
2016-08-16 00:00:00+00:00,15631827.305200795
2016-08-17 00:00:00+00:00,15631827.305200795
2016-08-18 00:00:00+00:00,15631827.305200795
2016-08-19 00:00:00+00:00,15631827.305200795
2016-08-22 00:00:00+00:00,15631827.305200795
2016-08-23 00:00:00+00:00,15631827.305200795
2016-08-24 00:00:00+00:00,15631827.305200795
2016-08-25 00:00:00+00:00,15631827.305200795
2016-08-26 00:00:00+00:00,15631827.305200795
2016-08-29 00:00:00+00:00,15631827.305200795
2016-08-30 00:00:00+00:00,15631827.305200795
2016-08-31 00:00:00+00:00,15631827.305200795
2016-09-01 00:00:00+00:00,15631827.305200795
2016-09-02 00:00:00+00:00,15631827.305200795
2016-09-06 00:00:00+00:00,15631827.305200795
2016-09-07 00:00:00+00:00,15631827.305200795
2016-09-08 00:00:00+00:00,15631827.305200795
2016-09-09 00:00:00+00:00,15631827.305200795
2016-09-12 00:00:00+00:00,15631827.305200795
2016-09-13 00:00:00+00:00,15631827.305200795
2016-09-14 00:00:00+00:00,15631827.305200795
2016-09-15 00:00:00+00:00,15631827.305200795
2016-09-16 00:00:00+00:00,15631827.305200795
2016-09-19 00:00:00+00:00,15631827.305200795
2016-09-20 00:00:00+00:00,15631827.305200795
2016-09-21 00:00:00+00:00,15631827.305200795
2016-09-22 00:00:00+00:00,15631827.305200795
2016-09-23 00:00:00+00:00,15631827.305200795
2016-09-26 00:00:00+00:00,15631827.305200795
2016-09-27 00:00:00+00:00,15631827.305200795
2016-09-28 00:00:00+00:00,15631827.305200795
2016-09-29 00:00:00+00:00,15631827.305200795
2016-09-30 00:00:00+00:00,15631827.305200795
2016-10-03 00:00:00+00:00,15631827.305200795
2016-10-04 00:00:00+00:00,15631827.305200795
2016-10-05 00:00:00+00:00,15631827.305200795
2016-10-06 00:00:00+00:00,15631827.305200795
2016-10-07 00:00:00+00:00,15631827.305200795
2016-10-10 00:00:00+00:00,15631827.305200795
2016-10-11 00:00:00+00:00,15631827.305200795
2016-10-12 00:00:00+00:00,15631827.305200795
2016-10-13 00:00:00+00:00,15631827.305200795
2016-10-14 00:00:00+00:00,15631827.305200795
2016-10-17 00:00:00+00:00,15631827.305200795
2016-10-18 00:00:00+00:00,15631827.305200795
2016-10-19 00:00:00+00:00,15631827.305200795
2016-10-20 00:00:00+00:00,15631827.305200795
2016-10-21 00:00:00+00:00,15631827.305200795
2016-10-24 00:00:00+00:00,15631827.305200795
2016-10-25 00:00:00+00:00,15631827.305200795
2016-10-26 00:00:00+00:00,15631827.305200795
2016-10-27 00:00:00+00:00,15631827.305200795
2016-10-28 00:00:00+00:00,15631827.305200795
2016-10-31 00:00:00+00:00,15631827.305200795
2016-11-01 00:00:00+00:00,15631827.305200795
2016-11-02 00:00:00+00:00,15631827.305200795
2016-11-03 00:00:00+00:00,15631827.305200795
2016-11-04 00:00:00+00:00,15631827.305200795
2016-11-07 00:00:00+00:00,15631827.305200795
2016-11-08 00:00:00+00:00,15631827.305200795
2016-11-09 00:00:00+00:00,15631827.305200795
2016-11-10 00:00:00+00:00,15631827.305200795
2016-11-11 00:00:00+00:00,15631827.305200795
2016-11-14 00:00:00+00:00,15631827.305200795
2016-11-15 00:00:00+00:00,15631827.305200795
2016-11-16 00:00:00+00:00,15631827.305200795
2016-11-17 00:00:00+00:00,15631827.305200795
2016-11-18 00:00:00+00:00,15631827.305200795
2016-11-21 00:00:00+00:00,15631827.305200795
2016-11-22 00:00:00+00:00,15631827.305200795
2016-11-23 00:00:00+00:00,15631827.305200795
2016-11-24 00:00:00+00:00,15631827.305200795
2016-11-25 00:00:00+00:00,15631827.305200795
2016-11-28 00:00:00+00:00,15631827.305200795
2016-11-29 00:00:00+00:00,15631827.305200795
2016-11-30 00:00:00+00:00,15631827.305200795
2016-12-01 00:00:00+00:00,15631827.305200795
2016-12-02 00:00:00+00:00,15631827.305200795
2016-12-05 00:00:00+00:00,15631827.305200795
2016-12-06 00:00:00+00:00,15631827.305200795
2016-12-07 00:00:00+00:00,15631827.305200795
2016-12-08 00:00:00+00:00,15631827.305200795
2016-12-09 00:00:00+00:00,15631827.305200795
2016-12-12 00:00:00+00:00,15631827.305200795
2016-12-13 00:00:00+00:00,15631827.305200795
2016-12-14 00:00:00+00:00,15631827.305200795
2016-12-15 00:00:00+00:00,15631827.305200795
2016-12-16 00:00:00+00:00,15631827.305200795
2016-12-19 00:00:00+00:00,15631827.305200795
2016-12-20 00:00:00+00:00,15631827.305200795
2016-12-21 00:00:00+00:00,15631827.305200795
2016-12-22 00:00:00+00:00,15631827.305200795
2016-12-23 00:00:00+00:00,15631827.305200795
2016-12-26 00:00:00+00:00,15631827.305200795
2016-12-27 00:00:00+00:00,15631827.305200795
2016-12-28 00:00:00+00:00,15631827.305200795
2016-12-29 00:00:00+00:00,15631827.305200795
2016-12-30 00:00:00+00:00,15631827.305200795
2017-01-02 00:00:00+00:00,15631827.305200795
2017-01-03 00:00:00+00:00,15631827.305200795
2017-01-04 00:00:00+00:00,15631827.305200795
2017-01-05 00:00:00+00:00,15631827.305200795
2017-01-06 00:00:00+00:00,15631827.305200795
2017-01-09 00:00:00+00:00,15631827.305200795
2017-01-10 00:00:00+00:00,15631827.305200795
2017-01-11 00:00:00+00:00,15631827.305200795
2017-01-12 00:00:00+00:00,15631827.305200795
2017-01-13 00:00:00+00:00,15631827.305200795
2017-01-16 00:00:00+00:00,15631827.305200795
2017-01-17 00:00:00+00:00,15631827.305200795
2017-01-18 00:00:00+00:00,15631827.305200795
2017-01-19 00:00:00+00:00,15631827.305200795
2017-01-20 00:00:00+00:00,15631827.305200795
2017-01-23 00:00:00+00:00,15631827.305200795
2017-01-24 00:00:00+00:00,15631827.305200795
2017-01-25 00:00:00+00:00,15631827.305200795
2017-01-26 00:00:00+00:00,15631827.305200795
2017-01-27 00:00:00+00:00,15631827.305200795
2017-01-30 00:00:00+00:00,15631827.305200795
2017-01-31 00:00:00+00:00,15631827.305200795
2017-02-01 00:00:00+00:00,15631827.305200795
2017-02-02 00:00:00+00:00,15631827.305200795
2017-02-03 00:00:00+00:00,15631827.305200795
2017-02-06 00:00:00+00:00,15631827.305200795
2017-02-07 00:00:00+00:00,15631827.305200795
2017-02-08 00:00:00+00:00,15631827.305200795
2017-02-09 00:00:00+00:00,15631827.305200795
2017-02-10 00:00:00+00:00,15631827.305200795
2017-02-13 00:00:00+00:00,15631827.305200795
2017-02-14 00:00:00+00:00,15631827.305200795
2017-02-15 00:00:00+00:00,15631827.305200795
2017-02-16 00:00:00+00:00,15631827.305200795
2017-02-17 00:00:00+00:00,15631827.305200795
2017-02-20 00:00:00+00:00,15631827.305200795
2017-02-21 00:00:00+00:00,15631827.305200795
2017-02-22 00:00:00+00:00,15631827.305200795
2017-02-23 00:00:00+00:00,15631827.305200795
2017-02-24 00:00:00+00:00,15631827.305200795
2017-02-27 00:00:00+00:00,15631827.305200795
2017-02-28 00:00:00+00:00,15631827.305200795
2017-03-01 00:00:00+00:00,15631827.305200795
2017-03-02 00:00:00+00:00,15631827.305200795
2017-03-03 00:00:00+00:00,15631827.305200795
2017-03-06 00:00:00+00:00,15631827.305200795
2017-03-07 00:00:00+00:00,15631827.305200795
2017-03-08 00:00:00+00:00,15631827.305200795
2017-03-09 00:00:00+00:00,15631827.305200795
2017-03-10 00:00:00+00:00,15631827.305200795
2017-03-13 00:00:00+00:00,15631827.305200795
2017-03-14 00:00:00+00:00,15631827.305200795
2017-03-15 00:00:00+00:00,15631827.305200795
2017-03-16 00:00:00+00:00,15631827.305200795
2017-03-17 00:00:00+00:00,15631827.305200795
2017-03-20 00:00:00+00:00,15631827.305200795
2017-03-21 00:00:00+00:00,15631827.305200795
2017-03-22 00:00:00+00:00,15631827.305200795
2017-03-23 00:00:00+00:00,15631827.305200795
2017-03-24 00:00:00+00:00,15631827.305200795
2017-03-27 00:00:00+00:00,15631827.305200795
2017-03-28 00:00:00+00:00,15631827.305200795
2017-03-29 00:00:00+00:00,15631827.305200795
2017-03-30 00:00:00+00:00,15631827.305200795
2017-03-31 00:00:00+00:00,15631827.305200795
2017-04-03 00:00:00+00:00,15631827.305200795
2017-04-04 00:00:00+00:00,15631827.305200795
2017-04-05 00:00:00+00:00,15631827.305200795
2017-04-06 00:00:00+00:00,15631827.305200795
2017-04-07 00:00:00+00:00,15631827.305200795
2017-04-10 00:00:00+00:00,15631827.305200795
2017-04-11 00:00:00+00:00,15631827.305200795
2017-04-12 00:00:00+00:00,15631827.305200795
2017-04-13 00:00:00+00:00,15631827.305200795
2017-04-17 00:00:00+00:00,15631827.305200795
2017-04-18 00:00:00+00:00,15631827.305200795
2017-04-19 00:00:00+00:00,15631827.305200795
2017-04-20 00:00:00+00:00,15631827.305200795
2017-04-21 00:00:00+00:00,15631827.305200795
2017-04-24 00:00:00+00:00,15631827.305200795
2017-04-25 00:00:00+00:00,15631827.305200795
2017-04-26 00:00:00+00:00,15631827.305200795
2017-04-27 00:00:00+00:00,15631827.305200795
2017-04-28 00:00:00+00:00,15631827.305200795
2017-05-01 00:00:00+00:00,15631827.305200795
2017-05-02 00:00:00+00:00,15631827.305200795
2017-05-03 00:00:00+00:00,15631827.305200795
2017-05-04 00:00:00+00:00,15631827.305200795
2017-05-05 00:00:00+00:00,15631827.305200795
2017-05-08 00:00:00+00:00,15631827.305200795
2017-05-09 00:00:00+00:00,15631827.305200795
2017-05-10 00:00:00+00:00,15631827.305200795
2017-05-11 00:00:00+00:00,15631827.305200795
2017-05-12 00:00:00+00:00,15631827.305200795
2017-05-15 00:00:00+00:00,15631827.305200795
2017-05-16 00:00:00+00:00,15631827.305200795
2017-05-17 00:00:00+00:00,15631827.305200795
2017-05-18 00:00:00+00:00,15631827.305200795
2017-05-19 00:00:00+00:00,15631827.305200795
2017-05-22 00:00:00+00:00,15631827.305200795
2017-05-23 00:00:00+00:00,15631827.305200795
2017-05-24 00:00:00+00:00,15631827.305200795
2017-05-25 00:00:00+00:00,15631827.305200795
2017-05-26 00:00:00+00:00,15631827.305200795
2017-05-29 00:00:00+00:00,15631827.305200795
2017-05-30 00:00:00+00:00,15631827.305200795
2017-05-31 00:00:00+00:00,15631827.305200795
2017-06-01 00:00:00+00:00,15631827.305200795
2017-06-02 00:00:00+00:00,15631827.305200795
2017-06-05 00:00:00+00:00,15631827.305200795
2017-06-06 00:00:00+00:00,15631827.305200795
2017-06-07 00:00:00+00:00,15631827.305200795
2017-06-08 00:00:00+00:00,15631827.305200795
2017-06-09 00:00:00+00:00,15631827.305200795
2017-06-12 00:00:00+00:00,15631827.305200795
2017-06-13 00:00:00+00:00,15631827.305200795
2017-06-14 00:00:00+00:00,15631827.305200795
2017-06-15 00:00:00+00:00,15631827.305200795
2017-06-16 00:00:00+00:00,15631827.305200795
2017-06-19 00:00:00+00:00,15631827.305200795
2017-06-20 00:00:00+00:00,15631827.305200795
2017-06-21 00:00:00+00:00,15631827.305200795
2017-06-22 00:00:00+00:00,15631827.305200795
2017-06-23 00:00:00+00:00,15631827.305200795
2017-06-26 00:00:00+00:00,15631827.305200795
2017-06-27 00:00:00+00:00,15631827.305200795
2017-06-28 00:00:00+00:00,15631827.305200795
2017-06-29 00:00:00+00:00,15631827.305200795
2017-06-30 00:00:00+00:00,15631827.305200795
2017-07-03 00:00:00+00:00,15631827.305200795
2017-07-04 00:00:00+00:00,15631827.305200795
2017-07-05 00:00:00+00:00,15631827.305200795
2017-07-06 00:00:00+00:00,15631827.305200795
2017-07-07 00:00:00+00:00,15631827.305200795
2017-07-10 00:00:00+00:00,15631827.305200795
2017-07-11 00:00:00+00:00,15631827.305200795
2017-07-12 00:00:00+00:00,15631827.305200795
2017-07-13 00:00:00+00:00,15631827.305200795
2017-07-14 00:00:00+00:00,15631827.305200795
2017-07-17 00:00:00+00:00,15631827.305200795
2017-07-18 00:00:00+00:00,15631827.305200795
2017-07-19 00:00:00+00:00,15631827.305200795
2017-07-20 00:00:00+00:00,15631827.305200795
2017-07-21 00:00:00+00:00,15631827.305200795
2017-07-24 00:00:00+00:00,15631827.305200795
2017-07-25 00:00:00+00:00,15631827.305200795
2017-07-26 00:00:00+00:00,15631827.305200795
2017-07-27 00:00:00+00:00,15631827.305200795
2017-07-28 00:00:00+00:00,15631827.305200795
2017-07-31 00:00:00+00:00,15631827.305200795
2017-08-01 00:00:00+00:00,15631827.305200795
2017-08-02 00:00:00+00:00,15631827.305200795
2017-08-03 00:00:00+00:00,15631827.305200795
2017-08-04 00:00:00+00:00,15631827.305200795
2017-08-07 00:00:00+00:00,15631827.305200795
2017-08-08 00:00:00+00:00,15631827.305200795
2017-08-09 00:00:00+00:00,15631827.305200795
2017-08-10 00:00:00+00:00,15631827.305200795
2017-08-11 00:00:00+00:00,15631827.305200795
2017-08-14 00:00:00+00:00,15631827.305200795
2017-08-15 00:00:00+00:00,15631827.305200795
2017-08-16 00:00:00+00:00,15631827.305200795
2017-08-17 00:00:00+00:00,15631827.305200795
2017-08-18 00:00:00+00:00,15631827.305200795
2017-08-21 00:00:00+00:00,15631827.305200795
2017-08-22 00:00:00+00:00,15631827.305200795
2017-08-23 00:00:00+00:00,15631827.305200795
2017-08-24 00:00:00+00:00,15631827.305200795
2017-08-25 00:00:00+00:00,15631827.305200795
2017-08-28 00:00:00+00:00,15631827.305200795
2017-08-29 00:00:00+00:00,15631827.305200795
2017-08-30 00:00:00+00:00,15631827.305200795
2017-08-31 00:00:00+00:00,15631827.305200795
2017-09-01 00:00:00+00:00,15631827.305200795
2017-09-04 00:00:00+00:00,15631827.305200795
2017-09-05 00:00:00+00:00,15631827.305200795
2017-09-06 00:00:00+00:00,15631827.305200795
2017-09-07 00:00:00+00:00,15631827.305200795
2017-09-08 00:00:00+00:00,15631827.305200795
2017-09-11 00:00:00+00:00,15631827.305200795
2017-09-12 00:00:00+00:00,15631827.305200795
2017-09-13 00:00:00+00:00,15631827.305200795
2017-09-14 00:00:00+00:00,15631827.305200795
2017-09-15 00:00:00+00:00,15631827.305200795
2017-09-18 00:00:00+00:00,15631827.305200795
2017-09-19 00:00:00+00:00,15631827.305200795
2017-09-20 00:00:00+00:00,15631827.305200795
2017-09-21 00:00:00+00:00,15631827.305200795
2017-09-22 00:00:00+00:00,15631827.305200795
2017-09-25 00:00:00+00:00,15631827.305200795
2017-09-26 00:00:00+00:00,15631827.305200795
2017-09-27 00:00:00+00:00,15631827.305200795
2017-09-28 00:00:00+00:00,15631827.305200795
2017-09-29 00:00:00+00:00,15631827.305200795
2017-10-02 00:00:00+00:00,15631827.305200795
2017-10-03 00:00:00+00:00,15631827.305200795
2017-10-04 00:00:00+00:00,15631827.305200795
2017-10-05 00:00:00+00:00,15631827.305200795
2017-10-06 00:00:00+00:00,15631827.305200795
2017-10-09 00:00:00+00:00,15631827.305200795
2017-10-10 00:00:00+00:00,15631827.305200795
2017-10-11 00:00:00+00:00,15631827.305200795
2017-10-12 00:00:00+00:00,15631827.305200795
2017-10-13 00:00:00+00:00,15631827.305200795
2017-10-16 00:00:00+00:00,15631827.305200795
2017-10-17 00:00:00+00:00,15631827.305200795
2017-10-18 00:00:00+00:00,15631827.305200795
2017-10-19 00:00:00+00:00,15631827.305200795
2017-10-20 00:00:00+00:00,15631827.305200795
2017-10-23 00:00:00+00:00,15631827.305200795
2017-10-24 00:00:00+00:00,15631827.305200795
2017-10-25 00:00:00+00:00,15631827.305200795
2017-10-26 00:00:00+00:00,15631827.305200795
2017-10-27 00:00:00+00:00,15631827.305200795
2017-10-30 00:00:00+00:00,15631827.305200795
2017-10-31 00:00:00+00:00,15631827.305200795
2017-11-01 00:00:00+00:00,15631827.305200795
2017-11-02 00:00:00+00:00,15631827.305200795
2017-11-03 00:00:00+00:00,15631827.305200795
2017-11-06 00:00:00+00:00,15631827.305200795
2017-11-07 00:00:00+00:00,15631827.305200795
2017-11-08 00:00:00+00:00,15631827.305200795
2017-11-09 00:00:00+00:00,15631827.305200795
2017-11-10 00:00:00+00:00,15631827.305200795
2017-11-13 00:00:00+00:00,15631827.305200795
2017-11-14 00:00:00+00:00,15631827.305200795
2017-11-15 00:00:00+00:00,15631827.305200795
2017-11-16 00:00:00+00:00,15631827.305200795
2017-11-17 00:00:00+00:00,15631827.305200795
2017-11-20 00:00:00+00:00,15631827.305200795
2017-11-21 00:00:00+00:00,15631827.305200795
2017-11-22 00:00:00+00:00,15631827.305200795
2017-11-23 00:00:00+00:00,15631827.305200795
2017-11-24 00:00:00+00:00,15631827.305200795
2017-11-27 00:00:00+00:00,15631827.305200795
2017-11-28 00:00:00+00:00,15631827.305200795
2017-11-29 00:00:00+00:00,15631827.305200795
2017-11-30 00:00:00+00:00,15631827.305200795
2017-12-01 00:00:00+00:00,15631827.305200795
2017-12-04 00:00:00+00:00,15631827.305200795
2017-12-05 00:00:00+00:00,15631827.305200795
2017-12-06 00:00:00+00:00,15631827.305200795
2017-12-07 00:00:00+00:00,15631827.305200795
2017-12-08 00:00:00+00:00,15631827.305200795
2017-12-11 00:00:00+00:00,15631827.305200795
2017-12-12 00:00:00+00:00,15631827.305200795
2017-12-13 00:00:00+00:00,15631827.305200795
2017-12-14 00:00:00+00:00,15631827.305200795
2017-12-15 00:00:00+00:00,15631827.305200795
2017-12-18 00:00:00+00:00,15631827.305200795
2017-12-19 00:00:00+00:00,15631827.305200795
2017-12-20 00:00:00+00:00,15631827.305200795
2017-12-21 00:00:00+00:00,15631827.305200795
2017-12-22 00:00:00+00:00,15631827.305200795
2017-12-26 00:00:00+00:00,15631827.305200795
2017-12-27 00:00:00+00:00,15631827.305200795
2017-12-28 00:00:00+00:00,15631827.305200795
2017-12-29 00:00:00+00:00,15631827.305200795
2018-01-01 00:00:00+00:00,15631827.305200795
2018-01-02 00:00:00+00:00,15631827.305200795
2018-01-03 00:00:00+00:00,15631827.305200795
2018-01-04 00:00:00+00:00,15631827.305200795
2018-01-05 00:00:00+00:00,15631827.305200795
2018-01-08 00:00:00+00:00,15631827.305200795
2018-01-09 00:00:00+00:00,15631827.305200795
2018-01-10 00:00:00+00:00,15631827.305200795
2018-01-11 00:00:00+00:00,15631827.305200795
2018-01-12 00:00:00+00:00,15631827.305200795
2018-01-15 00:00:00+00:00,15631827.305200795
2018-01-16 00:00:00+00:00,15631827.305200795
2018-01-17 00:00:00+00:00,15631827.305200795
2018-01-18 00:00:00+00:00,15631827.305200795
2018-01-19 00:00:00+00:00,15631827.305200795
2018-01-22 00:00:00+00:00,15631827.305200795
2018-01-23 00:00:00+00:00,15631827.305200795
2018-01-24 00:00:00+00:00,15631827.305200795
2018-01-25 00:00:00+00:00,15631827.305200795
2018-01-26 00:00:00+00:00,15631827.305200795
2018-01-29 00:00:00+00:00,15631827.305200795
2018-01-30 00:00:00+00:00,15631827.305200795
2018-01-31 00:00:00+00:00,15631827.305200795
2018-02-01 00:00:00+00:00,15631827.305200795
2018-02-02 00:00:00+00:00,15631827.305200795
2018-02-05 00:00:00+00:00,15631827.305200795
2018-02-06 00:00:00+00:00,15631827.305200795
2018-02-07 00:00:00+00:00,15631827.305200795
2018-02-08 00:00:00+00:00,15631827.305200795
2018-02-09 00:00:00+00:00,15631827.305200795
2018-02-12 00:00:00+00:00,15631827.305200795
2018-02-13 00:00:00+00:00,15631827.305200795
2018-02-14 00:00:00+00:00,15631827.305200795
2018-02-15 00:00:00+00:00,15631827.305200795
2018-02-16 00:00:00+00:00,15631827.305200795
2018-02-19 00:00:00+00:00,15631827.305200795
2018-02-20 00:00:00+00:00,15631827.305200795
2018-02-21 00:00:00+00:00,15631827.305200795
2018-02-22 00:00:00+00:00,15631827.305200795
2018-02-23 00:00:00+00:00,15631827.305200795
2018-02-26 00:00:00+00:00,15631827.305200795
2018-02-27 00:00:00+00:00,15631827.305200795
2018-02-28 00:00:00+00:00,15631827.305200795
2018-03-01 00:00:00+00:00,15631827.305200795
2018-03-02 00:00:00+00:00,15631827.305200795
2018-03-05 00:00:00+00:00,15631827.305200795
2018-03-06 00:00:00+00:00,15631827.305200795
2018-03-07 00:00:00+00:00,15631827.305200795
2018-03-08 00:00:00+00:00,15631827.305200795
2018-03-09 00:00:00+00:00,15631827.305200795
2018-03-12 00:00:00+00:00,15631827.305200795
2018-03-13 00:00:00+00:00,15631827.305200795
2018-03-14 00:00:00+00:00,15631827.305200795
2018-03-15 00:00:00+00:00,15631827.305200795
2018-03-16 00:00:00+00:00,15631827.305200795
2018-03-19 00:00:00+00:00,15631827.305200795
2018-03-20 00:00:00+00:00,15631827.305200795
2018-03-21 00:00:00+00:00,15631827.305200795
2018-03-22 00:00:00+00:00,15631827.305200795
2018-03-23 00:00:00+00:00,15631827.305200795
2018-03-26 00:00:00+00:00,15631827.305200795
2018-03-27 00:00:00+00:00,15631827.305200795
2018-03-28 00:00:00+00:00,15631827.305200795
2018-03-29 00:00:00+00:00,15631827.305200795
2018-04-02 00:00:00+00:00,15631827.305200795
2018-04-03 00:00:00+00:00,15631827.305200795
2018-04-04 00:00:00+00:00,15631827.305200795
2018-04-05 00:00:00+00:00,15631827.305200795
2018-04-06 00:00:00+00:00,15631827.305200795
2018-04-09 00:00:00+00:00,15631827.305200795
2018-04-10 00:00:00+00:00,15631827.305200795
2018-04-11 00:00:00+00:00,15631827.305200795
2018-04-12 00:00:00+00:00,15631827.305200795
2018-04-13 00:00:00+00:00,15631827.305200795
2018-04-16 00:00:00+00:00,15631827.305200795
2018-04-17 00:00:00+00:00,15631827.305200795
2018-04-18 00:00:00+00:00,15631827.305200795
2018-04-19 00:00:00+00:00,15631827.305200795
2018-04-20 00:00:00+00:00,15631827.305200795
2018-04-23 00:00:00+00:00,15631827.305200795
2018-04-24 00:00:00+00:00,15631827.305200795
2018-04-25 00:00:00+00:00,15631827.305200795
2018-04-26 00:00:00+00:00,15631827.305200795
2018-04-27 00:00:00+00:00,15631827.305200795
2018-04-30 00:00:00+00:00,15631827.305200795
2018-05-01 00:00:00+00:00,15631827.305200795
2018-05-02 00:00:00+00:00,15631827.305200795
2018-05-03 00:00:00+00:00,15631827.305200795
2018-05-04 00:00:00+00:00,15631827.305200795
2018-05-07 00:00:00+00:00,15631827.305200795
2018-05-08 00:00:00+00:00,15631827.305200795
2018-05-09 00:00:00+00:00,15631827.305200795
2018-05-10 00:00:00+00:00,15631827.305200795
2018-05-11 00:00:00+00:00,15631827.305200795
2018-05-14 00:00:00+00:00,15631827.305200795
2018-05-15 00:00:00+00:00,15631827.305200795
2018-05-16 00:00:00+00:00,15631827.305200795
2018-05-17 00:00:00+00:00,15631827.305200795
2018-05-18 00:00:00+00:00,15631827.305200795
2018-05-21 00:00:00+00:00,15631827.305200795
2018-05-22 00:00:00+00:00,15631827.305200795
2018-05-23 00:00:00+00:00,15631827.305200795
2018-05-24 00:00:00+00:00,15631827.305200795
2018-05-25 00:00:00+00:00,15631827.305200795
2018-05-28 00:00:00+00:00,15631827.305200795
2018-05-29 00:00:00+00:00,15631827.305200795
2018-05-30 00:00:00+00:00,15631827.305200795
2018-05-31 00:00:00+00:00,15631827.305200795
2018-06-01 00:00:00+00:00,15631827.305200795
2018-06-04 00:00:00+00:00,15631827.305200795
2018-06-05 00:00:00+00:00,15631827.305200795
2018-06-06 00:00:00+00:00,15631827.305200795
2018-06-07 00:00:00+00:00,15631827.305200795
2018-06-08 00:00:00+00:00,15631827.305200795
2018-06-11 00:00:00+00:00,15631827.305200795
2018-06-12 00:00:00+00:00,15631827.305200795
2018-06-13 00:00:00+00:00,15631827.305200795
2018-06-14 00:00:00+00:00,15631827.305200795
2018-06-15 00:00:00+00:00,15631827.305200795
2018-06-18 00:00:00+00:00,15631827.305200795
2018-06-19 00:00:00+00:00,15631827.305200795
2018-06-20 00:00:00+00:00,15631827.305200795
2018-06-21 00:00:00+00:00,15631827.305200795
2018-06-22 00:00:00+00:00,15631827.305200795
2018-06-25 00:00:00+00:00,15631827.305200795
2018-06-26 00:00:00+00:00,15631827.305200795
2018-06-27 00:00:00+00:00,15631827.305200795
2018-06-28 00:00:00+00:00,15631827.305200795
2018-06-29 00:00:00+00:00,15631827.305200795
2018-07-02 00:00:00+00:00,15631827.305200795
2018-07-03 00:00:00+00:00,15631827.305200795
2018-07-04 00:00:00+00:00,15631827.305200795
2018-07-05 00:00:00+00:00,15631827.305200795
2018-07-06 00:00:00+00:00,15631827.305200795
2018-07-09 00:00:00+00:00,15631827.305200795
2018-07-10 00:00:00+00:00,15631827.305200795
2018-07-11 00:00:00+00:00,15631827.305200795
2018-07-12 00:00:00+00:00,15631827.305200795
2018-07-13 00:00:00+00:00,15631827.305200795
2018-07-16 00:00:00+00:00,15631827.305200795
2018-07-17 00:00:00+00:00,15631827.305200795
2018-07-18 00:00:00+00:00,15631827.305200795
2018-07-19 00:00:00+00:00,15631827.305200795
2018-07-20 00:00:00+00:00,15631827.305200795
2018-07-23 00:00:00+00:00,15631827.305200795
2018-07-24 00:00:00+00:00,15631827.305200795
2018-07-25 00:00:00+00:00,15631827.305200795
2018-07-26 00:00:00+00:00,15631827.305200795
2018-07-27 00:00:00+00:00,15631827.305200795
2018-07-30 00:00:00+00:00,15631827.305200795
2018-07-31 00:00:00+00:00,15631827.305200795
2018-08-01 00:00:00+00:00,15631827.305200795
2018-08-02 00:00:00+00:00,15631827.305200795
2018-08-03 00:00:00+00:00,15631827.305200795
2018-08-06 00:00:00+00:00,15631827.305200795
2018-08-07 00:00:00+00:00,15631827.305200795
2018-08-08 00:00:00+00:00,15631827.305200795
2018-08-09 00:00:00+00:00,15631827.305200795
2018-08-10 00:00:00+00:00,15631827.305200795
2018-08-13 00:00:00+00:00,15631827.305200795
2018-08-14 00:00:00+00:00,15631827.305200795
2018-08-15 00:00:00+00:00,15631827.305200795
2018-08-16 00:00:00+00:00,15631827.305200795
2018-08-17 00:00:00+00:00,15631827.305200795
2018-08-20 00:00:00+00:00,15631827.305200795
2018-08-21 00:00:00+00:00,15631827.305200795
2018-08-22 00:00:00+00:00,15631827.305200795
2018-08-23 00:00:00+00:00,15631827.305200795
2018-08-24 00:00:00+00:00,15631827.305200795
2018-08-27 00:00:00+00:00,15631827.305200795
2018-08-28 00:00:00+00:00,15631827.305200795
2018-08-29 00:00:00+00:00,15631827.305200795
2018-08-30 00:00:00+00:00,15631827.305200795
2018-08-31 00:00:00+00:00,15631827.305200795
2018-09-03 00:00:00+00:00,15631827.305200795
2018-09-04 00:00:00+00:00,15631827.305200795
2018-09-05 00:00:00+00:00,15631827.305200795
2018-09-06 00:00:00+00:00,15631827.305200795
2018-09-07 00:00:00+00:00,15631827.305200795
2018-09-10 00:00:00+00:00,15631827.305200795
2018-09-11 00:00:00+00:00,15631827.305200795
2018-09-12 00:00:00+00:00,15631827.305200795
2018-09-13 00:00:00+00:00,15631827.305200795
2018-09-14 00:00:00+00:00,15631827.305200795
2018-09-17 00:00:00+00:00,15631827.305200795
2018-09-18 00:00:00+00:00,15631827.305200795
2018-09-19 00:00:00+00:00,15631827.305200795
2018-09-20 00:00:00+00:00,15631827.305200795
2018-09-21 00:00:00+00:00,15631827.305200795
2018-09-24 00:00:00+00:00,15631827.305200795
2018-09-25 00:00:00+00:00,15631827.305200795
2018-09-26 00:00:00+00:00,15631827.305200795
2018-09-27 00:00:00+00:00,15631827.305200795
2018-09-28 00:00:00+00:00,15631827.305200795
2018-10-01 00:00:00+00:00,15631827.305200795
2018-10-02 00:00:00+00:00,15631827.305200795
2018-10-03 00:00:00+00:00,15631827.305200795
2018-10-04 00:00:00+00:00,15631827.305200795
2018-10-05 00:00:00+00:00,15631827.305200795
2018-10-08 00:00:00+00:00,15631827.305200795
2018-10-09 00:00:00+00:00,15631827.305200795
2018-10-10 00:00:00+00:00,15631827.305200795
2018-10-11 00:00:00+00:00,15631827.305200795
2018-10-12 00:00:00+00:00,15631827.305200795
2018-10-15 00:00:00+00:00,15631827.305200795
2018-10-16 00:00:00+00:00,15631827.305200795
2018-10-17 00:00:00+00:00,15631827.305200795
2018-10-18 00:00:00+00:00,15631827.305200795
2018-10-19 00:00:00+00:00,15631827.305200795
2018-10-22 00:00:00+00:00,15631827.305200795
2018-10-23 00:00:00+00:00,15631827.305200795
2018-10-24 00:00:00+00:00,15631827.305200795
2018-10-25 00:00:00+00:00,15631827.305200795
2018-10-26 00:00:00+00:00,15631827.305200795
2018-10-29 00:00:00+00:00,15631827.305200795
2018-10-30 00:00:00+00:00,15631827.305200795
2018-10-31 00:00:00+00:00,15631827.305200795
2018-11-01 00:00:00+00:00,15631827.305200795
2018-11-02 00:00:00+00:00,15631827.305200795
2018-11-05 00:00:00+00:00,15631827.305200795
2018-11-06 00:00:00+00:00,15631827.305200795
2018-11-07 00:00:00+00:00,15631827.305200795
2018-11-08 00:00:00+00:00,15631827.305200795
2018-11-09 00:00:00+00:00,15631827.305200795
2018-11-12 00:00:00+00:00,15631827.305200795
2018-11-13 00:00:00+00:00,15631827.305200795
2018-11-14 00:00:00+00:00,15631827.305200795
2018-11-15 00:00:00+00:00,15631827.305200795
2018-11-16 00:00:00+00:00,15631827.305200795
2018-11-19 00:00:00+00:00,15631827.305200795
2018-11-20 00:00:00+00:00,15631827.305200795
2018-11-21 00:00:00+00:00,15631827.305200795
2018-11-22 00:00:00+00:00,15631827.305200795
2018-11-23 00:00:00+00:00,15631827.305200795
2018-11-26 00:00:00+00:00,15631827.305200795
2018-11-27 00:00:00+00:00,15631827.305200795
2018-11-28 00:00:00+00:00,15631827.305200795
2018-11-29 00:00:00+00:00,15631827.305200795
2018-11-30 00:00:00+00:00,15631827.305200795
2018-12-03 00:00:00+00:00,15631827.305200795
2018-12-04 00:00:00+00:00,15631827.305200795
2018-12-05 00:00:00+00:00,15631827.305200795
2018-12-06 00:00:00+00:00,15631827.305200795
2018-12-07 00:00:00+00:00,15631827.305200795
2018-12-10 00:00:00+00:00,15631827.305200795
2018-12-11 00:00:00+00:00,15631827.305200795
2018-12-12 00:00:00+00:00,15631827.305200795
2018-12-13 00:00:00+00:00,15631827.305200795
2018-12-14 00:00:00+00:00,15631827.305200795
2018-12-17 00:00:00+00:00,15631827.305200795
2018-12-18 00:00:00+00:00,15631827.305200795
2018-12-19 00:00:00+00:00,15631827.305200795
2018-12-20 00:00:00+00:00,15631827.305200795
2018-12-21 00:00:00+00:00,15631827.305200795
2018-12-24 00:00:00+00:00,15631827.305200795
2018-12-26 00:00:00+00:00,15631827.305200795
2018-12-27 00:00:00+00:00,15631827.305200795
2018-12-28 00:00:00+00:00,15631827.305200795
2018-12-31 00:00:00+00:00,15631827.305200795
2019-01-01 00:00:00+00:00,15631827.305200795
2019-01-02 00:00:00+00:00,15631827.305200795
2019-01-03 00:00:00+00:00,15631827.305200795
2019-01-04 00:00:00+00:00,15631827.305200795
2019-01-07 00:00:00+00:00,15631827.305200795
2019-01-08 00:00:00+00:00,15631827.305200795
2019-01-09 00:00:00+00:00,15631827.305200795
2019-01-10 00:00:00+00:00,15631827.305200795
2019-01-11 00:00:00+00:00,15631827.305200795
2019-01-14 00:00:00+00:00,15631827.305200795
2019-01-15 00:00:00+00:00,15631827.305200795
2019-01-16 00:00:00+00:00,15631827.305200795
2019-01-17 00:00:00+00:00,15631827.305200795
2019-01-18 00:00:00+00:00,15631827.305200795
2019-01-21 00:00:00+00:00,15631827.305200795
2019-01-22 00:00:00+00:00,15631827.305200795
2019-01-23 00:00:00+00:00,15631827.305200795
2019-01-24 00:00:00+00:00,15631827.305200795
2019-01-25 00:00:00+00:00,15631827.305200795
2019-01-28 00:00:00+00:00,15631827.305200795
2019-01-29 00:00:00+00:00,15631827.305200795
2019-01-30 00:00:00+00:00,15631827.305200795
2019-01-31 00:00:00+00:00,15631827.305200795
2019-02-01 00:00:00+00:00,15631827.305200795
2019-02-04 00:00:00+00:00,15631827.305200795
2019-02-05 00:00:00+00:00,15631827.305200795
2019-02-06 00:00:00+00:00,15631827.305200795
2019-02-07 00:00:00+00:00,15631827.305200795
2019-02-08 00:00:00+00:00,15631827.305200795
2019-02-11 00:00:00+00:00,15631827.305200795
2019-02-12 00:00:00+00:00,15631827.305200795
2019-02-13 00:00:00+00:00,15631827.305200795
2019-02-14 00:00:00+00:00,15631827.305200795
2019-02-15 00:00:00+00:00,15631827.305200795
2019-02-18 00:00:00+00:00,15631827.305200795
2019-02-19 00:00:00+00:00,15631827.305200795
2019-02-20 00:00:00+00:00,15631827.305200795
2019-02-21 00:00:00+00:00,15631827.305200795
2019-02-22 00:00:00+00:00,15631827.305200795
2019-02-25 00:00:00+00:00,15631827.305200795
2019-02-26 00:00:00+00:00,15631827.305200795
2019-02-27 00:00:00+00:00,15631827.305200795
2019-02-28 00:00:00+00:00,15631827.305200795
2019-03-01 00:00:00+00:00,15631827.305200795
2019-03-04 00:00:00+00:00,15631827.305200795
2019-03-05 00:00:00+00:00,15631827.305200795
2019-03-06 00:00:00+00:00,15631827.305200795
2019-03-07 00:00:00+00:00,15631827.305200795
2019-03-08 00:00:00+00:00,15631827.305200795
2019-03-11 00:00:00+00:00,15631827.305200795
2019-03-12 00:00:00+00:00,15631827.305200795
2019-03-13 00:00:00+00:00,15631827.305200795
2019-03-14 00:00:00+00:00,15631827.305200795
2019-03-15 00:00:00+00:00,15631827.305200795
2019-03-18 00:00:00+00:00,15631827.305200795
2019-03-19 00:00:00+00:00,15631827.305200795
2019-03-20 00:00:00+00:00,15631827.305200795
2019-03-21 00:00:00+00:00,15631827.305200795
2019-03-22 00:00:00+00:00,15631827.305200795
2019-03-25 00:00:00+00:00,15631827.305200795
2019-03-26 00:00:00+00:00,15631827.305200795
2019-03-27 00:00:00+00:00,15631827.305200795
2019-03-28 00:00:00+00:00,15631827.305200795
2019-03-29 00:00:00+00:00,15631827.305200795
2019-04-01 00:00:00+00:00,15631827.305200795
2019-04-02 00:00:00+00:00,15631827.305200795
2019-04-03 00:00:00+00:00,15631827.305200795
2019-04-04 00:00:00+00:00,15631827.305200795
2019-04-05 00:00:00+00:00,15631827.305200795
2019-04-08 00:00:00+00:00,15631827.305200795
2019-04-09 00:00:00+00:00,15631827.305200795
2019-04-10 00:00:00+00:00,15631827.305200795
2019-04-11 00:00:00+00:00,15631827.305200795
2019-04-12 00:00:00+00:00,15631827.305200795
2019-04-15 00:00:00+00:00,15631827.305200795
2019-04-16 00:00:00+00:00,15631827.305200795
2019-04-17 00:00:00+00:00,15631827.305200795
2019-04-18 00:00:00+00:00,15631827.305200795
2019-04-22 00:00:00+00:00,15631827.305200795
2019-04-23 00:00:00+00:00,15631827.305200795
2019-04-24 00:00:00+00:00,15631827.305200795
2019-04-25 00:00:00+00:00,15631827.305200795
2019-04-26 00:00:00+00:00,15631827.305200795
2019-04-29 00:00:00+00:00,15631827.305200795
2019-04-30 00:00:00+00:00,15631827.305200795
2019-05-01 00:00:00+00:00,15631827.305200795
2019-05-02 00:00:00+00:00,15631827.305200795
2019-05-03 00:00:00+00:00,15631827.305200795
2019-05-06 00:00:00+00:00,15631827.305200795
2019-05-07 00:00:00+00:00,15631827.305200795
2019-05-08 00:00:00+00:00,15631827.305200795
2019-05-09 00:00:00+00:00,15631827.305200795
2019-05-10 00:00:00+00:00,15631827.305200795
2019-05-13 00:00:00+00:00,15631827.305200795
2019-05-14 00:00:00+00:00,15631827.305200795
2019-05-15 00:00:00+00:00,15631827.305200795
2019-05-16 00:00:00+00:00,15631827.305200795
2019-05-17 00:00:00+00:00,15631827.305200795
2019-05-20 00:00:00+00:00,15631827.305200795
2019-05-21 00:00:00+00:00,15631827.305200795
2019-05-22 00:00:00+00:00,15631827.305200795
2019-05-23 00:00:00+00:00,15631827.305200795
2019-05-24 00:00:00+00:00,15631827.305200795
2019-05-27 00:00:00+00:00,15631827.305200795
2019-05-28 00:00:00+00:00,15631827.305200795
2019-05-29 00:00:00+00:00,15631827.305200795
2019-05-30 00:00:00+00:00,15631827.305200795
2019-05-31 00:00:00+00:00,15631827.305200795
2019-06-03 00:00:00+00:00,15631827.305200795
2019-06-04 00:00:00+00:00,15631827.305200795
2019-06-05 00:00:00+00:00,15631827.305200795
2019-06-06 00:00:00+00:00,15631827.305200795
2019-06-07 00:00:00+00:00,15631827.305200795
2019-06-10 00:00:00+00:00,15631827.305200795
2019-06-11 00:00:00+00:00,15631827.305200795
2019-06-12 00:00:00+00:00,15631827.305200795
2019-06-13 00:00:00+00:00,15631827.305200795
2019-06-14 00:00:00+00:00,15631827.305200795
2019-06-17 00:00:00+00:00,15631827.305200795
2019-06-18 00:00:00+00:00,15631827.305200795
2019-06-19 00:00:00+00:00,15631827.305200795
2019-06-20 00:00:00+00:00,15631827.305200795
2019-06-21 00:00:00+00:00,15631827.305200795
2019-06-24 00:00:00+00:00,15631827.305200795
2019-06-25 00:00:00+00:00,15631827.305200795
2019-06-26 00:00:00+00:00,15631827.305200795
2019-06-27 00:00:00+00:00,15631827.305200795
2019-06-28 00:00:00+00:00,15631827.305200795
2019-07-01 00:00:00+00:00,15631827.305200795
2019-07-02 00:00:00+00:00,15631827.305200795
2019-07-03 00:00:00+00:00,15631827.305200795
2019-07-04 00:00:00+00:00,15631827.305200795
2019-07-05 00:00:00+00:00,15631827.305200795
2019-07-08 00:00:00+00:00,15631827.305200795
2019-07-09 00:00:00+00:00,15631827.305200795
2019-07-10 00:00:00+00:00,15631827.305200795
2019-07-11 00:00:00+00:00,15631827.305200795
2019-07-12 00:00:00+00:00,15631827.305200795
2019-07-15 00:00:00+00:00,15631827.305200795
2019-07-16 00:00:00+00:00,15631827.305200795
2019-07-17 00:00:00+00:00,15631827.305200795
2019-07-18 00:00:00+00:00,15631827.305200795
2019-07-19 00:00:00+00:00,15631827.305200795
2019-07-22 00:00:00+00:00,15631827.305200795
2019-07-23 00:00:00+00:00,15631827.305200795
2019-07-24 00:00:00+00:00,15631827.305200795
2019-07-25 00:00:00+00:00,15631827.305200795
2019-07-26 00:00:00+00:00,15631827.305200795
2019-07-29 00:00:00+00:00,15631827.305200795
2019-07-30 00:00:00+00:00,15631827.305200795
2019-07-31 00:00:00+00:00,15631827.305200795
2019-08-01 00:00:00+00:00,15631827.305200795
2019-08-02 00:00:00+00:00,15631827.305200795
2019-08-05 00:00:00+00:00,15631827.305200795
2019-08-06 00:00:00+00:00,15631827.305200795
2019-08-07 00:00:00+00:00,15631827.305200795
2019-08-08 00:00:00+00:00,15631827.305200795
2019-08-09 00:00:00+00:00,15631827.305200795
2019-08-12 00:00:00+00:00,15631827.305200795
2019-08-13 00:00:00+00:00,15631827.305200795
2019-08-14 00:00:00+00:00,15631827.305200795
2019-08-15 00:00:00+00:00,15631827.305200795
2019-08-16 00:00:00+00:00,15631827.305200795
2019-08-19 00:00:00+00:00,15631827.305200795
2019-08-20 00:00:00+00:00,15631827.305200795
2019-08-21 00:00:00+00:00,15631827.305200795
2019-08-22 00:00:00+00:00,15631827.305200795
2019-08-23 00:00:00+00:00,15631827.305200795
2019-08-26 00:00:00+00:00,15631827.305200795
2019-08-27 00:00:00+00:00,15631827.305200795
2019-08-28 00:00:00+00:00,15631827.305200795
2019-08-29 00:00:00+00:00,15631827.305200795
2019-08-30 00:00:00+00:00,15631827.305200795
2019-09-03 00:00:00+00:00,15631827.305200795
2019-09-04 00:00:00+00:00,15631827.305200795
2019-09-05 00:00:00+00:00,15631827.305200795
2019-09-06 00:00:00+00:00,15631827.305200795
2019-09-09 00:00:00+00:00,15631827.305200795
2019-09-10 00:00:00+00:00,15631827.305200795
2019-09-11 00:00:00+00:00,15631827.305200795
2019-09-12 00:00:00+00:00,15631827.305200795
2019-09-13 00:00:00+00:00,15631827.305200795
2019-09-16 00:00:00+00:00,15631827.305200795
2019-09-17 00:00:00+00:00,15631827.305200795
2019-09-18 00:00:00+00:00,15631827.305200795
2019-09-19 00:00:00+00:00,15631827.305200795
2019-09-20 00:00:00+00:00,15631827.305200795
2019-09-23 00:00:00+00:00,15631827.305200795
2019-09-24 00:00:00+00:00,15631827.305200795
2019-09-25 00:00:00+00:00,15631827.305200795
2019-09-26 00:00:00+00:00,15631827.305200795
2019-09-27 00:00:00+00:00,15631827.305200795
2019-09-30 00:00:00+00:00,15631827.305200795
2019-10-01 00:00:00+00:00,15631827.305200795
2019-10-02 00:00:00+00:00,15631827.305200795
2019-10-03 00:00:00+00:00,15631827.305200795
2019-10-04 00:00:00+00:00,15631827.305200795
2019-10-07 00:00:00+00:00,15631827.305200795
2019-10-08 00:00:00+00:00,15631827.305200795
2019-10-09 00:00:00+00:00,15631827.305200795
2019-10-10 00:00:00+00:00,15631827.305200795
2019-10-11 00:00:00+00:00,15631827.305200795
2019-10-14 00:00:00+00:00,15631827.305200795
2019-10-15 00:00:00+00:00,15631827.305200795
2019-10-16 00:00:00+00:00,15631827.305200795
2019-10-17 00:00:00+00:00,15631827.305200795
2019-10-18 00:00:00+00:00,15631827.305200795
2019-10-21 00:00:00+00:00,15631827.305200795
2019-10-22 00:00:00+00:00,15631827.305200795
2019-10-23 00:00:00+00:00,15631827.305200795
2019-10-24 00:00:00+00:00,15631827.305200795
2019-10-25 00:00:00+00:00,15631827.305200795
2019-10-27 00:00:00+00:00,15631827.305200795
2019-10-28 00:00:00+00:00,15631827.305200795
2019-10-29 00:00:00+00:00,15631827.305200795
2019-10-30 00:00:00+00:00,15631827.305200795
2019-10-31 00:00:00+00:00,15631827.305200795
2019-11-01 00:00:00+00:00,15631827.305200795
2019-11-04 00:00:00+00:00,15631827.305200795
2019-11-05 00:00:00+00:00,15631827.305200795
2019-11-06 00:00:00+00:00,15631827.305200795
2019-11-07 00:00:00+00:00,15631827.305200795
2019-11-08 00:00:00+00:00,15631827.305200795
2019-11-11 00:00:00+00:00,15631827.305200795
2019-11-12 00:00:00+00:00,15631827.305200795
2019-11-13 00:00:00+00:00,15631827.305200795
2019-11-14 00:00:00+00:00,15631827.305200795
2019-11-15 00:00:00+00:00,15631827.305200795
2019-11-18 00:00:00+00:00,15631827.305200795
2019-11-19 00:00:00+00:00,15631827.305200795
2019-11-20 00:00:00+00:00,15631827.305200795
2019-11-21 00:00:00+00:00,15631827.305200795
2019-11-22 00:00:00+00:00,15631827.305200795
2019-11-25 00:00:00+00:00,15631827.305200795
2019-11-26 00:00:00+00:00,15631827.305200795
2019-11-27 00:00:00+00:00,15631827.305200795
2019-11-28 00:00:00+00:00,15631827.305200795
2019-11-29 00:00:00+00:00,15631827.305200795
2019-12-02 00:00:00+00:00,15631827.305200795
2019-12-03 00:00:00+00:00,15631827.305200795
2019-12-04 00:00:00+00:00,15631827.305200795
2019-12-05 00:00:00+00:00,15631827.305200795
2019-12-06 00:00:00+00:00,15631827.305200795
2019-12-09 00:00:00+00:00,15631827.305200795
2019-12-10 00:00:00+00:00,15631827.305200795
2019-12-11 00:00:00+00:00,15631827.305200795
2019-12-12 00:00:00+00:00,15631827.305200795
2019-12-13 00:00:00+00:00,15631827.305200795
2019-12-16 00:00:00+00:00,15631827.305200795
2019-12-17 00:00:00+00:00,15631827.305200795
2019-12-18 00:00:00+00:00,15631827.305200795
2019-12-19 00:00:00+00:00,15631827.305200795
2019-12-20 00:00:00+00:00,15631827.305200795
2019-12-23 00:00:00+00:00,15631827.305200795
2019-12-24 00:00:00+00:00,15631827.305200795
2019-12-26 00:00:00+00:00,15631827.305200795
2019-12-27 00:00:00+00:00,15631827.305200795
2019-12-30 00:00:00+00:00,15631827.305200795
2019-12-31 00:00:00+00:00,15631827.305200795
2020-01-01 00:00:00+00:00,15631827.305200795
2020-01-02 00:00:00+00:00,15631827.305200795
2020-01-03 00:00:00+00:00,15631827.305200795
2020-01-06 00:00:00+00:00,15631827.305200795
2020-01-07 00:00:00+00:00,15631827.305200795
2020-01-08 00:00:00+00:00,15631827.305200795
2020-01-09 00:00:00+00:00,15631827.305200795
2020-01-10 00:00:00+00:00,15631827.305200795
2020-01-13 00:00:00+00:00,15631827.305200795
2020-01-14 00:00:00+00:00,15631827.305200795
2020-01-15 00:00:00+00:00,15631827.305200795
2020-01-16 00:00:00+00:00,15631827.305200795
2020-01-17 00:00:00+00:00,15631827.305200795
2020-01-20 00:00:00+00:00,15631827.305200795
2020-01-21 00:00:00+00:00,15631827.305200795
2020-01-22 00:00:00+00:00,15631827.305200795
2020-01-23 00:00:00+00:00,15631827.305200795
2020-01-24 00:00:00+00:00,15631827.305200795
2020-01-27 00:00:00+00:00,15631827.305200795
2020-01-28 00:00:00+00:00,15631827.305200795
2020-01-29 00:00:00+00:00,15631827.305200795
2020-01-30 00:00:00+00:00,15631827.305200795
2020-01-31 00:00:00+00:00,15631827.305200795
2020-02-03 00:00:00+00:00,15631827.305200795
2020-02-04 00:00:00+00:00,15631827.305200795
2020-02-05 00:00:00+00:00,15631827.305200795
2020-02-06 00:00:00+00:00,15631827.305200795
2020-02-07 00:00:00+00:00,15631827.305200795
2020-02-10 00:00:00+00:00,15631827.305200795
2020-02-11 00:00:00+00:00,15631827.305200795
2020-02-12 00:00:00+00:00,15631827.305200795
2020-02-13 00:00:00+00:00,15631827.305200795
2020-02-14 00:00:00+00:00,15631827.305200795
2020-02-17 00:00:00+00:00,15631827.305200795
2020-02-18 00:00:00+00:00,15631827.305200795
2020-02-19 00:00:00+00:00,15631827.305200795
2020-02-20 00:00:00+00:00,15631827.305200795
2020-02-21 00:00:00+00:00,15631827.305200795
2020-02-24 00:00:00+00:00,15631827.305200795
2020-02-25 00:00:00+00:00,15631827.305200795
2020-02-26 00:00:00+00:00,15631827.305200795
2020-02-27 00:00:00+00:00,15631827.305200795
2020-02-28 00:00:00+00:00,15631827.305200795
2020-03-02 00:00:00+00:00,15631827.305200795
2020-03-03 00:00:00+00:00,15631827.305200795
2020-03-04 00:00:00+00:00,15631827.305200795
2020-03-05 00:00:00+00:00,15631827.305200795
2020-03-06 00:00:00+00:00,15631827.305200795
2020-03-09 00:00:00+00:00,15631827.305200795
2020-03-10 00:00:00+00:00,15631827.305200795
2020-03-11 00:00:00+00:00,15631827.305200795
2020-03-12 00:00:00+00:00,15631827.305200795
2020-03-13 00:00:00+00:00,15631827.305200795
2020-03-16 00:00:00+00:00,15631827.305200795
2020-03-17 00:00:00+00:00,15631827.305200795
2020-03-18 00:00:00+00:00,15631827.305200795
2020-03-19 00:00:00+00:00,15631827.305200795
2020-03-20 00:00:00+00:00,15631827.305200795
2020-03-23 00:00:00+00:00,15631827.305200795
2020-03-24 00:00:00+00:00,15631827.305200795
2020-03-25 00:00:00+00:00,15631827.305200795
2020-03-26 00:00:00+00:00,15631827.305200795
2020-03-27 00:00:00+00:00,15631827.305200795
2020-03-30 00:00:00+00:00,15631827.305200795
2020-03-31 00:00:00+00:00,15631827.305200795
2020-04-01 00:00:00+00:00,15631827.305200795
2020-04-02 00:00:00+00:00,15631827.305200795
2020-04-03 00:00:00+00:00,15631827.305200795
2020-04-06 00:00:00+00:00,15631827.305200795
2020-04-07 00:00:00+00:00,15631827.305200795
2020-04-08 00:00:00+00:00,15631827.305200795
2020-04-09 00:00:00+00:00,15631827.305200795
2020-04-13 00:00:00+00:00,15631827.305200795
2020-04-14 00:00:00+00:00,15631827.305200795
2020-04-15 00:00:00+00:00,15631827.305200795
2020-04-16 00:00:00+00:00,15631827.305200795
2020-04-17 00:00:00+00:00,15631827.305200795
2020-04-20 00:00:00+00:00,15631827.305200795
2020-04-21 00:00:00+00:00,15631827.305200795
2020-04-22 00:00:00+00:00,15631827.305200795
2020-04-23 00:00:00+00:00,15631827.305200795
2020-04-24 00:00:00+00:00,15631827.305200795
2020-04-27 00:00:00+00:00,15631827.305200795
2020-04-28 00:00:00+00:00,15631827.305200795
2020-04-29 00:00:00+00:00,15631827.305200795
2020-04-30 00:00:00+00:00,15631827.305200795
2020-05-01 00:00:00+00:00,15631827.305200795
2020-05-04 00:00:00+00:00,15631827.305200795
2020-05-05 00:00:00+00:00,15631827.305200795
2020-05-06 00:00:00+00:00,15631827.305200795
2020-05-07 00:00:00+00:00,15631827.305200795
2020-05-08 00:00:00+00:00,15631827.305200795
2020-05-11 00:00:00+00:00,15631827.305200795
2020-05-12 00:00:00+00:00,15631827.305200795
2020-05-13 00:00:00+00:00,15631827.305200795
2020-05-14 00:00:00+00:00,15631827.305200795
2020-05-15 00:00:00+00:00,15631827.305200795
2020-05-18 00:00:00+00:00,15631827.305200795
2020-05-19 00:00:00+00:00,15631827.305200795
2020-05-20 00:00:00+00:00,15631827.305200795
2020-05-21 00:00:00+00:00,15631827.305200795
2020-05-22 00:00:00+00:00,15631827.305200795
2020-05-26 00:00:00+00:00,15631827.305200795
2020-05-27 00:00:00+00:00,15631827.305200795
2020-05-28 00:00:00+00:00,15631827.305200795
2020-05-29 00:00:00+00:00,15631827.305200795
2020-06-01 00:00:00+00:00,15631827.305200795
2020-06-02 00:00:00+00:00,15631827.305200795
2020-06-03 00:00:00+00:00,15631827.305200795
2020-06-04 00:00:00+00:00,15631827.305200795
2020-06-05 00:00:00+00:00,15631827.305200795
2020-06-08 00:00:00+00:00,15631827.305200795
2020-06-09 00:00:00+00:00,15631827.305200795
2020-06-10 00:00:00+00:00,15631827.305200795
2020-06-11 00:00:00+00:00,15631827.305200795
2020-06-12 00:00:00+00:00,15631827.305200795
2020-06-15 00:00:00+00:00,15631827.305200795
2020-06-16 00:00:00+00:00,15631827.305200795
2020-06-17 00:00:00+00:00,15631827.305200795
2020-06-18 00:00:00+00:00,15631827.305200795
2020-06-19 00:00:00+00:00,15631827.305200795
2020-06-22 00:00:00+00:00,15631827.305200795
2020-06-23 00:00:00+00:00,15631827.305200795
2020-06-24 00:00:00+00:00,15631827.305200795
2020-06-25 00:00:00+00:00,15631827.305200795
2020-06-26 00:00:00+00:00,15631827.305200795
2020-06-29 00:00:00+00:00,15631827.305200795
2020-06-30 00:00:00+00:00,15631827.305200795
2020-07-01 00:00:00+00:00,15631827.305200795
2020-07-02 00:00:00+00:00,15631827.305200795
2020-07-03 00:00:00+00:00,15631827.305200795
2020-07-06 00:00:00+00:00,15631827.305200795
2020-07-07 00:00:00+00:00,15631827.305200795
2020-07-08 00:00:00+00:00,15631827.305200795
2020-07-09 00:00:00+00:00,15631827.305200795
2020-07-10 00:00:00+00:00,15631827.305200795
2020-07-13 00:00:00+00:00,15631827.305200795
2020-07-14 00:00:00+00:00,15631827.305200795
2020-07-15 00:00:00+00:00,15631827.305200795
2020-07-16 00:00:00+00:00,15631827.305200795
2020-07-17 00:00:00+00:00,15631827.305200795
2020-07-20 00:00:00+00:00,15631827.305200795
2020-07-21 00:00:00+00:00,15631827.305200795
2020-07-22 00:00:00+00:00,15631827.305200795
2020-07-23 00:00:00+00:00,15631827.305200795
2020-07-24 00:00:00+00:00,15631827.305200795
2020-07-27 00:00:00+00:00,15631827.305200795
2020-07-28 00:00:00+00:00,15631827.305200795
2020-07-29 00:00:00+00:00,15631827.305200795
2020-07-30 00:00:00+00:00,15631827.305200795
2020-07-31 00:00:00+00:00,15631827.305200795
2020-08-03 00:00:00+00:00,15631827.305200795
2020-08-04 00:00:00+00:00,15631827.305200795
2020-08-05 00:00:00+00:00,15631827.305200795
2020-08-06 00:00:00+00:00,15631827.305200795
2020-08-07 00:00:00+00:00,15631827.305200795
2020-08-10 00:00:00+00:00,15631827.305200795
2020-08-11 00:00:00+00:00,15631827.305200795
2020-08-12 00:00:00+00:00,15631827.305200795
2020-08-13 00:00:00+00:00,15631827.305200795
2020-08-14 00:00:00+00:00,15631827.305200795
2020-08-17 00:00:00+00:00,15631827.305200795
2020-08-18 00:00:00+00:00,15631827.305200795
2020-08-19 00:00:00+00:00,15631827.305200795
2020-08-20 00:00:00+00:00,15631827.305200795
2020-08-21 00:00:00+00:00,15631827.305200795
2020-08-24 00:00:00+00:00,15631827.305200795
2020-08-25 00:00:00+00:00,15631827.305200795
2020-08-26 00:00:00+00:00,15631827.305200795
2020-08-27 00:00:00+00:00,15631827.305200795
2020-08-28 00:00:00+00:00,15631827.305200795
2020-08-31 00:00:00+00:00,15631827.305200795
2020-09-01 00:00:00+00:00,15631827.305200795
2020-09-02 00:00:00+00:00,15631827.305200795
2020-09-03 00:00:00+00:00,15631827.305200795
2020-09-04 00:00:00+00:00,15631827.305200795
2020-09-07 00:00:00+00:00,15631827.305200795
2020-09-08 00:00:00+00:00,15631827.305200795
2020-09-09 00:00:00+00:00,15631827.305200795
2020-09-10 00:00:00+00:00,15631827.305200795
2020-09-11 00:00:00+00:00,15631827.305200795
2020-09-14 00:00:00+00:00,15631827.305200795
2020-09-15 00:00:00+00:00,15631827.305200795
2020-09-16 00:00:00+00:00,15631827.305200795
2020-09-17 00:00:00+00:00,15631827.305200795
2020-09-18 00:00:00+00:00,15631827.305200795
2020-09-21 00:00:00+00:00,15631827.305200795
2020-09-22 00:00:00+00:00,15631827.305200795
2020-09-23 00:00:00+00:00,15631827.305200795
2020-09-24 00:00:00+00:00,15631827.305200795
2020-09-25 00:00:00+00:00,15631827.305200795
2020-09-28 00:00:00+00:00,15631827.305200795
2020-09-29 00:00:00+00:00,15631827.305200795
2020-09-30 00:00:00+00:00,15631827.305200795
2020-10-01 00:00:00+00:00,15631827.305200795
2020-10-02 00:00:00+00:00,15631827.305200795
2020-10-05 00:00:00+00:00,15631827.305200795
2020-10-06 00:00:00+00:00,15631827.305200795
2020-10-07 00:00:00+00:00,15631827.305200795
2020-10-08 00:00:00+00:00,15631827.305200795
2020-10-09 00:00:00+00:00,15631827.305200795
2020-10-12 00:00:00+00:00,15631827.305200795
2020-10-13 00:00:00+00:00,15631827.305200795
2020-10-14 00:00:00+00:00,15631827.305200795
2020-10-15 00:00:00+00:00,15631827.305200795
2020-10-16 00:00:00+00:00,15631827.305200795
2020-10-19 00:00:00+00:00,15631827.305200795
2020-10-20 00:00:00+00:00,15631827.305200795
2020-10-21 00:00:00+00:00,15631827.305200795
2020-10-22 00:00:00+00:00,15631827.305200795
2020-10-23 00:00:00+00:00,15631827.305200795
2020-10-26 00:00:00+00:00,15631827.305200795
2020-10-27 00:00:00+00:00,15631827.305200795
2020-10-28 00:00:00+00:00,15631827.305200795
2020-10-29 00:00:00+00:00,15631827.305200795
2020-10-30 00:00:00+00:00,15631827.305200795
2020-11-02 00:00:00+00:00,15631827.305200795
2020-11-03 00:00:00+00:00,15631827.305200795
2020-11-04 00:00:00+00:00,15631827.305200795
2020-11-05 00:00:00+00:00,15631827.305200795
2020-11-06 00:00:00+00:00,15631827.305200795
2020-11-09 00:00:00+00:00,15631827.305200795
2020-11-10 00:00:00+00:00,15631827.305200795
2020-11-11 00:00:00+00:00,15631827.305200795
2020-11-12 00:00:00+00:00,15631827.305200795
2020-11-13 00:00:00+00:00,15631827.305200795
2020-11-14 00:00:00+00:00,15631827.305200795
2020-11-16 00:00:00+00:00,15631827.305200795
2020-11-17 00:00:00+00:00,15631827.305200795
2020-11-18 00:00:00+00:00,15631827.305200795
2020-11-19 00:00:00+00:00,15631827.305200795
2020-11-20 00:00:00+00:00,15631827.305200795
2020-11-23 00:00:00+00:00,15631827.305200795
2020-11-24 00:00:00+00:00,15631827.305200795
2020-11-25 00:00:00+00:00,15631827.305200795
2020-11-26 00:00:00+00:00,15631827.305200795
2020-11-27 00:00:00+00:00,15631827.305200795
2020-11-30 00:00:00+00:00,15631827.305200795
2020-12-01 00:00:00+00:00,15631827.305200795
2020-12-02 00:00:00+00:00,15631827.305200795
2020-12-03 00:00:00+00:00,15631827.305200795
2020-12-04 00:00:00+00:00,15631827.305200795
2020-12-07 00:00:00+00:00,15631827.305200795
2020-12-08 00:00:00+00:00,15631827.305200795
2020-12-09 00:00:00+00:00,15631827.305200795
2020-12-10 00:00:00+00:00,15631827.305200795
2020-12-11 00:00:00+00:00,15631827.305200795
2020-12-14 00:00:00+00:00,15631827.305200795
2020-12-15 00:00:00+00:00,15631827.305200795
2020-12-16 00:00:00+00:00,15631827.305200795
2020-12-17 00:00:00+00:00,15631827.305200795
2020-12-18 00:00:00+00:00,15631827.305200795
2020-12-21 00:00:00+00:00,15631827.305200795
2020-12-22 00:00:00+00:00,15631827.305200795
2020-12-23 00:00:00+00:00,15631827.305200795
2020-12-24 00:00:00+00:00,15631827.305200795
2020-12-28 00:00:00+00:00,15631827.305200795
2020-12-29 00:00:00+00:00,15631827.305200795
2020-12-30 00:00:00+00:00,15631827.305200795
2020-12-31 00:00:00+00:00,15631827.305200795
2021-01-01 00:00:00+00:00,15631827.305200795
2021-01-04 00:00:00+00:00,15631827.305200795
2021-01-05 00:00:00+00:00,15631827.305200795
2021-01-06 00:00:00+00:00,15631827.305200795
2021-01-07 00:00:00+00:00,15631827.305200795
2021-01-08 00:00:00+00:00,15631827.305200795
2021-01-11 00:00:00+00:00,15631827.305200795
2021-01-12 00:00:00+00:00,15631827.305200795
2021-01-13 00:00:00+00:00,15631827.305200795
2021-01-14 00:00:00+00:00,15631827.305200795
2021-01-15 00:00:00+00:00,15631827.305200795
2021-01-18 00:00:00+00:00,15631827.305200795
2021-01-19 00:00:00+00:00,15631827.305200795
2021-01-20 00:00:00+00:00,15631827.305200795
2021-01-21 00:00:00+00:00,15631827.305200795
2021-01-22 00:00:00+00:00,15631827.305200795
2021-01-25 00:00:00+00:00,15631827.305200795
2021-01-26 00:00:00+00:00,15631827.305200795
2021-01-27 00:00:00+00:00,15631827.305200795
2021-01-28 00:00:00+00:00,15631827.305200795
2021-01-29 00:00:00+00:00,15631827.305200795
2021-02-01 00:00:00+00:00,15631827.305200795
2021-02-02 00:00:00+00:00,15631827.305200795
2021-02-03 00:00:00+00:00,15631827.305200795
2021-02-04 00:00:00+00:00,15631827.305200795
2021-02-05 00:00:00+00:00,15631827.305200795
2021-02-08 00:00:00+00:00,15631827.305200795
2021-02-09 00:00:00+00:00,15631827.305200795
2021-02-10 00:00:00+00:00,15631827.305200795
2021-02-11 00:00:00+00:00,15631827.305200795
2021-02-12 00:00:00+00:00,15631827.305200795
2021-02-15 00:00:00+00:00,15631827.305200795
2021-02-16 00:00:00+00:00,15631827.305200795
2021-02-17 00:00:00+00:00,15631827.305200795
2021-02-18 00:00:00+00:00,15631827.305200795
2021-02-19 00:00:00+00:00,15631827.305200795
2021-02-22 00:00:00+00:00,15631827.305200795
2021-02-23 00:00:00+00:00,15631827.305200795
2021-02-24 00:00:00+00:00,15631827.305200795
2021-02-25 00:00:00+00:00,15631827.305200795
2021-02-26 00:00:00+00:00,15631827.305200795
2021-03-01 00:00:00+00:00,15631827.305200795
2021-03-02 00:00:00+00:00,15631827.305200795
2021-03-03 00:00:00+00:00,15631827.305200795
2021-03-04 00:00:00+00:00,15631827.305200795
2021-03-05 00:00:00+00:00,15631827.305200795
2021-03-08 00:00:00+00:00,15631827.305200795
2021-03-09 00:00:00+00:00,15631827.305200795
2021-03-10 00:00:00+00:00,15631827.305200795
2021-03-11 00:00:00+00:00,15631827.305200795
2021-03-12 00:00:00+00:00,15631827.305200795
2021-03-15 00:00:00+00:00,15631827.305200795
2021-03-16 00:00:00+00:00,15631827.305200795
2021-03-17 00:00:00+00:00,15631827.305200795
2021-03-18 00:00:00+00:00,15631827.305200795
2021-03-19 00:00:00+00:00,15631827.305200795
2021-03-22 00:00:00+00:00,15631827.305200795
2021-03-23 00:00:00+00:00,15631827.305200795
2021-03-24 00:00:00+00:00,15631827.305200795
2021-03-25 00:00:00+00:00,15631827.305200795
2021-03-26 00:00:00+00:00,15631827.305200795
2021-03-29 00:00:00+00:00,15631827.305200795
2021-03-30 00:00:00+00:00,15631827.305200795
2021-03-31 00:00:00+00:00,15631827.305200795
2021-04-01 00:00:00+00:00,15631827.305200795
2021-04-05 00:00:00+00:00,15631827.305200795
2021-04-06 00:00:00+00:00,15631827.305200795
2021-04-07 00:00:00+00:00,15631827.305200795
2021-04-08 00:00:00+00:00,15631827.305200795
2021-04-09 00:00:00+00:00,15631827.305200795
2021-04-12 00:00:00+00:00,15631827.305200795
2021-04-13 00:00:00+00:00,15631827.305200795
2021-04-14 00:00:00+00:00,15631827.305200795
2021-04-15 00:00:00+00:00,15631827.305200795
2021-04-16 00:00:00+00:00,15631827.305200795
2021-04-19 00:00:00+00:00,15631827.305200795
2021-04-20 00:00:00+00:00,15631827.305200795
2021-04-21 00:00:00+00:00,15631827.305200795
2021-04-22 00:00:00+00:00,15631827.305200795
2021-04-23 00:00:00+00:00,15631827.305200795
2021-04-26 00:00:00+00:00,15631827.305200795
2021-04-27 00:00:00+00:00,15631827.305200795
2021-04-28 00:00:00+00:00,15631827.305200795
2021-04-29 00:00:00+00:00,15631827.305200795
2021-04-30 00:00:00+00:00,15631827.305200795
2021-05-03 00:00:00+00:00,15631827.305200795
2021-05-04 00:00:00+00:00,15631827.305200795
2021-05-05 00:00:00+00:00,15631827.305200795
2021-05-06 00:00:00+00:00,15631827.305200795
2021-05-07 00:00:00+00:00,15631827.305200795
2021-05-10 00:00:00+00:00,15631827.305200795
2021-05-11 00:00:00+00:00,15631827.305200795
2021-05-12 00:00:00+00:00,15631827.305200795
2021-05-13 00:00:00+00:00,15631827.305200795
2021-05-14 00:00:00+00:00,15631827.305200795
2021-05-17 00:00:00+00:00,15631827.305200795
2021-05-18 00:00:00+00:00,15631827.305200795
2021-05-19 00:00:00+00:00,15631827.305200795
2021-05-20 00:00:00+00:00,15631827.305200795
2021-05-21 00:00:00+00:00,15631827.305200795
2021-05-24 00:00:00+00:00,15631827.305200795
2021-05-25 00:00:00+00:00,15631827.305200795
2021-05-26 00:00:00+00:00,15631827.305200795
2021-05-27 00:00:00+00:00,15631827.305200795
2021-05-28 00:00:00+00:00,15631827.305200795
2021-05-31 00:00:00+00:00,15631827.305200795
2021-06-01 00:00:00+00:00,15631827.305200795
2021-06-02 00:00:00+00:00,15631827.305200795
2021-06-03 00:00:00+00:00,15631827.305200795
2021-06-04 00:00:00+00:00,15631827.305200795
2021-06-07 00:00:00+00:00,15631827.305200795
2021-06-08 00:00:00+00:00,15631827.305200795
2021-06-09 00:00:00+00:00,15631827.305200795
2021-06-10 00:00:00+00:00,15631827.305200795
2021-06-11 00:00:00+00:00,15631827.305200795
2021-06-14 00:00:00+00:00,15631827.305200795
2021-06-15 00:00:00+00:00,15631827.305200795
2021-06-16 00:00:00+00:00,15631827.305200795
2021-06-17 00:00:00+00:00,15631827.305200795
2021-06-18 00:00:00+00:00,15631827.305200795
2021-06-21 00:00:00+00:00,15631827.305200795
2021-06-22 00:00:00+00:00,15631827.305200795
2021-06-23 00:00:00+00:00,15631827.305200795
2021-06-24 00:00:00+00:00,15631827.305200795
2021-06-25 00:00:00+00:00,15631827.305200795
2021-06-28 00:00:00+00:00,15631827.305200795
2021-06-29 00:00:00+00:00,15631827.305200795
2021-06-30 00:00:00+00:00,15631827.305200795
2021-07-01 00:00:00+00:00,15631827.305200795
2021-07-02 00:00:00+00:00,15631827.305200795
2021-07-05 00:00:00+00:00,15631827.305200795
2021-07-06 00:00:00+00:00,15631827.305200795
2021-07-07 00:00:00+00:00,15631827.305200795
2021-07-08 00:00:00+00:00,15631827.305200795
2021-07-09 00:00:00+00:00,15631827.305200795
2021-07-12 00:00:00+00:00,15631827.305200795
2021-07-13 00:00:00+00:00,15631827.305200795
2021-07-14 00:00:00+00:00,15631827.305200795
2021-07-15 00:00:00+00:00,15631827.305200795
2021-07-16 00:00:00+00:00,15631827.305200795
2021-07-19 00:00:00+00:00,15631827.305200795
2021-07-20 00:00:00+00:00,15631827.305200795
2021-07-21 00:00:00+00:00,15631827.305200795
2021-07-22 00:00:00+00:00,15631827.305200795
2021-07-23 00:00:00+00:00,15631827.305200795
2021-07-26 00:00:00+00:00,15631827.305200795
2021-07-27 00:00:00+00:00,15631827.305200795
2021-07-28 00:00:00+00:00,15631827.305200795
2021-07-29 00:00:00+00:00,15631827.305200795
2021-07-30 00:00:00+00:00,15631827.305200795
2021-08-02 00:00:00+00:00,15631827.305200795
2021-08-03 00:00:00+00:00,15631827.305200795
2021-08-04 00:00:00+00:00,15631827.305200795
2021-08-05 00:00:00+00:00,15631827.305200795
2021-08-06 00:00:00+00:00,15631827.305200795
2021-08-09 00:00:00+00:00,15631827.305200795
2021-08-10 00:00:00+00:00,15631827.305200795
2021-08-11 00:00:00+00:00,15631827.305200795
2021-08-12 00:00:00+00:00,15631827.305200795
2021-08-13 00:00:00+00:00,15631827.305200795
2021-08-16 00:00:00+00:00,15631827.305200795
2021-08-17 00:00:00+00:00,15631827.305200795
2021-08-18 00:00:00+00:00,15631827.305200795
2021-08-19 00:00:00+00:00,15631827.305200795
2021-08-20 00:00:00+00:00,15631827.305200795
2021-08-23 00:00:00+00:00,15631827.305200795
2021-08-24 00:00:00+00:00,15631827.305200795
2021-08-25 00:00:00+00:00,15631827.305200795
2021-08-26 00:00:00+00:00,15631827.305200795
2021-08-27 00:00:00+00:00,15631827.305200795
2021-08-30 00:00:00+00:00,15631827.305200795
2021-08-31 00:00:00+00:00,15631827.305200795
2021-09-01 00:00:00+00:00,15631827.305200795
2021-09-02 00:00:00+00:00,15631827.305200795
2021-09-03 00:00:00+00:00,15631827.305200795
2021-09-06 00:00:00+00:00,15631827.305200795
2021-09-07 00:00:00+00:00,15631827.305200795
2021-09-08 00:00:00+00:00,15631827.305200795
2021-09-09 00:00:00+00:00,15631827.305200795
2021-09-10 00:00:00+00:00,15631827.305200795
2021-09-13 00:00:00+00:00,15631827.305200795
2021-09-14 00:00:00+00:00,15631827.305200795
2021-09-15 00:00:00+00:00,15631827.305200795
2021-09-16 00:00:00+00:00,15631827.305200795
2021-09-17 00:00:00+00:00,15631827.305200795
2021-09-20 00:00:00+00:00,15631827.305200795
2021-09-21 00:00:00+00:00,15631827.305200795
2021-09-22 00:00:00+00:00,15631827.305200795
2021-09-23 00:00:00+00:00,15631827.305200795
2021-09-24 00:00:00+00:00,15631827.305200795
2021-09-27 00:00:00+00:00,15631827.305200795
2021-09-28 00:00:00+00:00,15631827.305200795
2021-09-29 00:00:00+00:00,15631827.305200795
2021-09-30 00:00:00+00:00,15631827.305200795
2021-10-01 00:00:00+00:00,15631827.305200795
2021-10-04 00:00:00+00:00,15631827.305200795
2021-10-05 00:00:00+00:00,15631827.305200795
2021-10-06 00:00:00+00:00,15631827.305200795
2021-10-07 00:00:00+00:00,15631827.305200795
2021-10-08 00:00:00+00:00,15631827.305200795
2021-10-11 00:00:00+00:00,15631827.305200795
2021-10-12 00:00:00+00:00,15631827.305200795
2021-10-13 00:00:00+00:00,15631827.305200795
2021-10-14 00:00:00+00:00,15631827.305200795
2021-10-15 00:00:00+00:00,15631827.305200795
2021-10-18 00:00:00+00:00,15631827.305200795
2021-10-19 00:00:00+00:00,15631827.305200795
2021-10-20 00:00:00+00:00,15631827.305200795
2021-10-21 00:00:00+00:00,15631827.305200795
2021-10-22 00:00:00+00:00,15631827.305200795
2021-10-25 00:00:00+00:00,15631827.305200795
2021-10-26 00:00:00+00:00,15631827.305200795
2021-10-27 00:00:00+00:00,15631827.305200795
2021-10-28 00:00:00+00:00,15631827.305200795
2021-10-29 00:00:00+00:00,15631827.305200795
2021-11-01 00:00:00+00:00,15631827.305200795
2021-11-02 00:00:00+00:00,15631827.305200795
2021-11-03 00:00:00+00:00,15631827.305200795
2021-11-04 00:00:00+00:00,15631827.305200795
2021-11-05 00:00:00+00:00,15631827.305200795
2021-11-08 00:00:00+00:00,15631827.305200795
2021-11-09 00:00:00+00:00,15631827.305200795
2021-11-10 00:00:00+00:00,15631827.305200795
2021-11-11 00:00:00+00:00,15631827.305200795
2021-11-12 00:00:00+00:00,15631827.305200795
2021-11-15 00:00:00+00:00,15631827.305200795
2021-11-16 00:00:00+00:00,15631827.305200795
2021-11-17 00:00:00+00:00,15631827.305200795
2021-11-18 00:00:00+00:00,15631827.305200795
2021-11-19 00:00:00+00:00,15631827.305200795
2021-11-22 00:00:00+00:00,15631827.305200795
2021-11-23 00:00:00+00:00,15631827.305200795
2021-11-24 00:00:00+00:00,15631827.305200795
2021-11-25 00:00:00+00:00,15631827.305200795
2021-11-26 00:00:00+00:00,15631827.305200795
2021-11-29 00:00:00+00:00,15631827.305200795
2021-11-30 00:00:00+00:00,15631827.305200795
2021-12-01 00:00:00+00:00,15631827.305200795
2021-12-02 00:00:00+00:00,15631827.305200795
2021-12-03 00:00:00+00:00,15631827.305200795
2021-12-06 00:00:00+00:00,15631827.305200795
2021-12-07 00:00:00+00:00,15631827.305200795
2021-12-08 00:00:00+00:00,15631827.305200795
2021-12-09 00:00:00+00:00,15631827.305200795
2021-12-10 00:00:00+00:00,15631827.305200795
2021-12-13 00:00:00+00:00,15631827.305200795
2021-12-14 00:00:00+00:00,15631827.305200795
2021-12-15 00:00:00+00:00,15631827.305200795
2021-12-16 00:00:00+00:00,15631827.305200795
2021-12-17 00:00:00+00:00,15631827.305200795
2021-12-20 00:00:00+00:00,15631827.305200795
2021-12-21 00:00:00+00:00,15631827.305200795
2021-12-22 00:00:00+00:00,15631827.305200795
2021-12-23 00:00:00+00:00,15631827.305200795
2021-12-24 00:00:00+00:00,15631827.305200795
2021-12-27 00:00:00+00:00,15631827.305200795
2021-12-28 00:00:00+00:00,15631827.305200795
2021-12-29 00:00:00+00:00,15631827.305200795
2021-12-30 00:00:00+00:00,15631827.305200795
2021-12-31 00:00:00+00:00,15631827.305200795
2022-01-03 00:00:00+00:00,15631827.305200795
2022-01-04 00:00:00+00:00,15631827.305200795
2022-01-05 00:00:00+00:00,15631827.305200795
2022-01-06 00:00:00+00:00,15631827.305200795
2022-01-07 00:00:00+00:00,15631827.305200795
2022-01-10 00:00:00+00:00,15631827.305200795
2022-01-11 00:00:00+00:00,15631827.305200795
2022-01-12 00:00:00+00:00,15631827.305200795
2022-01-13 00:00:00+00:00,15631827.305200795
2022-01-14 00:00:00+00:00,15631827.305200795
2022-01-17 00:00:00+00:00,15631827.305200795
2022-01-18 00:00:00+00:00,15631827.305200795
2022-01-19 00:00:00+00:00,15631827.305200795
2022-01-20 00:00:00+00:00,15631827.305200795
2022-01-21 00:00:00+00:00,15631827.305200795
2022-01-24 00:00:00+00:00,15631827.305200795
2022-01-25 00:00:00+00:00,15631827.305200795
2022-01-26 00:00:00+00:00,15631827.305200795
2022-01-27 00:00:00+00:00,15631827.305200795
2022-01-28 00:00:00+00:00,15631827.305200795
2022-01-31 00:00:00+00:00,15631827.305200795
2022-02-01 00:00:00+00:00,15631827.305200795
2022-02-02 00:00:00+00:00,15631827.305200795
2022-02-03 00:00:00+00:00,15631827.305200795
2022-02-04 00:00:00+00:00,15631827.305200795
2022-02-07 00:00:00+00:00,15631827.305200795
2022-02-08 00:00:00+00:00,15631827.305200795
2022-02-09 00:00:00+00:00,15631827.305200795
2022-02-10 00:00:00+00:00,15631827.305200795
2022-02-11 00:00:00+00:00,15631827.305200795
2022-02-14 00:00:00+00:00,15631827.305200795
2022-02-15 00:00:00+00:00,15631827.305200795
2022-02-16 00:00:00+00:00,15631827.305200795
2022-02-17 00:00:00+00:00,15631827.305200795
2022-02-18 00:00:00+00:00,15631827.305200795
2022-02-21 00:00:00+00:00,15631827.305200795
2022-02-22 00:00:00+00:00,15631827.305200795
2022-02-23 00:00:00+00:00,15631827.305200795
2022-02-24 00:00:00+00:00,15631827.305200795
2022-02-25 00:00:00+00:00,15631827.305200795
2022-02-28 00:00:00+00:00,15631827.305200795
2022-03-01 00:00:00+00:00,15631827.305200795
2022-03-02 00:00:00+00:00,15631827.305200795
2022-03-03 00:00:00+00:00,15631827.305200795
2022-03-04 00:00:00+00:00,15631827.305200795
2022-03-07 00:00:00+00:00,15631827.305200795
2022-03-08 00:00:00+00:00,15631827.305200795
2022-03-09 00:00:00+00:00,15631827.305200795
2022-03-10 00:00:00+00:00,15631827.305200795
2022-03-11 00:00:00+00:00,15631827.305200795
2022-03-14 00:00:00+00:00,15631827.305200795
2022-03-15 00:00:00+00:00,15631827.305200795
2022-03-16 00:00:00+00:00,15631827.305200795
2022-03-17 00:00:00+00:00,15631827.305200795
2022-03-18 00:00:00+00:00,15631827.305200795
2022-03-21 00:00:00+00:00,15631827.305200795
2022-03-22 00:00:00+00:00,15631827.305200795
2022-03-23 00:00:00+00:00,15631827.305200795
2022-03-24 00:00:00+00:00,15631827.305200795
2022-03-25 00:00:00+00:00,15631827.305200795
2022-03-28 00:00:00+00:00,15631827.305200795
2022-03-29 00:00:00+00:00,15631827.305200795
2022-03-30 00:00:00+00:00,15631827.305200795
2022-03-31 00:00:00+00:00,15631827.305200795
2022-04-01 00:00:00+00:00,15631827.305200795
2022-04-04 00:00:00+00:00,15631827.305200795
2022-04-05 00:00:00+00:00,15631827.305200795
2022-04-06 00:00:00+00:00,15631827.305200795
2022-04-07 00:00:00+00:00,15631827.305200795
2022-04-08 00:00:00+00:00,15631827.305200795
2022-04-11 00:00:00+00:00,15631827.305200795
2022-04-12 00:00:00+00:00,15631827.305200795
2022-04-13 00:00:00+00:00,15631827.305200795
2022-04-14 00:00:00+00:00,15631827.305200795
2022-04-18 00:00:00+00:00,15631827.305200795
2022-04-19 00:00:00+00:00,15631827.305200795
2022-04-20 00:00:00+00:00,15631827.305200795
2022-04-21 00:00:00+00:00,15631827.305200795
2022-04-22 00:00:00+00:00,15631827.305200795
2022-04-25 00:00:00+00:00,15631827.305200795
2022-04-26 00:00:00+00:00,15631827.305200795
2022-04-27 00:00:00+00:00,15631827.305200795
2022-04-28 00:00:00+00:00,15631827.305200795
2022-04-29 00:00:00+00:00,15631827.305200795
2022-05-02 00:00:00+00:00,15631827.305200795
2022-05-03 00:00:00+00:00,15631827.305200795
2022-05-04 00:00:00+00:00,15631827.305200795
2022-05-05 00:00:00+00:00,15631827.305200795
2022-05-06 00:00:00+00:00,15631827.305200795
2022-05-09 00:00:00+00:00,15631827.305200795
2022-05-10 00:00:00+00:00,15631827.305200795
2022-05-11 00:00:00+00:00,15631827.305200795
2022-05-12 00:00:00+00:00,15631827.305200795
2022-05-13 00:00:00+00:00,15631827.305200795
2022-05-16 00:00:00+00:00,15631827.305200795
2022-05-17 00:00:00+00:00,15631827.305200795
2022-05-18 00:00:00+00:00,15631827.305200795
2022-05-19 00:00:00+00:00,15631827.305200795
2022-05-20 00:00:00+00:00,15631827.305200795
2022-05-23 00:00:00+00:00,15631827.305200795
2022-05-24 00:00:00+00:00,15631827.305200795
2022-05-25 00:00:00+00:00,15631827.305200795
2022-05-26 00:00:00+00:00,15631827.305200795
2022-05-27 00:00:00+00:00,15631827.305200795
2022-05-30 00:00:00+00:00,15631827.305200795
2022-05-31 00:00:00+00:00,15631827.305200795
2022-06-01 00:00:00+00:00,15631827.305200795
2022-06-02 00:00:00+00:00,15631827.305200795
2022-06-03 00:00:00+00:00,15631827.305200795
2022-06-06 00:00:00+00:00,15631827.305200795
2022-06-07 00:00:00+00:00,15631827.305200795
2022-06-08 00:00:00+00:00,15631827.305200795
2022-06-09 00:00:00+00:00,15631827.305200795
2022-06-10 00:00:00+00:00,15631827.305200795
2022-06-13 00:00:00+00:00,15631827.305200795
2022-06-14 00:00:00+00:00,15631827.305200795
2022-06-15 00:00:00+00:00,15631827.305200795
2022-06-16 00:00:00+00:00,15631827.305200795
2022-06-17 00:00:00+00:00,15631827.305200795
2022-06-20 00:00:00+00:00,15631827.305200795
2022-06-21 00:00:00+00:00,15631827.305200795
2022-06-22 00:00:00+00:00,15631827.305200795
2022-06-23 00:00:00+00:00,15631827.305200795
2022-06-24 00:00:00+00:00,15631827.305200795
2022-06-27 00:00:00+00:00,15631827.305200795
2022-06-28 00:00:00+00:00,15631827.305200795
2022-06-29 00:00:00+00:00,15631827.305200795
2022-06-30 00:00:00+00:00,15631827.305200795
2022-07-01 00:00:00+00:00,15631827.305200795
2022-07-04 00:00:00+00:00,15631827.305200795
2022-07-05 00:00:00+00:00,15631827.305200795
2022-07-06 00:00:00+00:00,15631827.305200795
2022-07-07 00:00:00+00:00,15631827.305200795
2022-07-08 00:00:00+00:00,15631827.305200795
2022-07-11 00:00:00+00:00,15631827.305200795
2022-07-12 00:00:00+00:00,15631827.305200795
2022-07-13 00:00:00+00:00,15631827.305200795
2022-07-14 00:00:00+00:00,15631827.305200795
2022-07-15 00:00:00+00:00,15631827.305200795
2022-07-18 00:00:00+00:00,15631827.305200795
2022-07-19 00:00:00+00:00,15631827.305200795
2022-07-20 00:00:00+00:00,15631827.305200795
2022-07-21 00:00:00+00:00,15631827.305200795
2022-07-22 00:00:00+00:00,15631827.305200795
2022-07-25 00:00:00+00:00,15631827.305200795
2022-07-26 00:00:00+00:00,15631827.305200795
2022-07-27 00:00:00+00:00,15631827.305200795
2022-07-28 00:00:00+00:00,15631827.305200795
2022-07-29 00:00:00+00:00,15631827.305200795
2022-08-01 00:00:00+00:00,15631827.305200795
2022-08-02 00:00:00+00:00,15631827.305200795
2022-08-03 00:00:00+00:00,15631827.305200795
2022-08-04 00:00:00+00:00,15631827.305200795
2022-08-05 00:00:00+00:00,15631827.305200795
2022-08-08 00:00:00+00:00,15631827.305200795
2022-08-09 00:00:00+00:00,15631827.305200795
2022-08-10 00:00:00+00:00,15631827.305200795
2022-08-11 00:00:00+00:00,15631827.305200795
2022-08-12 00:00:00+00:00,15631827.305200795
2022-08-15 00:00:00+00:00,15631827.305200795
2022-08-16 00:00:00+00:00,15631827.305200795
2022-08-17 00:00:00+00:00,15631827.305200795
2022-08-18 00:00:00+00:00,15631827.305200795
2022-08-19 00:00:00+00:00,15631827.305200795
2022-08-22 00:00:00+00:00,15631827.305200795
2022-08-23 00:00:00+00:00,15631827.305200795
2022-08-24 00:00:00+00:00,15631827.305200795
2022-08-25 00:00:00+00:00,15631827.305200795
2022-08-26 00:00:00+00:00,15631827.305200795
2022-08-29 00:00:00+00:00,15631827.305200795
2022-08-30 00:00:00+00:00,15631827.305200795
2022-08-31 00:00:00+00:00,15631827.305200795
2022-09-01 00:00:00+00:00,15631827.305200795
2022-09-02 00:00:00+00:00,15631827.305200795
2022-09-05 00:00:00+00:00,15631827.305200795
2022-09-06 00:00:00+00:00,15631827.305200795
2022-09-07 00:00:00+00:00,15631827.305200795
2022-09-08 00:00:00+00:00,15631827.305200795
2022-09-09 00:00:00+00:00,15631827.305200795
2022-09-12 00:00:00+00:00,15631827.305200795
2022-09-13 00:00:00+00:00,15631827.305200795
2022-09-14 00:00:00+00:00,15631827.305200795
2022-09-15 00:00:00+00:00,15631827.305200795
2022-09-16 00:00:00+00:00,15631827.305200795
2022-09-19 00:00:00+00:00,15631827.305200795
2022-09-20 00:00:00+00:00,15631827.305200795
2022-09-21 00:00:00+00:00,15631827.305200795
2022-09-22 00:00:00+00:00,15631827.305200795
2022-09-23 00:00:00+00:00,15631827.305200795
2022-09-26 00:00:00+00:00,15631827.305200795
2022-09-27 00:00:00+00:00,15631827.305200795
2022-09-28 00:00:00+00:00,15631827.305200795
2022-09-29 00:00:00+00:00,15631827.305200795
2022-09-30 00:00:00+00:00,15631827.305200795
2022-10-03 00:00:00+00:00,15631827.305200795
2022-10-04 00:00:00+00:00,15631827.305200795
2022-10-05 00:00:00+00:00,15631827.305200795
2022-10-06 00:00:00+00:00,15631827.305200795
2022-10-07 00:00:00+00:00,15631827.305200795
2022-10-10 00:00:00+00:00,15631827.305200795
2022-10-11 00:00:00+00:00,15631827.305200795
2022-10-12 00:00:00+00:00,15631827.305200795
2022-10-13 00:00:00+00:00,15631827.305200795
2022-10-14 00:00:00+00:00,15631827.305200795
2022-10-17 00:00:00+00:00,15631827.305200795
2022-10-18 00:00:00+00:00,15631827.305200795
2022-10-19 00:00:00+00:00,15631827.305200795
2022-10-20 00:00:00+00:00,15631827.305200795
2022-10-21 00:00:00+00:00,15631827.305200795
2022-10-24 00:00:00+00:00,15631827.305200795
2022-10-25 00:00:00+00:00,15631827.305200795
2022-10-26 00:00:00+00:00,15631827.305200795
2022-10-27 00:00:00+00:00,15631827.305200795
2022-10-28 00:00:00+00:00,15631827.305200795
2022-10-31 00:00:00+00:00,15631827.305200795
2022-11-01 00:00:00+00:00,15631827.305200795
2022-11-02 00:00:00+00:00,15631827.305200795
2022-11-03 00:00:00+00:00,15631827.305200795
2022-11-04 00:00:00+00:00,15631827.305200795
2022-11-07 00:00:00+00:00,15631827.305200795
2022-11-08 00:00:00+00:00,15631827.305200795
2022-11-09 00:00:00+00:00,15631827.305200795
2022-11-10 00:00:00+00:00,15631827.305200795
2022-11-11 00:00:00+00:00,15631827.305200795
2022-11-14 00:00:00+00:00,15631827.305200795
2022-11-15 00:00:00+00:00,15631827.305200795
2022-11-16 00:00:00+00:00,15631827.305200795
2022-11-17 00:00:00+00:00,15631827.305200795
2022-11-18 00:00:00+00:00,15631827.305200795
2022-11-21 00:00:00+00:00,15631827.305200795
2022-11-22 00:00:00+00:00,15631827.305200795
2022-11-23 00:00:00+00:00,15631827.305200795
2022-11-24 00:00:00+00:00,15631827.305200795
2022-11-25 00:00:00+00:00,15631827.305200795
2022-11-28 00:00:00+00:00,15631827.305200795
2022-11-29 00:00:00+00:00,15631827.305200795
2022-11-30 00:00:00+00:00,15631827.305200795
2022-12-01 00:00:00+00:00,15631827.305200795
2022-12-02 00:00:00+00:00,15631827.305200795
2022-12-05 00:00:00+00:00,15631827.305200795
2022-12-06 00:00:00+00:00,15631827.305200795
2022-12-07 00:00:00+00:00,15631827.305200795
2022-12-08 00:00:00+00:00,15631827.305200795
2022-12-09 00:00:00+00:00,15631827.305200795
2022-12-12 00:00:00+00:00,15631827.305200795
2022-12-13 00:00:00+00:00,15631827.305200795
2022-12-14 00:00:00+00:00,15631827.305200795
2022-12-15 00:00:00+00:00,15631827.305200795
2022-12-16 00:00:00+00:00,15631827.305200795
2022-12-19 00:00:00+00:00,15631827.305200795
2022-12-20 00:00:00+00:00,15631827.305200795
2022-12-21 00:00:00+00:00,15631827.305200795
2022-12-22 00:00:00+00:00,15631827.305200795
2022-12-23 00:00:00+00:00,15631827.305200795
2022-12-26 00:00:00+00:00,15631827.305200795
2022-12-27 00:00:00+00:00,15631827.305200795
2022-12-28 00:00:00+00:00,15631827.305200795
2022-12-29 00:00:00+00:00,15631827.305200795
2022-12-30 00:00:00+00:00,15631827.305200795
2023-01-02 00:00:00+00:00,15631827.305200795
2023-01-03 00:00:00+00:00,15631827.305200795
2023-01-04 00:00:00+00:00,15631827.305200795
2023-01-05 00:00:00+00:00,15631827.305200795
2023-01-06 00:00:00+00:00,15631827.305200795
2023-01-09 00:00:00+00:00,15631827.305200795
2023-01-10 00:00:00+00:00,15631827.305200795
2023-01-11 00:00:00+00:00,15631827.305200795
2023-01-12 00:00:00+00:00,15631827.305200795
2023-01-13 00:00:00+00:00,15631827.305200795
2023-01-16 00:00:00+00:00,15631827.305200795
2023-01-17 00:00:00+00:00,15631827.305200795
2023-01-18 00:00:00+00:00,15631827.305200795
2023-01-19 00:00:00+00:00,15631827.305200795
2023-01-20 00:00:00+00:00,15631827.305200795
2023-01-23 00:00:00+00:00,15631827.305200795
2023-01-24 00:00:00+00:00,15631827.305200795
2023-01-25 00:00:00+00:00,15631827.305200795
2023-01-26 00:00:00+00:00,15631827.305200795
2023-01-27 00:00:00+00:00,15631827.305200795
2023-01-30 00:00:00+00:00,15631827.305200795
2023-01-31 00:00:00+00:00,15631827.305200795
2023-02-01 00:00:00+00:00,15631827.305200795
2023-02-02 00:00:00+00:00,15631827.305200795
2023-02-03 00:00:00+00:00,15631827.305200795
2023-02-06 00:00:00+00:00,15631827.305200795
2023-02-07 00:00:00+00:00,15631827.305200795
2023-02-08 00:00:00+00:00,15631827.305200795
2023-02-09 00:00:00+00:00,15631827.305200795
2023-02-10 00:00:00+00:00,15631827.305200795
2023-02-13 00:00:00+00:00,15631827.305200795
2023-02-14 00:00:00+00:00,15631827.305200795
2023-02-15 00:00:00+00:00,15631827.305200795
2023-02-16 00:00:00+00:00,15631827.305200795
2023-02-17 00:00:00+00:00,15631827.305200795
2023-02-20 00:00:00+00:00,15631827.305200795
2023-02-21 00:00:00+00:00,15631827.305200795
2023-02-22 00:00:00+00:00,15631827.305200795
2023-02-23 00:00:00+00:00,15631827.305200795
2023-02-24 00:00:00+00:00,15631827.305200795
2023-02-27 00:00:00+00:00,15631827.305200795
2023-02-28 00:00:00+00:00,15631827.305200795
2023-03-01 00:00:00+00:00,15631827.305200795
2023-03-02 00:00:00+00:00,15631827.305200795
2023-03-03 00:00:00+00:00,15631827.305200795
2023-03-06 00:00:00+00:00,15631827.305200795
2023-03-07 00:00:00+00:00,15631827.305200795
2023-03-08 00:00:00+00:00,15631827.305200795
2023-03-09 00:00:00+00:00,15631827.305200795
2023-03-10 00:00:00+00:00,15631827.305200795
2023-03-13 00:00:00+00:00,15631827.305200795
2023-03-14 00:00:00+00:00,15631827.305200795
2023-03-15 00:00:00+00:00,15631827.305200795
2023-03-16 00:00:00+00:00,15631827.305200795
2023-03-17 00:00:00+00:00,15631827.305200795
2023-03-20 00:00:00+00:00,15631827.305200795
2023-03-21 00:00:00+00:00,15631827.305200795
2023-03-22 00:00:00+00:00,15631827.305200795
2023-03-23 00:00:00+00:00,15631827.305200795
2023-03-24 00:00:00+00:00,15631827.305200795
2023-03-27 00:00:00+00:00,15631827.305200795
2023-03-28 00:00:00+00:00,15631827.305200795
2023-03-29 00:00:00+00:00,15631827.305200795
2023-03-30 00:00:00+00:00,15631827.305200795
2023-03-31 00:00:00+00:00,15631827.305200795
2023-04-03 00:00:00+00:00,15631827.305200795
2023-04-04 00:00:00+00:00,15631827.305200795
2023-04-05 00:00:00+00:00,15631827.305200795
2023-04-06 00:00:00+00:00,15631827.305200795
2023-04-10 00:00:00+00:00,15631827.305200795
2023-04-11 00:00:00+00:00,15631827.305200795
2023-04-12 00:00:00+00:00,15631827.305200795
2023-04-13 00:00:00+00:00,15631827.305200795
2023-04-14 00:00:00+00:00,15631827.305200795
2023-04-17 00:00:00+00:00,15631827.305200795
2023-04-18 00:00:00+00:00,15631827.305200795
2023-04-19 00:00:00+00:00,15631827.305200795
2023-04-20 00:00:00+00:00,15631827.305200795
2023-04-21 00:00:00+00:00,15631827.305200795
2023-04-24 00:00:00+00:00,15631827.305200795
2023-04-25 00:00:00+00:00,15631827.305200795
2023-04-26 00:00:00+00:00,15631827.305200795
2023-04-27 00:00:00+00:00,15631827.305200795
2023-04-28 00:00:00+00:00,15631827.305200795
2023-05-01 00:00:00+00:00,15631827.305200795
2023-05-02 00:00:00+00:00,15631827.305200795
2023-05-03 00:00:00+00:00,15631827.305200795
2023-05-04 00:00:00+00:00,15631827.305200795
2023-05-05 00:00:00+00:00,15631827.305200795
2023-05-08 00:00:00+00:00,15631827.305200795
2023-05-09 00:00:00+00:00,15631827.305200795
2023-05-10 00:00:00+00:00,15631827.305200795
2023-05-11 00:00:00+00:00,15631827.305200795
2023-05-12 00:00:00+00:00,15631827.305200795
2023-05-15 00:00:00+00:00,15631827.305200795
2023-05-16 00:00:00+00:00,15631827.305200795
2023-05-17 00:00:00+00:00,15631827.305200795
2023-05-18 00:00:00+00:00,15631827.305200795
2023-05-19 00:00:00+00:00,15631827.305200795
2023-05-22 00:00:00+00:00,15631827.305200795
2023-05-23 00:00:00+00:00,15631827.305200795
2023-05-24 00:00:00+00:00,15631827.305200795
2023-05-25 00:00:00+00:00,15631827.305200795
2023-05-26 00:00:00+00:00,15631827.305200795
2023-05-29 00:00:00+00:00,15631827.305200795
2023-05-30 00:00:00+00:00,15631827.305200795
2023-05-31 00:00:00+00:00,15631827.305200795
2023-06-01 00:00:00+00:00,15631827.305200795
2023-06-02 00:00:00+00:00,15631827.305200795
2023-06-05 00:00:00+00:00,15631827.305200795
2023-06-06 00:00:00+00:00,15631827.305200795
2023-06-07 00:00:00+00:00,15631827.305200795
2023-06-08 00:00:00+00:00,15631827.305200795
2023-06-09 00:00:00+00:00,15631827.305200795
2023-06-12 00:00:00+00:00,15631827.305200795
2023-06-13 00:00:00+00:00,15631827.305200795
2023-06-14 00:00:00+00:00,15631827.305200795
2023-06-15 00:00:00+00:00,15631827.305200795
2023-06-16 00:00:00+00:00,15631827.305200795
2023-06-19 00:00:00+00:00,15631827.305200795
2023-06-20 00:00:00+00:00,15631827.305200795
2023-06-21 00:00:00+00:00,15631827.305200795
2023-06-22 00:00:00+00:00,15631827.305200795
2023-06-23 00:00:00+00:00,15631827.305200795
2023-06-26 00:00:00+00:00,15631827.305200795
2023-06-27 00:00:00+00:00,15631827.305200795
2023-06-28 00:00:00+00:00,15631827.305200795
2023-06-29 00:00:00+00:00,15631827.305200795
2023-06-30 00:00:00+00:00,15631827.305200795
2023-07-03 00:00:00+00:00,15631827.305200795
2023-07-04 00:00:00+00:00,15631827.305200795
2023-07-05 00:00:00+00:00,15631827.305200795
2023-07-06 00:00:00+00:00,15631827.305200795
2023-07-07 00:00:00+00:00,15631827.305200795
2023-07-10 00:00:00+00:00,15631827.305200795
2023-07-11 00:00:00+00:00,15631827.305200795
2023-07-12 00:00:00+00:00,15631827.305200795
2023-07-13 00:00:00+00:00,15631827.305200795
2023-07-14 00:00:00+00:00,15631827.305200795
2023-07-17 00:00:00+00:00,15631827.305200795
2023-07-18 00:00:00+00:00,15631827.305200795
2023-07-19 00:00:00+00:00,15631827.305200795
2023-07-20 00:00:00+00:00,15631827.305200795
2023-07-21 00:00:00+00:00,15631827.305200795
2023-07-24 00:00:00+00:00,15631827.305200795
2023-07-25 00:00:00+00:00,15631827.305200795
2023-07-26 00:00:00+00:00,15631827.305200795
2023-07-27 00:00:00+00:00,15631827.305200795
2023-07-28 00:00:00+00:00,15631827.305200795
2023-07-31 00:00:00+00:00,15631827.305200795
2023-08-01 00:00:00+00:00,15631827.305200795
2023-08-02 00:00:00+00:00,15631827.305200795
2023-08-03 00:00:00+00:00,15631827.305200795
2023-08-04 00:00:00+00:00,15631827.305200795
2023-08-07 00:00:00+00:00,15631827.305200795
2023-08-08 00:00:00+00:00,15631827.305200795
2023-08-09 00:00:00+00:00,15631827.305200795
2023-08-10 00:00:00+00:00,15631827.305200795
2023-08-11 00:00:00+00:00,15631827.305200795
2023-08-14 00:00:00+00:00,15631827.305200795
2023-08-15 00:00:00+00:00,15631827.305200795
2023-08-16 00:00:00+00:00,15631827.305200795
2023-08-17 00:00:00+00:00,15631827.305200795
2023-08-18 00:00:00+00:00,15631827.305200795
2023-08-21 00:00:00+00:00,15631827.305200795
2023-08-22 00:00:00+00:00,15631827.305200795
2023-08-23 00:00:00+00:00,15631827.305200795
2023-08-24 00:00:00+00:00,15631827.305200795
2023-08-25 00:00:00+00:00,15631827.305200795
2023-08-28 00:00:00+00:00,15631827.305200795
2023-08-29 00:00:00+00:00,15631827.305200795
2023-08-30 00:00:00+00:00,15631827.305200795
2023-08-31 00:00:00+00:00,15631827.305200795
2023-09-01 00:00:00+00:00,15631827.305200795
2023-09-04 00:00:00+00:00,15631827.305200795
2023-09-05 00:00:00+00:00,15631827.305200795
2023-09-06 00:00:00+00:00,15631827.305200795
2023-09-07 00:00:00+00:00,15631827.305200795
2023-09-08 00:00:00+00:00,15631827.305200795
2023-09-11 00:00:00+00:00,15631827.305200795
2023-09-12 00:00:00+00:00,15631827.305200795
2023-09-13 00:00:00+00:00,15631827.305200795
2023-09-14 00:00:00+00:00,15631827.305200795
2023-09-15 00:00:00+00:00,15631827.305200795
2023-09-18 00:00:00+00:00,15631827.305200795
2023-09-19 00:00:00+00:00,15631827.305200795
2023-09-20 00:00:00+00:00,15631827.305200795
2023-09-21 00:00:00+00:00,15631827.305200795
2023-09-22 00:00:00+00:00,15631827.305200795
2023-09-25 00:00:00+00:00,15631827.305200795
2023-09-26 00:00:00+00:00,15631827.305200795
2023-09-27 00:00:00+00:00,15631827.305200795
2023-09-28 00:00:00+00:00,15631827.305200795
2023-09-29 00:00:00+00:00,15631827.305200795
2023-10-02 00:00:00+00:00,15631827.305200795
2023-10-03 00:00:00+00:00,15631827.305200795
2023-10-04 00:00:00+00:00,15631827.305200795
2023-10-05 00:00:00+00:00,15631827.305200795
2023-10-06 00:00:00+00:00,15631827.305200795
2023-10-09 00:00:00+00:00,15631827.305200795
2023-10-10 00:00:00+00:00,15631827.305200795
2023-10-11 00:00:00+00:00,15631827.305200795
2023-10-12 00:00:00+00:00,15631827.305200795
2023-10-13 00:00:00+00:00,15631827.305200795
2023-10-16 00:00:00+00:00,15631827.305200795
2023-10-17 00:00:00+00:00,15631827.305200795
2023-10-18 00:00:00+00:00,15631827.305200795
2023-10-19 00:00:00+00:00,15631827.305200795
2023-10-20 00:00:00+00:00,15631827.305200795
2023-10-23 00:00:00+00:00,15631827.305200795
2023-10-24 00:00:00+00:00,15631827.305200795
2023-10-25 00:00:00+00:00,15631827.305200795
2023-10-26 00:00:00+00:00,15631827.305200795
2023-10-27 00:00:00+00:00,15631827.305200795
2023-10-30 00:00:00+00:00,15631827.305200795
2023-10-31 00:00:00+00:00,15631827.305200795
2023-11-01 00:00:00+00:00,15631827.305200795
2023-11-02 00:00:00+00:00,15631827.305200795
2023-11-03 00:00:00+00:00,15631827.305200795
2023-11-06 00:00:00+00:00,15631827.305200795
2023-11-07 00:00:00+00:00,15631827.305200795
2023-11-08 00:00:00+00:00,15631827.305200795
2023-11-09 00:00:00+00:00,15631827.305200795
2023-11-10 00:00:00+00:00,15631827.305200795
2023-11-13 00:00:00+00:00,15631827.305200795
2023-11-14 00:00:00+00:00,15631827.305200795
2023-11-15 00:00:00+00:00,15631827.305200795
2023-11-16 00:00:00+00:00,15631827.305200795
2023-11-17 00:00:00+00:00,15631827.305200795
2023-11-20 00:00:00+00:00,15631827.305200795
2023-11-21 00:00:00+00:00,15631827.305200795
2023-11-22 00:00:00+00:00,15631827.305200795
2023-11-23 00:00:00+00:00,15631827.305200795
2023-11-24 00:00:00+00:00,15631827.305200795
2023-11-27 00:00:00+00:00,15631827.305200795
2023-11-28 00:00:00+00:00,15631827.305200795
2023-11-29 00:00:00+00:00,15631827.305200795
2023-11-30 00:00:00+00:00,15631827.305200795
2023-12-01 00:00:00+00:00,15631827.305200795
2023-12-04 00:00:00+00:00,15631827.305200795
2023-12-05 00:00:00+00:00,15631827.305200795
2023-12-06 00:00:00+00:00,15631827.305200795
2023-12-07 00:00:00+00:00,15631827.305200795
2023-12-08 00:00:00+00:00,15631827.305200795
2023-12-11 00:00:00+00:00,15631827.305200795
2023-12-12 00:00:00+00:00,15631827.305200795
2023-12-13 00:00:00+00:00,15631827.305200795
2023-12-14 00:00:00+00:00,15631827.305200795
2023-12-15 00:00:00+00:00,15631827.305200795
2023-12-18 00:00:00+00:00,15631827.305200795
2023-12-19 00:00:00+00:00,15631827.305200795
2023-12-20 00:00:00+00:00,15631827.305200795
2023-12-21 00:00:00+00:00,15631827.305200795
2023-12-22 00:00:00+00:00,15631827.305200795
2023-12-26 00:00:00+00:00,15631827.305200795
2023-12-27 00:00:00+00:00,15631827.305200795
2023-12-28 00:00:00+00:00,15631827.305200795
2023-12-29 00:00:00+00:00,15631827.305200795
2024-01-01 00:00:00+00:00,15631827.305200795
2024-01-02 00:00:00+00:00,15631827.305200795
2024-01-03 00:00:00+00:00,15631827.305200795
2024-01-04 00:00:00+00:00,15631827.305200795
2024-01-05 00:00:00+00:00,15631827.305200795
2024-01-08 00:00:00+00:00,15631827.305200795
2024-01-09 00:00:00+00:00,15631827.305200795
2024-01-10 00:00:00+00:00,15631827.305200795
2024-01-11 00:00:00+00:00,15631827.305200795
2024-01-12 00:00:00+00:00,15631827.305200795
2024-01-15 00:00:00+00:00,15631827.305200795
2024-01-16 00:00:00+00:00,15631827.305200795
2024-01-17 00:00:00+00:00,15631827.305200795
2024-01-18 00:00:00+00:00,15631827.305200795
2024-01-19 00:00:00+00:00,15631827.305200795
2024-01-22 00:00:00+00:00,15631827.305200795
2024-01-23 00:00:00+00:00,15631827.305200795
2024-01-24 00:00:00+00:00,15631827.305200795
2024-01-25 00:00:00+00:00,15631827.305200795
2024-01-26 00:00:00+00:00,15631827.305200795
2024-01-29 00:00:00+00:00,15631827.305200795
2024-01-30 00:00:00+00:00,15631827.305200795
2024-01-31 00:00:00+00:00,15631827.305200795
2024-02-01 00:00:00+00:00,15631827.305200795
2024-02-02 00:00:00+00:00,15631827.305200795
2024-02-05 00:00:00+00:00,15631827.305200795
2024-02-06 00:00:00+00:00,15631827.305200795
2024-02-07 00:00:00+00:00,15631827.305200795
2024-02-08 00:00:00+00:00,15631827.305200795
2024-02-09 00:00:00+00:00,15631827.305200795
2024-02-12 00:00:00+00:00,15631827.305200795
2024-02-13 00:00:00+00:00,15631827.305200795
2024-02-14 00:00:00+00:00,15631827.305200795
2024-02-15 00:00:00+00:00,15631827.305200795
2024-02-16 00:00:00+00:00,15631827.305200795
2024-02-19 00:00:00+00:00,15631827.305200795
2024-02-20 00:00:00+00:00,15631827.305200795
2024-02-21 00:00:00+00:00,15631827.305200795
2024-02-22 00:00:00+00:00,15631827.305200795
2024-02-23 00:00:00+00:00,15631827.305200795
2024-02-26 00:00:00+00:00,15631827.305200795
2024-02-27 00:00:00+00:00,15631827.305200795
2024-02-28 00:00:00+00:00,15631827.305200795
2024-02-29 00:00:00+00:00,15631827.305200795
2024-03-01 00:00:00+00:00,15631827.305200795
2024-03-04 00:00:00+00:00,15631827.305200795
2024-03-05 00:00:00+00:00,15631827.305200795
2024-03-06 00:00:00+00:00,15631827.305200795
2024-03-07 00:00:00+00:00,15631827.305200795
2024-03-08 00:00:00+00:00,15631827.305200795
2024-03-11 00:00:00+00:00,15631827.305200795
2024-03-12 00:00:00+00:00,15631827.305200795
2024-03-13 00:00:00+00:00,15631827.305200795
2024-03-14 00:00:00+00:00,15631827.305200795
2024-03-15 00:00:00+00:00,15631827.305200795
2024-03-18 00:00:00+00:00,15631827.305200795
2024-03-19 00:00:00+00:00,15631827.305200795
2024-03-20 00:00:00+00:00,15631827.305200795
2024-03-21 00:00:00+00:00,15631827.305200795
2024-03-22 00:00:00+00:00,15631827.305200795
2024-03-25 00:00:00+00:00,15631827.305200795
2024-03-26 00:00:00+00:00,15631827.305200795
2024-03-27 00:00:00+00:00,15631827.305200795
2024-03-28 00:00:00+00:00,15631827.305200795
2024-04-01 00:00:00+00:00,15631827.305200795
2024-04-02 00:00:00+00:00,15631827.305200795
2024-04-03 00:00:00+00:00,15631827.305200795
2024-04-04 00:00:00+00:00,15631827.305200795
2024-04-05 00:00:00+00:00,15631827.305200795
2024-04-08 00:00:00+00:00,15631827.305200795
2024-04-09 00:00:00+00:00,15631827.305200795
2024-04-10 00:00:00+00:00,15631827.305200795
2024-04-11 00:00:00+00:00,15631827.305200795
2024-04-12 00:00:00+00:00,15631827.305200795
2024-04-15 00:00:00+00:00,15631827.305200795
2024-04-16 00:00:00+00:00,15631827.305200795
2024-04-17 00:00:00+00:00,15631827.305200795
2024-04-18 00:00:00+00:00,15631827.305200795
2024-04-19 00:00:00+00:00,15631827.305200795
2024-04-22 00:00:00+00:00,15631827.305200795
2024-04-23 00:00:00+00:00,15631827.305200795
2024-04-24 00:00:00+00:00,15631827.305200795
2024-04-25 00:00:00+00:00,15631827.305200795
2024-04-26 00:00:00+00:00,15631827.305200795
2024-04-29 00:00:00+00:00,15631827.305200795
2024-04-30 00:00:00+00:00,15631827.305200795
2024-05-01 00:00:00+00:00,15631827.305200795
2024-05-02 00:00:00+00:00,15631827.305200795
2024-05-03 00:00:00+00:00,15631827.305200795
2024-05-06 00:00:00+00:00,15631827.305200795
2024-05-07 00:00:00+00:00,15631827.305200795
2024-05-08 00:00:00+00:00,15631827.305200795
2024-05-09 00:00:00+00:00,15631827.305200795
2024-05-10 00:00:00+00:00,15631827.305200795
2024-05-13 00:00:00+00:00,15631827.305200795
2024-05-14 00:00:00+00:00,15631827.305200795
2024-05-15 00:00:00+00:00,15631827.305200795
2024-05-16 00:00:00+00:00,15631827.305200795
2024-05-17 00:00:00+00:00,15631827.305200795
2024-05-20 00:00:00+00:00,15631827.305200795
2024-05-21 00:00:00+00:00,15631827.305200795
2024-05-22 00:00:00+00:00,15631827.305200795
2024-05-23 00:00:00+00:00,15631827.305200795
2024-05-24 00:00:00+00:00,15631827.305200795
2024-05-27 00:00:00+00:00,15631827.305200795
2024-05-28 00:00:00+00:00,15631827.305200795
2024-05-29 00:00:00+00:00,15631827.305200795
2024-05-30 00:00:00+00:00,15631827.305200795
2024-05-31 00:00:00+00:00,15631827.305200795
2024-06-03 00:00:00+00:00,15631827.305200795
2024-06-04 00:00:00+00:00,15631827.305200795
2024-06-05 00:00:00+00:00,15631827.305200795
2024-06-06 00:00:00+00:00,15631827.305200795
2024-06-07 00:00:00+00:00,15631827.305200795
2024-06-10 00:00:00+00:00,15631827.305200795
2024-06-11 00:00:00+00:00,15631827.305200795
2024-06-12 00:00:00+00:00,15631827.305200795
2024-06-13 00:00:00+00:00,15631827.305200795
2024-06-14 00:00:00+00:00,15631827.305200795
2024-06-17 00:00:00+00:00,15631827.305200795
2024-06-18 00:00:00+00:00,15631827.305200795
2024-06-19 00:00:00+00:00,15631827.305200795
2024-06-20 00:00:00+00:00,15631827.305200795
2024-06-21 00:00:00+00:00,15631827.305200795
2024-06-24 00:00:00+00:00,15631827.305200795
2024-06-25 00:00:00+00:00,15631827.305200795
2024-06-26 00:00:00+00:00,15631827.305200795
2024-06-27 00:00:00+00:00,15631827.305200795
2024-06-28 00:00:00+00:00,15631827.305200795
2024-07-01 00:00:00+00:00,15631827.305200795
2024-07-02 00:00:00+00:00,15631827.305200795
2024-07-03 00:00:00+00:00,15631827.305200795
2024-07-04 00:00:00+00:00,15631827.305200795
2024-07-05 00:00:00+00:00,15631827.305200795
2024-07-08 00:00:00+00:00,15631827.305200795
2024-07-09 00:00:00+00:00,15631827.305200795
2024-07-10 00:00:00+00:00,15631827.305200795
2024-07-11 00:00:00+00:00,15631827.305200795
2024-07-12 00:00:00+00:00,15631827.305200795
2024-07-15 00:00:00+00:00,15631827.305200795
2024-07-16 00:00:00+00:00,15631827.305200795
2024-07-17 00:00:00+00:00,15631827.305200795
2024-07-18 00:00:00+00:00,15631827.305200795
2024-07-19 00:00:00+00:00,15631827.305200795
2024-07-22 00:00:00+00:00,15631827.305200795
2024-07-23 00:00:00+00:00,15631827.305200795
2024-07-24 00:00:00+00:00,15631827.305200795
2024-07-25 00:00:00+00:00,15631827.305200795
2024-07-26 00:00:00+00:00,15631827.305200795
2024-07-29 00:00:00+00:00,15631827.305200795
2024-07-30 00:00:00+00:00,15631827.305200795
2024-07-31 00:00:00+00:00,15631827.305200795
2024-08-01 00:00:00+00:00,15631827.305200795
2024-08-02 00:00:00+00:00,15631827.305200795
2024-08-05 00:00:00+00:00,15631827.305200795
2024-08-06 00:00:00+00:00,15631827.305200795
2024-08-07 00:00:00+00:00,15631827.305200795
2024-08-08 00:00:00+00:00,15631827.305200795
2024-08-09 00:00:00+00:00,15631827.305200795
2024-08-12 00:00:00+00:00,15631827.305200795
2024-08-13 00:00:00+00:00,15631827.305200795
2024-08-14 00:00:00+00:00,15631827.305200795
2024-08-15 00:00:00+00:00,15631827.305200795
2024-08-16 00:00:00+00:00,15631827.305200795
2024-08-19 00:00:00+00:00,15631827.305200795
2024-08-20 00:00:00+00:00,15631827.305200795
2024-08-21 00:00:00+00:00,15631827.305200795
2024-08-22 00:00:00+00:00,15631827.305200795
2024-08-23 00:00:00+00:00,15631827.305200795
2024-08-26 00:00:00+00:00,15631827.305200795
2024-08-27 00:00:00+00:00,15631827.305200795
2024-08-28 00:00:00+00:00,15631827.305200795
2024-08-29 00:00:00+00:00,15631827.305200795
2024-08-30 00:00:00+00:00,15631827.305200795
2024-09-02 00:00:00+00:00,15631827.305200795
2024-09-03 00:00:00+00:00,15631827.305200795
2024-09-04 00:00:00+00:00,15631827.305200795
2024-09-05 00:00:00+00:00,15631827.305200795
2024-09-06 00:00:00+00:00,15631827.305200795
2024-09-09 00:00:00+00:00,15631827.305200795
2024-09-10 00:00:00+00:00,15631827.305200795
2024-09-11 00:00:00+00:00,15631827.305200795
2024-09-12 00:00:00+00:00,15631827.305200795
2024-09-13 00:00:00+00:00,15631827.305200795
2024-09-16 00:00:00+00:00,15631827.305200795
2024-09-17 00:00:00+00:00,15631827.305200795
2024-09-18 00:00:00+00:00,15631827.305200795
2024-09-19 00:00:00+00:00,15631827.305200795
2024-09-20 00:00:00+00:00,15631827.305200795
2024-09-23 00:00:00+00:00,15631827.305200795
2024-09-24 00:00:00+00:00,15631827.305200795
2024-09-25 00:00:00+00:00,15631827.305200795
2024-09-26 00:00:00+00:00,15631827.305200795
2024-09-27 00:00:00+00:00,15631827.305200795
2024-09-30 00:00:00+00:00,15631827.305200795
2024-10-01 00:00:00+00:00,15631827.305200795
2024-10-02 00:00:00+00:00,15631827.305200795
2024-10-03 00:00:00+00:00,15631827.305200795
2024-10-04 00:00:00+00:00,15631827.305200795
2024-10-07 00:00:00+00:00,15631827.305200795
2024-10-08 00:00:00+00:00,15631827.305200795
2024-10-09 00:00:00+00:00,15631827.305200795
2024-10-10 00:00:00+00:00,15631827.305200795
2024-10-11 00:00:00+00:00,15631827.305200795
2024-10-14 00:00:00+00:00,15631827.305200795
2024-10-15 00:00:00+00:00,15631827.305200795
2024-10-16 00:00:00+00:00,15631827.305200795
2024-10-17 00:00:00+00:00,15631827.305200795
2024-10-18 00:00:00+00:00,15631827.305200795
2024-10-21 00:00:00+00:00,15631827.305200795
2024-10-22 00:00:00+00:00,15631827.305200795
2024-10-23 00:00:00+00:00,15631827.305200795
2024-10-24 00:00:00+00:00,15631827.305200795
2024-10-25 00:00:00+00:00,15631827.305200795
2024-10-28 00:00:00+00:00,15631827.305200795
2024-10-29 00:00:00+00:00,15631827.305200795
2024-10-30 00:00:00+00:00,15631827.305200795
2024-10-31 00:00:00+00:00,15631827.305200795
2024-11-01 00:00:00+00:00,15631827.305200795
2024-11-04 00:00:00+00:00,15631827.305200795
2024-11-05 00:00:00+00:00,15631827.305200795
2024-11-06 00:00:00+00:00,15631827.305200795
2024-11-07 00:00:00+00:00,15631827.305200795
2024-11-08 00:00:00+00:00,15631827.305200795
2024-11-11 00:00:00+00:00,15631827.305200795
2024-11-12 00:00:00+00:00,15631827.305200795
2024-11-13 00:00:00+00:00,15631827.305200795
2024-11-14 00:00:00+00:00,15631827.305200795
2024-11-15 00:00:00+00:00,15631827.305200795
2024-11-18 00:00:00+00:00,15631827.305200795
2024-11-19 00:00:00+00:00,15631827.305200795
2024-11-20 00:00:00+00:00,15631827.305200795
2024-11-21 00:00:00+00:00,15631827.305200795
2024-11-22 00:00:00+00:00,15631827.305200795
2024-11-25 00:00:00+00:00,15631827.305200795
2024-11-26 00:00:00+00:00,15631827.305200795
2024-11-27 00:00:00+00:00,15631827.305200795
2024-11-28 00:00:00+00:00,15631827.305200795
2024-11-29 00:00:00+00:00,15631827.305200795
2024-12-02 00:00:00+00:00,15631827.305200795
2024-12-03 00:00:00+00:00,15631827.305200795
2024-12-04 00:00:00+00:00,15631827.305200795
2024-12-05 00:00:00+00:00,15631827.305200795
2024-12-06 00:00:00+00:00,15631827.305200795
2024-12-09 00:00:00+00:00,15631827.305200795
2024-12-10 00:00:00+00:00,15631827.305200795
2024-12-11 00:00:00+00:00,15631827.305200795
2024-12-12 00:00:00+00:00,15631827.305200795
2024-12-13 00:00:00+00:00,15631827.305200795
2024-12-16 00:00:00+00:00,15631827.305200795
2024-12-17 00:00:00+00:00,15631827.305200795
2024-12-18 00:00:00+00:00,15631827.305200795
2024-12-19 00:00:00+00:00,15631827.305200795
2024-12-20 00:00:00+00:00,15631827.305200795
2024-12-23 00:00:00+00:00,15631827.305200795
2024-12-24 00:00:00+00:00,15631827.305200795
2024-12-26 00:00:00+00:00,15631827.305200795
2024-12-27 00:00:00+00:00,15631827.305200795
2024-12-30 00:00:00+00:00,15631827.305200795
2024-12-31 00:00:00+00:00,15631827.305200795
